run,dataset,num_neighbors,removal,pqr,all_data_hamm_loss,all_data_zero_loss,removed_data_hamm_loss,removed_data_zero_loss
0,Family,5,0,0_0_0,0.282453245324532,1,,
0,Family,10,0,0_0_0,0.292354235423542,1,,
0,Family,15,0,0_0_0,0.285478547854785,1,,
0,Family,20,0,0_0_0,0.290704070407041,1,,
0,Family,25,0,0_0_0,0.282453245324532,1,,
0,Family,5,0,0_0_1,0.155390539053905,0.881188118811881,,
0,Family,10,0,0_0_1,0.157315731573157,0.900990099009901,,
0,Family,15,0,0_0_1,0.155940594059406,0.905940594059406,,
0,Family,20,0,0_0_1,0.157040704070407,0.910891089108911,,
0,Family,25,0,0_0_1,0.15951595159516,0.891089108910891,,
0,Family,5,0,0_1_0,0.148514851485149,0.881188118811881,,
0,Family,10,0,0_1_0,0.150990099009901,0.886138613861386,,
0,Family,15,0,0_1_0,0.153190319031903,0.886138613861386,,
0,Family,20,0,0_1_0,0.152640264026403,0.896039603960396,,
0,Family,25,0,0_1_0,0.154565456545655,0.886138613861386,,
0,Family,5,0,1_0_0,0.512376237623762,1,,
0,Family,10,0,1_0_0,0.505500550055005,1,,
0,Family,15,0,1_0_0,0.506050605060506,1,,
0,Family,20,0,1_0_0,0.521727172717272,1,,
0,Family,25,0,1_0_0,0.518976897689769,1,,
0,Family,5,0,1_1_1,0.661716171617162,1,,
0,Family,10,0,1_1_1,0.662541254125413,1,,
0,Family,15,0,1_1_1,0.678767876787679,1,,
0,Family,20,0,1_1_1,0.676017601760176,1,,
0,Family,25,0,1_1_1,0.664741474147415,1,,
0,Family,5,5,0_0_0,0.316831683168317,1,0.310606060606061,1
0,Family,10,5,0_0_0,0.327557755775578,1,0.325757575757576,1
0,Family,15,5,0_0_0,0.332233223322332,1,0.323232323232323,1
0,Family,20,5,0_0_0,0.329207920792079,1,0.323232323232323,1
0,Family,25,5,0_0_0,0.32975797579758,1,0.330808080808081,1
0,Family,5,5,0_0_1,0.176017601760176,0.96039603960396,0.202020202020202,1
0,Family,10,5,0_0_1,0.163916391639164,0.945544554455445,0.179292929292929,0.954545454545455
0,Family,15,5,0_0_1,0.158965896589659,0.920792079207921,0.179292929292929,0.954545454545455
0,Family,20,5,0_0_1,0.16034103410341,0.945544554455445,0.181818181818182,0.954545454545455
0,Family,25,5,0_0_1,0.163641364136414,0.920792079207921,0.176767676767677,1
0,Family,5,5,0_1_0,0.191694169416942,0.920792079207921,0.22979797979798,0.954545454545455
0,Family,10,5,0_1_0,0.176567656765677,0.910891089108911,0.212121212121212,0.954545454545455
0,Family,15,5,0_1_0,0.16996699669967,0.905940594059406,0.194444444444444,1
0,Family,20,5,0_1_0,0.17986798679868,0.915841584158416,0.23989898989899,1
0,Family,25,5,0_1_0,0.175467546754675,0.896039603960396,0.204545454545455,0.909090909090909
0,Family,5,5,1_0_0,0.48982398239824,1,0.537878787878788,1
0,Family,10,5,1_0_0,0.493674367436744,1,0.542929292929293,1
0,Family,15,5,1_0_0,0.48047304730473,1,0.527777777777778,1
0,Family,20,5,1_0_0,0.505225522552255,1,0.563131313131313,1
0,Family,25,5,1_0_0,0.505775577557756,1,0.545454545454545,1
0,Family,5,5,1_1_1,0.386688668866887,1,0.393939393939394,1
0,Family,10,5,1_1_1,0.369086908690869,1,0.373737373737374,1
0,Family,15,5,1_1_1,0.382288228822882,1,0.391414141414141,1
0,Family,20,5,1_1_1,0.378437843784378,1,0.386363636363636,1
0,Family,25,5,1_1_1,0.388063806380638,1,0.396464646464646,1
0,Family,5,10,0_0_0,0.347634763476348,1,0.380246913580247,1
0,Family,10,10,0_0_0,0.350935093509351,1,0.385185185185185,1
0,Family,15,10,0_0_0,0.351485148514851,1,0.383950617283951,1
0,Family,20,10,0_0_0,0.351210121012101,1,0.383950617283951,1
0,Family,25,10,0_0_0,0.3501100110011,1,0.383950617283951,1
0,Family,5,10,0_0_1,0.179317931793179,0.95049504950495,0.24320987654321,1
0,Family,10,10,0_0_1,0.174917491749175,0.900990099009901,0.232098765432099,0.955555555555556
0,Family,15,10,0_0_1,0.169141914191419,0.905940594059406,0.222222222222222,1
0,Family,20,10,0_0_1,0.172442244224422,0.896039603960396,0.218518518518519,0.955555555555556
0,Family,25,10,0_0_1,0.174367436743674,0.915841584158416,0.22962962962963,1
0,Family,5,10,0_1_0,0.177117711771177,0.920792079207921,0.220987654320988,0.955555555555556
0,Family,10,10,0_1_0,0.18041804180418,0.910891089108911,0.225925925925926,1
0,Family,15,10,0_1_0,0.177942794279428,0.905940594059406,0.222222222222222,0.977777777777778
0,Family,20,10,0_1_0,0.16969196919692,0.900990099009901,0.212345679012346,0.955555555555556
0,Family,25,10,0_1_0,0.173542354235424,0.896039603960396,0.217283950617284,0.955555555555556
0,Family,5,10,1_0_0,0.577282728272827,1,0.55679012345679,1
0,Family,10,10,1_0_0,0.6001100110011,1,0.561728395061728,1
0,Family,15,10,1_0_0,0.599284928492849,1,0.566666666666667,1
0,Family,20,10,1_0_0,0.60973597359736,1,0.581481481481482,1
0,Family,25,10,1_0_0,0.602035203520352,1,0.569135802469136,1
0,Family,5,10,1_1_1,0.367436743674367,1,0.402469135802469,1
0,Family,10,10,1_1_1,0.373212321232123,1,0.401234567901235,1
0,Family,15,10,1_1_1,0.378162816281628,1,0.411111111111111,1
0,Family,20,10,1_1_1,0.370737073707371,1,0.401234567901235,1
0,Family,25,10,1_1_1,0.378987898789879,1,0.409876543209877,1
0,Family,5,15,0_0_0,0.323157315731573,1,0.35663082437276,1
0,Family,10,15,0_0_0,0.333883388338834,1,0.362903225806452,1
0,Family,15,15,0_0_0,0.333608360836084,1,0.367383512544803,1
0,Family,20,15,0_0_0,0.327282728272827,1,0.364695340501792,1
0,Family,25,15,0_0_0,0.327007700770077,1,0.362007168458781,1
0,Family,5,15,0_0_1,0.188118811881188,0.945544554455445,0.227598566308244,1
0,Family,10,15,0_0_1,0.18014301430143,0.910891089108911,0.217741935483871,0.983870967741935
0,Family,15,15,0_0_1,0.181518151815182,0.905940594059406,0.21594982078853,0.967741935483871
0,Family,20,15,0_0_1,0.180968096809681,0.925742574257426,0.212365591397849,1
0,Family,25,15,0_0_1,0.178492849284929,0.915841584158416,0.209677419354839,0.983870967741935
0,Family,5,15,0_1_0,0.232123212321232,0.985148514851485,0.264336917562724,1
0,Family,10,15,0_1_0,0.233223322332233,0.99009900990099,0.270609318996416,1
0,Family,15,15,0_1_0,0.226622662266227,0.985148514851485,0.255376344086021,1
0,Family,20,15,0_1_0,0.226072607260726,0.99009900990099,0.262544802867383,1
0,Family,25,15,0_1_0,0.224972497249725,0.985148514851485,0.252688172043011,1
0,Family,5,15,1_0_0,0.532178217821782,1,0.530465949820789,1
0,Family,10,15,1_0_0,0.526677667766777,1,0.525985663082437,1
0,Family,15,15,1_0_0,0.556105610561056,1,0.550179211469534,1
0,Family,20,15,1_0_0,0.543179317931793,1,0.529569892473118,1
0,Family,25,15,1_0_0,0.567106710671067,1,0.564516129032258,1
0,Family,5,15,1_1_1,0.440594059405941,1,0.485663082437276,1
0,Family,10,15,1_1_1,0.416666666666667,1,0.452508960573477,1
0,Family,15,15,1_1_1,0.419416941694169,1,0.462365591397849,1
0,Family,20,15,1_1_1,0.41996699669967,1,0.477598566308244,1
0,Family,25,15,1_1_1,0.423817381738174,1,0.474910394265233,1
0,Family,5,20,0_0_0,0.333058305830583,1,0.383468834688347,1
0,Family,10,20,0_0_0,0.331958195819582,1,0.384146341463415,1
0,Family,15,20,0_0_0,0.338008800880088,1,0.387533875338753,1
0,Family,20,20,0_0_0,0.34020902090209,1,0.389566395663957,1
0,Family,25,20,0_0_0,0.341309130913091,1,0.386856368563686,1
0,Family,5,20,0_0_1,0.183993399339934,0.910891089108911,0.233739837398374,0.963414634146341
0,Family,10,20,0_0_1,0.184268426842684,0.910891089108911,0.240514905149051,0.98780487804878
0,Family,15,20,0_0_1,0.184268426842684,0.925742574257426,0.233062330623306,0.98780487804878
0,Family,20,20,0_0_1,0.192519251925193,0.905940594059406,0.249322493224932,0.951219512195122
0,Family,25,20,0_0_1,0.193069306930693,0.910891089108911,0.248644986449864,0.963414634146341
0,Family,5,20,0_1_0,0.212046204620462,0.935643564356436,0.273712737127371,0.98780487804878
0,Family,10,20,0_1_0,0.202145214521452,0.915841584158416,0.267615176151761,0.975609756097561
0,Family,15,20,0_1_0,0.199394939493949,0.920792079207921,0.2710027100271,0.98780487804878
0,Family,20,20,0_1_0,0.188668866886689,0.905940594059406,0.252710027100271,0.975609756097561
0,Family,25,20,0_1_0,0.197469746974697,0.930693069306931,0.258807588075881,1
0,Family,5,20,1_0_0,0.410616061606161,1,0.421409214092141,1
0,Family,10,20,1_0_0,0.44031903190319,1,0.455284552845528,1
0,Family,15,20,1_0_0,0.434543454345435,1,0.446476964769648,1
0,Family,20,20,1_0_0,0.431243124312431,1,0.453929539295393,1
0,Family,25,20,1_0_0,0.430693069306931,1,0.449864498644986,1
0,Family,5,20,1_1_1,0.416666666666667,1,0.439024390243902,1
0,Family,10,20,1_1_1,0.421342134213421,1,0.43360433604336,1
0,Family,15,20,1_1_1,0.415016501650165,1,0.426829268292683,1
0,Family,20,20,1_1_1,0.414466446644664,1,0.430216802168022,1
0,Family,25,20,1_1_1,0.407040704070407,1,0.43360433604336,1
0,Family,5,25,0_0_0,0.331958195819582,1,0.38265306122449,1
0,Family,10,25,0_0_0,0.332508250825082,1,0.376984126984127,1
0,Family,15,25,0_0_0,0.336633663366337,1,0.380952380952381,1
0,Family,20,25,0_0_0,0.342409240924092,1,0.388888888888889,1
0,Family,25,25,0_0_0,0.33993399339934,1,0.38265306122449,1
0,Family,5,25,0_0_1,0.225522552255225,0.95049504950495,0.278344671201814,0.989795918367347
0,Family,10,25,0_0_1,0.218646864686469,0.940594059405941,0.271541950113379,0.979591836734694
0,Family,15,25,0_0_1,0.216996699669967,0.940594059405941,0.265873015873016,0.989795918367347
0,Family,20,25,0_0_1,0.215346534653465,0.940594059405941,0.268707482993197,0.989795918367347
0,Family,25,25,0_0_1,0.214246424642464,0.940594059405941,0.263038548752834,0.989795918367347
0,Family,5,25,0_1_0,0.211496149614961,0.900990099009901,0.25907029478458,0.979591836734694
0,Family,10,25,0_1_0,0.214796479647965,0.910891089108911,0.263605442176871,0.989795918367347
0,Family,15,25,0_1_0,0.214521452145214,0.910891089108911,0.26530612244898,0.989795918367347
0,Family,20,25,0_1_0,0.214796479647965,0.915841584158416,0.264172335600907,0.979591836734694
0,Family,25,25,0_1_0,0.211771177117712,0.930693069306931,0.260204081632653,0.989795918367347
0,Family,5,25,1_0_0,0.417766776677668,1,0.413832199546485,1
0,Family,10,25,1_0_0,0.417216721672167,1,0.418934240362812,1
0,Family,15,25,1_0_0,0.422717271727173,1,0.426303854875283,1
0,Family,20,25,1_0_0,0.407590759075908,1,0.409863945578231,1
0,Family,25,25,1_0_0,0.409240924092409,1,0.412698412698413,1
0,Family,5,25,1_1_1,0.54042904290429,1,0.532312925170068,1
0,Family,10,25,1_1_1,0.542079207920792,1,0.542517006802721,1
0,Family,15,25,1_1_1,0.534653465346535,1,0.537414965986395,1
0,Family,20,25,1_1_1,0.553080308030803,1,0.544784580498866,1
0,Family,25,25,1_1_1,0.546479647964796,1,0.543650793650794,1
0,Family,5,30,0_0_0,0.348734873487349,1,0.391865079365079,1
0,Family,10,30,0_0_0,0.354510451045105,1,0.396329365079365,1
0,Family,15,30,0_0_0,0.353135313531353,1,0.395337301587302,1
0,Family,20,30,0_0_0,0.35038503850385,1,0.391865079365079,1
0,Family,25,30,0_0_0,0.354510451045105,1,0.396329365079365,1
0,Family,5,30,0_0_1,0.207095709570957,0.95049504950495,0.249503968253968,0.991071428571429
0,Family,10,30,0_0_1,0.207370737073707,0.940594059405941,0.254960317460317,0.991071428571429
0,Family,15,30,0_0_1,0.213421342134213,0.930693069306931,0.263888888888889,0.991071428571429
0,Family,20,30,0_0_1,0.207645764576458,0.940594059405941,0.253472222222222,1
0,Family,25,30,0_0_1,0.207645764576458,0.935643564356436,0.25297619047619,1
0,Family,5,30,0_1_0,0.215896589658966,0.955445544554455,0.25,0.982142857142857
0,Family,10,30,0_1_0,0.214796479647965,0.955445544554455,0.254464285714286,0.991071428571429
0,Family,15,30,0_1_0,0.208745874587459,0.96039603960396,0.249503968253968,0.991071428571429
0,Family,20,30,0_1_0,0.212321232123212,0.95049504950495,0.253472222222222,0.991071428571429
0,Family,25,30,0_1_0,0.20984598459846,0.945544554455445,0.249503968253968,0.991071428571429
0,Family,5,30,1_0_0,0.352035203520352,1,0.356150793650794,1
0,Family,10,30,1_0_0,0.344884488448845,1,0.345734126984127,1
0,Family,15,30,1_0_0,0.345984598459846,1,0.355654761904762,1
0,Family,20,30,1_0_0,0.344609460946095,1,0.351686507936508,1
0,Family,25,30,1_0_0,0.364961496149615,1,0.374503968253968,1
0,Family,5,30,1_1_1,0.348459845984598,1,0.391369047619048,1
0,Family,10,30,1_1_1,0.338558855885589,1,0.385416666666667,1
0,Family,15,30,1_1_1,0.344609460946095,1,0.390873015873016,1
0,Family,20,30,1_1_1,0.342684268426843,1,0.38640873015873,1
0,Family,25,30,1_1_1,0.343784378437844,1,0.386904761904762,1
0,Family,5,35,0_0_0,0.348734873487349,1,0.39326334208224,1
0,Family,10,35,0_0_0,0.3501100110011,1,0.39326334208224,1
0,Family,15,35,0_0_0,0.353685368536854,1,0.39676290463692,1
0,Family,20,35,0_0_0,0.352310231023102,1,0.39413823272091,1
0,Family,25,35,0_0_0,0.352585258525853,1,0.394575678040245,1
0,Family,5,35,0_0_1,0.21974697469747,0.97029702970297,0.257217847769029,0.992125984251969
0,Family,10,35,0_0_1,0.218921892189219,0.97029702970297,0.252843394575678,0.992125984251969
0,Family,15,35,0_0_1,0.222497249724973,0.945544554455445,0.259842519685039,0.984251968503937
0,Family,20,35,0_0_1,0.216446644664466,0.965346534653465,0.255905511811024,1
0,Family,25,35,0_0_1,0.214796479647965,0.985148514851485,0.253718285214348,0.992125984251969
0,Family,5,35,0_1_0,0.22002200220022,0.96039603960396,0.259405074365704,1
0,Family,10,35,0_1_0,0.214246424642464,0.975247524752475,0.252405949256343,1
0,Family,15,35,0_1_0,0.216721672167217,0.965346534653465,0.255468066491688,1
0,Family,20,35,0_1_0,0.216996699669967,0.96039603960396,0.255905511811024,1
0,Family,25,35,0_1_0,0.221947194719472,0.965346534653465,0.26246719160105,1
0,Family,5,35,1_0_0,0.43949394939494,1,0.434820647419073,1
0,Family,10,35,1_0_0,0.448844884488449,1,0.444881889763779,1
0,Family,15,35,1_0_0,0.457095709570957,1,0.457130358705162,1
0,Family,20,35,1_0_0,0.461771177117712,1,0.461942257217848,1
0,Family,25,35,1_0_0,0.441694169416942,1,0.443132108486439,1
0,Family,5,35,1_1_1,0.403190319031903,1,0.425196850393701,1
0,Family,10,35,1_1_1,0.404015401540154,1,0.432633420822397,1
0,Family,15,35,1_1_1,0.405940594059406,1,0.428258967629046,1
0,Family,20,35,1_1_1,0.390814081408141,1,0.416885389326334,1
0,Family,25,35,1_1_1,0.391089108910891,1,0.416447944006999,1
0,Family,5,40,0_0_0,0.343784378437844,0.995049504950495,0.386401326699834,1
0,Family,10,40,0_0_0,0.347359735973597,0.995049504950495,0.390961857379768,0.992537313432836
0,Family,15,40,0_0_0,0.3501100110011,1,0.392205638474295,1
0,Family,20,40,0_0_0,0.34983498349835,1,0.391791044776119,1
0,Family,25,40,0_0_0,0.351210121012101,1,0.393864013266998,1
0,Family,5,40,0_0_1,0.246699669966997,0.98019801980198,0.286484245439469,1
0,Family,10,40,0_0_1,0.244499449944994,1,0.282338308457711,1
0,Family,15,40,0_0_1,0.251375137513751,0.99009900990099,0.291044776119403,1
0,Family,20,40,0_0_1,0.248624862486249,0.985148514851485,0.285240464344942,0.992537313432836
0,Family,25,40,0_0_1,0.246149614961496,0.99009900990099,0.287728026533997,1
0,Family,5,40,0_1_0,0.24009900990099,0.985148514851485,0.278606965174129,1
0,Family,10,40,0_1_0,0.242574257425743,0.975247524752475,0.283996683250415,1
0,Family,15,40,0_1_0,0.234873487348735,0.96039603960396,0.282752902155887,1
0,Family,20,40,0_1_0,0.237623762376238,0.965346534653465,0.283996683250415,0.992537313432836
0,Family,25,40,0_1_0,0.235698569856986,0.96039603960396,0.283582089552239,1
0,Family,5,40,1_0_0,0.630638063806381,1,0.588308457711443,1
0,Family,10,40,1_0_0,0.635313531353135,1,0.591625207296849,1
0,Family,15,40,1_0_0,0.635038503850385,1,0.595356550580431,1
0,Family,20,40,1_0_0,0.634213421342134,1,0.593283582089552,1
0,Family,25,40,1_0_0,0.638338833883388,1,0.598258706467662,1
0,Family,5,40,1_1_1,0.615511551155115,1,0.61028192371476,1
0,Family,10,40,1_1_1,0.606710671067107,1,0.599502487562189,1
0,Family,15,40,1_1_1,0.616061606160616,1,0.612354892205638,1
0,Family,20,40,1_1_1,0.624037403740374,1,0.615257048092869,1
0,Family,25,40,1_1_1,0.635313531353135,1,0.628524046434494,1
0,Family,5,45,0_0_0,0.34048404840484,1,0.377934272300469,1
0,Family,10,45,0_0_0,0.341309130913091,1,0.378325508607199,1
0,Family,15,45,0_0_0,0.345159515951595,1,0.38302034428795,1
0,Family,20,45,0_0_0,0.342409240924092,0.995049504950495,0.379499217527386,1
0,Family,25,45,0_0_0,0.33965896589659,1,0.376760563380282,1
0,Family,5,45,0_0_1,0.320957095709571,1,0.334507042253521,1
0,Family,10,45,0_0_1,0.319031903190319,1,0.331377151799687,1
0,Family,15,45,0_0_1,0.307205720572057,1,0.315336463223787,1
0,Family,20,45,0_0_1,0.30968096809681,1,0.318075117370892,1
0,Family,25,45,0_0_1,0.306655665566557,1,0.314162754303599,1
0,Family,5,45,0_1_0,0.252750275027503,0.98019801980198,0.284820031298905,1
0,Family,10,45,0_1_0,0.222772277227723,0.98019801980198,0.253912363067293,0.992957746478873
0,Family,15,45,0_1_0,0.21974697469747,0.985148514851485,0.250782472613459,1
0,Family,20,45,0_1_0,0.218921892189219,0.98019801980198,0.247261345852895,0.985915492957746
0,Family,25,45,0_1_0,0.216996699669967,0.975247524752475,0.246478873239437,0.97887323943662
0,Family,5,45,1_0_0,0.624587458745875,1,0.588810641627543,1
0,Family,10,45,1_0_0,0.635038503850385,1,0.596244131455399,1
0,Family,15,45,1_0_0,0.637788778877888,1,0.600156494522692,1
0,Family,20,45,1_0_0,0.633938393839384,1,0.597026604068858,1
0,Family,25,45,1_0_0,0.633113311331133,1,0.596635367762128,1
0,Family,5,45,1_1_1,0.385863586358636,1,0.41471048513302,1
0,Family,10,45,1_1_1,0.396039603960396,1,0.42527386541471,1
0,Family,15,45,1_1_1,0.377887788778878,1,0.410015649452269,1
0,Family,20,45,1_1_1,0.393839383938394,1,0.422926447574335,1
0,Family,25,45,1_1_1,0.39026402640264,1,0.415492957746479,1
0,Family,5,50,0_0_0,0.317931793179318,0.99009900990099,0.356823266219239,1
0,Family,10,50,0_0_0,0.322057205720572,0.99009900990099,0.361297539149888,1
0,Family,15,50,0_0_0,0.329207920792079,0.99009900990099,0.368381804623415,0.993288590604027
0,Family,20,50,0_0_0,0.324257425742574,0.99009900990099,0.362043251304996,1
0,Family,25,50,0_0_0,0.328382838283828,0.995049504950495,0.364653243847875,1
0,Family,5,50,0_0_1,0.266226622662266,0.97029702970297,0.30089485458613,1
0,Family,10,50,0_0_1,0.272277227722772,0.985148514851485,0.306487695749441,0.993288590604027
0,Family,15,50,0_0_1,0.278327832783278,0.99009900990099,0.313944817300522,1
0,Family,20,50,0_0_1,0.276127612761276,0.97029702970297,0.315809097688292,0.993288590604027
0,Family,25,50,0_0_1,0.275302530253025,0.98019801980198,0.313571961222968,1
0,Family,5,50,0_1_0,0.278327832783278,0.98019801980198,0.315809097688292,1
0,Family,10,50,0_1_0,0.276402640264026,0.98019801980198,0.315063385533184,0.993288590604027
0,Family,15,50,0_1_0,0.275577557755776,0.98019801980198,0.313199105145414,1
0,Family,20,50,0_1_0,0.274752475247525,0.985148514851485,0.313944817300522,1
0,Family,25,50,0_1_0,0.272552255225523,0.965346534653465,0.310961968680089,0.986577181208054
0,Family,5,50,1_0_0,0.545654565456546,1,0.531692766592095,1
0,Family,10,50,1_0_0,0.545379537953795,1,0.534302759134974,1
0,Family,15,50,1_0_0,0.547854785478548,1,0.536167039522744,1
0,Family,20,50,1_0_0,0.574532453245325,1,0.557046979865772,1
0,Family,25,50,1_0_0,0.565181518151815,1,0.548844146159582,1
0,Family,5,50,1_1_1,0.489273927392739,1,0.508575689783743,1
0,Family,10,50,1_1_1,0.514301430143014,1,0.530947054436987,1
0,Family,15,50,1_1_1,0.504125412541254,1,0.524235645041014,1
0,Family,20,50,1_1_1,0.487073707370737,1,0.508948545861298,1
0,Family,25,50,1_1_1,0.497524752475248,1,0.514541387024608,1
0,Family,5,55,0_0_0,0.338833883388339,1,0.372011251758087,1
0,Family,10,55,0_0_0,0.346534653465346,1,0.380450070323488,1
0,Family,15,55,0_0_0,0.348734873487349,1,0.382208157524613,1
0,Family,20,55,0_0_0,0.348184818481848,1,0.381153305203938,1
0,Family,25,55,0_0_0,0.351210121012101,1,0.384317862165963,1
0,Family,5,55,0_0_1,0.26980198019802,0.99009900990099,0.29817158931083,1
0,Family,10,55,0_0_1,0.266776677667767,0.975247524752475,0.29535864978903,1
0,Family,15,55,0_0_1,0.276127612761276,0.99009900990099,0.30239099859353,1
0,Family,20,55,0_0_1,0.275302530253025,0.995049504950495,0.304852320675105,1
0,Family,25,55,0_0_1,0.276677667766777,0.99009900990099,0.307665260196906,1
0,Family,5,55,0_1_0,0.272827282728273,0.98019801980198,0.306610407876231,1
0,Family,10,55,0_1_0,0.276127612761276,0.985148514851485,0.309071729957806,1
0,Family,15,55,0_1_0,0.274752475247525,0.97029702970297,0.311884669479606,0.993670886075949
0,Family,20,55,0_1_0,0.284928492849285,0.975247524752475,0.319268635724332,0.993670886075949
0,Family,25,55,0_1_0,0.286028602860286,0.975247524752475,0.319268635724332,0.993670886075949
0,Family,5,55,1_0_0,0.550880088008801,1,0.541139240506329,1
0,Family,10,55,1_0_0,0.545104510451045,1,0.539029535864979,1
0,Family,15,55,1_0_0,0.541804180418042,1,0.538326300984529,1
0,Family,20,55,1_0_0,0.538503850385038,1,0.534106891701828,1
0,Family,25,55,1_0_0,0.547029702970297,1,0.543248945147679,1
0,Family,5,55,1_1_1,0.460671067106711,1,0.462025316455696,1
0,Family,10,55,1_1_1,0.444444444444444,1,0.439170182841069,1
0,Family,15,55,1_1_1,0.445544554455446,1,0.441983122362869,1
0,Family,20,55,1_1_1,0.451870187018702,1,0.44620253164557,1
0,Family,25,55,1_1_1,0.444719471947195,1,0.440576652601969,1
0,Family,5,60,0_0_0,0.341309130913091,1,0.371056241426612,1
0,Family,10,60,0_0_0,0.342684268426843,1,0.371742112482853,1
0,Family,15,60,0_0_0,0.351760176017602,1,0.380315500685871,1
0,Family,20,60,0_0_0,0.352310231023102,1,0.380315500685871,1
0,Family,25,60,0_0_0,0.351485148514851,1,0.380315500685871,1
0,Family,5,60,0_0_1,0.295654565456546,0.99009900990099,0.328875171467764,1
0,Family,10,60,0_0_1,0.287128712871287,0.985148514851485,0.319615912208505,0.993827160493827
0,Family,15,60,0_0_1,0.296204620462046,0.985148514851485,0.328532235939643,0.993827160493827
0,Family,20,60,0_0_1,0.294279427942794,0.98019801980198,0.324074074074074,0.981481481481482
0,Family,25,60,0_0_1,0.294279427942794,0.98019801980198,0.324759945130315,1
0,Family,5,60,0_1_0,0.292629262926293,0.98019801980198,0.324759945130315,1
0,Family,10,60,0_1_0,0.300605060506051,0.99009900990099,0.333333333333333,1
0,Family,15,60,0_1_0,0.28960396039604,0.985148514851485,0.32201646090535,1
0,Family,20,60,0_1_0,0.303355335533553,1,0.333676268861454,1
0,Family,25,60,0_1_0,0.297854785478548,0.995049504950495,0.330246913580247,1
0,Family,5,60,1_0_0,0.519526952695269,1,0.515775034293553,1
0,Family,10,60,1_0_0,0.531078107810781,1,0.52880658436214,1
0,Family,15,60,1_0_0,0.533828382838284,1,0.532921810699588,1
0,Family,20,60,1_0_0,0.528327832783278,1,0.525377229080933,1
0,Family,25,60,1_0_0,0.539328932893289,1,0.539437585733882,1
0,Family,5,60,1_1_1,0.485423542354235,1,0.505144032921811,1
0,Family,10,60,1_1_1,0.49037403740374,1,0.508573388203018,1
0,Family,15,60,1_1_1,0.490649064906491,1,0.507544581618656,1
0,Family,20,60,1_1_1,0.484873487348735,1,0.503772290809328,1
0,Family,25,60,1_1_1,0.487623762376238,1,0.505486968449931,1
0,Family,5,65,0_0_0,0.350660066006601,1,0.375992063492063,1
0,Family,10,65,0_0_0,0.350935093509351,1,0.375992063492063,1
0,Family,15,65,0_0_0,0.353135313531353,1,0.378637566137566,1
0,Family,20,65,0_0_0,0.352585258525853,1,0.377314814814815,1
0,Family,25,65,0_0_0,0.353685368536854,1,0.378306878306878,1
0,Family,5,65,0_0_1,0.3003300330033,1,0.326388888888889,1
0,Family,10,65,0_0_1,0.286853685368537,1,0.313161375661376,1
0,Family,15,65,0_0_1,0.282453245324532,1,0.307208994708995,1
0,Family,20,65,0_0_1,0.282728272827283,1,0.308201058201058,1
0,Family,25,65,0_0_1,0.275577557755776,1,0.298611111111111,1
0,Family,5,65,0_1_0,0.315731573157316,1,0.338955026455026,1
0,Family,10,65,0_1_0,0.30995599559956,0.995049504950495,0.333333333333333,1
0,Family,15,65,0_1_0,0.3003300330033,0.995049504950495,0.322420634920635,1
0,Family,20,65,0_1_0,0.295654565456546,1,0.318121693121693,1
0,Family,25,65,0_1_0,0.303355335533553,1,0.32771164021164,1
0,Family,5,65,1_0_0,0.501100110011001,1,0.500330687830688,1
0,Family,10,65,1_0_0,0.503575357535754,1,0.502645502645503,1
0,Family,15,65,1_0_0,0.508800880088009,1,0.511574074074074,1
0,Family,20,65,1_0_0,0.503025302530253,1,0.503968253968254,1
0,Family,25,65,1_0_0,0.511826182618262,1,0.514880952380952,1
0,Family,5,65,1_1_1,0.480748074807481,1,0.488425925925926,1
0,Family,10,65,1_1_1,0.468646864686469,1,0.480489417989418,1
0,Family,15,65,1_1_1,0.486523652365237,1,0.500661375661376,1
0,Family,20,65,1_1_1,0.471397139713971,1,0.485780423280423,1
0,Family,25,65,1_1_1,0.481573157315732,1,0.491071428571429,1
0,Family,5,70,0_0_0,0.349284928492849,1,0.37015873015873,1
0,Family,10,70,0_0_0,0.352585258525853,1,0.374603174603175,1
0,Family,15,70,0_0_0,0.353135313531353,1,0.374603174603175,1
0,Family,20,70,0_0_0,0.354785478547855,1,0.376507936507936,1
0,Family,25,70,0_0_0,0.355335533553355,1,0.377142857142857,1
0,Family,5,70,0_0_1,0.318481848184818,0.995049504950495,0.34031746031746,0.994285714285714
0,Family,10,70,0_0_1,0.323707370737074,1,0.345714285714286,1
0,Family,15,70,0_0_1,0.315181518151815,1,0.336507936507936,1
0,Family,20,70,0_0_1,0.317931793179318,1,0.338412698412698,1
0,Family,25,70,0_0_1,0.316831683168317,1,0.337460317460317,1
0,Family,5,70,0_1_0,0.321507150715072,1,0.338095238095238,1
0,Family,10,70,0_1_0,0.33003300330033,1,0.347619047619048,1
0,Family,15,70,0_1_0,0.305830583058306,0.995049504950495,0.328253968253968,1
0,Family,20,70,0_1_0,0.311606160616062,1,0.332698412698413,1
0,Family,25,70,0_1_0,0.313256325632563,1,0.333015873015873,1
0,Family,5,70,1_0_0,0.593784378437844,1,0.578095238095238,1
0,Family,10,70,1_0_0,0.601210121012101,1,0.586984126984127,1
0,Family,15,70,1_0_0,0.605060506050605,1,0.588888888888889,1
0,Family,20,70,1_0_0,0.607810781078108,1,0.593650793650794,1
0,Family,25,70,1_0_0,0.606985698569857,1,0.591111111111111,1
0,Family,5,70,1_1_1,0.533553355335534,1,0.526666666666667,1
0,Family,10,70,1_1_1,0.556380638063806,1,0.546349206349206,1
0,Family,15,70,1_1_1,0.551980198019802,1,0.539365079365079,1
0,Family,20,70,1_1_1,0.560506050605061,1,0.546666666666667,1
0,Family,25,70,1_1_1,0.554730473047305,1,0.544126984126984,1
1,Family,5,0,0_0_0,0.282453245324532,1,,
1,Family,10,0,0_0_0,0.292354235423542,1,,
1,Family,15,0,0_0_0,0.285478547854785,1,,
1,Family,20,0,0_0_0,0.290704070407041,1,,
1,Family,25,0,0_0_0,0.282453245324532,1,,
1,Family,5,0,0_0_1,0.155390539053905,0.881188118811881,,
1,Family,10,0,0_0_1,0.157315731573157,0.900990099009901,,
1,Family,15,0,0_0_1,0.155940594059406,0.905940594059406,,
1,Family,20,0,0_0_1,0.157040704070407,0.910891089108911,,
1,Family,25,0,0_0_1,0.15951595159516,0.891089108910891,,
1,Family,5,0,0_1_0,0.148514851485149,0.881188118811881,,
1,Family,10,0,0_1_0,0.150990099009901,0.886138613861386,,
1,Family,15,0,0_1_0,0.153190319031903,0.886138613861386,,
1,Family,20,0,0_1_0,0.152640264026403,0.896039603960396,,
1,Family,25,0,0_1_0,0.154565456545655,0.886138613861386,,
1,Family,5,0,1_0_0,0.512376237623762,1,,
1,Family,10,0,1_0_0,0.505500550055005,1,,
1,Family,15,0,1_0_0,0.506050605060506,1,,
1,Family,20,0,1_0_0,0.521727172717272,1,,
1,Family,25,0,1_0_0,0.518976897689769,1,,
1,Family,5,0,1_1_1,0.661716171617162,1,,
1,Family,10,0,1_1_1,0.662541254125413,1,,
1,Family,15,0,1_1_1,0.678767876787679,1,,
1,Family,20,0,1_1_1,0.676017601760176,1,,
1,Family,25,0,1_1_1,0.664741474147415,1,,
1,Family,5,5,0_0_0,0.316006600660066,1,0.320707070707071,1
1,Family,10,5,0_0_0,0.313531353135314,1,0.315656565656566,1
1,Family,15,5,0_0_0,0.317931793179318,1,0.323232323232323,1
1,Family,20,5,0_0_0,0.31023102310231,1,0.310606060606061,1
1,Family,25,5,0_0_0,0.318206820682068,1,0.315656565656566,1
1,Family,5,5,0_0_1,0.176017601760176,0.96039603960396,0.202020202020202,1
1,Family,10,5,0_0_1,0.163916391639164,0.945544554455445,0.179292929292929,0.954545454545455
1,Family,15,5,0_0_1,0.158965896589659,0.920792079207921,0.179292929292929,0.954545454545455
1,Family,20,5,0_0_1,0.16034103410341,0.945544554455445,0.181818181818182,0.954545454545455
1,Family,25,5,0_0_1,0.163641364136414,0.920792079207921,0.176767676767677,1
1,Family,5,5,0_1_0,0.191694169416942,0.920792079207921,0.22979797979798,0.954545454545455
1,Family,10,5,0_1_0,0.176567656765677,0.910891089108911,0.212121212121212,0.954545454545455
1,Family,15,5,0_1_0,0.16996699669967,0.905940594059406,0.194444444444444,1
1,Family,20,5,0_1_0,0.17986798679868,0.915841584158416,0.23989898989899,1
1,Family,25,5,0_1_0,0.175467546754675,0.896039603960396,0.204545454545455,0.909090909090909
1,Family,5,5,1_0_0,0.48982398239824,1,0.537878787878788,1
1,Family,10,5,1_0_0,0.493674367436744,1,0.542929292929293,1
1,Family,15,5,1_0_0,0.48047304730473,1,0.527777777777778,1
1,Family,20,5,1_0_0,0.505225522552255,1,0.563131313131313,1
1,Family,25,5,1_0_0,0.505775577557756,1,0.545454545454545,1
1,Family,5,5,1_1_1,0.386688668866887,1,0.393939393939394,1
1,Family,10,5,1_1_1,0.369086908690869,1,0.373737373737374,1
1,Family,15,5,1_1_1,0.382288228822882,1,0.391414141414141,1
1,Family,20,5,1_1_1,0.378437843784378,1,0.386363636363636,1
1,Family,25,5,1_1_1,0.388063806380638,1,0.396464646464646,1
1,Family,5,10,0_0_0,0.347634763476348,1,0.380246913580247,1
1,Family,10,10,0_0_0,0.350935093509351,1,0.385185185185185,1
1,Family,15,10,0_0_0,0.351485148514851,1,0.383950617283951,1
1,Family,20,10,0_0_0,0.351210121012101,1,0.383950617283951,1
1,Family,25,10,0_0_0,0.3501100110011,1,0.383950617283951,1
1,Family,5,10,0_0_1,0.179317931793179,0.95049504950495,0.24320987654321,1
1,Family,10,10,0_0_1,0.174917491749175,0.900990099009901,0.232098765432099,0.955555555555556
1,Family,15,10,0_0_1,0.169141914191419,0.905940594059406,0.222222222222222,1
1,Family,20,10,0_0_1,0.172442244224422,0.896039603960396,0.218518518518519,0.955555555555556
1,Family,25,10,0_0_1,0.174367436743674,0.915841584158416,0.22962962962963,1
1,Family,5,10,0_1_0,0.177117711771177,0.920792079207921,0.220987654320988,0.955555555555556
1,Family,10,10,0_1_0,0.18041804180418,0.910891089108911,0.225925925925926,1
1,Family,15,10,0_1_0,0.177942794279428,0.905940594059406,0.222222222222222,0.977777777777778
1,Family,20,10,0_1_0,0.16969196919692,0.900990099009901,0.212345679012346,0.955555555555556
1,Family,25,10,0_1_0,0.173542354235424,0.896039603960396,0.217283950617284,0.955555555555556
1,Family,5,10,1_0_0,0.577282728272827,1,0.55679012345679,1
1,Family,10,10,1_0_0,0.6001100110011,1,0.561728395061728,1
1,Family,15,10,1_0_0,0.599284928492849,1,0.566666666666667,1
1,Family,20,10,1_0_0,0.60973597359736,1,0.581481481481482,1
1,Family,25,10,1_0_0,0.602035203520352,1,0.569135802469136,1
1,Family,5,10,1_1_1,0.367436743674367,1,0.402469135802469,1
1,Family,10,10,1_1_1,0.373212321232123,1,0.401234567901235,1
1,Family,15,10,1_1_1,0.378162816281628,1,0.411111111111111,1
1,Family,20,10,1_1_1,0.370737073707371,1,0.401234567901235,1
1,Family,25,10,1_1_1,0.378987898789879,1,0.409876543209877,1
1,Family,5,15,0_0_0,0.323157315731573,1,0.35663082437276,1
1,Family,10,15,0_0_0,0.333883388338834,1,0.362903225806452,1
1,Family,15,15,0_0_0,0.333608360836084,1,0.367383512544803,1
1,Family,20,15,0_0_0,0.327282728272827,1,0.364695340501792,1
1,Family,25,15,0_0_0,0.327007700770077,1,0.362007168458781,1
1,Family,5,15,0_0_1,0.188118811881188,0.945544554455445,0.227598566308244,1
1,Family,10,15,0_0_1,0.18014301430143,0.910891089108911,0.217741935483871,0.983870967741935
1,Family,15,15,0_0_1,0.181518151815182,0.905940594059406,0.21594982078853,0.967741935483871
1,Family,20,15,0_0_1,0.180968096809681,0.925742574257426,0.212365591397849,1
1,Family,25,15,0_0_1,0.178492849284929,0.915841584158416,0.209677419354839,0.983870967741935
1,Family,5,15,0_1_0,0.232123212321232,0.985148514851485,0.264336917562724,1
1,Family,10,15,0_1_0,0.233223322332233,0.99009900990099,0.270609318996416,1
1,Family,15,15,0_1_0,0.226622662266227,0.985148514851485,0.255376344086021,1
1,Family,20,15,0_1_0,0.226072607260726,0.99009900990099,0.262544802867383,1
1,Family,25,15,0_1_0,0.224972497249725,0.985148514851485,0.252688172043011,1
1,Family,5,15,1_0_0,0.532178217821782,1,0.530465949820789,1
1,Family,10,15,1_0_0,0.526677667766777,1,0.525985663082437,1
1,Family,15,15,1_0_0,0.556105610561056,1,0.550179211469534,1
1,Family,20,15,1_0_0,0.543179317931793,1,0.529569892473118,1
1,Family,25,15,1_0_0,0.567106710671067,1,0.564516129032258,1
1,Family,5,15,1_1_1,0.440594059405941,1,0.485663082437276,1
1,Family,10,15,1_1_1,0.416666666666667,1,0.452508960573477,1
1,Family,15,15,1_1_1,0.419416941694169,1,0.462365591397849,1
1,Family,20,15,1_1_1,0.41996699669967,1,0.477598566308244,1
1,Family,25,15,1_1_1,0.423817381738174,1,0.474910394265233,1
1,Family,5,20,0_0_0,0.333058305830583,1,0.383468834688347,1
1,Family,10,20,0_0_0,0.331958195819582,1,0.384146341463415,1
1,Family,15,20,0_0_0,0.338008800880088,1,0.387533875338753,1
1,Family,20,20,0_0_0,0.34020902090209,1,0.389566395663957,1
1,Family,25,20,0_0_0,0.341309130913091,1,0.386856368563686,1
1,Family,5,20,0_0_1,0.183993399339934,0.910891089108911,0.233739837398374,0.963414634146341
1,Family,10,20,0_0_1,0.184268426842684,0.910891089108911,0.240514905149051,0.98780487804878
1,Family,15,20,0_0_1,0.184268426842684,0.925742574257426,0.233062330623306,0.98780487804878
1,Family,20,20,0_0_1,0.192519251925193,0.905940594059406,0.249322493224932,0.951219512195122
1,Family,25,20,0_0_1,0.193069306930693,0.910891089108911,0.248644986449864,0.963414634146341
1,Family,5,20,0_1_0,0.212046204620462,0.935643564356436,0.273712737127371,0.98780487804878
1,Family,10,20,0_1_0,0.202145214521452,0.915841584158416,0.267615176151761,0.975609756097561
1,Family,15,20,0_1_0,0.199394939493949,0.920792079207921,0.2710027100271,0.98780487804878
1,Family,20,20,0_1_0,0.188668866886689,0.905940594059406,0.252710027100271,0.975609756097561
1,Family,25,20,0_1_0,0.197469746974697,0.930693069306931,0.258807588075881,1
1,Family,5,20,1_0_0,0.410616061606161,1,0.421409214092141,1
1,Family,10,20,1_0_0,0.44031903190319,1,0.455284552845528,1
1,Family,15,20,1_0_0,0.434543454345435,1,0.446476964769648,1
1,Family,20,20,1_0_0,0.431243124312431,1,0.453929539295393,1
1,Family,25,20,1_0_0,0.430693069306931,1,0.449864498644986,1
1,Family,5,20,1_1_1,0.416666666666667,1,0.439024390243902,1
1,Family,10,20,1_1_1,0.421342134213421,1,0.43360433604336,1
1,Family,15,20,1_1_1,0.415016501650165,1,0.426829268292683,1
1,Family,20,20,1_1_1,0.414466446644664,1,0.430216802168022,1
1,Family,25,20,1_1_1,0.407040704070407,1,0.43360433604336,1
1,Family,5,25,0_0_0,0.331958195819582,1,0.38265306122449,1
1,Family,10,25,0_0_0,0.332508250825082,1,0.376984126984127,1
1,Family,15,25,0_0_0,0.336633663366337,1,0.380952380952381,1
1,Family,20,25,0_0_0,0.342409240924092,1,0.388888888888889,1
1,Family,25,25,0_0_0,0.33993399339934,1,0.38265306122449,1
1,Family,5,25,0_0_1,0.225522552255225,0.95049504950495,0.278344671201814,0.989795918367347
1,Family,10,25,0_0_1,0.218646864686469,0.940594059405941,0.271541950113379,0.979591836734694
1,Family,15,25,0_0_1,0.216996699669967,0.940594059405941,0.265873015873016,0.989795918367347
1,Family,20,25,0_0_1,0.215346534653465,0.940594059405941,0.268707482993197,0.989795918367347
1,Family,25,25,0_0_1,0.214246424642464,0.940594059405941,0.263038548752834,0.989795918367347
1,Family,5,25,0_1_0,0.211496149614961,0.900990099009901,0.25907029478458,0.979591836734694
1,Family,10,25,0_1_0,0.214796479647965,0.910891089108911,0.263605442176871,0.989795918367347
1,Family,15,25,0_1_0,0.214521452145214,0.910891089108911,0.26530612244898,0.989795918367347
1,Family,20,25,0_1_0,0.214796479647965,0.915841584158416,0.264172335600907,0.979591836734694
1,Family,25,25,0_1_0,0.211771177117712,0.930693069306931,0.260204081632653,0.989795918367347
1,Family,5,25,1_0_0,0.417766776677668,1,0.413832199546485,1
1,Family,10,25,1_0_0,0.417216721672167,1,0.418934240362812,1
1,Family,15,25,1_0_0,0.422717271727173,1,0.426303854875283,1
1,Family,20,25,1_0_0,0.407590759075908,1,0.409863945578231,1
1,Family,25,25,1_0_0,0.409240924092409,1,0.412698412698413,1
1,Family,5,25,1_1_1,0.54042904290429,1,0.532312925170068,1
1,Family,10,25,1_1_1,0.542079207920792,1,0.542517006802721,1
1,Family,15,25,1_1_1,0.534653465346535,1,0.537414965986395,1
1,Family,20,25,1_1_1,0.553080308030803,1,0.544784580498866,1
1,Family,25,25,1_1_1,0.546479647964796,1,0.543650793650794,1
1,Family,5,30,0_0_0,0.348734873487349,1,0.391865079365079,1
1,Family,10,30,0_0_0,0.354510451045105,1,0.396329365079365,1
1,Family,15,30,0_0_0,0.353135313531353,1,0.395337301587302,1
1,Family,20,30,0_0_0,0.35038503850385,1,0.391865079365079,1
1,Family,25,30,0_0_0,0.354510451045105,1,0.396329365079365,1
1,Family,5,30,0_0_1,0.207095709570957,0.95049504950495,0.249503968253968,0.991071428571429
1,Family,10,30,0_0_1,0.207370737073707,0.940594059405941,0.254960317460317,0.991071428571429
1,Family,15,30,0_0_1,0.213421342134213,0.930693069306931,0.263888888888889,0.991071428571429
1,Family,20,30,0_0_1,0.207645764576458,0.940594059405941,0.253472222222222,1
1,Family,25,30,0_0_1,0.207645764576458,0.935643564356436,0.25297619047619,1
1,Family,5,30,0_1_0,0.215896589658966,0.955445544554455,0.25,0.982142857142857
1,Family,10,30,0_1_0,0.214796479647965,0.955445544554455,0.254464285714286,0.991071428571429
1,Family,15,30,0_1_0,0.208745874587459,0.96039603960396,0.249503968253968,0.991071428571429
1,Family,20,30,0_1_0,0.212321232123212,0.95049504950495,0.253472222222222,0.991071428571429
1,Family,25,30,0_1_0,0.20984598459846,0.945544554455445,0.249503968253968,0.991071428571429
1,Family,5,30,1_0_0,0.352035203520352,1,0.356150793650794,1
1,Family,10,30,1_0_0,0.344884488448845,1,0.345734126984127,1
1,Family,15,30,1_0_0,0.345984598459846,1,0.355654761904762,1
1,Family,20,30,1_0_0,0.344609460946095,1,0.351686507936508,1
1,Family,25,30,1_0_0,0.364961496149615,1,0.374503968253968,1
1,Family,5,30,1_1_1,0.348459845984598,1,0.391369047619048,1
1,Family,10,30,1_1_1,0.338558855885589,1,0.385416666666667,1
1,Family,15,30,1_1_1,0.344609460946095,1,0.390873015873016,1
1,Family,20,30,1_1_1,0.342684268426843,1,0.38640873015873,1
1,Family,25,30,1_1_1,0.343784378437844,1,0.386904761904762,1
1,Family,5,35,0_0_0,0.348734873487349,1,0.39326334208224,1
1,Family,10,35,0_0_0,0.3501100110011,1,0.39326334208224,1
1,Family,15,35,0_0_0,0.353685368536854,1,0.39676290463692,1
1,Family,20,35,0_0_0,0.352310231023102,1,0.39413823272091,1
1,Family,25,35,0_0_0,0.352585258525853,1,0.394575678040245,1
1,Family,5,35,0_0_1,0.21974697469747,0.97029702970297,0.257217847769029,0.992125984251969
1,Family,10,35,0_0_1,0.218921892189219,0.97029702970297,0.252843394575678,0.992125984251969
1,Family,15,35,0_0_1,0.222497249724973,0.945544554455445,0.259842519685039,0.984251968503937
1,Family,20,35,0_0_1,0.216446644664466,0.965346534653465,0.255905511811024,1
1,Family,25,35,0_0_1,0.214796479647965,0.985148514851485,0.253718285214348,0.992125984251969
1,Family,5,35,0_1_0,0.22002200220022,0.96039603960396,0.259405074365704,1
1,Family,10,35,0_1_0,0.214246424642464,0.975247524752475,0.252405949256343,1
1,Family,15,35,0_1_0,0.216721672167217,0.965346534653465,0.255468066491688,1
1,Family,20,35,0_1_0,0.216996699669967,0.96039603960396,0.255905511811024,1
1,Family,25,35,0_1_0,0.221947194719472,0.965346534653465,0.26246719160105,1
1,Family,5,35,1_0_0,0.43949394939494,1,0.434820647419073,1
1,Family,10,35,1_0_0,0.448844884488449,1,0.444881889763779,1
1,Family,15,35,1_0_0,0.457095709570957,1,0.457130358705162,1
1,Family,20,35,1_0_0,0.461771177117712,1,0.461942257217848,1
1,Family,25,35,1_0_0,0.441694169416942,1,0.443132108486439,1
1,Family,5,35,1_1_1,0.403190319031903,1,0.425196850393701,1
1,Family,10,35,1_1_1,0.404015401540154,1,0.432633420822397,1
1,Family,15,35,1_1_1,0.405940594059406,1,0.428258967629046,1
1,Family,20,35,1_1_1,0.390814081408141,1,0.416885389326334,1
1,Family,25,35,1_1_1,0.391089108910891,1,0.416447944006999,1
1,Family,5,40,0_0_0,0.343784378437844,0.995049504950495,0.386401326699834,1
1,Family,10,40,0_0_0,0.347359735973597,0.995049504950495,0.390961857379768,0.992537313432836
1,Family,15,40,0_0_0,0.3501100110011,1,0.392205638474295,1
1,Family,20,40,0_0_0,0.34983498349835,1,0.391791044776119,1
1,Family,25,40,0_0_0,0.351210121012101,1,0.393864013266998,1
1,Family,5,40,0_0_1,0.246699669966997,0.98019801980198,0.286484245439469,1
1,Family,10,40,0_0_1,0.244499449944994,1,0.282338308457711,1
1,Family,15,40,0_0_1,0.251375137513751,0.99009900990099,0.291044776119403,1
1,Family,20,40,0_0_1,0.248624862486249,0.985148514851485,0.285240464344942,0.992537313432836
1,Family,25,40,0_0_1,0.246149614961496,0.99009900990099,0.287728026533997,1
1,Family,5,40,0_1_0,0.24009900990099,0.985148514851485,0.278606965174129,1
1,Family,10,40,0_1_0,0.242574257425743,0.975247524752475,0.283996683250415,1
1,Family,15,40,0_1_0,0.234873487348735,0.96039603960396,0.282752902155887,1
1,Family,20,40,0_1_0,0.237623762376238,0.965346534653465,0.283996683250415,0.992537313432836
1,Family,25,40,0_1_0,0.235698569856986,0.96039603960396,0.283582089552239,1
1,Family,5,40,1_0_0,0.630638063806381,1,0.588308457711443,1
1,Family,10,40,1_0_0,0.635313531353135,1,0.591625207296849,1
1,Family,15,40,1_0_0,0.635038503850385,1,0.595356550580431,1
1,Family,20,40,1_0_0,0.634213421342134,1,0.593283582089552,1
1,Family,25,40,1_0_0,0.638338833883388,1,0.598258706467662,1
1,Family,5,40,1_1_1,0.615511551155115,1,0.61028192371476,1
1,Family,10,40,1_1_1,0.606710671067107,1,0.599502487562189,1
1,Family,15,40,1_1_1,0.616061606160616,1,0.612354892205638,1
1,Family,20,40,1_1_1,0.624037403740374,1,0.615257048092869,1
1,Family,25,40,1_1_1,0.635313531353135,1,0.628524046434494,1
1,Family,5,45,0_0_0,0.34048404840484,1,0.377934272300469,1
1,Family,10,45,0_0_0,0.341309130913091,1,0.378325508607199,1
1,Family,15,45,0_0_0,0.345159515951595,1,0.38302034428795,1
1,Family,20,45,0_0_0,0.342409240924092,0.995049504950495,0.379499217527386,1
1,Family,25,45,0_0_0,0.33965896589659,1,0.376760563380282,1
1,Family,5,45,0_0_1,0.320957095709571,1,0.334507042253521,1
1,Family,10,45,0_0_1,0.319031903190319,1,0.331377151799687,1
1,Family,15,45,0_0_1,0.307205720572057,1,0.315336463223787,1
1,Family,20,45,0_0_1,0.30968096809681,1,0.318075117370892,1
1,Family,25,45,0_0_1,0.306655665566557,1,0.314162754303599,1
1,Family,5,45,0_1_0,0.252750275027503,0.98019801980198,0.284820031298905,1
1,Family,10,45,0_1_0,0.222772277227723,0.98019801980198,0.253912363067293,0.992957746478873
1,Family,15,45,0_1_0,0.21974697469747,0.985148514851485,0.250782472613459,1
1,Family,20,45,0_1_0,0.218921892189219,0.98019801980198,0.247261345852895,0.985915492957746
1,Family,25,45,0_1_0,0.216996699669967,0.975247524752475,0.246478873239437,0.97887323943662
1,Family,5,45,1_0_0,0.624587458745875,1,0.588810641627543,1
1,Family,10,45,1_0_0,0.635038503850385,1,0.596244131455399,1
1,Family,15,45,1_0_0,0.637788778877888,1,0.600156494522692,1
1,Family,20,45,1_0_0,0.633938393839384,1,0.597026604068858,1
1,Family,25,45,1_0_0,0.633113311331133,1,0.596635367762128,1
1,Family,5,45,1_1_1,0.385863586358636,1,0.41471048513302,1
1,Family,10,45,1_1_1,0.396039603960396,1,0.42527386541471,1
1,Family,15,45,1_1_1,0.377887788778878,1,0.410015649452269,1
1,Family,20,45,1_1_1,0.393839383938394,1,0.422926447574335,1
1,Family,25,45,1_1_1,0.39026402640264,1,0.415492957746479,1
1,Family,5,50,0_0_0,0.317931793179318,0.99009900990099,0.356823266219239,1
1,Family,10,50,0_0_0,0.322057205720572,0.99009900990099,0.361297539149888,1
1,Family,15,50,0_0_0,0.329207920792079,0.99009900990099,0.368381804623415,0.993288590604027
1,Family,20,50,0_0_0,0.324257425742574,0.99009900990099,0.362043251304996,1
1,Family,25,50,0_0_0,0.328382838283828,0.995049504950495,0.364653243847875,1
1,Family,5,50,0_0_1,0.266226622662266,0.97029702970297,0.30089485458613,1
1,Family,10,50,0_0_1,0.272277227722772,0.985148514851485,0.306487695749441,0.993288590604027
1,Family,15,50,0_0_1,0.278327832783278,0.99009900990099,0.313944817300522,1
1,Family,20,50,0_0_1,0.276127612761276,0.97029702970297,0.315809097688292,0.993288590604027
1,Family,25,50,0_0_1,0.275302530253025,0.98019801980198,0.313571961222968,1
1,Family,5,50,0_1_0,0.278327832783278,0.98019801980198,0.315809097688292,1
1,Family,10,50,0_1_0,0.276402640264026,0.98019801980198,0.315063385533184,0.993288590604027
1,Family,15,50,0_1_0,0.275577557755776,0.98019801980198,0.313199105145414,1
1,Family,20,50,0_1_0,0.274752475247525,0.985148514851485,0.313944817300522,1
1,Family,25,50,0_1_0,0.272552255225523,0.965346534653465,0.310961968680089,0.986577181208054
1,Family,5,50,1_0_0,0.545654565456546,1,0.531692766592095,1
1,Family,10,50,1_0_0,0.545379537953795,1,0.534302759134974,1
1,Family,15,50,1_0_0,0.547854785478548,1,0.536167039522744,1
1,Family,20,50,1_0_0,0.574532453245325,1,0.557046979865772,1
1,Family,25,50,1_0_0,0.565181518151815,1,0.548844146159582,1
1,Family,5,50,1_1_1,0.489273927392739,1,0.508575689783743,1
1,Family,10,50,1_1_1,0.514301430143014,1,0.530947054436987,1
1,Family,15,50,1_1_1,0.504125412541254,1,0.524235645041014,1
1,Family,20,50,1_1_1,0.487073707370737,1,0.508948545861298,1
1,Family,25,50,1_1_1,0.497524752475248,1,0.514541387024608,1
1,Family,5,55,0_0_0,0.338833883388339,1,0.372011251758087,1
1,Family,10,55,0_0_0,0.346534653465346,1,0.380450070323488,1
1,Family,15,55,0_0_0,0.348734873487349,1,0.382208157524613,1
1,Family,20,55,0_0_0,0.348184818481848,1,0.381153305203938,1
1,Family,25,55,0_0_0,0.351210121012101,1,0.384317862165963,1
1,Family,5,55,0_0_1,0.26980198019802,0.99009900990099,0.29817158931083,1
1,Family,10,55,0_0_1,0.266776677667767,0.975247524752475,0.29535864978903,1
1,Family,15,55,0_0_1,0.276127612761276,0.99009900990099,0.30239099859353,1
1,Family,20,55,0_0_1,0.275302530253025,0.995049504950495,0.304852320675105,1
1,Family,25,55,0_0_1,0.276677667766777,0.99009900990099,0.307665260196906,1
1,Family,5,55,0_1_0,0.272827282728273,0.98019801980198,0.306610407876231,1
1,Family,10,55,0_1_0,0.276127612761276,0.985148514851485,0.309071729957806,1
1,Family,15,55,0_1_0,0.274752475247525,0.97029702970297,0.311884669479606,0.993670886075949
1,Family,20,55,0_1_0,0.284928492849285,0.975247524752475,0.319268635724332,0.993670886075949
1,Family,25,55,0_1_0,0.286028602860286,0.975247524752475,0.319268635724332,0.993670886075949
1,Family,5,55,1_0_0,0.550880088008801,1,0.541139240506329,1
1,Family,10,55,1_0_0,0.545104510451045,1,0.539029535864979,1
1,Family,15,55,1_0_0,0.541804180418042,1,0.538326300984529,1
1,Family,20,55,1_0_0,0.538503850385038,1,0.534106891701828,1
1,Family,25,55,1_0_0,0.547029702970297,1,0.543248945147679,1
1,Family,5,55,1_1_1,0.460671067106711,1,0.462025316455696,1
1,Family,10,55,1_1_1,0.444444444444444,1,0.439170182841069,1
1,Family,15,55,1_1_1,0.445544554455446,1,0.441983122362869,1
1,Family,20,55,1_1_1,0.451870187018702,1,0.44620253164557,1
1,Family,25,55,1_1_1,0.444719471947195,1,0.440576652601969,1
1,Family,5,60,0_0_0,0.341309130913091,1,0.371056241426612,1
1,Family,10,60,0_0_0,0.342684268426843,1,0.371742112482853,1
1,Family,15,60,0_0_0,0.351760176017602,1,0.380315500685871,1
1,Family,20,60,0_0_0,0.352310231023102,1,0.380315500685871,1
1,Family,25,60,0_0_0,0.351485148514851,1,0.380315500685871,1
1,Family,5,60,0_0_1,0.295654565456546,0.99009900990099,0.328875171467764,1
1,Family,10,60,0_0_1,0.287128712871287,0.985148514851485,0.319615912208505,0.993827160493827
1,Family,15,60,0_0_1,0.296204620462046,0.985148514851485,0.328532235939643,0.993827160493827
1,Family,20,60,0_0_1,0.294279427942794,0.98019801980198,0.324074074074074,0.981481481481482
1,Family,25,60,0_0_1,0.294279427942794,0.98019801980198,0.324759945130315,1
1,Family,5,60,0_1_0,0.292629262926293,0.98019801980198,0.324759945130315,1
1,Family,10,60,0_1_0,0.300605060506051,0.99009900990099,0.333333333333333,1
1,Family,15,60,0_1_0,0.28960396039604,0.985148514851485,0.32201646090535,1
1,Family,20,60,0_1_0,0.303355335533553,1,0.333676268861454,1
1,Family,25,60,0_1_0,0.297854785478548,0.995049504950495,0.330246913580247,1
1,Family,5,60,1_0_0,0.519526952695269,1,0.515775034293553,1
1,Family,10,60,1_0_0,0.531078107810781,1,0.52880658436214,1
1,Family,15,60,1_0_0,0.533828382838284,1,0.532921810699588,1
1,Family,20,60,1_0_0,0.528327832783278,1,0.525377229080933,1
1,Family,25,60,1_0_0,0.539328932893289,1,0.539437585733882,1
1,Family,5,60,1_1_1,0.485423542354235,1,0.505144032921811,1
1,Family,10,60,1_1_1,0.49037403740374,1,0.508573388203018,1
1,Family,15,60,1_1_1,0.490649064906491,1,0.507544581618656,1
1,Family,20,60,1_1_1,0.484873487348735,1,0.503772290809328,1
1,Family,25,60,1_1_1,0.487623762376238,1,0.505486968449931,1
1,Family,5,65,0_0_0,0.350660066006601,1,0.375992063492063,1
1,Family,10,65,0_0_0,0.350935093509351,1,0.375992063492063,1
1,Family,15,65,0_0_0,0.353135313531353,1,0.378637566137566,1
1,Family,20,65,0_0_0,0.352585258525853,1,0.377314814814815,1
1,Family,25,65,0_0_0,0.353685368536854,1,0.378306878306878,1
1,Family,5,65,0_0_1,0.3003300330033,1,0.326388888888889,1
1,Family,10,65,0_0_1,0.286853685368537,1,0.313161375661376,1
1,Family,15,65,0_0_1,0.282453245324532,1,0.307208994708995,1
1,Family,20,65,0_0_1,0.282728272827283,1,0.308201058201058,1
1,Family,25,65,0_0_1,0.275577557755776,1,0.298611111111111,1
1,Family,5,65,0_1_0,0.315731573157316,1,0.338955026455026,1
1,Family,10,65,0_1_0,0.30995599559956,0.995049504950495,0.333333333333333,1
1,Family,15,65,0_1_0,0.3003300330033,0.995049504950495,0.322420634920635,1
1,Family,20,65,0_1_0,0.295654565456546,1,0.318121693121693,1
1,Family,25,65,0_1_0,0.303355335533553,1,0.32771164021164,1
1,Family,5,65,1_0_0,0.501100110011001,1,0.500330687830688,1
1,Family,10,65,1_0_0,0.503575357535754,1,0.502645502645503,1
1,Family,15,65,1_0_0,0.508800880088009,1,0.511574074074074,1
1,Family,20,65,1_0_0,0.503025302530253,1,0.503968253968254,1
1,Family,25,65,1_0_0,0.511826182618262,1,0.514880952380952,1
1,Family,5,65,1_1_1,0.480748074807481,1,0.488425925925926,1
1,Family,10,65,1_1_1,0.468646864686469,1,0.480489417989418,1
1,Family,15,65,1_1_1,0.486523652365237,1,0.500661375661376,1
1,Family,20,65,1_1_1,0.471397139713971,1,0.485780423280423,1
1,Family,25,65,1_1_1,0.481573157315732,1,0.491071428571429,1
1,Family,5,70,0_0_0,0.349284928492849,1,0.37015873015873,1
1,Family,10,70,0_0_0,0.352585258525853,1,0.374603174603175,1
1,Family,15,70,0_0_0,0.353135313531353,1,0.374603174603175,1
1,Family,20,70,0_0_0,0.354785478547855,1,0.376507936507936,1
1,Family,25,70,0_0_0,0.355335533553355,1,0.377142857142857,1
1,Family,5,70,0_0_1,0.318481848184818,0.995049504950495,0.34031746031746,0.994285714285714
1,Family,10,70,0_0_1,0.323707370737074,1,0.345714285714286,1
1,Family,15,70,0_0_1,0.315181518151815,1,0.336507936507936,1
1,Family,20,70,0_0_1,0.317931793179318,1,0.338412698412698,1
1,Family,25,70,0_0_1,0.316831683168317,1,0.337460317460317,1
1,Family,5,70,0_1_0,0.321507150715072,1,0.338095238095238,1
1,Family,10,70,0_1_0,0.33003300330033,1,0.347619047619048,1
1,Family,15,70,0_1_0,0.305830583058306,0.995049504950495,0.328253968253968,1
1,Family,20,70,0_1_0,0.311606160616062,1,0.332698412698413,1
1,Family,25,70,0_1_0,0.313256325632563,1,0.333015873015873,1
1,Family,5,70,1_0_0,0.593784378437844,1,0.578095238095238,1
1,Family,10,70,1_0_0,0.601210121012101,1,0.586984126984127,1
1,Family,15,70,1_0_0,0.605060506050605,1,0.588888888888889,1
1,Family,20,70,1_0_0,0.607810781078108,1,0.593650793650794,1
1,Family,25,70,1_0_0,0.606985698569857,1,0.591111111111111,1
1,Family,5,70,1_1_1,0.533553355335534,1,0.526666666666667,1
1,Family,10,70,1_1_1,0.556380638063806,1,0.546349206349206,1
1,Family,15,70,1_1_1,0.551980198019802,1,0.539365079365079,1
1,Family,20,70,1_1_1,0.560506050605061,1,0.546666666666667,1
1,Family,25,70,1_1_1,0.554730473047305,1,0.544126984126984,1
2,Family,5,0,0_0_0,0.282453245324532,1,,
2,Family,10,0,0_0_0,0.292354235423542,1,,
2,Family,15,0,0_0_0,0.285478547854785,1,,
2,Family,20,0,0_0_0,0.290704070407041,1,,
2,Family,25,0,0_0_0,0.282453245324532,1,,
2,Family,5,0,0_0_1,0.155390539053905,0.881188118811881,,
2,Family,10,0,0_0_1,0.157315731573157,0.900990099009901,,
2,Family,15,0,0_0_1,0.155940594059406,0.905940594059406,,
2,Family,20,0,0_0_1,0.157040704070407,0.910891089108911,,
2,Family,25,0,0_0_1,0.15951595159516,0.891089108910891,,
2,Family,5,0,0_1_0,0.148514851485149,0.881188118811881,,
2,Family,10,0,0_1_0,0.150990099009901,0.886138613861386,,
2,Family,15,0,0_1_0,0.153190319031903,0.886138613861386,,
2,Family,20,0,0_1_0,0.152640264026403,0.896039603960396,,
2,Family,25,0,0_1_0,0.154565456545655,0.886138613861386,,
2,Family,5,0,1_0_0,0.512376237623762,1,,
2,Family,10,0,1_0_0,0.505500550055005,1,,
2,Family,15,0,1_0_0,0.506050605060506,1,,
2,Family,20,0,1_0_0,0.521727172717272,1,,
2,Family,25,0,1_0_0,0.518976897689769,1,,
2,Family,5,0,1_1_1,0.661716171617162,1,,
2,Family,10,0,1_1_1,0.662541254125413,1,,
2,Family,15,0,1_1_1,0.678767876787679,1,,
2,Family,20,0,1_1_1,0.676017601760176,1,,
2,Family,25,0,1_1_1,0.664741474147415,1,,
2,Family,5,5,0_0_0,0.316006600660066,1,0.320707070707071,1
2,Family,10,5,0_0_0,0.313531353135314,1,0.315656565656566,1
2,Family,15,5,0_0_0,0.317931793179318,1,0.323232323232323,1
2,Family,20,5,0_0_0,0.31023102310231,1,0.310606060606061,1
2,Family,25,5,0_0_0,0.318206820682068,1,0.315656565656566,1
2,Family,5,5,0_0_1,0.176017601760176,0.96039603960396,0.202020202020202,1
2,Family,10,5,0_0_1,0.163916391639164,0.945544554455445,0.179292929292929,0.954545454545455
2,Family,15,5,0_0_1,0.158965896589659,0.920792079207921,0.179292929292929,0.954545454545455
2,Family,20,5,0_0_1,0.16034103410341,0.945544554455445,0.181818181818182,0.954545454545455
2,Family,25,5,0_0_1,0.163641364136414,0.920792079207921,0.176767676767677,1
2,Family,5,5,0_1_0,0.191694169416942,0.920792079207921,0.22979797979798,0.954545454545455
2,Family,10,5,0_1_0,0.176567656765677,0.910891089108911,0.212121212121212,0.954545454545455
2,Family,15,5,0_1_0,0.16996699669967,0.905940594059406,0.194444444444444,1
2,Family,20,5,0_1_0,0.17986798679868,0.915841584158416,0.23989898989899,1
2,Family,25,5,0_1_0,0.175467546754675,0.896039603960396,0.204545454545455,0.909090909090909
2,Family,5,5,1_0_0,0.48982398239824,1,0.537878787878788,1
2,Family,10,5,1_0_0,0.493674367436744,1,0.542929292929293,1
2,Family,15,5,1_0_0,0.48047304730473,1,0.527777777777778,1
2,Family,20,5,1_0_0,0.505225522552255,1,0.563131313131313,1
2,Family,25,5,1_0_0,0.505775577557756,1,0.545454545454545,1
2,Family,5,5,1_1_1,0.386688668866887,1,0.393939393939394,1
2,Family,10,5,1_1_1,0.369086908690869,1,0.373737373737374,1
2,Family,15,5,1_1_1,0.382288228822882,1,0.391414141414141,1
2,Family,20,5,1_1_1,0.378437843784378,1,0.386363636363636,1
2,Family,25,5,1_1_1,0.388063806380638,1,0.396464646464646,1
2,Family,5,10,0_0_0,0.347634763476348,1,0.380246913580247,1
2,Family,10,10,0_0_0,0.350935093509351,1,0.385185185185185,1
2,Family,15,10,0_0_0,0.351485148514851,1,0.383950617283951,1
2,Family,20,10,0_0_0,0.351210121012101,1,0.383950617283951,1
2,Family,25,10,0_0_0,0.3501100110011,1,0.383950617283951,1
2,Family,5,10,0_0_1,0.179317931793179,0.95049504950495,0.24320987654321,1
2,Family,10,10,0_0_1,0.174917491749175,0.900990099009901,0.232098765432099,0.955555555555556
2,Family,15,10,0_0_1,0.169141914191419,0.905940594059406,0.222222222222222,1
2,Family,20,10,0_0_1,0.172442244224422,0.896039603960396,0.218518518518519,0.955555555555556
2,Family,25,10,0_0_1,0.174367436743674,0.915841584158416,0.22962962962963,1
2,Family,5,10,0_1_0,0.177117711771177,0.920792079207921,0.220987654320988,0.955555555555556
2,Family,10,10,0_1_0,0.18041804180418,0.910891089108911,0.225925925925926,1
2,Family,15,10,0_1_0,0.177942794279428,0.905940594059406,0.222222222222222,0.977777777777778
2,Family,20,10,0_1_0,0.16969196919692,0.900990099009901,0.212345679012346,0.955555555555556
2,Family,25,10,0_1_0,0.173542354235424,0.896039603960396,0.217283950617284,0.955555555555556
2,Family,5,10,1_0_0,0.577282728272827,1,0.55679012345679,1
2,Family,10,10,1_0_0,0.6001100110011,1,0.561728395061728,1
2,Family,15,10,1_0_0,0.599284928492849,1,0.566666666666667,1
2,Family,20,10,1_0_0,0.60973597359736,1,0.581481481481482,1
2,Family,25,10,1_0_0,0.602035203520352,1,0.569135802469136,1
2,Family,5,10,1_1_1,0.367436743674367,1,0.402469135802469,1
2,Family,10,10,1_1_1,0.373212321232123,1,0.401234567901235,1
2,Family,15,10,1_1_1,0.378162816281628,1,0.411111111111111,1
2,Family,20,10,1_1_1,0.370737073707371,1,0.401234567901235,1
2,Family,25,10,1_1_1,0.378987898789879,1,0.409876543209877,1
2,Family,5,15,0_0_0,0.323157315731573,1,0.35663082437276,1
2,Family,10,15,0_0_0,0.333883388338834,1,0.362903225806452,1
2,Family,15,15,0_0_0,0.333608360836084,1,0.367383512544803,1
2,Family,20,15,0_0_0,0.327282728272827,1,0.364695340501792,1
2,Family,25,15,0_0_0,0.327007700770077,1,0.362007168458781,1
2,Family,5,15,0_0_1,0.188118811881188,0.945544554455445,0.227598566308244,1
2,Family,10,15,0_0_1,0.18014301430143,0.910891089108911,0.217741935483871,0.983870967741935
2,Family,15,15,0_0_1,0.181518151815182,0.905940594059406,0.21594982078853,0.967741935483871
2,Family,20,15,0_0_1,0.180968096809681,0.925742574257426,0.212365591397849,1
2,Family,25,15,0_0_1,0.178492849284929,0.915841584158416,0.209677419354839,0.983870967741935
2,Family,5,15,0_1_0,0.232123212321232,0.985148514851485,0.264336917562724,1
2,Family,10,15,0_1_0,0.233223322332233,0.99009900990099,0.270609318996416,1
2,Family,15,15,0_1_0,0.226622662266227,0.985148514851485,0.255376344086021,1
2,Family,20,15,0_1_0,0.226072607260726,0.99009900990099,0.262544802867383,1
2,Family,25,15,0_1_0,0.224972497249725,0.985148514851485,0.252688172043011,1
2,Family,5,15,1_0_0,0.532178217821782,1,0.530465949820789,1
2,Family,10,15,1_0_0,0.526677667766777,1,0.525985663082437,1
2,Family,15,15,1_0_0,0.556105610561056,1,0.550179211469534,1
2,Family,20,15,1_0_0,0.543179317931793,1,0.529569892473118,1
2,Family,25,15,1_0_0,0.567106710671067,1,0.564516129032258,1
2,Family,5,15,1_1_1,0.440594059405941,1,0.485663082437276,1
2,Family,10,15,1_1_1,0.416666666666667,1,0.452508960573477,1
2,Family,15,15,1_1_1,0.419416941694169,1,0.462365591397849,1
2,Family,20,15,1_1_1,0.41996699669967,1,0.477598566308244,1
2,Family,25,15,1_1_1,0.423817381738174,1,0.474910394265233,1
2,Family,5,20,0_0_0,0.333058305830583,1,0.383468834688347,1
2,Family,10,20,0_0_0,0.331958195819582,1,0.384146341463415,1
2,Family,15,20,0_0_0,0.338008800880088,1,0.387533875338753,1
2,Family,20,20,0_0_0,0.34020902090209,1,0.389566395663957,1
2,Family,25,20,0_0_0,0.341309130913091,1,0.386856368563686,1
2,Family,5,20,0_0_1,0.183993399339934,0.910891089108911,0.233739837398374,0.963414634146341
2,Family,10,20,0_0_1,0.184268426842684,0.910891089108911,0.240514905149051,0.98780487804878
2,Family,15,20,0_0_1,0.184268426842684,0.925742574257426,0.233062330623306,0.98780487804878
2,Family,20,20,0_0_1,0.192519251925193,0.905940594059406,0.249322493224932,0.951219512195122
2,Family,25,20,0_0_1,0.193069306930693,0.910891089108911,0.248644986449864,0.963414634146341
2,Family,5,20,0_1_0,0.212046204620462,0.935643564356436,0.273712737127371,0.98780487804878
2,Family,10,20,0_1_0,0.202145214521452,0.915841584158416,0.267615176151761,0.975609756097561
2,Family,15,20,0_1_0,0.199394939493949,0.920792079207921,0.2710027100271,0.98780487804878
2,Family,20,20,0_1_0,0.188668866886689,0.905940594059406,0.252710027100271,0.975609756097561
2,Family,25,20,0_1_0,0.197469746974697,0.930693069306931,0.258807588075881,1
2,Family,5,20,1_0_0,0.410616061606161,1,0.421409214092141,1
2,Family,10,20,1_0_0,0.44031903190319,1,0.455284552845528,1
2,Family,15,20,1_0_0,0.434543454345435,1,0.446476964769648,1
2,Family,20,20,1_0_0,0.431243124312431,1,0.453929539295393,1
2,Family,25,20,1_0_0,0.430693069306931,1,0.449864498644986,1
2,Family,5,20,1_1_1,0.416666666666667,1,0.439024390243902,1
2,Family,10,20,1_1_1,0.421342134213421,1,0.43360433604336,1
2,Family,15,20,1_1_1,0.415016501650165,1,0.426829268292683,1
2,Family,20,20,1_1_1,0.414466446644664,1,0.430216802168022,1
2,Family,25,20,1_1_1,0.407040704070407,1,0.43360433604336,1
2,Family,5,25,0_0_0,0.331958195819582,1,0.38265306122449,1
2,Family,10,25,0_0_0,0.332508250825082,1,0.376984126984127,1
2,Family,15,25,0_0_0,0.336633663366337,1,0.380952380952381,1
2,Family,20,25,0_0_0,0.342409240924092,1,0.388888888888889,1
2,Family,25,25,0_0_0,0.33993399339934,1,0.38265306122449,1
2,Family,5,25,0_0_1,0.225522552255225,0.95049504950495,0.278344671201814,0.989795918367347
2,Family,10,25,0_0_1,0.218646864686469,0.940594059405941,0.271541950113379,0.979591836734694
2,Family,15,25,0_0_1,0.216996699669967,0.940594059405941,0.265873015873016,0.989795918367347
2,Family,20,25,0_0_1,0.215346534653465,0.940594059405941,0.268707482993197,0.989795918367347
2,Family,25,25,0_0_1,0.214246424642464,0.940594059405941,0.263038548752834,0.989795918367347
2,Family,5,25,0_1_0,0.211496149614961,0.900990099009901,0.25907029478458,0.979591836734694
2,Family,10,25,0_1_0,0.214796479647965,0.910891089108911,0.263605442176871,0.989795918367347
2,Family,15,25,0_1_0,0.214521452145214,0.910891089108911,0.26530612244898,0.989795918367347
2,Family,20,25,0_1_0,0.214796479647965,0.915841584158416,0.264172335600907,0.979591836734694
2,Family,25,25,0_1_0,0.211771177117712,0.930693069306931,0.260204081632653,0.989795918367347
2,Family,5,25,1_0_0,0.417766776677668,1,0.413832199546485,1
2,Family,10,25,1_0_0,0.417216721672167,1,0.418934240362812,1
2,Family,15,25,1_0_0,0.422717271727173,1,0.426303854875283,1
2,Family,20,25,1_0_0,0.407590759075908,1,0.409863945578231,1
2,Family,25,25,1_0_0,0.409240924092409,1,0.412698412698413,1
2,Family,5,25,1_1_1,0.54042904290429,1,0.532312925170068,1
2,Family,10,25,1_1_1,0.542079207920792,1,0.542517006802721,1
2,Family,15,25,1_1_1,0.534653465346535,1,0.537414965986395,1
2,Family,20,25,1_1_1,0.553080308030803,1,0.544784580498866,1
2,Family,25,25,1_1_1,0.546479647964796,1,0.543650793650794,1
2,Family,5,30,0_0_0,0.348734873487349,1,0.391865079365079,1
2,Family,10,30,0_0_0,0.354510451045105,1,0.396329365079365,1
2,Family,15,30,0_0_0,0.353135313531353,1,0.395337301587302,1
2,Family,20,30,0_0_0,0.35038503850385,1,0.391865079365079,1
2,Family,25,30,0_0_0,0.354510451045105,1,0.396329365079365,1
2,Family,5,30,0_0_1,0.207095709570957,0.95049504950495,0.249503968253968,0.991071428571429
2,Family,10,30,0_0_1,0.207370737073707,0.940594059405941,0.254960317460317,0.991071428571429
2,Family,15,30,0_0_1,0.213421342134213,0.930693069306931,0.263888888888889,0.991071428571429
2,Family,20,30,0_0_1,0.207645764576458,0.940594059405941,0.253472222222222,1
2,Family,25,30,0_0_1,0.207645764576458,0.935643564356436,0.25297619047619,1
2,Family,5,30,0_1_0,0.215896589658966,0.955445544554455,0.25,0.982142857142857
2,Family,10,30,0_1_0,0.214796479647965,0.955445544554455,0.254464285714286,0.991071428571429
2,Family,15,30,0_1_0,0.208745874587459,0.96039603960396,0.249503968253968,0.991071428571429
2,Family,20,30,0_1_0,0.212321232123212,0.95049504950495,0.253472222222222,0.991071428571429
2,Family,25,30,0_1_0,0.20984598459846,0.945544554455445,0.249503968253968,0.991071428571429
2,Family,5,30,1_0_0,0.352035203520352,1,0.356150793650794,1
2,Family,10,30,1_0_0,0.344884488448845,1,0.345734126984127,1
2,Family,15,30,1_0_0,0.345984598459846,1,0.355654761904762,1
2,Family,20,30,1_0_0,0.344609460946095,1,0.351686507936508,1
2,Family,25,30,1_0_0,0.364961496149615,1,0.374503968253968,1
2,Family,5,30,1_1_1,0.348459845984598,1,0.391369047619048,1
2,Family,10,30,1_1_1,0.338558855885589,1,0.385416666666667,1
2,Family,15,30,1_1_1,0.344609460946095,1,0.390873015873016,1
2,Family,20,30,1_1_1,0.342684268426843,1,0.38640873015873,1
2,Family,25,30,1_1_1,0.343784378437844,1,0.386904761904762,1
2,Family,5,35,0_0_0,0.348734873487349,1,0.39326334208224,1
2,Family,10,35,0_0_0,0.3501100110011,1,0.39326334208224,1
2,Family,15,35,0_0_0,0.353685368536854,1,0.39676290463692,1
2,Family,20,35,0_0_0,0.352310231023102,1,0.39413823272091,1
2,Family,25,35,0_0_0,0.352585258525853,1,0.394575678040245,1
2,Family,5,35,0_0_1,0.21974697469747,0.97029702970297,0.257217847769029,0.992125984251969
2,Family,10,35,0_0_1,0.218921892189219,0.97029702970297,0.252843394575678,0.992125984251969
2,Family,15,35,0_0_1,0.222497249724973,0.945544554455445,0.259842519685039,0.984251968503937
2,Family,20,35,0_0_1,0.216446644664466,0.965346534653465,0.255905511811024,1
2,Family,25,35,0_0_1,0.214796479647965,0.985148514851485,0.253718285214348,0.992125984251969
2,Family,5,35,0_1_0,0.22002200220022,0.96039603960396,0.259405074365704,1
2,Family,10,35,0_1_0,0.214246424642464,0.975247524752475,0.252405949256343,1
2,Family,15,35,0_1_0,0.216721672167217,0.965346534653465,0.255468066491688,1
2,Family,20,35,0_1_0,0.216996699669967,0.96039603960396,0.255905511811024,1
2,Family,25,35,0_1_0,0.221947194719472,0.965346534653465,0.26246719160105,1
2,Family,5,35,1_0_0,0.43949394939494,1,0.434820647419073,1
2,Family,10,35,1_0_0,0.448844884488449,1,0.444881889763779,1
2,Family,15,35,1_0_0,0.457095709570957,1,0.457130358705162,1
2,Family,20,35,1_0_0,0.461771177117712,1,0.461942257217848,1
2,Family,25,35,1_0_0,0.441694169416942,1,0.443132108486439,1
2,Family,5,35,1_1_1,0.403190319031903,1,0.425196850393701,1
2,Family,10,35,1_1_1,0.404015401540154,1,0.432633420822397,1
2,Family,15,35,1_1_1,0.405940594059406,1,0.428258967629046,1
2,Family,20,35,1_1_1,0.390814081408141,1,0.416885389326334,1
2,Family,25,35,1_1_1,0.391089108910891,1,0.416447944006999,1
2,Family,5,40,0_0_0,0.343784378437844,0.995049504950495,0.386401326699834,1
2,Family,10,40,0_0_0,0.347359735973597,0.995049504950495,0.390961857379768,0.992537313432836
2,Family,15,40,0_0_0,0.3501100110011,1,0.392205638474295,1
2,Family,20,40,0_0_0,0.34983498349835,1,0.391791044776119,1
2,Family,25,40,0_0_0,0.351210121012101,1,0.393864013266998,1
2,Family,5,40,0_0_1,0.246699669966997,0.98019801980198,0.286484245439469,1
2,Family,10,40,0_0_1,0.244499449944994,1,0.282338308457711,1
2,Family,15,40,0_0_1,0.251375137513751,0.99009900990099,0.291044776119403,1
2,Family,20,40,0_0_1,0.248624862486249,0.985148514851485,0.285240464344942,0.992537313432836
2,Family,25,40,0_0_1,0.246149614961496,0.99009900990099,0.287728026533997,1
2,Family,5,40,0_1_0,0.24009900990099,0.985148514851485,0.278606965174129,1
2,Family,10,40,0_1_0,0.242574257425743,0.975247524752475,0.283996683250415,1
2,Family,15,40,0_1_0,0.234873487348735,0.96039603960396,0.282752902155887,1
2,Family,20,40,0_1_0,0.237623762376238,0.965346534653465,0.283996683250415,0.992537313432836
2,Family,25,40,0_1_0,0.235698569856986,0.96039603960396,0.283582089552239,1
2,Family,5,40,1_0_0,0.630638063806381,1,0.588308457711443,1
2,Family,10,40,1_0_0,0.635313531353135,1,0.591625207296849,1
2,Family,15,40,1_0_0,0.635038503850385,1,0.595356550580431,1
2,Family,20,40,1_0_0,0.634213421342134,1,0.593283582089552,1
2,Family,25,40,1_0_0,0.638338833883388,1,0.598258706467662,1
2,Family,5,40,1_1_1,0.615511551155115,1,0.61028192371476,1
2,Family,10,40,1_1_1,0.606710671067107,1,0.599502487562189,1
2,Family,15,40,1_1_1,0.616061606160616,1,0.612354892205638,1
2,Family,20,40,1_1_1,0.624037403740374,1,0.615257048092869,1
2,Family,25,40,1_1_1,0.635313531353135,1,0.628524046434494,1
2,Family,5,45,0_0_0,0.34048404840484,1,0.377934272300469,1
2,Family,10,45,0_0_0,0.341309130913091,1,0.378325508607199,1
2,Family,15,45,0_0_0,0.345159515951595,1,0.38302034428795,1
2,Family,20,45,0_0_0,0.342409240924092,0.995049504950495,0.379499217527386,1
2,Family,25,45,0_0_0,0.33965896589659,1,0.376760563380282,1
2,Family,5,45,0_0_1,0.320957095709571,1,0.334507042253521,1
2,Family,10,45,0_0_1,0.319031903190319,1,0.331377151799687,1
2,Family,15,45,0_0_1,0.307205720572057,1,0.315336463223787,1
2,Family,20,45,0_0_1,0.30968096809681,1,0.318075117370892,1
2,Family,25,45,0_0_1,0.306655665566557,1,0.314162754303599,1
2,Family,5,45,0_1_0,0.252750275027503,0.98019801980198,0.284820031298905,1
2,Family,10,45,0_1_0,0.222772277227723,0.98019801980198,0.253912363067293,0.992957746478873
2,Family,15,45,0_1_0,0.21974697469747,0.985148514851485,0.250782472613459,1
2,Family,20,45,0_1_0,0.218921892189219,0.98019801980198,0.247261345852895,0.985915492957746
2,Family,25,45,0_1_0,0.216996699669967,0.975247524752475,0.246478873239437,0.97887323943662
2,Family,5,45,1_0_0,0.624587458745875,1,0.588810641627543,1
2,Family,10,45,1_0_0,0.635038503850385,1,0.596244131455399,1
2,Family,15,45,1_0_0,0.637788778877888,1,0.600156494522692,1
2,Family,20,45,1_0_0,0.633938393839384,1,0.597026604068858,1
2,Family,25,45,1_0_0,0.633113311331133,1,0.596635367762128,1
2,Family,5,45,1_1_1,0.385863586358636,1,0.41471048513302,1
2,Family,10,45,1_1_1,0.396039603960396,1,0.42527386541471,1
2,Family,15,45,1_1_1,0.377887788778878,1,0.410015649452269,1
2,Family,20,45,1_1_1,0.393839383938394,1,0.422926447574335,1
2,Family,25,45,1_1_1,0.39026402640264,1,0.415492957746479,1
2,Family,5,50,0_0_0,0.317931793179318,0.99009900990099,0.356823266219239,1
2,Family,10,50,0_0_0,0.322057205720572,0.99009900990099,0.361297539149888,1
2,Family,15,50,0_0_0,0.329207920792079,0.99009900990099,0.368381804623415,0.993288590604027
2,Family,20,50,0_0_0,0.324257425742574,0.99009900990099,0.362043251304996,1
2,Family,25,50,0_0_0,0.328382838283828,0.995049504950495,0.364653243847875,1
2,Family,5,50,0_0_1,0.266226622662266,0.97029702970297,0.30089485458613,1
2,Family,10,50,0_0_1,0.272277227722772,0.985148514851485,0.306487695749441,0.993288590604027
2,Family,15,50,0_0_1,0.278327832783278,0.99009900990099,0.313944817300522,1
2,Family,20,50,0_0_1,0.276127612761276,0.97029702970297,0.315809097688292,0.993288590604027
2,Family,25,50,0_0_1,0.275302530253025,0.98019801980198,0.313571961222968,1
2,Family,5,50,0_1_0,0.278327832783278,0.98019801980198,0.315809097688292,1
2,Family,10,50,0_1_0,0.276402640264026,0.98019801980198,0.315063385533184,0.993288590604027
2,Family,15,50,0_1_0,0.275577557755776,0.98019801980198,0.313199105145414,1
2,Family,20,50,0_1_0,0.274752475247525,0.985148514851485,0.313944817300522,1
2,Family,25,50,0_1_0,0.272552255225523,0.965346534653465,0.310961968680089,0.986577181208054
2,Family,5,50,1_0_0,0.545654565456546,1,0.531692766592095,1
2,Family,10,50,1_0_0,0.545379537953795,1,0.534302759134974,1
2,Family,15,50,1_0_0,0.547854785478548,1,0.536167039522744,1
2,Family,20,50,1_0_0,0.574532453245325,1,0.557046979865772,1
2,Family,25,50,1_0_0,0.565181518151815,1,0.548844146159582,1
2,Family,5,50,1_1_1,0.489273927392739,1,0.508575689783743,1
2,Family,10,50,1_1_1,0.514301430143014,1,0.530947054436987,1
2,Family,15,50,1_1_1,0.504125412541254,1,0.524235645041014,1
2,Family,20,50,1_1_1,0.487073707370737,1,0.508948545861298,1
2,Family,25,50,1_1_1,0.497524752475248,1,0.514541387024608,1
2,Family,5,55,0_0_0,0.338833883388339,1,0.372011251758087,1
2,Family,10,55,0_0_0,0.346534653465346,1,0.380450070323488,1
2,Family,15,55,0_0_0,0.348734873487349,1,0.382208157524613,1
2,Family,20,55,0_0_0,0.348184818481848,1,0.381153305203938,1
2,Family,25,55,0_0_0,0.351210121012101,1,0.384317862165963,1
2,Family,5,55,0_0_1,0.26980198019802,0.99009900990099,0.29817158931083,1
2,Family,10,55,0_0_1,0.266776677667767,0.975247524752475,0.29535864978903,1
2,Family,15,55,0_0_1,0.276127612761276,0.99009900990099,0.30239099859353,1
2,Family,20,55,0_0_1,0.275302530253025,0.995049504950495,0.304852320675105,1
2,Family,25,55,0_0_1,0.276677667766777,0.99009900990099,0.307665260196906,1
2,Family,5,55,0_1_0,0.272827282728273,0.98019801980198,0.306610407876231,1
2,Family,10,55,0_1_0,0.276127612761276,0.985148514851485,0.309071729957806,1
2,Family,15,55,0_1_0,0.274752475247525,0.97029702970297,0.311884669479606,0.993670886075949
2,Family,20,55,0_1_0,0.284928492849285,0.975247524752475,0.319268635724332,0.993670886075949
2,Family,25,55,0_1_0,0.286028602860286,0.975247524752475,0.319268635724332,0.993670886075949
2,Family,5,55,1_0_0,0.550880088008801,1,0.541139240506329,1
2,Family,10,55,1_0_0,0.545104510451045,1,0.539029535864979,1
2,Family,15,55,1_0_0,0.541804180418042,1,0.538326300984529,1
2,Family,20,55,1_0_0,0.538503850385038,1,0.534106891701828,1
2,Family,25,55,1_0_0,0.547029702970297,1,0.543248945147679,1
2,Family,5,55,1_1_1,0.460671067106711,1,0.462025316455696,1
2,Family,10,55,1_1_1,0.444444444444444,1,0.439170182841069,1
2,Family,15,55,1_1_1,0.445544554455446,1,0.441983122362869,1
2,Family,20,55,1_1_1,0.451870187018702,1,0.44620253164557,1
2,Family,25,55,1_1_1,0.444719471947195,1,0.440576652601969,1
2,Family,5,60,0_0_0,0.341309130913091,1,0.371056241426612,1
2,Family,10,60,0_0_0,0.342684268426843,1,0.371742112482853,1
2,Family,15,60,0_0_0,0.351760176017602,1,0.380315500685871,1
2,Family,20,60,0_0_0,0.352310231023102,1,0.380315500685871,1
2,Family,25,60,0_0_0,0.351485148514851,1,0.380315500685871,1
2,Family,5,60,0_0_1,0.295654565456546,0.99009900990099,0.328875171467764,1
2,Family,10,60,0_0_1,0.287128712871287,0.985148514851485,0.319615912208505,0.993827160493827
2,Family,15,60,0_0_1,0.296204620462046,0.985148514851485,0.328532235939643,0.993827160493827
2,Family,20,60,0_0_1,0.294279427942794,0.98019801980198,0.324074074074074,0.981481481481482
2,Family,25,60,0_0_1,0.294279427942794,0.98019801980198,0.324759945130315,1
2,Family,5,60,0_1_0,0.292629262926293,0.98019801980198,0.324759945130315,1
2,Family,10,60,0_1_0,0.300605060506051,0.99009900990099,0.333333333333333,1
2,Family,15,60,0_1_0,0.28960396039604,0.985148514851485,0.32201646090535,1
2,Family,20,60,0_1_0,0.303355335533553,1,0.333676268861454,1
2,Family,25,60,0_1_0,0.297854785478548,0.995049504950495,0.330246913580247,1
2,Family,5,60,1_0_0,0.519526952695269,1,0.515775034293553,1
2,Family,10,60,1_0_0,0.531078107810781,1,0.52880658436214,1
2,Family,15,60,1_0_0,0.533828382838284,1,0.532921810699588,1
2,Family,20,60,1_0_0,0.528327832783278,1,0.525377229080933,1
2,Family,25,60,1_0_0,0.539328932893289,1,0.539437585733882,1
2,Family,5,60,1_1_1,0.485423542354235,1,0.505144032921811,1
2,Family,10,60,1_1_1,0.49037403740374,1,0.508573388203018,1
2,Family,15,60,1_1_1,0.490649064906491,1,0.507544581618656,1
2,Family,20,60,1_1_1,0.484873487348735,1,0.503772290809328,1
2,Family,25,60,1_1_1,0.487623762376238,1,0.505486968449931,1
2,Family,5,65,0_0_0,0.350660066006601,1,0.375992063492063,1
2,Family,10,65,0_0_0,0.350935093509351,1,0.375992063492063,1
2,Family,15,65,0_0_0,0.353135313531353,1,0.378637566137566,1
2,Family,20,65,0_0_0,0.352585258525853,1,0.377314814814815,1
2,Family,25,65,0_0_0,0.353685368536854,1,0.378306878306878,1
2,Family,5,65,0_0_1,0.3003300330033,1,0.326388888888889,1
2,Family,10,65,0_0_1,0.286853685368537,1,0.313161375661376,1
2,Family,15,65,0_0_1,0.282453245324532,1,0.307208994708995,1
2,Family,20,65,0_0_1,0.282728272827283,1,0.308201058201058,1
2,Family,25,65,0_0_1,0.275577557755776,1,0.298611111111111,1
2,Family,5,65,0_1_0,0.315731573157316,1,0.338955026455026,1
2,Family,10,65,0_1_0,0.30995599559956,0.995049504950495,0.333333333333333,1
2,Family,15,65,0_1_0,0.3003300330033,0.995049504950495,0.322420634920635,1
2,Family,20,65,0_1_0,0.295654565456546,1,0.318121693121693,1
2,Family,25,65,0_1_0,0.303355335533553,1,0.32771164021164,1
2,Family,5,65,1_0_0,0.501100110011001,1,0.500330687830688,1
2,Family,10,65,1_0_0,0.503575357535754,1,0.502645502645503,1
2,Family,15,65,1_0_0,0.508800880088009,1,0.511574074074074,1
2,Family,20,65,1_0_0,0.503025302530253,1,0.503968253968254,1
2,Family,25,65,1_0_0,0.511826182618262,1,0.514880952380952,1
2,Family,5,65,1_1_1,0.480748074807481,1,0.488425925925926,1
2,Family,10,65,1_1_1,0.468646864686469,1,0.480489417989418,1
2,Family,15,65,1_1_1,0.486523652365237,1,0.500661375661376,1
2,Family,20,65,1_1_1,0.471397139713971,1,0.485780423280423,1
2,Family,25,65,1_1_1,0.481573157315732,1,0.491071428571429,1
2,Family,5,70,0_0_0,0.349284928492849,1,0.37015873015873,1
2,Family,10,70,0_0_0,0.352585258525853,1,0.374603174603175,1
2,Family,15,70,0_0_0,0.353135313531353,1,0.374603174603175,1
2,Family,20,70,0_0_0,0.354785478547855,1,0.376507936507936,1
2,Family,25,70,0_0_0,0.355335533553355,1,0.377142857142857,1
2,Family,5,70,0_0_1,0.318481848184818,0.995049504950495,0.34031746031746,0.994285714285714
2,Family,10,70,0_0_1,0.323707370737074,1,0.345714285714286,1
2,Family,15,70,0_0_1,0.315181518151815,1,0.336507936507936,1
2,Family,20,70,0_0_1,0.317931793179318,1,0.338412698412698,1
2,Family,25,70,0_0_1,0.316831683168317,1,0.337460317460317,1
2,Family,5,70,0_1_0,0.321507150715072,1,0.338095238095238,1
2,Family,10,70,0_1_0,0.33003300330033,1,0.347619047619048,1
2,Family,15,70,0_1_0,0.305830583058306,0.995049504950495,0.328253968253968,1
2,Family,20,70,0_1_0,0.311606160616062,1,0.332698412698413,1
2,Family,25,70,0_1_0,0.313256325632563,1,0.333015873015873,1
2,Family,5,70,1_0_0,0.593784378437844,1,0.578095238095238,1
2,Family,10,70,1_0_0,0.601210121012101,1,0.586984126984127,1
2,Family,15,70,1_0_0,0.605060506050605,1,0.588888888888889,1
2,Family,20,70,1_0_0,0.607810781078108,1,0.593650793650794,1
2,Family,25,70,1_0_0,0.606985698569857,1,0.591111111111111,1
2,Family,5,70,1_1_1,0.533553355335534,1,0.526666666666667,1
2,Family,10,70,1_1_1,0.556380638063806,1,0.546349206349206,1
2,Family,15,70,1_1_1,0.551980198019802,1,0.539365079365079,1
2,Family,20,70,1_1_1,0.560506050605061,1,0.546666666666667,1
2,Family,25,70,1_1_1,0.554730473047305,1,0.544126984126984,1
3,Family,5,0,0_0_0,0.3388338833883388,1.0,,
3,Family,10,0,0_0_0,0.334983498349835,1.0,,
3,Family,15,0,0_0_0,0.33828382838283827,1.0,,
3,Family,20,0,0_0_0,0.3371837183718372,1.0,,
3,Family,25,0,0_0_0,0.3426842684268427,1.0,,
3,Family,5,0,0_0_1,0.17354235423542355,0.9108910891089109,,
3,Family,10,0,0_0_1,0.17684268426842684,0.9108910891089109,,
3,Family,15,0,0_0_1,0.17766776677667767,0.8910891089108911,,
3,Family,20,0,0_0_1,0.17546754675467546,0.8811881188118812,,
3,Family,25,0,0_0_1,0.17106710671067107,0.8762376237623762,,
3,Family,5,0,0_1_0,0.16446644664466448,0.8811881188118812,,
3,Family,10,0,0_1_0,0.16611661166116612,0.8663366336633663,,
3,Family,15,0,0_1_0,0.1639163916391639,0.8613861386138614,,
3,Family,20,0,0_1_0,0.16611661166116612,0.8762376237623762,,
3,Family,25,0,0_1_0,0.1628162816281628,0.8960396039603961,,
3,Family,5,0,1_0_0,0.5761826182618262,1.0,,
3,Family,10,0,1_0_0,0.5704070407040704,1.0,,
3,Family,15,0,1_0_0,0.567931793179318,1.0,,
3,Family,20,0,1_0_0,0.573982398239824,1.0,,
3,Family,25,0,1_0_0,0.5704070407040704,1.0,,
3,Family,5,0,1_1_1,0.6647414741474147,1.0,,
3,Family,10,0,1_1_1,0.6727172717271728,1.0,,
3,Family,15,0,1_1_1,0.6716171617161716,1.0,,
3,Family,20,0,1_1_1,0.676017601760176,1.0,,
3,Family,25,0,1_1_1,0.6787678767876788,1.0,,
3,Family,5,5,0_0_0,0.3286578657865787,1.0,0.4097222222222222,1.0
3,Family,10,5,0_0_0,0.3432343234323432,1.0,0.41435185185185186,1.0
3,Family,15,5,0_0_0,0.34598459845984597,1.0,0.4166666666666667,1.0
3,Family,20,5,0_0_0,0.3465346534653465,1.0,0.41203703703703703,1.0
3,Family,25,5,0_0_0,0.34680968096809683,1.0,0.41435185185185186,1.0
3,Family,5,5,0_0_1,0.16886688668866887,0.900990099009901,0.2222222222222222,1.0
3,Family,10,5,0_0_1,0.17134213421342134,0.9158415841584159,0.22916666666666666,1.0
3,Family,15,5,0_0_1,0.16666666666666666,0.9108910891089109,0.21064814814814814,1.0
3,Family,20,5,0_0_1,0.16474147414741475,0.8960396039603961,0.21064814814814814,1.0
3,Family,25,5,0_0_1,0.16584158415841585,0.905940594059406,0.2152777777777778,1.0
3,Family,5,5,0_1_0,0.15841584158415842,0.8762376237623762,0.2337962962962963,1.0
3,Family,10,5,0_1_0,0.1630913091309131,0.8811881188118812,0.24074074074074073,1.0
3,Family,15,5,0_1_0,0.16006600660066006,0.8811881188118812,0.2199074074074074,1.0
3,Family,20,5,0_1_0,0.15896589658965896,0.8811881188118812,0.23148148148148148,1.0
3,Family,25,5,0_1_0,0.15924092409240925,0.8861386138613861,0.23148148148148148,1.0
3,Family,5,5,1_0_0,0.5888338833883389,1.0,0.5648148148148148,1.0
3,Family,10,5,1_0_0,0.5836083608360836,1.0,0.5648148148148148,1.0
3,Family,15,5,1_0_0,0.5814081408140814,1.0,0.5416666666666666,1.0
3,Family,20,5,1_0_0,0.5871837183718371,1.0,0.5532407407407407,1.0
3,Family,25,5,1_0_0,0.5937843784378438,1.0,0.5694444444444444,1.0
3,Family,5,5,1_1_1,0.6284378437843784,1.0,0.6296296296296297,1.0
3,Family,10,5,1_1_1,0.6372387238723872,1.0,0.6365740740740741,1.0
3,Family,15,5,1_1_1,0.654015401540154,1.0,0.6412037037037037,1.0
3,Family,20,5,1_1_1,0.6471397139713971,1.0,0.6435185185185185,1.0
3,Family,25,5,1_1_1,0.6523652365236524,1.0,0.6365740740740741,1.0
3,Family,5,10,0_0_0,0.3525852585258526,1.0,0.41252955082742315,1.0
3,Family,10,10,0_0_0,0.3512101210121012,1.0,0.4148936170212766,1.0
3,Family,15,10,0_0_0,0.3523102310231023,1.0,0.4148936170212766,1.0
3,Family,20,10,0_0_0,0.35313531353135313,1.0,0.4148936170212766,1.0
3,Family,25,10,0_0_0,0.35286028602860287,1.0,0.4148936170212766,1.0
3,Family,5,10,0_0_1,0.1850935093509351,0.9752475247524752,0.2127659574468085,0.9787234042553191
3,Family,10,10,0_0_1,0.18729372937293728,0.9752475247524752,0.2198581560283688,1.0
3,Family,15,10,0_0_1,0.18261826182618263,0.9603960396039604,0.21631205673758866,1.0
3,Family,20,10,0_0_1,0.18784378437843785,0.9752475247524752,0.23049645390070922,1.0
3,Family,25,10,0_0_1,0.18866886688668866,0.9900990099009901,0.22695035460992907,1.0
3,Family,5,10,0_1_0,0.2378987898789879,0.9455445544554455,0.26713947990543735,1.0
3,Family,10,10,0_1_0,0.23294829482948295,0.9405940594059405,0.26595744680851063,0.9787234042553191
3,Family,15,10,0_1_0,0.22112211221122113,0.9306930693069306,0.2565011820330969,0.9787234042553191
3,Family,20,10,0_1_0,0.2235973597359736,0.9257425742574258,0.26595744680851063,0.9574468085106383
3,Family,25,10,0_1_0,0.22304730473047304,0.9405940594059405,0.2541371158392435,0.9574468085106383
3,Family,5,10,1_0_0,0.5255775577557755,1.0,0.5059101654846335,1.0
3,Family,10,10,1_0_0,0.5266776677667767,1.0,0.5260047281323877,1.0
3,Family,15,10,1_0_0,0.5187018701870187,1.0,0.5035460992907801,1.0
3,Family,20,10,1_0_0,0.5137513751375138,1.0,0.5094562647754137,1.0
3,Family,25,10,1_0_0,0.5184268426842684,1.0,0.5141843971631206,1.0
3,Family,5,10,1_1_1,0.4471947194719472,1.0,0.4728132387706856,1.0
3,Family,10,10,1_1_1,0.44856985698569857,1.0,0.46926713947990545,1.0
3,Family,15,10,1_1_1,0.45544554455445546,1.0,0.4799054373522459,1.0
3,Family,20,10,1_1_1,0.4383938393839384,1.0,0.4515366430260047,1.0
3,Family,25,10,1_1_1,0.43866886688668866,1.0,0.46217494089834515,1.0
3,Family,5,15,0_0_0,0.34543454345434543,1.0,0.3926553672316384,1.0
3,Family,10,15,0_0_0,0.35066006600660066,1.0,0.3973634651600753,1.0
3,Family,15,15,0_0_0,0.3536853685368537,1.0,0.3973634651600753,1.0
3,Family,20,15,0_0_0,0.35286028602860287,1.0,0.3983050847457627,1.0
3,Family,25,15,0_0_0,0.3536853685368537,1.0,0.3983050847457627,1.0
3,Family,5,15,0_0_1,0.16996699669966997,0.8960396039603961,0.22693032015065914,0.9830508474576272
3,Family,10,15,0_0_1,0.17271727172717272,0.905940594059406,0.23069679849340866,1.0
3,Family,15,15,0_0_1,0.17491749174917492,0.900990099009901,0.23069679849340866,1.0
3,Family,20,15,0_0_1,0.17464246424642466,0.9207920792079208,0.2297551789077213,1.0
3,Family,25,15,0_0_1,0.17656765676567657,0.9108910891089109,0.24293785310734464,1.0
3,Family,5,15,0_1_0,0.17106710671067107,0.8910891089108911,0.23728813559322035,1.0
3,Family,10,15,0_1_0,0.1784928492849285,0.8910891089108911,0.2504708097928437,1.0
3,Family,15,15,0_1_0,0.17216721672167218,0.8811881188118812,0.2391713747645951,1.0
3,Family,20,15,0_1_0,0.1740924092409241,0.905940594059406,0.22504708097928436,1.0
3,Family,25,15,0_1_0,0.1771177117711771,0.8960396039603961,0.23728813559322035,1.0
3,Family,5,15,1_0_0,0.5698569856985699,1.0,0.5357815442561206,1.0
3,Family,10,15,1_0_0,0.6091859185918592,1.0,0.5866290018832392,1.0
3,Family,15,15,1_0_0,0.5951595159515951,1.0,0.5753295668549906,1.0
3,Family,20,15,1_0_0,0.5946094609460946,1.0,0.571563088512241,1.0
3,Family,25,15,1_0_0,0.6047854785478548,1.0,0.583804143126177,1.0
3,Family,5,15,1_1_1,0.4898239823982398,1.0,0.5065913370998116,1.0
3,Family,10,15,1_1_1,0.4986248624862486,1.0,0.5112994350282486,1.0
3,Family,15,15,1_1_1,0.4815731573157316,1.0,0.5056497175141242,1.0
3,Family,20,15,1_1_1,0.47964796479647964,1.0,0.5065913370998116,1.0
3,Family,25,15,1_1_1,0.4823982398239824,1.0,0.512241054613936,1.0
3,Family,5,20,0_0_0,0.3492849284928493,1.0,0.39564564564564564,1.0
3,Family,10,20,0_0_0,0.3501100110011001,1.0,0.39264264264264265,1.0
3,Family,15,20,0_0_0,0.35451045104510454,1.0,0.39564564564564564,1.0
3,Family,20,20,0_0_0,0.35451045104510454,1.0,0.39564564564564564,1.0
3,Family,25,20,0_0_0,0.35533553355335534,1.0,0.39714714714714716,1.0
3,Family,5,20,0_0_1,0.1751925192519252,0.8910891089108911,0.23873873873873874,0.9459459459459459
3,Family,10,20,0_0_1,0.17326732673267325,0.8960396039603961,0.23648648648648649,0.972972972972973
3,Family,15,20,0_0_1,0.17271727172717272,0.8811881188118812,0.22747747747747749,0.9864864864864865
3,Family,20,20,0_0_1,0.17656765676567657,0.8811881188118812,0.23723723723723725,0.9594594594594594
3,Family,25,20,0_0_1,0.17546754675467546,0.8811881188118812,0.23273273273273273,0.972972972972973
3,Family,5,20,0_1_0,0.2136963696369637,0.9851485148514851,0.26651651651651653,1.0
3,Family,10,20,0_1_0,0.19856985698569857,0.9752475247524752,0.23948948948948948,1.0
3,Family,15,20,0_1_0,0.19471947194719472,0.9752475247524752,0.23723723723723725,1.0
3,Family,20,20,0_1_0,0.1883938393839384,0.9752475247524752,0.22897897897897898,1.0
3,Family,25,20,0_1_0,0.1925192519251925,0.9702970297029703,0.22972972972972974,1.0
3,Family,5,20,1_0_0,0.5577557755775577,1.0,0.5135135135135135,1.0
3,Family,10,20,1_0_0,0.5665566556655666,1.0,0.524024024024024,1.0
3,Family,15,20,1_0_0,0.5742574257425742,1.0,0.539039039039039,1.0
3,Family,20,20,1_0_0,0.5717821782178217,1.0,0.539039039039039,1.0
3,Family,25,20,1_0_0,0.581958195819582,1.0,0.5412912912912913,1.0
3,Family,5,20,1_1_1,0.5924092409240924,1.0,0.5818318318318318,1.0
3,Family,10,20,1_1_1,0.599009900990099,1.0,0.5863363363363363,1.0
3,Family,15,20,1_1_1,0.5915841584158416,1.0,0.5780780780780781,1.0
3,Family,20,20,1_1_1,0.578932893289329,1.0,0.5743243243243243,1.0
3,Family,25,20,1_1_1,0.5855335533553355,1.0,0.5818318318318318,1.0
3,Family,5,25,0_0_0,0.34625962596259624,1.0,0.3948412698412698,1.0
3,Family,10,25,0_0_0,0.3495599559955996,1.0,0.39880952380952384,1.0
3,Family,15,25,0_0_0,0.3523102310231023,1.0,0.4001322751322751,1.0
3,Family,20,25,0_0_0,0.35066006600660066,1.0,0.39880952380952384,1.0
3,Family,25,25,0_0_0,0.3534103410341034,1.0,0.40145502645502645,1.0
3,Family,5,25,0_0_1,0.18729372937293728,0.9108910891089109,0.2526455026455027,0.9761904761904762
3,Family,10,25,0_0_1,0.19526952695269528,0.9108910891089109,0.2612433862433862,0.9761904761904762
3,Family,15,25,0_0_1,0.19581958195819582,0.9158415841584159,0.25925925925925924,0.9761904761904762
3,Family,20,25,0_0_1,0.19416941694169418,0.905940594059406,0.25462962962962965,0.9761904761904762
3,Family,25,25,0_0_1,0.19526952695269528,0.9158415841584159,0.2619047619047619,0.9642857142857143
3,Family,5,25,0_1_0,0.21507150715071507,0.9603960396039604,0.2671957671957672,0.9880952380952381
3,Family,10,25,0_1_0,0.20929592959295928,0.9653465346534653,0.2665343915343915,1.0
3,Family,15,25,0_1_0,0.20627062706270627,0.9554455445544554,0.2638888888888889,0.9880952380952381
3,Family,20,25,0_1_0,0.20077007700770078,0.9455445544554455,0.2526455026455027,0.9761904761904762
3,Family,25,25,0_1_0,0.1971947194719472,0.9504950495049505,0.24801587301587302,0.9761904761904762
3,Family,5,25,1_0_0,0.5294279427942794,1.0,0.5224867724867724,1.0
3,Family,10,25,1_0_0,0.5321782178217822,1.0,0.5291005291005291,1.0
3,Family,15,25,1_0_0,0.5385038503850385,1.0,0.5376984126984127,1.0
3,Family,20,25,1_0_0,0.5451045104510451,1.0,0.5396825396825397,1.0
3,Family,25,25,1_0_0,0.5503300330033003,1.0,0.5443121693121693,1.0
3,Family,5,25,1_1_1,0.4777227722772277,1.0,0.48478835978835977,1.0
3,Family,10,25,1_1_1,0.4724972497249725,1.0,0.48214285714285715,1.0
3,Family,15,25,1_1_1,0.48047304730473045,1.0,0.5033068783068783,1.0
3,Family,20,25,1_1_1,0.4746974697469747,1.0,0.5066137566137566,1.0
3,Family,25,25,1_1_1,0.4768976897689769,1.0,0.501984126984127,1.0
3,Family,5,30,0_0_0,0.31518151815181517,1.0,0.36769759450171824,1.0
3,Family,10,30,0_0_0,0.3140814081408141,1.0,0.3642611683848797,1.0
3,Family,15,30,0_0_0,0.3179317931793179,1.0,0.3722794959908362,1.0
3,Family,20,30,0_0_0,0.3248074807480748,1.0,0.3734249713631157,1.0
3,Family,25,30,0_0_0,0.32893289328932895,1.0,0.37628865979381443,1.0
3,Family,5,30,0_0_1,0.23542354235423543,0.9702970297029703,0.2961053837342497,1.0
3,Family,10,30,0_0_1,0.2224972497249725,0.9405940594059405,0.28579610538373423,1.0
3,Family,15,30,0_0_1,0.22882288228822883,0.9554455445544554,0.28751431844215347,1.0
3,Family,20,30,0_0_1,0.22332233223322331,0.9504950495049505,0.28121420389461627,1.0
3,Family,25,30,0_0_1,0.23899889988998899,0.9653465346534653,0.2961053837342497,1.0
3,Family,5,30,0_1_0,0.22744774477447743,0.9356435643564356,0.2961053837342497,1.0
3,Family,10,30,0_1_0,0.2224972497249725,0.9306930693069306,0.293241695303551,1.0
3,Family,15,30,0_1_0,0.2191969196919692,0.9356435643564356,0.2898052691867125,0.9896907216494846
3,Family,20,30,0_1_0,0.2246974697469747,0.9405940594059405,0.29667812142038946,0.9896907216494846
3,Family,25,30,0_1_0,0.22552255225522552,0.9504950495049505,0.2949599083619702,1.0
3,Family,5,30,1_0_0,0.5816831683168316,1.0,0.5544100801832761,1.0
3,Family,10,30,1_0_0,0.5866336633663366,1.0,0.5601374570446735,1.0
3,Family,15,30,1_0_0,0.5891089108910891,1.0,0.5647193585337915,1.0
3,Family,20,30,1_0_0,0.5888338833883389,1.0,0.5607101947308133,1.0
3,Family,25,30,1_0_0,0.591034103410341,1.0,0.5618556701030928,1.0
3,Family,5,30,1_1_1,0.570957095709571,1.0,0.5687285223367697,1.0
3,Family,10,30,1_1_1,0.5995599559955995,1.0,0.6053837342497136,1.0
3,Family,15,30,1_1_1,0.5811331133113311,1.0,0.5830469644902635,1.0
3,Family,20,30,1_1_1,0.5907590759075908,1.0,0.5956471935853379,1.0
3,Family,25,30,1_1_1,0.597084708470847,1.0,0.6042382588774341,1.0
3,Family,5,35,0_0_0,0.35066006600660066,1.0,0.39646464646464646,1.0
3,Family,10,35,0_0_0,0.35066006600660066,1.0,0.39646464646464646,1.0
3,Family,15,35,0_0_0,0.34680968096809683,1.0,0.3934343434343434,1.0
3,Family,20,35,0_0_0,0.35066006600660066,1.0,0.396969696969697,1.0
3,Family,25,35,0_0_0,0.3492849284928493,1.0,0.39494949494949494,1.0
3,Family,5,35,0_0_1,0.23432343234323433,1.0,0.2792929292929293,1.0
3,Family,10,35,0_0_1,0.22442244224422442,0.995049504950495,0.27121212121212124,1.0
3,Family,15,35,0_0_1,0.22607260726072606,0.9851485148514851,0.27424242424242423,0.990909090909091
3,Family,20,35,0_0_1,0.2213971397139714,0.9801980198019802,0.27525252525252525,0.990909090909091
3,Family,25,35,0_0_1,0.2180968096809681,0.9900990099009901,0.2641414141414141,0.990909090909091
3,Family,5,35,0_1_0,0.22332233223322331,0.9257425742574258,0.27575757575757576,0.9818181818181818
3,Family,10,35,0_1_0,0.22194719471947194,0.9158415841584159,0.2777777777777778,0.990909090909091
3,Family,15,35,0_1_0,0.2334983498349835,0.9207920792079208,0.29292929292929293,0.990909090909091
3,Family,20,35,0_1_0,0.23322332233223322,0.9207920792079208,0.2883838383838384,0.9727272727272728
3,Family,25,35,0_1_0,0.24174917491749176,0.9455445544554455,0.29444444444444445,0.9818181818181818
3,Family,5,35,1_0_0,0.5462046204620462,1.0,0.5338383838383839,1.0
3,Family,10,35,1_0_0,0.5459295929592959,1.0,0.5368686868686868,1.0
3,Family,15,35,1_0_0,0.5508800880088008,1.0,0.5368686868686868,1.0
3,Family,20,35,1_0_0,0.5464796479647965,1.0,0.5318181818181819,1.0
3,Family,25,35,1_0_0,0.5525302530253026,1.0,0.5398989898989899,1.0
3,Family,5,35,1_1_1,0.3767876787678768,1.0,0.4106060606060606,1.0
3,Family,10,35,1_1_1,0.37486248624862484,1.0,0.4121212121212121,1.0
3,Family,15,35,1_1_1,0.3704620462046205,1.0,0.4121212121212121,1.0
3,Family,20,35,1_1_1,0.3666116611661166,1.0,0.40555555555555556,1.0
3,Family,25,35,1_1_1,0.36633663366336633,1.0,0.40555555555555556,1.0
3,Family,5,40,0_0_0,0.33855885588558854,1.0,0.38705234159779617,1.0
3,Family,10,40,0_0_0,0.3415841584158416,1.0,0.39118457300275483,1.0
3,Family,15,40,0_0_0,0.33855885588558854,1.0,0.384297520661157,1.0
3,Family,20,40,0_0_0,0.3413091309130913,1.0,0.38659320477502296,1.0
3,Family,25,40,0_0_0,0.3435093509350935,1.0,0.39026629935720847,1.0
3,Family,5,40,0_0_1,0.23404840484048406,0.900990099009901,0.29201101928374656,0.9669421487603306
3,Family,10,40,0_0_1,0.2433993399339934,0.9405940594059405,0.30670339761248855,0.9917355371900827
3,Family,15,40,0_0_1,0.24752475247524752,0.9504950495049505,0.30899908172635443,1.0
3,Family,20,40,0_0_1,0.25495049504950495,0.9504950495049505,0.3135904499540863,1.0
3,Family,25,40,0_0_1,0.253025302530253,0.9504950495049505,0.31129476584022037,0.9917355371900827
3,Family,5,40,0_1_0,0.23624862486248624,0.9257425742574258,0.29476584022038566,1.0
3,Family,10,40,0_1_0,0.2544004400440044,0.9554455445544554,0.3108356290174472,1.0
3,Family,15,40,0_1_0,0.25357535753575355,0.9504950495049505,0.31129476584022037,1.0
3,Family,20,40,0_1_0,0.2552255225522552,0.9455445544554455,0.3122130394857668,0.9917355371900827
3,Family,25,40,0_1_0,0.2577007700770077,0.9455445544554455,0.3117539026629936,0.9917355371900827
3,Family,5,40,1_0_0,0.5104510451045104,1.0,0.4857667584940312,1.0
3,Family,10,40,1_0_0,0.5426292629262927,1.0,0.5137741046831956,1.0
3,Family,15,40,1_0_0,0.5415291529152916,1.0,0.5188246097337006,1.0
3,Family,20,40,1_0_0,0.5431793179317932,1.0,0.5183654729109275,1.0
3,Family,25,40,1_0_0,0.5544554455445545,1.0,0.527089072543618,1.0
3,Family,5,40,1_1_1,0.6113861386138614,1.0,0.5909090909090909,1.0
3,Family,10,40,1_1_1,0.5921342134213421,1.0,0.5762167125803489,1.0
3,Family,15,40,1_1_1,0.6328382838283828,1.0,0.6184573002754821,1.0
3,Family,20,40,1_1_1,0.6086358635863587,1.0,0.6033057851239669,1.0
3,Family,25,40,1_1_1,0.6223872387238724,1.0,0.6092745638200183,1.0
3,Family,5,45,0_0_0,0.323982398239824,0.9900990099009901,0.36967418546365916,1.0
3,Family,10,45,0_0_0,0.3264576457645765,0.995049504950495,0.3705096073517126,1.0
3,Family,15,45,0_0_0,0.32233223322332233,0.995049504950495,0.3654970760233918,1.0
3,Family,20,45,0_0_0,0.33855885588558854,0.995049504950495,0.3788638262322473,1.0
3,Family,25,45,0_0_0,0.32233223322332233,0.9900990099009901,0.36466165413533835,1.0
3,Family,5,45,0_0_1,0.24504950495049505,0.9455445544554455,0.2869674185463659,0.9774436090225564
3,Family,10,45,0_0_1,0.24257425742574257,0.9257425742574258,0.2832080200501253,0.9699248120300752
3,Family,15,45,0_0_1,0.24174917491749176,0.9207920792079208,0.2827903091060986,0.9699248120300752
3,Family,20,45,0_0_1,0.24064906490649066,0.9306930693069306,0.28153717627401836,0.9699248120300752
3,Family,25,45,0_0_1,0.24697469746974698,0.9405940594059405,0.2878028404344194,0.9699248120300752
3,Family,5,45,0_1_0,0.24504950495049505,0.9851485148514851,0.28111946532999166,0.9924812030075187
3,Family,10,45,0_1_0,0.24257425742574257,0.9603960396039604,0.2832080200501253,0.9849624060150376
3,Family,15,45,0_1_0,0.24284928492849284,0.9653465346534653,0.28153717627401836,0.9774436090225564
3,Family,20,45,0_1_0,0.24697469746974698,0.9653465346534653,0.28404344193817876,0.9924812030075187
3,Family,25,45,0_1_0,0.24614961496149615,0.9554455445544554,0.2878028404344194,0.9924812030075187
3,Family,5,45,1_0_0,0.5451045104510451,1.0,0.5229741019214703,1.0
3,Family,10,45,1_0_0,0.5437293729372937,1.0,0.5183792815371763,1.0
3,Family,15,45,1_0_0,0.5497799779977998,1.0,0.5242272347535506,1.0
3,Family,20,45,1_0_0,0.5654565456545655,1.0,0.5401002506265664,1.0
3,Family,25,45,1_0_0,0.5643564356435643,1.0,0.5384294068504595,1.0
3,Family,5,45,1_1_1,0.3578107810781078,1.0,0.39557226399331663,1.0
3,Family,10,45,1_1_1,0.356985698569857,1.0,0.3968253968253968,1.0
3,Family,15,45,1_1_1,0.35616061606160615,1.0,0.3964076858813701,1.0
3,Family,20,45,1_1_1,0.3564356435643564,1.0,0.39598997493734334,1.0
3,Family,25,45,1_1_1,0.3550605060506051,1.0,0.3943191311612364,1.0
3,Family,5,50,0_0_0,0.3556105610561056,1.0,0.3980815347721823,1.0
3,Family,10,50,0_0_0,0.3556105610561056,1.0,0.3980815347721823,1.0
3,Family,15,50,0_0_0,0.3558855885588559,1.0,0.3980815347721823,1.0
3,Family,20,50,0_0_0,0.3564356435643564,1.0,0.3980815347721823,1.0
3,Family,25,50,0_0_0,0.3564356435643564,1.0,0.3980815347721823,1.0
3,Family,5,50,0_0_1,0.25577557755775576,0.9603960396039604,0.2993605115907274,1.0
3,Family,10,50,0_0_1,0.24202420242024203,0.9504950495049505,0.28816946442845726,0.9856115107913669
3,Family,15,50,0_0_1,0.24064906490649066,0.9603960396039604,0.28497202238209435,1.0
3,Family,20,50,0_0_1,0.23707370737073707,0.9455445544554455,0.2825739408473221,0.9856115107913669
3,Family,25,50,0_0_1,0.24147414741474146,0.9504950495049505,0.28617106314948043,1.0
3,Family,5,50,0_1_0,0.25495049504950495,0.9801980198019802,0.2965627498001599,1.0
3,Family,10,50,0_1_0,0.2577007700770077,0.995049504950495,0.29576338928856916,1.0
3,Family,15,50,0_1_0,0.24367436743674367,0.9900990099009901,0.2805755395683453,1.0
3,Family,20,50,0_1_0,0.24697469746974698,0.995049504950495,0.2809752198241407,0.9928057553956835
3,Family,25,50,0_1_0,0.24504950495049505,0.9900990099009901,0.2797761790567546,1.0
3,Family,5,50,1_0_0,0.4966996699669967,1.0,0.49600319744204635,1.0
3,Family,10,50,1_0_0,0.4953245324532453,1.0,0.49480415667466027,1.0
3,Family,15,50,1_0_0,0.5176017601760176,1.0,0.5155875299760192,1.0
3,Family,20,50,1_0_0,0.5167766776677668,1.0,0.5123900879296562,1.0
3,Family,25,50,1_0_0,0.5129262926292629,1.0,0.5027977617905676,1.0
3,Family,5,50,1_1_1,0.44774477447744776,1.0,0.44844124700239807,1.0
3,Family,10,50,1_1_1,0.48734873487348734,1.0,0.4980015987210232,1.0
3,Family,15,50,1_1_1,0.46204620462046203,1.0,0.4628297362110312,1.0
3,Family,20,50,1_1_1,0.4661716171617162,1.0,0.4704236610711431,1.0
3,Family,25,50,1_1_1,0.4766226622662266,1.0,0.47601918465227816,1.0
3,Family,5,55,0_0_0,0.35286028602860287,1.0,0.38997113997113997,1.0
3,Family,10,55,0_0_0,0.35313531353135313,1.0,0.3906926406926407,1.0
3,Family,15,55,0_0_0,0.3534103410341034,1.0,0.3903318903318903,1.0
3,Family,20,55,0_0_0,0.3525852585258526,1.0,0.3888888888888889,1.0
3,Family,25,55,0_0_0,0.35451045104510454,1.0,0.3906926406926407,1.0
3,Family,5,55,0_0_1,0.2709020902090209,0.9702970297029703,0.306998556998557,0.9805194805194806
3,Family,10,55,0_0_1,0.2632013201320132,0.9900990099009901,0.29653679653679654,0.9935064935064936
3,Family,15,55,0_0_1,0.26265126512651266,0.9801980198019802,0.2950937950937951,0.987012987012987
3,Family,20,55,0_0_1,0.2546754675467547,0.9653465346534653,0.2886002886002886,0.987012987012987
3,Family,25,55,0_0_1,0.2645764576457646,0.9752475247524752,0.29797979797979796,0.9935064935064936
3,Family,5,55,0_1_0,0.2808030803080308,0.9900990099009901,0.31096681096681095,1.0
3,Family,10,55,0_1_0,0.2901540154015402,1.0,0.31962481962481964,1.0
3,Family,15,55,0_1_0,0.2794279427942794,0.9801980198019802,0.3134920634920635,1.0
3,Family,20,55,0_1_0,0.2931793179317932,1.0,0.32575757575757575,1.0
3,Family,25,55,0_1_0,0.2887788778877888,0.9900990099009901,0.32142857142857145,1.0
3,Family,5,55,1_0_0,0.6344884488448845,1.0,0.6038961038961039,1.0
3,Family,10,55,1_0_0,0.6344884488448845,1.0,0.6042568542568543,1.0
3,Family,15,55,1_0_0,0.6347634763476347,1.0,0.6038961038961039,1.0
3,Family,20,55,1_0_0,0.6391639163916392,1.0,0.6053391053391053,1.0
3,Family,25,55,1_0_0,0.636963696369637,1.0,0.6038961038961039,1.0
3,Family,5,55,1_1_1,0.5154015401540154,1.0,0.5241702741702742,1.0
3,Family,10,55,1_1_1,0.5222772277227723,1.0,0.5313852813852814,1.0
3,Family,15,55,1_1_1,0.5093509350935094,1.0,0.5155122655122655,1.0
3,Family,20,55,1_1_1,0.5198019801980198,1.0,0.5248917748917749,1.0
3,Family,25,55,1_1_1,0.5255775577557755,1.0,0.5378787878787878,1.0
3,Family,5,60,0_0_0,0.3542354235423542,1.0,0.3840877914951989,1.0
3,Family,10,60,0_0_0,0.35616061606160615,1.0,0.3864883401920439,1.0
3,Family,15,60,0_0_0,0.3550605060506051,1.0,0.38511659807956106,1.0
3,Family,20,60,0_0_0,0.35533553355335534,1.0,0.38614540466392316,1.0
3,Family,25,60,0_0_0,0.3556105610561056,1.0,0.38580246913580246,1.0
3,Family,5,60,0_0_1,0.2931793179317932,0.995049504950495,0.3281893004115226,1.0
3,Family,10,60,0_0_1,0.30363036303630364,0.995049504950495,0.33641975308641975,1.0
3,Family,15,60,0_0_1,0.30143014301430143,0.995049504950495,0.33539094650205764,1.0
3,Family,20,60,0_0_1,0.29812981298129815,0.995049504950495,0.3323045267489712,1.0
3,Family,25,60,0_0_1,0.3069306930693069,1.0,0.3391632373113855,1.0
3,Family,5,60,0_1_0,0.28602860286028603,0.9851485148514851,0.31275720164609055,0.9876543209876543
3,Family,10,60,0_1_0,0.2876787678767877,1.0,0.31584362139917693,1.0
3,Family,15,60,0_1_0,0.2887788778877888,1.0,0.3168724279835391,1.0
3,Family,20,60,0_1_0,0.28465346534653463,0.995049504950495,0.31378600823045266,1.0
3,Family,25,60,0_1_0,0.2852035203520352,0.995049504950495,0.3113854595336077,1.0
3,Family,5,60,1_0_0,0.4491199119911991,1.0,0.4537037037037037,1.0
3,Family,10,60,1_0_0,0.4381188118811881,1.0,0.446159122085048,1.0
3,Family,15,60,1_0_0,0.4436193619361936,1.0,0.4513031550068587,1.0
3,Family,20,60,1_0_0,0.4507700770077008,1.0,0.45987654320987653,1.0
3,Family,25,60,1_0_0,0.43344334433443343,1.0,0.44135802469135804,1.0
3,Family,5,60,1_1_1,0.40594059405940597,1.0,0.4111796982167353,1.0
3,Family,10,60,1_1_1,0.41391639163916394,1.0,0.4221536351165981,1.0
3,Family,15,60,1_1_1,0.39933993399339934,1.0,0.4070644718792867,1.0
3,Family,20,60,1_1_1,0.40374037403740376,1.0,0.41426611796982166,1.0
3,Family,25,60,1_1_1,0.39823982398239827,1.0,0.40843621399176955,1.0
3,Family,5,65,0_0_0,0.3470847084708471,1.0,0.3726851851851852,1.0
3,Family,10,65,0_0_0,0.3523102310231023,1.0,0.37665343915343913,1.0
3,Family,15,65,0_0_0,0.35286028602860287,1.0,0.3783068783068783,1.0
3,Family,20,65,0_0_0,0.35313531353135313,1.0,0.3783068783068783,1.0
3,Family,25,65,0_0_0,0.35286028602860287,1.0,0.37896825396825395,1.0
3,Family,5,65,0_0_1,0.30115511551155116,0.9801980198019802,0.32506613756613756,0.9940476190476191
3,Family,10,65,0_0_1,0.3008800880088009,1.0,0.32506613756613756,1.0
3,Family,15,65,0_0_1,0.2973047304730473,0.9900990099009901,0.32076719576719576,0.9940476190476191
3,Family,20,65,0_0_1,0.2986798679867987,0.9801980198019802,0.3220899470899471,0.9880952380952381
3,Family,25,65,0_0_1,0.29455445544554454,0.9801980198019802,0.3177910052910053,0.9880952380952381
3,Family,5,65,0_1_0,0.2896039603960396,0.9851485148514851,0.3167989417989418,1.0
3,Family,10,65,0_1_0,0.3083058305830583,0.995049504950495,0.3369708994708995,0.9940476190476191
3,Family,15,65,0_1_0,0.31573157315731576,0.9851485148514851,0.3449074074074074,0.9940476190476191
3,Family,20,65,0_1_0,0.31353135313531355,0.9900990099009901,0.33994708994708994,1.0
3,Family,25,65,0_1_0,0.3217821782178218,0.9900990099009901,0.3455687830687831,1.0
3,Family,5,65,1_0_0,0.564906490649065,1.0,0.548941798941799,1.0
3,Family,10,65,1_0_0,0.5742574257425742,1.0,0.5578703703703703,1.0
3,Family,15,65,1_0_0,0.5726072607260726,1.0,0.5591931216931217,1.0
3,Family,20,65,1_0_0,0.5899339933993399,1.0,0.5763888888888888,1.0
3,Family,25,65,1_0_0,0.5858085808580858,1.0,0.5730820105820106,1.0
3,Family,5,65,1_1_1,0.5365786578657866,1.0,0.5264550264550265,1.0
3,Family,10,65,1_1_1,0.5310781078107811,1.0,0.5218253968253969,1.0
3,Family,15,65,1_1_1,0.5470297029702971,1.0,0.5400132275132276,1.0
3,Family,20,65,1_1_1,0.5613311331133113,1.0,0.5499338624338624,1.0
3,Family,25,65,1_1_1,0.5572057205720572,1.0,0.5539021164021164,1.0
3,Family,5,70,0_0_0,0.35616061606160615,1.0,0.37507846829880725,1.0
3,Family,10,70,0_0_0,0.3564356435643564,1.0,0.3753923414940364,1.0
3,Family,15,70,0_0_0,0.3564356435643564,1.0,0.3753923414940364,1.0
3,Family,20,70,0_0_0,0.3564356435643564,1.0,0.3753923414940364,1.0
3,Family,25,70,0_0_0,0.3564356435643564,1.0,0.3753923414940364,1.0
3,Family,5,70,0_0_1,0.31133113311331134,0.995049504950495,0.33113622096672946,1.0
3,Family,10,70,0_0_1,0.305005500550055,1.0,0.325172630257376,1.0
3,Family,15,70,0_0_1,0.3107810781078108,1.0,0.3314500941619586,1.0
3,Family,20,70,0_0_1,0.3140814081408141,1.0,0.3352165725047081,1.0
3,Family,25,70,0_0_1,0.3138063806380638,1.0,0.33207784055241685,1.0
3,Family,5,70,0_1_0,0.29372937293729373,0.9900990099009901,0.3123038292529818,1.0
3,Family,10,70,0_1_0,0.2854785478547855,0.995049504950495,0.3050847457627119,1.0
3,Family,15,70,0_1_0,0.29262926292629265,0.995049504950495,0.31198995605775265,1.0
3,Family,20,70,0_1_0,0.29895489548954896,0.995049504950495,0.31858129315756434,1.0
3,Family,25,70,0_1_0,0.2929042904290429,0.9851485148514851,0.31418706842435656,0.9943502824858758
3,Family,5,70,1_0_0,0.6009350935093509,1.0,0.5941619585687382,1.0
3,Family,10,70,1_0_0,0.6111111111111112,1.0,0.6054613935969868,1.0
3,Family,15,70,1_0_0,0.6133113311331133,1.0,0.6060891399874451,1.0
3,Family,20,70,1_0_0,0.6163366336633663,1.0,0.610797237915882,1.0
3,Family,25,70,1_0_0,0.606985698569857,1.0,0.6013810420590081,1.0
3,Family,5,70,1_1_1,0.43454345434543457,1.0,0.4406779661016949,1.0
3,Family,10,70,1_1_1,0.4312431243124312,1.0,0.4387947269303202,1.0
3,Family,15,70,1_1_1,0.4172167216721672,1.0,0.4256120527306968,1.0
3,Family,20,70,1_1_1,0.4075907590759076,1.0,0.418706842435656,1.0
3,Family,25,70,1_1_1,0.39933993399339934,1.0,0.4067796610169492,1.0
4,Family,5,0,0_0_0,0.3388338833883388,1.0,,
4,Family,10,0,0_0_0,0.334983498349835,1.0,,
4,Family,15,0,0_0_0,0.33828382838283827,1.0,,
4,Family,20,0,0_0_0,0.3371837183718372,1.0,,
4,Family,25,0,0_0_0,0.3426842684268427,1.0,,
4,Family,5,0,0_0_1,0.17354235423542355,0.9108910891089109,,
4,Family,10,0,0_0_1,0.17684268426842684,0.9108910891089109,,
4,Family,15,0,0_0_1,0.17766776677667767,0.8910891089108911,,
4,Family,20,0,0_0_1,0.17546754675467546,0.8811881188118812,,
4,Family,25,0,0_0_1,0.17106710671067107,0.8762376237623762,,
4,Family,5,0,0_1_0,0.16446644664466448,0.8811881188118812,,
4,Family,10,0,0_1_0,0.16611661166116612,0.8663366336633663,,
4,Family,15,0,0_1_0,0.1639163916391639,0.8613861386138614,,
4,Family,20,0,0_1_0,0.16611661166116612,0.8762376237623762,,
4,Family,25,0,0_1_0,0.1628162816281628,0.8960396039603961,,
4,Family,5,0,1_0_0,0.5761826182618262,1.0,,
4,Family,10,0,1_0_0,0.5704070407040704,1.0,,
4,Family,15,0,1_0_0,0.567931793179318,1.0,,
4,Family,20,0,1_0_0,0.573982398239824,1.0,,
4,Family,25,0,1_0_0,0.5704070407040704,1.0,,
4,Family,5,0,1_1_1,0.6647414741474147,1.0,,
4,Family,10,0,1_1_1,0.6727172717271728,1.0,,
4,Family,15,0,1_1_1,0.6716171617161716,1.0,,
4,Family,20,0,1_1_1,0.676017601760176,1.0,,
4,Family,25,0,1_1_1,0.6787678767876788,1.0,,
4,Family,5,5,0_0_0,0.3286578657865787,1.0,0.4097222222222222,1.0
4,Family,10,5,0_0_0,0.3432343234323432,1.0,0.41435185185185186,1.0
4,Family,15,5,0_0_0,0.34598459845984597,1.0,0.4166666666666667,1.0
4,Family,20,5,0_0_0,0.3465346534653465,1.0,0.41203703703703703,1.0
4,Family,25,5,0_0_0,0.34680968096809683,1.0,0.41435185185185186,1.0
4,Family,5,5,0_0_1,0.16886688668866887,0.900990099009901,0.2222222222222222,1.0
4,Family,10,5,0_0_1,0.17134213421342134,0.9158415841584159,0.22916666666666666,1.0
4,Family,15,5,0_0_1,0.16666666666666666,0.9108910891089109,0.21064814814814814,1.0
4,Family,20,5,0_0_1,0.16474147414741475,0.8960396039603961,0.21064814814814814,1.0
4,Family,25,5,0_0_1,0.16584158415841585,0.905940594059406,0.2152777777777778,1.0
4,Family,5,5,0_1_0,0.15841584158415842,0.8762376237623762,0.2337962962962963,1.0
4,Family,10,5,0_1_0,0.1630913091309131,0.8811881188118812,0.24074074074074073,1.0
4,Family,15,5,0_1_0,0.16006600660066006,0.8811881188118812,0.2199074074074074,1.0
4,Family,20,5,0_1_0,0.15896589658965896,0.8811881188118812,0.23148148148148148,1.0
4,Family,25,5,0_1_0,0.15924092409240925,0.8861386138613861,0.23148148148148148,1.0
4,Family,5,5,1_0_0,0.5888338833883389,1.0,0.5648148148148148,1.0
4,Family,10,5,1_0_0,0.5836083608360836,1.0,0.5648148148148148,1.0
4,Family,15,5,1_0_0,0.5814081408140814,1.0,0.5416666666666666,1.0
4,Family,20,5,1_0_0,0.5871837183718371,1.0,0.5532407407407407,1.0
4,Family,25,5,1_0_0,0.5937843784378438,1.0,0.5694444444444444,1.0
4,Family,5,5,1_1_1,0.6284378437843784,1.0,0.6296296296296297,1.0
4,Family,10,5,1_1_1,0.6372387238723872,1.0,0.6365740740740741,1.0
4,Family,15,5,1_1_1,0.654015401540154,1.0,0.6412037037037037,1.0
4,Family,20,5,1_1_1,0.6471397139713971,1.0,0.6435185185185185,1.0
4,Family,25,5,1_1_1,0.6523652365236524,1.0,0.6365740740740741,1.0
4,Family,5,10,0_0_0,0.3525852585258526,1.0,0.41252955082742315,1.0
4,Family,10,10,0_0_0,0.3512101210121012,1.0,0.4148936170212766,1.0
4,Family,15,10,0_0_0,0.3523102310231023,1.0,0.4148936170212766,1.0
4,Family,20,10,0_0_0,0.35313531353135313,1.0,0.4148936170212766,1.0
4,Family,25,10,0_0_0,0.35286028602860287,1.0,0.4148936170212766,1.0
4,Family,5,10,0_0_1,0.1850935093509351,0.9752475247524752,0.2127659574468085,0.9787234042553191
4,Family,10,10,0_0_1,0.18729372937293728,0.9752475247524752,0.2198581560283688,1.0
4,Family,15,10,0_0_1,0.18261826182618263,0.9603960396039604,0.21631205673758866,1.0
4,Family,20,10,0_0_1,0.18784378437843785,0.9752475247524752,0.23049645390070922,1.0
4,Family,25,10,0_0_1,0.18866886688668866,0.9900990099009901,0.22695035460992907,1.0
4,Family,5,10,0_1_0,0.2378987898789879,0.9455445544554455,0.26713947990543735,1.0
4,Family,10,10,0_1_0,0.23294829482948295,0.9405940594059405,0.26595744680851063,0.9787234042553191
4,Family,15,10,0_1_0,0.22112211221122113,0.9306930693069306,0.2565011820330969,0.9787234042553191
4,Family,20,10,0_1_0,0.2235973597359736,0.9257425742574258,0.26595744680851063,0.9574468085106383
4,Family,25,10,0_1_0,0.22304730473047304,0.9405940594059405,0.2541371158392435,0.9574468085106383
4,Family,5,10,1_0_0,0.5255775577557755,1.0,0.5059101654846335,1.0
4,Family,10,10,1_0_0,0.5266776677667767,1.0,0.5260047281323877,1.0
4,Family,15,10,1_0_0,0.5187018701870187,1.0,0.5035460992907801,1.0
4,Family,20,10,1_0_0,0.5137513751375138,1.0,0.5094562647754137,1.0
4,Family,25,10,1_0_0,0.5184268426842684,1.0,0.5141843971631206,1.0
4,Family,5,10,1_1_1,0.4471947194719472,1.0,0.4728132387706856,1.0
4,Family,10,10,1_1_1,0.44856985698569857,1.0,0.46926713947990545,1.0
4,Family,15,10,1_1_1,0.45544554455445546,1.0,0.4799054373522459,1.0
4,Family,20,10,1_1_1,0.4383938393839384,1.0,0.4515366430260047,1.0
4,Family,25,10,1_1_1,0.43866886688668866,1.0,0.46217494089834515,1.0
4,Family,5,15,0_0_0,0.34543454345434543,1.0,0.3926553672316384,1.0
4,Family,10,15,0_0_0,0.35066006600660066,1.0,0.3973634651600753,1.0
4,Family,15,15,0_0_0,0.3536853685368537,1.0,0.3973634651600753,1.0
4,Family,20,15,0_0_0,0.35286028602860287,1.0,0.3983050847457627,1.0
4,Family,25,15,0_0_0,0.3536853685368537,1.0,0.3983050847457627,1.0
4,Family,5,15,0_0_1,0.16996699669966997,0.8960396039603961,0.22693032015065914,0.9830508474576272
4,Family,10,15,0_0_1,0.17271727172717272,0.905940594059406,0.23069679849340866,1.0
4,Family,15,15,0_0_1,0.17491749174917492,0.900990099009901,0.23069679849340866,1.0
4,Family,20,15,0_0_1,0.17464246424642466,0.9207920792079208,0.2297551789077213,1.0
4,Family,25,15,0_0_1,0.17656765676567657,0.9108910891089109,0.24293785310734464,1.0
4,Family,5,15,0_1_0,0.17106710671067107,0.8910891089108911,0.23728813559322035,1.0
4,Family,10,15,0_1_0,0.1784928492849285,0.8910891089108911,0.2504708097928437,1.0
4,Family,15,15,0_1_0,0.17216721672167218,0.8811881188118812,0.2391713747645951,1.0
4,Family,20,15,0_1_0,0.1740924092409241,0.905940594059406,0.22504708097928436,1.0
4,Family,25,15,0_1_0,0.1771177117711771,0.8960396039603961,0.23728813559322035,1.0
4,Family,5,15,1_0_0,0.5698569856985699,1.0,0.5357815442561206,1.0
4,Family,10,15,1_0_0,0.6091859185918592,1.0,0.5866290018832392,1.0
4,Family,15,15,1_0_0,0.5951595159515951,1.0,0.5753295668549906,1.0
4,Family,20,15,1_0_0,0.5946094609460946,1.0,0.571563088512241,1.0
4,Family,25,15,1_0_0,0.6047854785478548,1.0,0.583804143126177,1.0
4,Family,5,15,1_1_1,0.4898239823982398,1.0,0.5065913370998116,1.0
4,Family,10,15,1_1_1,0.4986248624862486,1.0,0.5112994350282486,1.0
4,Family,15,15,1_1_1,0.4815731573157316,1.0,0.5056497175141242,1.0
4,Family,20,15,1_1_1,0.47964796479647964,1.0,0.5065913370998116,1.0
4,Family,25,15,1_1_1,0.4823982398239824,1.0,0.512241054613936,1.0
4,Family,5,20,0_0_0,0.3492849284928493,1.0,0.39564564564564564,1.0
4,Family,10,20,0_0_0,0.3501100110011001,1.0,0.39264264264264265,1.0
4,Family,15,20,0_0_0,0.35451045104510454,1.0,0.39564564564564564,1.0
4,Family,20,20,0_0_0,0.35451045104510454,1.0,0.39564564564564564,1.0
4,Family,25,20,0_0_0,0.35533553355335534,1.0,0.39714714714714716,1.0
4,Family,5,20,0_0_1,0.1751925192519252,0.8910891089108911,0.23873873873873874,0.9459459459459459
4,Family,10,20,0_0_1,0.17326732673267325,0.8960396039603961,0.23648648648648649,0.972972972972973
4,Family,15,20,0_0_1,0.17271727172717272,0.8811881188118812,0.22747747747747749,0.9864864864864865
4,Family,20,20,0_0_1,0.17656765676567657,0.8811881188118812,0.23723723723723725,0.9594594594594594
4,Family,25,20,0_0_1,0.17546754675467546,0.8811881188118812,0.23273273273273273,0.972972972972973
4,Family,5,20,0_1_0,0.2136963696369637,0.9851485148514851,0.26651651651651653,1.0
4,Family,10,20,0_1_0,0.19856985698569857,0.9752475247524752,0.23948948948948948,1.0
4,Family,15,20,0_1_0,0.19471947194719472,0.9752475247524752,0.23723723723723725,1.0
4,Family,20,20,0_1_0,0.1883938393839384,0.9752475247524752,0.22897897897897898,1.0
4,Family,25,20,0_1_0,0.1925192519251925,0.9702970297029703,0.22972972972972974,1.0
4,Family,5,20,1_0_0,0.5577557755775577,1.0,0.5135135135135135,1.0
4,Family,10,20,1_0_0,0.5665566556655666,1.0,0.524024024024024,1.0
4,Family,15,20,1_0_0,0.5742574257425742,1.0,0.539039039039039,1.0
4,Family,20,20,1_0_0,0.5717821782178217,1.0,0.539039039039039,1.0
4,Family,25,20,1_0_0,0.581958195819582,1.0,0.5412912912912913,1.0
4,Family,5,20,1_1_1,0.5924092409240924,1.0,0.5818318318318318,1.0
4,Family,10,20,1_1_1,0.599009900990099,1.0,0.5863363363363363,1.0
4,Family,15,20,1_1_1,0.5915841584158416,1.0,0.5780780780780781,1.0
4,Family,20,20,1_1_1,0.578932893289329,1.0,0.5743243243243243,1.0
4,Family,25,20,1_1_1,0.5855335533553355,1.0,0.5818318318318318,1.0
4,Family,5,25,0_0_0,0.34625962596259624,1.0,0.3948412698412698,1.0
4,Family,10,25,0_0_0,0.3495599559955996,1.0,0.39880952380952384,1.0
4,Family,15,25,0_0_0,0.3523102310231023,1.0,0.4001322751322751,1.0
4,Family,20,25,0_0_0,0.35066006600660066,1.0,0.39880952380952384,1.0
4,Family,25,25,0_0_0,0.3534103410341034,1.0,0.40145502645502645,1.0
4,Family,5,25,0_0_1,0.18729372937293728,0.9108910891089109,0.2526455026455027,0.9761904761904762
4,Family,10,25,0_0_1,0.19526952695269528,0.9108910891089109,0.2612433862433862,0.9761904761904762
4,Family,15,25,0_0_1,0.19581958195819582,0.9158415841584159,0.25925925925925924,0.9761904761904762
4,Family,20,25,0_0_1,0.19416941694169418,0.905940594059406,0.25462962962962965,0.9761904761904762
4,Family,25,25,0_0_1,0.19526952695269528,0.9158415841584159,0.2619047619047619,0.9642857142857143
4,Family,5,25,0_1_0,0.21507150715071507,0.9603960396039604,0.2671957671957672,0.9880952380952381
4,Family,10,25,0_1_0,0.20929592959295928,0.9653465346534653,0.2665343915343915,1.0
4,Family,15,25,0_1_0,0.20627062706270627,0.9554455445544554,0.2638888888888889,0.9880952380952381
4,Family,20,25,0_1_0,0.20077007700770078,0.9455445544554455,0.2526455026455027,0.9761904761904762
4,Family,25,25,0_1_0,0.1971947194719472,0.9504950495049505,0.24801587301587302,0.9761904761904762
4,Family,5,25,1_0_0,0.5294279427942794,1.0,0.5224867724867724,1.0
4,Family,10,25,1_0_0,0.5321782178217822,1.0,0.5291005291005291,1.0
4,Family,15,25,1_0_0,0.5385038503850385,1.0,0.5376984126984127,1.0
4,Family,20,25,1_0_0,0.5451045104510451,1.0,0.5396825396825397,1.0
4,Family,25,25,1_0_0,0.5503300330033003,1.0,0.5443121693121693,1.0
4,Family,5,25,1_1_1,0.4777227722772277,1.0,0.48478835978835977,1.0
4,Family,10,25,1_1_1,0.4724972497249725,1.0,0.48214285714285715,1.0
4,Family,15,25,1_1_1,0.48047304730473045,1.0,0.5033068783068783,1.0
4,Family,20,25,1_1_1,0.4746974697469747,1.0,0.5066137566137566,1.0
4,Family,25,25,1_1_1,0.4768976897689769,1.0,0.501984126984127,1.0
4,Family,5,30,0_0_0,0.31518151815181517,1.0,0.36769759450171824,1.0
4,Family,10,30,0_0_0,0.3140814081408141,1.0,0.3642611683848797,1.0
4,Family,15,30,0_0_0,0.3179317931793179,1.0,0.3722794959908362,1.0
4,Family,20,30,0_0_0,0.3248074807480748,1.0,0.3734249713631157,1.0
4,Family,25,30,0_0_0,0.32893289328932895,1.0,0.37628865979381443,1.0
4,Family,5,30,0_0_1,0.23542354235423543,0.9702970297029703,0.2961053837342497,1.0
4,Family,10,30,0_0_1,0.2224972497249725,0.9405940594059405,0.28579610538373423,1.0
4,Family,15,30,0_0_1,0.22882288228822883,0.9554455445544554,0.28751431844215347,1.0
4,Family,20,30,0_0_1,0.22332233223322331,0.9504950495049505,0.28121420389461627,1.0
4,Family,25,30,0_0_1,0.23899889988998899,0.9653465346534653,0.2961053837342497,1.0
4,Family,5,30,0_1_0,0.22744774477447743,0.9356435643564356,0.2961053837342497,1.0
4,Family,10,30,0_1_0,0.2224972497249725,0.9306930693069306,0.293241695303551,1.0
4,Family,15,30,0_1_0,0.2191969196919692,0.9356435643564356,0.2898052691867125,0.9896907216494846
4,Family,20,30,0_1_0,0.2246974697469747,0.9405940594059405,0.29667812142038946,0.9896907216494846
4,Family,25,30,0_1_0,0.22552255225522552,0.9504950495049505,0.2949599083619702,1.0
4,Family,5,30,1_0_0,0.5816831683168316,1.0,0.5544100801832761,1.0
4,Family,10,30,1_0_0,0.5866336633663366,1.0,0.5601374570446735,1.0
4,Family,15,30,1_0_0,0.5891089108910891,1.0,0.5647193585337915,1.0
4,Family,20,30,1_0_0,0.5888338833883389,1.0,0.5607101947308133,1.0
4,Family,25,30,1_0_0,0.591034103410341,1.0,0.5618556701030928,1.0
4,Family,5,30,1_1_1,0.570957095709571,1.0,0.5687285223367697,1.0
4,Family,10,30,1_1_1,0.5995599559955995,1.0,0.6053837342497136,1.0
4,Family,15,30,1_1_1,0.5811331133113311,1.0,0.5830469644902635,1.0
4,Family,20,30,1_1_1,0.5907590759075908,1.0,0.5956471935853379,1.0
4,Family,25,30,1_1_1,0.597084708470847,1.0,0.6042382588774341,1.0
4,Family,5,35,0_0_0,0.35066006600660066,1.0,0.39646464646464646,1.0
4,Family,10,35,0_0_0,0.35066006600660066,1.0,0.39646464646464646,1.0
4,Family,15,35,0_0_0,0.34680968096809683,1.0,0.3934343434343434,1.0
4,Family,20,35,0_0_0,0.35066006600660066,1.0,0.396969696969697,1.0
4,Family,25,35,0_0_0,0.3492849284928493,1.0,0.39494949494949494,1.0
4,Family,5,35,0_0_1,0.23432343234323433,1.0,0.2792929292929293,1.0
4,Family,10,35,0_0_1,0.22442244224422442,0.995049504950495,0.27121212121212124,1.0
4,Family,15,35,0_0_1,0.22607260726072606,0.9851485148514851,0.27424242424242423,0.990909090909091
4,Family,20,35,0_0_1,0.2213971397139714,0.9801980198019802,0.27525252525252525,0.990909090909091
4,Family,25,35,0_0_1,0.2180968096809681,0.9900990099009901,0.2641414141414141,0.990909090909091
4,Family,5,35,0_1_0,0.22332233223322331,0.9257425742574258,0.27575757575757576,0.9818181818181818
4,Family,10,35,0_1_0,0.22194719471947194,0.9158415841584159,0.2777777777777778,0.990909090909091
4,Family,15,35,0_1_0,0.2334983498349835,0.9207920792079208,0.29292929292929293,0.990909090909091
4,Family,20,35,0_1_0,0.23322332233223322,0.9207920792079208,0.2883838383838384,0.9727272727272728
4,Family,25,35,0_1_0,0.24174917491749176,0.9455445544554455,0.29444444444444445,0.9818181818181818
4,Family,5,35,1_0_0,0.5462046204620462,1.0,0.5338383838383839,1.0
4,Family,10,35,1_0_0,0.5459295929592959,1.0,0.5368686868686868,1.0
4,Family,15,35,1_0_0,0.5508800880088008,1.0,0.5368686868686868,1.0
4,Family,20,35,1_0_0,0.5464796479647965,1.0,0.5318181818181819,1.0
4,Family,25,35,1_0_0,0.5525302530253026,1.0,0.5398989898989899,1.0
4,Family,5,35,1_1_1,0.3767876787678768,1.0,0.4106060606060606,1.0
4,Family,10,35,1_1_1,0.37486248624862484,1.0,0.4121212121212121,1.0
4,Family,15,35,1_1_1,0.3704620462046205,1.0,0.4121212121212121,1.0
4,Family,20,35,1_1_1,0.3666116611661166,1.0,0.40555555555555556,1.0
4,Family,25,35,1_1_1,0.36633663366336633,1.0,0.40555555555555556,1.0
4,Family,5,40,0_0_0,0.33855885588558854,1.0,0.38705234159779617,1.0
4,Family,10,40,0_0_0,0.3415841584158416,1.0,0.39118457300275483,1.0
4,Family,15,40,0_0_0,0.33855885588558854,1.0,0.384297520661157,1.0
4,Family,20,40,0_0_0,0.3413091309130913,1.0,0.38659320477502296,1.0
4,Family,25,40,0_0_0,0.3435093509350935,1.0,0.39026629935720847,1.0
4,Family,5,40,0_0_1,0.23404840484048406,0.900990099009901,0.29201101928374656,0.9669421487603306
4,Family,10,40,0_0_1,0.2433993399339934,0.9405940594059405,0.30670339761248855,0.9917355371900827
4,Family,15,40,0_0_1,0.24752475247524752,0.9504950495049505,0.30899908172635443,1.0
4,Family,20,40,0_0_1,0.25495049504950495,0.9504950495049505,0.3135904499540863,1.0
4,Family,25,40,0_0_1,0.253025302530253,0.9504950495049505,0.31129476584022037,0.9917355371900827
4,Family,5,40,0_1_0,0.23624862486248624,0.9257425742574258,0.29476584022038566,1.0
4,Family,10,40,0_1_0,0.2544004400440044,0.9554455445544554,0.3108356290174472,1.0
4,Family,15,40,0_1_0,0.25357535753575355,0.9504950495049505,0.31129476584022037,1.0
4,Family,20,40,0_1_0,0.2552255225522552,0.9455445544554455,0.3122130394857668,0.9917355371900827
4,Family,25,40,0_1_0,0.2577007700770077,0.9455445544554455,0.3117539026629936,0.9917355371900827
4,Family,5,40,1_0_0,0.5104510451045104,1.0,0.4857667584940312,1.0
4,Family,10,40,1_0_0,0.5426292629262927,1.0,0.5137741046831956,1.0
4,Family,15,40,1_0_0,0.5415291529152916,1.0,0.5188246097337006,1.0
4,Family,20,40,1_0_0,0.5431793179317932,1.0,0.5183654729109275,1.0
4,Family,25,40,1_0_0,0.5544554455445545,1.0,0.527089072543618,1.0
4,Family,5,40,1_1_1,0.6113861386138614,1.0,0.5909090909090909,1.0
4,Family,10,40,1_1_1,0.5921342134213421,1.0,0.5762167125803489,1.0
4,Family,15,40,1_1_1,0.6328382838283828,1.0,0.6184573002754821,1.0
4,Family,20,40,1_1_1,0.6086358635863587,1.0,0.6033057851239669,1.0
4,Family,25,40,1_1_1,0.6223872387238724,1.0,0.6092745638200183,1.0
4,Family,5,45,0_0_0,0.323982398239824,0.9900990099009901,0.36967418546365916,1.0
4,Family,10,45,0_0_0,0.3264576457645765,0.995049504950495,0.3705096073517126,1.0
4,Family,15,45,0_0_0,0.32233223322332233,0.995049504950495,0.3654970760233918,1.0
4,Family,20,45,0_0_0,0.33855885588558854,0.995049504950495,0.3788638262322473,1.0
4,Family,25,45,0_0_0,0.32233223322332233,0.9900990099009901,0.36466165413533835,1.0
4,Family,5,45,0_0_1,0.24504950495049505,0.9455445544554455,0.2869674185463659,0.9774436090225564
4,Family,10,45,0_0_1,0.24257425742574257,0.9257425742574258,0.2832080200501253,0.9699248120300752
4,Family,15,45,0_0_1,0.24174917491749176,0.9207920792079208,0.2827903091060986,0.9699248120300752
4,Family,20,45,0_0_1,0.24064906490649066,0.9306930693069306,0.28153717627401836,0.9699248120300752
4,Family,25,45,0_0_1,0.24697469746974698,0.9405940594059405,0.2878028404344194,0.9699248120300752
4,Family,5,45,0_1_0,0.24504950495049505,0.9851485148514851,0.28111946532999166,0.9924812030075187
4,Family,10,45,0_1_0,0.24257425742574257,0.9603960396039604,0.2832080200501253,0.9849624060150376
4,Family,15,45,0_1_0,0.24284928492849284,0.9653465346534653,0.28153717627401836,0.9774436090225564
4,Family,20,45,0_1_0,0.24697469746974698,0.9653465346534653,0.28404344193817876,0.9924812030075187
4,Family,25,45,0_1_0,0.24614961496149615,0.9554455445544554,0.2878028404344194,0.9924812030075187
4,Family,5,45,1_0_0,0.5451045104510451,1.0,0.5229741019214703,1.0
4,Family,10,45,1_0_0,0.5437293729372937,1.0,0.5183792815371763,1.0
4,Family,15,45,1_0_0,0.5497799779977998,1.0,0.5242272347535506,1.0
4,Family,20,45,1_0_0,0.5654565456545655,1.0,0.5401002506265664,1.0
4,Family,25,45,1_0_0,0.5643564356435643,1.0,0.5384294068504595,1.0
4,Family,5,45,1_1_1,0.3578107810781078,1.0,0.39557226399331663,1.0
4,Family,10,45,1_1_1,0.356985698569857,1.0,0.3968253968253968,1.0
4,Family,15,45,1_1_1,0.35616061606160615,1.0,0.3964076858813701,1.0
4,Family,20,45,1_1_1,0.3564356435643564,1.0,0.39598997493734334,1.0
4,Family,25,45,1_1_1,0.3550605060506051,1.0,0.3943191311612364,1.0
4,Family,5,50,0_0_0,0.3556105610561056,1.0,0.3980815347721823,1.0
4,Family,10,50,0_0_0,0.3556105610561056,1.0,0.3980815347721823,1.0
4,Family,15,50,0_0_0,0.3558855885588559,1.0,0.3980815347721823,1.0
4,Family,20,50,0_0_0,0.3564356435643564,1.0,0.3980815347721823,1.0
4,Family,25,50,0_0_0,0.3564356435643564,1.0,0.3980815347721823,1.0
4,Family,5,50,0_0_1,0.25577557755775576,0.9603960396039604,0.2993605115907274,1.0
4,Family,10,50,0_0_1,0.24202420242024203,0.9504950495049505,0.28816946442845726,0.9856115107913669
4,Family,15,50,0_0_1,0.24064906490649066,0.9603960396039604,0.28497202238209435,1.0
4,Family,20,50,0_0_1,0.23707370737073707,0.9455445544554455,0.2825739408473221,0.9856115107913669
4,Family,25,50,0_0_1,0.24147414741474146,0.9504950495049505,0.28617106314948043,1.0
4,Family,5,50,0_1_0,0.25495049504950495,0.9801980198019802,0.2965627498001599,1.0
4,Family,10,50,0_1_0,0.2577007700770077,0.995049504950495,0.29576338928856916,1.0
4,Family,15,50,0_1_0,0.24367436743674367,0.9900990099009901,0.2805755395683453,1.0
4,Family,20,50,0_1_0,0.24697469746974698,0.995049504950495,0.2809752198241407,0.9928057553956835
4,Family,25,50,0_1_0,0.24504950495049505,0.9900990099009901,0.2797761790567546,1.0
4,Family,5,50,1_0_0,0.4966996699669967,1.0,0.49600319744204635,1.0
4,Family,10,50,1_0_0,0.4953245324532453,1.0,0.49480415667466027,1.0
4,Family,15,50,1_0_0,0.5176017601760176,1.0,0.5155875299760192,1.0
4,Family,20,50,1_0_0,0.5167766776677668,1.0,0.5123900879296562,1.0
4,Family,25,50,1_0_0,0.5129262926292629,1.0,0.5027977617905676,1.0
4,Family,5,50,1_1_1,0.44774477447744776,1.0,0.44844124700239807,1.0
4,Family,10,50,1_1_1,0.48734873487348734,1.0,0.4980015987210232,1.0
4,Family,15,50,1_1_1,0.46204620462046203,1.0,0.4628297362110312,1.0
4,Family,20,50,1_1_1,0.4661716171617162,1.0,0.4704236610711431,1.0
4,Family,25,50,1_1_1,0.4766226622662266,1.0,0.47601918465227816,1.0
4,Family,5,55,0_0_0,0.35286028602860287,1.0,0.38997113997113997,1.0
4,Family,10,55,0_0_0,0.35313531353135313,1.0,0.3906926406926407,1.0
4,Family,15,55,0_0_0,0.3534103410341034,1.0,0.3903318903318903,1.0
4,Family,20,55,0_0_0,0.3525852585258526,1.0,0.3888888888888889,1.0
4,Family,25,55,0_0_0,0.35451045104510454,1.0,0.3906926406926407,1.0
4,Family,5,55,0_0_1,0.2709020902090209,0.9702970297029703,0.306998556998557,0.9805194805194806
4,Family,10,55,0_0_1,0.2632013201320132,0.9900990099009901,0.29653679653679654,0.9935064935064936
4,Family,15,55,0_0_1,0.26265126512651266,0.9801980198019802,0.2950937950937951,0.987012987012987
4,Family,20,55,0_0_1,0.2546754675467547,0.9653465346534653,0.2886002886002886,0.987012987012987
4,Family,25,55,0_0_1,0.2645764576457646,0.9752475247524752,0.29797979797979796,0.9935064935064936
4,Family,5,55,0_1_0,0.2808030803080308,0.9900990099009901,0.31096681096681095,1.0
4,Family,10,55,0_1_0,0.2901540154015402,1.0,0.31962481962481964,1.0
4,Family,15,55,0_1_0,0.2794279427942794,0.9801980198019802,0.3134920634920635,1.0
4,Family,20,55,0_1_0,0.2931793179317932,1.0,0.32575757575757575,1.0
4,Family,25,55,0_1_0,0.2887788778877888,0.9900990099009901,0.32142857142857145,1.0
4,Family,5,55,1_0_0,0.6344884488448845,1.0,0.6038961038961039,1.0
4,Family,10,55,1_0_0,0.6344884488448845,1.0,0.6042568542568543,1.0
4,Family,15,55,1_0_0,0.6347634763476347,1.0,0.6038961038961039,1.0
4,Family,20,55,1_0_0,0.6391639163916392,1.0,0.6053391053391053,1.0
4,Family,25,55,1_0_0,0.636963696369637,1.0,0.6038961038961039,1.0
4,Family,5,55,1_1_1,0.5154015401540154,1.0,0.5241702741702742,1.0
4,Family,10,55,1_1_1,0.5222772277227723,1.0,0.5313852813852814,1.0
4,Family,15,55,1_1_1,0.5093509350935094,1.0,0.5155122655122655,1.0
4,Family,20,55,1_1_1,0.5198019801980198,1.0,0.5248917748917749,1.0
4,Family,25,55,1_1_1,0.5255775577557755,1.0,0.5378787878787878,1.0
4,Family,5,60,0_0_0,0.3542354235423542,1.0,0.3840877914951989,1.0
4,Family,10,60,0_0_0,0.35616061606160615,1.0,0.3864883401920439,1.0
4,Family,15,60,0_0_0,0.3550605060506051,1.0,0.38511659807956106,1.0
4,Family,20,60,0_0_0,0.35533553355335534,1.0,0.38614540466392316,1.0
4,Family,25,60,0_0_0,0.3556105610561056,1.0,0.38580246913580246,1.0
4,Family,5,60,0_0_1,0.2931793179317932,0.995049504950495,0.3281893004115226,1.0
4,Family,10,60,0_0_1,0.30363036303630364,0.995049504950495,0.33641975308641975,1.0
4,Family,15,60,0_0_1,0.30143014301430143,0.995049504950495,0.33539094650205764,1.0
4,Family,20,60,0_0_1,0.29812981298129815,0.995049504950495,0.3323045267489712,1.0
4,Family,25,60,0_0_1,0.3069306930693069,1.0,0.3391632373113855,1.0
4,Family,5,60,0_1_0,0.28602860286028603,0.9851485148514851,0.31275720164609055,0.9876543209876543
4,Family,10,60,0_1_0,0.2876787678767877,1.0,0.31584362139917693,1.0
4,Family,15,60,0_1_0,0.2887788778877888,1.0,0.3168724279835391,1.0
4,Family,20,60,0_1_0,0.28465346534653463,0.995049504950495,0.31378600823045266,1.0
4,Family,25,60,0_1_0,0.2852035203520352,0.995049504950495,0.3113854595336077,1.0
4,Family,5,60,1_0_0,0.4491199119911991,1.0,0.4537037037037037,1.0
4,Family,10,60,1_0_0,0.4381188118811881,1.0,0.446159122085048,1.0
4,Family,15,60,1_0_0,0.4436193619361936,1.0,0.4513031550068587,1.0
4,Family,20,60,1_0_0,0.4507700770077008,1.0,0.45987654320987653,1.0
4,Family,25,60,1_0_0,0.43344334433443343,1.0,0.44135802469135804,1.0
4,Family,5,60,1_1_1,0.40594059405940597,1.0,0.4111796982167353,1.0
4,Family,10,60,1_1_1,0.41391639163916394,1.0,0.4221536351165981,1.0
4,Family,15,60,1_1_1,0.39933993399339934,1.0,0.4070644718792867,1.0
4,Family,20,60,1_1_1,0.40374037403740376,1.0,0.41426611796982166,1.0
4,Family,25,60,1_1_1,0.39823982398239827,1.0,0.40843621399176955,1.0
4,Family,5,65,0_0_0,0.3470847084708471,1.0,0.3726851851851852,1.0
4,Family,10,65,0_0_0,0.3523102310231023,1.0,0.37665343915343913,1.0
4,Family,15,65,0_0_0,0.35286028602860287,1.0,0.3783068783068783,1.0
4,Family,20,65,0_0_0,0.35313531353135313,1.0,0.3783068783068783,1.0
4,Family,25,65,0_0_0,0.35286028602860287,1.0,0.37896825396825395,1.0
4,Family,5,65,0_0_1,0.30115511551155116,0.9801980198019802,0.32506613756613756,0.9940476190476191
4,Family,10,65,0_0_1,0.3008800880088009,1.0,0.32506613756613756,1.0
4,Family,15,65,0_0_1,0.2973047304730473,0.9900990099009901,0.32076719576719576,0.9940476190476191
4,Family,20,65,0_0_1,0.2986798679867987,0.9801980198019802,0.3220899470899471,0.9880952380952381
4,Family,25,65,0_0_1,0.29455445544554454,0.9801980198019802,0.3177910052910053,0.9880952380952381
4,Family,5,65,0_1_0,0.2896039603960396,0.9851485148514851,0.3167989417989418,1.0
4,Family,10,65,0_1_0,0.3083058305830583,0.995049504950495,0.3369708994708995,0.9940476190476191
4,Family,15,65,0_1_0,0.31573157315731576,0.9851485148514851,0.3449074074074074,0.9940476190476191
4,Family,20,65,0_1_0,0.31353135313531355,0.9900990099009901,0.33994708994708994,1.0
4,Family,25,65,0_1_0,0.3217821782178218,0.9900990099009901,0.3455687830687831,1.0
4,Family,5,65,1_0_0,0.564906490649065,1.0,0.548941798941799,1.0
4,Family,10,65,1_0_0,0.5742574257425742,1.0,0.5578703703703703,1.0
4,Family,15,65,1_0_0,0.5726072607260726,1.0,0.5591931216931217,1.0
4,Family,20,65,1_0_0,0.5899339933993399,1.0,0.5763888888888888,1.0
4,Family,25,65,1_0_0,0.5858085808580858,1.0,0.5730820105820106,1.0
4,Family,5,65,1_1_1,0.5365786578657866,1.0,0.5264550264550265,1.0
4,Family,10,65,1_1_1,0.5310781078107811,1.0,0.5218253968253969,1.0
4,Family,15,65,1_1_1,0.5470297029702971,1.0,0.5400132275132276,1.0
4,Family,20,65,1_1_1,0.5613311331133113,1.0,0.5499338624338624,1.0
4,Family,25,65,1_1_1,0.5572057205720572,1.0,0.5539021164021164,1.0
4,Family,5,70,0_0_0,0.35616061606160615,1.0,0.37507846829880725,1.0
4,Family,10,70,0_0_0,0.3564356435643564,1.0,0.3753923414940364,1.0
4,Family,15,70,0_0_0,0.3564356435643564,1.0,0.3753923414940364,1.0
4,Family,20,70,0_0_0,0.3564356435643564,1.0,0.3753923414940364,1.0
4,Family,25,70,0_0_0,0.3564356435643564,1.0,0.3753923414940364,1.0
4,Family,5,70,0_0_1,0.31133113311331134,0.995049504950495,0.33113622096672946,1.0
4,Family,10,70,0_0_1,0.305005500550055,1.0,0.325172630257376,1.0
4,Family,15,70,0_0_1,0.3107810781078108,1.0,0.3314500941619586,1.0
4,Family,20,70,0_0_1,0.3140814081408141,1.0,0.3352165725047081,1.0
4,Family,25,70,0_0_1,0.3138063806380638,1.0,0.33207784055241685,1.0
4,Family,5,70,0_1_0,0.29372937293729373,0.9900990099009901,0.3123038292529818,1.0
4,Family,10,70,0_1_0,0.2854785478547855,0.995049504950495,0.3050847457627119,1.0
4,Family,15,70,0_1_0,0.29262926292629265,0.995049504950495,0.31198995605775265,1.0
4,Family,20,70,0_1_0,0.29895489548954896,0.995049504950495,0.31858129315756434,1.0
4,Family,25,70,0_1_0,0.2929042904290429,0.9851485148514851,0.31418706842435656,0.9943502824858758
4,Family,5,70,1_0_0,0.6009350935093509,1.0,0.5941619585687382,1.0
4,Family,10,70,1_0_0,0.6111111111111112,1.0,0.6054613935969868,1.0
4,Family,15,70,1_0_0,0.6133113311331133,1.0,0.6060891399874451,1.0
4,Family,20,70,1_0_0,0.6163366336633663,1.0,0.610797237915882,1.0
4,Family,25,70,1_0_0,0.606985698569857,1.0,0.6013810420590081,1.0
4,Family,5,70,1_1_1,0.43454345434543457,1.0,0.4406779661016949,1.0
4,Family,10,70,1_1_1,0.4312431243124312,1.0,0.4387947269303202,1.0
4,Family,15,70,1_1_1,0.4172167216721672,1.0,0.4256120527306968,1.0
4,Family,20,70,1_1_1,0.4075907590759076,1.0,0.418706842435656,1.0
4,Family,25,70,1_1_1,0.39933993399339934,1.0,0.4067796610169492,1.0
5,Family,5,0,0_0_0,0.3388338833883388,1.0,,
5,Family,10,0,0_0_0,0.334983498349835,1.0,,
5,Family,15,0,0_0_0,0.33828382838283827,1.0,,
5,Family,20,0,0_0_0,0.3371837183718372,1.0,,
5,Family,25,0,0_0_0,0.3426842684268427,1.0,,
5,Family,5,0,0_0_1,0.17354235423542355,0.9108910891089109,,
5,Family,10,0,0_0_1,0.17684268426842684,0.9108910891089109,,
5,Family,15,0,0_0_1,0.17766776677667767,0.8910891089108911,,
5,Family,20,0,0_0_1,0.17546754675467546,0.8811881188118812,,
5,Family,25,0,0_0_1,0.17106710671067107,0.8762376237623762,,
5,Family,5,0,0_1_0,0.16446644664466448,0.8811881188118812,,
5,Family,10,0,0_1_0,0.16611661166116612,0.8663366336633663,,
5,Family,15,0,0_1_0,0.1639163916391639,0.8613861386138614,,
5,Family,20,0,0_1_0,0.16611661166116612,0.8762376237623762,,
5,Family,25,0,0_1_0,0.1628162816281628,0.8960396039603961,,
5,Family,5,0,1_0_0,0.5761826182618262,1.0,,
5,Family,10,0,1_0_0,0.5704070407040704,1.0,,
5,Family,15,0,1_0_0,0.567931793179318,1.0,,
5,Family,20,0,1_0_0,0.573982398239824,1.0,,
5,Family,25,0,1_0_0,0.5704070407040704,1.0,,
5,Family,5,0,1_1_1,0.6647414741474147,1.0,,
5,Family,10,0,1_1_1,0.6727172717271728,1.0,,
5,Family,15,0,1_1_1,0.6716171617161716,1.0,,
5,Family,20,0,1_1_1,0.676017601760176,1.0,,
5,Family,25,0,1_1_1,0.6787678767876788,1.0,,
5,Family,5,5,0_0_0,0.3286578657865787,1.0,0.4097222222222222,1.0
5,Family,10,5,0_0_0,0.3432343234323432,1.0,0.41435185185185186,1.0
5,Family,15,5,0_0_0,0.34598459845984597,1.0,0.4166666666666667,1.0
5,Family,20,5,0_0_0,0.3465346534653465,1.0,0.41203703703703703,1.0
5,Family,25,5,0_0_0,0.34680968096809683,1.0,0.41435185185185186,1.0
5,Family,5,5,0_0_1,0.16886688668866887,0.900990099009901,0.2222222222222222,1.0
5,Family,10,5,0_0_1,0.17134213421342134,0.9158415841584159,0.22916666666666666,1.0
5,Family,15,5,0_0_1,0.16666666666666666,0.9108910891089109,0.21064814814814814,1.0
5,Family,20,5,0_0_1,0.16474147414741475,0.8960396039603961,0.21064814814814814,1.0
5,Family,25,5,0_0_1,0.16584158415841585,0.905940594059406,0.2152777777777778,1.0
5,Family,5,5,0_1_0,0.15841584158415842,0.8762376237623762,0.2337962962962963,1.0
5,Family,10,5,0_1_0,0.1630913091309131,0.8811881188118812,0.24074074074074073,1.0
5,Family,15,5,0_1_0,0.16006600660066006,0.8811881188118812,0.2199074074074074,1.0
5,Family,20,5,0_1_0,0.15896589658965896,0.8811881188118812,0.23148148148148148,1.0
5,Family,25,5,0_1_0,0.15924092409240925,0.8861386138613861,0.23148148148148148,1.0
5,Family,5,5,1_0_0,0.5888338833883389,1.0,0.5648148148148148,1.0
5,Family,10,5,1_0_0,0.5836083608360836,1.0,0.5648148148148148,1.0
5,Family,15,5,1_0_0,0.5814081408140814,1.0,0.5416666666666666,1.0
5,Family,20,5,1_0_0,0.5871837183718371,1.0,0.5532407407407407,1.0
5,Family,25,5,1_0_0,0.5937843784378438,1.0,0.5694444444444444,1.0
5,Family,5,5,1_1_1,0.6284378437843784,1.0,0.6296296296296297,1.0
5,Family,10,5,1_1_1,0.6372387238723872,1.0,0.6365740740740741,1.0
5,Family,15,5,1_1_1,0.654015401540154,1.0,0.6412037037037037,1.0
5,Family,20,5,1_1_1,0.6471397139713971,1.0,0.6435185185185185,1.0
5,Family,25,5,1_1_1,0.6523652365236524,1.0,0.6365740740740741,1.0
5,Family,5,10,0_0_0,0.3525852585258526,1.0,0.41252955082742315,1.0
5,Family,10,10,0_0_0,0.3512101210121012,1.0,0.4148936170212766,1.0
5,Family,15,10,0_0_0,0.3523102310231023,1.0,0.4148936170212766,1.0
5,Family,20,10,0_0_0,0.35313531353135313,1.0,0.4148936170212766,1.0
5,Family,25,10,0_0_0,0.35286028602860287,1.0,0.4148936170212766,1.0
5,Family,5,10,0_0_1,0.1850935093509351,0.9752475247524752,0.2127659574468085,0.9787234042553191
5,Family,10,10,0_0_1,0.18729372937293728,0.9752475247524752,0.2198581560283688,1.0
5,Family,15,10,0_0_1,0.18261826182618263,0.9603960396039604,0.21631205673758866,1.0
5,Family,20,10,0_0_1,0.18784378437843785,0.9752475247524752,0.23049645390070922,1.0
5,Family,25,10,0_0_1,0.18866886688668866,0.9900990099009901,0.22695035460992907,1.0
5,Family,5,10,0_1_0,0.2378987898789879,0.9455445544554455,0.26713947990543735,1.0
5,Family,10,10,0_1_0,0.23294829482948295,0.9405940594059405,0.26595744680851063,0.9787234042553191
5,Family,15,10,0_1_0,0.22112211221122113,0.9306930693069306,0.2565011820330969,0.9787234042553191
5,Family,20,10,0_1_0,0.2235973597359736,0.9257425742574258,0.26595744680851063,0.9574468085106383
5,Family,25,10,0_1_0,0.22304730473047304,0.9405940594059405,0.2541371158392435,0.9574468085106383
5,Family,5,10,1_0_0,0.5255775577557755,1.0,0.5059101654846335,1.0
5,Family,10,10,1_0_0,0.5266776677667767,1.0,0.5260047281323877,1.0
5,Family,15,10,1_0_0,0.5187018701870187,1.0,0.5035460992907801,1.0
5,Family,20,10,1_0_0,0.5137513751375138,1.0,0.5094562647754137,1.0
5,Family,25,10,1_0_0,0.5184268426842684,1.0,0.5141843971631206,1.0
5,Family,5,10,1_1_1,0.4471947194719472,1.0,0.4728132387706856,1.0
5,Family,10,10,1_1_1,0.44856985698569857,1.0,0.46926713947990545,1.0
5,Family,15,10,1_1_1,0.45544554455445546,1.0,0.4799054373522459,1.0
5,Family,20,10,1_1_1,0.4383938393839384,1.0,0.4515366430260047,1.0
5,Family,25,10,1_1_1,0.43866886688668866,1.0,0.46217494089834515,1.0
5,Family,5,15,0_0_0,0.34543454345434543,1.0,0.3926553672316384,1.0
5,Family,10,15,0_0_0,0.35066006600660066,1.0,0.3973634651600753,1.0
5,Family,15,15,0_0_0,0.3536853685368537,1.0,0.3973634651600753,1.0
5,Family,20,15,0_0_0,0.35286028602860287,1.0,0.3983050847457627,1.0
5,Family,25,15,0_0_0,0.3536853685368537,1.0,0.3983050847457627,1.0
5,Family,5,15,0_0_1,0.16996699669966997,0.8960396039603961,0.22693032015065914,0.9830508474576272
5,Family,10,15,0_0_1,0.17271727172717272,0.905940594059406,0.23069679849340866,1.0
5,Family,15,15,0_0_1,0.17491749174917492,0.900990099009901,0.23069679849340866,1.0
5,Family,20,15,0_0_1,0.17464246424642466,0.9207920792079208,0.2297551789077213,1.0
5,Family,25,15,0_0_1,0.17656765676567657,0.9108910891089109,0.24293785310734464,1.0
5,Family,5,15,0_1_0,0.17106710671067107,0.8910891089108911,0.23728813559322035,1.0
5,Family,10,15,0_1_0,0.1784928492849285,0.8910891089108911,0.2504708097928437,1.0
5,Family,15,15,0_1_0,0.17216721672167218,0.8811881188118812,0.2391713747645951,1.0
5,Family,20,15,0_1_0,0.1740924092409241,0.905940594059406,0.22504708097928436,1.0
5,Family,25,15,0_1_0,0.1771177117711771,0.8960396039603961,0.23728813559322035,1.0
5,Family,5,15,1_0_0,0.5698569856985699,1.0,0.5357815442561206,1.0
5,Family,10,15,1_0_0,0.6091859185918592,1.0,0.5866290018832392,1.0
5,Family,15,15,1_0_0,0.5951595159515951,1.0,0.5753295668549906,1.0
5,Family,20,15,1_0_0,0.5946094609460946,1.0,0.571563088512241,1.0
5,Family,25,15,1_0_0,0.6047854785478548,1.0,0.583804143126177,1.0
5,Family,5,15,1_1_1,0.4898239823982398,1.0,0.5065913370998116,1.0
5,Family,10,15,1_1_1,0.4986248624862486,1.0,0.5112994350282486,1.0
5,Family,15,15,1_1_1,0.4815731573157316,1.0,0.5056497175141242,1.0
5,Family,20,15,1_1_1,0.47964796479647964,1.0,0.5065913370998116,1.0
5,Family,25,15,1_1_1,0.4823982398239824,1.0,0.512241054613936,1.0
5,Family,5,20,0_0_0,0.3492849284928493,1.0,0.39564564564564564,1.0
5,Family,10,20,0_0_0,0.3501100110011001,1.0,0.39264264264264265,1.0
5,Family,15,20,0_0_0,0.35451045104510454,1.0,0.39564564564564564,1.0
5,Family,20,20,0_0_0,0.35451045104510454,1.0,0.39564564564564564,1.0
5,Family,25,20,0_0_0,0.35533553355335534,1.0,0.39714714714714716,1.0
5,Family,5,20,0_0_1,0.1751925192519252,0.8910891089108911,0.23873873873873874,0.9459459459459459
5,Family,10,20,0_0_1,0.17326732673267325,0.8960396039603961,0.23648648648648649,0.972972972972973
5,Family,15,20,0_0_1,0.17271727172717272,0.8811881188118812,0.22747747747747749,0.9864864864864865
5,Family,20,20,0_0_1,0.17656765676567657,0.8811881188118812,0.23723723723723725,0.9594594594594594
5,Family,25,20,0_0_1,0.17546754675467546,0.8811881188118812,0.23273273273273273,0.972972972972973
5,Family,5,20,0_1_0,0.2136963696369637,0.9851485148514851,0.26651651651651653,1.0
5,Family,10,20,0_1_0,0.19856985698569857,0.9752475247524752,0.23948948948948948,1.0
5,Family,15,20,0_1_0,0.19471947194719472,0.9752475247524752,0.23723723723723725,1.0
5,Family,20,20,0_1_0,0.1883938393839384,0.9752475247524752,0.22897897897897898,1.0
5,Family,25,20,0_1_0,0.1925192519251925,0.9702970297029703,0.22972972972972974,1.0
5,Family,5,20,1_0_0,0.5577557755775577,1.0,0.5135135135135135,1.0
5,Family,10,20,1_0_0,0.5665566556655666,1.0,0.524024024024024,1.0
5,Family,15,20,1_0_0,0.5742574257425742,1.0,0.539039039039039,1.0
5,Family,20,20,1_0_0,0.5717821782178217,1.0,0.539039039039039,1.0
5,Family,25,20,1_0_0,0.581958195819582,1.0,0.5412912912912913,1.0
5,Family,5,20,1_1_1,0.5924092409240924,1.0,0.5818318318318318,1.0
5,Family,10,20,1_1_1,0.599009900990099,1.0,0.5863363363363363,1.0
5,Family,15,20,1_1_1,0.5915841584158416,1.0,0.5780780780780781,1.0
5,Family,20,20,1_1_1,0.578932893289329,1.0,0.5743243243243243,1.0
5,Family,25,20,1_1_1,0.5855335533553355,1.0,0.5818318318318318,1.0
5,Family,5,25,0_0_0,0.34625962596259624,1.0,0.3948412698412698,1.0
5,Family,10,25,0_0_0,0.3495599559955996,1.0,0.39880952380952384,1.0
5,Family,15,25,0_0_0,0.3523102310231023,1.0,0.4001322751322751,1.0
5,Family,20,25,0_0_0,0.35066006600660066,1.0,0.39880952380952384,1.0
5,Family,25,25,0_0_0,0.3534103410341034,1.0,0.40145502645502645,1.0
5,Family,5,25,0_0_1,0.18729372937293728,0.9108910891089109,0.2526455026455027,0.9761904761904762
5,Family,10,25,0_0_1,0.19526952695269528,0.9108910891089109,0.2612433862433862,0.9761904761904762
5,Family,15,25,0_0_1,0.19581958195819582,0.9158415841584159,0.25925925925925924,0.9761904761904762
5,Family,20,25,0_0_1,0.19416941694169418,0.905940594059406,0.25462962962962965,0.9761904761904762
5,Family,25,25,0_0_1,0.19526952695269528,0.9158415841584159,0.2619047619047619,0.9642857142857143
5,Family,5,25,0_1_0,0.21507150715071507,0.9603960396039604,0.2671957671957672,0.9880952380952381
5,Family,10,25,0_1_0,0.20929592959295928,0.9653465346534653,0.2665343915343915,1.0
5,Family,15,25,0_1_0,0.20627062706270627,0.9554455445544554,0.2638888888888889,0.9880952380952381
5,Family,20,25,0_1_0,0.20077007700770078,0.9455445544554455,0.2526455026455027,0.9761904761904762
5,Family,25,25,0_1_0,0.1971947194719472,0.9504950495049505,0.24801587301587302,0.9761904761904762
5,Family,5,25,1_0_0,0.5294279427942794,1.0,0.5224867724867724,1.0
5,Family,10,25,1_0_0,0.5321782178217822,1.0,0.5291005291005291,1.0
5,Family,15,25,1_0_0,0.5385038503850385,1.0,0.5376984126984127,1.0
5,Family,20,25,1_0_0,0.5451045104510451,1.0,0.5396825396825397,1.0
5,Family,25,25,1_0_0,0.5503300330033003,1.0,0.5443121693121693,1.0
5,Family,5,25,1_1_1,0.4777227722772277,1.0,0.48478835978835977,1.0
5,Family,10,25,1_1_1,0.4724972497249725,1.0,0.48214285714285715,1.0
5,Family,15,25,1_1_1,0.48047304730473045,1.0,0.5033068783068783,1.0
5,Family,20,25,1_1_1,0.4746974697469747,1.0,0.5066137566137566,1.0
5,Family,25,25,1_1_1,0.4768976897689769,1.0,0.501984126984127,1.0
5,Family,5,30,0_0_0,0.31518151815181517,1.0,0.36769759450171824,1.0
5,Family,10,30,0_0_0,0.3140814081408141,1.0,0.3642611683848797,1.0
5,Family,15,30,0_0_0,0.3179317931793179,1.0,0.3722794959908362,1.0
5,Family,20,30,0_0_0,0.3248074807480748,1.0,0.3734249713631157,1.0
5,Family,25,30,0_0_0,0.32893289328932895,1.0,0.37628865979381443,1.0
5,Family,5,30,0_0_1,0.23542354235423543,0.9702970297029703,0.2961053837342497,1.0
5,Family,10,30,0_0_1,0.2224972497249725,0.9405940594059405,0.28579610538373423,1.0
5,Family,15,30,0_0_1,0.22882288228822883,0.9554455445544554,0.28751431844215347,1.0
5,Family,20,30,0_0_1,0.22332233223322331,0.9504950495049505,0.28121420389461627,1.0
5,Family,25,30,0_0_1,0.23899889988998899,0.9653465346534653,0.2961053837342497,1.0
5,Family,5,30,0_1_0,0.22744774477447743,0.9356435643564356,0.2961053837342497,1.0
5,Family,10,30,0_1_0,0.2224972497249725,0.9306930693069306,0.293241695303551,1.0
5,Family,15,30,0_1_0,0.2191969196919692,0.9356435643564356,0.2898052691867125,0.9896907216494846
5,Family,20,30,0_1_0,0.2246974697469747,0.9405940594059405,0.29667812142038946,0.9896907216494846
5,Family,25,30,0_1_0,0.22552255225522552,0.9504950495049505,0.2949599083619702,1.0
5,Family,5,30,1_0_0,0.5816831683168316,1.0,0.5544100801832761,1.0
5,Family,10,30,1_0_0,0.5866336633663366,1.0,0.5601374570446735,1.0
5,Family,15,30,1_0_0,0.5891089108910891,1.0,0.5647193585337915,1.0
5,Family,20,30,1_0_0,0.5888338833883389,1.0,0.5607101947308133,1.0
5,Family,25,30,1_0_0,0.591034103410341,1.0,0.5618556701030928,1.0
5,Family,5,30,1_1_1,0.570957095709571,1.0,0.5687285223367697,1.0
5,Family,10,30,1_1_1,0.5995599559955995,1.0,0.6053837342497136,1.0
5,Family,15,30,1_1_1,0.5811331133113311,1.0,0.5830469644902635,1.0
5,Family,20,30,1_1_1,0.5907590759075908,1.0,0.5956471935853379,1.0
5,Family,25,30,1_1_1,0.597084708470847,1.0,0.6042382588774341,1.0
5,Family,5,35,0_0_0,0.35066006600660066,1.0,0.39646464646464646,1.0
5,Family,10,35,0_0_0,0.35066006600660066,1.0,0.39646464646464646,1.0
5,Family,15,35,0_0_0,0.34680968096809683,1.0,0.3934343434343434,1.0
5,Family,20,35,0_0_0,0.35066006600660066,1.0,0.396969696969697,1.0
5,Family,25,35,0_0_0,0.3492849284928493,1.0,0.39494949494949494,1.0
5,Family,5,35,0_0_1,0.23432343234323433,1.0,0.2792929292929293,1.0
5,Family,10,35,0_0_1,0.22442244224422442,0.995049504950495,0.27121212121212124,1.0
5,Family,15,35,0_0_1,0.22607260726072606,0.9851485148514851,0.27424242424242423,0.990909090909091
5,Family,20,35,0_0_1,0.2213971397139714,0.9801980198019802,0.27525252525252525,0.990909090909091
5,Family,25,35,0_0_1,0.2180968096809681,0.9900990099009901,0.2641414141414141,0.990909090909091
5,Family,5,35,0_1_0,0.22332233223322331,0.9257425742574258,0.27575757575757576,0.9818181818181818
5,Family,10,35,0_1_0,0.22194719471947194,0.9158415841584159,0.2777777777777778,0.990909090909091
5,Family,15,35,0_1_0,0.2334983498349835,0.9207920792079208,0.29292929292929293,0.990909090909091
5,Family,20,35,0_1_0,0.23322332233223322,0.9207920792079208,0.2883838383838384,0.9727272727272728
5,Family,25,35,0_1_0,0.24174917491749176,0.9455445544554455,0.29444444444444445,0.9818181818181818
5,Family,5,35,1_0_0,0.5462046204620462,1.0,0.5338383838383839,1.0
5,Family,10,35,1_0_0,0.5459295929592959,1.0,0.5368686868686868,1.0
5,Family,15,35,1_0_0,0.5508800880088008,1.0,0.5368686868686868,1.0
5,Family,20,35,1_0_0,0.5464796479647965,1.0,0.5318181818181819,1.0
5,Family,25,35,1_0_0,0.5525302530253026,1.0,0.5398989898989899,1.0
5,Family,5,35,1_1_1,0.3767876787678768,1.0,0.4106060606060606,1.0
5,Family,10,35,1_1_1,0.37486248624862484,1.0,0.4121212121212121,1.0
5,Family,15,35,1_1_1,0.3704620462046205,1.0,0.4121212121212121,1.0
5,Family,20,35,1_1_1,0.3666116611661166,1.0,0.40555555555555556,1.0
5,Family,25,35,1_1_1,0.36633663366336633,1.0,0.40555555555555556,1.0
5,Family,5,40,0_0_0,0.33855885588558854,1.0,0.38705234159779617,1.0
5,Family,10,40,0_0_0,0.3415841584158416,1.0,0.39118457300275483,1.0
5,Family,15,40,0_0_0,0.33855885588558854,1.0,0.384297520661157,1.0
5,Family,20,40,0_0_0,0.3413091309130913,1.0,0.38659320477502296,1.0
5,Family,25,40,0_0_0,0.3435093509350935,1.0,0.39026629935720847,1.0
5,Family,5,40,0_0_1,0.23404840484048406,0.900990099009901,0.29201101928374656,0.9669421487603306
5,Family,10,40,0_0_1,0.2433993399339934,0.9405940594059405,0.30670339761248855,0.9917355371900827
5,Family,15,40,0_0_1,0.24752475247524752,0.9504950495049505,0.30899908172635443,1.0
5,Family,20,40,0_0_1,0.25495049504950495,0.9504950495049505,0.3135904499540863,1.0
5,Family,25,40,0_0_1,0.253025302530253,0.9504950495049505,0.31129476584022037,0.9917355371900827
5,Family,5,40,0_1_0,0.23624862486248624,0.9257425742574258,0.29476584022038566,1.0
5,Family,10,40,0_1_0,0.2544004400440044,0.9554455445544554,0.3108356290174472,1.0
5,Family,15,40,0_1_0,0.25357535753575355,0.9504950495049505,0.31129476584022037,1.0
5,Family,20,40,0_1_0,0.2552255225522552,0.9455445544554455,0.3122130394857668,0.9917355371900827
5,Family,25,40,0_1_0,0.2577007700770077,0.9455445544554455,0.3117539026629936,0.9917355371900827
5,Family,5,40,1_0_0,0.5104510451045104,1.0,0.4857667584940312,1.0
5,Family,10,40,1_0_0,0.5426292629262927,1.0,0.5137741046831956,1.0
5,Family,15,40,1_0_0,0.5415291529152916,1.0,0.5188246097337006,1.0
5,Family,20,40,1_0_0,0.5431793179317932,1.0,0.5183654729109275,1.0
5,Family,25,40,1_0_0,0.5544554455445545,1.0,0.527089072543618,1.0
5,Family,5,40,1_1_1,0.6113861386138614,1.0,0.5909090909090909,1.0
5,Family,10,40,1_1_1,0.5921342134213421,1.0,0.5762167125803489,1.0
5,Family,15,40,1_1_1,0.6328382838283828,1.0,0.6184573002754821,1.0
5,Family,20,40,1_1_1,0.6086358635863587,1.0,0.6033057851239669,1.0
5,Family,25,40,1_1_1,0.6223872387238724,1.0,0.6092745638200183,1.0
5,Family,5,45,0_0_0,0.323982398239824,0.9900990099009901,0.36967418546365916,1.0
5,Family,10,45,0_0_0,0.3264576457645765,0.995049504950495,0.3705096073517126,1.0
5,Family,15,45,0_0_0,0.32233223322332233,0.995049504950495,0.3654970760233918,1.0
5,Family,20,45,0_0_0,0.33855885588558854,0.995049504950495,0.3788638262322473,1.0
5,Family,25,45,0_0_0,0.32233223322332233,0.9900990099009901,0.36466165413533835,1.0
5,Family,5,45,0_0_1,0.24504950495049505,0.9455445544554455,0.2869674185463659,0.9774436090225564
5,Family,10,45,0_0_1,0.24257425742574257,0.9257425742574258,0.2832080200501253,0.9699248120300752
5,Family,15,45,0_0_1,0.24174917491749176,0.9207920792079208,0.2827903091060986,0.9699248120300752
5,Family,20,45,0_0_1,0.24064906490649066,0.9306930693069306,0.28153717627401836,0.9699248120300752
5,Family,25,45,0_0_1,0.24697469746974698,0.9405940594059405,0.2878028404344194,0.9699248120300752
5,Family,5,45,0_1_0,0.24504950495049505,0.9851485148514851,0.28111946532999166,0.9924812030075187
5,Family,10,45,0_1_0,0.24257425742574257,0.9603960396039604,0.2832080200501253,0.9849624060150376
5,Family,15,45,0_1_0,0.24284928492849284,0.9653465346534653,0.28153717627401836,0.9774436090225564
5,Family,20,45,0_1_0,0.24697469746974698,0.9653465346534653,0.28404344193817876,0.9924812030075187
5,Family,25,45,0_1_0,0.24614961496149615,0.9554455445544554,0.2878028404344194,0.9924812030075187
5,Family,5,45,1_0_0,0.5451045104510451,1.0,0.5229741019214703,1.0
5,Family,10,45,1_0_0,0.5437293729372937,1.0,0.5183792815371763,1.0
5,Family,15,45,1_0_0,0.5497799779977998,1.0,0.5242272347535506,1.0
5,Family,20,45,1_0_0,0.5654565456545655,1.0,0.5401002506265664,1.0
5,Family,25,45,1_0_0,0.5643564356435643,1.0,0.5384294068504595,1.0
5,Family,5,45,1_1_1,0.3578107810781078,1.0,0.39557226399331663,1.0
5,Family,10,45,1_1_1,0.356985698569857,1.0,0.3968253968253968,1.0
5,Family,15,45,1_1_1,0.35616061606160615,1.0,0.3964076858813701,1.0
5,Family,20,45,1_1_1,0.3564356435643564,1.0,0.39598997493734334,1.0
5,Family,25,45,1_1_1,0.3550605060506051,1.0,0.3943191311612364,1.0
5,Family,5,50,0_0_0,0.3556105610561056,1.0,0.3980815347721823,1.0
5,Family,10,50,0_0_0,0.3556105610561056,1.0,0.3980815347721823,1.0
5,Family,15,50,0_0_0,0.3558855885588559,1.0,0.3980815347721823,1.0
5,Family,20,50,0_0_0,0.3564356435643564,1.0,0.3980815347721823,1.0
5,Family,25,50,0_0_0,0.3564356435643564,1.0,0.3980815347721823,1.0
5,Family,5,50,0_0_1,0.25577557755775576,0.9603960396039604,0.2993605115907274,1.0
5,Family,10,50,0_0_1,0.24202420242024203,0.9504950495049505,0.28816946442845726,0.9856115107913669
5,Family,15,50,0_0_1,0.24064906490649066,0.9603960396039604,0.28497202238209435,1.0
5,Family,20,50,0_0_1,0.23707370737073707,0.9455445544554455,0.2825739408473221,0.9856115107913669
5,Family,25,50,0_0_1,0.24147414741474146,0.9504950495049505,0.28617106314948043,1.0
5,Family,5,50,0_1_0,0.25495049504950495,0.9801980198019802,0.2965627498001599,1.0
5,Family,10,50,0_1_0,0.2577007700770077,0.995049504950495,0.29576338928856916,1.0
5,Family,15,50,0_1_0,0.24367436743674367,0.9900990099009901,0.2805755395683453,1.0
5,Family,20,50,0_1_0,0.24697469746974698,0.995049504950495,0.2809752198241407,0.9928057553956835
5,Family,25,50,0_1_0,0.24504950495049505,0.9900990099009901,0.2797761790567546,1.0
5,Family,5,50,1_0_0,0.4966996699669967,1.0,0.49600319744204635,1.0
5,Family,10,50,1_0_0,0.4953245324532453,1.0,0.49480415667466027,1.0
5,Family,15,50,1_0_0,0.5176017601760176,1.0,0.5155875299760192,1.0
5,Family,20,50,1_0_0,0.5167766776677668,1.0,0.5123900879296562,1.0
5,Family,25,50,1_0_0,0.5129262926292629,1.0,0.5027977617905676,1.0
5,Family,5,50,1_1_1,0.44774477447744776,1.0,0.44844124700239807,1.0
5,Family,10,50,1_1_1,0.48734873487348734,1.0,0.4980015987210232,1.0
5,Family,15,50,1_1_1,0.46204620462046203,1.0,0.4628297362110312,1.0
5,Family,20,50,1_1_1,0.4661716171617162,1.0,0.4704236610711431,1.0
5,Family,25,50,1_1_1,0.4766226622662266,1.0,0.47601918465227816,1.0
5,Family,5,55,0_0_0,0.35286028602860287,1.0,0.38997113997113997,1.0
5,Family,10,55,0_0_0,0.35313531353135313,1.0,0.3906926406926407,1.0
5,Family,15,55,0_0_0,0.3534103410341034,1.0,0.3903318903318903,1.0
5,Family,20,55,0_0_0,0.3525852585258526,1.0,0.3888888888888889,1.0
5,Family,25,55,0_0_0,0.35451045104510454,1.0,0.3906926406926407,1.0
5,Family,5,55,0_0_1,0.2709020902090209,0.9702970297029703,0.306998556998557,0.9805194805194806
5,Family,10,55,0_0_1,0.2632013201320132,0.9900990099009901,0.29653679653679654,0.9935064935064936
5,Family,15,55,0_0_1,0.26265126512651266,0.9801980198019802,0.2950937950937951,0.987012987012987
5,Family,20,55,0_0_1,0.2546754675467547,0.9653465346534653,0.2886002886002886,0.987012987012987
5,Family,25,55,0_0_1,0.2645764576457646,0.9752475247524752,0.29797979797979796,0.9935064935064936
5,Family,5,55,0_1_0,0.2808030803080308,0.9900990099009901,0.31096681096681095,1.0
5,Family,10,55,0_1_0,0.2901540154015402,1.0,0.31962481962481964,1.0
5,Family,15,55,0_1_0,0.2794279427942794,0.9801980198019802,0.3134920634920635,1.0
5,Family,20,55,0_1_0,0.2931793179317932,1.0,0.32575757575757575,1.0
5,Family,25,55,0_1_0,0.2887788778877888,0.9900990099009901,0.32142857142857145,1.0
5,Family,5,55,1_0_0,0.6344884488448845,1.0,0.6038961038961039,1.0
5,Family,10,55,1_0_0,0.6344884488448845,1.0,0.6042568542568543,1.0
5,Family,15,55,1_0_0,0.6347634763476347,1.0,0.6038961038961039,1.0
5,Family,20,55,1_0_0,0.6391639163916392,1.0,0.6053391053391053,1.0
5,Family,25,55,1_0_0,0.636963696369637,1.0,0.6038961038961039,1.0
5,Family,5,55,1_1_1,0.5154015401540154,1.0,0.5241702741702742,1.0
5,Family,10,55,1_1_1,0.5222772277227723,1.0,0.5313852813852814,1.0
5,Family,15,55,1_1_1,0.5093509350935094,1.0,0.5155122655122655,1.0
5,Family,20,55,1_1_1,0.5198019801980198,1.0,0.5248917748917749,1.0
5,Family,25,55,1_1_1,0.5255775577557755,1.0,0.5378787878787878,1.0
5,Family,5,60,0_0_0,0.3542354235423542,1.0,0.3840877914951989,1.0
5,Family,10,60,0_0_0,0.35616061606160615,1.0,0.3864883401920439,1.0
5,Family,15,60,0_0_0,0.3550605060506051,1.0,0.38511659807956106,1.0
5,Family,20,60,0_0_0,0.35533553355335534,1.0,0.38614540466392316,1.0
5,Family,25,60,0_0_0,0.3556105610561056,1.0,0.38580246913580246,1.0
5,Family,5,60,0_0_1,0.2931793179317932,0.995049504950495,0.3281893004115226,1.0
5,Family,10,60,0_0_1,0.30363036303630364,0.995049504950495,0.33641975308641975,1.0
5,Family,15,60,0_0_1,0.30143014301430143,0.995049504950495,0.33539094650205764,1.0
5,Family,20,60,0_0_1,0.29812981298129815,0.995049504950495,0.3323045267489712,1.0
5,Family,25,60,0_0_1,0.3069306930693069,1.0,0.3391632373113855,1.0
5,Family,5,60,0_1_0,0.28602860286028603,0.9851485148514851,0.31275720164609055,0.9876543209876543
5,Family,10,60,0_1_0,0.2876787678767877,1.0,0.31584362139917693,1.0
5,Family,15,60,0_1_0,0.2887788778877888,1.0,0.3168724279835391,1.0
5,Family,20,60,0_1_0,0.28465346534653463,0.995049504950495,0.31378600823045266,1.0
5,Family,25,60,0_1_0,0.2852035203520352,0.995049504950495,0.3113854595336077,1.0
5,Family,5,60,1_0_0,0.4491199119911991,1.0,0.4537037037037037,1.0
5,Family,10,60,1_0_0,0.4381188118811881,1.0,0.446159122085048,1.0
5,Family,15,60,1_0_0,0.4436193619361936,1.0,0.4513031550068587,1.0
5,Family,20,60,1_0_0,0.4507700770077008,1.0,0.45987654320987653,1.0
5,Family,25,60,1_0_0,0.43344334433443343,1.0,0.44135802469135804,1.0
5,Family,5,60,1_1_1,0.40594059405940597,1.0,0.4111796982167353,1.0
5,Family,10,60,1_1_1,0.41391639163916394,1.0,0.4221536351165981,1.0
5,Family,15,60,1_1_1,0.39933993399339934,1.0,0.4070644718792867,1.0
5,Family,20,60,1_1_1,0.40374037403740376,1.0,0.41426611796982166,1.0
5,Family,25,60,1_1_1,0.39823982398239827,1.0,0.40843621399176955,1.0
5,Family,5,65,0_0_0,0.3470847084708471,1.0,0.3726851851851852,1.0
5,Family,10,65,0_0_0,0.3523102310231023,1.0,0.37665343915343913,1.0
5,Family,15,65,0_0_0,0.35286028602860287,1.0,0.3783068783068783,1.0
5,Family,20,65,0_0_0,0.35313531353135313,1.0,0.3783068783068783,1.0
5,Family,25,65,0_0_0,0.35286028602860287,1.0,0.37896825396825395,1.0
5,Family,5,65,0_0_1,0.30115511551155116,0.9801980198019802,0.32506613756613756,0.9940476190476191
5,Family,10,65,0_0_1,0.3008800880088009,1.0,0.32506613756613756,1.0
5,Family,15,65,0_0_1,0.2973047304730473,0.9900990099009901,0.32076719576719576,0.9940476190476191
5,Family,20,65,0_0_1,0.2986798679867987,0.9801980198019802,0.3220899470899471,0.9880952380952381
5,Family,25,65,0_0_1,0.29455445544554454,0.9801980198019802,0.3177910052910053,0.9880952380952381
5,Family,5,65,0_1_0,0.2896039603960396,0.9851485148514851,0.3167989417989418,1.0
5,Family,10,65,0_1_0,0.3083058305830583,0.995049504950495,0.3369708994708995,0.9940476190476191
5,Family,15,65,0_1_0,0.31573157315731576,0.9851485148514851,0.3449074074074074,0.9940476190476191
5,Family,20,65,0_1_0,0.31353135313531355,0.9900990099009901,0.33994708994708994,1.0
5,Family,25,65,0_1_0,0.3217821782178218,0.9900990099009901,0.3455687830687831,1.0
5,Family,5,65,1_0_0,0.564906490649065,1.0,0.548941798941799,1.0
5,Family,10,65,1_0_0,0.5742574257425742,1.0,0.5578703703703703,1.0
5,Family,15,65,1_0_0,0.5726072607260726,1.0,0.5591931216931217,1.0
5,Family,20,65,1_0_0,0.5899339933993399,1.0,0.5763888888888888,1.0
5,Family,25,65,1_0_0,0.5858085808580858,1.0,0.5730820105820106,1.0
5,Family,5,65,1_1_1,0.5365786578657866,1.0,0.5264550264550265,1.0
5,Family,10,65,1_1_1,0.5310781078107811,1.0,0.5218253968253969,1.0
5,Family,15,65,1_1_1,0.5470297029702971,1.0,0.5400132275132276,1.0
5,Family,20,65,1_1_1,0.5613311331133113,1.0,0.5499338624338624,1.0
5,Family,25,65,1_1_1,0.5572057205720572,1.0,0.5539021164021164,1.0
5,Family,5,70,0_0_0,0.35616061606160615,1.0,0.37507846829880725,1.0
5,Family,10,70,0_0_0,0.3564356435643564,1.0,0.3753923414940364,1.0
5,Family,15,70,0_0_0,0.3564356435643564,1.0,0.3753923414940364,1.0
5,Family,20,70,0_0_0,0.3564356435643564,1.0,0.3753923414940364,1.0
5,Family,25,70,0_0_0,0.3564356435643564,1.0,0.3753923414940364,1.0
5,Family,5,70,0_0_1,0.31133113311331134,0.995049504950495,0.33113622096672946,1.0
5,Family,10,70,0_0_1,0.305005500550055,1.0,0.325172630257376,1.0
5,Family,15,70,0_0_1,0.3107810781078108,1.0,0.3314500941619586,1.0
5,Family,20,70,0_0_1,0.3140814081408141,1.0,0.3352165725047081,1.0
5,Family,25,70,0_0_1,0.3138063806380638,1.0,0.33207784055241685,1.0
5,Family,5,70,0_1_0,0.29372937293729373,0.9900990099009901,0.3123038292529818,1.0
5,Family,10,70,0_1_0,0.2854785478547855,0.995049504950495,0.3050847457627119,1.0
5,Family,15,70,0_1_0,0.29262926292629265,0.995049504950495,0.31198995605775265,1.0
5,Family,20,70,0_1_0,0.29895489548954896,0.995049504950495,0.31858129315756434,1.0
5,Family,25,70,0_1_0,0.2929042904290429,0.9851485148514851,0.31418706842435656,0.9943502824858758
5,Family,5,70,1_0_0,0.6009350935093509,1.0,0.5941619585687382,1.0
5,Family,10,70,1_0_0,0.6111111111111112,1.0,0.6054613935969868,1.0
5,Family,15,70,1_0_0,0.6133113311331133,1.0,0.6060891399874451,1.0
5,Family,20,70,1_0_0,0.6163366336633663,1.0,0.610797237915882,1.0
5,Family,25,70,1_0_0,0.606985698569857,1.0,0.6013810420590081,1.0
5,Family,5,70,1_1_1,0.43454345434543457,1.0,0.4406779661016949,1.0
5,Family,10,70,1_1_1,0.4312431243124312,1.0,0.4387947269303202,1.0
5,Family,15,70,1_1_1,0.4172167216721672,1.0,0.4256120527306968,1.0
5,Family,20,70,1_1_1,0.4075907590759076,1.0,0.418706842435656,1.0
5,Family,25,70,1_1_1,0.39933993399339934,1.0,0.4067796610169492,1.0
6,Family,5,0,0_0_0,0.26485148514851486,0.9504950495049505,,
6,Family,10,0,0_0_0,0.26732673267326734,0.9702970297029703,,
6,Family,15,0,0_0_0,0.27282728272827284,0.9851485148514851,,
6,Family,20,0,0_0_0,0.27282728272827284,0.9554455445544554,,
6,Family,25,0,0_0_0,0.26595159515951594,0.9504950495049505,,
6,Family,5,0,0_0_1,0.1828932893289329,0.9405940594059405,,
6,Family,10,0,0_0_1,0.17656765676567657,0.9108910891089109,,
6,Family,15,0,0_0_1,0.17574257425742573,0.9158415841584159,,
6,Family,20,0,0_0_1,0.18151815181518152,0.9306930693069306,,
6,Family,25,0,0_0_1,0.17684268426842684,0.9108910891089109,,
6,Family,5,0,0_1_0,0.1817931793179318,0.9653465346534653,,
6,Family,10,0,0_1_0,0.17794279427942794,0.9801980198019802,,
6,Family,15,0,0_1_0,0.1694169416941694,0.9504950495049505,,
6,Family,20,0,0_1_0,0.18619361936193618,0.9851485148514851,,
6,Family,25,0,0_1_0,0.17959295929592958,0.9752475247524752,,
6,Family,5,0,1_0_0,0.44966996699669964,1.0,,
6,Family,10,0,1_0_0,0.45792079207920794,1.0,,
6,Family,15,0,1_0_0,0.4515951595159516,1.0,,
6,Family,20,0,1_0_0,0.44224422442244227,1.0,,
6,Family,25,0,1_0_0,0.45737073707370735,1.0,,
6,Family,5,0,1_1_1,0.6581408140814081,1.0,,
6,Family,10,0,1_1_1,0.6683168316831684,1.0,,
6,Family,15,0,1_1_1,0.6611661166116611,1.0,,
6,Family,20,0,1_1_1,0.672992299229923,1.0,,
6,Family,25,0,1_1_1,0.6644664466446645,1.0,,
6,Family,5,5,0_0_0,0.27145214521452143,0.9603960396039604,0.35185185185185186,1.0
6,Family,10,5,0_0_0,0.26732673267326734,0.9554455445544554,0.3287037037037037,1.0
6,Family,15,5,0_0_0,0.27447744774477445,0.9653465346534653,0.3402777777777778,1.0
6,Family,20,5,0_0_0,0.2676017601760176,0.9504950495049505,0.3333333333333333,1.0
6,Family,25,5,0_0_0,0.27365236523652364,0.9702970297029703,0.33796296296296297,1.0
6,Family,5,5,0_0_1,0.18344334433443343,0.9257425742574258,0.19675925925925927,0.9583333333333334
6,Family,10,5,0_0_1,0.17546754675467546,0.905940594059406,0.19212962962962962,0.9583333333333334
6,Family,15,5,0_0_1,0.1751925192519252,0.9108910891089109,0.19444444444444445,0.9583333333333334
6,Family,20,5,0_0_1,0.17216721672167218,0.900990099009901,0.19907407407407407,0.9583333333333334
6,Family,25,5,0_0_1,0.1773927392739274,0.9158415841584159,0.20601851851851852,0.9583333333333334
6,Family,5,5,0_1_0,0.2070957095709571,0.9851485148514851,0.21064814814814814,1.0
6,Family,10,5,0_1_0,0.20929592959295928,0.9801980198019802,0.23842592592592593,1.0
6,Family,15,5,0_1_0,0.2048954895489549,0.9653465346534653,0.23842592592592593,0.9583333333333334
6,Family,20,5,0_1_0,0.2004950495049505,0.9554455445544554,0.23842592592592593,0.9583333333333334
6,Family,25,5,0_1_0,0.19416941694169418,0.9504950495049505,0.23842592592592593,1.0
6,Family,5,5,1_0_0,0.5121012101210121,1.0,0.48148148148148145,1.0
6,Family,10,5,1_0_0,0.5126512651265126,1.0,0.5023148148148148,1.0
6,Family,15,5,1_0_0,0.5104510451045104,1.0,0.4722222222222222,1.0
6,Family,20,5,1_0_0,0.5129262926292629,1.0,0.49074074074074076,1.0
6,Family,25,5,1_0_0,0.5192519251925193,1.0,0.49537037037037035,1.0
6,Family,5,5,1_1_1,0.43234323432343236,1.0,0.4722222222222222,1.0
6,Family,10,5,1_1_1,0.40786578657865785,1.0,0.4444444444444444,1.0
6,Family,15,5,1_1_1,0.41804180418041803,1.0,0.4513888888888889,1.0
6,Family,20,5,1_1_1,0.41914191419141916,1.0,0.4513888888888889,1.0
6,Family,25,5,1_1_1,0.4144664466446645,1.0,0.4513888888888889,1.0
6,Family,5,10,0_0_0,0.2761276127612761,0.9554455445544554,0.3309692671394799,1.0
6,Family,10,10,0_0_0,0.2841034103410341,0.9801980198019802,0.3392434988179669,1.0
6,Family,15,10,0_0_0,0.29207920792079206,0.9851485148514851,0.34988179669030733,1.0
6,Family,20,10,0_0_0,0.28272827282728275,0.9702970297029703,0.33451536643026003,1.0
6,Family,25,10,0_0_0,0.28685368536853684,0.9801980198019802,0.3416075650118203,1.0
6,Family,5,10,0_0_1,0.21287128712871287,0.9752475247524752,0.24468085106382978,1.0
6,Family,10,10,0_0_1,0.19389438943894388,0.9306930693069306,0.23049645390070922,1.0
6,Family,15,10,0_0_1,0.20187018701870188,0.9653465346534653,0.23167848699763594,1.0
6,Family,20,10,0_0_1,0.19966996699669967,0.9801980198019802,0.2222222222222222,1.0
6,Family,25,10,0_0_1,0.19114411441144114,0.9702970297029703,0.2222222222222222,1.0
6,Family,5,10,0_1_0,0.21287128712871287,0.9653465346534653,0.24349881796690306,1.0
6,Family,10,10,0_1_0,0.19856985698569857,0.9504950495049505,0.2281323877068558,1.0
6,Family,15,10,0_1_0,0.19636963696369636,0.9504950495049505,0.23404255319148937,1.0
6,Family,20,10,0_1_0,0.19086908690869087,0.9455445544554455,0.22458628841607564,1.0
6,Family,25,10,0_1_0,0.19801980198019803,0.9702970297029703,0.23286052009456265,1.0
6,Family,5,10,1_0_0,0.5442794279427943,1.0,0.5094562647754137,1.0
6,Family,10,10,1_0_0,0.5481298129812981,1.0,0.5236406619385343,1.0
6,Family,15,10,1_0_0,0.5613311331133113,1.0,0.557919621749409,1.0
6,Family,20,10,1_0_0,0.5574807480748075,1.0,0.5520094562647754,1.0
6,Family,25,10,1_0_0,0.5610561056105611,1.0,0.5614657210401891,1.0
6,Family,5,10,1_1_1,0.6749174917491749,1.0,0.6891252955082743,1.0
6,Family,10,10,1_1_1,0.7134213421342134,1.0,0.7494089834515366,1.0
6,Family,15,10,1_1_1,0.7120462046204621,1.0,0.7446808510638298,1.0
6,Family,20,10,1_1_1,0.6922442244224423,1.0,0.7174940898345153,1.0
6,Family,25,10,1_1_1,0.7043454345434543,1.0,0.7293144208037825,1.0
6,Family,5,15,0_0_0,0.32233223322332233,0.995049504950495,0.3606403013182674,1.0
6,Family,10,15,0_0_0,0.33443344334433445,1.0,0.3766478342749529,1.0
6,Family,15,15,0_0_0,0.3363586358635864,1.0,0.3785310734463277,1.0
6,Family,20,15,0_0_0,0.338008800880088,1.0,0.3775894538606403,1.0
6,Family,25,15,0_0_0,0.32893289328932895,1.0,0.3691148775894539,1.0
6,Family,5,15,0_0_1,0.18976897689768976,0.9455445544554455,0.22128060263653485,0.9661016949152542
6,Family,10,15,0_0_1,0.18921892189218922,0.9158415841584159,0.2278719397363465,0.9661016949152542
6,Family,15,15,0_0_1,0.1925192519251925,0.9405940594059405,0.2278719397363465,0.9830508474576272
6,Family,20,15,0_0_1,0.19086908690869087,0.9158415841584159,0.23258003766478344,0.9830508474576272
6,Family,25,15,0_0_1,0.1894939493949395,0.9108910891089109,0.23163841807909605,1.0
6,Family,5,15,0_1_0,0.21699669966996699,0.9801980198019802,0.263653483992467,1.0
6,Family,10,15,0_1_0,0.20737073707370737,0.9702970297029703,0.24764595103578155,1.0
6,Family,15,15,0_1_0,0.21204620462046206,0.9702970297029703,0.256120527306968,0.9830508474576272
6,Family,20,15,0_1_0,0.22057205720572057,0.9801980198019802,0.2664783427495292,1.0
6,Family,25,15,0_1_0,0.20297029702970298,0.9603960396039604,0.24858757062146894,1.0
6,Family,5,15,1_0_0,0.6199119911991199,1.0,0.571563088512241,1.0
6,Family,10,15,1_0_0,0.6328382838283828,1.0,0.591337099811676,1.0
6,Family,15,15,1_0_0,0.6193619361936193,1.0,0.5809792843691148,1.0
6,Family,20,15,1_0_0,0.6298129812981298,1.0,0.5903954802259888,1.0
6,Family,25,15,1_0_0,0.6333883388338833,1.0,0.5894538606403014,1.0
6,Family,5,15,1_1_1,0.5781078107810781,1.0,0.5781544256120528,1.0
6,Family,10,15,1_1_1,0.5954345434543454,1.0,0.5847457627118644,1.0
6,Family,15,15,1_1_1,0.592959295929593,1.0,0.5819209039548022,1.0
6,Family,20,15,1_1_1,0.5814081408140814,1.0,0.5753295668549906,1.0
6,Family,25,15,1_1_1,0.5877337733773378,1.0,0.5800376647834274,1.0
6,Family,5,20,0_0_0,0.33608360836083606,0.995049504950495,0.37762762762762764,1.0
6,Family,10,20,0_0_0,0.34075907590759075,1.0,0.3791291291291291,1.0
6,Family,15,20,0_0_0,0.3424092409240924,1.0,0.3858858858858859,1.0
6,Family,20,20,0_0_0,0.34625962596259624,1.0,0.38963963963963966,1.0
6,Family,25,20,0_0_0,0.3371837183718372,0.995049504950495,0.3791291291291291,1.0
6,Family,5,20,0_0_1,0.20544554455445543,0.905940594059406,0.25975975975975973,0.9864864864864865
6,Family,10,20,0_0_1,0.20077007700770078,0.9207920792079208,0.256006006006006,1.0
6,Family,15,20,0_0_1,0.19416941694169418,0.8960396039603961,0.2424924924924925,0.9864864864864865
6,Family,20,20,0_0_1,0.19196919691969197,0.8910891089108911,0.24474474474474475,0.972972972972973
6,Family,25,20,0_0_1,0.1905940594059406,0.9158415841584159,0.24324324324324326,0.9864864864864865
6,Family,5,20,0_1_0,0.1927942794279428,0.9207920792079208,0.25225225225225223,1.0
6,Family,10,20,0_1_0,0.1828932893289329,0.905940594059406,0.24624624624624625,1.0
6,Family,15,20,0_1_0,0.18206820682068206,0.9158415841584159,0.246996996996997,0.972972972972973
6,Family,20,20,0_1_0,0.18316831683168316,0.905940594059406,0.243993993993994,0.972972972972973
6,Family,25,20,0_1_0,0.18646864686468648,0.9207920792079208,0.24774774774774774,0.9864864864864865
6,Family,5,20,1_0_0,0.6342134213421342,1.0,0.6021021021021021,1.0
6,Family,10,20,1_0_0,0.6309130913091309,1.0,0.5930930930930931,1.0
6,Family,15,20,1_0_0,0.6325632563256326,1.0,0.5960960960960962,1.0
6,Family,20,20,1_0_0,0.6388888888888888,1.0,0.6051051051051051,1.0
6,Family,25,20,1_0_0,0.6402640264026402,1.0,0.6073573573573574,1.0
6,Family,5,20,1_1_1,0.4458195819581958,1.0,0.481981981981982,1.0
6,Family,10,20,1_1_1,0.444994499449945,1.0,0.4617117117117117,1.0
6,Family,15,20,1_1_1,0.43096809680968096,1.0,0.43993993993993996,1.0
6,Family,20,20,1_1_1,0.4381188118811881,1.0,0.4436936936936937,1.0
6,Family,25,20,1_1_1,0.4430693069306931,1.0,0.44069069069069067,1.0
6,Family,5,25,0_0_0,0.35533553355335534,1.0,0.40343915343915343,1.0
6,Family,10,25,0_0_0,0.3550605060506051,1.0,0.4027777777777778,1.0
6,Family,15,25,0_0_0,0.35533553355335534,1.0,0.4027777777777778,1.0
6,Family,20,25,0_0_0,0.3564356435643564,1.0,0.40343915343915343,1.0
6,Family,25,25,0_0_0,0.3564356435643564,1.0,0.40343915343915343,1.0
6,Family,5,25,0_0_1,0.2026952695269527,0.9405940594059405,0.2533068783068783,0.9880952380952381
6,Family,10,25,0_0_1,0.19004400440044003,0.9257425742574258,0.24404761904761904,0.9880952380952381
6,Family,15,25,0_0_1,0.19224422442244224,0.9356435643564356,0.24404761904761904,1.0
6,Family,20,25,0_0_1,0.18729372937293728,0.9108910891089109,0.2400793650793651,1.0
6,Family,25,25,0_0_1,0.18371837183718373,0.9158415841584159,0.23214285714285715,1.0
6,Family,5,25,0_1_0,0.205995599559956,0.9455445544554455,0.2638888888888889,0.9880952380952381
6,Family,10,25,0_1_0,0.19581958195819582,0.9158415841584159,0.25462962962962965,1.0
6,Family,15,25,0_1_0,0.1925192519251925,0.9108910891089109,0.24404761904761904,0.9880952380952381
6,Family,20,25,0_1_0,0.19031903190319033,0.8910891089108911,0.24801587301587302,0.9761904761904762
6,Family,25,25,0_1_0,0.20077007700770078,0.8960396039603961,0.2605820105820106,0.9761904761904762
6,Family,5,25,1_0_0,0.5533553355335533,1.0,0.5496031746031746,1.0
6,Family,10,25,1_0_0,0.5624312431243125,1.0,0.5595238095238095,1.0
6,Family,15,25,1_0_0,0.5643564356435643,1.0,0.5542328042328042,1.0
6,Family,20,25,1_0_0,0.562981298129813,1.0,0.5641534391534392,1.0
6,Family,25,25,1_0_0,0.5668316831683168,1.0,0.5667989417989417,1.0
6,Family,5,25,1_1_1,0.4141914191419142,1.0,0.42592592592592593,1.0
6,Family,10,25,1_1_1,0.4097909790979098,1.0,0.421957671957672,1.0
6,Family,15,25,1_1_1,0.41171617161716173,1.0,0.42592592592592593,1.0
6,Family,20,25,1_1_1,0.41006600660066006,1.0,0.42923280423280424,1.0
6,Family,25,25,1_1_1,0.4152915291529153,1.0,0.4312169312169312,1.0
6,Family,5,30,0_0_0,0.35451045104510454,1.0,0.40034364261168387,1.0
6,Family,10,30,0_0_0,0.3564356435643564,1.0,0.4020618556701031,1.0
6,Family,15,30,0_0_0,0.3564356435643564,1.0,0.4020618556701031,1.0
6,Family,20,30,0_0_0,0.3564356435643564,1.0,0.4020618556701031,1.0
6,Family,25,30,0_0_0,0.3564356435643564,1.0,0.4020618556701031,1.0
6,Family,5,30,0_0_1,0.22387238723872388,0.9702970297029703,0.27376861397479957,0.9896907216494846
6,Family,10,30,0_0_1,0.2246974697469747,0.9752475247524752,0.27720504009163804,0.9896907216494846
6,Family,15,30,0_0_1,0.2191969196919692,0.9752475247524752,0.27033218785796104,0.979381443298969
6,Family,20,30,0_0_1,0.2180968096809681,0.9653465346534653,0.27033218785796104,0.9896907216494846
6,Family,25,30,0_0_1,0.21754675467546755,0.9653465346534653,0.27376861397479957,0.9896907216494846
6,Family,5,30,0_1_0,0.22662266226622663,0.9554455445544554,0.27033218785796104,0.9896907216494846
6,Family,10,30,0_1_0,0.21314631463146314,0.9603960396039604,0.24513172966781213,0.9896907216494846
6,Family,15,30,0_1_0,0.20737073707370737,0.9455445544554455,0.24742268041237114,0.979381443298969
6,Family,20,30,0_1_0,0.20214521452145215,0.9356435643564356,0.2479954180985109,0.979381443298969
6,Family,25,30,0_1_0,0.2103960396039604,0.9554455445544554,0.25372279495990835,0.9896907216494846
6,Family,5,30,1_0_0,0.5737073707370737,1.0,0.5446735395189003,1.0
6,Family,10,30,1_0_0,0.5668316831683168,1.0,0.5406643757159221,1.0
6,Family,15,30,1_0_0,0.5761826182618262,1.0,0.5475372279495991,1.0
6,Family,20,30,1_0_0,0.5717821782178217,1.0,0.5504009163802979,1.0
6,Family,25,30,1_0_0,0.5805830583058306,1.0,0.5561282932416953,1.0
6,Family,5,30,1_1_1,0.5016501650165016,1.0,0.5171821305841925,1.0
6,Family,10,30,1_1_1,0.5055005500550055,1.0,0.5303550973654066,1.0
6,Family,15,30,1_1_1,0.5178767876787679,1.0,0.5412371134020618,1.0
6,Family,20,30,1_1_1,0.5104510451045104,1.0,0.5378006872852233,1.0
6,Family,25,30,1_1_1,0.5068756875687569,1.0,0.5257731958762887,1.0
6,Family,5,35,0_0_0,0.3564356435643564,1.0,0.403030303030303,1.0
6,Family,10,35,0_0_0,0.3564356435643564,1.0,0.403030303030303,1.0
6,Family,15,35,0_0_0,0.3564356435643564,1.0,0.403030303030303,1.0
6,Family,20,35,0_0_0,0.3564356435643564,1.0,0.403030303030303,1.0
6,Family,25,35,0_0_0,0.3564356435643564,1.0,0.403030303030303,1.0
6,Family,5,35,0_0_1,0.23844884488448845,0.9900990099009901,0.28484848484848485,1.0
6,Family,10,35,0_0_1,0.2376237623762376,0.9752475247524752,0.29343434343434344,0.990909090909091
6,Family,15,35,0_0_1,0.22854785478547854,0.9603960396039604,0.2808080808080808,0.9727272727272728
6,Family,20,35,0_0_1,0.2257975797579758,0.9603960396039604,0.27525252525252525,0.990909090909091
6,Family,25,35,0_0_1,0.23377337733773376,0.9603960396039604,0.2883838383838384,0.990909090909091
6,Family,5,35,0_1_0,0.23514851485148514,0.9257425742574258,0.295959595959596,0.9818181818181818
6,Family,10,35,0_1_0,0.2257975797579758,0.9257425742574258,0.2878787878787879,0.990909090909091
6,Family,15,35,0_1_0,0.2301980198019802,0.9306930693069306,0.28888888888888886,0.990909090909091
6,Family,20,35,0_1_0,0.2323982398239824,0.9455445544554455,0.2924242424242424,1.0
6,Family,25,35,0_1_0,0.23487348734873487,0.9356435643564356,0.29444444444444445,1.0
6,Family,5,35,1_0_0,0.5294279427942794,1.0,0.5111111111111111,1.0
6,Family,10,35,1_0_0,0.5497799779977998,1.0,0.5313131313131313,1.0
6,Family,15,35,1_0_0,0.5522552255225522,1.0,0.5388888888888889,1.0
6,Family,20,35,1_0_0,0.5561056105610561,1.0,0.5373737373737374,1.0
6,Family,25,35,1_0_0,0.5563806380638063,1.0,0.5323232323232323,1.0
6,Family,5,35,1_1_1,0.46947194719471946,1.0,0.4818181818181818,1.0
6,Family,10,35,1_1_1,0.4628712871287129,1.0,0.4797979797979798,1.0
6,Family,15,35,1_1_1,0.466996699669967,1.0,0.48282828282828283,1.0
6,Family,20,35,1_1_1,0.4614961496149615,1.0,0.48383838383838385,1.0
6,Family,25,35,1_1_1,0.4471947194719472,1.0,0.4631313131313131,1.0
6,Family,5,40,0_0_0,0.3465346534653465,1.0,0.39439853076216713,1.0
6,Family,10,40,0_0_0,0.34735973597359737,1.0,0.39623507805325986,1.0
6,Family,15,40,0_0_0,0.3534103410341034,1.0,0.39944903581267216,1.0
6,Family,20,40,0_0_0,0.3542354235423542,1.0,0.4003673094582185,1.0
6,Family,25,40,0_0_0,0.35286028602860287,1.0,0.3985307621671258,1.0
6,Family,5,40,0_0_1,0.23954895489548955,0.9356435643564356,0.29201101928374656,1.0
6,Family,10,40,0_0_1,0.22442244224422442,0.9455445544554455,0.2736455463728191,1.0
6,Family,15,40,0_0_1,0.21644664466446645,0.9603960396039604,0.2667584940312213,0.9917355371900827
6,Family,20,40,0_0_1,0.22057205720572057,0.9356435643564356,0.2667584940312213,0.9834710743801653
6,Family,25,40,0_0_1,0.22387238723872388,0.9554455445544554,0.2681359044995409,0.9917355371900827
6,Family,5,40,0_1_0,0.24284928492849284,0.9554455445544554,0.30257116620752983,1.0
6,Family,10,40,0_1_0,0.23954895489548955,0.9455445544554455,0.29614325068870523,1.0
6,Family,15,40,0_1_0,0.24422442244224424,0.9504950495049505,0.3021120293847567,1.0
6,Family,20,40,0_1_0,0.2400990099009901,0.9455445544554455,0.3002754820936639,1.0
6,Family,25,40,0_1_0,0.24284928492849284,0.9554455445544554,0.3002754820936639,1.0
6,Family,5,40,1_0_0,0.6287128712871287,1.0,0.5973370064279155,1.0
6,Family,10,40,1_0_0,0.6353135313531353,1.0,0.6046831955922864,1.0
6,Family,15,40,1_0_0,0.6322882288228823,1.0,0.6037649219467401,1.0
6,Family,20,40,1_0_0,0.6320132013201321,1.0,0.6046831955922864,1.0
6,Family,25,40,1_0_0,0.6380638063806381,1.0,0.6097337006427915,1.0
6,Family,5,40,1_1_1,0.5605060506050605,1.0,0.573921028466483,1.0
6,Family,10,40,1_1_1,0.5728822882288229,1.0,0.5867768595041323,1.0
6,Family,15,40,1_1_1,0.5734323432343235,1.0,0.5844811753902663,1.0
6,Family,20,40,1_1_1,0.5638063806380638,1.0,0.5780532598714417,1.0
6,Family,25,40,1_1_1,0.564906490649065,1.0,0.5831037649219467,1.0
6,Family,5,45,0_0_0,0.35203520352035206,1.0,0.39264828738512947,1.0
6,Family,10,45,0_0_0,0.3534103410341034,1.0,0.39264828738512947,1.0
6,Family,15,45,0_0_0,0.35451045104510454,1.0,0.3943191311612364,1.0
6,Family,20,45,0_0_0,0.3542354235423542,1.0,0.3939014202172097,1.0
6,Family,25,45,0_0_0,0.3547854785478548,1.0,0.3943191311612364,1.0
6,Family,5,45,0_0_1,0.24614961496149615,0.9752475247524752,0.28362573099415206,0.9924812030075187
6,Family,10,45,0_0_1,0.23817381738173818,0.9851485148514851,0.2744360902255639,0.9924812030075187
6,Family,15,45,0_0_1,0.23652365236523654,0.9702970297029703,0.27401837928153716,0.9924812030075187
6,Family,20,45,0_0_1,0.22854785478547854,0.9455445544554455,0.2694235588972431,0.9924812030075187
6,Family,25,45,0_0_1,0.22964796479647964,0.9653465346534653,0.2702589807852966,0.9924812030075187
6,Family,5,45,0_1_0,0.24284928492849284,0.9702970297029703,0.2752715121136174,0.9699248120300752
6,Family,10,45,0_1_0,0.23927392739273928,0.9900990099009901,0.26900584795321636,0.9849624060150376
6,Family,15,45,0_1_0,0.23982398239823982,0.9801980198019802,0.2756892230576441,0.9849624060150376
6,Family,20,45,0_1_0,0.23157315731573158,0.9851485148514851,0.2681704260651629,0.9924812030075187
6,Family,25,45,0_1_0,0.23514851485148514,0.9851485148514851,0.272765246449457,0.9924812030075187
6,Family,5,45,1_0_0,0.5239273927392739,1.0,0.5183792815371763,1.0
6,Family,10,45,1_0_0,0.5288778877887789,1.0,0.5196324143692564,1.0
6,Family,15,45,1_0_0,0.5294279427942794,1.0,0.5258980785296575,1.0
6,Family,20,45,1_0_0,0.5297029702970297,1.0,0.5263157894736842,1.0
6,Family,25,45,1_0_0,0.5233773377337734,1.0,0.5238095238095238,1.0
6,Family,5,45,1_1_1,0.5704070407040704,1.0,0.5722639933166249,1.0
6,Family,10,45,1_1_1,0.5756325632563256,1.0,0.5756056808688388,1.0
6,Family,15,45,1_1_1,0.5913091309130913,1.0,0.5927318295739349,1.0
6,Family,20,45,1_1_1,0.584983498349835,1.0,0.5964912280701754,1.0
6,Family,25,45,1_1_1,0.5863586358635864,1.0,0.5977443609022557,1.0
6,Family,5,50,0_0_0,0.34735973597359737,1.0,0.38808952837729815,1.0
6,Family,10,50,0_0_0,0.3503850385038504,1.0,0.39248601119104715,1.0
6,Family,15,50,0_0_0,0.35533553355335534,1.0,0.39688249400479614,1.0
6,Family,20,50,0_0_0,0.3550605060506051,1.0,0.39728217426059154,1.0
6,Family,25,50,0_0_0,0.35286028602860287,1.0,0.39408473221422863,1.0
6,Family,5,50,0_0_1,0.24614961496149615,0.9554455445544554,0.2897681854516387,1.0
6,Family,10,50,0_0_1,0.2477997799779978,0.9603960396039604,0.29216626698641085,1.0
6,Family,15,50,0_0_1,0.23212321232123212,0.9405940594059405,0.2773780975219824,1.0
6,Family,20,50,0_0_1,0.23432343234323433,0.9504950495049505,0.2789768185451639,1.0
6,Family,25,50,0_0_1,0.22744774477447743,0.9405940594059405,0.2733812949640288,1.0
6,Family,5,50,0_1_0,0.26595159515951594,0.9603960396039604,0.3181454836131095,1.0
6,Family,10,50,0_1_0,0.27447744774477445,0.9702970297029703,0.32533972821742607,1.0
6,Family,15,50,0_1_0,0.27117711771177117,0.9603960396039604,0.32014388489208634,1.0
6,Family,20,50,0_1_0,0.2692519251925192,0.9455445544554455,0.3181454836131095,1.0
6,Family,25,50,0_1_0,0.2621012101210121,0.9455445544554455,0.31254996003197444,1.0
6,Family,5,50,1_0_0,0.6212871287128713,1.0,0.6119104716227018,1.0
6,Family,10,50,1_0_0,0.6218371837183718,1.0,0.6119104716227018,1.0
6,Family,15,50,1_0_0,0.6303630363036303,1.0,0.6195043964828137,1.0
6,Family,20,50,1_0_0,0.6300880088008801,1.0,0.6171063149480416,1.0
6,Family,25,50,1_0_0,0.6303630363036303,1.0,0.6203037569944044,1.0
6,Family,5,50,1_1_1,0.5316281628162817,1.0,0.5539568345323741,1.0
6,Family,10,50,1_1_1,0.5085258525852585,1.0,0.5347721822541966,1.0
6,Family,15,50,1_1_1,0.5071507150715071,1.0,0.5295763389288569,1.0
6,Family,20,50,1_1_1,0.5019251925192519,1.0,0.5255795363709033,1.0
6,Family,25,50,1_1_1,0.5165016501650165,1.0,0.5411670663469225,1.0
6,Family,5,55,0_0_0,0.3558855885588559,1.0,0.39321789321789324,1.0
6,Family,10,55,0_0_0,0.35616061606160615,1.0,0.39321789321789324,1.0
6,Family,15,55,0_0_0,0.3547854785478548,1.0,0.3924963924963925,1.0
6,Family,20,55,0_0_0,0.3550605060506051,1.0,0.3921356421356421,1.0
6,Family,25,55,0_0_0,0.3564356435643564,1.0,0.39321789321789324,1.0
6,Family,5,55,0_0_1,0.25715071507150716,0.9356435643564356,0.2958152958152958,0.9805194805194806
6,Family,10,55,0_0_1,0.264026402640264,0.9603960396039604,0.29978354978354976,0.987012987012987
6,Family,15,55,0_0_1,0.2599009900990099,0.9653465346534653,0.29834054834054835,0.987012987012987
6,Family,20,55,0_0_1,0.25192519251925194,0.9504950495049505,0.2907647907647908,0.987012987012987
6,Family,25,55,0_0_1,0.26485148514851486,0.9653465346534653,0.30266955266955264,0.9935064935064936
6,Family,5,55,0_1_0,0.27145214521452143,0.9702970297029703,0.3152958152958153,1.0
6,Family,10,55,0_1_0,0.27035203520352036,0.9504950495049505,0.31385281385281383,0.9935064935064936
6,Family,15,55,0_1_0,0.28437843784378436,0.9653465346534653,0.3282828282828283,1.0
6,Family,20,55,0_1_0,0.2786028602860286,0.9702970297029703,0.31962481962481964,1.0
6,Family,25,55,0_1_0,0.2915291529152915,0.9653465346534653,0.33116883116883117,1.0
6,Family,5,55,1_0_0,0.5492299229922992,1.0,0.5443722943722944,1.0
6,Family,10,55,1_0_0,0.5712321232123212,1.0,0.5645743145743146,1.0
6,Family,15,55,1_0_0,0.5528052805280528,1.0,0.5429292929292929,1.0
6,Family,20,55,1_0_0,0.5558305830583058,1.0,0.5505050505050505,1.0
6,Family,25,55,1_0_0,0.5552805280528053,1.0,0.5497835497835498,1.0
6,Family,5,55,1_1_1,0.3910891089108911,1.0,0.4246031746031746,1.0
6,Family,10,55,1_1_1,0.3811881188118812,1.0,0.4163059163059163,1.0
6,Family,15,55,1_1_1,0.3743124312431243,1.0,0.41053391053391053,1.0
6,Family,20,55,1_1_1,0.3743124312431243,1.0,0.40945165945165946,1.0
6,Family,25,55,1_1_1,0.37073707370737075,1.0,0.4033189033189033,1.0
6,Family,5,60,0_0_0,0.34075907590759075,1.0,0.3737997256515775,1.0
6,Family,10,60,0_0_0,0.3435093509350935,1.0,0.3765432098765432,1.0
6,Family,15,60,0_0_0,0.3435093509350935,1.0,0.3762002743484225,1.0
6,Family,20,60,0_0_0,0.34433443344334436,1.0,0.3762002743484225,1.0
6,Family,25,60,0_0_0,0.3481848184818482,1.0,0.37962962962962965,1.0
6,Family,5,60,0_0_1,0.2755775577557756,1.0,0.29835390946502055,1.0
6,Family,10,60,0_0_1,0.27255225522552257,0.995049504950495,0.29286694101508914,0.9938271604938271
6,Family,15,60,0_0_1,0.27585258525852585,0.9702970297029703,0.301440329218107,0.9814814814814815
6,Family,20,60,0_0_1,0.26567656765676567,0.9603960396039604,0.29492455418381347,0.9876543209876543
6,Family,25,60,0_0_1,0.26567656765676567,0.9702970297029703,0.2911522633744856,0.9876543209876543
6,Family,5,60,0_1_0,0.27447744774477445,0.995049504950495,0.2962962962962963,0.9938271604938271
6,Family,10,60,0_1_0,0.2747524752475248,0.995049504950495,0.2959533607681756,0.9938271604938271
6,Family,15,60,0_1_0,0.27145214521452143,0.9900990099009901,0.29492455418381347,0.9938271604938271
6,Family,20,60,0_1_0,0.2676017601760176,0.995049504950495,0.29183813443072704,1.0
6,Family,25,60,0_1_0,0.27117711771177117,0.995049504950495,0.29766803840877915,0.9938271604938271
6,Family,5,60,1_0_0,0.5442794279427943,1.0,0.5384087791495199,1.0
6,Family,10,60,1_0_0,0.556930693069307,1.0,0.5476680384087792,1.0
6,Family,15,60,1_0_0,0.5591309130913091,1.0,0.5510973936899863,1.0
6,Family,20,60,1_0_0,0.5624312431243125,1.0,0.553840877914952,1.0
6,Family,25,60,1_0_0,0.55995599559956,1.0,0.5497256515775034,1.0
6,Family,5,60,1_1_1,0.5635313531353136,1.0,0.5682441700960219,1.0
6,Family,10,60,1_1_1,0.5723322332233224,1.0,0.5689300411522634,1.0
6,Family,15,60,1_1_1,0.5866336633663366,1.0,0.5864197530864198,1.0
6,Family,20,60,1_1_1,0.5926842684268426,1.0,0.5922496570644719,1.0
6,Family,25,60,1_1_1,0.5937843784378438,1.0,0.5953360768175583,1.0
6,Family,5,65,0_0_0,0.35148514851485146,1.0,0.3776455026455027,1.0
6,Family,10,65,0_0_0,0.3525852585258526,0.995049504950495,0.37863756613756616,1.0
6,Family,15,65,0_0_0,0.3536853685368537,1.0,0.37962962962962965,1.0
6,Family,20,65,0_0_0,0.3536853685368537,1.0,0.3792989417989418,1.0
6,Family,25,65,0_0_0,0.3558855885588559,1.0,0.38095238095238093,1.0
6,Family,5,65,0_0_1,0.28740374037403743,1.0,0.31183862433862436,1.0
6,Family,10,65,0_0_1,0.27970297029702973,1.0,0.30224867724867727,1.0
6,Family,15,65,0_0_1,0.28025302530253027,0.9900990099009901,0.3055555555555556,1.0
6,Family,20,65,0_0_1,0.2816281628162816,0.995049504950495,0.3062169312169312,1.0
6,Family,25,65,0_0_1,0.2786028602860286,0.9851485148514851,0.30456349206349204,1.0
6,Family,5,65,0_1_0,0.31298129812981296,1.0,0.33664021164021163,1.0
6,Family,10,65,0_1_0,0.3017051705170517,0.995049504950495,0.3247354497354497,1.0
6,Family,15,65,0_1_0,0.29427942794279427,0.995049504950495,0.31746031746031744,1.0
6,Family,20,65,0_1_0,0.30445544554455445,0.9900990099009901,0.330026455026455,1.0
6,Family,25,65,0_1_0,0.3030803080308031,0.995049504950495,0.32671957671957674,1.0
6,Family,5,65,1_0_0,0.507975797579758,1.0,0.5099206349206349,1.0
6,Family,10,65,1_0_0,0.5033003300330033,1.0,0.5059523809523809,1.0
6,Family,15,65,1_0_0,0.5019251925192519,1.0,0.5026455026455027,1.0
6,Family,20,65,1_0_0,0.5046754675467546,1.0,0.5049603174603174,1.0
6,Family,25,65,1_0_0,0.5,1.0,0.49933862433862436,1.0
6,Family,5,65,1_1_1,0.4383938393839384,1.0,0.4580026455026455,1.0
6,Family,10,65,1_1_1,0.42931793179317934,1.0,0.45171957671957674,1.0
6,Family,15,65,1_1_1,0.42794279427942794,1.0,0.4497354497354497,1.0
6,Family,20,65,1_1_1,0.429042904290429,1.0,0.45072751322751325,1.0
6,Family,25,65,1_1_1,0.4141914191419142,1.0,0.43683862433862436,1.0
6,Family,5,70,0_0_0,0.3501100110011001,1.0,0.3700564971751412,1.0
6,Family,10,70,0_0_0,0.35533553355335534,1.0,0.37445072190834905,1.0
6,Family,15,70,0_0_0,0.3547854785478548,1.0,0.3738229755178908,1.0
6,Family,20,70,0_0_0,0.3547854785478548,1.0,0.3747645951035782,1.0
6,Family,25,70,0_0_0,0.3550605060506051,1.0,0.3747645951035782,1.0
6,Family,5,70,0_0_1,0.30115511551155116,1.0,0.3214061519146265,1.0
6,Family,10,70,0_0_1,0.3118811881188119,0.995049504950495,0.33207784055241685,1.0
6,Family,15,70,0_0_1,0.3096809680968097,0.995049504950495,0.32988072818581293,1.0
6,Family,20,70,0_0_1,0.31435643564356436,0.995049504950495,0.3361581920903955,1.0
6,Family,25,70,0_0_1,0.3140814081408141,0.995049504950495,0.33584431889516636,1.0
6,Family,5,70,0_1_0,0.3063806380638064,1.0,0.3273697426239799,1.0
6,Family,10,70,0_1_0,0.3171067106710671,1.0,0.3389830508474576,1.0
6,Family,15,70,0_1_0,0.3184818481848185,0.995049504950495,0.3386691776522285,1.0
6,Family,20,70,0_1_0,0.3132563256325633,0.9900990099009901,0.33270558694287505,1.0
6,Family,25,70,0_1_0,0.3146314631463146,0.9900990099009901,0.3339610797237916,1.0
6,Family,5,70,1_0_0,0.5574807480748075,1.0,0.5511613308223478,1.0
6,Family,10,70,1_0_0,0.5525302530253026,1.0,0.5464532328939109,1.0
6,Family,15,70,1_0_0,0.55995599559956,1.0,0.5533584431889517,1.0
6,Family,20,70,1_0_0,0.5583058305830583,1.0,0.5514752040175769,1.0
6,Family,25,70,1_0_0,0.5580308030803081,1.0,0.5533584431889517,1.0
6,Family,5,70,1_1_1,0.5132013201320133,1.0,0.5094161958568738,1.0
6,Family,10,70,1_1_1,0.49972497249724973,1.0,0.4965473948524796,1.0
6,Family,15,70,1_1_1,0.48817381738173815,1.0,0.487758945386064,1.0
6,Family,20,70,1_1_1,0.49834983498349833,1.0,0.4934086629001883,1.0
6,Family,25,70,1_1_1,0.5027502750275028,1.0,0.49937225360954174,1.0
7,Family,5,0,0_0_0,0.26485148514851486,0.9504950495049505,,
7,Family,10,0,0_0_0,0.26732673267326734,0.9702970297029703,,
7,Family,15,0,0_0_0,0.27282728272827284,0.9851485148514851,,
7,Family,20,0,0_0_0,0.27282728272827284,0.9554455445544554,,
7,Family,25,0,0_0_0,0.26595159515951594,0.9504950495049505,,
7,Family,5,0,0_0_1,0.1828932893289329,0.9405940594059405,,
7,Family,10,0,0_0_1,0.17656765676567657,0.9108910891089109,,
7,Family,15,0,0_0_1,0.17574257425742573,0.9158415841584159,,
7,Family,20,0,0_0_1,0.18151815181518152,0.9306930693069306,,
7,Family,25,0,0_0_1,0.17684268426842684,0.9108910891089109,,
7,Family,5,0,0_1_0,0.1817931793179318,0.9653465346534653,,
7,Family,10,0,0_1_0,0.17794279427942794,0.9801980198019802,,
7,Family,15,0,0_1_0,0.1694169416941694,0.9504950495049505,,
7,Family,20,0,0_1_0,0.18619361936193618,0.9851485148514851,,
7,Family,25,0,0_1_0,0.17959295929592958,0.9752475247524752,,
7,Family,5,0,1_0_0,0.44966996699669964,1.0,,
7,Family,10,0,1_0_0,0.45792079207920794,1.0,,
7,Family,15,0,1_0_0,0.4515951595159516,1.0,,
7,Family,20,0,1_0_0,0.44224422442244227,1.0,,
7,Family,25,0,1_0_0,0.45737073707370735,1.0,,
7,Family,5,0,1_1_1,0.6581408140814081,1.0,,
7,Family,10,0,1_1_1,0.6683168316831684,1.0,,
7,Family,15,0,1_1_1,0.6611661166116611,1.0,,
7,Family,20,0,1_1_1,0.672992299229923,1.0,,
7,Family,25,0,1_1_1,0.6644664466446645,1.0,,
7,Family,5,5,0_0_0,0.27145214521452143,0.9603960396039604,0.35185185185185186,1.0
7,Family,10,5,0_0_0,0.26732673267326734,0.9554455445544554,0.3287037037037037,1.0
7,Family,15,5,0_0_0,0.27447744774477445,0.9653465346534653,0.3402777777777778,1.0
7,Family,20,5,0_0_0,0.2676017601760176,0.9504950495049505,0.3333333333333333,1.0
7,Family,25,5,0_0_0,0.27365236523652364,0.9702970297029703,0.33796296296296297,1.0
7,Family,5,5,0_0_1,0.18344334433443343,0.9257425742574258,0.19675925925925927,0.9583333333333334
7,Family,10,5,0_0_1,0.17546754675467546,0.905940594059406,0.19212962962962962,0.9583333333333334
7,Family,15,5,0_0_1,0.1751925192519252,0.9108910891089109,0.19444444444444445,0.9583333333333334
7,Family,20,5,0_0_1,0.17216721672167218,0.900990099009901,0.19907407407407407,0.9583333333333334
7,Family,25,5,0_0_1,0.1773927392739274,0.9158415841584159,0.20601851851851852,0.9583333333333334
7,Family,5,5,0_1_0,0.2070957095709571,0.9851485148514851,0.21064814814814814,1.0
7,Family,10,5,0_1_0,0.20929592959295928,0.9801980198019802,0.23842592592592593,1.0
7,Family,15,5,0_1_0,0.2048954895489549,0.9653465346534653,0.23842592592592593,0.9583333333333334
7,Family,20,5,0_1_0,0.2004950495049505,0.9554455445544554,0.23842592592592593,0.9583333333333334
7,Family,25,5,0_1_0,0.19416941694169418,0.9504950495049505,0.23842592592592593,1.0
7,Family,5,5,1_0_0,0.5121012101210121,1.0,0.48148148148148145,1.0
7,Family,10,5,1_0_0,0.5126512651265126,1.0,0.5023148148148148,1.0
7,Family,15,5,1_0_0,0.5104510451045104,1.0,0.4722222222222222,1.0
7,Family,20,5,1_0_0,0.5129262926292629,1.0,0.49074074074074076,1.0
7,Family,25,5,1_0_0,0.5192519251925193,1.0,0.49537037037037035,1.0
7,Family,5,5,1_1_1,0.43234323432343236,1.0,0.4722222222222222,1.0
7,Family,10,5,1_1_1,0.40786578657865785,1.0,0.4444444444444444,1.0
7,Family,15,5,1_1_1,0.41804180418041803,1.0,0.4513888888888889,1.0
7,Family,20,5,1_1_1,0.41914191419141916,1.0,0.4513888888888889,1.0
7,Family,25,5,1_1_1,0.4144664466446645,1.0,0.4513888888888889,1.0
7,Family,5,10,0_0_0,0.2761276127612761,0.9554455445544554,0.3309692671394799,1.0
7,Family,10,10,0_0_0,0.2841034103410341,0.9801980198019802,0.3392434988179669,1.0
7,Family,15,10,0_0_0,0.29207920792079206,0.9851485148514851,0.34988179669030733,1.0
7,Family,20,10,0_0_0,0.28272827282728275,0.9702970297029703,0.33451536643026003,1.0
7,Family,25,10,0_0_0,0.28685368536853684,0.9801980198019802,0.3416075650118203,1.0
7,Family,5,10,0_0_1,0.21287128712871287,0.9752475247524752,0.24468085106382978,1.0
7,Family,10,10,0_0_1,0.19389438943894388,0.9306930693069306,0.23049645390070922,1.0
7,Family,15,10,0_0_1,0.20187018701870188,0.9653465346534653,0.23167848699763594,1.0
7,Family,20,10,0_0_1,0.19966996699669967,0.9801980198019802,0.2222222222222222,1.0
7,Family,25,10,0_0_1,0.19114411441144114,0.9702970297029703,0.2222222222222222,1.0
7,Family,5,10,0_1_0,0.21287128712871287,0.9653465346534653,0.24349881796690306,1.0
7,Family,10,10,0_1_0,0.19856985698569857,0.9504950495049505,0.2281323877068558,1.0
7,Family,15,10,0_1_0,0.19636963696369636,0.9504950495049505,0.23404255319148937,1.0
7,Family,20,10,0_1_0,0.19086908690869087,0.9455445544554455,0.22458628841607564,1.0
7,Family,25,10,0_1_0,0.19801980198019803,0.9702970297029703,0.23286052009456265,1.0
7,Family,5,10,1_0_0,0.5442794279427943,1.0,0.5094562647754137,1.0
7,Family,10,10,1_0_0,0.5481298129812981,1.0,0.5236406619385343,1.0
7,Family,15,10,1_0_0,0.5613311331133113,1.0,0.557919621749409,1.0
7,Family,20,10,1_0_0,0.5574807480748075,1.0,0.5520094562647754,1.0
7,Family,25,10,1_0_0,0.5610561056105611,1.0,0.5614657210401891,1.0
7,Family,5,10,1_1_1,0.6749174917491749,1.0,0.6891252955082743,1.0
7,Family,10,10,1_1_1,0.7134213421342134,1.0,0.7494089834515366,1.0
7,Family,15,10,1_1_1,0.7120462046204621,1.0,0.7446808510638298,1.0
7,Family,20,10,1_1_1,0.6922442244224423,1.0,0.7174940898345153,1.0
7,Family,25,10,1_1_1,0.7043454345434543,1.0,0.7293144208037825,1.0
7,Family,5,15,0_0_0,0.32233223322332233,0.995049504950495,0.3606403013182674,1.0
7,Family,10,15,0_0_0,0.33443344334433445,1.0,0.3766478342749529,1.0
7,Family,15,15,0_0_0,0.3363586358635864,1.0,0.3785310734463277,1.0
7,Family,20,15,0_0_0,0.338008800880088,1.0,0.3775894538606403,1.0
7,Family,25,15,0_0_0,0.32893289328932895,1.0,0.3691148775894539,1.0
7,Family,5,15,0_0_1,0.18976897689768976,0.9455445544554455,0.22128060263653485,0.9661016949152542
7,Family,10,15,0_0_1,0.18921892189218922,0.9158415841584159,0.2278719397363465,0.9661016949152542
7,Family,15,15,0_0_1,0.1925192519251925,0.9405940594059405,0.2278719397363465,0.9830508474576272
7,Family,20,15,0_0_1,0.19086908690869087,0.9158415841584159,0.23258003766478344,0.9830508474576272
7,Family,25,15,0_0_1,0.1894939493949395,0.9108910891089109,0.23163841807909605,1.0
7,Family,5,15,0_1_0,0.21699669966996699,0.9801980198019802,0.263653483992467,1.0
7,Family,10,15,0_1_0,0.20737073707370737,0.9702970297029703,0.24764595103578155,1.0
7,Family,15,15,0_1_0,0.21204620462046206,0.9702970297029703,0.256120527306968,0.9830508474576272
7,Family,20,15,0_1_0,0.22057205720572057,0.9801980198019802,0.2664783427495292,1.0
7,Family,25,15,0_1_0,0.20297029702970298,0.9603960396039604,0.24858757062146894,1.0
7,Family,5,15,1_0_0,0.6199119911991199,1.0,0.571563088512241,1.0
7,Family,10,15,1_0_0,0.6328382838283828,1.0,0.591337099811676,1.0
7,Family,15,15,1_0_0,0.6193619361936193,1.0,0.5809792843691148,1.0
7,Family,20,15,1_0_0,0.6298129812981298,1.0,0.5903954802259888,1.0
7,Family,25,15,1_0_0,0.6333883388338833,1.0,0.5894538606403014,1.0
7,Family,5,15,1_1_1,0.5781078107810781,1.0,0.5781544256120528,1.0
7,Family,10,15,1_1_1,0.5954345434543454,1.0,0.5847457627118644,1.0
7,Family,15,15,1_1_1,0.592959295929593,1.0,0.5819209039548022,1.0
7,Family,20,15,1_1_1,0.5814081408140814,1.0,0.5753295668549906,1.0
7,Family,25,15,1_1_1,0.5877337733773378,1.0,0.5800376647834274,1.0
7,Family,5,20,0_0_0,0.33608360836083606,0.995049504950495,0.37762762762762764,1.0
7,Family,10,20,0_0_0,0.34075907590759075,1.0,0.3791291291291291,1.0
7,Family,15,20,0_0_0,0.3424092409240924,1.0,0.3858858858858859,1.0
7,Family,20,20,0_0_0,0.34625962596259624,1.0,0.38963963963963966,1.0
7,Family,25,20,0_0_0,0.3371837183718372,0.995049504950495,0.3791291291291291,1.0
7,Family,5,20,0_0_1,0.20544554455445543,0.905940594059406,0.25975975975975973,0.9864864864864865
7,Family,10,20,0_0_1,0.20077007700770078,0.9207920792079208,0.256006006006006,1.0
7,Family,15,20,0_0_1,0.19416941694169418,0.8960396039603961,0.2424924924924925,0.9864864864864865
7,Family,20,20,0_0_1,0.19196919691969197,0.8910891089108911,0.24474474474474475,0.972972972972973
7,Family,25,20,0_0_1,0.1905940594059406,0.9158415841584159,0.24324324324324326,0.9864864864864865
7,Family,5,20,0_1_0,0.1927942794279428,0.9207920792079208,0.25225225225225223,1.0
7,Family,10,20,0_1_0,0.1828932893289329,0.905940594059406,0.24624624624624625,1.0
7,Family,15,20,0_1_0,0.18206820682068206,0.9158415841584159,0.246996996996997,0.972972972972973
7,Family,20,20,0_1_0,0.18316831683168316,0.905940594059406,0.243993993993994,0.972972972972973
7,Family,25,20,0_1_0,0.18646864686468648,0.9207920792079208,0.24774774774774774,0.9864864864864865
7,Family,5,20,1_0_0,0.6342134213421342,1.0,0.6021021021021021,1.0
7,Family,10,20,1_0_0,0.6309130913091309,1.0,0.5930930930930931,1.0
7,Family,15,20,1_0_0,0.6325632563256326,1.0,0.5960960960960962,1.0
7,Family,20,20,1_0_0,0.6388888888888888,1.0,0.6051051051051051,1.0
7,Family,25,20,1_0_0,0.6402640264026402,1.0,0.6073573573573574,1.0
7,Family,5,20,1_1_1,0.4458195819581958,1.0,0.481981981981982,1.0
7,Family,10,20,1_1_1,0.444994499449945,1.0,0.4617117117117117,1.0
7,Family,15,20,1_1_1,0.43096809680968096,1.0,0.43993993993993996,1.0
7,Family,20,20,1_1_1,0.4381188118811881,1.0,0.4436936936936937,1.0
7,Family,25,20,1_1_1,0.4430693069306931,1.0,0.44069069069069067,1.0
7,Family,5,25,0_0_0,0.35533553355335534,1.0,0.40343915343915343,1.0
7,Family,10,25,0_0_0,0.3550605060506051,1.0,0.4027777777777778,1.0
7,Family,15,25,0_0_0,0.35533553355335534,1.0,0.4027777777777778,1.0
7,Family,20,25,0_0_0,0.3564356435643564,1.0,0.40343915343915343,1.0
7,Family,25,25,0_0_0,0.3564356435643564,1.0,0.40343915343915343,1.0
7,Family,5,25,0_0_1,0.2026952695269527,0.9405940594059405,0.2533068783068783,0.9880952380952381
7,Family,10,25,0_0_1,0.19004400440044003,0.9257425742574258,0.24404761904761904,0.9880952380952381
7,Family,15,25,0_0_1,0.19224422442244224,0.9356435643564356,0.24404761904761904,1.0
7,Family,20,25,0_0_1,0.18729372937293728,0.9108910891089109,0.2400793650793651,1.0
7,Family,25,25,0_0_1,0.18371837183718373,0.9158415841584159,0.23214285714285715,1.0
7,Family,5,25,0_1_0,0.205995599559956,0.9455445544554455,0.2638888888888889,0.9880952380952381
7,Family,10,25,0_1_0,0.19581958195819582,0.9158415841584159,0.25462962962962965,1.0
7,Family,15,25,0_1_0,0.1925192519251925,0.9108910891089109,0.24404761904761904,0.9880952380952381
7,Family,20,25,0_1_0,0.19031903190319033,0.8910891089108911,0.24801587301587302,0.9761904761904762
7,Family,25,25,0_1_0,0.20077007700770078,0.8960396039603961,0.2605820105820106,0.9761904761904762
7,Family,5,25,1_0_0,0.5533553355335533,1.0,0.5496031746031746,1.0
7,Family,10,25,1_0_0,0.5624312431243125,1.0,0.5595238095238095,1.0
7,Family,15,25,1_0_0,0.5643564356435643,1.0,0.5542328042328042,1.0
7,Family,20,25,1_0_0,0.562981298129813,1.0,0.5641534391534392,1.0
7,Family,25,25,1_0_0,0.5668316831683168,1.0,0.5667989417989417,1.0
7,Family,5,25,1_1_1,0.4141914191419142,1.0,0.42592592592592593,1.0
7,Family,10,25,1_1_1,0.4097909790979098,1.0,0.421957671957672,1.0
7,Family,15,25,1_1_1,0.41171617161716173,1.0,0.42592592592592593,1.0
7,Family,20,25,1_1_1,0.41006600660066006,1.0,0.42923280423280424,1.0
7,Family,25,25,1_1_1,0.4152915291529153,1.0,0.4312169312169312,1.0
7,Family,5,30,0_0_0,0.35451045104510454,1.0,0.40034364261168387,1.0
7,Family,10,30,0_0_0,0.3564356435643564,1.0,0.4020618556701031,1.0
7,Family,15,30,0_0_0,0.3564356435643564,1.0,0.4020618556701031,1.0
7,Family,20,30,0_0_0,0.3564356435643564,1.0,0.4020618556701031,1.0
7,Family,25,30,0_0_0,0.3564356435643564,1.0,0.4020618556701031,1.0
7,Family,5,30,0_0_1,0.22387238723872388,0.9702970297029703,0.27376861397479957,0.9896907216494846
7,Family,10,30,0_0_1,0.2246974697469747,0.9752475247524752,0.27720504009163804,0.9896907216494846
7,Family,15,30,0_0_1,0.2191969196919692,0.9752475247524752,0.27033218785796104,0.979381443298969
7,Family,20,30,0_0_1,0.2180968096809681,0.9653465346534653,0.27033218785796104,0.9896907216494846
7,Family,25,30,0_0_1,0.21754675467546755,0.9653465346534653,0.27376861397479957,0.9896907216494846
7,Family,5,30,0_1_0,0.22662266226622663,0.9554455445544554,0.27033218785796104,0.9896907216494846
7,Family,10,30,0_1_0,0.21314631463146314,0.9603960396039604,0.24513172966781213,0.9896907216494846
7,Family,15,30,0_1_0,0.20737073707370737,0.9455445544554455,0.24742268041237114,0.979381443298969
7,Family,20,30,0_1_0,0.20214521452145215,0.9356435643564356,0.2479954180985109,0.979381443298969
7,Family,25,30,0_1_0,0.2103960396039604,0.9554455445544554,0.25372279495990835,0.9896907216494846
7,Family,5,30,1_0_0,0.5737073707370737,1.0,0.5446735395189003,1.0
7,Family,10,30,1_0_0,0.5668316831683168,1.0,0.5406643757159221,1.0
7,Family,15,30,1_0_0,0.5761826182618262,1.0,0.5475372279495991,1.0
7,Family,20,30,1_0_0,0.5717821782178217,1.0,0.5504009163802979,1.0
7,Family,25,30,1_0_0,0.5805830583058306,1.0,0.5561282932416953,1.0
7,Family,5,30,1_1_1,0.5016501650165016,1.0,0.5171821305841925,1.0
7,Family,10,30,1_1_1,0.5055005500550055,1.0,0.5303550973654066,1.0
7,Family,15,30,1_1_1,0.5178767876787679,1.0,0.5412371134020618,1.0
7,Family,20,30,1_1_1,0.5104510451045104,1.0,0.5378006872852233,1.0
7,Family,25,30,1_1_1,0.5068756875687569,1.0,0.5257731958762887,1.0
7,Family,5,35,0_0_0,0.3564356435643564,1.0,0.403030303030303,1.0
7,Family,10,35,0_0_0,0.3564356435643564,1.0,0.403030303030303,1.0
7,Family,15,35,0_0_0,0.3564356435643564,1.0,0.403030303030303,1.0
7,Family,20,35,0_0_0,0.3564356435643564,1.0,0.403030303030303,1.0
7,Family,25,35,0_0_0,0.3564356435643564,1.0,0.403030303030303,1.0
7,Family,5,35,0_0_1,0.23844884488448845,0.9900990099009901,0.28484848484848485,1.0
7,Family,10,35,0_0_1,0.2376237623762376,0.9752475247524752,0.29343434343434344,0.990909090909091
7,Family,15,35,0_0_1,0.22854785478547854,0.9603960396039604,0.2808080808080808,0.9727272727272728
7,Family,20,35,0_0_1,0.2257975797579758,0.9603960396039604,0.27525252525252525,0.990909090909091
7,Family,25,35,0_0_1,0.23377337733773376,0.9603960396039604,0.2883838383838384,0.990909090909091
7,Family,5,35,0_1_0,0.23514851485148514,0.9257425742574258,0.295959595959596,0.9818181818181818
7,Family,10,35,0_1_0,0.2257975797579758,0.9257425742574258,0.2878787878787879,0.990909090909091
7,Family,15,35,0_1_0,0.2301980198019802,0.9306930693069306,0.28888888888888886,0.990909090909091
7,Family,20,35,0_1_0,0.2323982398239824,0.9455445544554455,0.2924242424242424,1.0
7,Family,25,35,0_1_0,0.23487348734873487,0.9356435643564356,0.29444444444444445,1.0
7,Family,5,35,1_0_0,0.5294279427942794,1.0,0.5111111111111111,1.0
7,Family,10,35,1_0_0,0.5497799779977998,1.0,0.5313131313131313,1.0
7,Family,15,35,1_0_0,0.5522552255225522,1.0,0.5388888888888889,1.0
7,Family,20,35,1_0_0,0.5561056105610561,1.0,0.5373737373737374,1.0
7,Family,25,35,1_0_0,0.5563806380638063,1.0,0.5323232323232323,1.0
7,Family,5,35,1_1_1,0.46947194719471946,1.0,0.4818181818181818,1.0
7,Family,10,35,1_1_1,0.4628712871287129,1.0,0.4797979797979798,1.0
7,Family,15,35,1_1_1,0.466996699669967,1.0,0.48282828282828283,1.0
7,Family,20,35,1_1_1,0.4614961496149615,1.0,0.48383838383838385,1.0
7,Family,25,35,1_1_1,0.4471947194719472,1.0,0.4631313131313131,1.0
7,Family,5,40,0_0_0,0.3465346534653465,1.0,0.39439853076216713,1.0
7,Family,10,40,0_0_0,0.34735973597359737,1.0,0.39623507805325986,1.0
7,Family,15,40,0_0_0,0.3534103410341034,1.0,0.39944903581267216,1.0
7,Family,20,40,0_0_0,0.3542354235423542,1.0,0.4003673094582185,1.0
7,Family,25,40,0_0_0,0.35286028602860287,1.0,0.3985307621671258,1.0
7,Family,5,40,0_0_1,0.23954895489548955,0.9356435643564356,0.29201101928374656,1.0
7,Family,10,40,0_0_1,0.22442244224422442,0.9455445544554455,0.2736455463728191,1.0
7,Family,15,40,0_0_1,0.21644664466446645,0.9603960396039604,0.2667584940312213,0.9917355371900827
7,Family,20,40,0_0_1,0.22057205720572057,0.9356435643564356,0.2667584940312213,0.9834710743801653
7,Family,25,40,0_0_1,0.22387238723872388,0.9554455445544554,0.2681359044995409,0.9917355371900827
7,Family,5,40,0_1_0,0.24284928492849284,0.9554455445544554,0.30257116620752983,1.0
7,Family,10,40,0_1_0,0.23954895489548955,0.9455445544554455,0.29614325068870523,1.0
7,Family,15,40,0_1_0,0.24422442244224424,0.9504950495049505,0.3021120293847567,1.0
7,Family,20,40,0_1_0,0.2400990099009901,0.9455445544554455,0.3002754820936639,1.0
7,Family,25,40,0_1_0,0.24284928492849284,0.9554455445544554,0.3002754820936639,1.0
7,Family,5,40,1_0_0,0.6287128712871287,1.0,0.5973370064279155,1.0
7,Family,10,40,1_0_0,0.6353135313531353,1.0,0.6046831955922864,1.0
7,Family,15,40,1_0_0,0.6322882288228823,1.0,0.6037649219467401,1.0
7,Family,20,40,1_0_0,0.6320132013201321,1.0,0.6046831955922864,1.0
7,Family,25,40,1_0_0,0.6380638063806381,1.0,0.6097337006427915,1.0
7,Family,5,40,1_1_1,0.5605060506050605,1.0,0.573921028466483,1.0
7,Family,10,40,1_1_1,0.5728822882288229,1.0,0.5867768595041323,1.0
7,Family,15,40,1_1_1,0.5734323432343235,1.0,0.5844811753902663,1.0
7,Family,20,40,1_1_1,0.5638063806380638,1.0,0.5780532598714417,1.0
7,Family,25,40,1_1_1,0.564906490649065,1.0,0.5831037649219467,1.0
7,Family,5,45,0_0_0,0.35203520352035206,1.0,0.39264828738512947,1.0
7,Family,10,45,0_0_0,0.3534103410341034,1.0,0.39264828738512947,1.0
7,Family,15,45,0_0_0,0.35451045104510454,1.0,0.3943191311612364,1.0
7,Family,20,45,0_0_0,0.3542354235423542,1.0,0.3939014202172097,1.0
7,Family,25,45,0_0_0,0.3547854785478548,1.0,0.3943191311612364,1.0
7,Family,5,45,0_0_1,0.24614961496149615,0.9752475247524752,0.28362573099415206,0.9924812030075187
7,Family,10,45,0_0_1,0.23817381738173818,0.9851485148514851,0.2744360902255639,0.9924812030075187
7,Family,15,45,0_0_1,0.23652365236523654,0.9702970297029703,0.27401837928153716,0.9924812030075187
7,Family,20,45,0_0_1,0.22854785478547854,0.9455445544554455,0.2694235588972431,0.9924812030075187
7,Family,25,45,0_0_1,0.22964796479647964,0.9653465346534653,0.2702589807852966,0.9924812030075187
7,Family,5,45,0_1_0,0.24284928492849284,0.9702970297029703,0.2752715121136174,0.9699248120300752
7,Family,10,45,0_1_0,0.23927392739273928,0.9900990099009901,0.26900584795321636,0.9849624060150376
7,Family,15,45,0_1_0,0.23982398239823982,0.9801980198019802,0.2756892230576441,0.9849624060150376
7,Family,20,45,0_1_0,0.23157315731573158,0.9851485148514851,0.2681704260651629,0.9924812030075187
7,Family,25,45,0_1_0,0.23514851485148514,0.9851485148514851,0.272765246449457,0.9924812030075187
7,Family,5,45,1_0_0,0.5239273927392739,1.0,0.5183792815371763,1.0
7,Family,10,45,1_0_0,0.5288778877887789,1.0,0.5196324143692564,1.0
7,Family,15,45,1_0_0,0.5294279427942794,1.0,0.5258980785296575,1.0
7,Family,20,45,1_0_0,0.5297029702970297,1.0,0.5263157894736842,1.0
7,Family,25,45,1_0_0,0.5233773377337734,1.0,0.5238095238095238,1.0
7,Family,5,45,1_1_1,0.5704070407040704,1.0,0.5722639933166249,1.0
7,Family,10,45,1_1_1,0.5756325632563256,1.0,0.5756056808688388,1.0
7,Family,15,45,1_1_1,0.5913091309130913,1.0,0.5927318295739349,1.0
7,Family,20,45,1_1_1,0.584983498349835,1.0,0.5964912280701754,1.0
7,Family,25,45,1_1_1,0.5863586358635864,1.0,0.5977443609022557,1.0
7,Family,5,50,0_0_0,0.34735973597359737,1.0,0.38808952837729815,1.0
7,Family,10,50,0_0_0,0.3503850385038504,1.0,0.39248601119104715,1.0
7,Family,15,50,0_0_0,0.35533553355335534,1.0,0.39688249400479614,1.0
7,Family,20,50,0_0_0,0.3550605060506051,1.0,0.39728217426059154,1.0
7,Family,25,50,0_0_0,0.35286028602860287,1.0,0.39408473221422863,1.0
7,Family,5,50,0_0_1,0.24614961496149615,0.9554455445544554,0.2897681854516387,1.0
7,Family,10,50,0_0_1,0.2477997799779978,0.9603960396039604,0.29216626698641085,1.0
7,Family,15,50,0_0_1,0.23212321232123212,0.9405940594059405,0.2773780975219824,1.0
7,Family,20,50,0_0_1,0.23432343234323433,0.9504950495049505,0.2789768185451639,1.0
7,Family,25,50,0_0_1,0.22744774477447743,0.9405940594059405,0.2733812949640288,1.0
7,Family,5,50,0_1_0,0.26595159515951594,0.9603960396039604,0.3181454836131095,1.0
7,Family,10,50,0_1_0,0.27447744774477445,0.9702970297029703,0.32533972821742607,1.0
7,Family,15,50,0_1_0,0.27117711771177117,0.9603960396039604,0.32014388489208634,1.0
7,Family,20,50,0_1_0,0.2692519251925192,0.9455445544554455,0.3181454836131095,1.0
7,Family,25,50,0_1_0,0.2621012101210121,0.9455445544554455,0.31254996003197444,1.0
7,Family,5,50,1_0_0,0.6212871287128713,1.0,0.6119104716227018,1.0
7,Family,10,50,1_0_0,0.6218371837183718,1.0,0.6119104716227018,1.0
7,Family,15,50,1_0_0,0.6303630363036303,1.0,0.6195043964828137,1.0
7,Family,20,50,1_0_0,0.6300880088008801,1.0,0.6171063149480416,1.0
7,Family,25,50,1_0_0,0.6303630363036303,1.0,0.6203037569944044,1.0
7,Family,5,50,1_1_1,0.5316281628162817,1.0,0.5539568345323741,1.0
7,Family,10,50,1_1_1,0.5085258525852585,1.0,0.5347721822541966,1.0
7,Family,15,50,1_1_1,0.5071507150715071,1.0,0.5295763389288569,1.0
7,Family,20,50,1_1_1,0.5019251925192519,1.0,0.5255795363709033,1.0
7,Family,25,50,1_1_1,0.5165016501650165,1.0,0.5411670663469225,1.0
7,Family,5,55,0_0_0,0.3558855885588559,1.0,0.39321789321789324,1.0
7,Family,10,55,0_0_0,0.35616061606160615,1.0,0.39321789321789324,1.0
7,Family,15,55,0_0_0,0.3547854785478548,1.0,0.3924963924963925,1.0
7,Family,20,55,0_0_0,0.3550605060506051,1.0,0.3921356421356421,1.0
7,Family,25,55,0_0_0,0.3564356435643564,1.0,0.39321789321789324,1.0
7,Family,5,55,0_0_1,0.25715071507150716,0.9356435643564356,0.2958152958152958,0.9805194805194806
7,Family,10,55,0_0_1,0.264026402640264,0.9603960396039604,0.29978354978354976,0.987012987012987
7,Family,15,55,0_0_1,0.2599009900990099,0.9653465346534653,0.29834054834054835,0.987012987012987
7,Family,20,55,0_0_1,0.25192519251925194,0.9504950495049505,0.2907647907647908,0.987012987012987
7,Family,25,55,0_0_1,0.26485148514851486,0.9653465346534653,0.30266955266955264,0.9935064935064936
7,Family,5,55,0_1_0,0.27145214521452143,0.9702970297029703,0.3152958152958153,1.0
7,Family,10,55,0_1_0,0.27035203520352036,0.9504950495049505,0.31385281385281383,0.9935064935064936
7,Family,15,55,0_1_0,0.28437843784378436,0.9653465346534653,0.3282828282828283,1.0
7,Family,20,55,0_1_0,0.2786028602860286,0.9702970297029703,0.31962481962481964,1.0
7,Family,25,55,0_1_0,0.2915291529152915,0.9653465346534653,0.33116883116883117,1.0
7,Family,5,55,1_0_0,0.5492299229922992,1.0,0.5443722943722944,1.0
7,Family,10,55,1_0_0,0.5712321232123212,1.0,0.5645743145743146,1.0
7,Family,15,55,1_0_0,0.5528052805280528,1.0,0.5429292929292929,1.0
7,Family,20,55,1_0_0,0.5558305830583058,1.0,0.5505050505050505,1.0
7,Family,25,55,1_0_0,0.5552805280528053,1.0,0.5497835497835498,1.0
7,Family,5,55,1_1_1,0.3910891089108911,1.0,0.4246031746031746,1.0
7,Family,10,55,1_1_1,0.3811881188118812,1.0,0.4163059163059163,1.0
7,Family,15,55,1_1_1,0.3743124312431243,1.0,0.41053391053391053,1.0
7,Family,20,55,1_1_1,0.3743124312431243,1.0,0.40945165945165946,1.0
7,Family,25,55,1_1_1,0.37073707370737075,1.0,0.4033189033189033,1.0
7,Family,5,60,0_0_0,0.34075907590759075,1.0,0.3737997256515775,1.0
7,Family,10,60,0_0_0,0.3435093509350935,1.0,0.3765432098765432,1.0
7,Family,15,60,0_0_0,0.3435093509350935,1.0,0.3762002743484225,1.0
7,Family,20,60,0_0_0,0.34433443344334436,1.0,0.3762002743484225,1.0
7,Family,25,60,0_0_0,0.3481848184818482,1.0,0.37962962962962965,1.0
7,Family,5,60,0_0_1,0.2755775577557756,1.0,0.29835390946502055,1.0
7,Family,10,60,0_0_1,0.27255225522552257,0.995049504950495,0.29286694101508914,0.9938271604938271
7,Family,15,60,0_0_1,0.27585258525852585,0.9702970297029703,0.301440329218107,0.9814814814814815
7,Family,20,60,0_0_1,0.26567656765676567,0.9603960396039604,0.29492455418381347,0.9876543209876543
7,Family,25,60,0_0_1,0.26567656765676567,0.9702970297029703,0.2911522633744856,0.9876543209876543
7,Family,5,60,0_1_0,0.27447744774477445,0.995049504950495,0.2962962962962963,0.9938271604938271
7,Family,10,60,0_1_0,0.2747524752475248,0.995049504950495,0.2959533607681756,0.9938271604938271
7,Family,15,60,0_1_0,0.27145214521452143,0.9900990099009901,0.29492455418381347,0.9938271604938271
7,Family,20,60,0_1_0,0.2676017601760176,0.995049504950495,0.29183813443072704,1.0
7,Family,25,60,0_1_0,0.27117711771177117,0.995049504950495,0.29766803840877915,0.9938271604938271
7,Family,5,60,1_0_0,0.5442794279427943,1.0,0.5384087791495199,1.0
7,Family,10,60,1_0_0,0.556930693069307,1.0,0.5476680384087792,1.0
7,Family,15,60,1_0_0,0.5591309130913091,1.0,0.5510973936899863,1.0
7,Family,20,60,1_0_0,0.5624312431243125,1.0,0.553840877914952,1.0
7,Family,25,60,1_0_0,0.55995599559956,1.0,0.5497256515775034,1.0
7,Family,5,60,1_1_1,0.5635313531353136,1.0,0.5682441700960219,1.0
7,Family,10,60,1_1_1,0.5723322332233224,1.0,0.5689300411522634,1.0
7,Family,15,60,1_1_1,0.5866336633663366,1.0,0.5864197530864198,1.0
7,Family,20,60,1_1_1,0.5926842684268426,1.0,0.5922496570644719,1.0
7,Family,25,60,1_1_1,0.5937843784378438,1.0,0.5953360768175583,1.0
7,Family,5,65,0_0_0,0.35148514851485146,1.0,0.3776455026455027,1.0
7,Family,10,65,0_0_0,0.3525852585258526,0.995049504950495,0.37863756613756616,1.0
7,Family,15,65,0_0_0,0.3536853685368537,1.0,0.37962962962962965,1.0
7,Family,20,65,0_0_0,0.3536853685368537,1.0,0.3792989417989418,1.0
7,Family,25,65,0_0_0,0.3558855885588559,1.0,0.38095238095238093,1.0
7,Family,5,65,0_0_1,0.28740374037403743,1.0,0.31183862433862436,1.0
7,Family,10,65,0_0_1,0.27970297029702973,1.0,0.30224867724867727,1.0
7,Family,15,65,0_0_1,0.28025302530253027,0.9900990099009901,0.3055555555555556,1.0
7,Family,20,65,0_0_1,0.2816281628162816,0.995049504950495,0.3062169312169312,1.0
7,Family,25,65,0_0_1,0.2786028602860286,0.9851485148514851,0.30456349206349204,1.0
7,Family,5,65,0_1_0,0.31298129812981296,1.0,0.33664021164021163,1.0
7,Family,10,65,0_1_0,0.3017051705170517,0.995049504950495,0.3247354497354497,1.0
7,Family,15,65,0_1_0,0.29427942794279427,0.995049504950495,0.31746031746031744,1.0
7,Family,20,65,0_1_0,0.30445544554455445,0.9900990099009901,0.330026455026455,1.0
7,Family,25,65,0_1_0,0.3030803080308031,0.995049504950495,0.32671957671957674,1.0
7,Family,5,65,1_0_0,0.507975797579758,1.0,0.5099206349206349,1.0
7,Family,10,65,1_0_0,0.5033003300330033,1.0,0.5059523809523809,1.0
7,Family,15,65,1_0_0,0.5019251925192519,1.0,0.5026455026455027,1.0
7,Family,20,65,1_0_0,0.5046754675467546,1.0,0.5049603174603174,1.0
7,Family,25,65,1_0_0,0.5,1.0,0.49933862433862436,1.0
7,Family,5,65,1_1_1,0.4383938393839384,1.0,0.4580026455026455,1.0
7,Family,10,65,1_1_1,0.42931793179317934,1.0,0.45171957671957674,1.0
7,Family,15,65,1_1_1,0.42794279427942794,1.0,0.4497354497354497,1.0
7,Family,20,65,1_1_1,0.429042904290429,1.0,0.45072751322751325,1.0
7,Family,25,65,1_1_1,0.4141914191419142,1.0,0.43683862433862436,1.0
7,Family,5,70,0_0_0,0.3501100110011001,1.0,0.3700564971751412,1.0
7,Family,10,70,0_0_0,0.35533553355335534,1.0,0.37445072190834905,1.0
7,Family,15,70,0_0_0,0.3547854785478548,1.0,0.3738229755178908,1.0
7,Family,20,70,0_0_0,0.3547854785478548,1.0,0.3747645951035782,1.0
7,Family,25,70,0_0_0,0.3550605060506051,1.0,0.3747645951035782,1.0
7,Family,5,70,0_0_1,0.30115511551155116,1.0,0.3214061519146265,1.0
7,Family,10,70,0_0_1,0.3118811881188119,0.995049504950495,0.33207784055241685,1.0
7,Family,15,70,0_0_1,0.3096809680968097,0.995049504950495,0.32988072818581293,1.0
7,Family,20,70,0_0_1,0.31435643564356436,0.995049504950495,0.3361581920903955,1.0
7,Family,25,70,0_0_1,0.3140814081408141,0.995049504950495,0.33584431889516636,1.0
7,Family,5,70,0_1_0,0.3063806380638064,1.0,0.3273697426239799,1.0
7,Family,10,70,0_1_0,0.3171067106710671,1.0,0.3389830508474576,1.0
7,Family,15,70,0_1_0,0.3184818481848185,0.995049504950495,0.3386691776522285,1.0
7,Family,20,70,0_1_0,0.3132563256325633,0.9900990099009901,0.33270558694287505,1.0
7,Family,25,70,0_1_0,0.3146314631463146,0.9900990099009901,0.3339610797237916,1.0
7,Family,5,70,1_0_0,0.5574807480748075,1.0,0.5511613308223478,1.0
7,Family,10,70,1_0_0,0.5525302530253026,1.0,0.5464532328939109,1.0
7,Family,15,70,1_0_0,0.55995599559956,1.0,0.5533584431889517,1.0
7,Family,20,70,1_0_0,0.5583058305830583,1.0,0.5514752040175769,1.0
7,Family,25,70,1_0_0,0.5580308030803081,1.0,0.5533584431889517,1.0
7,Family,5,70,1_1_1,0.5132013201320133,1.0,0.5094161958568738,1.0
7,Family,10,70,1_1_1,0.49972497249724973,1.0,0.4965473948524796,1.0
7,Family,15,70,1_1_1,0.48817381738173815,1.0,0.487758945386064,1.0
7,Family,20,70,1_1_1,0.49834983498349833,1.0,0.4934086629001883,1.0
7,Family,25,70,1_1_1,0.5027502750275028,1.0,0.49937225360954174,1.0
8,Family,5,0,0_0_0,0.26485148514851486,0.9504950495049505,,
8,Family,10,0,0_0_0,0.26732673267326734,0.9702970297029703,,
8,Family,15,0,0_0_0,0.27282728272827284,0.9851485148514851,,
8,Family,20,0,0_0_0,0.27282728272827284,0.9554455445544554,,
8,Family,25,0,0_0_0,0.26595159515951594,0.9504950495049505,,
8,Family,5,0,0_0_1,0.1828932893289329,0.9405940594059405,,
8,Family,10,0,0_0_1,0.17656765676567657,0.9108910891089109,,
8,Family,15,0,0_0_1,0.17574257425742573,0.9158415841584159,,
8,Family,20,0,0_0_1,0.18151815181518152,0.9306930693069306,,
8,Family,25,0,0_0_1,0.17684268426842684,0.9108910891089109,,
8,Family,5,0,0_1_0,0.1817931793179318,0.9653465346534653,,
8,Family,10,0,0_1_0,0.17794279427942794,0.9801980198019802,,
8,Family,15,0,0_1_0,0.1694169416941694,0.9504950495049505,,
8,Family,20,0,0_1_0,0.18619361936193618,0.9851485148514851,,
8,Family,25,0,0_1_0,0.17959295929592958,0.9752475247524752,,
8,Family,5,0,1_0_0,0.44966996699669964,1.0,,
8,Family,10,0,1_0_0,0.45792079207920794,1.0,,
8,Family,15,0,1_0_0,0.4515951595159516,1.0,,
8,Family,20,0,1_0_0,0.44224422442244227,1.0,,
8,Family,25,0,1_0_0,0.45737073707370735,1.0,,
8,Family,5,0,1_1_1,0.6581408140814081,1.0,,
8,Family,10,0,1_1_1,0.6683168316831684,1.0,,
8,Family,15,0,1_1_1,0.6611661166116611,1.0,,
8,Family,20,0,1_1_1,0.672992299229923,1.0,,
8,Family,25,0,1_1_1,0.6644664466446645,1.0,,
8,Family,5,5,0_0_0,0.27145214521452143,0.9603960396039604,0.35185185185185186,1.0
8,Family,10,5,0_0_0,0.26732673267326734,0.9554455445544554,0.3287037037037037,1.0
8,Family,15,5,0_0_0,0.27447744774477445,0.9653465346534653,0.3402777777777778,1.0
8,Family,20,5,0_0_0,0.2676017601760176,0.9504950495049505,0.3333333333333333,1.0
8,Family,25,5,0_0_0,0.27365236523652364,0.9702970297029703,0.33796296296296297,1.0
8,Family,5,5,0_0_1,0.18344334433443343,0.9257425742574258,0.19675925925925927,0.9583333333333334
8,Family,10,5,0_0_1,0.17546754675467546,0.905940594059406,0.19212962962962962,0.9583333333333334
8,Family,15,5,0_0_1,0.1751925192519252,0.9108910891089109,0.19444444444444445,0.9583333333333334
8,Family,20,5,0_0_1,0.17216721672167218,0.900990099009901,0.19907407407407407,0.9583333333333334
8,Family,25,5,0_0_1,0.1773927392739274,0.9158415841584159,0.20601851851851852,0.9583333333333334
8,Family,5,5,0_1_0,0.2070957095709571,0.9851485148514851,0.21064814814814814,1.0
8,Family,10,5,0_1_0,0.20929592959295928,0.9801980198019802,0.23842592592592593,1.0
8,Family,15,5,0_1_0,0.2048954895489549,0.9653465346534653,0.23842592592592593,0.9583333333333334
8,Family,20,5,0_1_0,0.2004950495049505,0.9554455445544554,0.23842592592592593,0.9583333333333334
8,Family,25,5,0_1_0,0.19416941694169418,0.9504950495049505,0.23842592592592593,1.0
8,Family,5,5,1_0_0,0.5121012101210121,1.0,0.48148148148148145,1.0
8,Family,10,5,1_0_0,0.5126512651265126,1.0,0.5023148148148148,1.0
8,Family,15,5,1_0_0,0.5104510451045104,1.0,0.4722222222222222,1.0
8,Family,20,5,1_0_0,0.5129262926292629,1.0,0.49074074074074076,1.0
8,Family,25,5,1_0_0,0.5192519251925193,1.0,0.49537037037037035,1.0
8,Family,5,5,1_1_1,0.43234323432343236,1.0,0.4722222222222222,1.0
8,Family,10,5,1_1_1,0.40786578657865785,1.0,0.4444444444444444,1.0
8,Family,15,5,1_1_1,0.41804180418041803,1.0,0.4513888888888889,1.0
8,Family,20,5,1_1_1,0.41914191419141916,1.0,0.4513888888888889,1.0
8,Family,25,5,1_1_1,0.4144664466446645,1.0,0.4513888888888889,1.0
8,Family,5,10,0_0_0,0.2761276127612761,0.9554455445544554,0.3309692671394799,1.0
8,Family,10,10,0_0_0,0.2841034103410341,0.9801980198019802,0.3392434988179669,1.0
8,Family,15,10,0_0_0,0.29207920792079206,0.9851485148514851,0.34988179669030733,1.0
8,Family,20,10,0_0_0,0.28272827282728275,0.9702970297029703,0.33451536643026003,1.0
8,Family,25,10,0_0_0,0.28685368536853684,0.9801980198019802,0.3416075650118203,1.0
8,Family,5,10,0_0_1,0.21287128712871287,0.9752475247524752,0.24468085106382978,1.0
8,Family,10,10,0_0_1,0.19389438943894388,0.9306930693069306,0.23049645390070922,1.0
8,Family,15,10,0_0_1,0.20187018701870188,0.9653465346534653,0.23167848699763594,1.0
8,Family,20,10,0_0_1,0.19966996699669967,0.9801980198019802,0.2222222222222222,1.0
8,Family,25,10,0_0_1,0.19114411441144114,0.9702970297029703,0.2222222222222222,1.0
8,Family,5,10,0_1_0,0.21287128712871287,0.9653465346534653,0.24349881796690306,1.0
8,Family,10,10,0_1_0,0.19856985698569857,0.9504950495049505,0.2281323877068558,1.0
8,Family,15,10,0_1_0,0.19636963696369636,0.9504950495049505,0.23404255319148937,1.0
8,Family,20,10,0_1_0,0.19086908690869087,0.9455445544554455,0.22458628841607564,1.0
8,Family,25,10,0_1_0,0.19801980198019803,0.9702970297029703,0.23286052009456265,1.0
8,Family,5,10,1_0_0,0.5442794279427943,1.0,0.5094562647754137,1.0
8,Family,10,10,1_0_0,0.5481298129812981,1.0,0.5236406619385343,1.0
8,Family,15,10,1_0_0,0.5613311331133113,1.0,0.557919621749409,1.0
8,Family,20,10,1_0_0,0.5574807480748075,1.0,0.5520094562647754,1.0
8,Family,25,10,1_0_0,0.5610561056105611,1.0,0.5614657210401891,1.0
8,Family,5,10,1_1_1,0.6749174917491749,1.0,0.6891252955082743,1.0
8,Family,10,10,1_1_1,0.7134213421342134,1.0,0.7494089834515366,1.0
8,Family,15,10,1_1_1,0.7120462046204621,1.0,0.7446808510638298,1.0
8,Family,20,10,1_1_1,0.6922442244224423,1.0,0.7174940898345153,1.0
8,Family,25,10,1_1_1,0.7043454345434543,1.0,0.7293144208037825,1.0
8,Family,5,15,0_0_0,0.32233223322332233,0.995049504950495,0.3606403013182674,1.0
8,Family,10,15,0_0_0,0.33443344334433445,1.0,0.3766478342749529,1.0
8,Family,15,15,0_0_0,0.3363586358635864,1.0,0.3785310734463277,1.0
8,Family,20,15,0_0_0,0.338008800880088,1.0,0.3775894538606403,1.0
8,Family,25,15,0_0_0,0.32893289328932895,1.0,0.3691148775894539,1.0
8,Family,5,15,0_0_1,0.18976897689768976,0.9455445544554455,0.22128060263653485,0.9661016949152542
8,Family,10,15,0_0_1,0.18921892189218922,0.9158415841584159,0.2278719397363465,0.9661016949152542
8,Family,15,15,0_0_1,0.1925192519251925,0.9405940594059405,0.2278719397363465,0.9830508474576272
8,Family,20,15,0_0_1,0.19086908690869087,0.9158415841584159,0.23258003766478344,0.9830508474576272
8,Family,25,15,0_0_1,0.1894939493949395,0.9108910891089109,0.23163841807909605,1.0
8,Family,5,15,0_1_0,0.21699669966996699,0.9801980198019802,0.263653483992467,1.0
8,Family,10,15,0_1_0,0.20737073707370737,0.9702970297029703,0.24764595103578155,1.0
8,Family,15,15,0_1_0,0.21204620462046206,0.9702970297029703,0.256120527306968,0.9830508474576272
8,Family,20,15,0_1_0,0.22057205720572057,0.9801980198019802,0.2664783427495292,1.0
8,Family,25,15,0_1_0,0.20297029702970298,0.9603960396039604,0.24858757062146894,1.0
8,Family,5,15,1_0_0,0.6199119911991199,1.0,0.571563088512241,1.0
8,Family,10,15,1_0_0,0.6328382838283828,1.0,0.591337099811676,1.0
8,Family,15,15,1_0_0,0.6193619361936193,1.0,0.5809792843691148,1.0
8,Family,20,15,1_0_0,0.6298129812981298,1.0,0.5903954802259888,1.0
8,Family,25,15,1_0_0,0.6333883388338833,1.0,0.5894538606403014,1.0
8,Family,5,15,1_1_1,0.5781078107810781,1.0,0.5781544256120528,1.0
8,Family,10,15,1_1_1,0.5954345434543454,1.0,0.5847457627118644,1.0
8,Family,15,15,1_1_1,0.592959295929593,1.0,0.5819209039548022,1.0
8,Family,20,15,1_1_1,0.5814081408140814,1.0,0.5753295668549906,1.0
8,Family,25,15,1_1_1,0.5877337733773378,1.0,0.5800376647834274,1.0
8,Family,5,20,0_0_0,0.33608360836083606,0.995049504950495,0.37762762762762764,1.0
8,Family,10,20,0_0_0,0.34075907590759075,1.0,0.3791291291291291,1.0
8,Family,15,20,0_0_0,0.3424092409240924,1.0,0.3858858858858859,1.0
8,Family,20,20,0_0_0,0.34625962596259624,1.0,0.38963963963963966,1.0
8,Family,25,20,0_0_0,0.3371837183718372,0.995049504950495,0.3791291291291291,1.0
8,Family,5,20,0_0_1,0.20544554455445543,0.905940594059406,0.25975975975975973,0.9864864864864865
8,Family,10,20,0_0_1,0.20077007700770078,0.9207920792079208,0.256006006006006,1.0
8,Family,15,20,0_0_1,0.19416941694169418,0.8960396039603961,0.2424924924924925,0.9864864864864865
8,Family,20,20,0_0_1,0.19196919691969197,0.8910891089108911,0.24474474474474475,0.972972972972973
8,Family,25,20,0_0_1,0.1905940594059406,0.9158415841584159,0.24324324324324326,0.9864864864864865
8,Family,5,20,0_1_0,0.1927942794279428,0.9207920792079208,0.25225225225225223,1.0
8,Family,10,20,0_1_0,0.1828932893289329,0.905940594059406,0.24624624624624625,1.0
8,Family,15,20,0_1_0,0.18206820682068206,0.9158415841584159,0.246996996996997,0.972972972972973
8,Family,20,20,0_1_0,0.18316831683168316,0.905940594059406,0.243993993993994,0.972972972972973
8,Family,25,20,0_1_0,0.18646864686468648,0.9207920792079208,0.24774774774774774,0.9864864864864865
8,Family,5,20,1_0_0,0.6342134213421342,1.0,0.6021021021021021,1.0
8,Family,10,20,1_0_0,0.6309130913091309,1.0,0.5930930930930931,1.0
8,Family,15,20,1_0_0,0.6325632563256326,1.0,0.5960960960960962,1.0
8,Family,20,20,1_0_0,0.6388888888888888,1.0,0.6051051051051051,1.0
8,Family,25,20,1_0_0,0.6402640264026402,1.0,0.6073573573573574,1.0
8,Family,5,20,1_1_1,0.4458195819581958,1.0,0.481981981981982,1.0
8,Family,10,20,1_1_1,0.444994499449945,1.0,0.4617117117117117,1.0
8,Family,15,20,1_1_1,0.43096809680968096,1.0,0.43993993993993996,1.0
8,Family,20,20,1_1_1,0.4381188118811881,1.0,0.4436936936936937,1.0
8,Family,25,20,1_1_1,0.4430693069306931,1.0,0.44069069069069067,1.0
8,Family,5,25,0_0_0,0.35533553355335534,1.0,0.40343915343915343,1.0
8,Family,10,25,0_0_0,0.3550605060506051,1.0,0.4027777777777778,1.0
8,Family,15,25,0_0_0,0.35533553355335534,1.0,0.4027777777777778,1.0
8,Family,20,25,0_0_0,0.3564356435643564,1.0,0.40343915343915343,1.0
8,Family,25,25,0_0_0,0.3564356435643564,1.0,0.40343915343915343,1.0
8,Family,5,25,0_0_1,0.2026952695269527,0.9405940594059405,0.2533068783068783,0.9880952380952381
8,Family,10,25,0_0_1,0.19004400440044003,0.9257425742574258,0.24404761904761904,0.9880952380952381
8,Family,15,25,0_0_1,0.19224422442244224,0.9356435643564356,0.24404761904761904,1.0
8,Family,20,25,0_0_1,0.18729372937293728,0.9108910891089109,0.2400793650793651,1.0
8,Family,25,25,0_0_1,0.18371837183718373,0.9158415841584159,0.23214285714285715,1.0
8,Family,5,25,0_1_0,0.205995599559956,0.9455445544554455,0.2638888888888889,0.9880952380952381
8,Family,10,25,0_1_0,0.19581958195819582,0.9158415841584159,0.25462962962962965,1.0
8,Family,15,25,0_1_0,0.1925192519251925,0.9108910891089109,0.24404761904761904,0.9880952380952381
8,Family,20,25,0_1_0,0.19031903190319033,0.8910891089108911,0.24801587301587302,0.9761904761904762
8,Family,25,25,0_1_0,0.20077007700770078,0.8960396039603961,0.2605820105820106,0.9761904761904762
8,Family,5,25,1_0_0,0.5533553355335533,1.0,0.5496031746031746,1.0
8,Family,10,25,1_0_0,0.5624312431243125,1.0,0.5595238095238095,1.0
8,Family,15,25,1_0_0,0.5643564356435643,1.0,0.5542328042328042,1.0
8,Family,20,25,1_0_0,0.562981298129813,1.0,0.5641534391534392,1.0
8,Family,25,25,1_0_0,0.5668316831683168,1.0,0.5667989417989417,1.0
8,Family,5,25,1_1_1,0.4141914191419142,1.0,0.42592592592592593,1.0
8,Family,10,25,1_1_1,0.4097909790979098,1.0,0.421957671957672,1.0
8,Family,15,25,1_1_1,0.41171617161716173,1.0,0.42592592592592593,1.0
8,Family,20,25,1_1_1,0.41006600660066006,1.0,0.42923280423280424,1.0
8,Family,25,25,1_1_1,0.4152915291529153,1.0,0.4312169312169312,1.0
8,Family,5,30,0_0_0,0.35451045104510454,1.0,0.40034364261168387,1.0
8,Family,10,30,0_0_0,0.3564356435643564,1.0,0.4020618556701031,1.0
8,Family,15,30,0_0_0,0.3564356435643564,1.0,0.4020618556701031,1.0
8,Family,20,30,0_0_0,0.3564356435643564,1.0,0.4020618556701031,1.0
8,Family,25,30,0_0_0,0.3564356435643564,1.0,0.4020618556701031,1.0
8,Family,5,30,0_0_1,0.22387238723872388,0.9702970297029703,0.27376861397479957,0.9896907216494846
8,Family,10,30,0_0_1,0.2246974697469747,0.9752475247524752,0.27720504009163804,0.9896907216494846
8,Family,15,30,0_0_1,0.2191969196919692,0.9752475247524752,0.27033218785796104,0.979381443298969
8,Family,20,30,0_0_1,0.2180968096809681,0.9653465346534653,0.27033218785796104,0.9896907216494846
8,Family,25,30,0_0_1,0.21754675467546755,0.9653465346534653,0.27376861397479957,0.9896907216494846
8,Family,5,30,0_1_0,0.22662266226622663,0.9554455445544554,0.27033218785796104,0.9896907216494846
8,Family,10,30,0_1_0,0.21314631463146314,0.9603960396039604,0.24513172966781213,0.9896907216494846
8,Family,15,30,0_1_0,0.20737073707370737,0.9455445544554455,0.24742268041237114,0.979381443298969
8,Family,20,30,0_1_0,0.20214521452145215,0.9356435643564356,0.2479954180985109,0.979381443298969
8,Family,25,30,0_1_0,0.2103960396039604,0.9554455445544554,0.25372279495990835,0.9896907216494846
8,Family,5,30,1_0_0,0.5737073707370737,1.0,0.5446735395189003,1.0
8,Family,10,30,1_0_0,0.5668316831683168,1.0,0.5406643757159221,1.0
8,Family,15,30,1_0_0,0.5761826182618262,1.0,0.5475372279495991,1.0
8,Family,20,30,1_0_0,0.5717821782178217,1.0,0.5504009163802979,1.0
8,Family,25,30,1_0_0,0.5805830583058306,1.0,0.5561282932416953,1.0
8,Family,5,30,1_1_1,0.5016501650165016,1.0,0.5171821305841925,1.0
8,Family,10,30,1_1_1,0.5055005500550055,1.0,0.5303550973654066,1.0
8,Family,15,30,1_1_1,0.5178767876787679,1.0,0.5412371134020618,1.0
8,Family,20,30,1_1_1,0.5104510451045104,1.0,0.5378006872852233,1.0
8,Family,25,30,1_1_1,0.5068756875687569,1.0,0.5257731958762887,1.0
8,Family,5,35,0_0_0,0.3564356435643564,1.0,0.403030303030303,1.0
8,Family,10,35,0_0_0,0.3564356435643564,1.0,0.403030303030303,1.0
8,Family,15,35,0_0_0,0.3564356435643564,1.0,0.403030303030303,1.0
8,Family,20,35,0_0_0,0.3564356435643564,1.0,0.403030303030303,1.0
8,Family,25,35,0_0_0,0.3564356435643564,1.0,0.403030303030303,1.0
8,Family,5,35,0_0_1,0.23844884488448845,0.9900990099009901,0.28484848484848485,1.0
8,Family,10,35,0_0_1,0.2376237623762376,0.9752475247524752,0.29343434343434344,0.990909090909091
8,Family,15,35,0_0_1,0.22854785478547854,0.9603960396039604,0.2808080808080808,0.9727272727272728
8,Family,20,35,0_0_1,0.2257975797579758,0.9603960396039604,0.27525252525252525,0.990909090909091
8,Family,25,35,0_0_1,0.23377337733773376,0.9603960396039604,0.2883838383838384,0.990909090909091
8,Family,5,35,0_1_0,0.23514851485148514,0.9257425742574258,0.295959595959596,0.9818181818181818
8,Family,10,35,0_1_0,0.2257975797579758,0.9257425742574258,0.2878787878787879,0.990909090909091
8,Family,15,35,0_1_0,0.2301980198019802,0.9306930693069306,0.28888888888888886,0.990909090909091
8,Family,20,35,0_1_0,0.2323982398239824,0.9455445544554455,0.2924242424242424,1.0
8,Family,25,35,0_1_0,0.23487348734873487,0.9356435643564356,0.29444444444444445,1.0
8,Family,5,35,1_0_0,0.5294279427942794,1.0,0.5111111111111111,1.0
8,Family,10,35,1_0_0,0.5497799779977998,1.0,0.5313131313131313,1.0
8,Family,15,35,1_0_0,0.5522552255225522,1.0,0.5388888888888889,1.0
8,Family,20,35,1_0_0,0.5561056105610561,1.0,0.5373737373737374,1.0
8,Family,25,35,1_0_0,0.5563806380638063,1.0,0.5323232323232323,1.0
8,Family,5,35,1_1_1,0.46947194719471946,1.0,0.4818181818181818,1.0
8,Family,10,35,1_1_1,0.4628712871287129,1.0,0.4797979797979798,1.0
8,Family,15,35,1_1_1,0.466996699669967,1.0,0.48282828282828283,1.0
8,Family,20,35,1_1_1,0.4614961496149615,1.0,0.48383838383838385,1.0
8,Family,25,35,1_1_1,0.4471947194719472,1.0,0.4631313131313131,1.0
8,Family,5,40,0_0_0,0.3465346534653465,1.0,0.39439853076216713,1.0
8,Family,10,40,0_0_0,0.34735973597359737,1.0,0.39623507805325986,1.0
8,Family,15,40,0_0_0,0.3534103410341034,1.0,0.39944903581267216,1.0
8,Family,20,40,0_0_0,0.3542354235423542,1.0,0.4003673094582185,1.0
8,Family,25,40,0_0_0,0.35286028602860287,1.0,0.3985307621671258,1.0
8,Family,5,40,0_0_1,0.23954895489548955,0.9356435643564356,0.29201101928374656,1.0
8,Family,10,40,0_0_1,0.22442244224422442,0.9455445544554455,0.2736455463728191,1.0
8,Family,15,40,0_0_1,0.21644664466446645,0.9603960396039604,0.2667584940312213,0.9917355371900827
8,Family,20,40,0_0_1,0.22057205720572057,0.9356435643564356,0.2667584940312213,0.9834710743801653
8,Family,25,40,0_0_1,0.22387238723872388,0.9554455445544554,0.2681359044995409,0.9917355371900827
8,Family,5,40,0_1_0,0.24284928492849284,0.9554455445544554,0.30257116620752983,1.0
8,Family,10,40,0_1_0,0.23954895489548955,0.9455445544554455,0.29614325068870523,1.0
8,Family,15,40,0_1_0,0.24422442244224424,0.9504950495049505,0.3021120293847567,1.0
8,Family,20,40,0_1_0,0.2400990099009901,0.9455445544554455,0.3002754820936639,1.0
8,Family,25,40,0_1_0,0.24284928492849284,0.9554455445544554,0.3002754820936639,1.0
8,Family,5,40,1_0_0,0.6287128712871287,1.0,0.5973370064279155,1.0
8,Family,10,40,1_0_0,0.6353135313531353,1.0,0.6046831955922864,1.0
8,Family,15,40,1_0_0,0.6322882288228823,1.0,0.6037649219467401,1.0
8,Family,20,40,1_0_0,0.6320132013201321,1.0,0.6046831955922864,1.0
8,Family,25,40,1_0_0,0.6380638063806381,1.0,0.6097337006427915,1.0
8,Family,5,40,1_1_1,0.5605060506050605,1.0,0.573921028466483,1.0
8,Family,10,40,1_1_1,0.5728822882288229,1.0,0.5867768595041323,1.0
8,Family,15,40,1_1_1,0.5734323432343235,1.0,0.5844811753902663,1.0
8,Family,20,40,1_1_1,0.5638063806380638,1.0,0.5780532598714417,1.0
8,Family,25,40,1_1_1,0.564906490649065,1.0,0.5831037649219467,1.0
8,Family,5,45,0_0_0,0.35203520352035206,1.0,0.39264828738512947,1.0
8,Family,10,45,0_0_0,0.3534103410341034,1.0,0.39264828738512947,1.0
8,Family,15,45,0_0_0,0.35451045104510454,1.0,0.3943191311612364,1.0
8,Family,20,45,0_0_0,0.3542354235423542,1.0,0.3939014202172097,1.0
8,Family,25,45,0_0_0,0.3547854785478548,1.0,0.3943191311612364,1.0
8,Family,5,45,0_0_1,0.24614961496149615,0.9752475247524752,0.28362573099415206,0.9924812030075187
8,Family,10,45,0_0_1,0.23817381738173818,0.9851485148514851,0.2744360902255639,0.9924812030075187
8,Family,15,45,0_0_1,0.23652365236523654,0.9702970297029703,0.27401837928153716,0.9924812030075187
8,Family,20,45,0_0_1,0.22854785478547854,0.9455445544554455,0.2694235588972431,0.9924812030075187
8,Family,25,45,0_0_1,0.22964796479647964,0.9653465346534653,0.2702589807852966,0.9924812030075187
8,Family,5,45,0_1_0,0.24284928492849284,0.9702970297029703,0.2752715121136174,0.9699248120300752
8,Family,10,45,0_1_0,0.23927392739273928,0.9900990099009901,0.26900584795321636,0.9849624060150376
8,Family,15,45,0_1_0,0.23982398239823982,0.9801980198019802,0.2756892230576441,0.9849624060150376
8,Family,20,45,0_1_0,0.23157315731573158,0.9851485148514851,0.2681704260651629,0.9924812030075187
8,Family,25,45,0_1_0,0.23514851485148514,0.9851485148514851,0.272765246449457,0.9924812030075187
8,Family,5,45,1_0_0,0.5239273927392739,1.0,0.5183792815371763,1.0
8,Family,10,45,1_0_0,0.5288778877887789,1.0,0.5196324143692564,1.0
8,Family,15,45,1_0_0,0.5294279427942794,1.0,0.5258980785296575,1.0
8,Family,20,45,1_0_0,0.5297029702970297,1.0,0.5263157894736842,1.0
8,Family,25,45,1_0_0,0.5233773377337734,1.0,0.5238095238095238,1.0
8,Family,5,45,1_1_1,0.5704070407040704,1.0,0.5722639933166249,1.0
8,Family,10,45,1_1_1,0.5756325632563256,1.0,0.5756056808688388,1.0
8,Family,15,45,1_1_1,0.5913091309130913,1.0,0.5927318295739349,1.0
8,Family,20,45,1_1_1,0.584983498349835,1.0,0.5964912280701754,1.0
8,Family,25,45,1_1_1,0.5863586358635864,1.0,0.5977443609022557,1.0
8,Family,5,50,0_0_0,0.34735973597359737,1.0,0.38808952837729815,1.0
8,Family,10,50,0_0_0,0.3503850385038504,1.0,0.39248601119104715,1.0
8,Family,15,50,0_0_0,0.35533553355335534,1.0,0.39688249400479614,1.0
8,Family,20,50,0_0_0,0.3550605060506051,1.0,0.39728217426059154,1.0
8,Family,25,50,0_0_0,0.35286028602860287,1.0,0.39408473221422863,1.0
8,Family,5,50,0_0_1,0.24614961496149615,0.9554455445544554,0.2897681854516387,1.0
8,Family,10,50,0_0_1,0.2477997799779978,0.9603960396039604,0.29216626698641085,1.0
8,Family,15,50,0_0_1,0.23212321232123212,0.9405940594059405,0.2773780975219824,1.0
8,Family,20,50,0_0_1,0.23432343234323433,0.9504950495049505,0.2789768185451639,1.0
8,Family,25,50,0_0_1,0.22744774477447743,0.9405940594059405,0.2733812949640288,1.0
8,Family,5,50,0_1_0,0.26595159515951594,0.9603960396039604,0.3181454836131095,1.0
8,Family,10,50,0_1_0,0.27447744774477445,0.9702970297029703,0.32533972821742607,1.0
8,Family,15,50,0_1_0,0.27117711771177117,0.9603960396039604,0.32014388489208634,1.0
8,Family,20,50,0_1_0,0.2692519251925192,0.9455445544554455,0.3181454836131095,1.0
8,Family,25,50,0_1_0,0.2621012101210121,0.9455445544554455,0.31254996003197444,1.0
8,Family,5,50,1_0_0,0.6212871287128713,1.0,0.6119104716227018,1.0
8,Family,10,50,1_0_0,0.6218371837183718,1.0,0.6119104716227018,1.0
8,Family,15,50,1_0_0,0.6303630363036303,1.0,0.6195043964828137,1.0
8,Family,20,50,1_0_0,0.6300880088008801,1.0,0.6171063149480416,1.0
8,Family,25,50,1_0_0,0.6303630363036303,1.0,0.6203037569944044,1.0
8,Family,5,50,1_1_1,0.5316281628162817,1.0,0.5539568345323741,1.0
8,Family,10,50,1_1_1,0.5085258525852585,1.0,0.5347721822541966,1.0
8,Family,15,50,1_1_1,0.5071507150715071,1.0,0.5295763389288569,1.0
8,Family,20,50,1_1_1,0.5019251925192519,1.0,0.5255795363709033,1.0
8,Family,25,50,1_1_1,0.5165016501650165,1.0,0.5411670663469225,1.0
8,Family,5,55,0_0_0,0.3558855885588559,1.0,0.39321789321789324,1.0
8,Family,10,55,0_0_0,0.35616061606160615,1.0,0.39321789321789324,1.0
8,Family,15,55,0_0_0,0.3547854785478548,1.0,0.3924963924963925,1.0
8,Family,20,55,0_0_0,0.3550605060506051,1.0,0.3921356421356421,1.0
8,Family,25,55,0_0_0,0.3564356435643564,1.0,0.39321789321789324,1.0
8,Family,5,55,0_0_1,0.25715071507150716,0.9356435643564356,0.2958152958152958,0.9805194805194806
8,Family,10,55,0_0_1,0.264026402640264,0.9603960396039604,0.29978354978354976,0.987012987012987
8,Family,15,55,0_0_1,0.2599009900990099,0.9653465346534653,0.29834054834054835,0.987012987012987
8,Family,20,55,0_0_1,0.25192519251925194,0.9504950495049505,0.2907647907647908,0.987012987012987
8,Family,25,55,0_0_1,0.26485148514851486,0.9653465346534653,0.30266955266955264,0.9935064935064936
8,Family,5,55,0_1_0,0.27145214521452143,0.9702970297029703,0.3152958152958153,1.0
8,Family,10,55,0_1_0,0.27035203520352036,0.9504950495049505,0.31385281385281383,0.9935064935064936
8,Family,15,55,0_1_0,0.28437843784378436,0.9653465346534653,0.3282828282828283,1.0
8,Family,20,55,0_1_0,0.2786028602860286,0.9702970297029703,0.31962481962481964,1.0
8,Family,25,55,0_1_0,0.2915291529152915,0.9653465346534653,0.33116883116883117,1.0
8,Family,5,55,1_0_0,0.5492299229922992,1.0,0.5443722943722944,1.0
8,Family,10,55,1_0_0,0.5712321232123212,1.0,0.5645743145743146,1.0
8,Family,15,55,1_0_0,0.5528052805280528,1.0,0.5429292929292929,1.0
8,Family,20,55,1_0_0,0.5558305830583058,1.0,0.5505050505050505,1.0
8,Family,25,55,1_0_0,0.5552805280528053,1.0,0.5497835497835498,1.0
8,Family,5,55,1_1_1,0.3910891089108911,1.0,0.4246031746031746,1.0
8,Family,10,55,1_1_1,0.3811881188118812,1.0,0.4163059163059163,1.0
8,Family,15,55,1_1_1,0.3743124312431243,1.0,0.41053391053391053,1.0
8,Family,20,55,1_1_1,0.3743124312431243,1.0,0.40945165945165946,1.0
8,Family,25,55,1_1_1,0.37073707370737075,1.0,0.4033189033189033,1.0
8,Family,5,60,0_0_0,0.34075907590759075,1.0,0.3737997256515775,1.0
8,Family,10,60,0_0_0,0.3435093509350935,1.0,0.3765432098765432,1.0
8,Family,15,60,0_0_0,0.3435093509350935,1.0,0.3762002743484225,1.0
8,Family,20,60,0_0_0,0.34433443344334436,1.0,0.3762002743484225,1.0
8,Family,25,60,0_0_0,0.3481848184818482,1.0,0.37962962962962965,1.0
8,Family,5,60,0_0_1,0.2755775577557756,1.0,0.29835390946502055,1.0
8,Family,10,60,0_0_1,0.27255225522552257,0.995049504950495,0.29286694101508914,0.9938271604938271
8,Family,15,60,0_0_1,0.27585258525852585,0.9702970297029703,0.301440329218107,0.9814814814814815
8,Family,20,60,0_0_1,0.26567656765676567,0.9603960396039604,0.29492455418381347,0.9876543209876543
8,Family,25,60,0_0_1,0.26567656765676567,0.9702970297029703,0.2911522633744856,0.9876543209876543
8,Family,5,60,0_1_0,0.27447744774477445,0.995049504950495,0.2962962962962963,0.9938271604938271
8,Family,10,60,0_1_0,0.2747524752475248,0.995049504950495,0.2959533607681756,0.9938271604938271
8,Family,15,60,0_1_0,0.27145214521452143,0.9900990099009901,0.29492455418381347,0.9938271604938271
8,Family,20,60,0_1_0,0.2676017601760176,0.995049504950495,0.29183813443072704,1.0
8,Family,25,60,0_1_0,0.27117711771177117,0.995049504950495,0.29766803840877915,0.9938271604938271
8,Family,5,60,1_0_0,0.5442794279427943,1.0,0.5384087791495199,1.0
8,Family,10,60,1_0_0,0.556930693069307,1.0,0.5476680384087792,1.0
8,Family,15,60,1_0_0,0.5591309130913091,1.0,0.5510973936899863,1.0
8,Family,20,60,1_0_0,0.5624312431243125,1.0,0.553840877914952,1.0
8,Family,25,60,1_0_0,0.55995599559956,1.0,0.5497256515775034,1.0
8,Family,5,60,1_1_1,0.5635313531353136,1.0,0.5682441700960219,1.0
8,Family,10,60,1_1_1,0.5723322332233224,1.0,0.5689300411522634,1.0
8,Family,15,60,1_1_1,0.5866336633663366,1.0,0.5864197530864198,1.0
8,Family,20,60,1_1_1,0.5926842684268426,1.0,0.5922496570644719,1.0
8,Family,25,60,1_1_1,0.5937843784378438,1.0,0.5953360768175583,1.0
8,Family,5,65,0_0_0,0.35148514851485146,1.0,0.3776455026455027,1.0
8,Family,10,65,0_0_0,0.3525852585258526,0.995049504950495,0.37863756613756616,1.0
8,Family,15,65,0_0_0,0.3536853685368537,1.0,0.37962962962962965,1.0
8,Family,20,65,0_0_0,0.3536853685368537,1.0,0.3792989417989418,1.0
8,Family,25,65,0_0_0,0.3558855885588559,1.0,0.38095238095238093,1.0
8,Family,5,65,0_0_1,0.28740374037403743,1.0,0.31183862433862436,1.0
8,Family,10,65,0_0_1,0.27970297029702973,1.0,0.30224867724867727,1.0
8,Family,15,65,0_0_1,0.28025302530253027,0.9900990099009901,0.3055555555555556,1.0
8,Family,20,65,0_0_1,0.2816281628162816,0.995049504950495,0.3062169312169312,1.0
8,Family,25,65,0_0_1,0.2786028602860286,0.9851485148514851,0.30456349206349204,1.0
8,Family,5,65,0_1_0,0.31298129812981296,1.0,0.33664021164021163,1.0
8,Family,10,65,0_1_0,0.3017051705170517,0.995049504950495,0.3247354497354497,1.0
8,Family,15,65,0_1_0,0.29427942794279427,0.995049504950495,0.31746031746031744,1.0
8,Family,20,65,0_1_0,0.30445544554455445,0.9900990099009901,0.330026455026455,1.0
8,Family,25,65,0_1_0,0.3030803080308031,0.995049504950495,0.32671957671957674,1.0
8,Family,5,65,1_0_0,0.507975797579758,1.0,0.5099206349206349,1.0
8,Family,10,65,1_0_0,0.5033003300330033,1.0,0.5059523809523809,1.0
8,Family,15,65,1_0_0,0.5019251925192519,1.0,0.5026455026455027,1.0
8,Family,20,65,1_0_0,0.5046754675467546,1.0,0.5049603174603174,1.0
8,Family,25,65,1_0_0,0.5,1.0,0.49933862433862436,1.0
8,Family,5,65,1_1_1,0.4383938393839384,1.0,0.4580026455026455,1.0
8,Family,10,65,1_1_1,0.42931793179317934,1.0,0.45171957671957674,1.0
8,Family,15,65,1_1_1,0.42794279427942794,1.0,0.4497354497354497,1.0
8,Family,20,65,1_1_1,0.429042904290429,1.0,0.45072751322751325,1.0
8,Family,25,65,1_1_1,0.4141914191419142,1.0,0.43683862433862436,1.0
8,Family,5,70,0_0_0,0.3501100110011001,1.0,0.3700564971751412,1.0
8,Family,10,70,0_0_0,0.35533553355335534,1.0,0.37445072190834905,1.0
8,Family,15,70,0_0_0,0.3547854785478548,1.0,0.3738229755178908,1.0
8,Family,20,70,0_0_0,0.3547854785478548,1.0,0.3747645951035782,1.0
8,Family,25,70,0_0_0,0.3550605060506051,1.0,0.3747645951035782,1.0
8,Family,5,70,0_0_1,0.30115511551155116,1.0,0.3214061519146265,1.0
8,Family,10,70,0_0_1,0.3118811881188119,0.995049504950495,0.33207784055241685,1.0
8,Family,15,70,0_0_1,0.3096809680968097,0.995049504950495,0.32988072818581293,1.0
8,Family,20,70,0_0_1,0.31435643564356436,0.995049504950495,0.3361581920903955,1.0
8,Family,25,70,0_0_1,0.3140814081408141,0.995049504950495,0.33584431889516636,1.0
8,Family,5,70,0_1_0,0.3063806380638064,1.0,0.3273697426239799,1.0
8,Family,10,70,0_1_0,0.3171067106710671,1.0,0.3389830508474576,1.0
8,Family,15,70,0_1_0,0.3184818481848185,0.995049504950495,0.3386691776522285,1.0
8,Family,20,70,0_1_0,0.3132563256325633,0.9900990099009901,0.33270558694287505,1.0
8,Family,25,70,0_1_0,0.3146314631463146,0.9900990099009901,0.3339610797237916,1.0
8,Family,5,70,1_0_0,0.5574807480748075,1.0,0.5511613308223478,1.0
8,Family,10,70,1_0_0,0.5525302530253026,1.0,0.5464532328939109,1.0
8,Family,15,70,1_0_0,0.55995599559956,1.0,0.5533584431889517,1.0
8,Family,20,70,1_0_0,0.5583058305830583,1.0,0.5514752040175769,1.0
8,Family,25,70,1_0_0,0.5580308030803081,1.0,0.5533584431889517,1.0
8,Family,5,70,1_1_1,0.5132013201320133,1.0,0.5094161958568738,1.0
8,Family,10,70,1_1_1,0.49972497249724973,1.0,0.4965473948524796,1.0
8,Family,15,70,1_1_1,0.48817381738173815,1.0,0.487758945386064,1.0
8,Family,20,70,1_1_1,0.49834983498349833,1.0,0.4934086629001883,1.0
8,Family,25,70,1_1_1,0.5027502750275028,1.0,0.49937225360954174,1.0
9,Family,5,0,0_0_0,0.26485148514851486,0.9504950495049505,,
9,Family,10,0,0_0_0,0.26732673267326734,0.9702970297029703,,
9,Family,15,0,0_0_0,0.27282728272827284,0.9851485148514851,,
9,Family,20,0,0_0_0,0.27282728272827284,0.9554455445544554,,
9,Family,25,0,0_0_0,0.26595159515951594,0.9504950495049505,,
9,Family,5,0,0_0_1,0.1828932893289329,0.9405940594059405,,
9,Family,10,0,0_0_1,0.17656765676567657,0.9108910891089109,,
9,Family,15,0,0_0_1,0.17574257425742573,0.9158415841584159,,
9,Family,20,0,0_0_1,0.18151815181518152,0.9306930693069306,,
9,Family,25,0,0_0_1,0.17684268426842684,0.9108910891089109,,
9,Family,5,0,0_1_0,0.1817931793179318,0.9653465346534653,,
9,Family,10,0,0_1_0,0.17794279427942794,0.9801980198019802,,
9,Family,15,0,0_1_0,0.1694169416941694,0.9504950495049505,,
9,Family,20,0,0_1_0,0.18619361936193618,0.9851485148514851,,
9,Family,25,0,0_1_0,0.17959295929592958,0.9752475247524752,,
9,Family,5,0,1_0_0,0.44966996699669964,1.0,,
9,Family,10,0,1_0_0,0.45792079207920794,1.0,,
9,Family,15,0,1_0_0,0.4515951595159516,1.0,,
9,Family,20,0,1_0_0,0.44224422442244227,1.0,,
9,Family,25,0,1_0_0,0.45737073707370735,1.0,,
9,Family,5,0,1_1_1,0.6581408140814081,1.0,,
9,Family,10,0,1_1_1,0.6683168316831684,1.0,,
9,Family,15,0,1_1_1,0.6611661166116611,1.0,,
9,Family,20,0,1_1_1,0.672992299229923,1.0,,
9,Family,25,0,1_1_1,0.6644664466446645,1.0,,
9,Family,5,5,0_0_0,0.27145214521452143,0.9603960396039604,0.35185185185185186,1.0
9,Family,10,5,0_0_0,0.26732673267326734,0.9554455445544554,0.3287037037037037,1.0
9,Family,15,5,0_0_0,0.27447744774477445,0.9653465346534653,0.3402777777777778,1.0
9,Family,20,5,0_0_0,0.2676017601760176,0.9504950495049505,0.3333333333333333,1.0
9,Family,25,5,0_0_0,0.27365236523652364,0.9702970297029703,0.33796296296296297,1.0
9,Family,5,5,0_0_1,0.18344334433443343,0.9257425742574258,0.19675925925925927,0.9583333333333334
9,Family,10,5,0_0_1,0.17546754675467546,0.905940594059406,0.19212962962962962,0.9583333333333334
9,Family,15,5,0_0_1,0.1751925192519252,0.9108910891089109,0.19444444444444445,0.9583333333333334
9,Family,20,5,0_0_1,0.17216721672167218,0.900990099009901,0.19907407407407407,0.9583333333333334
9,Family,25,5,0_0_1,0.1773927392739274,0.9158415841584159,0.20601851851851852,0.9583333333333334
9,Family,5,5,0_1_0,0.2070957095709571,0.9851485148514851,0.21064814814814814,1.0
9,Family,10,5,0_1_0,0.20929592959295928,0.9801980198019802,0.23842592592592593,1.0
9,Family,15,5,0_1_0,0.2048954895489549,0.9653465346534653,0.23842592592592593,0.9583333333333334
9,Family,20,5,0_1_0,0.2004950495049505,0.9554455445544554,0.23842592592592593,0.9583333333333334
9,Family,25,5,0_1_0,0.19416941694169418,0.9504950495049505,0.23842592592592593,1.0
9,Family,5,5,1_0_0,0.5121012101210121,1.0,0.48148148148148145,1.0
9,Family,10,5,1_0_0,0.5126512651265126,1.0,0.5023148148148148,1.0
9,Family,15,5,1_0_0,0.5104510451045104,1.0,0.4722222222222222,1.0
9,Family,20,5,1_0_0,0.5129262926292629,1.0,0.49074074074074076,1.0
9,Family,25,5,1_0_0,0.5192519251925193,1.0,0.49537037037037035,1.0
9,Family,5,5,1_1_1,0.43234323432343236,1.0,0.4722222222222222,1.0
9,Family,10,5,1_1_1,0.40786578657865785,1.0,0.4444444444444444,1.0
9,Family,15,5,1_1_1,0.41804180418041803,1.0,0.4513888888888889,1.0
9,Family,20,5,1_1_1,0.41914191419141916,1.0,0.4513888888888889,1.0
9,Family,25,5,1_1_1,0.4144664466446645,1.0,0.4513888888888889,1.0
9,Family,5,10,0_0_0,0.2761276127612761,0.9554455445544554,0.3309692671394799,1.0
9,Family,10,10,0_0_0,0.2841034103410341,0.9801980198019802,0.3392434988179669,1.0
9,Family,15,10,0_0_0,0.29207920792079206,0.9851485148514851,0.34988179669030733,1.0
9,Family,20,10,0_0_0,0.28272827282728275,0.9702970297029703,0.33451536643026003,1.0
9,Family,25,10,0_0_0,0.28685368536853684,0.9801980198019802,0.3416075650118203,1.0
9,Family,5,10,0_0_1,0.21287128712871287,0.9752475247524752,0.24468085106382978,1.0
9,Family,10,10,0_0_1,0.19389438943894388,0.9306930693069306,0.23049645390070922,1.0
9,Family,15,10,0_0_1,0.20187018701870188,0.9653465346534653,0.23167848699763594,1.0
9,Family,20,10,0_0_1,0.19966996699669967,0.9801980198019802,0.2222222222222222,1.0
9,Family,25,10,0_0_1,0.19114411441144114,0.9702970297029703,0.2222222222222222,1.0
9,Family,5,10,0_1_0,0.21287128712871287,0.9653465346534653,0.24349881796690306,1.0
9,Family,10,10,0_1_0,0.19856985698569857,0.9504950495049505,0.2281323877068558,1.0
9,Family,15,10,0_1_0,0.19636963696369636,0.9504950495049505,0.23404255319148937,1.0
9,Family,20,10,0_1_0,0.19086908690869087,0.9455445544554455,0.22458628841607564,1.0
9,Family,25,10,0_1_0,0.19801980198019803,0.9702970297029703,0.23286052009456265,1.0
9,Family,5,10,1_0_0,0.5442794279427943,1.0,0.5094562647754137,1.0
9,Family,10,10,1_0_0,0.5481298129812981,1.0,0.5236406619385343,1.0
9,Family,15,10,1_0_0,0.5613311331133113,1.0,0.557919621749409,1.0
9,Family,20,10,1_0_0,0.5574807480748075,1.0,0.5520094562647754,1.0
9,Family,25,10,1_0_0,0.5610561056105611,1.0,0.5614657210401891,1.0
9,Family,5,10,1_1_1,0.6749174917491749,1.0,0.6891252955082743,1.0
9,Family,10,10,1_1_1,0.7134213421342134,1.0,0.7494089834515366,1.0
9,Family,15,10,1_1_1,0.7120462046204621,1.0,0.7446808510638298,1.0
9,Family,20,10,1_1_1,0.6922442244224423,1.0,0.7174940898345153,1.0
9,Family,25,10,1_1_1,0.7043454345434543,1.0,0.7293144208037825,1.0
9,Family,5,15,0_0_0,0.32233223322332233,0.995049504950495,0.3606403013182674,1.0
9,Family,10,15,0_0_0,0.33443344334433445,1.0,0.3766478342749529,1.0
9,Family,15,15,0_0_0,0.3363586358635864,1.0,0.3785310734463277,1.0
9,Family,20,15,0_0_0,0.338008800880088,1.0,0.3775894538606403,1.0
9,Family,25,15,0_0_0,0.32893289328932895,1.0,0.3691148775894539,1.0
9,Family,5,15,0_0_1,0.18976897689768976,0.9455445544554455,0.22128060263653485,0.9661016949152542
9,Family,10,15,0_0_1,0.18921892189218922,0.9158415841584159,0.2278719397363465,0.9661016949152542
9,Family,15,15,0_0_1,0.1925192519251925,0.9405940594059405,0.2278719397363465,0.9830508474576272
9,Family,20,15,0_0_1,0.19086908690869087,0.9158415841584159,0.23258003766478344,0.9830508474576272
9,Family,25,15,0_0_1,0.1894939493949395,0.9108910891089109,0.23163841807909605,1.0
9,Family,5,15,0_1_0,0.21699669966996699,0.9801980198019802,0.263653483992467,1.0
9,Family,10,15,0_1_0,0.20737073707370737,0.9702970297029703,0.24764595103578155,1.0
9,Family,15,15,0_1_0,0.21204620462046206,0.9702970297029703,0.256120527306968,0.9830508474576272
9,Family,20,15,0_1_0,0.22057205720572057,0.9801980198019802,0.2664783427495292,1.0
9,Family,25,15,0_1_0,0.20297029702970298,0.9603960396039604,0.24858757062146894,1.0
9,Family,5,15,1_0_0,0.6199119911991199,1.0,0.571563088512241,1.0
9,Family,10,15,1_0_0,0.6328382838283828,1.0,0.591337099811676,1.0
9,Family,15,15,1_0_0,0.6193619361936193,1.0,0.5809792843691148,1.0
9,Family,20,15,1_0_0,0.6298129812981298,1.0,0.5903954802259888,1.0
9,Family,25,15,1_0_0,0.6333883388338833,1.0,0.5894538606403014,1.0
9,Family,5,15,1_1_1,0.5781078107810781,1.0,0.5781544256120528,1.0
9,Family,10,15,1_1_1,0.5954345434543454,1.0,0.5847457627118644,1.0
9,Family,15,15,1_1_1,0.592959295929593,1.0,0.5819209039548022,1.0
9,Family,20,15,1_1_1,0.5814081408140814,1.0,0.5753295668549906,1.0
9,Family,25,15,1_1_1,0.5877337733773378,1.0,0.5800376647834274,1.0
9,Family,5,20,0_0_0,0.33608360836083606,0.995049504950495,0.37762762762762764,1.0
9,Family,10,20,0_0_0,0.34075907590759075,1.0,0.3791291291291291,1.0
9,Family,15,20,0_0_0,0.3424092409240924,1.0,0.3858858858858859,1.0
9,Family,20,20,0_0_0,0.34625962596259624,1.0,0.38963963963963966,1.0
9,Family,25,20,0_0_0,0.3371837183718372,0.995049504950495,0.3791291291291291,1.0
9,Family,5,20,0_0_1,0.20544554455445543,0.905940594059406,0.25975975975975973,0.9864864864864865
9,Family,10,20,0_0_1,0.20077007700770078,0.9207920792079208,0.256006006006006,1.0
9,Family,15,20,0_0_1,0.19416941694169418,0.8960396039603961,0.2424924924924925,0.9864864864864865
9,Family,20,20,0_0_1,0.19196919691969197,0.8910891089108911,0.24474474474474475,0.972972972972973
9,Family,25,20,0_0_1,0.1905940594059406,0.9158415841584159,0.24324324324324326,0.9864864864864865
9,Family,5,20,0_1_0,0.1927942794279428,0.9207920792079208,0.25225225225225223,1.0
9,Family,10,20,0_1_0,0.1828932893289329,0.905940594059406,0.24624624624624625,1.0
9,Family,15,20,0_1_0,0.18206820682068206,0.9158415841584159,0.246996996996997,0.972972972972973
9,Family,20,20,0_1_0,0.18316831683168316,0.905940594059406,0.243993993993994,0.972972972972973
9,Family,25,20,0_1_0,0.18646864686468648,0.9207920792079208,0.24774774774774774,0.9864864864864865
9,Family,5,20,1_0_0,0.6342134213421342,1.0,0.6021021021021021,1.0
9,Family,10,20,1_0_0,0.6309130913091309,1.0,0.5930930930930931,1.0
9,Family,15,20,1_0_0,0.6325632563256326,1.0,0.5960960960960962,1.0
9,Family,20,20,1_0_0,0.6388888888888888,1.0,0.6051051051051051,1.0
9,Family,25,20,1_0_0,0.6402640264026402,1.0,0.6073573573573574,1.0
9,Family,5,20,1_1_1,0.4458195819581958,1.0,0.481981981981982,1.0
9,Family,10,20,1_1_1,0.444994499449945,1.0,0.4617117117117117,1.0
9,Family,15,20,1_1_1,0.43096809680968096,1.0,0.43993993993993996,1.0
9,Family,20,20,1_1_1,0.4381188118811881,1.0,0.4436936936936937,1.0
9,Family,25,20,1_1_1,0.4430693069306931,1.0,0.44069069069069067,1.0
9,Family,5,25,0_0_0,0.35533553355335534,1.0,0.40343915343915343,1.0
9,Family,10,25,0_0_0,0.3550605060506051,1.0,0.4027777777777778,1.0
9,Family,15,25,0_0_0,0.35533553355335534,1.0,0.4027777777777778,1.0
9,Family,20,25,0_0_0,0.3564356435643564,1.0,0.40343915343915343,1.0
9,Family,25,25,0_0_0,0.3564356435643564,1.0,0.40343915343915343,1.0
9,Family,5,25,0_0_1,0.2026952695269527,0.9405940594059405,0.2533068783068783,0.9880952380952381
9,Family,10,25,0_0_1,0.19004400440044003,0.9257425742574258,0.24404761904761904,0.9880952380952381
9,Family,15,25,0_0_1,0.19224422442244224,0.9356435643564356,0.24404761904761904,1.0
9,Family,20,25,0_0_1,0.18729372937293728,0.9108910891089109,0.2400793650793651,1.0
9,Family,25,25,0_0_1,0.18371837183718373,0.9158415841584159,0.23214285714285715,1.0
9,Family,5,25,0_1_0,0.205995599559956,0.9455445544554455,0.2638888888888889,0.9880952380952381
9,Family,10,25,0_1_0,0.19581958195819582,0.9158415841584159,0.25462962962962965,1.0
9,Family,15,25,0_1_0,0.1925192519251925,0.9108910891089109,0.24404761904761904,0.9880952380952381
9,Family,20,25,0_1_0,0.19031903190319033,0.8910891089108911,0.24801587301587302,0.9761904761904762
9,Family,25,25,0_1_0,0.20077007700770078,0.8960396039603961,0.2605820105820106,0.9761904761904762
9,Family,5,25,1_0_0,0.5533553355335533,1.0,0.5496031746031746,1.0
9,Family,10,25,1_0_0,0.5624312431243125,1.0,0.5595238095238095,1.0
9,Family,15,25,1_0_0,0.5643564356435643,1.0,0.5542328042328042,1.0
9,Family,20,25,1_0_0,0.562981298129813,1.0,0.5641534391534392,1.0
9,Family,25,25,1_0_0,0.5668316831683168,1.0,0.5667989417989417,1.0
9,Family,5,25,1_1_1,0.4141914191419142,1.0,0.42592592592592593,1.0
9,Family,10,25,1_1_1,0.4097909790979098,1.0,0.421957671957672,1.0
9,Family,15,25,1_1_1,0.41171617161716173,1.0,0.42592592592592593,1.0
9,Family,20,25,1_1_1,0.41006600660066006,1.0,0.42923280423280424,1.0
9,Family,25,25,1_1_1,0.4152915291529153,1.0,0.4312169312169312,1.0
9,Family,5,30,0_0_0,0.35451045104510454,1.0,0.40034364261168387,1.0
9,Family,10,30,0_0_0,0.3564356435643564,1.0,0.4020618556701031,1.0
9,Family,15,30,0_0_0,0.3564356435643564,1.0,0.4020618556701031,1.0
9,Family,20,30,0_0_0,0.3564356435643564,1.0,0.4020618556701031,1.0
9,Family,25,30,0_0_0,0.3564356435643564,1.0,0.4020618556701031,1.0
9,Family,5,30,0_0_1,0.22387238723872388,0.9702970297029703,0.27376861397479957,0.9896907216494846
9,Family,10,30,0_0_1,0.2246974697469747,0.9752475247524752,0.27720504009163804,0.9896907216494846
9,Family,15,30,0_0_1,0.2191969196919692,0.9752475247524752,0.27033218785796104,0.979381443298969
9,Family,20,30,0_0_1,0.2180968096809681,0.9653465346534653,0.27033218785796104,0.9896907216494846
9,Family,25,30,0_0_1,0.21754675467546755,0.9653465346534653,0.27376861397479957,0.9896907216494846
9,Family,5,30,0_1_0,0.22662266226622663,0.9554455445544554,0.27033218785796104,0.9896907216494846
9,Family,10,30,0_1_0,0.21314631463146314,0.9603960396039604,0.24513172966781213,0.9896907216494846
9,Family,15,30,0_1_0,0.20737073707370737,0.9455445544554455,0.24742268041237114,0.979381443298969
9,Family,20,30,0_1_0,0.20214521452145215,0.9356435643564356,0.2479954180985109,0.979381443298969
9,Family,25,30,0_1_0,0.2103960396039604,0.9554455445544554,0.25372279495990835,0.9896907216494846
9,Family,5,30,1_0_0,0.5737073707370737,1.0,0.5446735395189003,1.0
9,Family,10,30,1_0_0,0.5668316831683168,1.0,0.5406643757159221,1.0
9,Family,15,30,1_0_0,0.5761826182618262,1.0,0.5475372279495991,1.0
9,Family,20,30,1_0_0,0.5717821782178217,1.0,0.5504009163802979,1.0
9,Family,25,30,1_0_0,0.5805830583058306,1.0,0.5561282932416953,1.0
9,Family,5,30,1_1_1,0.5016501650165016,1.0,0.5171821305841925,1.0
9,Family,10,30,1_1_1,0.5055005500550055,1.0,0.5303550973654066,1.0
9,Family,15,30,1_1_1,0.5178767876787679,1.0,0.5412371134020618,1.0
9,Family,20,30,1_1_1,0.5104510451045104,1.0,0.5378006872852233,1.0
9,Family,25,30,1_1_1,0.5068756875687569,1.0,0.5257731958762887,1.0
9,Family,5,35,0_0_0,0.3564356435643564,1.0,0.403030303030303,1.0
9,Family,10,35,0_0_0,0.3564356435643564,1.0,0.403030303030303,1.0
9,Family,15,35,0_0_0,0.3564356435643564,1.0,0.403030303030303,1.0
9,Family,20,35,0_0_0,0.3564356435643564,1.0,0.403030303030303,1.0
9,Family,25,35,0_0_0,0.3564356435643564,1.0,0.403030303030303,1.0
9,Family,5,35,0_0_1,0.23844884488448845,0.9900990099009901,0.28484848484848485,1.0
9,Family,10,35,0_0_1,0.2376237623762376,0.9752475247524752,0.29343434343434344,0.990909090909091
9,Family,15,35,0_0_1,0.22854785478547854,0.9603960396039604,0.2808080808080808,0.9727272727272728
9,Family,20,35,0_0_1,0.2257975797579758,0.9603960396039604,0.27525252525252525,0.990909090909091
9,Family,25,35,0_0_1,0.23377337733773376,0.9603960396039604,0.2883838383838384,0.990909090909091
9,Family,5,35,0_1_0,0.23514851485148514,0.9257425742574258,0.295959595959596,0.9818181818181818
9,Family,10,35,0_1_0,0.2257975797579758,0.9257425742574258,0.2878787878787879,0.990909090909091
9,Family,15,35,0_1_0,0.2301980198019802,0.9306930693069306,0.28888888888888886,0.990909090909091
9,Family,20,35,0_1_0,0.2323982398239824,0.9455445544554455,0.2924242424242424,1.0
9,Family,25,35,0_1_0,0.23487348734873487,0.9356435643564356,0.29444444444444445,1.0
9,Family,5,35,1_0_0,0.5294279427942794,1.0,0.5111111111111111,1.0
9,Family,10,35,1_0_0,0.5497799779977998,1.0,0.5313131313131313,1.0
9,Family,15,35,1_0_0,0.5522552255225522,1.0,0.5388888888888889,1.0
9,Family,20,35,1_0_0,0.5561056105610561,1.0,0.5373737373737374,1.0
9,Family,25,35,1_0_0,0.5563806380638063,1.0,0.5323232323232323,1.0
9,Family,5,35,1_1_1,0.46947194719471946,1.0,0.4818181818181818,1.0
9,Family,10,35,1_1_1,0.4628712871287129,1.0,0.4797979797979798,1.0
9,Family,15,35,1_1_1,0.466996699669967,1.0,0.48282828282828283,1.0
9,Family,20,35,1_1_1,0.4614961496149615,1.0,0.48383838383838385,1.0
9,Family,25,35,1_1_1,0.4471947194719472,1.0,0.4631313131313131,1.0
9,Family,5,40,0_0_0,0.3465346534653465,1.0,0.39439853076216713,1.0
9,Family,10,40,0_0_0,0.34735973597359737,1.0,0.39623507805325986,1.0
9,Family,15,40,0_0_0,0.3534103410341034,1.0,0.39944903581267216,1.0
9,Family,20,40,0_0_0,0.3542354235423542,1.0,0.4003673094582185,1.0
9,Family,25,40,0_0_0,0.35286028602860287,1.0,0.3985307621671258,1.0
9,Family,5,40,0_0_1,0.23954895489548955,0.9356435643564356,0.29201101928374656,1.0
9,Family,10,40,0_0_1,0.22442244224422442,0.9455445544554455,0.2736455463728191,1.0
9,Family,15,40,0_0_1,0.21644664466446645,0.9603960396039604,0.2667584940312213,0.9917355371900827
9,Family,20,40,0_0_1,0.22057205720572057,0.9356435643564356,0.2667584940312213,0.9834710743801653
9,Family,25,40,0_0_1,0.22387238723872388,0.9554455445544554,0.2681359044995409,0.9917355371900827
9,Family,5,40,0_1_0,0.24284928492849284,0.9554455445544554,0.30257116620752983,1.0
9,Family,10,40,0_1_0,0.23954895489548955,0.9455445544554455,0.29614325068870523,1.0
9,Family,15,40,0_1_0,0.24422442244224424,0.9504950495049505,0.3021120293847567,1.0
9,Family,20,40,0_1_0,0.2400990099009901,0.9455445544554455,0.3002754820936639,1.0
9,Family,25,40,0_1_0,0.24284928492849284,0.9554455445544554,0.3002754820936639,1.0
9,Family,5,40,1_0_0,0.6287128712871287,1.0,0.5973370064279155,1.0
9,Family,10,40,1_0_0,0.6353135313531353,1.0,0.6046831955922864,1.0
9,Family,15,40,1_0_0,0.6322882288228823,1.0,0.6037649219467401,1.0
9,Family,20,40,1_0_0,0.6320132013201321,1.0,0.6046831955922864,1.0
9,Family,25,40,1_0_0,0.6380638063806381,1.0,0.6097337006427915,1.0
9,Family,5,40,1_1_1,0.5605060506050605,1.0,0.573921028466483,1.0
9,Family,10,40,1_1_1,0.5728822882288229,1.0,0.5867768595041323,1.0
9,Family,15,40,1_1_1,0.5734323432343235,1.0,0.5844811753902663,1.0
9,Family,20,40,1_1_1,0.5638063806380638,1.0,0.5780532598714417,1.0
9,Family,25,40,1_1_1,0.564906490649065,1.0,0.5831037649219467,1.0
9,Family,5,45,0_0_0,0.35203520352035206,1.0,0.39264828738512947,1.0
9,Family,10,45,0_0_0,0.3534103410341034,1.0,0.39264828738512947,1.0
9,Family,15,45,0_0_0,0.35451045104510454,1.0,0.3943191311612364,1.0
9,Family,20,45,0_0_0,0.3542354235423542,1.0,0.3939014202172097,1.0
9,Family,25,45,0_0_0,0.3547854785478548,1.0,0.3943191311612364,1.0
9,Family,5,45,0_0_1,0.24614961496149615,0.9752475247524752,0.28362573099415206,0.9924812030075187
9,Family,10,45,0_0_1,0.23817381738173818,0.9851485148514851,0.2744360902255639,0.9924812030075187
9,Family,15,45,0_0_1,0.23652365236523654,0.9702970297029703,0.27401837928153716,0.9924812030075187
9,Family,20,45,0_0_1,0.22854785478547854,0.9455445544554455,0.2694235588972431,0.9924812030075187
9,Family,25,45,0_0_1,0.22964796479647964,0.9653465346534653,0.2702589807852966,0.9924812030075187
9,Family,5,45,0_1_0,0.24284928492849284,0.9702970297029703,0.2752715121136174,0.9699248120300752
9,Family,10,45,0_1_0,0.23927392739273928,0.9900990099009901,0.26900584795321636,0.9849624060150376
9,Family,15,45,0_1_0,0.23982398239823982,0.9801980198019802,0.2756892230576441,0.9849624060150376
9,Family,20,45,0_1_0,0.23157315731573158,0.9851485148514851,0.2681704260651629,0.9924812030075187
9,Family,25,45,0_1_0,0.23514851485148514,0.9851485148514851,0.272765246449457,0.9924812030075187
9,Family,5,45,1_0_0,0.5239273927392739,1.0,0.5183792815371763,1.0
9,Family,10,45,1_0_0,0.5288778877887789,1.0,0.5196324143692564,1.0
9,Family,15,45,1_0_0,0.5294279427942794,1.0,0.5258980785296575,1.0
9,Family,20,45,1_0_0,0.5297029702970297,1.0,0.5263157894736842,1.0
9,Family,25,45,1_0_0,0.5233773377337734,1.0,0.5238095238095238,1.0
9,Family,5,45,1_1_1,0.5704070407040704,1.0,0.5722639933166249,1.0
9,Family,10,45,1_1_1,0.5756325632563256,1.0,0.5756056808688388,1.0
9,Family,15,45,1_1_1,0.5913091309130913,1.0,0.5927318295739349,1.0
9,Family,20,45,1_1_1,0.584983498349835,1.0,0.5964912280701754,1.0
9,Family,25,45,1_1_1,0.5863586358635864,1.0,0.5977443609022557,1.0
9,Family,5,50,0_0_0,0.34735973597359737,1.0,0.38808952837729815,1.0
9,Family,10,50,0_0_0,0.3503850385038504,1.0,0.39248601119104715,1.0
9,Family,15,50,0_0_0,0.35533553355335534,1.0,0.39688249400479614,1.0
9,Family,20,50,0_0_0,0.3550605060506051,1.0,0.39728217426059154,1.0
9,Family,25,50,0_0_0,0.35286028602860287,1.0,0.39408473221422863,1.0
9,Family,5,50,0_0_1,0.24614961496149615,0.9554455445544554,0.2897681854516387,1.0
9,Family,10,50,0_0_1,0.2477997799779978,0.9603960396039604,0.29216626698641085,1.0
9,Family,15,50,0_0_1,0.23212321232123212,0.9405940594059405,0.2773780975219824,1.0
9,Family,20,50,0_0_1,0.23432343234323433,0.9504950495049505,0.2789768185451639,1.0
9,Family,25,50,0_0_1,0.22744774477447743,0.9405940594059405,0.2733812949640288,1.0
9,Family,5,50,0_1_0,0.26595159515951594,0.9603960396039604,0.3181454836131095,1.0
9,Family,10,50,0_1_0,0.27447744774477445,0.9702970297029703,0.32533972821742607,1.0
9,Family,15,50,0_1_0,0.27117711771177117,0.9603960396039604,0.32014388489208634,1.0
9,Family,20,50,0_1_0,0.2692519251925192,0.9455445544554455,0.3181454836131095,1.0
9,Family,25,50,0_1_0,0.2621012101210121,0.9455445544554455,0.31254996003197444,1.0
9,Family,5,50,1_0_0,0.6212871287128713,1.0,0.6119104716227018,1.0
9,Family,10,50,1_0_0,0.6218371837183718,1.0,0.6119104716227018,1.0
9,Family,15,50,1_0_0,0.6303630363036303,1.0,0.6195043964828137,1.0
9,Family,20,50,1_0_0,0.6300880088008801,1.0,0.6171063149480416,1.0
9,Family,25,50,1_0_0,0.6303630363036303,1.0,0.6203037569944044,1.0
9,Family,5,50,1_1_1,0.5316281628162817,1.0,0.5539568345323741,1.0
9,Family,10,50,1_1_1,0.5085258525852585,1.0,0.5347721822541966,1.0
9,Family,15,50,1_1_1,0.5071507150715071,1.0,0.5295763389288569,1.0
9,Family,20,50,1_1_1,0.5019251925192519,1.0,0.5255795363709033,1.0
9,Family,25,50,1_1_1,0.5165016501650165,1.0,0.5411670663469225,1.0
9,Family,5,55,0_0_0,0.3558855885588559,1.0,0.39321789321789324,1.0
9,Family,10,55,0_0_0,0.35616061606160615,1.0,0.39321789321789324,1.0
9,Family,15,55,0_0_0,0.3547854785478548,1.0,0.3924963924963925,1.0
9,Family,20,55,0_0_0,0.3550605060506051,1.0,0.3921356421356421,1.0
9,Family,25,55,0_0_0,0.3564356435643564,1.0,0.39321789321789324,1.0
9,Family,5,55,0_0_1,0.25715071507150716,0.9356435643564356,0.2958152958152958,0.9805194805194806
9,Family,10,55,0_0_1,0.264026402640264,0.9603960396039604,0.29978354978354976,0.987012987012987
9,Family,15,55,0_0_1,0.2599009900990099,0.9653465346534653,0.29834054834054835,0.987012987012987
9,Family,20,55,0_0_1,0.25192519251925194,0.9504950495049505,0.2907647907647908,0.987012987012987
9,Family,25,55,0_0_1,0.26485148514851486,0.9653465346534653,0.30266955266955264,0.9935064935064936
9,Family,5,55,0_1_0,0.27145214521452143,0.9702970297029703,0.3152958152958153,1.0
9,Family,10,55,0_1_0,0.27035203520352036,0.9504950495049505,0.31385281385281383,0.9935064935064936
9,Family,15,55,0_1_0,0.28437843784378436,0.9653465346534653,0.3282828282828283,1.0
9,Family,20,55,0_1_0,0.2786028602860286,0.9702970297029703,0.31962481962481964,1.0
9,Family,25,55,0_1_0,0.2915291529152915,0.9653465346534653,0.33116883116883117,1.0
9,Family,5,55,1_0_0,0.5492299229922992,1.0,0.5443722943722944,1.0
9,Family,10,55,1_0_0,0.5712321232123212,1.0,0.5645743145743146,1.0
9,Family,15,55,1_0_0,0.5528052805280528,1.0,0.5429292929292929,1.0
9,Family,20,55,1_0_0,0.5558305830583058,1.0,0.5505050505050505,1.0
9,Family,25,55,1_0_0,0.5552805280528053,1.0,0.5497835497835498,1.0
9,Family,5,55,1_1_1,0.3910891089108911,1.0,0.4246031746031746,1.0
9,Family,10,55,1_1_1,0.3811881188118812,1.0,0.4163059163059163,1.0
9,Family,15,55,1_1_1,0.3743124312431243,1.0,0.41053391053391053,1.0
9,Family,20,55,1_1_1,0.3743124312431243,1.0,0.40945165945165946,1.0
9,Family,25,55,1_1_1,0.37073707370737075,1.0,0.4033189033189033,1.0
9,Family,5,60,0_0_0,0.34075907590759075,1.0,0.3737997256515775,1.0
9,Family,10,60,0_0_0,0.3435093509350935,1.0,0.3765432098765432,1.0
9,Family,15,60,0_0_0,0.3435093509350935,1.0,0.3762002743484225,1.0
9,Family,20,60,0_0_0,0.34433443344334436,1.0,0.3762002743484225,1.0
9,Family,25,60,0_0_0,0.3481848184818482,1.0,0.37962962962962965,1.0
9,Family,5,60,0_0_1,0.2755775577557756,1.0,0.29835390946502055,1.0
9,Family,10,60,0_0_1,0.27255225522552257,0.995049504950495,0.29286694101508914,0.9938271604938271
9,Family,15,60,0_0_1,0.27585258525852585,0.9702970297029703,0.301440329218107,0.9814814814814815
9,Family,20,60,0_0_1,0.26567656765676567,0.9603960396039604,0.29492455418381347,0.9876543209876543
9,Family,25,60,0_0_1,0.26567656765676567,0.9702970297029703,0.2911522633744856,0.9876543209876543
9,Family,5,60,0_1_0,0.27447744774477445,0.995049504950495,0.2962962962962963,0.9938271604938271
9,Family,10,60,0_1_0,0.2747524752475248,0.995049504950495,0.2959533607681756,0.9938271604938271
9,Family,15,60,0_1_0,0.27145214521452143,0.9900990099009901,0.29492455418381347,0.9938271604938271
9,Family,20,60,0_1_0,0.2676017601760176,0.995049504950495,0.29183813443072704,1.0
9,Family,25,60,0_1_0,0.27117711771177117,0.995049504950495,0.29766803840877915,0.9938271604938271
9,Family,5,60,1_0_0,0.5442794279427943,1.0,0.5384087791495199,1.0
9,Family,10,60,1_0_0,0.556930693069307,1.0,0.5476680384087792,1.0
9,Family,15,60,1_0_0,0.5591309130913091,1.0,0.5510973936899863,1.0
9,Family,20,60,1_0_0,0.5624312431243125,1.0,0.553840877914952,1.0
9,Family,25,60,1_0_0,0.55995599559956,1.0,0.5497256515775034,1.0
9,Family,5,60,1_1_1,0.5635313531353136,1.0,0.5682441700960219,1.0
9,Family,10,60,1_1_1,0.5723322332233224,1.0,0.5689300411522634,1.0
9,Family,15,60,1_1_1,0.5866336633663366,1.0,0.5864197530864198,1.0
9,Family,20,60,1_1_1,0.5926842684268426,1.0,0.5922496570644719,1.0
9,Family,25,60,1_1_1,0.5937843784378438,1.0,0.5953360768175583,1.0
9,Family,5,65,0_0_0,0.35148514851485146,1.0,0.3776455026455027,1.0
9,Family,10,65,0_0_0,0.3525852585258526,0.995049504950495,0.37863756613756616,1.0
9,Family,15,65,0_0_0,0.3536853685368537,1.0,0.37962962962962965,1.0
9,Family,20,65,0_0_0,0.3536853685368537,1.0,0.3792989417989418,1.0
9,Family,25,65,0_0_0,0.3558855885588559,1.0,0.38095238095238093,1.0
9,Family,5,65,0_0_1,0.28740374037403743,1.0,0.31183862433862436,1.0
9,Family,10,65,0_0_1,0.27970297029702973,1.0,0.30224867724867727,1.0
9,Family,15,65,0_0_1,0.28025302530253027,0.9900990099009901,0.3055555555555556,1.0
9,Family,20,65,0_0_1,0.2816281628162816,0.995049504950495,0.3062169312169312,1.0
9,Family,25,65,0_0_1,0.2786028602860286,0.9851485148514851,0.30456349206349204,1.0
9,Family,5,65,0_1_0,0.31298129812981296,1.0,0.33664021164021163,1.0
9,Family,10,65,0_1_0,0.3017051705170517,0.995049504950495,0.3247354497354497,1.0
9,Family,15,65,0_1_0,0.29427942794279427,0.995049504950495,0.31746031746031744,1.0
9,Family,20,65,0_1_0,0.30445544554455445,0.9900990099009901,0.330026455026455,1.0
9,Family,25,65,0_1_0,0.3030803080308031,0.995049504950495,0.32671957671957674,1.0
9,Family,5,65,1_0_0,0.507975797579758,1.0,0.5099206349206349,1.0
9,Family,10,65,1_0_0,0.5033003300330033,1.0,0.5059523809523809,1.0
9,Family,15,65,1_0_0,0.5019251925192519,1.0,0.5026455026455027,1.0
9,Family,20,65,1_0_0,0.5046754675467546,1.0,0.5049603174603174,1.0
9,Family,25,65,1_0_0,0.5,1.0,0.49933862433862436,1.0
9,Family,5,65,1_1_1,0.4383938393839384,1.0,0.4580026455026455,1.0
9,Family,10,65,1_1_1,0.42931793179317934,1.0,0.45171957671957674,1.0
9,Family,15,65,1_1_1,0.42794279427942794,1.0,0.4497354497354497,1.0
9,Family,20,65,1_1_1,0.429042904290429,1.0,0.45072751322751325,1.0
9,Family,25,65,1_1_1,0.4141914191419142,1.0,0.43683862433862436,1.0
9,Family,5,70,0_0_0,0.3501100110011001,1.0,0.3700564971751412,1.0
9,Family,10,70,0_0_0,0.35533553355335534,1.0,0.37445072190834905,1.0
9,Family,15,70,0_0_0,0.3547854785478548,1.0,0.3738229755178908,1.0
9,Family,20,70,0_0_0,0.3547854785478548,1.0,0.3747645951035782,1.0
9,Family,25,70,0_0_0,0.3550605060506051,1.0,0.3747645951035782,1.0
9,Family,5,70,0_0_1,0.30115511551155116,1.0,0.3214061519146265,1.0
9,Family,10,70,0_0_1,0.3118811881188119,0.995049504950495,0.33207784055241685,1.0
9,Family,15,70,0_0_1,0.3096809680968097,0.995049504950495,0.32988072818581293,1.0
9,Family,20,70,0_0_1,0.31435643564356436,0.995049504950495,0.3361581920903955,1.0
9,Family,25,70,0_0_1,0.3140814081408141,0.995049504950495,0.33584431889516636,1.0
9,Family,5,70,0_1_0,0.3063806380638064,1.0,0.3273697426239799,1.0
9,Family,10,70,0_1_0,0.3171067106710671,1.0,0.3389830508474576,1.0
9,Family,15,70,0_1_0,0.3184818481848185,0.995049504950495,0.3386691776522285,1.0
9,Family,20,70,0_1_0,0.3132563256325633,0.9900990099009901,0.33270558694287505,1.0
9,Family,25,70,0_1_0,0.3146314631463146,0.9900990099009901,0.3339610797237916,1.0
9,Family,5,70,1_0_0,0.5574807480748075,1.0,0.5511613308223478,1.0
9,Family,10,70,1_0_0,0.5525302530253026,1.0,0.5464532328939109,1.0
9,Family,15,70,1_0_0,0.55995599559956,1.0,0.5533584431889517,1.0
9,Family,20,70,1_0_0,0.5583058305830583,1.0,0.5514752040175769,1.0
9,Family,25,70,1_0_0,0.5580308030803081,1.0,0.5533584431889517,1.0
9,Family,5,70,1_1_1,0.5132013201320133,1.0,0.5094161958568738,1.0
9,Family,10,70,1_1_1,0.49972497249724973,1.0,0.4965473948524796,1.0
9,Family,15,70,1_1_1,0.48817381738173815,1.0,0.487758945386064,1.0
9,Family,20,70,1_1_1,0.49834983498349833,1.0,0.4934086629001883,1.0
9,Family,25,70,1_1_1,0.5027502750275028,1.0,0.49937225360954174,1.0
10,Family,5,0,0_0_0,0.26485148514851486,0.9504950495049505,,
10,Family,10,0,0_0_0,0.26732673267326734,0.9702970297029703,,
10,Family,15,0,0_0_0,0.27282728272827284,0.9851485148514851,,
10,Family,20,0,0_0_0,0.27282728272827284,0.9554455445544554,,
10,Family,25,0,0_0_0,0.26595159515951594,0.9504950495049505,,
10,Family,5,0,0_0_1,0.1828932893289329,0.9405940594059405,,
10,Family,10,0,0_0_1,0.17656765676567657,0.9108910891089109,,
10,Family,15,0,0_0_1,0.17574257425742573,0.9158415841584159,,
10,Family,20,0,0_0_1,0.18151815181518152,0.9306930693069306,,
10,Family,25,0,0_0_1,0.17684268426842684,0.9108910891089109,,
10,Family,5,0,0_1_0,0.1817931793179318,0.9653465346534653,,
10,Family,10,0,0_1_0,0.17794279427942794,0.9801980198019802,,
10,Family,15,0,0_1_0,0.1694169416941694,0.9504950495049505,,
10,Family,20,0,0_1_0,0.18619361936193618,0.9851485148514851,,
10,Family,25,0,0_1_0,0.17959295929592958,0.9752475247524752,,
10,Family,5,0,1_0_0,0.44966996699669964,1.0,,
10,Family,10,0,1_0_0,0.45792079207920794,1.0,,
10,Family,15,0,1_0_0,0.4515951595159516,1.0,,
10,Family,20,0,1_0_0,0.44224422442244227,1.0,,
10,Family,25,0,1_0_0,0.45737073707370735,1.0,,
10,Family,5,0,1_1_1,0.6581408140814081,1.0,,
10,Family,10,0,1_1_1,0.6683168316831684,1.0,,
10,Family,15,0,1_1_1,0.6611661166116611,1.0,,
10,Family,20,0,1_1_1,0.672992299229923,1.0,,
10,Family,25,0,1_1_1,0.6644664466446645,1.0,,
10,Family,5,5,0_0_0,0.27145214521452143,0.9603960396039604,0.35185185185185186,1.0
10,Family,10,5,0_0_0,0.26732673267326734,0.9554455445544554,0.3287037037037037,1.0
10,Family,15,5,0_0_0,0.27447744774477445,0.9653465346534653,0.3402777777777778,1.0
10,Family,20,5,0_0_0,0.2676017601760176,0.9504950495049505,0.3333333333333333,1.0
10,Family,25,5,0_0_0,0.27365236523652364,0.9702970297029703,0.33796296296296297,1.0
10,Family,5,5,0_0_1,0.18344334433443343,0.9257425742574258,0.19675925925925927,0.9583333333333334
10,Family,10,5,0_0_1,0.17546754675467546,0.905940594059406,0.19212962962962962,0.9583333333333334
10,Family,15,5,0_0_1,0.1751925192519252,0.9108910891089109,0.19444444444444445,0.9583333333333334
10,Family,20,5,0_0_1,0.17216721672167218,0.900990099009901,0.19907407407407407,0.9583333333333334
10,Family,25,5,0_0_1,0.1773927392739274,0.9158415841584159,0.20601851851851852,0.9583333333333334
10,Family,5,5,0_1_0,0.2070957095709571,0.9851485148514851,0.21064814814814814,1.0
10,Family,10,5,0_1_0,0.20929592959295928,0.9801980198019802,0.23842592592592593,1.0
10,Family,15,5,0_1_0,0.2048954895489549,0.9653465346534653,0.23842592592592593,0.9583333333333334
10,Family,20,5,0_1_0,0.2004950495049505,0.9554455445544554,0.23842592592592593,0.9583333333333334
10,Family,25,5,0_1_0,0.19416941694169418,0.9504950495049505,0.23842592592592593,1.0
10,Family,5,5,1_0_0,0.5121012101210121,1.0,0.48148148148148145,1.0
10,Family,10,5,1_0_0,0.5126512651265126,1.0,0.5023148148148148,1.0
10,Family,15,5,1_0_0,0.5104510451045104,1.0,0.4722222222222222,1.0
10,Family,20,5,1_0_0,0.5129262926292629,1.0,0.49074074074074076,1.0
10,Family,25,5,1_0_0,0.5192519251925193,1.0,0.49537037037037035,1.0
10,Family,5,5,1_1_1,0.43234323432343236,1.0,0.4722222222222222,1.0
10,Family,10,5,1_1_1,0.40786578657865785,1.0,0.4444444444444444,1.0
10,Family,15,5,1_1_1,0.41804180418041803,1.0,0.4513888888888889,1.0
10,Family,20,5,1_1_1,0.41914191419141916,1.0,0.4513888888888889,1.0
10,Family,25,5,1_1_1,0.4144664466446645,1.0,0.4513888888888889,1.0
10,Family,5,10,0_0_0,0.2761276127612761,0.9554455445544554,0.3309692671394799,1.0
10,Family,10,10,0_0_0,0.2841034103410341,0.9801980198019802,0.3392434988179669,1.0
10,Family,15,10,0_0_0,0.29207920792079206,0.9851485148514851,0.34988179669030733,1.0
10,Family,20,10,0_0_0,0.28272827282728275,0.9702970297029703,0.33451536643026003,1.0
10,Family,25,10,0_0_0,0.28685368536853684,0.9801980198019802,0.3416075650118203,1.0
10,Family,5,10,0_0_1,0.21287128712871287,0.9752475247524752,0.24468085106382978,1.0
10,Family,10,10,0_0_1,0.19389438943894388,0.9306930693069306,0.23049645390070922,1.0
10,Family,15,10,0_0_1,0.20187018701870188,0.9653465346534653,0.23167848699763594,1.0
10,Family,20,10,0_0_1,0.19966996699669967,0.9801980198019802,0.2222222222222222,1.0
10,Family,25,10,0_0_1,0.19114411441144114,0.9702970297029703,0.2222222222222222,1.0
10,Family,5,10,0_1_0,0.21287128712871287,0.9653465346534653,0.24349881796690306,1.0
10,Family,10,10,0_1_0,0.19856985698569857,0.9504950495049505,0.2281323877068558,1.0
10,Family,15,10,0_1_0,0.19636963696369636,0.9504950495049505,0.23404255319148937,1.0
10,Family,20,10,0_1_0,0.19086908690869087,0.9455445544554455,0.22458628841607564,1.0
10,Family,25,10,0_1_0,0.19801980198019803,0.9702970297029703,0.23286052009456265,1.0
10,Family,5,10,1_0_0,0.5442794279427943,1.0,0.5094562647754137,1.0
10,Family,10,10,1_0_0,0.5481298129812981,1.0,0.5236406619385343,1.0
10,Family,15,10,1_0_0,0.5613311331133113,1.0,0.557919621749409,1.0
10,Family,20,10,1_0_0,0.5574807480748075,1.0,0.5520094562647754,1.0
10,Family,25,10,1_0_0,0.5610561056105611,1.0,0.5614657210401891,1.0
10,Family,5,10,1_1_1,0.6749174917491749,1.0,0.6891252955082743,1.0
10,Family,10,10,1_1_1,0.7134213421342134,1.0,0.7494089834515366,1.0
10,Family,15,10,1_1_1,0.7120462046204621,1.0,0.7446808510638298,1.0
10,Family,20,10,1_1_1,0.6922442244224423,1.0,0.7174940898345153,1.0
10,Family,25,10,1_1_1,0.7043454345434543,1.0,0.7293144208037825,1.0
10,Family,5,15,0_0_0,0.32233223322332233,0.995049504950495,0.3606403013182674,1.0
10,Family,10,15,0_0_0,0.33443344334433445,1.0,0.3766478342749529,1.0
10,Family,15,15,0_0_0,0.3363586358635864,1.0,0.3785310734463277,1.0
10,Family,20,15,0_0_0,0.338008800880088,1.0,0.3775894538606403,1.0
10,Family,25,15,0_0_0,0.32893289328932895,1.0,0.3691148775894539,1.0
10,Family,5,15,0_0_1,0.18976897689768976,0.9455445544554455,0.22128060263653485,0.9661016949152542
10,Family,10,15,0_0_1,0.18921892189218922,0.9158415841584159,0.2278719397363465,0.9661016949152542
10,Family,15,15,0_0_1,0.1925192519251925,0.9405940594059405,0.2278719397363465,0.9830508474576272
10,Family,20,15,0_0_1,0.19086908690869087,0.9158415841584159,0.23258003766478344,0.9830508474576272
10,Family,25,15,0_0_1,0.1894939493949395,0.9108910891089109,0.23163841807909605,1.0
10,Family,5,15,0_1_0,0.21699669966996699,0.9801980198019802,0.263653483992467,1.0
10,Family,10,15,0_1_0,0.20737073707370737,0.9702970297029703,0.24764595103578155,1.0
10,Family,15,15,0_1_0,0.21204620462046206,0.9702970297029703,0.256120527306968,0.9830508474576272
10,Family,20,15,0_1_0,0.22057205720572057,0.9801980198019802,0.2664783427495292,1.0
10,Family,25,15,0_1_0,0.20297029702970298,0.9603960396039604,0.24858757062146894,1.0
10,Family,5,15,1_0_0,0.6199119911991199,1.0,0.571563088512241,1.0
10,Family,10,15,1_0_0,0.6328382838283828,1.0,0.591337099811676,1.0
10,Family,15,15,1_0_0,0.6193619361936193,1.0,0.5809792843691148,1.0
10,Family,20,15,1_0_0,0.6298129812981298,1.0,0.5903954802259888,1.0
10,Family,25,15,1_0_0,0.6333883388338833,1.0,0.5894538606403014,1.0
10,Family,5,15,1_1_1,0.5781078107810781,1.0,0.5781544256120528,1.0
10,Family,10,15,1_1_1,0.5954345434543454,1.0,0.5847457627118644,1.0
10,Family,15,15,1_1_1,0.592959295929593,1.0,0.5819209039548022,1.0
10,Family,20,15,1_1_1,0.5814081408140814,1.0,0.5753295668549906,1.0
10,Family,25,15,1_1_1,0.5877337733773378,1.0,0.5800376647834274,1.0
10,Family,5,20,0_0_0,0.33608360836083606,0.995049504950495,0.37762762762762764,1.0
10,Family,10,20,0_0_0,0.34075907590759075,1.0,0.3791291291291291,1.0
10,Family,15,20,0_0_0,0.3424092409240924,1.0,0.3858858858858859,1.0
10,Family,20,20,0_0_0,0.34625962596259624,1.0,0.38963963963963966,1.0
10,Family,25,20,0_0_0,0.3371837183718372,0.995049504950495,0.3791291291291291,1.0
10,Family,5,20,0_0_1,0.20544554455445543,0.905940594059406,0.25975975975975973,0.9864864864864865
10,Family,10,20,0_0_1,0.20077007700770078,0.9207920792079208,0.256006006006006,1.0
10,Family,15,20,0_0_1,0.19416941694169418,0.8960396039603961,0.2424924924924925,0.9864864864864865
10,Family,20,20,0_0_1,0.19196919691969197,0.8910891089108911,0.24474474474474475,0.972972972972973
10,Family,25,20,0_0_1,0.1905940594059406,0.9158415841584159,0.24324324324324326,0.9864864864864865
10,Family,5,20,0_1_0,0.1927942794279428,0.9207920792079208,0.25225225225225223,1.0
10,Family,10,20,0_1_0,0.1828932893289329,0.905940594059406,0.24624624624624625,1.0
10,Family,15,20,0_1_0,0.18206820682068206,0.9158415841584159,0.246996996996997,0.972972972972973
10,Family,20,20,0_1_0,0.18316831683168316,0.905940594059406,0.243993993993994,0.972972972972973
10,Family,25,20,0_1_0,0.18646864686468648,0.9207920792079208,0.24774774774774774,0.9864864864864865
10,Family,5,20,1_0_0,0.6342134213421342,1.0,0.6021021021021021,1.0
10,Family,10,20,1_0_0,0.6309130913091309,1.0,0.5930930930930931,1.0
10,Family,15,20,1_0_0,0.6325632563256326,1.0,0.5960960960960962,1.0
10,Family,20,20,1_0_0,0.6388888888888888,1.0,0.6051051051051051,1.0
10,Family,25,20,1_0_0,0.6402640264026402,1.0,0.6073573573573574,1.0
10,Family,5,20,1_1_1,0.4458195819581958,1.0,0.481981981981982,1.0
10,Family,10,20,1_1_1,0.444994499449945,1.0,0.4617117117117117,1.0
10,Family,15,20,1_1_1,0.43096809680968096,1.0,0.43993993993993996,1.0
10,Family,20,20,1_1_1,0.4381188118811881,1.0,0.4436936936936937,1.0
10,Family,25,20,1_1_1,0.4430693069306931,1.0,0.44069069069069067,1.0
10,Family,5,25,0_0_0,0.35533553355335534,1.0,0.40343915343915343,1.0
10,Family,10,25,0_0_0,0.3550605060506051,1.0,0.4027777777777778,1.0
10,Family,15,25,0_0_0,0.35533553355335534,1.0,0.4027777777777778,1.0
10,Family,20,25,0_0_0,0.3564356435643564,1.0,0.40343915343915343,1.0
10,Family,25,25,0_0_0,0.3564356435643564,1.0,0.40343915343915343,1.0
10,Family,5,25,0_0_1,0.2026952695269527,0.9405940594059405,0.2533068783068783,0.9880952380952381
10,Family,10,25,0_0_1,0.19004400440044003,0.9257425742574258,0.24404761904761904,0.9880952380952381
10,Family,15,25,0_0_1,0.19224422442244224,0.9356435643564356,0.24404761904761904,1.0
10,Family,20,25,0_0_1,0.18729372937293728,0.9108910891089109,0.2400793650793651,1.0
10,Family,25,25,0_0_1,0.18371837183718373,0.9158415841584159,0.23214285714285715,1.0
10,Family,5,25,0_1_0,0.205995599559956,0.9455445544554455,0.2638888888888889,0.9880952380952381
10,Family,10,25,0_1_0,0.19581958195819582,0.9158415841584159,0.25462962962962965,1.0
10,Family,15,25,0_1_0,0.1925192519251925,0.9108910891089109,0.24404761904761904,0.9880952380952381
10,Family,20,25,0_1_0,0.19031903190319033,0.8910891089108911,0.24801587301587302,0.9761904761904762
10,Family,25,25,0_1_0,0.20077007700770078,0.8960396039603961,0.2605820105820106,0.9761904761904762
10,Family,5,25,1_0_0,0.5533553355335533,1.0,0.5496031746031746,1.0
10,Family,10,25,1_0_0,0.5624312431243125,1.0,0.5595238095238095,1.0
10,Family,15,25,1_0_0,0.5643564356435643,1.0,0.5542328042328042,1.0
10,Family,20,25,1_0_0,0.562981298129813,1.0,0.5641534391534392,1.0
10,Family,25,25,1_0_0,0.5668316831683168,1.0,0.5667989417989417,1.0
10,Family,5,25,1_1_1,0.4141914191419142,1.0,0.42592592592592593,1.0
10,Family,10,25,1_1_1,0.4097909790979098,1.0,0.421957671957672,1.0
10,Family,15,25,1_1_1,0.41171617161716173,1.0,0.42592592592592593,1.0
10,Family,20,25,1_1_1,0.41006600660066006,1.0,0.42923280423280424,1.0
10,Family,25,25,1_1_1,0.4152915291529153,1.0,0.4312169312169312,1.0
10,Family,5,30,0_0_0,0.35451045104510454,1.0,0.40034364261168387,1.0
10,Family,10,30,0_0_0,0.3564356435643564,1.0,0.4020618556701031,1.0
10,Family,15,30,0_0_0,0.3564356435643564,1.0,0.4020618556701031,1.0
10,Family,20,30,0_0_0,0.3564356435643564,1.0,0.4020618556701031,1.0
10,Family,25,30,0_0_0,0.3564356435643564,1.0,0.4020618556701031,1.0
10,Family,5,30,0_0_1,0.22387238723872388,0.9702970297029703,0.27376861397479957,0.9896907216494846
10,Family,10,30,0_0_1,0.2246974697469747,0.9752475247524752,0.27720504009163804,0.9896907216494846
10,Family,15,30,0_0_1,0.2191969196919692,0.9752475247524752,0.27033218785796104,0.979381443298969
10,Family,20,30,0_0_1,0.2180968096809681,0.9653465346534653,0.27033218785796104,0.9896907216494846
10,Family,25,30,0_0_1,0.21754675467546755,0.9653465346534653,0.27376861397479957,0.9896907216494846
10,Family,5,30,0_1_0,0.22662266226622663,0.9554455445544554,0.27033218785796104,0.9896907216494846
10,Family,10,30,0_1_0,0.21314631463146314,0.9603960396039604,0.24513172966781213,0.9896907216494846
10,Family,15,30,0_1_0,0.20737073707370737,0.9455445544554455,0.24742268041237114,0.979381443298969
10,Family,20,30,0_1_0,0.20214521452145215,0.9356435643564356,0.2479954180985109,0.979381443298969
10,Family,25,30,0_1_0,0.2103960396039604,0.9554455445544554,0.25372279495990835,0.9896907216494846
10,Family,5,30,1_0_0,0.5737073707370737,1.0,0.5446735395189003,1.0
10,Family,10,30,1_0_0,0.5668316831683168,1.0,0.5406643757159221,1.0
10,Family,15,30,1_0_0,0.5761826182618262,1.0,0.5475372279495991,1.0
10,Family,20,30,1_0_0,0.5717821782178217,1.0,0.5504009163802979,1.0
10,Family,25,30,1_0_0,0.5805830583058306,1.0,0.5561282932416953,1.0
10,Family,5,30,1_1_1,0.5016501650165016,1.0,0.5171821305841925,1.0
10,Family,10,30,1_1_1,0.5055005500550055,1.0,0.5303550973654066,1.0
10,Family,15,30,1_1_1,0.5178767876787679,1.0,0.5412371134020618,1.0
10,Family,20,30,1_1_1,0.5104510451045104,1.0,0.5378006872852233,1.0
10,Family,25,30,1_1_1,0.5068756875687569,1.0,0.5257731958762887,1.0
10,Family,5,35,0_0_0,0.3564356435643564,1.0,0.403030303030303,1.0
10,Family,10,35,0_0_0,0.3564356435643564,1.0,0.403030303030303,1.0
10,Family,15,35,0_0_0,0.3564356435643564,1.0,0.403030303030303,1.0
10,Family,20,35,0_0_0,0.3564356435643564,1.0,0.403030303030303,1.0
10,Family,25,35,0_0_0,0.3564356435643564,1.0,0.403030303030303,1.0
10,Family,5,35,0_0_1,0.23844884488448845,0.9900990099009901,0.28484848484848485,1.0
10,Family,10,35,0_0_1,0.2376237623762376,0.9752475247524752,0.29343434343434344,0.990909090909091
10,Family,15,35,0_0_1,0.22854785478547854,0.9603960396039604,0.2808080808080808,0.9727272727272728
10,Family,20,35,0_0_1,0.2257975797579758,0.9603960396039604,0.27525252525252525,0.990909090909091
10,Family,25,35,0_0_1,0.23377337733773376,0.9603960396039604,0.2883838383838384,0.990909090909091
10,Family,5,35,0_1_0,0.23514851485148514,0.9257425742574258,0.295959595959596,0.9818181818181818
10,Family,10,35,0_1_0,0.2257975797579758,0.9257425742574258,0.2878787878787879,0.990909090909091
10,Family,15,35,0_1_0,0.2301980198019802,0.9306930693069306,0.28888888888888886,0.990909090909091
10,Family,20,35,0_1_0,0.2323982398239824,0.9455445544554455,0.2924242424242424,1.0
10,Family,25,35,0_1_0,0.23487348734873487,0.9356435643564356,0.29444444444444445,1.0
10,Family,5,35,1_0_0,0.5294279427942794,1.0,0.5111111111111111,1.0
10,Family,10,35,1_0_0,0.5497799779977998,1.0,0.5313131313131313,1.0
10,Family,15,35,1_0_0,0.5522552255225522,1.0,0.5388888888888889,1.0
10,Family,20,35,1_0_0,0.5561056105610561,1.0,0.5373737373737374,1.0
10,Family,25,35,1_0_0,0.5563806380638063,1.0,0.5323232323232323,1.0
10,Family,5,35,1_1_1,0.46947194719471946,1.0,0.4818181818181818,1.0
10,Family,10,35,1_1_1,0.4628712871287129,1.0,0.4797979797979798,1.0
10,Family,15,35,1_1_1,0.466996699669967,1.0,0.48282828282828283,1.0
10,Family,20,35,1_1_1,0.4614961496149615,1.0,0.48383838383838385,1.0
10,Family,25,35,1_1_1,0.4471947194719472,1.0,0.4631313131313131,1.0
10,Family,5,40,0_0_0,0.3465346534653465,1.0,0.39439853076216713,1.0
10,Family,10,40,0_0_0,0.34735973597359737,1.0,0.39623507805325986,1.0
10,Family,15,40,0_0_0,0.3534103410341034,1.0,0.39944903581267216,1.0
10,Family,20,40,0_0_0,0.3542354235423542,1.0,0.4003673094582185,1.0
10,Family,25,40,0_0_0,0.35286028602860287,1.0,0.3985307621671258,1.0
10,Family,5,40,0_0_1,0.23954895489548955,0.9356435643564356,0.29201101928374656,1.0
10,Family,10,40,0_0_1,0.22442244224422442,0.9455445544554455,0.2736455463728191,1.0
10,Family,15,40,0_0_1,0.21644664466446645,0.9603960396039604,0.2667584940312213,0.9917355371900827
10,Family,20,40,0_0_1,0.22057205720572057,0.9356435643564356,0.2667584940312213,0.9834710743801653
10,Family,25,40,0_0_1,0.22387238723872388,0.9554455445544554,0.2681359044995409,0.9917355371900827
10,Family,5,40,0_1_0,0.24284928492849284,0.9554455445544554,0.30257116620752983,1.0
10,Family,10,40,0_1_0,0.23954895489548955,0.9455445544554455,0.29614325068870523,1.0
10,Family,15,40,0_1_0,0.24422442244224424,0.9504950495049505,0.3021120293847567,1.0
10,Family,20,40,0_1_0,0.2400990099009901,0.9455445544554455,0.3002754820936639,1.0
10,Family,25,40,0_1_0,0.24284928492849284,0.9554455445544554,0.3002754820936639,1.0
10,Family,5,40,1_0_0,0.6287128712871287,1.0,0.5973370064279155,1.0
10,Family,10,40,1_0_0,0.6353135313531353,1.0,0.6046831955922864,1.0
10,Family,15,40,1_0_0,0.6322882288228823,1.0,0.6037649219467401,1.0
10,Family,20,40,1_0_0,0.6320132013201321,1.0,0.6046831955922864,1.0
10,Family,25,40,1_0_0,0.6380638063806381,1.0,0.6097337006427915,1.0
10,Family,5,40,1_1_1,0.5605060506050605,1.0,0.573921028466483,1.0
10,Family,10,40,1_1_1,0.5728822882288229,1.0,0.5867768595041323,1.0
10,Family,15,40,1_1_1,0.5734323432343235,1.0,0.5844811753902663,1.0
10,Family,20,40,1_1_1,0.5638063806380638,1.0,0.5780532598714417,1.0
10,Family,25,40,1_1_1,0.564906490649065,1.0,0.5831037649219467,1.0
10,Family,5,45,0_0_0,0.35203520352035206,1.0,0.39264828738512947,1.0
10,Family,10,45,0_0_0,0.3534103410341034,1.0,0.39264828738512947,1.0
10,Family,15,45,0_0_0,0.35451045104510454,1.0,0.3943191311612364,1.0
10,Family,20,45,0_0_0,0.3542354235423542,1.0,0.3939014202172097,1.0
10,Family,25,45,0_0_0,0.3547854785478548,1.0,0.3943191311612364,1.0
10,Family,5,45,0_0_1,0.24614961496149615,0.9752475247524752,0.28362573099415206,0.9924812030075187
10,Family,10,45,0_0_1,0.23817381738173818,0.9851485148514851,0.2744360902255639,0.9924812030075187
10,Family,15,45,0_0_1,0.23652365236523654,0.9702970297029703,0.27401837928153716,0.9924812030075187
10,Family,20,45,0_0_1,0.22854785478547854,0.9455445544554455,0.2694235588972431,0.9924812030075187
10,Family,25,45,0_0_1,0.22964796479647964,0.9653465346534653,0.2702589807852966,0.9924812030075187
10,Family,5,45,0_1_0,0.24284928492849284,0.9702970297029703,0.2752715121136174,0.9699248120300752
10,Family,10,45,0_1_0,0.23927392739273928,0.9900990099009901,0.26900584795321636,0.9849624060150376
10,Family,15,45,0_1_0,0.23982398239823982,0.9801980198019802,0.2756892230576441,0.9849624060150376
10,Family,20,45,0_1_0,0.23157315731573158,0.9851485148514851,0.2681704260651629,0.9924812030075187
10,Family,25,45,0_1_0,0.23514851485148514,0.9851485148514851,0.272765246449457,0.9924812030075187
10,Family,5,45,1_0_0,0.5239273927392739,1.0,0.5183792815371763,1.0
10,Family,10,45,1_0_0,0.5288778877887789,1.0,0.5196324143692564,1.0
10,Family,15,45,1_0_0,0.5294279427942794,1.0,0.5258980785296575,1.0
10,Family,20,45,1_0_0,0.5297029702970297,1.0,0.5263157894736842,1.0
10,Family,25,45,1_0_0,0.5233773377337734,1.0,0.5238095238095238,1.0
10,Family,5,45,1_1_1,0.5704070407040704,1.0,0.5722639933166249,1.0
10,Family,10,45,1_1_1,0.5756325632563256,1.0,0.5756056808688388,1.0
10,Family,15,45,1_1_1,0.5913091309130913,1.0,0.5927318295739349,1.0
10,Family,20,45,1_1_1,0.584983498349835,1.0,0.5964912280701754,1.0
10,Family,25,45,1_1_1,0.5863586358635864,1.0,0.5977443609022557,1.0
10,Family,5,50,0_0_0,0.34735973597359737,1.0,0.38808952837729815,1.0
10,Family,10,50,0_0_0,0.3503850385038504,1.0,0.39248601119104715,1.0
10,Family,15,50,0_0_0,0.35533553355335534,1.0,0.39688249400479614,1.0
10,Family,20,50,0_0_0,0.3550605060506051,1.0,0.39728217426059154,1.0
10,Family,25,50,0_0_0,0.35286028602860287,1.0,0.39408473221422863,1.0
10,Family,5,50,0_0_1,0.24614961496149615,0.9554455445544554,0.2897681854516387,1.0
10,Family,10,50,0_0_1,0.2477997799779978,0.9603960396039604,0.29216626698641085,1.0
10,Family,15,50,0_0_1,0.23212321232123212,0.9405940594059405,0.2773780975219824,1.0
10,Family,20,50,0_0_1,0.23432343234323433,0.9504950495049505,0.2789768185451639,1.0
10,Family,25,50,0_0_1,0.22744774477447743,0.9405940594059405,0.2733812949640288,1.0
10,Family,5,50,0_1_0,0.26595159515951594,0.9603960396039604,0.3181454836131095,1.0
10,Family,10,50,0_1_0,0.27447744774477445,0.9702970297029703,0.32533972821742607,1.0
10,Family,15,50,0_1_0,0.27117711771177117,0.9603960396039604,0.32014388489208634,1.0
10,Family,20,50,0_1_0,0.2692519251925192,0.9455445544554455,0.3181454836131095,1.0
10,Family,25,50,0_1_0,0.2621012101210121,0.9455445544554455,0.31254996003197444,1.0
10,Family,5,50,1_0_0,0.6212871287128713,1.0,0.6119104716227018,1.0
10,Family,10,50,1_0_0,0.6218371837183718,1.0,0.6119104716227018,1.0
10,Family,15,50,1_0_0,0.6303630363036303,1.0,0.6195043964828137,1.0
10,Family,20,50,1_0_0,0.6300880088008801,1.0,0.6171063149480416,1.0
10,Family,25,50,1_0_0,0.6303630363036303,1.0,0.6203037569944044,1.0
10,Family,5,50,1_1_1,0.5316281628162817,1.0,0.5539568345323741,1.0
10,Family,10,50,1_1_1,0.5085258525852585,1.0,0.5347721822541966,1.0
10,Family,15,50,1_1_1,0.5071507150715071,1.0,0.5295763389288569,1.0
10,Family,20,50,1_1_1,0.5019251925192519,1.0,0.5255795363709033,1.0
10,Family,25,50,1_1_1,0.5165016501650165,1.0,0.5411670663469225,1.0
10,Family,5,55,0_0_0,0.3558855885588559,1.0,0.39321789321789324,1.0
10,Family,10,55,0_0_0,0.35616061606160615,1.0,0.39321789321789324,1.0
10,Family,15,55,0_0_0,0.3547854785478548,1.0,0.3924963924963925,1.0
10,Family,20,55,0_0_0,0.3550605060506051,1.0,0.3921356421356421,1.0
10,Family,25,55,0_0_0,0.3564356435643564,1.0,0.39321789321789324,1.0
10,Family,5,55,0_0_1,0.25715071507150716,0.9356435643564356,0.2958152958152958,0.9805194805194806
10,Family,10,55,0_0_1,0.264026402640264,0.9603960396039604,0.29978354978354976,0.987012987012987
10,Family,15,55,0_0_1,0.2599009900990099,0.9653465346534653,0.29834054834054835,0.987012987012987
10,Family,20,55,0_0_1,0.25192519251925194,0.9504950495049505,0.2907647907647908,0.987012987012987
10,Family,25,55,0_0_1,0.26485148514851486,0.9653465346534653,0.30266955266955264,0.9935064935064936
10,Family,5,55,0_1_0,0.27145214521452143,0.9702970297029703,0.3152958152958153,1.0
10,Family,10,55,0_1_0,0.27035203520352036,0.9504950495049505,0.31385281385281383,0.9935064935064936
10,Family,15,55,0_1_0,0.28437843784378436,0.9653465346534653,0.3282828282828283,1.0
10,Family,20,55,0_1_0,0.2786028602860286,0.9702970297029703,0.31962481962481964,1.0
10,Family,25,55,0_1_0,0.2915291529152915,0.9653465346534653,0.33116883116883117,1.0
10,Family,5,55,1_0_0,0.5492299229922992,1.0,0.5443722943722944,1.0
10,Family,10,55,1_0_0,0.5712321232123212,1.0,0.5645743145743146,1.0
10,Family,15,55,1_0_0,0.5528052805280528,1.0,0.5429292929292929,1.0
10,Family,20,55,1_0_0,0.5558305830583058,1.0,0.5505050505050505,1.0
10,Family,25,55,1_0_0,0.5552805280528053,1.0,0.5497835497835498,1.0
10,Family,5,55,1_1_1,0.3910891089108911,1.0,0.4246031746031746,1.0
10,Family,10,55,1_1_1,0.3811881188118812,1.0,0.4163059163059163,1.0
10,Family,15,55,1_1_1,0.3743124312431243,1.0,0.41053391053391053,1.0
10,Family,20,55,1_1_1,0.3743124312431243,1.0,0.40945165945165946,1.0
10,Family,25,55,1_1_1,0.37073707370737075,1.0,0.4033189033189033,1.0
10,Family,5,60,0_0_0,0.34075907590759075,1.0,0.3737997256515775,1.0
10,Family,10,60,0_0_0,0.3435093509350935,1.0,0.3765432098765432,1.0
10,Family,15,60,0_0_0,0.3435093509350935,1.0,0.3762002743484225,1.0
10,Family,20,60,0_0_0,0.34433443344334436,1.0,0.3762002743484225,1.0
10,Family,25,60,0_0_0,0.3481848184818482,1.0,0.37962962962962965,1.0
10,Family,5,60,0_0_1,0.2755775577557756,1.0,0.29835390946502055,1.0
10,Family,10,60,0_0_1,0.27255225522552257,0.995049504950495,0.29286694101508914,0.9938271604938271
10,Family,15,60,0_0_1,0.27585258525852585,0.9702970297029703,0.301440329218107,0.9814814814814815
10,Family,20,60,0_0_1,0.26567656765676567,0.9603960396039604,0.29492455418381347,0.9876543209876543
10,Family,25,60,0_0_1,0.26567656765676567,0.9702970297029703,0.2911522633744856,0.9876543209876543
10,Family,5,60,0_1_0,0.27447744774477445,0.995049504950495,0.2962962962962963,0.9938271604938271
10,Family,10,60,0_1_0,0.2747524752475248,0.995049504950495,0.2959533607681756,0.9938271604938271
10,Family,15,60,0_1_0,0.27145214521452143,0.9900990099009901,0.29492455418381347,0.9938271604938271
10,Family,20,60,0_1_0,0.2676017601760176,0.995049504950495,0.29183813443072704,1.0
10,Family,25,60,0_1_0,0.27117711771177117,0.995049504950495,0.29766803840877915,0.9938271604938271
10,Family,5,60,1_0_0,0.5442794279427943,1.0,0.5384087791495199,1.0
10,Family,10,60,1_0_0,0.556930693069307,1.0,0.5476680384087792,1.0
10,Family,15,60,1_0_0,0.5591309130913091,1.0,0.5510973936899863,1.0
10,Family,20,60,1_0_0,0.5624312431243125,1.0,0.553840877914952,1.0
10,Family,25,60,1_0_0,0.55995599559956,1.0,0.5497256515775034,1.0
10,Family,5,60,1_1_1,0.5635313531353136,1.0,0.5682441700960219,1.0
10,Family,10,60,1_1_1,0.5723322332233224,1.0,0.5689300411522634,1.0
10,Family,15,60,1_1_1,0.5866336633663366,1.0,0.5864197530864198,1.0
10,Family,20,60,1_1_1,0.5926842684268426,1.0,0.5922496570644719,1.0
10,Family,25,60,1_1_1,0.5937843784378438,1.0,0.5953360768175583,1.0
10,Family,5,65,0_0_0,0.35148514851485146,1.0,0.3776455026455027,1.0
10,Family,10,65,0_0_0,0.3525852585258526,0.995049504950495,0.37863756613756616,1.0
10,Family,15,65,0_0_0,0.3536853685368537,1.0,0.37962962962962965,1.0
10,Family,20,65,0_0_0,0.3536853685368537,1.0,0.3792989417989418,1.0
10,Family,25,65,0_0_0,0.3558855885588559,1.0,0.38095238095238093,1.0
10,Family,5,65,0_0_1,0.28740374037403743,1.0,0.31183862433862436,1.0
10,Family,10,65,0_0_1,0.27970297029702973,1.0,0.30224867724867727,1.0
10,Family,15,65,0_0_1,0.28025302530253027,0.9900990099009901,0.3055555555555556,1.0
10,Family,20,65,0_0_1,0.2816281628162816,0.995049504950495,0.3062169312169312,1.0
10,Family,25,65,0_0_1,0.2786028602860286,0.9851485148514851,0.30456349206349204,1.0
10,Family,5,65,0_1_0,0.31298129812981296,1.0,0.33664021164021163,1.0
10,Family,10,65,0_1_0,0.3017051705170517,0.995049504950495,0.3247354497354497,1.0
10,Family,15,65,0_1_0,0.29427942794279427,0.995049504950495,0.31746031746031744,1.0
10,Family,20,65,0_1_0,0.30445544554455445,0.9900990099009901,0.330026455026455,1.0
10,Family,25,65,0_1_0,0.3030803080308031,0.995049504950495,0.32671957671957674,1.0
10,Family,5,65,1_0_0,0.507975797579758,1.0,0.5099206349206349,1.0
10,Family,10,65,1_0_0,0.5033003300330033,1.0,0.5059523809523809,1.0
10,Family,15,65,1_0_0,0.5019251925192519,1.0,0.5026455026455027,1.0
10,Family,20,65,1_0_0,0.5046754675467546,1.0,0.5049603174603174,1.0
10,Family,25,65,1_0_0,0.5,1.0,0.49933862433862436,1.0
10,Family,5,65,1_1_1,0.4383938393839384,1.0,0.4580026455026455,1.0
10,Family,10,65,1_1_1,0.42931793179317934,1.0,0.45171957671957674,1.0
10,Family,15,65,1_1_1,0.42794279427942794,1.0,0.4497354497354497,1.0
10,Family,20,65,1_1_1,0.429042904290429,1.0,0.45072751322751325,1.0
10,Family,25,65,1_1_1,0.4141914191419142,1.0,0.43683862433862436,1.0
10,Family,5,70,0_0_0,0.3501100110011001,1.0,0.3700564971751412,1.0
10,Family,10,70,0_0_0,0.35533553355335534,1.0,0.37445072190834905,1.0
10,Family,15,70,0_0_0,0.3547854785478548,1.0,0.3738229755178908,1.0
10,Family,20,70,0_0_0,0.3547854785478548,1.0,0.3747645951035782,1.0
10,Family,25,70,0_0_0,0.3550605060506051,1.0,0.3747645951035782,1.0
10,Family,5,70,0_0_1,0.30115511551155116,1.0,0.3214061519146265,1.0
10,Family,10,70,0_0_1,0.3118811881188119,0.995049504950495,0.33207784055241685,1.0
10,Family,15,70,0_0_1,0.3096809680968097,0.995049504950495,0.32988072818581293,1.0
10,Family,20,70,0_0_1,0.31435643564356436,0.995049504950495,0.3361581920903955,1.0
10,Family,25,70,0_0_1,0.3140814081408141,0.995049504950495,0.33584431889516636,1.0
10,Family,5,70,0_1_0,0.3063806380638064,1.0,0.3273697426239799,1.0
10,Family,10,70,0_1_0,0.3171067106710671,1.0,0.3389830508474576,1.0
10,Family,15,70,0_1_0,0.3184818481848185,0.995049504950495,0.3386691776522285,1.0
10,Family,20,70,0_1_0,0.3132563256325633,0.9900990099009901,0.33270558694287505,1.0
10,Family,25,70,0_1_0,0.3146314631463146,0.9900990099009901,0.3339610797237916,1.0
10,Family,5,70,1_0_0,0.5574807480748075,1.0,0.5511613308223478,1.0
10,Family,10,70,1_0_0,0.5525302530253026,1.0,0.5464532328939109,1.0
10,Family,15,70,1_0_0,0.55995599559956,1.0,0.5533584431889517,1.0
10,Family,20,70,1_0_0,0.5583058305830583,1.0,0.5514752040175769,1.0
10,Family,25,70,1_0_0,0.5580308030803081,1.0,0.5533584431889517,1.0
10,Family,5,70,1_1_1,0.5132013201320133,1.0,0.5094161958568738,1.0
10,Family,10,70,1_1_1,0.49972497249724973,1.0,0.4965473948524796,1.0
10,Family,15,70,1_1_1,0.48817381738173815,1.0,0.487758945386064,1.0
10,Family,20,70,1_1_1,0.49834983498349833,1.0,0.4934086629001883,1.0
10,Family,25,70,1_1_1,0.5027502750275028,1.0,0.49937225360954174,1.0
