run,dataset,class_name,removal,pqr,all_data_recall,all_data_f1,all_data_precision,all_data_accuracy,all_data_jaccard,removed_data_recall,removed_data_f1,removed_data_precision,removed_data_accuracy,removed_data_jaccard
0,Family,Brother,0,0_0_0,0.0,0.0,0.0,0.8514851485148515,0.0,,,,,
0,Family,Brother,0,0_0_1,1.0,0.5454545454545454,0.375,0.7524752475247525,0.375,,,,,
0,Family,Brother,0,0_1_0,1.0,0.8823529411764706,0.7894736842105263,0.9603960396039604,0.7894736842105263,,,,,
0,Family,Brother,0,1_0_0,1.0,0.26200873362445415,0.1507537688442211,0.16336633663366337,0.1507537688442211,,,,,
0,Family,Brother,0,1_1_1,0.0,0.0,0.0,0.5148514851485149,0.0,,,,,
0,Family,Brother,5,0_0_0,0.0,0.0,0.0,0.8514851485148515,0.0,0.0,0.0,0.0,0.0,0.0
0,Family,Brother,5,0_0_1,1.0,0.5309734513274337,0.3614457831325301,0.7376237623762376,0.3614457831325301,1.0,1.0,1.0,1.0,1.0
0,Family,Brother,5,0_1_0,0.9666666666666667,0.8787878787878788,0.8055555555555556,0.9603960396039604,0.7837837837837838,0.0,0.0,0.0,0.0,0.0
0,Family,Brother,5,1_0_0,1.0,0.2608695652173913,0.15,0.15841584158415842,0.15,1.0,1.0,1.0,1.0,1.0
0,Family,Brother,5,1_1_1,0.0,0.0,0.0,0.47029702970297027,0.0,0.0,0.0,0.0,0.0,0.0
0,Family,Brother,10,0_0_0,0.0,0.0,0.0,0.8514851485148515,0.0,0.0,0.0,0.0,0.0,0.0
0,Family,Brother,10,0_0_1,1.0,0.5825242718446602,0.410958904109589,0.7871287128712872,0.410958904109589,1.0,1.0,1.0,1.0,1.0
0,Family,Brother,10,0_1_0,0.9666666666666667,0.8529411764705882,0.7631578947368421,0.9504950495049505,0.7435897435897436,0.6666666666666666,0.8,1.0,0.6666666666666666,0.6666666666666666
0,Family,Brother,10,1_0_0,1.0,0.2608695652173913,0.15,0.15841584158415842,0.15,1.0,1.0,1.0,1.0,1.0
0,Family,Brother,10,1_1_1,0.0,0.0,0.0,0.4752475247524752,0.0,0.0,0.0,0.0,0.0,0.0
0,Family,Brother,15,0_0_0,0.0,0.0,0.0,0.8514851485148515,0.0,0.0,0.0,0.0,0.0,0.0
0,Family,Brother,15,0_0_1,1.0,0.5882352941176471,0.4166666666666667,0.7920792079207921,0.4166666666666667,1.0,1.0,1.0,1.0,1.0
0,Family,Brother,15,0_1_0,0.9333333333333333,0.875,0.8235294117647058,0.9603960396039604,0.7777777777777778,0.5,0.6666666666666666,1.0,0.5,0.5
0,Family,Brother,15,1_0_0,1.0,0.2597402597402597,0.14925373134328357,0.15346534653465346,0.14925373134328357,1.0,1.0,1.0,1.0,1.0
0,Family,Brother,15,1_1_1,0.0,0.0,0.0,0.4405940594059406,0.0,0.0,0.0,0.0,0.0,0.0
0,Family,Brother,20,0_0_0,0.0,0.0,0.0,0.8514851485148515,0.0,0.0,0.0,0.0,0.0,0.0
0,Family,Brother,20,0_0_1,0.9666666666666667,0.6236559139784946,0.4603174603174603,0.8267326732673267,0.453125,0.8333333333333334,0.9090909090909091,1.0,0.8333333333333334,0.8333333333333334
0,Family,Brother,20,0_1_0,0.9,0.84375,0.7941176470588235,0.9504950495049505,0.7297297297297297,0.5,0.6666666666666666,1.0,0.5,0.5
0,Family,Brother,20,1_0_0,1.0,0.26785714285714285,0.15463917525773196,0.18811881188118812,0.15463917525773196,1.0,1.0,1.0,1.0,1.0
0,Family,Brother,20,1_1_1,0.0,0.0,0.0,0.5148514851485149,0.0,0.0,0.0,0.0,0.0,0.0
0,Family,Brother,25,0_0_0,0.0,0.0,0.0,0.8514851485148515,0.0,0.0,0.0,0.0,0.0,0.0
0,Family,Brother,25,0_0_1,0.9333333333333333,0.6292134831460674,0.4745762711864407,0.8366336633663366,0.45901639344262296,0.7142857142857143,0.8333333333333334,1.0,0.7142857142857143,0.7142857142857143
0,Family,Brother,25,0_1_0,0.8666666666666667,0.8,0.7428571428571429,0.9356435643564357,0.6666666666666666,0.42857142857142855,0.6,1.0,0.42857142857142855,0.42857142857142855
0,Family,Brother,25,1_0_0,1.0,0.27149321266968324,0.15706806282722513,0.20297029702970298,0.15706806282722513,1.0,1.0,1.0,1.0,1.0
0,Family,Brother,25,1_1_1,0.0,0.0,0.0,0.5198019801980198,0.0,0.0,0.0,0.0,0.0,0.0
0,Family,Brother,30,0_0_0,0.0,0.0,0.0,0.8514851485148515,0.0,0.0,0.0,0.0,0.0,0.0
0,Family,Brother,30,0_0_1,0.9666666666666667,0.6041666666666666,0.4393939393939394,0.8118811881188119,0.43283582089552236,0.8888888888888888,0.9411764705882353,1.0,0.8888888888888888,0.8888888888888888
0,Family,Brother,30,0_1_0,0.8,0.8135593220338984,0.8275862068965517,0.9455445544554455,0.6857142857142857,0.3333333333333333,0.5,1.0,0.3333333333333333,0.3333333333333333
0,Family,Brother,30,1_0_0,1.0,0.2777777777777778,0.16129032258064516,0.22772277227722773,0.16129032258064516,1.0,1.0,1.0,1.0,1.0
0,Family,Brother,30,1_1_1,0.0,0.0,0.0,0.5346534653465347,0.0,0.0,0.0,0.0,0.0,0.0
0,Family,Brother,35,0_0_0,0.0,0.0,0.0,0.8514851485148515,0.0,0.0,0.0,0.0,0.0,0.0
0,Family,Brother,35,0_0_1,0.9666666666666667,0.6041666666666666,0.4393939393939394,0.8118811881188119,0.43283582089552236,0.9,0.9473684210526315,1.0,0.9,0.9
0,Family,Brother,35,0_1_0,0.7666666666666667,0.8070175438596491,0.8518518518518519,0.9455445544554455,0.6764705882352942,0.3,0.46153846153846156,1.0,0.3,0.3
0,Family,Brother,35,1_0_0,1.0,0.2803738317757009,0.16304347826086957,0.2376237623762376,0.16304347826086957,1.0,1.0,1.0,1.0,1.0
0,Family,Brother,35,1_1_1,0.0,0.0,0.0,0.5247524752475248,0.0,0.0,0.0,0.0,0.0,0.0
0,Family,Brother,40,0_0_0,0.0,0.0,0.0,0.8514851485148515,0.0,0.0,0.0,0.0,0.0,0.0
0,Family,Brother,40,0_0_1,0.8333333333333334,0.6172839506172839,0.49019607843137253,0.8465346534653465,0.44642857142857145,0.5833333333333334,0.7368421052631579,1.0,0.5833333333333334,0.5833333333333334
0,Family,Brother,40,0_1_0,0.6666666666666666,0.7407407407407407,0.8333333333333334,0.9306930693069307,0.5882352941176471,0.16666666666666666,0.2857142857142857,1.0,0.16666666666666666,0.16666666666666666
0,Family,Brother,40,1_0_0,1.0,0.28846153846153844,0.16853932584269662,0.26732673267326734,0.16853932584269662,1.0,1.0,1.0,1.0,1.0
0,Family,Brother,40,1_1_1,0.0,0.0,0.0,0.5346534653465347,0.0,0.0,0.0,0.0,0.0,0.0
0,Family,Brother,45,0_0_0,0.0,0.0,0.0,0.8514851485148515,0.0,0.0,0.0,0.0,0.0,0.0
0,Family,Brother,45,0_0_1,0.9666666666666667,0.6590909090909091,0.5,0.8514851485148515,0.4915254237288136,0.9230769230769231,0.96,1.0,0.9230769230769231,0.9230769230769231
0,Family,Brother,45,0_1_0,0.7,0.75,0.8076923076923077,0.9306930693069307,0.6,0.3076923076923077,0.47058823529411764,1.0,0.3076923076923077,0.3076923076923077
0,Family,Brother,45,1_0_0,1.0,0.28708133971291866,0.16759776536312848,0.2623762376237624,0.16759776536312848,1.0,1.0,1.0,1.0,1.0
0,Family,Brother,45,1_1_1,0.0,0.0,0.0,0.5247524752475248,0.0,0.0,0.0,0.0,0.0,0.0
0,Family,Brother,50,0_0_0,0.0,0.0,0.0,0.8514851485148515,0.0,0.0,0.0,0.0,0.0,0.0
0,Family,Brother,50,0_0_1,0.9,0.627906976744186,0.48214285714285715,0.8415841584158416,0.4576271186440678,0.8,0.8888888888888888,1.0,0.8,0.8
0,Family,Brother,50,0_1_0,0.6333333333333333,0.7037037037037037,0.7916666666666666,0.9207920792079208,0.5428571428571428,0.26666666666666666,0.42105263157894735,1.0,0.26666666666666666,0.26666666666666666
0,Family,Brother,50,1_0_0,1.0,0.2898550724637681,0.1694915254237288,0.2722772277227723,0.1694915254237288,1.0,1.0,1.0,1.0,1.0
0,Family,Brother,50,1_1_1,0.0,0.0,0.0,0.5792079207920792,0.0,0.0,0.0,0.0,0.0,0.0
0,Family,Brother,55,0_0_0,0.0,0.0,0.0,0.8514851485148515,0.0,0.0,0.0,0.0,0.0,0.0
0,Family,Brother,55,0_0_1,0.7666666666666667,0.5822784810126582,0.46938775510204084,0.8366336633663366,0.4107142857142857,0.5625,0.72,1.0,0.5625,0.5625
0,Family,Brother,55,0_1_0,0.6,0.6792452830188679,0.782608695652174,0.9158415841584159,0.5142857142857142,0.25,0.4,1.0,0.25,0.25
0,Family,Brother,55,1_0_0,1.0,0.2857142857142857,0.16666666666666666,0.25742574257425743,0.16666666666666666,1.0,1.0,1.0,1.0,1.0
0,Family,Brother,55,1_1_1,0.0,0.0,0.0,0.6039603960396039,0.0,0.0,0.0,0.0,0.0,0.0
0,Family,Brother,60,0_0_0,0.0,0.0,0.0,0.8514851485148515,0.0,0.0,0.0,0.0,0.0,0.0
0,Family,Brother,60,0_0_1,0.7333333333333333,0.5365853658536586,0.4230769230769231,0.8118811881188119,0.36666666666666664,0.5555555555555556,0.7142857142857143,1.0,0.5555555555555556,0.5555555555555556
0,Family,Brother,60,0_1_0,0.6,0.6666666666666666,0.75,0.9108910891089109,0.5,0.3333333333333333,0.5,1.0,0.3333333333333333,0.3333333333333333
0,Family,Brother,60,1_0_0,1.0,0.2898550724637681,0.1694915254237288,0.2722772277227723,0.1694915254237288,1.0,1.0,1.0,1.0,1.0
0,Family,Brother,60,1_1_1,0.0,0.0,0.0,0.6237623762376238,0.0,0.0,0.0,0.0,0.0,0.0
0,Family,Brother,65,0_0_0,0.06666666666666667,0.125,1.0,0.8613861386138614,0.06666666666666667,0.0,0.0,0.0,0.0,0.0
0,Family,Brother,65,0_0_1,0.8333333333333334,0.6578947368421053,0.5434782608695652,0.8712871287128713,0.49019607843137253,0.7368421052631579,0.8484848484848485,1.0,0.7368421052631579,0.7368421052631579
0,Family,Brother,65,0_1_0,0.5333333333333333,0.5925925925925926,0.6666666666666666,0.8910891089108911,0.42105263157894735,0.2631578947368421,0.4166666666666667,1.0,0.2631578947368421,0.2631578947368421
0,Family,Brother,65,1_0_0,1.0,0.26548672566371684,0.15306122448979592,0.1782178217821782,0.15306122448979592,1.0,1.0,1.0,1.0,1.0
0,Family,Brother,65,1_1_1,0.06666666666666667,0.036036036036036036,0.024691358024691357,0.47029702970297027,0.01834862385321101,0.10526315789473684,0.19047619047619047,1.0,0.10526315789473684,0.10526315789473684
0,Family,Brother,70,0_0_0,0.03333333333333333,0.06451612903225806,1.0,0.8564356435643564,0.03333333333333333,0.0,0.0,0.0,0.0,0.0
0,Family,Brother,70,0_0_1,0.6,0.5538461538461539,0.5142857142857142,0.8564356435643564,0.3829787234042553,0.42857142857142855,0.6,1.0,0.42857142857142855,0.42857142857142855
0,Family,Brother,70,0_1_0,0.43333333333333335,0.52,0.65,0.8811881188118812,0.35135135135135137,0.19047619047619047,0.32,1.0,0.19047619047619047,0.19047619047619047
0,Family,Brother,70,1_0_0,1.0,0.2777777777777778,0.16129032258064516,0.22772277227722773,0.16129032258064516,1.0,1.0,1.0,1.0,1.0
0,Family,Brother,70,1_1_1,0.0,0.0,0.0,0.4801980198019802,0.0,0.0,0.0,0.0,0.0,0.0
0,Family,Brother,75,0_0_0,0.03333333333333333,0.06451612903225806,1.0,0.8564356435643564,0.03333333333333333,0.0,0.0,0.0,0.0,0.0
0,Family,Brother,75,0_0_1,0.7,0.6086956521739131,0.5384615384615384,0.8663366336633663,0.4375,0.5909090909090909,0.7428571428571429,1.0,0.5909090909090909,0.5909090909090909
0,Family,Brother,75,0_1_0,0.43333333333333335,0.5416666666666666,0.7222222222222222,0.8910891089108911,0.37142857142857144,0.22727272727272727,0.37037037037037035,1.0,0.22727272727272727,0.22727272727272727
0,Family,Brother,75,1_0_0,1.0,0.2764976958525346,0.16042780748663102,0.22277227722772278,0.16042780748663102,1.0,1.0,1.0,1.0,1.0
0,Family,Brother,75,1_1_1,0.0,0.0,0.0,0.504950495049505,0.0,0.0,0.0,0.0,0.0,0.0
0,Family,Brother,80,0_0_0,0.0,0.0,0.0,0.8514851485148515,0.0,0.0,0.0,0.0,0.0,0.0
0,Family,Brother,80,0_0_1,0.5,0.5172413793103449,0.5357142857142857,0.8613861386138614,0.3488372093023256,0.375,0.5454545454545454,1.0,0.375,0.375
0,Family,Brother,80,0_1_0,0.26666666666666666,0.38095238095238093,0.6666666666666666,0.8712871287128713,0.23529411764705882,0.08333333333333333,0.15384615384615385,1.0,0.08333333333333333,0.08333333333333333
0,Family,Brother,80,1_0_0,1.0,0.2912621359223301,0.17045454545454544,0.27722772277227725,0.17045454545454544,1.0,1.0,1.0,1.0,1.0
0,Family,Brother,80,1_1_1,0.0,0.0,0.0,0.5891089108910891,0.0,0.0,0.0,0.0,0.0,0.0
0,Family,Male,0,0_0_0,0.2692307692307692,0.42424242424242425,1.0,0.6237623762376238,0.2692307692307692,,,,,
0,Family,Male,0,0_0_1,1.0,0.8353413654618473,0.7172413793103448,0.7970297029702971,0.7172413793103448,,,,,
0,Family,Male,0,0_1_0,1.0,0.9765258215962441,0.9541284403669725,0.9752475247524752,0.9541284403669725,,,,,
0,Family,Male,0,1_0_0,1.0,0.6797385620915033,0.5148514851485149,0.5148514851485149,0.5148514851485149,,,,,
0,Family,Male,0,1_1_1,0.16346153846153846,0.16748768472906403,0.1717171717171717,0.16336633663366337,0.0913978494623656,,,,,
0,Family,Male,5,0_0_0,0.18269230769230768,0.3089430894308943,1.0,0.5792079207920792,0.18269230769230768,,,,,
0,Family,Male,5,0_0_1,1.0,0.8421052631578947,0.7272727272727273,0.806930693069307,0.7272727272727273,,,,,
0,Family,Male,5,0_1_0,1.0,1.0,1.0,1.0,1.0,,,,,
0,Family,Male,5,1_0_0,1.0,0.6864686468646864,0.5226130653266332,0.5297029702970297,0.5226130653266332,,,,,
0,Family,Male,5,1_1_1,0.5,0.42276422764227645,0.36619718309859156,0.297029702970297,0.26804123711340205,,,,,
0,Family,Male,10,0_0_0,0.17307692307692307,0.29508196721311475,1.0,0.5742574257425742,0.17307692307692307,0.0,0.0,0.0,0.0,0.0
0,Family,Male,10,0_0_1,0.9903846153846154,0.8547717842323651,0.7518248175182481,0.8267326732673267,0.7463768115942029,1.0,1.0,1.0,1.0,1.0
0,Family,Male,10,0_1_0,0.9807692307692307,0.9807692307692307,0.9807692307692307,0.9801980198019802,0.9622641509433962,0.0,0.0,0.0,0.0,0.0
0,Family,Male,10,1_0_0,1.0,0.6842105263157895,0.52,0.5247524752475248,0.52,1.0,1.0,1.0,1.0,1.0
0,Family,Male,10,1_1_1,0.04807692307692308,0.06711409395973154,0.1111111111111111,0.3118811881188119,0.034722222222222224,0.0,0.0,0.0,0.0,0.0
0,Family,Male,15,0_0_0,0.15384615384615385,0.26666666666666666,1.0,0.5643564356435643,0.15384615384615385,0.0,0.0,0.0,0.0,0.0
0,Family,Male,15,0_0_1,0.9903846153846154,0.8956521739130435,0.8174603174603174,0.8811881188118812,0.8110236220472441,1.0,1.0,1.0,1.0,1.0
0,Family,Male,15,0_1_0,0.9038461538461539,0.9261083743842364,0.9494949494949495,0.9257425742574258,0.8623853211009175,0.0,0.0,0.0,0.0,0.0
0,Family,Male,15,1_0_0,1.0,0.6887417218543046,0.5252525252525253,0.5346534653465347,0.5252525252525253,1.0,1.0,1.0,1.0,1.0
0,Family,Male,15,1_1_1,0.0,0.0,0.0,0.21782178217821782,0.0,0.0,0.0,0.0,0.0,0.0
0,Family,Male,20,0_0_0,0.11538461538461539,0.20689655172413793,1.0,0.5445544554455446,0.11538461538461539,0.0,0.0,0.0,0.0,0.0
0,Family,Male,20,0_0_1,0.9711538461538461,0.9619047619047619,0.9528301886792453,0.9603960396039604,0.926605504587156,1.0,1.0,1.0,1.0,1.0
0,Family,Male,20,0_1_0,0.8557692307692307,0.9222797927461139,1.0,0.9257425742574258,0.8557692307692307,0.0,0.0,0.0,0.0,0.0
0,Family,Male,20,1_0_0,1.0,0.6842105263157895,0.52,0.5247524752475248,0.52,1.0,1.0,1.0,1.0,1.0
0,Family,Male,20,1_1_1,0.125,0.13978494623655913,0.15853658536585366,0.2079207920792079,0.07514450867052024,0.0,0.0,0.0,0.0,0.0
0,Family,Male,25,0_0_0,0.11538461538461539,0.20689655172413793,1.0,0.5445544554455446,0.11538461538461539,0.0,0.0,0.0,0.0,0.0
0,Family,Male,25,0_0_1,0.9807692307692307,0.918918918918919,0.864406779661017,0.9108910891089109,0.85,1.0,1.0,1.0,1.0,1.0
0,Family,Male,25,0_1_0,0.8269230769230769,0.9052631578947369,1.0,0.9108910891089109,0.8269230769230769,0.0,0.0,0.0,0.0,0.0
0,Family,Male,25,1_0_0,1.0,0.7050847457627119,0.5445026178010471,0.5693069306930693,0.5445026178010471,1.0,1.0,1.0,1.0,1.0
0,Family,Male,25,1_1_1,0.028846153846153848,0.03508771929824561,0.04477611940298507,0.18316831683168316,0.017857142857142856,0.0,0.0,0.0,0.0,0.0
0,Family,Male,30,0_0_0,0.11538461538461539,0.20689655172413793,1.0,0.5445544554455446,0.11538461538461539,0.0,0.0,0.0,0.0,0.0
0,Family,Male,30,0_0_1,0.9519230769230769,0.9124423963133641,0.8761061946902655,0.905940594059406,0.8389830508474576,1.0,1.0,1.0,1.0,1.0
0,Family,Male,30,0_1_0,0.8846153846153846,0.934010152284264,0.989247311827957,0.9356435643564357,0.8761904761904762,1.0,1.0,1.0,1.0,1.0
0,Family,Male,30,1_0_0,1.0,0.7003367003367004,0.538860103626943,0.5594059405940595,0.538860103626943,1.0,1.0,1.0,1.0,1.0
0,Family,Male,30,1_1_1,0.0673076923076923,0.07608695652173914,0.0875,0.15841584158415842,0.03954802259887006,0.0,0.0,0.0,0.0,0.0
0,Family,Male,35,0_0_0,0.019230769230769232,0.03773584905660377,1.0,0.49504950495049505,0.019230769230769232,0.0,0.0,0.0,0.0,0.0
0,Family,Male,35,0_0_1,0.9038461538461539,0.9353233830845771,0.9690721649484536,0.9356435643564357,0.8785046728971962,1.0,1.0,1.0,1.0,1.0
0,Family,Male,35,0_1_0,0.8942307692307693,0.8651162790697674,0.8378378378378378,0.8564356435643564,0.7622950819672131,1.0,1.0,1.0,1.0,1.0
0,Family,Male,35,1_0_0,1.0,0.7147766323024055,0.5561497326203209,0.5891089108910891,0.5561497326203209,1.0,1.0,1.0,1.0,1.0
0,Family,Male,35,1_1_1,0.6153846153846154,0.6066350710900474,0.5981308411214953,0.5891089108910891,0.43537414965986393,0.0,0.0,0.0,0.0,0.0
0,Family,Male,40,0_0_0,0.16346153846153846,0.2809917355371901,1.0,0.5693069306930693,0.16346153846153846,0.0,0.0,0.0,0.0,0.0
0,Family,Male,40,0_0_1,0.8557692307692307,0.9175257731958762,0.9888888888888889,0.9207920792079208,0.8476190476190476,1.0,1.0,1.0,1.0,1.0
0,Family,Male,40,0_1_0,0.8173076923076923,0.8762886597938144,0.9444444444444444,0.8811881188118812,0.7798165137614679,0.5,0.6666666666666666,1.0,0.5,0.5
0,Family,Male,40,1_0_0,0.9903846153846154,0.865546218487395,0.7686567164179104,0.8415841584158416,0.762962962962963,1.0,1.0,1.0,1.0,1.0
0,Family,Male,40,1_1_1,0.1346153846153846,0.15555555555555556,0.18421052631578946,0.24752475247524752,0.08433734939759036,1.0,1.0,1.0,1.0,1.0
0,Family,Male,45,0_0_0,0.17307692307692307,0.29508196721311475,1.0,0.5742574257425742,0.17307692307692307,0.0,0.0,0.0,0.0,0.0
0,Family,Male,45,0_0_1,0.7019230769230769,0.8202247191011236,0.9864864864864865,0.8415841584158416,0.6952380952380952,0.6666666666666666,0.8,1.0,0.6666666666666666,0.6666666666666666
0,Family,Male,45,0_1_0,0.75,0.8524590163934426,0.9873417721518988,0.8663366336633663,0.7428571428571429,0.3333333333333333,0.5,1.0,0.3333333333333333,0.3333333333333333
0,Family,Male,45,1_0_0,0.9807692307692307,0.8607594936708861,0.7669172932330827,0.8366336633663366,0.7555555555555555,1.0,1.0,1.0,1.0,1.0
0,Family,Male,45,1_1_1,0.20192307692307693,0.24277456647398843,0.30434782608695654,0.35148514851485146,0.13815789473684212,1.0,1.0,1.0,1.0,1.0
0,Family,Male,50,0_0_0,0.1346153846153846,0.23728813559322035,1.0,0.5544554455445545,0.1346153846153846,0.0,0.0,0.0,0.0,0.0
0,Family,Male,50,0_0_1,0.7596153846153846,0.8404255319148937,0.9404761904761905,0.8514851485148515,0.7247706422018348,0.3333333333333333,0.5,1.0,0.3333333333333333,0.3333333333333333
0,Family,Male,50,0_1_0,0.8653846153846154,0.743801652892562,0.6521739130434783,0.693069306930693,0.5921052631578947,0.3333333333333333,0.5,1.0,0.3333333333333333,0.3333333333333333
0,Family,Male,50,1_0_0,1.0,0.8125,0.6842105263157895,0.7623762376237624,0.6842105263157895,1.0,1.0,1.0,1.0,1.0
0,Family,Male,50,1_1_1,0.41346153846153844,0.44559585492227977,0.48314606741573035,0.47029702970297027,0.2866666666666667,0.6666666666666666,0.8,1.0,0.6666666666666666,0.6666666666666666
0,Family,Male,55,0_0_0,0.3076923076923077,0.47058823529411764,1.0,0.6435643564356436,0.3076923076923077,0.0,0.0,0.0,0.0,0.0
0,Family,Male,55,0_0_1,0.5961538461538461,0.7425149700598802,0.9841269841269841,0.7871287128712872,0.5904761904761905,0.5,0.6666666666666666,1.0,0.5,0.5
0,Family,Male,55,0_1_0,0.8846153846153846,0.8888888888888888,0.8932038834951457,0.8861386138613861,0.8,0.0,0.0,0.0,0.0,0.0
0,Family,Male,55,1_0_0,0.9423076923076923,0.9032258064516129,0.8672566371681416,0.8960396039603961,0.8235294117647058,0.5,0.6666666666666666,1.0,0.5,0.5
0,Family,Male,55,1_1_1,0.09615384615384616,0.14492753623188406,0.29411764705882354,0.4158415841584158,0.078125,0.25,0.4,1.0,0.25,0.25
0,Family,Male,60,0_0_0,0.2403846153846154,0.3875968992248062,1.0,0.6089108910891089,0.2403846153846154,0.0,0.0,0.0,0.0,0.0
0,Family,Male,60,0_0_1,0.6826923076923077,0.7759562841530054,0.8987341772151899,0.7970297029702971,0.6339285714285714,0.6666666666666666,0.8,1.0,0.6666666666666666,0.6666666666666666
0,Family,Male,60,0_1_0,0.8846153846153846,0.8363636363636363,0.7931034482758621,0.8217821782178217,0.71875,0.6666666666666666,0.8,1.0,0.6666666666666666,0.6666666666666666
0,Family,Male,60,1_0_0,0.9807692307692307,0.9855072463768116,0.9902912621359223,0.9851485148514851,0.9714285714285714,0.8333333333333334,0.9090909090909091,1.0,0.8333333333333334,0.8333333333333334
0,Family,Male,60,1_1_1,0.10576923076923077,0.18032786885245902,0.6111111111111112,0.504950495049505,0.0990990990990991,0.16666666666666666,0.2857142857142857,1.0,0.16666666666666666,0.16666666666666666
0,Family,Male,65,0_0_0,0.25,0.4,1.0,0.6138613861386139,0.25,0.0,0.0,0.0,0.0,0.0
0,Family,Male,65,0_0_1,0.75,0.8478260869565217,0.975,0.8613861386138614,0.7358490566037735,0.375,0.5454545454545454,1.0,0.375,0.375
0,Family,Male,65,0_1_0,0.7692307692307693,0.7476635514018691,0.7272727272727273,0.7326732673267327,0.5970149253731343,0.5,0.6666666666666666,1.0,0.5,0.5
0,Family,Male,65,1_0_0,1.0,0.9585253456221198,0.9203539823008849,0.9554455445544554,0.9203539823008849,1.0,1.0,1.0,1.0,1.0
0,Family,Male,65,1_1_1,0.25,0.33766233766233766,0.52,0.49504950495049505,0.203125,0.375,0.5454545454545454,1.0,0.375,0.375
0,Family,Male,70,0_0_0,0.20192307692307693,0.336,1.0,0.5891089108910891,0.20192307692307693,0.0,0.0,0.0,0.0,0.0
0,Family,Male,70,0_0_1,0.6153846153846154,0.7485380116959064,0.9552238805970149,0.7871287128712872,0.5981308411214953,0.2727272727272727,0.42857142857142855,1.0,0.2727272727272727,0.2727272727272727
0,Family,Male,70,0_1_0,0.8076923076923077,0.75,0.7,0.7227722772277227,0.6,0.18181818181818182,0.3076923076923077,1.0,0.18181818181818182,0.18181818181818182
0,Family,Male,70,1_0_0,1.0,0.9585253456221198,0.9203539823008849,0.9554455445544554,0.9203539823008849,1.0,1.0,1.0,1.0,1.0
0,Family,Male,70,1_1_1,0.1346153846153846,0.21705426356589147,0.56,0.5,0.12173913043478261,0.0,0.0,0.0,0.0,0.0
0,Family,Male,75,0_0_0,0.09615384615384616,0.17543859649122806,1.0,0.5346534653465347,0.09615384615384616,0.0,0.0,0.0,0.0,0.0
0,Family,Male,75,0_0_1,0.25,0.4,1.0,0.6138613861386139,0.25,0.0,0.0,0.0,0.0,0.0
0,Family,Male,75,0_1_0,0.25,0.4,1.0,0.6138613861386139,0.25,0.0,0.0,0.0,0.0,0.0
0,Family,Male,75,1_0_0,0.7788461538461539,0.7941176470588235,0.81,0.7920792079207921,0.6585365853658537,0.7692307692307693,0.8695652173913043,1.0,0.7692307692307693,0.7692307692307693
0,Family,Male,75,1_1_1,0.6153846153846154,0.6009389671361502,0.5871559633027523,0.5792079207920792,0.42953020134228187,0.6153846153846154,0.7619047619047619,1.0,0.6153846153846154,0.6153846153846154
0,Family,Male,80,0_0_0,0.038461538461538464,0.07407407407407407,1.0,0.504950495049505,0.038461538461538464,0.0,0.0,0.0,0.0,0.0
0,Family,Male,80,0_0_1,0.40384615384615385,0.5714285714285714,0.9767441860465116,0.6881188118811881,0.4,0.13333333333333333,0.23529411764705882,1.0,0.13333333333333333,0.13333333333333333
0,Family,Male,80,0_1_0,0.4230769230769231,0.5269461077844312,0.6984126984126984,0.6089108910891089,0.35772357723577236,0.0,0.0,0.0,0.0,0.0
0,Family,Male,80,1_0_0,0.9807692307692307,0.8717948717948718,0.7846153846153846,0.8514851485148515,0.7727272727272727,1.0,1.0,1.0,1.0,1.0
0,Family,Male,80,1_1_1,0.9038461538461539,0.7315175097276264,0.6143790849673203,0.6584158415841584,0.5766871165644172,1.0,1.0,1.0,1.0,1.0
0,Family,PersonWithASibling,0,0_0_0,0.0,0.0,0.0,0.6435643564356436,0.0,,,,,
0,Family,PersonWithASibling,0,0_0_1,0.041666666666666664,0.07792207792207792,0.6,0.6485148514851485,0.04054054054054054,,,,,
0,Family,PersonWithASibling,0,0_1_0,0.0,0.0,0.0,0.6435643564356436,0.0,,,,,
0,Family,PersonWithASibling,0,1_0_0,1.0,0.555984555984556,0.3850267379679144,0.4306930693069307,0.3850267379679144,,,,,
0,Family,PersonWithASibling,0,1_1_1,0.20833333333333334,0.2857142857142857,0.45454545454545453,0.6287128712871287,0.16666666666666666,,,,,
0,Family,PersonWithASibling,5,0_0_0,0.0,0.0,0.0,0.6435643564356436,0.0,,,,,
0,Family,PersonWithASibling,5,0_0_1,0.041666666666666664,0.07792207792207792,0.6,0.6485148514851485,0.04054054054054054,,,,,
0,Family,PersonWithASibling,5,0_1_0,0.0,0.0,0.0,0.6435643564356436,0.0,,,,,
0,Family,PersonWithASibling,5,1_0_0,1.0,0.555984555984556,0.3850267379679144,0.4306930693069307,0.3850267379679144,,,,,
0,Family,PersonWithASibling,5,1_1_1,0.20833333333333334,0.2857142857142857,0.45454545454545453,0.6287128712871287,0.16666666666666666,,,,,
0,Family,PersonWithASibling,10,0_0_0,0.0,0.0,0.0,0.6435643564356436,0.0,,,,,
0,Family,PersonWithASibling,10,0_0_1,0.041666666666666664,0.07792207792207792,0.6,0.6485148514851485,0.04054054054054054,,,,,
0,Family,PersonWithASibling,10,0_1_0,0.0,0.0,0.0,0.6435643564356436,0.0,,,,,
0,Family,PersonWithASibling,10,1_0_0,1.0,0.555984555984556,0.3850267379679144,0.4306930693069307,0.3850267379679144,,,,,
0,Family,PersonWithASibling,10,1_1_1,0.20833333333333334,0.2857142857142857,0.45454545454545453,0.6287128712871287,0.16666666666666666,,,,,
0,Family,PersonWithASibling,15,0_0_0,0.0,0.0,0.0,0.6435643564356436,0.0,,,,,
0,Family,PersonWithASibling,15,0_0_1,0.041666666666666664,0.07792207792207792,0.6,0.6485148514851485,0.04054054054054054,,,,,
0,Family,PersonWithASibling,15,0_1_0,0.0,0.0,0.0,0.6435643564356436,0.0,,,,,
0,Family,PersonWithASibling,15,1_0_0,1.0,0.555984555984556,0.3850267379679144,0.4306930693069307,0.3850267379679144,,,,,
0,Family,PersonWithASibling,15,1_1_1,0.20833333333333334,0.2857142857142857,0.45454545454545453,0.6287128712871287,0.16666666666666666,,,,,
0,Family,PersonWithASibling,20,0_0_0,0.0,0.0,0.0,0.6435643564356436,0.0,,,,,
0,Family,PersonWithASibling,20,0_0_1,0.041666666666666664,0.07792207792207792,0.6,0.6485148514851485,0.04054054054054054,,,,,
0,Family,PersonWithASibling,20,0_1_0,0.0,0.0,0.0,0.6435643564356436,0.0,,,,,
0,Family,PersonWithASibling,20,1_0_0,1.0,0.555984555984556,0.3850267379679144,0.4306930693069307,0.3850267379679144,,,,,
0,Family,PersonWithASibling,20,1_1_1,0.20833333333333334,0.2857142857142857,0.45454545454545453,0.6287128712871287,0.16666666666666666,,,,,
0,Family,PersonWithASibling,25,0_0_0,0.0,0.0,0.0,0.6435643564356436,0.0,,,,,
0,Family,PersonWithASibling,25,0_0_1,0.041666666666666664,0.07792207792207792,0.6,0.6485148514851485,0.04054054054054054,,,,,
0,Family,PersonWithASibling,25,0_1_0,0.0,0.0,0.0,0.6435643564356436,0.0,,,,,
0,Family,PersonWithASibling,25,1_0_0,1.0,0.555984555984556,0.3850267379679144,0.4306930693069307,0.3850267379679144,,,,,
0,Family,PersonWithASibling,25,1_1_1,0.20833333333333334,0.2857142857142857,0.45454545454545453,0.6287128712871287,0.16666666666666666,,,,,
0,Family,PersonWithASibling,30,0_0_0,0.0,0.0,0.0,0.6435643564356436,0.0,,,,,
0,Family,PersonWithASibling,30,0_0_1,0.041666666666666664,0.07792207792207792,0.6,0.6485148514851485,0.04054054054054054,,,,,
0,Family,PersonWithASibling,30,0_1_0,0.0,0.0,0.0,0.6435643564356436,0.0,,,,,
0,Family,PersonWithASibling,30,1_0_0,1.0,0.555984555984556,0.3850267379679144,0.4306930693069307,0.3850267379679144,,,,,
0,Family,PersonWithASibling,30,1_1_1,0.20833333333333334,0.2857142857142857,0.45454545454545453,0.6287128712871287,0.16666666666666666,,,,,
0,Family,PersonWithASibling,35,0_0_0,0.0,0.0,0.0,0.6435643564356436,0.0,,,,,
0,Family,PersonWithASibling,35,0_0_1,0.041666666666666664,0.07792207792207792,0.6,0.6485148514851485,0.04054054054054054,,,,,
0,Family,PersonWithASibling,35,0_1_0,0.0,0.0,0.0,0.6435643564356436,0.0,,,,,
0,Family,PersonWithASibling,35,1_0_0,1.0,0.555984555984556,0.3850267379679144,0.4306930693069307,0.3850267379679144,,,,,
0,Family,PersonWithASibling,35,1_1_1,0.20833333333333334,0.2857142857142857,0.45454545454545453,0.6287128712871287,0.16666666666666666,,,,,
0,Family,PersonWithASibling,40,0_0_0,0.0,0.0,0.0,0.6435643564356436,0.0,,,,,
0,Family,PersonWithASibling,40,0_0_1,0.041666666666666664,0.07792207792207792,0.6,0.6485148514851485,0.04054054054054054,,,,,
0,Family,PersonWithASibling,40,0_1_0,0.0,0.0,0.0,0.6435643564356436,0.0,,,,,
0,Family,PersonWithASibling,40,1_0_0,1.0,0.555984555984556,0.3850267379679144,0.4306930693069307,0.3850267379679144,,,,,
0,Family,PersonWithASibling,40,1_1_1,0.20833333333333334,0.2857142857142857,0.45454545454545453,0.6287128712871287,0.16666666666666666,,,,,
0,Family,PersonWithASibling,45,0_0_0,0.0,0.0,0.0,0.6435643564356436,0.0,,,,,
0,Family,PersonWithASibling,45,0_0_1,0.041666666666666664,0.07792207792207792,0.6,0.6485148514851485,0.04054054054054054,,,,,
0,Family,PersonWithASibling,45,0_1_0,0.0,0.0,0.0,0.6435643564356436,0.0,,,,,
0,Family,PersonWithASibling,45,1_0_0,1.0,0.555984555984556,0.3850267379679144,0.4306930693069307,0.3850267379679144,,,,,
0,Family,PersonWithASibling,45,1_1_1,0.20833333333333334,0.2857142857142857,0.45454545454545453,0.6287128712871287,0.16666666666666666,,,,,
0,Family,PersonWithASibling,50,0_0_0,0.0,0.0,0.0,0.6435643564356436,0.0,,,,,
0,Family,PersonWithASibling,50,0_0_1,0.041666666666666664,0.07792207792207792,0.6,0.6485148514851485,0.04054054054054054,,,,,
0,Family,PersonWithASibling,50,0_1_0,0.0,0.0,0.0,0.6435643564356436,0.0,,,,,
0,Family,PersonWithASibling,50,1_0_0,1.0,0.555984555984556,0.3850267379679144,0.4306930693069307,0.3850267379679144,,,,,
0,Family,PersonWithASibling,50,1_1_1,0.20833333333333334,0.2857142857142857,0.45454545454545453,0.6287128712871287,0.16666666666666666,,,,,
0,Family,PersonWithASibling,55,0_0_0,0.0,0.0,0.0,0.6435643564356436,0.0,,,,,
0,Family,PersonWithASibling,55,0_0_1,0.041666666666666664,0.07792207792207792,0.6,0.6485148514851485,0.04054054054054054,,,,,
0,Family,PersonWithASibling,55,0_1_0,0.0,0.0,0.0,0.6435643564356436,0.0,,,,,
0,Family,PersonWithASibling,55,1_0_0,1.0,0.555984555984556,0.3850267379679144,0.4306930693069307,0.3850267379679144,,,,,
0,Family,PersonWithASibling,55,1_1_1,0.20833333333333334,0.2857142857142857,0.45454545454545453,0.6287128712871287,0.16666666666666666,,,,,
0,Family,PersonWithASibling,60,0_0_0,0.0,0.0,0.0,0.6435643564356436,0.0,,,,,
0,Family,PersonWithASibling,60,0_0_1,0.041666666666666664,0.07792207792207792,0.6,0.6485148514851485,0.04054054054054054,,,,,
0,Family,PersonWithASibling,60,0_1_0,0.0,0.0,0.0,0.6435643564356436,0.0,,,,,
0,Family,PersonWithASibling,60,1_0_0,1.0,0.555984555984556,0.3850267379679144,0.4306930693069307,0.3850267379679144,,,,,
0,Family,PersonWithASibling,60,1_1_1,0.20833333333333334,0.2857142857142857,0.45454545454545453,0.6287128712871287,0.16666666666666666,,,,,
0,Family,PersonWithASibling,65,0_0_0,0.0,0.0,0.0,0.6435643564356436,0.0,,,,,
0,Family,PersonWithASibling,65,0_0_1,0.041666666666666664,0.07792207792207792,0.6,0.6485148514851485,0.04054054054054054,,,,,
0,Family,PersonWithASibling,65,0_1_0,0.0,0.0,0.0,0.6435643564356436,0.0,,,,,
0,Family,PersonWithASibling,65,1_0_0,1.0,0.555984555984556,0.3850267379679144,0.4306930693069307,0.3850267379679144,,,,,
0,Family,PersonWithASibling,65,1_1_1,0.20833333333333334,0.2857142857142857,0.45454545454545453,0.6287128712871287,0.16666666666666666,,,,,
0,Family,PersonWithASibling,70,0_0_0,0.0,0.0,0.0,0.6435643564356436,0.0,,,,,
0,Family,PersonWithASibling,70,0_0_1,0.041666666666666664,0.07792207792207792,0.6,0.6485148514851485,0.04054054054054054,,,,,
0,Family,PersonWithASibling,70,0_1_0,0.0,0.0,0.0,0.6435643564356436,0.0,,,,,
0,Family,PersonWithASibling,70,1_0_0,1.0,0.555984555984556,0.3850267379679144,0.4306930693069307,0.3850267379679144,,,,,
0,Family,PersonWithASibling,70,1_1_1,0.20833333333333334,0.2857142857142857,0.45454545454545453,0.6287128712871287,0.16666666666666666,,,,,
0,Family,PersonWithASibling,75,0_0_0,0.0,0.0,0.0,0.6435643564356436,0.0,,,,,
0,Family,PersonWithASibling,75,0_0_1,0.041666666666666664,0.07792207792207792,0.6,0.6485148514851485,0.04054054054054054,,,,,
0,Family,PersonWithASibling,75,0_1_0,0.0,0.0,0.0,0.6435643564356436,0.0,,,,,
0,Family,PersonWithASibling,75,1_0_0,1.0,0.555984555984556,0.3850267379679144,0.4306930693069307,0.3850267379679144,,,,,
0,Family,PersonWithASibling,75,1_1_1,0.20833333333333334,0.2857142857142857,0.45454545454545453,0.6287128712871287,0.16666666666666666,,,,,
0,Family,PersonWithASibling,80,0_0_0,0.0,0.0,0.0,0.6435643564356436,0.0,,,,,
0,Family,PersonWithASibling,80,0_0_1,0.041666666666666664,0.07792207792207792,0.6,0.6485148514851485,0.04054054054054054,,,,,
0,Family,PersonWithASibling,80,0_1_0,0.0,0.0,0.0,0.6435643564356436,0.0,,,,,
0,Family,PersonWithASibling,80,1_0_0,1.0,0.555984555984556,0.3850267379679144,0.4306930693069307,0.3850267379679144,,,,,
0,Family,PersonWithASibling,80,1_1_1,0.20833333333333334,0.2857142857142857,0.45454545454545453,0.6287128712871287,0.16666666666666666,,,,,
0,Family,Child,0,0_0_0,0.0,0.0,0.0,0.48514851485148514,0.0,,,,,
0,Family,Child,0,0_0_1,0.07692307692307693,0.1415929203539823,0.8888888888888888,0.5198019801980198,0.0761904761904762,,,,,
0,Family,Child,0,0_1_0,0.009615384615384616,0.018867924528301886,0.5,0.48514851485148514,0.009523809523809525,,,,,
0,Family,Child,0,1_0_0,0.9903846153846154,0.7030716723549488,0.544973544973545,0.5693069306930693,0.5421052631578948,,,,,
0,Family,Child,0,1_1_1,0.5,0.5279187817258884,0.5591397849462365,0.5396039603960396,0.3586206896551724,,,,,
0,Family,Child,5,0_0_0,0.0,0.0,0.0,0.48514851485148514,0.0,,,,,
0,Family,Child,5,0_0_1,0.07692307692307693,0.1415929203539823,0.8888888888888888,0.5198019801980198,0.0761904761904762,,,,,
0,Family,Child,5,0_1_0,0.009615384615384616,0.018867924528301886,0.5,0.48514851485148514,0.009523809523809525,,,,,
0,Family,Child,5,1_0_0,0.9903846153846154,0.7030716723549488,0.544973544973545,0.5693069306930693,0.5421052631578948,,,,,
0,Family,Child,5,1_1_1,0.5,0.5279187817258884,0.5591397849462365,0.5396039603960396,0.3586206896551724,,,,,
0,Family,Child,10,0_0_0,0.0,0.0,0.0,0.48514851485148514,0.0,,,,,
0,Family,Child,10,0_0_1,0.07692307692307693,0.1415929203539823,0.8888888888888888,0.5198019801980198,0.0761904761904762,,,,,
0,Family,Child,10,0_1_0,0.009615384615384616,0.018867924528301886,0.5,0.48514851485148514,0.009523809523809525,,,,,
0,Family,Child,10,1_0_0,0.9903846153846154,0.7030716723549488,0.544973544973545,0.5693069306930693,0.5421052631578948,,,,,
0,Family,Child,10,1_1_1,0.5,0.5279187817258884,0.5591397849462365,0.5396039603960396,0.3586206896551724,,,,,
0,Family,Child,15,0_0_0,0.0,0.0,0.0,0.48514851485148514,0.0,,,,,
0,Family,Child,15,0_0_1,0.07692307692307693,0.1415929203539823,0.8888888888888888,0.5198019801980198,0.0761904761904762,,,,,
0,Family,Child,15,0_1_0,0.009615384615384616,0.018867924528301886,0.5,0.48514851485148514,0.009523809523809525,,,,,
0,Family,Child,15,1_0_0,0.9903846153846154,0.7030716723549488,0.544973544973545,0.5693069306930693,0.5421052631578948,,,,,
0,Family,Child,15,1_1_1,0.5,0.5279187817258884,0.5591397849462365,0.5396039603960396,0.3586206896551724,,,,,
0,Family,Child,20,0_0_0,0.0,0.0,0.0,0.48514851485148514,0.0,,,,,
0,Family,Child,20,0_0_1,0.07692307692307693,0.1415929203539823,0.8888888888888888,0.5198019801980198,0.0761904761904762,,,,,
0,Family,Child,20,0_1_0,0.009615384615384616,0.018867924528301886,0.5,0.48514851485148514,0.009523809523809525,,,,,
0,Family,Child,20,1_0_0,0.9903846153846154,0.7030716723549488,0.544973544973545,0.5693069306930693,0.5421052631578948,,,,,
0,Family,Child,20,1_1_1,0.5,0.5279187817258884,0.5591397849462365,0.5396039603960396,0.3586206896551724,,,,,
0,Family,Child,25,0_0_0,0.0,0.0,0.0,0.48514851485148514,0.0,,,,,
0,Family,Child,25,0_0_1,0.07692307692307693,0.1415929203539823,0.8888888888888888,0.5198019801980198,0.0761904761904762,,,,,
0,Family,Child,25,0_1_0,0.009615384615384616,0.018867924528301886,0.5,0.48514851485148514,0.009523809523809525,,,,,
0,Family,Child,25,1_0_0,0.9903846153846154,0.7030716723549488,0.544973544973545,0.5693069306930693,0.5421052631578948,,,,,
0,Family,Child,25,1_1_1,0.5,0.5279187817258884,0.5591397849462365,0.5396039603960396,0.3586206896551724,,,,,
0,Family,Child,30,0_0_0,0.0,0.0,0.0,0.48514851485148514,0.0,,,,,
0,Family,Child,30,0_0_1,0.07692307692307693,0.1415929203539823,0.8888888888888888,0.5198019801980198,0.0761904761904762,,,,,
0,Family,Child,30,0_1_0,0.009615384615384616,0.018867924528301886,0.5,0.48514851485148514,0.009523809523809525,,,,,
0,Family,Child,30,1_0_0,0.9903846153846154,0.7030716723549488,0.544973544973545,0.5693069306930693,0.5421052631578948,,,,,
0,Family,Child,30,1_1_1,0.5,0.5279187817258884,0.5591397849462365,0.5396039603960396,0.3586206896551724,,,,,
0,Family,Child,35,0_0_0,0.0,0.0,0.0,0.48514851485148514,0.0,,,,,
0,Family,Child,35,0_0_1,0.07692307692307693,0.1415929203539823,0.8888888888888888,0.5198019801980198,0.0761904761904762,,,,,
0,Family,Child,35,0_1_0,0.009615384615384616,0.018867924528301886,0.5,0.48514851485148514,0.009523809523809525,,,,,
0,Family,Child,35,1_0_0,0.9903846153846154,0.7030716723549488,0.544973544973545,0.5693069306930693,0.5421052631578948,,,,,
0,Family,Child,35,1_1_1,0.5,0.5279187817258884,0.5591397849462365,0.5396039603960396,0.3586206896551724,,,,,
0,Family,Child,40,0_0_0,0.0,0.0,0.0,0.48514851485148514,0.0,,,,,
0,Family,Child,40,0_0_1,0.07692307692307693,0.1415929203539823,0.8888888888888888,0.5198019801980198,0.0761904761904762,,,,,
0,Family,Child,40,0_1_0,0.009615384615384616,0.018867924528301886,0.5,0.48514851485148514,0.009523809523809525,,,,,
0,Family,Child,40,1_0_0,0.9903846153846154,0.7030716723549488,0.544973544973545,0.5693069306930693,0.5421052631578948,,,,,
0,Family,Child,40,1_1_1,0.5,0.5279187817258884,0.5591397849462365,0.5396039603960396,0.3586206896551724,,,,,
0,Family,Child,45,0_0_0,0.0,0.0,0.0,0.48514851485148514,0.0,,,,,
0,Family,Child,45,0_0_1,0.07692307692307693,0.1415929203539823,0.8888888888888888,0.5198019801980198,0.0761904761904762,,,,,
0,Family,Child,45,0_1_0,0.009615384615384616,0.018867924528301886,0.5,0.48514851485148514,0.009523809523809525,,,,,
0,Family,Child,45,1_0_0,0.9903846153846154,0.7030716723549488,0.544973544973545,0.5693069306930693,0.5421052631578948,,,,,
0,Family,Child,45,1_1_1,0.5,0.5279187817258884,0.5591397849462365,0.5396039603960396,0.3586206896551724,,,,,
0,Family,Child,50,0_0_0,0.0,0.0,0.0,0.48514851485148514,0.0,,,,,
0,Family,Child,50,0_0_1,0.07692307692307693,0.1415929203539823,0.8888888888888888,0.5198019801980198,0.0761904761904762,,,,,
0,Family,Child,50,0_1_0,0.009615384615384616,0.018867924528301886,0.5,0.48514851485148514,0.009523809523809525,,,,,
0,Family,Child,50,1_0_0,0.9903846153846154,0.7030716723549488,0.544973544973545,0.5693069306930693,0.5421052631578948,,,,,
0,Family,Child,50,1_1_1,0.5,0.5279187817258884,0.5591397849462365,0.5396039603960396,0.3586206896551724,,,,,
0,Family,Child,55,0_0_0,0.0,0.0,0.0,0.48514851485148514,0.0,,,,,
0,Family,Child,55,0_0_1,0.07692307692307693,0.1415929203539823,0.8888888888888888,0.5198019801980198,0.0761904761904762,,,,,
0,Family,Child,55,0_1_0,0.009615384615384616,0.018867924528301886,0.5,0.48514851485148514,0.009523809523809525,,,,,
0,Family,Child,55,1_0_0,0.9903846153846154,0.7030716723549488,0.544973544973545,0.5693069306930693,0.5421052631578948,,,,,
0,Family,Child,55,1_1_1,0.5,0.5279187817258884,0.5591397849462365,0.5396039603960396,0.3586206896551724,,,,,
0,Family,Child,60,0_0_0,0.0,0.0,0.0,0.48514851485148514,0.0,,,,,
0,Family,Child,60,0_0_1,0.07692307692307693,0.1415929203539823,0.8888888888888888,0.5198019801980198,0.0761904761904762,,,,,
0,Family,Child,60,0_1_0,0.009615384615384616,0.018867924528301886,0.5,0.48514851485148514,0.009523809523809525,,,,,
0,Family,Child,60,1_0_0,0.9903846153846154,0.7030716723549488,0.544973544973545,0.5693069306930693,0.5421052631578948,,,,,
0,Family,Child,60,1_1_1,0.5,0.5279187817258884,0.5591397849462365,0.5396039603960396,0.3586206896551724,,,,,
0,Family,Child,65,0_0_0,0.0,0.0,0.0,0.48514851485148514,0.0,,,,,
0,Family,Child,65,0_0_1,0.07692307692307693,0.1415929203539823,0.8888888888888888,0.5198019801980198,0.0761904761904762,,,,,
0,Family,Child,65,0_1_0,0.009615384615384616,0.018867924528301886,0.5,0.48514851485148514,0.009523809523809525,,,,,
0,Family,Child,65,1_0_0,0.9903846153846154,0.7030716723549488,0.544973544973545,0.5693069306930693,0.5421052631578948,,,,,
0,Family,Child,65,1_1_1,0.5,0.5279187817258884,0.5591397849462365,0.5396039603960396,0.3586206896551724,,,,,
0,Family,Child,70,0_0_0,0.0,0.0,0.0,0.48514851485148514,0.0,,,,,
0,Family,Child,70,0_0_1,0.07692307692307693,0.1415929203539823,0.8888888888888888,0.5198019801980198,0.0761904761904762,,,,,
0,Family,Child,70,0_1_0,0.009615384615384616,0.018867924528301886,0.5,0.48514851485148514,0.009523809523809525,,,,,
0,Family,Child,70,1_0_0,0.9903846153846154,0.7030716723549488,0.544973544973545,0.5693069306930693,0.5421052631578948,,,,,
0,Family,Child,70,1_1_1,0.5,0.5279187817258884,0.5591397849462365,0.5396039603960396,0.3586206896551724,,,,,
0,Family,Child,75,0_0_0,0.0,0.0,0.0,0.48514851485148514,0.0,,,,,
0,Family,Child,75,0_0_1,0.07692307692307693,0.1415929203539823,0.8888888888888888,0.5198019801980198,0.0761904761904762,,,,,
0,Family,Child,75,0_1_0,0.009615384615384616,0.018867924528301886,0.5,0.48514851485148514,0.009523809523809525,,,,,
0,Family,Child,75,1_0_0,0.9903846153846154,0.7030716723549488,0.544973544973545,0.5693069306930693,0.5421052631578948,,,,,
0,Family,Child,75,1_1_1,0.5,0.5279187817258884,0.5591397849462365,0.5396039603960396,0.3586206896551724,,,,,
0,Family,Child,80,0_0_0,0.0,0.0,0.0,0.48514851485148514,0.0,,,,,
0,Family,Child,80,0_0_1,0.07692307692307693,0.1415929203539823,0.8888888888888888,0.5198019801980198,0.0761904761904762,,,,,
0,Family,Child,80,0_1_0,0.009615384615384616,0.018867924528301886,0.5,0.48514851485148514,0.009523809523809525,,,,,
0,Family,Child,80,1_0_0,0.9903846153846154,0.7030716723549488,0.544973544973545,0.5693069306930693,0.5421052631578948,,,,,
0,Family,Child,80,1_1_1,0.5,0.5279187817258884,0.5591397849462365,0.5396039603960396,0.3586206896551724,,,,,
0,Family,Person,0,0_0_0,0.7524752475247525,0.8587570621468926,1.0,0.7524752475247525,0.7524752475247525,,,,,
0,Family,Person,0,0_0_1,1.0,1.0,1.0,1.0,1.0,,,,,
0,Family,Person,0,0_1_0,1.0,1.0,1.0,1.0,1.0,,,,,
0,Family,Person,0,1_0_0,1.0,1.0,1.0,1.0,1.0,,,,,
0,Family,Person,0,1_1_1,0.10396039603960396,0.18834080717488788,1.0,0.10396039603960396,0.10396039603960396,,,,,
0,Family,Person,5,0_0_0,0.5841584158415841,0.7375,1.0,0.5841584158415841,0.5841584158415841,,,,,
0,Family,Person,5,0_0_1,0.9702970297029703,0.9849246231155779,1.0,0.9702970297029703,0.9702970297029703,,,,,
0,Family,Person,5,0_1_0,1.0,1.0,1.0,1.0,1.0,,,,,
0,Family,Person,5,1_0_0,1.0,1.0,1.0,1.0,1.0,,,,,
0,Family,Person,5,1_1_1,0.22772277227722773,0.3709677419354839,1.0,0.22772277227722773,0.22772277227722773,,,,,
0,Family,Person,10,0_0_0,0.47029702970297027,0.6397306397306397,1.0,0.47029702970297027,0.47029702970297027,,,,,
0,Family,Person,10,0_0_1,1.0,1.0,1.0,1.0,1.0,,,,,
0,Family,Person,10,0_1_0,1.0,1.0,1.0,1.0,1.0,,,,,
0,Family,Person,10,1_0_0,1.0,1.0,1.0,1.0,1.0,,,,,
0,Family,Person,10,1_1_1,0.21287128712871287,0.3510204081632653,1.0,0.21287128712871287,0.21287128712871287,,,,,
0,Family,Person,15,0_0_0,0.45544554455445546,0.6258503401360545,1.0,0.45544554455445546,0.45544554455445546,,,,,
0,Family,Person,15,0_0_1,1.0,1.0,1.0,1.0,1.0,,,,,
0,Family,Person,15,0_1_0,0.9851485148514851,0.9925187032418953,1.0,0.9851485148514851,0.9851485148514851,,,,,
0,Family,Person,15,1_0_0,1.0,1.0,1.0,1.0,1.0,,,,,
0,Family,Person,15,1_1_1,0.19306930693069307,0.3236514522821577,1.0,0.19306930693069307,0.19306930693069307,,,,,
0,Family,Person,20,0_0_0,0.3465346534653465,0.5147058823529411,1.0,0.3465346534653465,0.3465346534653465,,,,,
0,Family,Person,20,0_0_1,0.9504950495049505,0.9746192893401016,1.0,0.9504950495049505,0.9504950495049505,,,,,
0,Family,Person,20,0_1_0,0.8465346534653465,0.9168900804289544,1.0,0.8465346534653465,0.8465346534653465,,,,,
0,Family,Person,20,1_0_0,1.0,1.0,1.0,1.0,1.0,,,,,
0,Family,Person,20,1_1_1,0.19306930693069307,0.3236514522821577,1.0,0.19306930693069307,0.19306930693069307,,,,,
0,Family,Person,25,0_0_0,0.42574257425742573,0.5972222222222222,1.0,0.42574257425742573,0.42574257425742573,,,,,
0,Family,Person,25,0_0_1,0.9455445544554455,0.9720101781170484,1.0,0.9455445544554455,0.9455445544554455,,,,,
0,Family,Person,25,0_1_0,0.8910891089108911,0.9424083769633508,1.0,0.8910891089108911,0.8910891089108911,,,,,
0,Family,Person,25,1_0_0,1.0,1.0,1.0,1.0,1.0,,,,,
0,Family,Person,25,1_1_1,0.1782178217821782,0.3025210084033613,1.0,0.1782178217821782,0.1782178217821782,,,,,
0,Family,Person,30,0_0_0,0.27722772277227725,0.43410852713178294,1.0,0.27722772277227725,0.27722772277227725,,,,,
0,Family,Person,30,0_0_1,0.7029702970297029,0.8255813953488372,1.0,0.7029702970297029,0.7029702970297029,,,,,
0,Family,Person,30,0_1_0,0.7029702970297029,0.8255813953488372,1.0,0.7029702970297029,0.7029702970297029,,,,,
0,Family,Person,30,1_0_0,0.995049504950495,0.9975186104218362,1.0,0.995049504950495,0.995049504950495,,,,,
0,Family,Person,30,1_1_1,0.0,0.0,0.0,0.0,0.0,,,,,
0,Family,Person,35,0_0_0,0.21782178217821782,0.35772357723577236,1.0,0.21782178217821782,0.21782178217821782,,,,,
0,Family,Person,35,0_0_1,0.6534653465346535,0.7904191616766467,1.0,0.6534653465346535,0.6534653465346535,,,,,
0,Family,Person,35,0_1_0,0.6534653465346535,0.7904191616766467,1.0,0.6534653465346535,0.6534653465346535,,,,,
0,Family,Person,35,1_0_0,0.995049504950495,0.9975186104218362,1.0,0.995049504950495,0.995049504950495,,,,,
0,Family,Person,35,1_1_1,0.0,0.0,0.0,0.0,0.0,,,,,
0,Family,Person,40,0_0_0,0.400990099009901,0.5724381625441696,1.0,0.400990099009901,0.400990099009901,,,,,
0,Family,Person,40,0_0_1,0.8514851485148515,0.9197860962566845,1.0,0.8514851485148515,0.8514851485148515,,,,,
0,Family,Person,40,0_1_0,0.7475247524752475,0.8555240793201133,1.0,0.7475247524752475,0.7475247524752475,,,,,
0,Family,Person,40,1_0_0,1.0,1.0,1.0,1.0,1.0,,,,,
0,Family,Person,40,1_1_1,0.10891089108910891,0.19642857142857142,1.0,0.10891089108910891,0.10891089108910891,,,,,
0,Family,Person,45,0_0_0,0.09405940594059406,0.17194570135746606,1.0,0.09405940594059406,0.09405940594059406,,,,,
0,Family,Person,45,0_0_1,0.7574257425742574,0.8619718309859155,1.0,0.7574257425742574,0.7574257425742574,,,,,
0,Family,Person,45,0_1_0,0.6782178217821783,0.8082595870206489,1.0,0.6782178217821783,0.6782178217821783,,,,,
0,Family,Person,45,1_0_0,1.0,1.0,1.0,1.0,1.0,,,,,
0,Family,Person,45,1_1_1,0.18811881188118812,0.31666666666666665,1.0,0.18811881188118812,0.18811881188118812,,,,,
0,Family,Person,50,0_0_0,0.09900990099009901,0.18018018018018017,1.0,0.09900990099009901,0.09900990099009901,,,,,
0,Family,Person,50,0_0_1,0.7178217821782178,0.8357348703170029,1.0,0.7178217821782178,0.7178217821782178,,,,,
0,Family,Person,50,0_1_0,0.9257425742574258,0.961439588688946,1.0,0.9257425742574258,0.9257425742574258,,,,,
0,Family,Person,50,1_0_0,0.9801980198019802,0.99,1.0,0.9801980198019802,0.9801980198019802,,,,,
0,Family,Person,50,1_1_1,0.12871287128712872,0.22807017543859648,1.0,0.12871287128712872,0.12871287128712872,,,,,
0,Family,Person,55,0_0_0,0.07425742574257425,0.1382488479262673,1.0,0.07425742574257425,0.07425742574257425,,,,,
0,Family,Person,55,0_0_1,0.599009900990099,0.7492260061919505,1.0,0.599009900990099,0.599009900990099,,,,,
0,Family,Person,55,0_1_0,0.46534653465346537,0.6351351351351351,1.0,0.46534653465346537,0.46534653465346537,,,,,
0,Family,Person,55,1_0_0,1.0,1.0,1.0,1.0,1.0,,,,,
0,Family,Person,55,1_1_1,0.6287128712871287,0.7720364741641338,1.0,0.6287128712871287,0.6287128712871287,,,,,
0,Family,Person,60,0_0_0,0.039603960396039604,0.0761904761904762,1.0,0.039603960396039604,0.039603960396039604,,,,,
0,Family,Person,60,0_0_1,0.698019801980198,0.8221574344023324,1.0,0.698019801980198,0.698019801980198,,,,,
0,Family,Person,60,0_1_0,0.42574257425742573,0.5972222222222222,1.0,0.42574257425742573,0.42574257425742573,,,,,
0,Family,Person,60,1_0_0,1.0,1.0,1.0,1.0,1.0,,,,,
0,Family,Person,60,1_1_1,0.9207920792079208,0.9587628865979382,1.0,0.9207920792079208,0.9207920792079208,,,,,
0,Family,Person,65,0_0_0,0.04950495049504951,0.09433962264150944,1.0,0.04950495049504951,0.04950495049504951,,,,,
0,Family,Person,65,0_0_1,0.7871287128712872,0.8808864265927978,1.0,0.7871287128712872,0.7871287128712872,,,,,
0,Family,Person,65,0_1_0,0.5594059405940595,0.7174603174603175,1.0,0.5594059405940595,0.5594059405940595,,,,,
0,Family,Person,65,1_0_0,1.0,1.0,1.0,1.0,1.0,,,,,
0,Family,Person,65,1_1_1,0.7425742574257426,0.8522727272727273,1.0,0.7425742574257426,0.7425742574257426,,,,,
0,Family,Person,70,0_0_0,0.039603960396039604,0.0761904761904762,1.0,0.039603960396039604,0.039603960396039604,,,,,
0,Family,Person,70,0_0_1,0.6732673267326733,0.8047337278106509,1.0,0.6732673267326733,0.6732673267326733,,,,,
0,Family,Person,70,0_1_0,0.49504950495049505,0.6622516556291391,1.0,0.49504950495049505,0.49504950495049505,,,,,
0,Family,Person,70,1_0_0,0.995049504950495,0.9975186104218362,1.0,0.995049504950495,0.995049504950495,,,,,
0,Family,Person,70,1_1_1,0.5297029702970297,0.6925566343042071,1.0,0.5297029702970297,0.5297029702970297,,,,,
0,Family,Person,75,0_0_0,0.054455445544554455,0.10328638497652583,1.0,0.054455445544554455,0.054455445544554455,,,,,
0,Family,Person,75,0_0_1,0.8366336633663366,0.9110512129380054,1.0,0.8366336633663366,0.8366336633663366,,,,,
0,Family,Person,75,0_1_0,0.4405940594059406,0.6116838487972509,1.0,0.4405940594059406,0.4405940594059406,,,,,
0,Family,Person,75,1_0_0,1.0,1.0,1.0,1.0,1.0,,,,,
0,Family,Person,75,1_1_1,0.6435643564356436,0.7831325301204819,1.0,0.6435643564356436,0.6435643564356436,,,,,
0,Family,Person,80,0_0_0,0.13861386138613863,0.24347826086956523,1.0,0.13861386138613863,0.13861386138613863,,,,,
0,Family,Person,80,0_0_1,0.4207920792079208,0.5923344947735192,1.0,0.4207920792079208,0.4207920792079208,,,,,
0,Family,Person,80,0_1_0,0.3415841584158416,0.5092250922509225,1.0,0.3415841584158416,0.3415841584158416,,,,,
0,Family,Person,80,1_0_0,1.0,1.0,1.0,1.0,1.0,,,,,
0,Family,Person,80,1_1_1,0.6039603960396039,0.7530864197530864,1.0,0.6039603960396039,0.6039603960396039,,,,,
0,Family,Daughter,0,0_0_0,0.4807692307692308,0.6493506493506493,1.0,0.8663366336633663,0.4807692307692308,,,,,
0,Family,Daughter,0,0_0_1,1.0,0.6842105263157895,0.52,0.7623762376237624,0.52,,,,,
0,Family,Daughter,0,0_1_0,1.0,0.8666666666666667,0.7647058823529411,0.9207920792079208,0.7647058823529411,,,,,
0,Family,Daughter,0,1_0_0,1.0,0.41106719367588934,0.25870646766169153,0.2623762376237624,0.25870646766169153,,,,,
0,Family,Daughter,0,1_1_1,0.019230769230769232,0.02247191011235955,0.02702702702702703,0.5693069306930693,0.011363636363636364,,,,,
0,Family,Daughter,5,0_0_0,0.40384615384615385,0.5753424657534246,1.0,0.8465346534653465,0.40384615384615385,0.0,0.0,0.0,0.0,0.0
0,Family,Daughter,5,0_0_1,1.0,0.7123287671232876,0.5531914893617021,0.7920792079207921,0.5531914893617021,1.0,1.0,1.0,1.0,1.0
0,Family,Daughter,5,0_1_0,1.0,0.8888888888888888,0.8,0.9356435643564357,0.8,1.0,1.0,1.0,1.0,1.0
0,Family,Daughter,5,1_0_0,1.0,0.4094488188976378,0.25742574257425743,0.25742574257425743,0.25742574257425743,1.0,1.0,1.0,1.0,1.0
0,Family,Daughter,5,1_1_1,0.0,0.0,0.0,0.5148514851485149,0.0,0.0,0.0,0.0,0.0,0.0
0,Family,Daughter,10,0_0_0,0.36538461538461536,0.5352112676056338,1.0,0.8366336633663366,0.36538461538461536,0.0,0.0,0.0,0.0,0.0
0,Family,Daughter,10,0_0_1,1.0,0.6753246753246753,0.5098039215686274,0.7524752475247525,0.5098039215686274,1.0,1.0,1.0,1.0,1.0
0,Family,Daughter,10,0_1_0,1.0,0.9203539823008849,0.8524590163934426,0.9554455445544554,0.8524590163934426,1.0,1.0,1.0,1.0,1.0
0,Family,Daughter,10,1_0_0,1.0,0.41106719367588934,0.25870646766169153,0.2623762376237624,0.25870646766169153,1.0,1.0,1.0,1.0,1.0
0,Family,Daughter,10,1_1_1,0.0,0.0,0.0,0.47029702970297027,0.0,0.0,0.0,0.0,0.0,0.0
0,Family,Daughter,15,0_0_0,0.3269230769230769,0.4927536231884058,1.0,0.8267326732673267,0.3269230769230769,0.0,0.0,0.0,0.0,0.0
0,Family,Daughter,15,0_0_1,1.0,0.697986577181208,0.5360824742268041,0.7772277227722773,0.5360824742268041,1.0,1.0,1.0,1.0,1.0
0,Family,Daughter,15,0_1_0,1.0,0.9285714285714286,0.8666666666666667,0.9603960396039604,0.8666666666666667,1.0,1.0,1.0,1.0,1.0
0,Family,Daughter,15,1_0_0,1.0,0.4126984126984127,0.26,0.26732673267326734,0.26,1.0,1.0,1.0,1.0,1.0
0,Family,Daughter,15,1_1_1,0.019230769230769232,0.01818181818181818,0.017241379310344827,0.46534653465346537,0.009174311926605505,0.14285714285714285,0.25,1.0,0.14285714285714285,0.14285714285714285
0,Family,Daughter,20,0_0_0,0.28846153846153844,0.44776119402985076,1.0,0.8168316831683168,0.28846153846153844,0.0,0.0,0.0,0.0,0.0
0,Family,Daughter,20,0_0_1,0.9807692307692307,0.7391304347826086,0.5930232558139535,0.8217821782178217,0.5862068965517241,0.9,0.9473684210526315,1.0,0.9,0.9
0,Family,Daughter,20,0_1_0,0.9615384615384616,0.9259259259259259,0.8928571428571429,0.9603960396039604,0.8620689655172413,0.8,0.8888888888888888,1.0,0.8,0.8
0,Family,Daughter,20,1_0_0,1.0,0.41434262948207173,0.2613065326633166,0.2722772277227723,0.2613065326633166,1.0,1.0,1.0,1.0,1.0
0,Family,Daughter,20,1_1_1,0.019230769230769232,0.01818181818181818,0.017241379310344827,0.46534653465346537,0.009174311926605505,0.1,0.18181818181818182,1.0,0.1,0.1
0,Family,Daughter,25,0_0_0,0.21153846153846154,0.3492063492063492,1.0,0.7970297029702971,0.21153846153846154,0.0,0.0,0.0,0.0,0.0
0,Family,Daughter,25,0_0_1,0.9615384615384616,0.7194244604316546,0.5747126436781609,0.806930693069307,0.5617977528089888,0.8461538461538461,0.9166666666666666,1.0,0.8461538461538461,0.8461538461538461
0,Family,Daughter,25,0_1_0,0.9423076923076923,0.9158878504672897,0.8909090909090909,0.9554455445544554,0.8448275862068966,0.7692307692307693,0.8695652173913043,1.0,0.7692307692307693,0.7692307692307693
0,Family,Daughter,25,1_0_0,1.0,0.4126984126984127,0.26,0.26732673267326734,0.26,1.0,1.0,1.0,1.0,1.0
0,Family,Daughter,25,1_1_1,0.019230769230769232,0.01652892561983471,0.014492753623188406,0.41089108910891087,0.008333333333333333,0.07692307692307693,0.14285714285714285,1.0,0.07692307692307693,0.07692307692307693
0,Family,Daughter,30,0_0_0,0.17307692307692307,0.29508196721311475,1.0,0.7871287128712872,0.17307692307692307,0.0,0.0,0.0,0.0,0.0
0,Family,Daughter,30,0_0_1,0.9615384615384616,0.7194244604316546,0.5747126436781609,0.806930693069307,0.5617977528089888,0.8666666666666667,0.9285714285714286,1.0,0.8666666666666667,0.8666666666666667
0,Family,Daughter,30,0_1_0,0.9230769230769231,0.9230769230769231,0.9230769230769231,0.9603960396039604,0.8571428571428571,0.7333333333333333,0.8461538461538461,1.0,0.7333333333333333,0.7333333333333333
0,Family,Daughter,30,1_0_0,1.0,0.4126984126984127,0.26,0.26732673267326734,0.26,1.0,1.0,1.0,1.0,1.0
0,Family,Daughter,30,1_1_1,0.0,0.0,0.0,0.4158415841584158,0.0,0.0,0.0,0.0,0.0,0.0
0,Family,Daughter,35,0_0_0,0.038461538461538464,0.07407407407407407,1.0,0.7524752475247525,0.038461538461538464,0.0,0.0,0.0,0.0,0.0
0,Family,Daughter,35,0_0_1,0.7115384615384616,0.8314606741573034,1.0,0.9257425742574258,0.7115384615384616,0.16666666666666666,0.2857142857142857,1.0,0.16666666666666666,0.16666666666666666
0,Family,Daughter,35,0_1_0,0.9807692307692307,0.7669172932330827,0.6296296296296297,0.8465346534653465,0.6219512195121951,0.9444444444444444,0.9714285714285714,1.0,0.9444444444444444,0.9444444444444444
0,Family,Daughter,35,1_0_0,1.0,0.52,0.35135135135135137,0.5247524752475248,0.35135135135135137,1.0,1.0,1.0,1.0,1.0
0,Family,Daughter,35,1_1_1,0.07692307692307693,0.08695652173913043,0.1,0.5841584158415841,0.045454545454545456,0.16666666666666666,0.2857142857142857,1.0,0.16666666666666666,0.16666666666666666
0,Family,Daughter,40,0_0_0,0.019230769230769232,0.03773584905660377,1.0,0.7475247524752475,0.019230769230769232,0.0,0.0,0.0,0.0,0.0
0,Family,Daughter,40,0_0_1,0.6730769230769231,0.8045977011494253,1.0,0.9158415841584159,0.6730769230769231,0.15,0.2608695652173913,1.0,0.15,0.15
0,Family,Daughter,40,0_1_0,0.9807692307692307,0.816,0.6986301369863014,0.8861386138613861,0.6891891891891891,0.95,0.9743589743589743,1.0,0.95,0.95
0,Family,Daughter,40,1_0_0,1.0,0.5048543689320388,0.33766233766233766,0.49504950495049505,0.33766233766233766,1.0,1.0,1.0,1.0,1.0
0,Family,Daughter,40,1_1_1,0.09615384615384616,0.10309278350515463,0.1111111111111111,0.5693069306930693,0.05434782608695652,0.15,0.2608695652173913,1.0,0.15,0.15
0,Family,Daughter,45,0_0_0,0.0,0.0,0.0,0.7425742574257426,0.0,0.0,0.0,0.0,0.0,0.0
0,Family,Daughter,45,0_0_1,0.5769230769230769,0.7317073170731707,1.0,0.8910891089108911,0.5769230769230769,0.043478260869565216,0.08333333333333333,1.0,0.043478260869565216,0.043478260869565216
0,Family,Daughter,45,0_1_0,0.9615384615384616,0.8130081300813008,0.704225352112676,0.8861386138613861,0.684931506849315,0.9130434782608695,0.9545454545454546,1.0,0.9130434782608695,0.9130434782608695
0,Family,Daughter,45,1_0_0,1.0,0.6153846153846154,0.4444444444444444,0.6782178217821783,0.4444444444444444,1.0,1.0,1.0,1.0,1.0
0,Family,Daughter,45,1_1_1,0.07692307692307693,0.0784313725490196,0.08,0.5346534653465347,0.04081632653061224,0.043478260869565216,0.08333333333333333,1.0,0.043478260869565216,0.043478260869565216
0,Family,Daughter,50,0_0_0,0.038461538461538464,0.07407407407407407,1.0,0.7524752475247525,0.038461538461538464,0.0,0.0,0.0,0.0,0.0
0,Family,Daughter,50,0_0_1,0.5192307692307693,0.6835443037974683,1.0,0.8762376237623762,0.5192307692307693,0.038461538461538464,0.07407407407407407,1.0,0.038461538461538464,0.038461538461538464
0,Family,Daughter,50,0_1_0,0.8461538461538461,0.8073394495412844,0.7719298245614035,0.8960396039603961,0.676923076923077,0.6923076923076923,0.8181818181818182,1.0,0.6923076923076923,0.6923076923076923
0,Family,Daughter,50,1_0_0,0.9807692307692307,0.6666666666666666,0.504950495049505,0.7475247524752475,0.5,0.9615384615384616,0.9803921568627451,1.0,0.9615384615384616,0.9615384615384616
0,Family,Daughter,50,1_1_1,0.1346153846153846,0.11965811965811966,0.1076923076923077,0.4900990099009901,0.06363636363636363,0.19230769230769232,0.3225806451612903,1.0,0.19230769230769232,0.19230769230769232
0,Family,Daughter,55,0_0_0,0.019230769230769232,0.03773584905660377,1.0,0.7475247524752475,0.019230769230769232,0.0,0.0,0.0,0.0,0.0
0,Family,Daughter,55,0_0_1,0.4807692307692308,0.6493506493506493,1.0,0.8663366336633663,0.4807692307692308,0.03571428571428571,0.06896551724137931,1.0,0.03571428571428571,0.03571428571428571
0,Family,Daughter,55,0_1_0,0.7692307692307693,0.7692307692307693,0.7692307692307693,0.8811881188118812,0.625,0.5714285714285714,0.7272727272727273,1.0,0.5714285714285714,0.5714285714285714
0,Family,Daughter,55,1_0_0,0.9807692307692307,0.6538461538461539,0.49038461538461536,0.7326732673267327,0.4857142857142857,0.9642857142857143,0.9818181818181818,1.0,0.9642857142857143,0.9642857142857143
0,Family,Daughter,55,1_1_1,0.17307692307692307,0.144,0.1232876712328767,0.47029702970297027,0.07758620689655173,0.17857142857142858,0.30303030303030304,1.0,0.17857142857142858,0.17857142857142858
0,Family,Daughter,60,0_0_0,0.019230769230769232,0.03773584905660377,1.0,0.7475247524752475,0.019230769230769232,0.0,0.0,0.0,0.0,0.0
0,Family,Daughter,60,0_0_1,0.4423076923076923,0.6133333333333333,1.0,0.8564356435643564,0.4423076923076923,0.06451612903225806,0.12121212121212122,1.0,0.06451612903225806,0.06451612903225806
0,Family,Daughter,60,0_1_0,0.7884615384615384,0.7522935779816514,0.7192982456140351,0.8663366336633663,0.6029411764705882,0.6451612903225806,0.7843137254901961,1.0,0.6451612903225806,0.6451612903225806
0,Family,Daughter,60,1_0_0,0.9807692307692307,0.6754966887417219,0.5151515151515151,0.7574257425742574,0.51,0.967741935483871,0.9836065573770492,1.0,0.967741935483871,0.967741935483871
0,Family,Daughter,60,1_1_1,0.6538461538461539,0.5862068965517241,0.53125,0.7623762376237624,0.4146341463414634,0.5806451612903226,0.7346938775510204,1.0,0.5806451612903226,0.5806451612903226
0,Family,Daughter,65,0_0_0,0.0,0.0,0.0,0.7425742574257426,0.0,0.0,0.0,0.0,0.0,0.0
0,Family,Daughter,65,0_0_1,0.38461538461538464,0.5555555555555556,1.0,0.8415841584158416,0.38461538461538464,0.030303030303030304,0.058823529411764705,1.0,0.030303030303030304,0.030303030303030304
0,Family,Daughter,65,0_1_0,0.8269230769230769,0.7889908256880734,0.7543859649122807,0.8861386138613861,0.6515151515151515,0.7272727272727273,0.8421052631578947,1.0,0.7272727272727273,0.7272727272727273
0,Family,Daughter,65,1_0_0,0.9807692307692307,0.6580645161290323,0.49514563106796117,0.7376237623762376,0.49038461538461536,0.9696969696969697,0.9846153846153847,1.0,0.9696969696969697,0.9696969696969697
0,Family,Daughter,65,1_1_1,0.6538461538461539,0.5666666666666667,0.5,0.7425742574257426,0.3953488372093023,0.6060606060606061,0.7547169811320755,1.0,0.6060606060606061,0.6060606060606061
0,Family,Daughter,70,0_0_0,0.0,0.0,0.0,0.7425742574257426,0.0,0.0,0.0,0.0,0.0,0.0
0,Family,Daughter,70,0_0_1,0.34615384615384615,0.5142857142857142,1.0,0.8316831683168316,0.34615384615384615,0.05555555555555555,0.10526315789473684,1.0,0.05555555555555555,0.05555555555555555
0,Family,Daughter,70,0_1_0,0.9423076923076923,0.7153284671532847,0.5764705882352941,0.806930693069307,0.5568181818181818,0.9166666666666666,0.9565217391304348,1.0,0.9166666666666666,0.9166666666666666
0,Family,Daughter,70,1_0_0,1.0,0.4094488188976378,0.25742574257425743,0.25742574257425743,0.25742574257425743,1.0,1.0,1.0,1.0,1.0
0,Family,Daughter,70,1_1_1,0.5961538461538461,0.4626865671641791,0.3780487804878049,0.6435643564356436,0.30097087378640774,0.4444444444444444,0.6153846153846154,1.0,0.4444444444444444,0.4444444444444444
0,Family,Daughter,75,0_0_0,0.0,0.0,0.0,0.7425742574257426,0.0,0.0,0.0,0.0,0.0,0.0
0,Family,Daughter,75,0_0_1,0.3076923076923077,0.47058823529411764,1.0,0.8217821782178217,0.3076923076923077,0.07692307692307693,0.14285714285714285,1.0,0.07692307692307693,0.07692307692307693
0,Family,Daughter,75,0_1_0,0.8461538461538461,0.822429906542056,0.8,0.905940594059406,0.6984126984126984,0.7948717948717948,0.8857142857142857,1.0,0.7948717948717948,0.7948717948717948
0,Family,Daughter,75,1_0_0,1.0,0.42448979591836733,0.2694300518134715,0.30198019801980197,0.2694300518134715,1.0,1.0,1.0,1.0,1.0
0,Family,Daughter,75,1_1_1,0.25,0.3561643835616438,0.6190476190476191,0.7673267326732673,0.21666666666666667,0.15384615384615385,0.26666666666666666,1.0,0.15384615384615385,0.15384615384615385
0,Family,Daughter,80,0_0_0,0.0,0.0,0.0,0.7425742574257426,0.0,0.0,0.0,0.0,0.0,0.0
0,Family,Daughter,80,0_0_1,0.25,0.4,1.0,0.806930693069307,0.25,0.04878048780487805,0.09302325581395349,1.0,0.04878048780487805,0.04878048780487805
0,Family,Daughter,80,0_1_0,0.7115384615384616,0.7551020408163265,0.8043478260869565,0.8811881188118812,0.6065573770491803,0.6341463414634146,0.7761194029850746,1.0,0.6341463414634146,0.6341463414634146
0,Family,Daughter,80,1_0_0,1.0,0.4369747899159664,0.27956989247311825,0.33663366336633666,0.27956989247311825,1.0,1.0,1.0,1.0,1.0
0,Family,Daughter,80,1_1_1,0.15384615384615385,0.24615384615384617,0.6153846153846154,0.7574257425742574,0.14035087719298245,0.0975609756097561,0.17777777777777778,1.0,0.0975609756097561,0.0975609756097561
0,Family,Female,0,0_0_0,0.20408163265306123,0.3389830508474576,1.0,0.6138613861386139,0.20408163265306123,,,,,
0,Family,Female,0,0_0_1,1.0,0.8376068376068376,0.7205882352941176,0.8118811881188119,0.7205882352941176,,,,,
0,Family,Female,0,0_1_0,1.0,1.0,1.0,1.0,1.0,,,,,
0,Family,Female,0,1_0_0,1.0,0.6533333333333333,0.48514851485148514,0.48514851485148514,0.48514851485148514,,,,,
0,Family,Female,0,1_1_1,0.0,0.0,0.0,0.3564356435643564,0.0,,,,,
0,Family,Female,5,0_0_0,0.17346938775510204,0.2956521739130435,1.0,0.599009900990099,0.17346938775510204,,,,,
0,Family,Female,5,0_0_1,1.0,0.8634361233480177,0.7596899224806202,0.8465346534653465,0.7596899224806202,,,,,
0,Family,Female,5,0_1_0,1.0,0.9849246231155779,0.9702970297029703,0.9851485148514851,0.9702970297029703,,,,,
0,Family,Female,5,1_0_0,1.0,0.6533333333333333,0.48514851485148514,0.48514851485148514,0.48514851485148514,,,,,
0,Family,Female,5,1_1_1,0.0,0.0,0.0,0.3613861386138614,0.0,,,,,
0,Family,Female,10,0_0_0,0.12244897959183673,0.21818181818181817,1.0,0.5742574257425742,0.12244897959183673,,,,,
0,Family,Female,10,0_0_1,1.0,0.9032258064516129,0.8235294117647058,0.8960396039603961,0.8235294117647058,,,,,
0,Family,Female,10,0_1_0,0.9795918367346939,0.96,0.9411764705882353,0.9603960396039604,0.9230769230769231,,,,,
0,Family,Female,10,1_0_0,1.0,0.6533333333333333,0.48514851485148514,0.48514851485148514,0.48514851485148514,,,,,
0,Family,Female,10,1_1_1,0.0,0.0,0.0,0.3316831683168317,0.0,,,,,
0,Family,Female,15,0_0_0,0.14285714285714285,0.25,1.0,0.5841584158415841,0.14285714285714285,0.0,0.0,0.0,0.0,0.0
0,Family,Female,15,0_0_1,0.9795918367346939,0.8847926267281107,0.8067226890756303,0.8762376237623762,0.7933884297520661,0.0,0.0,0.0,0.0,0.0
0,Family,Female,15,0_1_0,0.9489795918367347,0.9538461538461539,0.9587628865979382,0.9554455445544554,0.9117647058823529,0.0,0.0,0.0,0.0,0.0
0,Family,Female,15,1_0_0,1.0,0.6533333333333333,0.48514851485148514,0.48514851485148514,0.48514851485148514,1.0,1.0,1.0,1.0,1.0
0,Family,Female,15,1_1_1,0.0,0.0,0.0,0.3217821782178218,0.0,0.0,0.0,0.0,0.0,0.0
0,Family,Female,20,0_0_0,0.10204081632653061,0.18518518518518517,1.0,0.5643564356435643,0.10204081632653061,0.0,0.0,0.0,0.0,0.0
0,Family,Female,20,0_0_1,0.9693877551020408,0.8837209302325582,0.811965811965812,0.8762376237623762,0.7916666666666666,0.0,0.0,0.0,0.0,0.0
0,Family,Female,20,0_1_0,0.8979591836734694,0.9312169312169312,0.967032967032967,0.9356435643564357,0.8712871287128713,0.0,0.0,0.0,0.0,0.0
0,Family,Female,20,1_0_0,1.0,0.6533333333333333,0.48514851485148514,0.48514851485148514,0.48514851485148514,1.0,1.0,1.0,1.0,1.0
0,Family,Female,20,1_1_1,0.0,0.0,0.0,0.31683168316831684,0.0,0.0,0.0,0.0,0.0,0.0
0,Family,Female,25,0_0_0,0.061224489795918366,0.11538461538461539,1.0,0.5445544554455446,0.061224489795918366,0.0,0.0,0.0,0.0,0.0
0,Family,Female,25,0_0_1,0.9795918367346939,0.8930232558139535,0.8205128205128205,0.8861386138613861,0.8067226890756303,0.0,0.0,0.0,0.0,0.0
0,Family,Female,25,0_1_0,0.9285714285714286,0.9578947368421052,0.9891304347826086,0.9603960396039604,0.9191919191919192,0.0,0.0,0.0,0.0,0.0
0,Family,Female,25,1_0_0,1.0,0.6533333333333333,0.48514851485148514,0.48514851485148514,0.48514851485148514,1.0,1.0,1.0,1.0,1.0
0,Family,Female,25,1_1_1,0.030612244897959183,0.0297029702970297,0.028846153846153848,0.0297029702970297,0.01507537688442211,0.0,0.0,0.0,0.0,0.0
0,Family,Female,30,0_0_0,0.11224489795918367,0.2018348623853211,1.0,0.5693069306930693,0.11224489795918367,0.0,0.0,0.0,0.0,0.0
0,Family,Female,30,0_0_1,0.8673469387755102,0.8542713567839196,0.8415841584158416,0.8564356435643564,0.7456140350877193,0.6666666666666666,0.8,1.0,0.6666666666666666,0.6666666666666666
0,Family,Female,30,0_1_0,0.9591836734693877,0.749003984063745,0.6143790849673203,0.6881188118811881,0.5987261146496815,0.3333333333333333,0.5,1.0,0.3333333333333333,0.3333333333333333
0,Family,Female,30,1_0_0,1.0,0.6599326599326599,0.49246231155778897,0.5,0.49246231155778897,1.0,1.0,1.0,1.0,1.0
0,Family,Female,30,1_1_1,0.030612244897959183,0.041379310344827586,0.06382978723404255,0.3118811881188119,0.02112676056338028,0.0,0.0,0.0,0.0,0.0
0,Family,Female,35,0_0_0,0.05102040816326531,0.0970873786407767,1.0,0.5396039603960396,0.05102040816326531,0.0,0.0,0.0,0.0,0.0
0,Family,Female,35,0_0_1,0.8775510204081632,0.8958333333333334,0.9148936170212766,0.900990099009901,0.8113207547169812,0.25,0.4,1.0,0.25,0.25
0,Family,Female,35,0_1_0,0.8673469387755102,0.8717948717948718,0.8762886597938144,0.8762376237623762,0.7727272727272727,0.25,0.4,1.0,0.25,0.25
0,Family,Female,35,1_0_0,1.0,0.7,0.5384615384615384,0.5841584158415841,0.5384615384615384,1.0,1.0,1.0,1.0,1.0
0,Family,Female,35,1_1_1,0.08163265306122448,0.13445378151260504,0.38095238095238093,0.4900990099009901,0.07207207207207207,0.25,0.4,1.0,0.25,0.25
0,Family,Female,40,0_0_0,0.07142857142857142,0.13333333333333333,1.0,0.5495049504950495,0.07142857142857142,0.0,0.0,0.0,0.0,0.0
0,Family,Female,40,0_0_1,0.9081632653061225,0.8944723618090452,0.8811881188118812,0.8960396039603961,0.8090909090909091,0.4,0.5714285714285714,1.0,0.4,0.4
0,Family,Female,40,0_1_0,0.9081632653061225,0.89,0.8725490196078431,0.8910891089108911,0.8018018018018018,0.6,0.75,1.0,0.6,0.6
0,Family,Female,40,1_0_0,1.0,0.7025089605734767,0.5414364640883977,0.5891089108910891,0.5414364640883977,1.0,1.0,1.0,1.0,1.0
0,Family,Female,40,1_1_1,0.07142857142857142,0.11965811965811966,0.3684210526315789,0.4900990099009901,0.06363636363636363,0.2,0.3333333333333333,1.0,0.2,0.2
0,Family,Female,45,0_0_0,0.05102040816326531,0.0970873786407767,1.0,0.5396039603960396,0.05102040816326531,0.0,0.0,0.0,0.0,0.0
0,Family,Female,45,0_0_1,0.6530612244897959,0.7664670658682635,0.927536231884058,0.806930693069307,0.6213592233009708,0.16666666666666666,0.2857142857142857,1.0,0.16666666666666666,0.16666666666666666
0,Family,Female,45,0_1_0,0.7040816326530612,0.7840909090909091,0.8846153846153846,0.8118811881188119,0.6448598130841121,0.0,0.0,0.0,0.0,0.0
0,Family,Female,45,1_0_0,1.0,0.6758620689655173,0.5104166666666666,0.5346534653465347,0.5104166666666666,1.0,1.0,1.0,1.0,1.0
0,Family,Female,45,1_1_1,0.11224489795918367,0.13095238095238096,0.15714285714285714,0.27722772277227725,0.07006369426751592,0.5,0.6666666666666666,1.0,0.5,0.5
0,Family,Female,50,0_0_0,0.030612244897959183,0.0594059405940594,1.0,0.5297029702970297,0.030612244897959183,0.0,0.0,0.0,0.0,0.0
0,Family,Female,50,0_0_1,0.8775510204081632,0.8431372549019608,0.8113207547169812,0.8415841584158416,0.7288135593220338,0.5,0.6666666666666666,1.0,0.5,0.5
0,Family,Female,50,0_1_0,0.6224489795918368,0.7349397590361446,0.8970588235294118,0.7821782178217822,0.580952380952381,0.0,0.0,0.0,0.0,0.0
0,Family,Female,50,1_0_0,1.0,0.6644067796610169,0.49746192893401014,0.5099009900990099,0.49746192893401014,1.0,1.0,1.0,1.0,1.0
0,Family,Female,50,1_1_1,0.15306122448979592,0.1744186046511628,0.20270270270270271,0.297029702970297,0.09554140127388536,0.8333333333333334,0.9090909090909091,1.0,0.8333333333333334,0.8333333333333334
0,Family,Female,55,0_0_0,0.01020408163265306,0.020202020202020204,1.0,0.5198019801980198,0.01020408163265306,0.0,0.0,0.0,0.0,0.0
0,Family,Female,55,0_0_1,0.8979591836734694,0.8543689320388349,0.8148148148148148,0.8514851485148515,0.7457627118644068,0.8333333333333334,0.9090909090909091,1.0,0.8333333333333334,0.8333333333333334
0,Family,Female,55,0_1_0,0.6938775510204082,0.7906976744186046,0.918918918918919,0.8217821782178217,0.6538461538461539,0.0,0.0,0.0,0.0,0.0
0,Family,Female,55,1_0_0,1.0,0.6555183946488294,0.48756218905472637,0.4900990099009901,0.48756218905472637,1.0,1.0,1.0,1.0,1.0
0,Family,Female,55,1_1_1,0.23469387755102042,0.34328358208955223,0.6388888888888888,0.5643564356435643,0.2072072072072072,0.0,0.0,0.0,0.0,0.0
0,Family,Female,60,0_0_0,0.01020408163265306,0.020202020202020204,1.0,0.5198019801980198,0.01020408163265306,0.0,0.0,0.0,0.0,0.0
0,Family,Female,60,0_0_1,0.8877551020408163,0.8923076923076924,0.8969072164948454,0.8960396039603961,0.8055555555555556,0.6666666666666666,0.8,1.0,0.6666666666666666,0.6666666666666666
0,Family,Female,60,0_1_0,0.6632653061224489,0.7831325301204819,0.9558823529411765,0.8217821782178217,0.6435643564356436,0.0,0.0,0.0,0.0,0.0
0,Family,Female,60,1_0_0,1.0,0.6577181208053692,0.49,0.49504950495049505,0.49,1.0,1.0,1.0,1.0,1.0
0,Family,Female,60,1_1_1,0.23469387755102042,0.3357664233576642,0.5897435897435898,0.5495049504950495,0.20175438596491227,0.0,0.0,0.0,0.0,0.0
0,Family,Female,65,0_0_0,0.0,0.0,0.0,0.5148514851485149,0.0,0.0,0.0,0.0,0.0,0.0
0,Family,Female,65,0_0_1,0.7040816326530612,0.7796610169491526,0.8734177215189873,0.806930693069307,0.6388888888888888,0.42857142857142855,0.6,1.0,0.42857142857142855,0.42857142857142855
0,Family,Female,65,0_1_0,0.7040816326530612,0.8070175438596491,0.9452054794520548,0.8366336633663366,0.6764705882352942,0.0,0.0,0.0,0.0,0.0
0,Family,Female,65,1_0_0,1.0,0.6599326599326599,0.49246231155778897,0.5,0.49246231155778897,1.0,1.0,1.0,1.0,1.0
0,Family,Female,65,1_1_1,0.20408163265306123,0.30303030303030304,0.5882352941176471,0.5445544554455446,0.17857142857142858,0.0,0.0,0.0,0.0,0.0
0,Family,Female,70,0_0_0,0.0,0.0,0.0,0.5148514851485149,0.0,0.0,0.0,0.0,0.0,0.0
0,Family,Female,70,0_0_1,0.6428571428571429,0.7241379310344828,0.8289473684210527,0.7623762376237624,0.5675675675675675,0.42857142857142855,0.6,1.0,0.42857142857142855,0.42857142857142855
0,Family,Female,70,0_1_0,0.6938775510204082,0.7861271676300579,0.9066666666666666,0.8168316831683168,0.6476190476190476,0.0,0.0,0.0,0.0,0.0
0,Family,Female,70,1_0_0,1.0,0.6599326599326599,0.49246231155778897,0.5,0.49246231155778897,1.0,1.0,1.0,1.0,1.0
0,Family,Female,70,1_1_1,0.20408163265306123,0.3053435114503817,0.6060606060606061,0.5495049504950495,0.18018018018018017,0.0,0.0,0.0,0.0,0.0
0,Family,Female,75,0_0_0,0.0,0.0,0.0,0.5148514851485149,0.0,0.0,0.0,0.0,0.0,0.0
0,Family,Female,75,0_0_1,0.6122448979591837,0.7058823529411765,0.8333333333333334,0.7524752475247525,0.5454545454545454,0.25,0.4,1.0,0.25,0.25
0,Family,Female,75,0_1_0,0.5714285714285714,0.7044025157232704,0.9180327868852459,0.7673267326732673,0.5436893203883495,0.0,0.0,0.0,0.0,0.0
0,Family,Female,75,1_0_0,0.9897959183673469,0.6576271186440678,0.49238578680203043,0.5,0.4898989898989899,0.875,0.9333333333333333,1.0,0.875,0.875
0,Family,Female,75,1_1_1,0.25510204081632654,0.34965034965034963,0.5555555555555556,0.5396039603960396,0.211864406779661,0.0,0.0,0.0,0.0,0.0
0,Family,Female,80,0_0_0,0.0,0.0,0.0,0.5148514851485149,0.0,0.0,0.0,0.0,0.0,0.0
0,Family,Female,80,0_0_1,0.2653061224489796,0.4,0.8125,0.6138613861386139,0.25,0.1111111111111111,0.2,1.0,0.1111111111111111,0.1111111111111111
0,Family,Female,80,0_1_0,0.45918367346938777,0.5806451612903226,0.7894736842105263,0.6782178217821783,0.4090909090909091,0.2222222222222222,0.36363636363636365,1.0,0.2222222222222222,0.2222222222222222
0,Family,Female,80,1_0_0,0.9489795918367347,0.6914498141263941,0.543859649122807,0.5891089108910891,0.5284090909090909,1.0,1.0,1.0,1.0,1.0
0,Family,Female,80,1_1_1,0.9081632653061225,0.7841409691629956,0.689922480620155,0.7574257425742574,0.644927536231884,0.6666666666666666,0.8,1.0,0.6666666666666666,0.6666666666666666
0,Family,Father,0,0_0_0,0.0,0.0,0.0,0.7029702970297029,0.0,,,,,
0,Family,Father,0,0_0_1,1.0,0.7228915662650602,0.5660377358490566,0.7722772277227723,0.5660377358490566,,,,,
0,Family,Father,0,0_1_0,1.0,0.8695652173913043,0.7692307692307693,0.9108910891089109,0.7692307692307693,,,,,
0,Family,Father,0,1_0_0,1.0,0.4580152671755725,0.297029702970297,0.297029702970297,0.297029702970297,,,,,
0,Family,Father,0,1_1_1,0.03333333333333333,0.02564102564102564,0.020833333333333332,0.24752475247524752,0.012987012987012988,,,,,
0,Family,Father,5,0_0_0,0.016666666666666666,0.03278688524590164,1.0,0.7079207920792079,0.016666666666666666,0.0,0.0,0.0,0.0,0.0
0,Family,Father,5,0_0_1,1.0,0.7361963190184049,0.5825242718446602,0.7871287128712872,0.5825242718446602,1.0,1.0,1.0,1.0,1.0
0,Family,Father,5,0_1_0,1.0,0.8695652173913043,0.7692307692307693,0.9108910891089109,0.7692307692307693,1.0,1.0,1.0,1.0,1.0
0,Family,Father,5,1_0_0,1.0,0.4743083003952569,0.31088082901554404,0.3415841584158416,0.31088082901554404,1.0,1.0,1.0,1.0,1.0
0,Family,Father,5,1_1_1,0.016666666666666666,0.012987012987012988,0.010638297872340425,0.24752475247524752,0.006535947712418301,0.0,0.0,0.0,0.0,0.0
0,Family,Father,10,0_0_0,0.016666666666666666,0.03278688524590164,1.0,0.7079207920792079,0.016666666666666666,0.0,0.0,0.0,0.0,0.0
0,Family,Father,10,0_0_1,1.0,0.7228915662650602,0.5660377358490566,0.7722772277227723,0.5660377358490566,1.0,1.0,1.0,1.0,1.0
0,Family,Father,10,0_1_0,0.9833333333333333,0.8613138686131386,0.7662337662337663,0.905940594059406,0.7564102564102564,0.8333333333333334,0.9090909090909091,1.0,0.8333333333333334,0.8333333333333334
0,Family,Father,10,1_0_0,1.0,0.47244094488188976,0.30927835051546393,0.33663366336633666,0.30927835051546393,1.0,1.0,1.0,1.0,1.0
0,Family,Father,10,1_1_1,0.016666666666666666,0.013157894736842105,0.010869565217391304,0.25742574257425743,0.006622516556291391,0.0,0.0,0.0,0.0,0.0
0,Family,Father,15,0_0_0,0.016666666666666666,0.03278688524590164,1.0,0.7079207920792079,0.016666666666666666,0.0,0.0,0.0,0.0,0.0
0,Family,Father,15,0_0_1,0.9666666666666667,0.7435897435897436,0.6041666666666666,0.801980198019802,0.5918367346938775,0.7777777777777778,0.875,1.0,0.7777777777777778,0.7777777777777778
0,Family,Father,15,0_1_0,1.0,0.8163265306122449,0.6896551724137931,0.8663366336633663,0.6896551724137931,1.0,1.0,1.0,1.0,1.0
0,Family,Father,15,1_0_0,1.0,0.46511627906976744,0.30303030303030304,0.31683168316831684,0.30303030303030304,1.0,1.0,1.0,1.0,1.0
0,Family,Father,15,1_1_1,0.0,0.0,0.0,0.7029702970297029,0.0,0.0,0.0,0.0,0.0,0.0
0,Family,Father,20,0_0_0,0.016666666666666666,0.03278688524590164,1.0,0.7079207920792079,0.016666666666666666,0.0,0.0,0.0,0.0,0.0
0,Family,Father,20,0_0_1,0.9666666666666667,0.7073170731707317,0.5576923076923077,0.7623762376237624,0.5471698113207547,0.8333333333333334,0.9090909090909091,1.0,0.8333333333333334,0.8333333333333334
0,Family,Father,20,0_1_0,0.9666666666666667,0.8226950354609929,0.7160493827160493,0.8762376237623762,0.6987951807228916,0.8333333333333334,0.9090909090909091,1.0,0.8333333333333334,0.8333333333333334
0,Family,Father,20,1_0_0,1.0,0.4669260700389105,0.30456852791878175,0.3217821782178218,0.30456852791878175,1.0,1.0,1.0,1.0,1.0
0,Family,Father,20,1_1_1,0.0,0.0,0.0,0.7029702970297029,0.0,0.0,0.0,0.0,0.0,0.0
0,Family,Father,25,0_0_0,0.016666666666666666,0.03278688524590164,1.0,0.7079207920792079,0.016666666666666666,0.0,0.0,0.0,0.0,0.0
0,Family,Father,25,0_0_1,0.9666666666666667,0.7160493827160493,0.5686274509803921,0.7722772277227723,0.5576923076923077,0.8666666666666667,0.9285714285714286,1.0,0.8666666666666667,0.8666666666666667
0,Family,Father,25,0_1_0,0.95,0.8028169014084507,0.6951219512195121,0.8613861386138614,0.6705882352941176,0.8,0.8888888888888888,1.0,0.8,0.8
0,Family,Father,25,1_0_0,1.0,0.46511627906976744,0.30303030303030304,0.31683168316831684,0.30303030303030304,1.0,1.0,1.0,1.0,1.0
0,Family,Father,25,1_1_1,0.0,0.0,0.0,0.7029702970297029,0.0,0.0,0.0,0.0,0.0,0.0
0,Family,Father,30,0_0_0,0.016666666666666666,0.03278688524590164,1.0,0.7079207920792079,0.016666666666666666,0.0,0.0,0.0,0.0,0.0
0,Family,Father,30,0_0_1,0.9666666666666667,0.7581699346405228,0.6236559139784946,0.8168316831683168,0.6105263157894737,0.8888888888888888,0.9411764705882353,1.0,0.8888888888888888,0.8888888888888888
0,Family,Father,30,0_1_0,0.9166666666666666,0.8088235294117647,0.7236842105263158,0.8712871287128713,0.6790123456790124,0.7222222222222222,0.8387096774193549,1.0,0.7222222222222222,0.7222222222222222
0,Family,Father,30,1_0_0,1.0,0.46875,0.30612244897959184,0.32673267326732675,0.30612244897959184,1.0,1.0,1.0,1.0,1.0
0,Family,Father,30,1_1_1,0.0,0.0,0.0,0.7029702970297029,0.0,0.0,0.0,0.0,0.0,0.0
0,Family,Father,35,0_0_0,0.016666666666666666,0.03278688524590164,1.0,0.7079207920792079,0.016666666666666666,0.0,0.0,0.0,0.0,0.0
0,Family,Father,35,0_0_1,1.0,0.5882352941176471,0.4166666666666667,0.5841584158415841,0.4166666666666667,1.0,1.0,1.0,1.0,1.0
0,Family,Father,35,0_1_0,0.9833333333333333,0.6629213483146067,0.5,0.7029702970297029,0.4957983193277311,0.9523809523809523,0.975609756097561,1.0,0.9523809523809523,0.9523809523809523
0,Family,Father,35,1_0_0,1.0,0.4580152671755725,0.297029702970297,0.297029702970297,0.297029702970297,1.0,1.0,1.0,1.0,1.0
0,Family,Father,35,1_1_1,0.6,0.5454545454545454,0.5,0.7029702970297029,0.375,0.42857142857142855,0.6,1.0,0.42857142857142855,0.42857142857142855
0,Family,Father,40,0_0_0,0.03333333333333333,0.06451612903225806,1.0,0.7128712871287128,0.03333333333333333,0.0,0.0,0.0,0.0,0.0
0,Family,Father,40,0_0_1,0.9666666666666667,0.6408839779005525,0.4793388429752066,0.6782178217821783,0.4715447154471545,0.9166666666666666,0.9565217391304348,1.0,0.9166666666666666,0.9166666666666666
0,Family,Father,40,0_1_0,0.9333333333333333,0.6829268292682927,0.5384615384615384,0.7425742574257426,0.5185185185185185,0.8333333333333334,0.9090909090909091,1.0,0.8333333333333334,0.8333333333333334
0,Family,Father,40,1_0_0,1.0,0.46875,0.30612244897959184,0.32673267326732675,0.30612244897959184,1.0,1.0,1.0,1.0,1.0
0,Family,Father,40,1_1_1,0.1,0.10256410256410256,0.10526315789473684,0.4801980198019802,0.05405405405405406,0.16666666666666666,0.2857142857142857,1.0,0.16666666666666666,0.16666666666666666
0,Family,Father,45,0_0_0,0.05,0.09523809523809523,1.0,0.7178217821782178,0.05,0.0,0.0,0.0,0.0,0.0
0,Family,Father,45,0_0_1,0.95,0.6368715083798883,0.4789915966386555,0.6782178217821783,0.4672131147540984,0.8888888888888888,0.9411764705882353,1.0,0.8888888888888888,0.8888888888888888
0,Family,Father,45,0_1_0,0.9,0.6835443037974683,0.5510204081632653,0.7524752475247525,0.5192307692307693,0.7777777777777778,0.875,1.0,0.7777777777777778,0.7777777777777778
0,Family,Father,45,1_0_0,1.0,0.4669260700389105,0.30456852791878175,0.3217821782178218,0.30456852791878175,1.0,1.0,1.0,1.0,1.0
0,Family,Father,45,1_1_1,0.08333333333333333,0.08620689655172414,0.08928571428571429,0.4752475247524752,0.04504504504504504,0.14814814814814814,0.25806451612903225,1.0,0.14814814814814814,0.14814814814814814
0,Family,Father,50,0_0_0,0.016666666666666666,0.03278688524590164,1.0,0.7079207920792079,0.016666666666666666,0.0,0.0,0.0,0.0,0.0
0,Family,Father,50,0_0_1,0.95,0.6263736263736264,0.4672131147540984,0.6633663366336634,0.456,0.9,0.9473684210526315,1.0,0.9,0.9
0,Family,Father,50,0_1_0,0.85,0.68,0.5666666666666667,0.7623762376237624,0.5151515151515151,0.7,0.8235294117647058,1.0,0.7,0.7
0,Family,Father,50,1_0_0,1.0,0.4580152671755725,0.297029702970297,0.297029702970297,0.297029702970297,1.0,1.0,1.0,1.0,1.0
0,Family,Father,50,1_1_1,0.1,0.09917355371900827,0.09836065573770492,0.4603960396039604,0.05217391304347826,0.16666666666666666,0.2857142857142857,1.0,0.16666666666666666,0.16666666666666666
0,Family,Father,55,0_0_0,0.016666666666666666,0.03278688524590164,1.0,0.7079207920792079,0.016666666666666666,0.0,0.0,0.0,0.0,0.0
0,Family,Father,55,0_0_1,0.9333333333333333,0.6086956521739131,0.45161290322580644,0.6435643564356436,0.4375,0.8787878787878788,0.9354838709677419,1.0,0.8787878787878788,0.8787878787878788
0,Family,Father,55,0_1_0,0.8166666666666667,0.6577181208053692,0.550561797752809,0.7475247524752475,0.49,0.6666666666666666,0.8,1.0,0.6666666666666666,0.6666666666666666
0,Family,Father,55,1_0_0,1.0,0.46332046332046334,0.3015075376884422,0.3118811881188119,0.3015075376884422,1.0,1.0,1.0,1.0,1.0
0,Family,Father,55,1_1_1,0.11666666666666667,0.11965811965811966,0.12280701754385964,0.4900990099009901,0.06363636363636363,0.15151515151515152,0.2631578947368421,1.0,0.15151515151515152,0.15151515151515152
0,Family,Father,60,0_0_0,0.0,0.0,0.0,0.7029702970297029,0.0,0.0,0.0,0.0,0.0,0.0
0,Family,Father,60,0_0_1,0.9,0.6136363636363636,0.46551724137931033,0.6633663366336634,0.4426229508196721,0.8333333333333334,0.9090909090909091,1.0,0.8333333333333334,0.8333333333333334
0,Family,Father,60,0_1_0,0.7166666666666667,0.6013986013986014,0.5180722891566265,0.7178217821782178,0.43,0.5277777777777778,0.6909090909090909,1.0,0.5277777777777778,0.5277777777777778
0,Family,Father,60,1_0_0,1.0,0.45977011494252873,0.29850746268656714,0.30198019801980197,0.29850746268656714,1.0,1.0,1.0,1.0,1.0
0,Family,Father,60,1_1_1,0.16666666666666666,0.15748031496062992,0.14925373134328357,0.47029702970297027,0.08547008547008547,0.16666666666666666,0.2857142857142857,1.0,0.16666666666666666,0.16666666666666666
0,Family,Father,65,0_0_0,0.03333333333333333,0.06451612903225806,1.0,0.7128712871287128,0.03333333333333333,0.0,0.0,0.0,0.0,0.0
0,Family,Father,65,0_0_1,0.9,0.6,0.45,0.6435643564356436,0.42857142857142855,0.8461538461538461,0.9166666666666666,1.0,0.8461538461538461,0.8461538461538461
0,Family,Father,65,0_1_0,0.7166666666666667,0.6277372262773723,0.5584415584415584,0.7475247524752475,0.4574468085106383,0.5641025641025641,0.7213114754098361,1.0,0.5641025641025641,0.5641025641025641
0,Family,Father,65,1_0_0,1.0,0.45977011494252873,0.29850746268656714,0.30198019801980197,0.29850746268656714,1.0,1.0,1.0,1.0,1.0
0,Family,Father,65,1_1_1,0.18333333333333332,0.18032786885245902,0.1774193548387097,0.504950495049505,0.0990990990990991,0.1794871794871795,0.30434782608695654,1.0,0.1794871794871795,0.1794871794871795
0,Family,Father,70,0_0_0,0.03333333333333333,0.06451612903225806,1.0,0.7128712871287128,0.03333333333333333,0.0,0.0,0.0,0.0,0.0
0,Family,Father,70,0_0_1,0.8666666666666667,0.5977011494252874,0.45614035087719296,0.6534653465346535,0.4262295081967213,0.8095238095238095,0.8947368421052632,1.0,0.8095238095238095,0.8095238095238095
0,Family,Father,70,0_1_0,0.6666666666666666,0.625,0.5882352941176471,0.7623762376237624,0.45454545454545453,0.5238095238095238,0.6875,1.0,0.5238095238095238,0.5238095238095238
0,Family,Father,70,1_0_0,1.0,0.4669260700389105,0.30456852791878175,0.3217821782178218,0.30456852791878175,1.0,1.0,1.0,1.0,1.0
0,Family,Father,70,1_1_1,0.15,0.15126050420168066,0.15254237288135594,0.5,0.08181818181818182,0.16666666666666666,0.2857142857142857,1.0,0.16666666666666666,0.16666666666666666
0,Family,Father,75,0_0_0,0.016666666666666666,0.03278688524590164,1.0,0.7079207920792079,0.016666666666666666,0.0,0.0,0.0,0.0,0.0
0,Family,Father,75,0_0_1,0.8666666666666667,0.6081871345029239,0.46846846846846846,0.6683168316831684,0.4369747899159664,0.8222222222222222,0.9024390243902439,1.0,0.8222222222222222,0.8222222222222222
0,Family,Father,75,0_1_0,0.6833333333333333,0.5774647887323944,0.5,0.7029702970297029,0.40594059405940597,0.5777777777777777,0.7323943661971831,1.0,0.5777777777777777,0.5777777777777777
0,Family,Father,75,1_0_0,1.0,0.4669260700389105,0.30456852791878175,0.3217821782178218,0.30456852791878175,1.0,1.0,1.0,1.0,1.0
0,Family,Father,75,1_1_1,0.18333333333333332,0.16541353383458646,0.1506849315068493,0.4504950495049505,0.09016393442622951,0.2222222222222222,0.36363636363636365,1.0,0.2222222222222222,0.2222222222222222
0,Family,Father,80,0_0_0,0.05,0.09523809523809523,1.0,0.7178217821782178,0.05,0.0,0.0,0.0,0.0,0.0
0,Family,Father,80,0_0_1,0.8333333333333334,0.6060606060606061,0.47619047619047616,0.6782178217821783,0.43478260869565216,0.7916666666666666,0.8837209302325582,1.0,0.7916666666666666,0.7916666666666666
0,Family,Father,80,0_1_0,0.55,0.5409836065573771,0.532258064516129,0.7227722772277227,0.3707865168539326,0.4375,0.6086956521739131,1.0,0.4375,0.4375
0,Family,Father,80,1_0_0,1.0,0.46875,0.30612244897959184,0.32673267326732675,0.30612244897959184,1.0,1.0,1.0,1.0,1.0
0,Family,Father,80,1_1_1,0.21666666666666667,0.1925925925925926,0.17333333333333334,0.4603960396039604,0.10655737704918032,0.25,0.4,1.0,0.25,0.25
0,Family,Parent,0,0_0_0,0.0,0.0,0.0,0.40594059405940597,0.0,,,,,
0,Family,Parent,0,0_0_1,0.016666666666666666,0.03225806451612903,0.5,0.40594059405940597,0.01639344262295082,,,,,
0,Family,Parent,0,0_1_0,0.0,0.0,0.0,0.40594059405940597,0.0,,,,,
0,Family,Parent,0,1_0_0,0.9833333333333333,0.7398119122257053,0.592964824120603,0.5891089108910891,0.5870646766169154,,,,,
0,Family,Parent,0,1_1_1,0.5083333333333333,0.4959349593495935,0.48412698412698413,0.38613861386138615,0.32972972972972975,,,,,
0,Family,Parent,5,0_0_0,0.0,0.0,0.0,0.40594059405940597,0.0,,,,,
0,Family,Parent,5,0_0_1,0.016666666666666666,0.03225806451612903,0.5,0.40594059405940597,0.01639344262295082,,,,,
0,Family,Parent,5,0_1_0,0.0,0.0,0.0,0.40594059405940597,0.0,,,,,
0,Family,Parent,5,1_0_0,0.9833333333333333,0.7398119122257053,0.592964824120603,0.5891089108910891,0.5870646766169154,,,,,
0,Family,Parent,5,1_1_1,0.5083333333333333,0.4959349593495935,0.48412698412698413,0.38613861386138615,0.32972972972972975,,,,,
0,Family,Parent,10,0_0_0,0.0,0.0,0.0,0.40594059405940597,0.0,,,,,
0,Family,Parent,10,0_0_1,0.016666666666666666,0.03225806451612903,0.5,0.40594059405940597,0.01639344262295082,,,,,
0,Family,Parent,10,0_1_0,0.0,0.0,0.0,0.40594059405940597,0.0,,,,,
0,Family,Parent,10,1_0_0,0.9833333333333333,0.7398119122257053,0.592964824120603,0.5891089108910891,0.5870646766169154,,,,,
0,Family,Parent,10,1_1_1,0.5083333333333333,0.4959349593495935,0.48412698412698413,0.38613861386138615,0.32972972972972975,,,,,
0,Family,Parent,15,0_0_0,0.0,0.0,0.0,0.40594059405940597,0.0,,,,,
0,Family,Parent,15,0_0_1,0.016666666666666666,0.03225806451612903,0.5,0.40594059405940597,0.01639344262295082,,,,,
0,Family,Parent,15,0_1_0,0.0,0.0,0.0,0.40594059405940597,0.0,,,,,
0,Family,Parent,15,1_0_0,0.9833333333333333,0.7398119122257053,0.592964824120603,0.5891089108910891,0.5870646766169154,,,,,
0,Family,Parent,15,1_1_1,0.5083333333333333,0.4959349593495935,0.48412698412698413,0.38613861386138615,0.32972972972972975,,,,,
0,Family,Parent,20,0_0_0,0.0,0.0,0.0,0.40594059405940597,0.0,,,,,
0,Family,Parent,20,0_0_1,0.016666666666666666,0.03225806451612903,0.5,0.40594059405940597,0.01639344262295082,,,,,
0,Family,Parent,20,0_1_0,0.0,0.0,0.0,0.40594059405940597,0.0,,,,,
0,Family,Parent,20,1_0_0,0.9833333333333333,0.7398119122257053,0.592964824120603,0.5891089108910891,0.5870646766169154,,,,,
0,Family,Parent,20,1_1_1,0.5083333333333333,0.4959349593495935,0.48412698412698413,0.38613861386138615,0.32972972972972975,,,,,
0,Family,Parent,25,0_0_0,0.0,0.0,0.0,0.40594059405940597,0.0,,,,,
0,Family,Parent,25,0_0_1,0.016666666666666666,0.03225806451612903,0.5,0.40594059405940597,0.01639344262295082,,,,,
0,Family,Parent,25,0_1_0,0.0,0.0,0.0,0.40594059405940597,0.0,,,,,
0,Family,Parent,25,1_0_0,0.9833333333333333,0.7398119122257053,0.592964824120603,0.5891089108910891,0.5870646766169154,,,,,
0,Family,Parent,25,1_1_1,0.5083333333333333,0.4959349593495935,0.48412698412698413,0.38613861386138615,0.32972972972972975,,,,,
0,Family,Parent,30,0_0_0,0.0,0.0,0.0,0.40594059405940597,0.0,,,,,
0,Family,Parent,30,0_0_1,0.016666666666666666,0.03225806451612903,0.5,0.40594059405940597,0.01639344262295082,,,,,
0,Family,Parent,30,0_1_0,0.0,0.0,0.0,0.40594059405940597,0.0,,,,,
0,Family,Parent,30,1_0_0,0.9833333333333333,0.7398119122257053,0.592964824120603,0.5891089108910891,0.5870646766169154,,,,,
0,Family,Parent,30,1_1_1,0.5083333333333333,0.4959349593495935,0.48412698412698413,0.38613861386138615,0.32972972972972975,,,,,
0,Family,Parent,35,0_0_0,0.0,0.0,0.0,0.40594059405940597,0.0,,,,,
0,Family,Parent,35,0_0_1,0.016666666666666666,0.03225806451612903,0.5,0.40594059405940597,0.01639344262295082,,,,,
0,Family,Parent,35,0_1_0,0.0,0.0,0.0,0.40594059405940597,0.0,,,,,
0,Family,Parent,35,1_0_0,0.9833333333333333,0.7398119122257053,0.592964824120603,0.5891089108910891,0.5870646766169154,,,,,
0,Family,Parent,35,1_1_1,0.5083333333333333,0.4959349593495935,0.48412698412698413,0.38613861386138615,0.32972972972972975,,,,,
0,Family,Parent,40,0_0_0,0.0,0.0,0.0,0.40594059405940597,0.0,,,,,
0,Family,Parent,40,0_0_1,0.016666666666666666,0.03225806451612903,0.5,0.40594059405940597,0.01639344262295082,,,,,
0,Family,Parent,40,0_1_0,0.0,0.0,0.0,0.40594059405940597,0.0,,,,,
0,Family,Parent,40,1_0_0,0.9833333333333333,0.7398119122257053,0.592964824120603,0.5891089108910891,0.5870646766169154,,,,,
0,Family,Parent,40,1_1_1,0.5083333333333333,0.4959349593495935,0.48412698412698413,0.38613861386138615,0.32972972972972975,,,,,
0,Family,Parent,45,0_0_0,0.0,0.0,0.0,0.40594059405940597,0.0,,,,,
0,Family,Parent,45,0_0_1,0.016666666666666666,0.03225806451612903,0.5,0.40594059405940597,0.01639344262295082,,,,,
0,Family,Parent,45,0_1_0,0.0,0.0,0.0,0.40594059405940597,0.0,,,,,
0,Family,Parent,45,1_0_0,0.9833333333333333,0.7398119122257053,0.592964824120603,0.5891089108910891,0.5870646766169154,,,,,
0,Family,Parent,45,1_1_1,0.5083333333333333,0.4959349593495935,0.48412698412698413,0.38613861386138615,0.32972972972972975,,,,,
0,Family,Parent,50,0_0_0,0.0,0.0,0.0,0.40594059405940597,0.0,,,,,
0,Family,Parent,50,0_0_1,0.016666666666666666,0.03225806451612903,0.5,0.40594059405940597,0.01639344262295082,,,,,
0,Family,Parent,50,0_1_0,0.0,0.0,0.0,0.40594059405940597,0.0,,,,,
0,Family,Parent,50,1_0_0,0.9833333333333333,0.7398119122257053,0.592964824120603,0.5891089108910891,0.5870646766169154,,,,,
0,Family,Parent,50,1_1_1,0.5083333333333333,0.4959349593495935,0.48412698412698413,0.38613861386138615,0.32972972972972975,,,,,
0,Family,Parent,55,0_0_0,0.0,0.0,0.0,0.40594059405940597,0.0,,,,,
0,Family,Parent,55,0_0_1,0.016666666666666666,0.03225806451612903,0.5,0.40594059405940597,0.01639344262295082,,,,,
0,Family,Parent,55,0_1_0,0.0,0.0,0.0,0.40594059405940597,0.0,,,,,
0,Family,Parent,55,1_0_0,0.9833333333333333,0.7398119122257053,0.592964824120603,0.5891089108910891,0.5870646766169154,,,,,
0,Family,Parent,55,1_1_1,0.5083333333333333,0.4959349593495935,0.48412698412698413,0.38613861386138615,0.32972972972972975,,,,,
0,Family,Parent,60,0_0_0,0.0,0.0,0.0,0.40594059405940597,0.0,,,,,
0,Family,Parent,60,0_0_1,0.016666666666666666,0.03225806451612903,0.5,0.40594059405940597,0.01639344262295082,,,,,
0,Family,Parent,60,0_1_0,0.0,0.0,0.0,0.40594059405940597,0.0,,,,,
0,Family,Parent,60,1_0_0,0.9833333333333333,0.7398119122257053,0.592964824120603,0.5891089108910891,0.5870646766169154,,,,,
0,Family,Parent,60,1_1_1,0.5083333333333333,0.4959349593495935,0.48412698412698413,0.38613861386138615,0.32972972972972975,,,,,
0,Family,Parent,65,0_0_0,0.0,0.0,0.0,0.40594059405940597,0.0,,,,,
0,Family,Parent,65,0_0_1,0.016666666666666666,0.03225806451612903,0.5,0.40594059405940597,0.01639344262295082,,,,,
0,Family,Parent,65,0_1_0,0.0,0.0,0.0,0.40594059405940597,0.0,,,,,
0,Family,Parent,65,1_0_0,0.9833333333333333,0.7398119122257053,0.592964824120603,0.5891089108910891,0.5870646766169154,,,,,
0,Family,Parent,65,1_1_1,0.5083333333333333,0.4959349593495935,0.48412698412698413,0.38613861386138615,0.32972972972972975,,,,,
0,Family,Parent,70,0_0_0,0.0,0.0,0.0,0.40594059405940597,0.0,,,,,
0,Family,Parent,70,0_0_1,0.016666666666666666,0.03225806451612903,0.5,0.40594059405940597,0.01639344262295082,,,,,
0,Family,Parent,70,0_1_0,0.0,0.0,0.0,0.40594059405940597,0.0,,,,,
0,Family,Parent,70,1_0_0,0.9833333333333333,0.7398119122257053,0.592964824120603,0.5891089108910891,0.5870646766169154,,,,,
0,Family,Parent,70,1_1_1,0.5083333333333333,0.4959349593495935,0.48412698412698413,0.38613861386138615,0.32972972972972975,,,,,
0,Family,Parent,75,0_0_0,0.0,0.0,0.0,0.40594059405940597,0.0,,,,,
0,Family,Parent,75,0_0_1,0.016666666666666666,0.03225806451612903,0.5,0.40594059405940597,0.01639344262295082,,,,,
0,Family,Parent,75,0_1_0,0.0,0.0,0.0,0.40594059405940597,0.0,,,,,
0,Family,Parent,75,1_0_0,0.9833333333333333,0.7398119122257053,0.592964824120603,0.5891089108910891,0.5870646766169154,,,,,
0,Family,Parent,75,1_1_1,0.5083333333333333,0.4959349593495935,0.48412698412698413,0.38613861386138615,0.32972972972972975,,,,,
0,Family,Parent,80,0_0_0,0.0,0.0,0.0,0.40594059405940597,0.0,,,,,
0,Family,Parent,80,0_0_1,0.016666666666666666,0.03225806451612903,0.5,0.40594059405940597,0.01639344262295082,,,,,
0,Family,Parent,80,0_1_0,0.0,0.0,0.0,0.40594059405940597,0.0,,,,,
0,Family,Parent,80,1_0_0,0.9833333333333333,0.7398119122257053,0.592964824120603,0.5891089108910891,0.5870646766169154,,,,,
0,Family,Parent,80,1_1_1,0.5083333333333333,0.4959349593495935,0.48412698412698413,0.38613861386138615,0.32972972972972975,,,,,
0,Family,Grandchild,0,0_0_0,0.0,0.0,0.0,0.6039603960396039,0.0,,,,,
0,Family,Grandchild,0,0_0_1,0.175,0.2978723404255319,1.0,0.6732673267326733,0.175,,,,,
0,Family,Grandchild,0,0_1_0,0.0,0.0,0.0,0.6039603960396039,0.0,,,,,
0,Family,Grandchild,0,1_0_0,1.0,0.6177606177606177,0.44692737430167595,0.5099009900990099,0.44692737430167595,,,,,
0,Family,Grandchild,0,1_1_1,0.275,0.27672955974842767,0.27848101265822783,0.4306930693069307,0.16058394160583941,,,,,
0,Family,Grandchild,5,0_0_0,0.0,0.0,0.0,0.6039603960396039,0.0,,,,,
0,Family,Grandchild,5,0_0_1,0.175,0.2978723404255319,1.0,0.6732673267326733,0.175,,,,,
0,Family,Grandchild,5,0_1_0,0.0,0.0,0.0,0.6039603960396039,0.0,,,,,
0,Family,Grandchild,5,1_0_0,1.0,0.6177606177606177,0.44692737430167595,0.5099009900990099,0.44692737430167595,,,,,
0,Family,Grandchild,5,1_1_1,0.275,0.27672955974842767,0.27848101265822783,0.4306930693069307,0.16058394160583941,,,,,
0,Family,Grandchild,10,0_0_0,0.0,0.0,0.0,0.6039603960396039,0.0,,,,,
0,Family,Grandchild,10,0_0_1,0.175,0.2978723404255319,1.0,0.6732673267326733,0.175,,,,,
0,Family,Grandchild,10,0_1_0,0.0,0.0,0.0,0.6039603960396039,0.0,,,,,
0,Family,Grandchild,10,1_0_0,1.0,0.6177606177606177,0.44692737430167595,0.5099009900990099,0.44692737430167595,,,,,
0,Family,Grandchild,10,1_1_1,0.275,0.27672955974842767,0.27848101265822783,0.4306930693069307,0.16058394160583941,,,,,
0,Family,Grandchild,15,0_0_0,0.0,0.0,0.0,0.6039603960396039,0.0,,,,,
0,Family,Grandchild,15,0_0_1,0.175,0.2978723404255319,1.0,0.6732673267326733,0.175,,,,,
0,Family,Grandchild,15,0_1_0,0.0,0.0,0.0,0.6039603960396039,0.0,,,,,
0,Family,Grandchild,15,1_0_0,1.0,0.6177606177606177,0.44692737430167595,0.5099009900990099,0.44692737430167595,,,,,
0,Family,Grandchild,15,1_1_1,0.275,0.27672955974842767,0.27848101265822783,0.4306930693069307,0.16058394160583941,,,,,
0,Family,Grandchild,20,0_0_0,0.0,0.0,0.0,0.6039603960396039,0.0,,,,,
0,Family,Grandchild,20,0_0_1,0.175,0.2978723404255319,1.0,0.6732673267326733,0.175,,,,,
0,Family,Grandchild,20,0_1_0,0.0,0.0,0.0,0.6039603960396039,0.0,,,,,
0,Family,Grandchild,20,1_0_0,1.0,0.6177606177606177,0.44692737430167595,0.5099009900990099,0.44692737430167595,,,,,
0,Family,Grandchild,20,1_1_1,0.275,0.27672955974842767,0.27848101265822783,0.4306930693069307,0.16058394160583941,,,,,
0,Family,Grandchild,25,0_0_0,0.0,0.0,0.0,0.6039603960396039,0.0,,,,,
0,Family,Grandchild,25,0_0_1,0.175,0.2978723404255319,1.0,0.6732673267326733,0.175,,,,,
0,Family,Grandchild,25,0_1_0,0.0,0.0,0.0,0.6039603960396039,0.0,,,,,
0,Family,Grandchild,25,1_0_0,1.0,0.6177606177606177,0.44692737430167595,0.5099009900990099,0.44692737430167595,,,,,
0,Family,Grandchild,25,1_1_1,0.275,0.27672955974842767,0.27848101265822783,0.4306930693069307,0.16058394160583941,,,,,
0,Family,Grandchild,30,0_0_0,0.0,0.0,0.0,0.6039603960396039,0.0,,,,,
0,Family,Grandchild,30,0_0_1,0.175,0.2978723404255319,1.0,0.6732673267326733,0.175,,,,,
0,Family,Grandchild,30,0_1_0,0.0,0.0,0.0,0.6039603960396039,0.0,,,,,
0,Family,Grandchild,30,1_0_0,1.0,0.6177606177606177,0.44692737430167595,0.5099009900990099,0.44692737430167595,,,,,
0,Family,Grandchild,30,1_1_1,0.275,0.27672955974842767,0.27848101265822783,0.4306930693069307,0.16058394160583941,,,,,
0,Family,Grandchild,35,0_0_0,0.0,0.0,0.0,0.6039603960396039,0.0,,,,,
0,Family,Grandchild,35,0_0_1,0.175,0.2978723404255319,1.0,0.6732673267326733,0.175,,,,,
0,Family,Grandchild,35,0_1_0,0.0,0.0,0.0,0.6039603960396039,0.0,,,,,
0,Family,Grandchild,35,1_0_0,1.0,0.6177606177606177,0.44692737430167595,0.5099009900990099,0.44692737430167595,,,,,
0,Family,Grandchild,35,1_1_1,0.275,0.27672955974842767,0.27848101265822783,0.4306930693069307,0.16058394160583941,,,,,
0,Family,Grandchild,40,0_0_0,0.0,0.0,0.0,0.6039603960396039,0.0,,,,,
0,Family,Grandchild,40,0_0_1,0.175,0.2978723404255319,1.0,0.6732673267326733,0.175,,,,,
0,Family,Grandchild,40,0_1_0,0.0,0.0,0.0,0.6039603960396039,0.0,,,,,
0,Family,Grandchild,40,1_0_0,1.0,0.6177606177606177,0.44692737430167595,0.5099009900990099,0.44692737430167595,,,,,
0,Family,Grandchild,40,1_1_1,0.275,0.27672955974842767,0.27848101265822783,0.4306930693069307,0.16058394160583941,,,,,
0,Family,Grandchild,45,0_0_0,0.0,0.0,0.0,0.6039603960396039,0.0,,,,,
0,Family,Grandchild,45,0_0_1,0.175,0.2978723404255319,1.0,0.6732673267326733,0.175,,,,,
0,Family,Grandchild,45,0_1_0,0.0,0.0,0.0,0.6039603960396039,0.0,,,,,
0,Family,Grandchild,45,1_0_0,1.0,0.6177606177606177,0.44692737430167595,0.5099009900990099,0.44692737430167595,,,,,
0,Family,Grandchild,45,1_1_1,0.275,0.27672955974842767,0.27848101265822783,0.4306930693069307,0.16058394160583941,,,,,
0,Family,Grandchild,50,0_0_0,0.0,0.0,0.0,0.6039603960396039,0.0,,,,,
0,Family,Grandchild,50,0_0_1,0.175,0.2978723404255319,1.0,0.6732673267326733,0.175,,,,,
0,Family,Grandchild,50,0_1_0,0.0,0.0,0.0,0.6039603960396039,0.0,,,,,
0,Family,Grandchild,50,1_0_0,1.0,0.6177606177606177,0.44692737430167595,0.5099009900990099,0.44692737430167595,,,,,
0,Family,Grandchild,50,1_1_1,0.275,0.27672955974842767,0.27848101265822783,0.4306930693069307,0.16058394160583941,,,,,
0,Family,Grandchild,55,0_0_0,0.0,0.0,0.0,0.6039603960396039,0.0,,,,,
0,Family,Grandchild,55,0_0_1,0.175,0.2978723404255319,1.0,0.6732673267326733,0.175,,,,,
0,Family,Grandchild,55,0_1_0,0.0,0.0,0.0,0.6039603960396039,0.0,,,,,
0,Family,Grandchild,55,1_0_0,1.0,0.6177606177606177,0.44692737430167595,0.5099009900990099,0.44692737430167595,,,,,
0,Family,Grandchild,55,1_1_1,0.275,0.27672955974842767,0.27848101265822783,0.4306930693069307,0.16058394160583941,,,,,
0,Family,Grandchild,60,0_0_0,0.0,0.0,0.0,0.6039603960396039,0.0,,,,,
0,Family,Grandchild,60,0_0_1,0.175,0.2978723404255319,1.0,0.6732673267326733,0.175,,,,,
0,Family,Grandchild,60,0_1_0,0.0,0.0,0.0,0.6039603960396039,0.0,,,,,
0,Family,Grandchild,60,1_0_0,1.0,0.6177606177606177,0.44692737430167595,0.5099009900990099,0.44692737430167595,,,,,
0,Family,Grandchild,60,1_1_1,0.275,0.27672955974842767,0.27848101265822783,0.4306930693069307,0.16058394160583941,,,,,
0,Family,Grandchild,65,0_0_0,0.0,0.0,0.0,0.6039603960396039,0.0,,,,,
0,Family,Grandchild,65,0_0_1,0.175,0.2978723404255319,1.0,0.6732673267326733,0.175,,,,,
0,Family,Grandchild,65,0_1_0,0.0,0.0,0.0,0.6039603960396039,0.0,,,,,
0,Family,Grandchild,65,1_0_0,1.0,0.6177606177606177,0.44692737430167595,0.5099009900990099,0.44692737430167595,,,,,
0,Family,Grandchild,65,1_1_1,0.275,0.27672955974842767,0.27848101265822783,0.4306930693069307,0.16058394160583941,,,,,
0,Family,Grandchild,70,0_0_0,0.0,0.0,0.0,0.6039603960396039,0.0,,,,,
0,Family,Grandchild,70,0_0_1,0.175,0.2978723404255319,1.0,0.6732673267326733,0.175,,,,,
0,Family,Grandchild,70,0_1_0,0.0,0.0,0.0,0.6039603960396039,0.0,,,,,
0,Family,Grandchild,70,1_0_0,1.0,0.6177606177606177,0.44692737430167595,0.5099009900990099,0.44692737430167595,,,,,
0,Family,Grandchild,70,1_1_1,0.275,0.27672955974842767,0.27848101265822783,0.4306930693069307,0.16058394160583941,,,,,
0,Family,Grandchild,75,0_0_0,0.0,0.0,0.0,0.6039603960396039,0.0,,,,,
0,Family,Grandchild,75,0_0_1,0.175,0.2978723404255319,1.0,0.6732673267326733,0.175,,,,,
0,Family,Grandchild,75,0_1_0,0.0,0.0,0.0,0.6039603960396039,0.0,,,,,
0,Family,Grandchild,75,1_0_0,1.0,0.6177606177606177,0.44692737430167595,0.5099009900990099,0.44692737430167595,,,,,
0,Family,Grandchild,75,1_1_1,0.275,0.27672955974842767,0.27848101265822783,0.4306930693069307,0.16058394160583941,,,,,
0,Family,Grandchild,80,0_0_0,0.0,0.0,0.0,0.6039603960396039,0.0,,,,,
0,Family,Grandchild,80,0_0_1,0.175,0.2978723404255319,1.0,0.6732673267326733,0.175,,,,,
0,Family,Grandchild,80,0_1_0,0.0,0.0,0.0,0.6039603960396039,0.0,,,,,
0,Family,Grandchild,80,1_0_0,1.0,0.6177606177606177,0.44692737430167595,0.5099009900990099,0.44692737430167595,,,,,
0,Family,Grandchild,80,1_1_1,0.275,0.27672955974842767,0.27848101265822783,0.4306930693069307,0.16058394160583941,,,,,
0,Family,Granddaughter,0,0_0_0,0.1891891891891892,0.3181818181818182,1.0,0.8514851485148515,0.1891891891891892,,,,,
0,Family,Granddaughter,0,0_0_1,1.0,0.7184466019417476,0.5606060606060606,0.8564356435643564,0.5606060606060606,,,,,
0,Family,Granddaughter,0,0_1_0,1.0,0.8043478260869565,0.6727272727272727,0.9108910891089109,0.6727272727272727,,,,,
0,Family,Granddaughter,0,1_0_0,1.0,0.3162393162393162,0.18781725888324874,0.2079207920792079,0.18781725888324874,,,,,
0,Family,Granddaughter,0,1_1_1,0.0,0.0,0.0,0.6683168316831684,0.0,,,,,
0,Family,Granddaughter,5,0_0_0,0.1891891891891892,0.3181818181818182,1.0,0.8514851485148515,0.1891891891891892,0.0,0.0,0.0,0.0,0.0
0,Family,Granddaughter,5,0_0_1,1.0,0.7326732673267327,0.578125,0.8663366336633663,0.578125,1.0,1.0,1.0,1.0,1.0
0,Family,Granddaughter,5,0_1_0,0.972972972972973,0.7912087912087912,0.6666666666666666,0.905940594059406,0.6545454545454545,0.0,0.0,0.0,0.0,0.0
0,Family,Granddaughter,5,1_0_0,1.0,0.3203463203463203,0.19072164948453607,0.22277227722772278,0.19072164948453607,1.0,1.0,1.0,1.0,1.0
0,Family,Granddaughter,5,1_1_1,0.0,0.0,0.0,0.6633663366336634,0.0,0.0,0.0,0.0,0.0,0.0
0,Family,Granddaughter,10,0_0_0,0.21621621621621623,0.35555555555555557,1.0,0.8564356435643564,0.21621621621621623,0.0,0.0,0.0,0.0,0.0
0,Family,Granddaughter,10,0_0_1,0.918918918918919,0.9577464788732394,1.0,0.9851485148514851,0.918918918918919,0.0,0.0,0.0,0.0,0.0
0,Family,Granddaughter,10,0_1_0,1.0,0.6434782608695652,0.47435897435897434,0.7970297029702971,0.47435897435897434,1.0,1.0,1.0,1.0,1.0
0,Family,Granddaughter,10,1_0_0,1.0,0.34418604651162793,0.20786516853932585,0.30198019801980197,0.20786516853932585,1.0,1.0,1.0,1.0,1.0
0,Family,Granddaughter,10,1_1_1,0.0,0.0,0.0,0.5495049504950495,0.0,0.0,0.0,0.0,0.0,0.0
0,Family,Granddaughter,15,0_0_0,0.16216216216216217,0.27906976744186046,1.0,0.8465346534653465,0.16216216216216217,0.0,0.0,0.0,0.0,0.0
0,Family,Granddaughter,15,0_0_1,0.8918918918918919,0.9428571428571428,1.0,0.9801980198019802,0.8918918918918919,0.2,0.3333333333333333,1.0,0.2,0.2
0,Family,Granddaughter,15,0_1_0,1.0,0.6915887850467289,0.5285714285714286,0.8366336633663366,0.5285714285714286,1.0,1.0,1.0,1.0,1.0
0,Family,Granddaughter,15,1_0_0,1.0,0.35406698564593303,0.21511627906976744,0.3316831683168317,0.21511627906976744,1.0,1.0,1.0,1.0,1.0
0,Family,Granddaughter,15,1_1_1,0.0,0.0,0.0,0.5495049504950495,0.0,0.0,0.0,0.0,0.0,0.0
0,Family,Granddaughter,20,0_0_0,0.10810810810810811,0.1951219512195122,1.0,0.8366336633663366,0.10810810810810811,0.0,0.0,0.0,0.0,0.0
0,Family,Granddaughter,20,0_0_1,0.918918918918919,0.7640449438202247,0.6538461538461539,0.8960396039603961,0.6181818181818182,0.5714285714285714,0.7272727272727273,1.0,0.5714285714285714,0.5714285714285714
0,Family,Granddaughter,20,0_1_0,0.8108108108108109,0.8450704225352113,0.8823529411764706,0.9455445544554455,0.7317073170731707,0.0,0.0,0.0,0.0,0.0
0,Family,Granddaughter,20,1_0_0,1.0,0.31223628691983124,0.185,0.19306930693069307,0.185,1.0,1.0,1.0,1.0,1.0
0,Family,Granddaughter,20,1_1_1,0.0,0.0,0.0,0.4900990099009901,0.0,0.0,0.0,0.0,0.0,0.0
0,Family,Granddaughter,25,0_0_0,0.08108108108108109,0.15,1.0,0.8316831683168316,0.08108108108108109,0.0,0.0,0.0,0.0,0.0
0,Family,Granddaughter,25,0_0_1,0.8648648648648649,0.735632183908046,0.64,0.8861386138613861,0.5818181818181818,0.4444444444444444,0.6153846153846154,1.0,0.4444444444444444,0.4444444444444444
0,Family,Granddaughter,25,0_1_0,0.7837837837837838,0.8405797101449275,0.90625,0.9455445544554455,0.725,0.1111111111111111,0.2,1.0,0.1111111111111111,0.1111111111111111
0,Family,Granddaughter,25,1_0_0,1.0,0.3135593220338983,0.18592964824120603,0.19801980198019803,0.18592964824120603,1.0,1.0,1.0,1.0,1.0
0,Family,Granddaughter,25,1_1_1,0.0,0.0,0.0,0.504950495049505,0.0,0.0,0.0,0.0,0.0,0.0
0,Family,Granddaughter,30,0_0_0,0.02702702702702703,0.05263157894736842,1.0,0.8217821782178217,0.02702702702702703,0.0,0.0,0.0,0.0,0.0
0,Family,Granddaughter,30,0_0_1,0.8108108108108109,0.6976744186046512,0.6122448979591837,0.8712871287128713,0.5357142857142857,0.36363636363636365,0.5333333333333333,1.0,0.36363636363636365,0.36363636363636365
0,Family,Granddaughter,30,0_1_0,0.7567567567567568,0.8,0.8484848484848485,0.9306930693069307,0.6666666666666666,0.18181818181818182,0.3076923076923077,1.0,0.18181818181818182,0.18181818181818182
0,Family,Granddaughter,30,1_0_0,1.0,0.31223628691983124,0.185,0.19306930693069307,0.185,1.0,1.0,1.0,1.0,1.0
0,Family,Granddaughter,30,1_1_1,0.0,0.0,0.0,0.5891089108910891,0.0,0.0,0.0,0.0,0.0,0.0
0,Family,Granddaughter,35,0_0_0,0.05405405405405406,0.10256410256410256,1.0,0.8267326732673267,0.05405405405405406,0.0,0.0,0.0,0.0,0.0
0,Family,Granddaughter,35,0_0_1,0.6756756756756757,0.8064516129032258,1.0,0.9405940594059405,0.6756756756756757,0.0,0.0,0.0,0.0,0.0
0,Family,Granddaughter,35,0_1_0,0.972972972972973,0.6371681415929203,0.47368421052631576,0.7970297029702971,0.4675324675324675,0.9166666666666666,0.9565217391304348,1.0,0.9166666666666666,0.9166666666666666
0,Family,Granddaughter,35,1_0_0,1.0,0.4900662251655629,0.32456140350877194,0.6188118811881188,0.32456140350877194,1.0,1.0,1.0,1.0,1.0
0,Family,Granddaughter,35,1_1_1,0.05405405405405406,0.034782608695652174,0.02564102564102564,0.4504950495049505,0.017699115044247787,0.08333333333333333,0.15384615384615385,1.0,0.08333333333333333,0.08333333333333333
0,Family,Granddaughter,40,0_0_0,0.08108108108108109,0.15,1.0,0.8316831683168316,0.08108108108108109,0.0,0.0,0.0,0.0,0.0
0,Family,Granddaughter,40,0_0_1,0.6216216216216216,0.7666666666666667,1.0,0.9306930693069307,0.6216216216216216,0.0,0.0,0.0,0.0,0.0
0,Family,Granddaughter,40,0_1_0,0.972972972972973,0.6486486486486487,0.4864864864864865,0.806930693069307,0.48,0.9285714285714286,0.9629629629629629,1.0,0.9285714285714286,0.9285714285714286
0,Family,Granddaughter,40,1_0_0,1.0,0.4457831325301205,0.2868217054263566,0.5445544554455446,0.2868217054263566,1.0,1.0,1.0,1.0,1.0
0,Family,Granddaughter,40,1_1_1,0.02702702702702703,0.016666666666666666,0.012048192771084338,0.4158415841584158,0.008403361344537815,0.07142857142857142,0.13333333333333333,1.0,0.07142857142857142,0.07142857142857142
0,Family,Granddaughter,45,0_0_0,0.02702702702702703,0.05263157894736842,1.0,0.8217821782178217,0.02702702702702703,0.0,0.0,0.0,0.0,0.0
0,Family,Granddaughter,45,0_0_1,0.5675675675675675,0.7241379310344828,1.0,0.9207920792079208,0.5675675675675675,0.0,0.0,0.0,0.0,0.0
0,Family,Granddaughter,45,0_1_0,0.972972972972973,0.6728971962616822,0.5142857142857142,0.8267326732673267,0.5070422535211268,0.9375,0.967741935483871,1.0,0.9375,0.9375
0,Family,Granddaughter,45,1_0_0,1.0,0.44047619047619047,0.2824427480916031,0.5346534653465347,0.2824427480916031,1.0,1.0,1.0,1.0,1.0
0,Family,Granddaughter,45,1_1_1,0.02702702702702703,0.017094017094017096,0.0125,0.4306930693069307,0.008620689655172414,0.0625,0.11764705882352941,1.0,0.0625,0.0625
0,Family,Granddaughter,50,0_0_0,0.02702702702702703,0.05263157894736842,1.0,0.8217821782178217,0.02702702702702703,0.0,0.0,0.0,0.0,0.0
0,Family,Granddaughter,50,0_0_1,0.5135135135135135,0.6785714285714286,1.0,0.9108910891089109,0.5135135135135135,0.0,0.0,0.0,0.0,0.0
0,Family,Granddaughter,50,0_1_0,0.9459459459459459,0.7142857142857143,0.5737704918032787,0.8613861386138614,0.5555555555555556,0.8888888888888888,0.9411764705882353,1.0,0.8888888888888888,0.8888888888888888
0,Family,Granddaughter,50,1_0_0,1.0,0.46540880503144655,0.30327868852459017,0.5792079207920792,0.30327868852459017,1.0,1.0,1.0,1.0,1.0
0,Family,Granddaughter,50,1_1_1,0.05405405405405406,0.03571428571428571,0.02666666666666667,0.46534653465346537,0.01818181818181818,0.05555555555555555,0.10526315789473684,1.0,0.05555555555555555,0.05555555555555555
0,Family,Granddaughter,55,0_0_0,0.02702702702702703,0.05263157894736842,1.0,0.8217821782178217,0.02702702702702703,0.0,0.0,0.0,0.0,0.0
0,Family,Granddaughter,55,0_0_1,0.4594594594594595,0.6296296296296297,1.0,0.900990099009901,0.4594594594594595,0.0,0.0,0.0,0.0,0.0
0,Family,Granddaughter,55,0_1_0,0.918918918918919,0.7157894736842105,0.5862068965517241,0.8663366336633663,0.5573770491803278,0.85,0.918918918918919,1.0,0.85,0.85
0,Family,Granddaughter,55,1_0_0,1.0,0.46835443037974683,0.30578512396694213,0.5841584158415841,0.30578512396694213,1.0,1.0,1.0,1.0,1.0
0,Family,Granddaughter,55,1_1_1,0.05405405405405406,0.045454545454545456,0.0392156862745098,0.5841584158415841,0.023255813953488372,0.05,0.09523809523809523,1.0,0.05,0.05
0,Family,Granddaughter,60,0_0_0,0.02702702702702703,0.05263157894736842,1.0,0.8217821782178217,0.02702702702702703,0.0,0.0,0.0,0.0,0.0
0,Family,Granddaughter,60,0_0_1,0.40540540540540543,0.5769230769230769,1.0,0.8910891089108911,0.40540540540540543,0.0,0.0,0.0,0.0,0.0
0,Family,Granddaughter,60,0_1_0,0.8378378378378378,0.6666666666666666,0.5535714285714286,0.8465346534653465,0.5,0.7272727272727273,0.8421052631578947,1.0,0.7272727272727273,0.7272727272727273
0,Family,Granddaughter,60,1_0_0,1.0,0.45962732919254656,0.29838709677419356,0.5693069306930693,0.29838709677419356,1.0,1.0,1.0,1.0,1.0
0,Family,Granddaughter,60,1_1_1,0.05405405405405406,0.034482758620689655,0.02531645569620253,0.44554455445544555,0.017543859649122806,0.045454545454545456,0.08695652173913043,1.0,0.045454545454545456,0.045454545454545456
0,Family,Granddaughter,65,0_0_0,0.0,0.0,0.0,0.8168316831683168,0.0,0.0,0.0,0.0,0.0,0.0
0,Family,Granddaughter,65,0_0_1,0.35135135135135137,0.52,1.0,0.8811881188118812,0.35135135135135137,0.0,0.0,0.0,0.0,0.0
0,Family,Granddaughter,65,0_1_0,0.8648648648648649,0.6881720430107527,0.5714285714285714,0.8564356435643564,0.5245901639344263,0.7916666666666666,0.8837209302325582,1.0,0.7916666666666666,0.7916666666666666
0,Family,Granddaughter,65,1_0_0,1.0,0.3490566037735849,0.21142857142857144,0.31683168316831684,0.21142857142857144,1.0,1.0,1.0,1.0,1.0
0,Family,Granddaughter,65,1_1_1,0.08108108108108109,0.05405405405405406,0.04054054054054054,0.4801980198019802,0.027777777777777776,0.08333333333333333,0.15384615384615385,1.0,0.08333333333333333,0.08333333333333333
0,Family,Granddaughter,70,0_0_0,0.0,0.0,0.0,0.8168316831683168,0.0,0.0,0.0,0.0,0.0,0.0
0,Family,Granddaughter,70,0_0_1,0.32432432432432434,0.4897959183673469,1.0,0.8762376237623762,0.32432432432432434,0.0,0.0,0.0,0.0,0.0
0,Family,Granddaughter,70,0_1_0,0.8108108108108109,0.6896551724137931,0.6,0.8663366336633663,0.5263157894736842,0.72,0.8372093023255814,1.0,0.72,0.72
0,Family,Granddaughter,70,1_0_0,1.0,0.5034013605442177,0.33636363636363636,0.6386138613861386,0.33636363636363636,1.0,1.0,1.0,1.0,1.0
0,Family,Granddaughter,70,1_1_1,0.08108108108108109,0.05172413793103448,0.0379746835443038,0.45544554455445546,0.02654867256637168,0.08,0.14814814814814814,1.0,0.08,0.08
0,Family,Granddaughter,75,0_0_0,0.0,0.0,0.0,0.8168316831683168,0.0,0.0,0.0,0.0,0.0,0.0
0,Family,Granddaughter,75,0_0_1,0.2702702702702703,0.425531914893617,1.0,0.8663366336633663,0.2702702702702703,0.0,0.0,0.0,0.0,0.0
0,Family,Granddaughter,75,0_1_0,0.7297297297297297,0.6666666666666666,0.6136363636363636,0.8663366336633663,0.5,0.6296296296296297,0.7727272727272727,1.0,0.6296296296296297,0.6296296296296297
0,Family,Granddaughter,75,1_0_0,1.0,0.4157303370786517,0.2624113475177305,0.48514851485148514,0.2624113475177305,1.0,1.0,1.0,1.0,1.0
0,Family,Granddaughter,75,1_1_1,0.08108108108108109,0.049586776859504134,0.03571428571428571,0.4306930693069307,0.025423728813559324,0.1111111111111111,0.2,1.0,0.1111111111111111,0.1111111111111111
0,Family,Granddaughter,80,0_0_0,0.0,0.0,0.0,0.8168316831683168,0.0,0.0,0.0,0.0,0.0,0.0
0,Family,Granddaughter,80,0_0_1,0.21621621621621623,0.35555555555555557,1.0,0.8564356435643564,0.21621621621621623,0.0,0.0,0.0,0.0,0.0
0,Family,Granddaughter,80,0_1_0,0.7297297297297297,0.6835443037974683,0.6428571428571429,0.8762376237623762,0.5192307692307693,0.6551724137931034,0.7916666666666666,1.0,0.6551724137931034,0.6551724137931034
0,Family,Granddaughter,80,1_0_0,1.0,0.4065934065934066,0.25517241379310346,0.46534653465346537,0.25517241379310346,1.0,1.0,1.0,1.0,1.0
0,Family,Granddaughter,80,1_1_1,0.21621621621621623,0.13008130081300814,0.09302325581395349,0.47029702970297027,0.06956521739130435,0.27586206896551724,0.43243243243243246,1.0,0.27586206896551724,0.27586206896551724
0,Family,Grandfather,0,0_0_0,0.0,0.0,0.0,0.8267326732673267,0.0,,,,,
0,Family,Grandfather,0,0_0_1,1.0,0.5426356589147286,0.3723404255319149,0.7079207920792079,0.3723404255319149,,,,,
0,Family,Grandfather,0,0_1_0,1.0,0.7954545454545454,0.660377358490566,0.9108910891089109,0.660377358490566,,,,,
0,Family,Grandfather,0,1_0_0,1.0,0.29535864978902954,0.17326732673267325,0.17326732673267325,0.17326732673267325,,,,,
0,Family,Grandfather,0,1_1_1,0.0,0.0,0.0,0.3415841584158416,0.0,,,,,
0,Family,Grandfather,5,0_0_0,0.0,0.0,0.0,0.8267326732673267,0.0,0.0,0.0,0.0,0.0,0.0
0,Family,Grandfather,5,0_0_1,1.0,0.5343511450381679,0.3645833333333333,0.698019801980198,0.3645833333333333,1.0,1.0,1.0,1.0,1.0
0,Family,Grandfather,5,0_1_0,1.0,0.7954545454545454,0.660377358490566,0.9108910891089109,0.660377358490566,1.0,1.0,1.0,1.0,1.0
0,Family,Grandfather,5,1_0_0,1.0,0.29535864978902954,0.17326732673267325,0.17326732673267325,0.17326732673267325,1.0,1.0,1.0,1.0,1.0
0,Family,Grandfather,5,1_1_1,0.0,0.0,0.0,0.3217821782178218,0.0,0.0,0.0,0.0,0.0,0.0
0,Family,Grandfather,10,0_0_0,0.02857142857142857,0.05555555555555555,1.0,0.8316831683168316,0.02857142857142857,0.0,0.0,0.0,0.0,0.0
0,Family,Grandfather,10,0_0_1,0.9142857142857143,0.9411764705882353,0.9696969696969697,0.9801980198019802,0.8888888888888888,0.0,0.0,0.0,0.0,0.0
0,Family,Grandfather,10,0_1_0,1.0,0.6194690265486725,0.44871794871794873,0.7871287128712872,0.44871794871794873,1.0,1.0,1.0,1.0,1.0
0,Family,Grandfather,10,1_0_0,1.0,0.30303030303030304,0.17857142857142858,0.20297029702970298,0.17857142857142858,1.0,1.0,1.0,1.0,1.0
0,Family,Grandfather,10,1_1_1,0.02857142857142857,0.015625,0.010752688172043012,0.37623762376237624,0.007874015748031496,0.3333333333333333,0.5,1.0,0.3333333333333333,0.3333333333333333
0,Family,Grandfather,15,0_0_0,0.08571428571428572,0.15789473684210525,1.0,0.8415841584158416,0.08571428571428572,0.0,0.0,0.0,0.0,0.0
0,Family,Grandfather,15,0_0_1,0.8857142857142857,0.8732394366197183,0.8611111111111112,0.9554455445544554,0.775,0.2,0.3333333333333333,1.0,0.2,0.2
0,Family,Grandfather,15,0_1_0,1.0,0.5882352941176471,0.4166666666666667,0.7574257425742574,0.4166666666666667,1.0,1.0,1.0,1.0,1.0
0,Family,Grandfather,15,1_0_0,1.0,0.4046242774566474,0.2536231884057971,0.4900990099009901,0.2536231884057971,1.0,1.0,1.0,1.0,1.0
0,Family,Grandfather,15,1_1_1,0.05714285714285714,0.023121387283236993,0.014492753623188406,0.16336633663366337,0.011695906432748537,0.2,0.3333333333333333,1.0,0.2,0.2
0,Family,Grandfather,20,0_0_0,0.05714285714285714,0.10810810810810811,1.0,0.8366336633663366,0.05714285714285714,0.0,0.0,0.0,0.0,0.0
0,Family,Grandfather,20,0_0_1,0.8285714285714286,0.8529411764705882,0.8787878787878788,0.9504950495049505,0.7435897435897436,0.14285714285714285,0.25,1.0,0.14285714285714285,0.14285714285714285
0,Family,Grandfather,20,0_1_0,1.0,0.5691056910569106,0.3977272727272727,0.7376237623762376,0.3977272727272727,1.0,1.0,1.0,1.0,1.0
0,Family,Grandfather,20,1_0_0,1.0,0.3723404255319149,0.22875816993464052,0.4158415841584158,0.22875816993464052,1.0,1.0,1.0,1.0,1.0
0,Family,Grandfather,20,1_1_1,0.05714285714285714,0.023529411764705882,0.014814814814814815,0.1782178217821782,0.011904761904761904,0.14285714285714285,0.25,1.0,0.14285714285714285,0.14285714285714285
0,Family,Grandfather,25,0_0_0,0.02857142857142857,0.05555555555555555,1.0,0.8316831683168316,0.02857142857142857,0.0,0.0,0.0,0.0,0.0
0,Family,Grandfather,25,0_0_1,0.8,0.8484848484848485,0.9032258064516129,0.9504950495049505,0.7368421052631579,0.125,0.2222222222222222,1.0,0.125,0.125
0,Family,Grandfather,25,0_1_0,1.0,0.5691056910569106,0.3977272727272727,0.7376237623762376,0.3977272727272727,1.0,1.0,1.0,1.0,1.0
0,Family,Grandfather,25,1_0_0,1.0,0.3763440860215054,0.23178807947019867,0.42574257425742573,0.23178807947019867,1.0,1.0,1.0,1.0,1.0
0,Family,Grandfather,25,1_1_1,0.08571428571428572,0.03488372093023256,0.021897810218978103,0.1782178217821782,0.01775147928994083,0.375,0.5454545454545454,1.0,0.375,0.375
0,Family,Grandfather,30,0_0_0,0.02857142857142857,0.05555555555555555,1.0,0.8316831683168316,0.02857142857142857,0.0,0.0,0.0,0.0,0.0
0,Family,Grandfather,30,0_0_1,0.7428571428571429,0.8,0.8666666666666667,0.9356435643564357,0.6666666666666666,0.1,0.18181818181818182,1.0,0.1,0.1
0,Family,Grandfather,30,0_1_0,1.0,0.546875,0.3763440860215054,0.7128712871287128,0.3763440860215054,1.0,1.0,1.0,1.0,1.0
0,Family,Grandfather,30,1_0_0,0.9714285714285714,0.36363636363636365,0.2236842105263158,0.41089108910891087,0.2222222222222222,0.9,0.9473684210526315,1.0,0.9,0.9
0,Family,Grandfather,30,1_1_1,0.14285714285714285,0.056818181818181816,0.03546099290780142,0.1782178217821782,0.029239766081871343,0.4,0.5714285714285714,1.0,0.4,0.4
0,Family,Grandfather,35,0_0_0,0.02857142857142857,0.05555555555555555,1.0,0.8316831683168316,0.02857142857142857,0.0,0.0,0.0,0.0,0.0
0,Family,Grandfather,35,0_0_1,0.6857142857142857,0.7741935483870968,0.8888888888888888,0.9306930693069307,0.631578947368421,0.08333333333333333,0.15384615384615385,1.0,0.08333333333333333,0.08333333333333333
0,Family,Grandfather,35,0_1_0,0.9428571428571428,0.4925373134328358,0.3333333333333333,0.6633663366336634,0.32673267326732675,0.8333333333333334,0.9090909090909091,1.0,0.8333333333333334,0.8333333333333334
0,Family,Grandfather,35,1_0_0,0.9428571428571428,0.36065573770491804,0.22297297297297297,0.4207920792079208,0.22,0.8333333333333334,0.9090909090909091,1.0,0.8333333333333334,0.8333333333333334
0,Family,Grandfather,35,1_1_1,0.11428571428571428,0.045714285714285714,0.02857142857142857,0.17326732673267325,0.023391812865497075,0.3333333333333333,0.5,1.0,0.3333333333333333,0.3333333333333333
0,Family,Grandfather,40,0_0_0,0.02857142857142857,0.05555555555555555,1.0,0.8316831683168316,0.02857142857142857,0.0,0.0,0.0,0.0,0.0
0,Family,Grandfather,40,0_0_1,0.6285714285714286,0.7213114754098361,0.8461538461538461,0.9158415841584159,0.5641025641025641,0.07142857142857142,0.13333333333333333,1.0,0.07142857142857142,0.07142857142857142
0,Family,Grandfather,40,0_1_0,0.8857142857142857,0.496,0.34444444444444444,0.6881188118811881,0.32978723404255317,0.7142857142857143,0.8333333333333334,1.0,0.7142857142857143,0.7142857142857143
0,Family,Grandfather,40,1_0_0,0.9714285714285714,0.39080459770114945,0.2446043165467626,0.4752475247524752,0.24285714285714285,0.9285714285714286,0.9629629629629629,1.0,0.9285714285714286,0.9285714285714286
0,Family,Grandfather,40,1_1_1,0.11428571428571428,0.045714285714285714,0.02857142857142857,0.17326732673267325,0.023391812865497075,0.2857142857142857,0.4444444444444444,1.0,0.2857142857142857,0.2857142857142857
0,Family,Grandfather,45,0_0_0,0.02857142857142857,0.05555555555555555,1.0,0.8316831683168316,0.02857142857142857,0.0,0.0,0.0,0.0,0.0
0,Family,Grandfather,45,0_0_1,0.6,0.711864406779661,0.875,0.9158415841584159,0.5526315789473685,0.06666666666666667,0.125,1.0,0.06666666666666667,0.06666666666666667
0,Family,Grandfather,45,0_1_0,0.9428571428571428,0.5365853658536586,0.375,0.7178217821782178,0.36666666666666664,0.8666666666666667,0.9285714285714286,1.0,0.8666666666666667,0.8666666666666667
0,Family,Grandfather,45,1_0_0,1.0,0.38461538461538464,0.23809523809523808,0.44554455445544555,0.23809523809523808,1.0,1.0,1.0,1.0,1.0
0,Family,Grandfather,45,1_1_1,0.11428571428571428,0.045454545454545456,0.028368794326241134,0.16831683168316833,0.023255813953488372,0.26666666666666666,0.42105263157894735,1.0,0.26666666666666666,0.26666666666666666
0,Family,Grandfather,50,0_0_0,0.02857142857142857,0.05555555555555555,1.0,0.8316831683168316,0.02857142857142857,0.0,0.0,0.0,0.0,0.0
0,Family,Grandfather,50,0_0_1,0.5428571428571428,0.6440677966101694,0.7916666666666666,0.8960396039603961,0.475,0.058823529411764705,0.1111111111111111,1.0,0.058823529411764705,0.058823529411764705
0,Family,Grandfather,50,0_1_0,0.8,0.43410852713178294,0.2978723404255319,0.6386138613861386,0.27722772277227725,0.5882352941176471,0.7407407407407407,1.0,0.5882352941176471,0.5882352941176471
0,Family,Grandfather,50,1_0_0,0.9142857142857143,0.32989690721649484,0.20125786163522014,0.3564356435643564,0.19753086419753085,0.8235294117647058,0.9032258064516129,1.0,0.8235294117647058,0.8235294117647058
0,Family,Grandfather,50,1_1_1,0.14285714285714285,0.05917159763313609,0.03731343283582089,0.21287128712871287,0.03048780487804878,0.29411764705882354,0.45454545454545453,1.0,0.29411764705882354,0.29411764705882354
0,Family,Grandfather,55,0_0_0,0.02857142857142857,0.05555555555555555,1.0,0.8316831683168316,0.02857142857142857,0.0,0.0,0.0,0.0,0.0
0,Family,Grandfather,55,0_0_1,0.5714285714285714,0.6557377049180327,0.7692307692307693,0.8960396039603961,0.4878048780487805,0.21052631578947367,0.34782608695652173,1.0,0.21052631578947367,0.21052631578947367
0,Family,Grandfather,55,0_1_0,0.8,0.4409448818897638,0.30434782608695654,0.6485148514851485,0.2828282828282828,0.631578947368421,0.7741935483870968,1.0,0.631578947368421,0.631578947368421
0,Family,Grandfather,55,1_0_0,1.0,0.3153153153153153,0.18716577540106952,0.24752475247524752,0.18716577540106952,1.0,1.0,1.0,1.0,1.0
0,Family,Grandfather,55,1_1_1,0.2,0.08139534883720931,0.051094890510948905,0.21782178217821782,0.04242424242424243,0.3684210526315789,0.5384615384615384,1.0,0.3684210526315789,0.3684210526315789
0,Family,Grandfather,60,0_0_0,0.05714285714285714,0.10810810810810811,1.0,0.8366336633663366,0.05714285714285714,0.0,0.0,0.0,0.0,0.0
0,Family,Grandfather,60,0_0_1,0.9142857142857143,0.7441860465116279,0.6274509803921569,0.8910891089108911,0.5925925925925926,0.8571428571428571,0.9230769230769231,1.0,0.8571428571428571,0.8571428571428571
0,Family,Grandfather,60,0_1_0,0.5142857142857142,0.5538461538461539,0.6,0.8564356435643564,0.3829787234042553,0.19047619047619047,0.32,1.0,0.19047619047619047,0.19047619047619047
0,Family,Grandfather,60,1_0_0,1.0,0.2966101694915254,0.17412935323383086,0.1782178217821782,0.17412935323383086,1.0,1.0,1.0,1.0,1.0
0,Family,Grandfather,60,1_1_1,0.05714285714285714,0.029197080291970802,0.0196078431372549,0.3415841584158416,0.014814814814814815,0.09523809523809523,0.17391304347826086,1.0,0.09523809523809523,0.09523809523809523
0,Family,Grandfather,65,0_0_0,0.02857142857142857,0.05555555555555555,1.0,0.8316831683168316,0.02857142857142857,0.0,0.0,0.0,0.0,0.0
0,Family,Grandfather,65,0_0_1,0.9428571428571428,0.7857142857142857,0.673469387755102,0.9108910891089109,0.6470588235294118,0.9090909090909091,0.9523809523809523,1.0,0.9090909090909091,0.9090909090909091
0,Family,Grandfather,65,0_1_0,0.5142857142857142,0.5373134328358209,0.5625,0.8465346534653465,0.3673469387755102,0.22727272727272727,0.37037037037037035,1.0,0.22727272727272727,0.22727272727272727
0,Family,Grandfather,65,1_0_0,1.0,0.2966101694915254,0.17412935323383086,0.1782178217821782,0.17412935323383086,1.0,1.0,1.0,1.0,1.0
0,Family,Grandfather,65,1_1_1,0.05714285714285714,0.028169014084507043,0.018691588785046728,0.31683168316831684,0.014285714285714285,0.09090909090909091,0.16666666666666666,1.0,0.09090909090909091,0.09090909090909091
0,Family,Grandfather,70,0_0_0,0.02857142857142857,0.05555555555555555,1.0,0.8316831683168316,0.02857142857142857,0.0,0.0,0.0,0.0,0.0
0,Family,Grandfather,70,0_0_1,0.8,0.7272727272727273,0.6666666666666666,0.8960396039603961,0.5714285714285714,0.7083333333333334,0.8292682926829268,1.0,0.7083333333333334,0.7083333333333334
0,Family,Grandfather,70,0_1_0,0.4857142857142857,0.4927536231884058,0.5,0.8267326732673267,0.3269230769230769,0.25,0.4,1.0,0.25,0.25
0,Family,Grandfather,70,1_0_0,1.0,0.2966101694915254,0.17412935323383086,0.1782178217821782,0.17412935323383086,1.0,1.0,1.0,1.0,1.0
0,Family,Grandfather,70,1_1_1,0.05714285714285714,0.028169014084507043,0.018691588785046728,0.31683168316831684,0.014285714285714285,0.08333333333333333,0.15384615384615385,1.0,0.08333333333333333,0.08333333333333333
0,Family,Grandfather,75,0_0_0,0.0,0.0,0.0,0.8267326732673267,0.0,0.0,0.0,0.0,0.0,0.0
0,Family,Grandfather,75,0_0_1,0.6,0.4827586206896552,0.40384615384615385,0.7772277227722773,0.3181818181818182,0.46153846153846156,0.631578947368421,1.0,0.46153846153846156,0.46153846153846156
0,Family,Grandfather,75,0_1_0,0.42857142857142855,0.5084745762711864,0.625,0.8564356435643564,0.3409090909090909,0.23076923076923078,0.375,1.0,0.23076923076923078,0.23076923076923078
0,Family,Grandfather,75,1_0_0,1.0,0.29535864978902954,0.17326732673267325,0.17326732673267325,0.17326732673267325,1.0,1.0,1.0,1.0,1.0
0,Family,Grandfather,75,1_1_1,0.17142857142857143,0.08163265306122448,0.05357142857142857,0.3316831683168317,0.0425531914893617,0.23076923076923078,0.375,1.0,0.23076923076923078,0.23076923076923078
0,Family,Grandfather,80,0_0_0,0.0,0.0,0.0,0.8267326732673267,0.0,0.0,0.0,0.0,0.0,0.0
0,Family,Grandfather,80,0_0_1,0.4857142857142857,0.4358974358974359,0.3953488372093023,0.7821782178217822,0.2786885245901639,0.35714285714285715,0.5263157894736842,1.0,0.35714285714285715,0.35714285714285715
0,Family,Grandfather,80,0_1_0,0.2857142857142857,0.37735849056603776,0.5555555555555556,0.8366336633663366,0.23255813953488372,0.10714285714285714,0.1935483870967742,1.0,0.10714285714285714,0.10714285714285714
0,Family,Grandfather,80,1_0_0,1.0,0.29535864978902954,0.17326732673267325,0.17326732673267325,0.17326732673267325,1.0,1.0,1.0,1.0,1.0
0,Family,Grandfather,80,1_1_1,0.2,0.08045977011494253,0.050359712230215826,0.2079207920792079,0.041916167664670656,0.25,0.4,1.0,0.25,0.25
0,Family,Grandparent,0,0_0_0,0.0,0.0,0.0,0.6534653465346535,0.0,,,,,
0,Family,Grandparent,0,0_0_1,0.07142857142857142,0.10101010101010101,0.1724137931034483,0.5594059405940595,0.05319148936170213,,,,,
0,Family,Grandparent,0,0_1_0,0.014285714285714285,0.028169014084507043,1.0,0.6584158415841584,0.014285714285714285,,,,,
0,Family,Grandparent,0,1_0_0,0.9857142857142858,0.5111111111111111,0.345,0.3465346534653465,0.34328358208955223,,,,,
0,Family,Grandparent,0,1_1_1,0.08571428571428572,0.09836065573770492,0.11538461538461539,0.45544554455445546,0.05172413793103448,,,,,
0,Family,Grandparent,5,0_0_0,0.0,0.0,0.0,0.6534653465346535,0.0,,,,,
0,Family,Grandparent,5,0_0_1,0.07142857142857142,0.10101010101010101,0.1724137931034483,0.5594059405940595,0.05319148936170213,,,,,
0,Family,Grandparent,5,0_1_0,0.014285714285714285,0.028169014084507043,1.0,0.6584158415841584,0.014285714285714285,,,,,
0,Family,Grandparent,5,1_0_0,0.9857142857142858,0.5111111111111111,0.345,0.3465346534653465,0.34328358208955223,,,,,
0,Family,Grandparent,5,1_1_1,0.08571428571428572,0.09836065573770492,0.11538461538461539,0.45544554455445546,0.05172413793103448,,,,,
0,Family,Grandparent,10,0_0_0,0.0,0.0,0.0,0.6534653465346535,0.0,,,,,
0,Family,Grandparent,10,0_0_1,0.07142857142857142,0.10101010101010101,0.1724137931034483,0.5594059405940595,0.05319148936170213,,,,,
0,Family,Grandparent,10,0_1_0,0.014285714285714285,0.028169014084507043,1.0,0.6584158415841584,0.014285714285714285,,,,,
0,Family,Grandparent,10,1_0_0,0.9857142857142858,0.5111111111111111,0.345,0.3465346534653465,0.34328358208955223,,,,,
0,Family,Grandparent,10,1_1_1,0.08571428571428572,0.09836065573770492,0.11538461538461539,0.45544554455445546,0.05172413793103448,,,,,
0,Family,Grandparent,15,0_0_0,0.0,0.0,0.0,0.6534653465346535,0.0,,,,,
0,Family,Grandparent,15,0_0_1,0.07142857142857142,0.10101010101010101,0.1724137931034483,0.5594059405940595,0.05319148936170213,,,,,
0,Family,Grandparent,15,0_1_0,0.014285714285714285,0.028169014084507043,1.0,0.6584158415841584,0.014285714285714285,,,,,
0,Family,Grandparent,15,1_0_0,0.9857142857142858,0.5111111111111111,0.345,0.3465346534653465,0.34328358208955223,,,,,
0,Family,Grandparent,15,1_1_1,0.08571428571428572,0.09836065573770492,0.11538461538461539,0.45544554455445546,0.05172413793103448,,,,,
0,Family,Grandparent,20,0_0_0,0.0,0.0,0.0,0.6534653465346535,0.0,,,,,
0,Family,Grandparent,20,0_0_1,0.07142857142857142,0.10101010101010101,0.1724137931034483,0.5594059405940595,0.05319148936170213,,,,,
0,Family,Grandparent,20,0_1_0,0.014285714285714285,0.028169014084507043,1.0,0.6584158415841584,0.014285714285714285,,,,,
0,Family,Grandparent,20,1_0_0,0.9857142857142858,0.5111111111111111,0.345,0.3465346534653465,0.34328358208955223,,,,,
0,Family,Grandparent,20,1_1_1,0.08571428571428572,0.09836065573770492,0.11538461538461539,0.45544554455445546,0.05172413793103448,,,,,
0,Family,Grandparent,25,0_0_0,0.0,0.0,0.0,0.6534653465346535,0.0,,,,,
0,Family,Grandparent,25,0_0_1,0.07142857142857142,0.10101010101010101,0.1724137931034483,0.5594059405940595,0.05319148936170213,,,,,
0,Family,Grandparent,25,0_1_0,0.014285714285714285,0.028169014084507043,1.0,0.6584158415841584,0.014285714285714285,,,,,
0,Family,Grandparent,25,1_0_0,0.9857142857142858,0.5111111111111111,0.345,0.3465346534653465,0.34328358208955223,,,,,
0,Family,Grandparent,25,1_1_1,0.08571428571428572,0.09836065573770492,0.11538461538461539,0.45544554455445546,0.05172413793103448,,,,,
0,Family,Grandparent,30,0_0_0,0.0,0.0,0.0,0.6534653465346535,0.0,,,,,
0,Family,Grandparent,30,0_0_1,0.07142857142857142,0.10101010101010101,0.1724137931034483,0.5594059405940595,0.05319148936170213,,,,,
0,Family,Grandparent,30,0_1_0,0.014285714285714285,0.028169014084507043,1.0,0.6584158415841584,0.014285714285714285,,,,,
0,Family,Grandparent,30,1_0_0,0.9857142857142858,0.5111111111111111,0.345,0.3465346534653465,0.34328358208955223,,,,,
0,Family,Grandparent,30,1_1_1,0.08571428571428572,0.09836065573770492,0.11538461538461539,0.45544554455445546,0.05172413793103448,,,,,
0,Family,Grandparent,35,0_0_0,0.0,0.0,0.0,0.6534653465346535,0.0,,,,,
0,Family,Grandparent,35,0_0_1,0.07142857142857142,0.10101010101010101,0.1724137931034483,0.5594059405940595,0.05319148936170213,,,,,
0,Family,Grandparent,35,0_1_0,0.014285714285714285,0.028169014084507043,1.0,0.6584158415841584,0.014285714285714285,,,,,
0,Family,Grandparent,35,1_0_0,0.9857142857142858,0.5111111111111111,0.345,0.3465346534653465,0.34328358208955223,,,,,
0,Family,Grandparent,35,1_1_1,0.08571428571428572,0.09836065573770492,0.11538461538461539,0.45544554455445546,0.05172413793103448,,,,,
0,Family,Grandparent,40,0_0_0,0.0,0.0,0.0,0.6534653465346535,0.0,,,,,
0,Family,Grandparent,40,0_0_1,0.07142857142857142,0.10101010101010101,0.1724137931034483,0.5594059405940595,0.05319148936170213,,,,,
0,Family,Grandparent,40,0_1_0,0.014285714285714285,0.028169014084507043,1.0,0.6584158415841584,0.014285714285714285,,,,,
0,Family,Grandparent,40,1_0_0,0.9857142857142858,0.5111111111111111,0.345,0.3465346534653465,0.34328358208955223,,,,,
0,Family,Grandparent,40,1_1_1,0.08571428571428572,0.09836065573770492,0.11538461538461539,0.45544554455445546,0.05172413793103448,,,,,
0,Family,Grandparent,45,0_0_0,0.0,0.0,0.0,0.6534653465346535,0.0,,,,,
0,Family,Grandparent,45,0_0_1,0.07142857142857142,0.10101010101010101,0.1724137931034483,0.5594059405940595,0.05319148936170213,,,,,
0,Family,Grandparent,45,0_1_0,0.014285714285714285,0.028169014084507043,1.0,0.6584158415841584,0.014285714285714285,,,,,
0,Family,Grandparent,45,1_0_0,0.9857142857142858,0.5111111111111111,0.345,0.3465346534653465,0.34328358208955223,,,,,
0,Family,Grandparent,45,1_1_1,0.08571428571428572,0.09836065573770492,0.11538461538461539,0.45544554455445546,0.05172413793103448,,,,,
0,Family,Grandparent,50,0_0_0,0.0,0.0,0.0,0.6534653465346535,0.0,,,,,
0,Family,Grandparent,50,0_0_1,0.07142857142857142,0.10101010101010101,0.1724137931034483,0.5594059405940595,0.05319148936170213,,,,,
0,Family,Grandparent,50,0_1_0,0.014285714285714285,0.028169014084507043,1.0,0.6584158415841584,0.014285714285714285,,,,,
0,Family,Grandparent,50,1_0_0,0.9857142857142858,0.5111111111111111,0.345,0.3465346534653465,0.34328358208955223,,,,,
0,Family,Grandparent,50,1_1_1,0.08571428571428572,0.09836065573770492,0.11538461538461539,0.45544554455445546,0.05172413793103448,,,,,
0,Family,Grandparent,55,0_0_0,0.0,0.0,0.0,0.6534653465346535,0.0,,,,,
0,Family,Grandparent,55,0_0_1,0.07142857142857142,0.10101010101010101,0.1724137931034483,0.5594059405940595,0.05319148936170213,,,,,
0,Family,Grandparent,55,0_1_0,0.014285714285714285,0.028169014084507043,1.0,0.6584158415841584,0.014285714285714285,,,,,
0,Family,Grandparent,55,1_0_0,0.9857142857142858,0.5111111111111111,0.345,0.3465346534653465,0.34328358208955223,,,,,
0,Family,Grandparent,55,1_1_1,0.08571428571428572,0.09836065573770492,0.11538461538461539,0.45544554455445546,0.05172413793103448,,,,,
0,Family,Grandparent,60,0_0_0,0.0,0.0,0.0,0.6534653465346535,0.0,,,,,
0,Family,Grandparent,60,0_0_1,0.07142857142857142,0.10101010101010101,0.1724137931034483,0.5594059405940595,0.05319148936170213,,,,,
0,Family,Grandparent,60,0_1_0,0.014285714285714285,0.028169014084507043,1.0,0.6584158415841584,0.014285714285714285,,,,,
0,Family,Grandparent,60,1_0_0,0.9857142857142858,0.5111111111111111,0.345,0.3465346534653465,0.34328358208955223,,,,,
0,Family,Grandparent,60,1_1_1,0.08571428571428572,0.09836065573770492,0.11538461538461539,0.45544554455445546,0.05172413793103448,,,,,
0,Family,Grandparent,65,0_0_0,0.0,0.0,0.0,0.6534653465346535,0.0,,,,,
0,Family,Grandparent,65,0_0_1,0.07142857142857142,0.10101010101010101,0.1724137931034483,0.5594059405940595,0.05319148936170213,,,,,
0,Family,Grandparent,65,0_1_0,0.014285714285714285,0.028169014084507043,1.0,0.6584158415841584,0.014285714285714285,,,,,
0,Family,Grandparent,65,1_0_0,0.9857142857142858,0.5111111111111111,0.345,0.3465346534653465,0.34328358208955223,,,,,
0,Family,Grandparent,65,1_1_1,0.08571428571428572,0.09836065573770492,0.11538461538461539,0.45544554455445546,0.05172413793103448,,,,,
0,Family,Grandparent,70,0_0_0,0.0,0.0,0.0,0.6534653465346535,0.0,,,,,
0,Family,Grandparent,70,0_0_1,0.07142857142857142,0.10101010101010101,0.1724137931034483,0.5594059405940595,0.05319148936170213,,,,,
0,Family,Grandparent,70,0_1_0,0.014285714285714285,0.028169014084507043,1.0,0.6584158415841584,0.014285714285714285,,,,,
0,Family,Grandparent,70,1_0_0,0.9857142857142858,0.5111111111111111,0.345,0.3465346534653465,0.34328358208955223,,,,,
0,Family,Grandparent,70,1_1_1,0.08571428571428572,0.09836065573770492,0.11538461538461539,0.45544554455445546,0.05172413793103448,,,,,
0,Family,Grandparent,75,0_0_0,0.0,0.0,0.0,0.6534653465346535,0.0,,,,,
0,Family,Grandparent,75,0_0_1,0.07142857142857142,0.10101010101010101,0.1724137931034483,0.5594059405940595,0.05319148936170213,,,,,
0,Family,Grandparent,75,0_1_0,0.014285714285714285,0.028169014084507043,1.0,0.6584158415841584,0.014285714285714285,,,,,
0,Family,Grandparent,75,1_0_0,0.9857142857142858,0.5111111111111111,0.345,0.3465346534653465,0.34328358208955223,,,,,
0,Family,Grandparent,75,1_1_1,0.08571428571428572,0.09836065573770492,0.11538461538461539,0.45544554455445546,0.05172413793103448,,,,,
0,Family,Grandparent,80,0_0_0,0.0,0.0,0.0,0.6534653465346535,0.0,,,,,
0,Family,Grandparent,80,0_0_1,0.07142857142857142,0.10101010101010101,0.1724137931034483,0.5594059405940595,0.05319148936170213,,,,,
0,Family,Grandparent,80,0_1_0,0.014285714285714285,0.028169014084507043,1.0,0.6584158415841584,0.014285714285714285,,,,,
0,Family,Grandparent,80,1_0_0,0.9857142857142858,0.5111111111111111,0.345,0.3465346534653465,0.34328358208955223,,,,,
0,Family,Grandparent,80,1_1_1,0.08571428571428572,0.09836065573770492,0.11538461538461539,0.45544554455445546,0.05172413793103448,,,,,
0,Family,Grandmother,0,0_0_0,0.4,0.5714285714285714,1.0,0.8960396039603961,0.4,,,,,
0,Family,Grandmother,0,0_0_1,1.0,0.6086956521739131,0.4375,0.7772277227722773,0.4375,,,,,
0,Family,Grandmother,0,0_1_0,1.0,0.6542056074766355,0.4861111111111111,0.8168316831683168,0.4861111111111111,,,,,
0,Family,Grandmother,0,1_0_0,1.0,0.29535864978902954,0.17326732673267325,0.17326732673267325,0.17326732673267325,,,,,
0,Family,Grandmother,0,1_1_1,0.0,0.0,0.0,0.4752475247524752,0.0,,,,,
0,Family,Grandmother,5,0_0_0,0.34285714285714286,0.5106382978723404,1.0,0.8861386138613861,0.34285714285714286,0.0,0.0,0.0,0.0,0.0
0,Family,Grandmother,5,0_0_1,1.0,0.6140350877192983,0.4430379746835443,0.7821782178217822,0.4430379746835443,1.0,1.0,1.0,1.0,1.0
0,Family,Grandmother,5,0_1_0,1.0,0.693069306930693,0.5303030303030303,0.8465346534653465,0.5303030303030303,1.0,1.0,1.0,1.0,1.0
0,Family,Grandmother,5,1_0_0,1.0,0.29535864978902954,0.17326732673267325,0.17326732673267325,0.17326732673267325,1.0,1.0,1.0,1.0,1.0
0,Family,Grandmother,5,1_1_1,0.0,0.0,0.0,0.44554455445544555,0.0,0.0,0.0,0.0,0.0,0.0
0,Family,Grandmother,10,0_0_0,0.37142857142857144,0.5416666666666666,1.0,0.8910891089108911,0.37142857142857144,0.0,0.0,0.0,0.0,0.0
0,Family,Grandmother,10,0_0_1,1.0,0.6542056074766355,0.4861111111111111,0.8168316831683168,0.4861111111111111,1.0,1.0,1.0,1.0,1.0
0,Family,Grandmother,10,0_1_0,1.0,0.7216494845360825,0.5645161290322581,0.8663366336633663,0.5645161290322581,1.0,1.0,1.0,1.0,1.0
0,Family,Grandmother,10,1_0_0,1.0,0.29535864978902954,0.17326732673267325,0.17326732673267325,0.17326732673267325,1.0,1.0,1.0,1.0,1.0
0,Family,Grandmother,10,1_1_1,0.0,0.0,0.0,0.4405940594059406,0.0,0.0,0.0,0.0,0.0,0.0
0,Family,Grandmother,15,0_0_0,0.17142857142857143,0.2926829268292683,1.0,0.8564356435643564,0.17142857142857143,0.0,0.0,0.0,0.0,0.0
0,Family,Grandmother,15,0_0_1,0.8571428571428571,0.9230769230769231,1.0,0.9752475247524752,0.8571428571428571,0.0,0.0,0.0,0.0,0.0
0,Family,Grandmother,15,0_1_0,1.0,0.7070707070707071,0.546875,0.8564356435643564,0.546875,1.0,1.0,1.0,1.0,1.0
0,Family,Grandmother,15,1_0_0,1.0,0.4430379746835443,0.2845528455284553,0.5643564356435643,0.2845528455284553,1.0,1.0,1.0,1.0,1.0
0,Family,Grandmother,15,1_1_1,0.05714285714285714,0.05333333333333334,0.05,0.6485148514851485,0.0273972602739726,0.4,0.5714285714285714,1.0,0.4,0.4
0,Family,Grandmother,20,0_0_0,0.3142857142857143,0.4782608695652174,1.0,0.8811881188118812,0.3142857142857143,0.0,0.0,0.0,0.0,0.0
0,Family,Grandmother,20,0_0_1,1.0,0.6363636363636364,0.4666666666666667,0.801980198019802,0.4666666666666667,1.0,1.0,1.0,1.0,1.0
0,Family,Grandmother,20,0_1_0,1.0,0.693069306930693,0.5303030303030303,0.8465346534653465,0.5303030303030303,1.0,1.0,1.0,1.0,1.0
0,Family,Grandmother,20,1_0_0,1.0,0.29535864978902954,0.17326732673267325,0.17326732673267325,0.17326732673267325,1.0,1.0,1.0,1.0,1.0
0,Family,Grandmother,20,1_1_1,0.0,0.0,0.0,0.5396039603960396,0.0,0.0,0.0,0.0,0.0,0.0
0,Family,Grandmother,25,0_0_0,0.34285714285714286,0.5106382978723404,1.0,0.8861386138613861,0.34285714285714286,0.0,0.0,0.0,0.0,0.0
0,Family,Grandmother,25,0_0_1,0.9428571428571428,0.6534653465346535,0.5,0.8267326732673267,0.4852941176470588,0.75,0.8571428571428571,1.0,0.75,0.75
0,Family,Grandmother,25,0_1_0,1.0,0.7216494845360825,0.5645161290322581,0.8663366336633663,0.5645161290322581,1.0,1.0,1.0,1.0,1.0
0,Family,Grandmother,25,1_0_0,1.0,0.29535864978902954,0.17326732673267325,0.17326732673267325,0.17326732673267325,1.0,1.0,1.0,1.0,1.0
0,Family,Grandmother,25,1_1_1,0.02857142857142857,0.022727272727272728,0.018867924528301886,0.5742574257425742,0.011494252873563218,0.125,0.2222222222222222,1.0,0.125,0.125
0,Family,Grandmother,30,0_0_0,0.34285714285714286,0.5106382978723404,1.0,0.8861386138613861,0.34285714285714286,0.0,0.0,0.0,0.0,0.0
0,Family,Grandmother,30,0_0_1,0.9428571428571428,0.6666666666666666,0.515625,0.8366336633663366,0.5,0.8,0.8888888888888888,1.0,0.8,0.8
0,Family,Grandmother,30,0_1_0,0.9714285714285714,0.7311827956989247,0.5862068965517241,0.8762376237623762,0.576271186440678,0.9,0.9473684210526315,1.0,0.9,0.9
0,Family,Grandmother,30,1_0_0,1.0,0.29535864978902954,0.17326732673267325,0.17326732673267325,0.17326732673267325,1.0,1.0,1.0,1.0,1.0
0,Family,Grandmother,30,1_1_1,0.02857142857142857,0.023255813953488372,0.0196078431372549,0.5841584158415841,0.011764705882352941,0.1,0.18181818181818182,1.0,0.1,0.1
0,Family,Grandmother,35,0_0_0,0.17142857142857143,0.2926829268292683,1.0,0.8564356435643564,0.17142857142857143,0.0,0.0,0.0,0.0,0.0
0,Family,Grandmother,35,0_0_1,0.8,0.6746987951807228,0.5833333333333334,0.8663366336633663,0.509090909090909,0.4166666666666667,0.5882352941176471,1.0,0.4166666666666667,0.4166666666666667
0,Family,Grandmother,35,0_1_0,0.7142857142857143,0.8064516129032258,0.9259259259259259,0.9405940594059405,0.6756756756756757,0.16666666666666666,0.2857142857142857,1.0,0.16666666666666666,0.16666666666666666
0,Family,Grandmother,35,1_0_0,1.0,0.2966101694915254,0.17412935323383086,0.1782178217821782,0.17412935323383086,1.0,1.0,1.0,1.0,1.0
0,Family,Grandmother,35,1_1_1,0.05714285714285714,0.03305785123966942,0.023255813953488372,0.4207920792079208,0.01680672268907563,0.16666666666666666,0.2857142857142857,1.0,0.16666666666666666,0.16666666666666666
0,Family,Grandmother,40,0_0_0,0.17142857142857143,0.2926829268292683,1.0,0.8564356435643564,0.17142857142857143,0.0,0.0,0.0,0.0,0.0
0,Family,Grandmother,40,0_0_1,0.8,0.6746987951807228,0.5833333333333334,0.8663366336633663,0.509090909090909,0.5,0.6666666666666666,1.0,0.5,0.5
0,Family,Grandmother,40,0_1_0,0.6285714285714286,0.7457627118644068,0.9166666666666666,0.9257425742574258,0.5945945945945946,0.07142857142857142,0.13333333333333333,1.0,0.07142857142857142,0.07142857142857142
0,Family,Grandmother,40,1_0_0,1.0,0.2966101694915254,0.17412935323383086,0.1782178217821782,0.17412935323383086,1.0,1.0,1.0,1.0,1.0
0,Family,Grandmother,40,1_1_1,0.02857142857142857,0.01694915254237288,0.012048192771084338,0.42574257425742573,0.008547008547008548,0.07142857142857142,0.13333333333333333,1.0,0.07142857142857142,0.07142857142857142
0,Family,Grandmother,45,0_0_0,0.14285714285714285,0.25,1.0,0.8514851485148515,0.14285714285714285,0.0,0.0,0.0,0.0,0.0
0,Family,Grandmother,45,0_0_1,0.8,0.6666666666666666,0.5714285714285714,0.8613861386138614,0.5,0.5333333333333333,0.6956521739130435,1.0,0.5333333333333333,0.5333333333333333
0,Family,Grandmother,45,0_1_0,0.6,0.7241379310344828,0.9130434782608695,0.9207920792079208,0.5675675675675675,0.06666666666666667,0.125,1.0,0.06666666666666667,0.06666666666666667
0,Family,Grandmother,45,1_0_0,1.0,0.2966101694915254,0.17412935323383086,0.1782178217821782,0.17412935323383086,1.0,1.0,1.0,1.0,1.0
0,Family,Grandmother,45,1_1_1,0.08571428571428572,0.047619047619047616,0.03296703296703297,0.40594059405940597,0.024390243902439025,0.2,0.3333333333333333,1.0,0.2,0.2
0,Family,Grandmother,50,0_0_0,0.05714285714285714,0.10810810810810811,1.0,0.8366336633663366,0.05714285714285714,0.0,0.0,0.0,0.0,0.0
0,Family,Grandmother,50,0_0_1,0.7714285714285715,0.6666666666666666,0.5869565217391305,0.8663366336633663,0.5,0.5294117647058824,0.6923076923076923,1.0,0.5294117647058824,0.5294117647058824
0,Family,Grandmother,50,0_1_0,0.5428571428571428,0.6909090909090909,0.95,0.9158415841584159,0.5277777777777778,0.058823529411764705,0.1111111111111111,1.0,0.058823529411764705,0.058823529411764705
0,Family,Grandmother,50,1_0_0,1.0,0.2966101694915254,0.17412935323383086,0.1782178217821782,0.17412935323383086,1.0,1.0,1.0,1.0,1.0
0,Family,Grandmother,50,1_1_1,0.2,0.11965811965811966,0.08536585365853659,0.4900990099009901,0.06363636363636363,0.35294117647058826,0.5217391304347826,1.0,0.35294117647058826,0.35294117647058826
0,Family,Grandmother,55,0_0_0,0.02857142857142857,0.05555555555555555,1.0,0.8316831683168316,0.02857142857142857,0.0,0.0,0.0,0.0,0.0
0,Family,Grandmother,55,0_0_1,0.5428571428571428,0.5671641791044776,0.59375,0.8564356435643564,0.3958333333333333,0.15789473684210525,0.2727272727272727,1.0,0.15789473684210525,0.15789473684210525
0,Family,Grandmother,55,0_1_0,0.4857142857142857,0.6415094339622641,0.9444444444444444,0.905940594059406,0.4722222222222222,0.05263157894736842,0.1,1.0,0.05263157894736842,0.05263157894736842
0,Family,Grandmother,55,1_0_0,1.0,0.29914529914529914,0.17587939698492464,0.18811881188118812,0.17587939698492464,1.0,1.0,1.0,1.0,1.0
0,Family,Grandmother,55,1_1_1,0.17142857142857143,0.09090909090909091,0.061855670103092786,0.40594059405940597,0.047619047619047616,0.2631578947368421,0.4166666666666667,1.0,0.2631578947368421,0.2631578947368421
0,Family,Grandmother,60,0_0_0,0.02857142857142857,0.05555555555555555,1.0,0.8316831683168316,0.02857142857142857,0.0,0.0,0.0,0.0,0.0
0,Family,Grandmother,60,0_0_1,0.4857142857142857,0.5573770491803278,0.6538461538461539,0.8663366336633663,0.38636363636363635,0.14285714285714285,0.25,1.0,0.14285714285714285,0.14285714285714285
0,Family,Grandmother,60,0_1_0,0.4,0.5714285714285714,1.0,0.8960396039603961,0.4,0.0,0.0,0.0,0.0,0.0
0,Family,Grandmother,60,1_0_0,1.0,0.30434782608695654,0.1794871794871795,0.2079207920792079,0.1794871794871795,1.0,1.0,1.0,1.0,1.0
0,Family,Grandmother,60,1_1_1,0.08571428571428572,0.04477611940298507,0.030303030303030304,0.36633663366336633,0.022900763358778626,0.14285714285714285,0.25,1.0,0.14285714285714285,0.14285714285714285
0,Family,Grandmother,65,0_0_0,0.02857142857142857,0.05555555555555555,1.0,0.8316831683168316,0.02857142857142857,0.0,0.0,0.0,0.0,0.0
0,Family,Grandmother,65,0_0_1,0.42857142857142855,0.5263157894736842,0.6818181818181818,0.8663366336633663,0.35714285714285715,0.09090909090909091,0.16666666666666666,1.0,0.09090909090909091,0.09090909090909091
0,Family,Grandmother,65,0_1_0,0.37142857142857144,0.5416666666666666,1.0,0.8910891089108911,0.37142857142857144,0.0,0.0,0.0,0.0,0.0
0,Family,Grandmother,65,1_0_0,1.0,0.3056768558951965,0.18041237113402062,0.21287128712871287,0.18041237113402062,1.0,1.0,1.0,1.0,1.0
0,Family,Grandmother,65,1_1_1,0.11428571428571428,0.058394160583941604,0.0392156862745098,0.3613861386138614,0.03007518796992481,0.18181818181818182,0.3076923076923077,1.0,0.18181818181818182,0.18181818181818182
0,Family,Grandmother,70,0_0_0,0.02857142857142857,0.05555555555555555,1.0,0.8316831683168316,0.02857142857142857,0.0,0.0,0.0,0.0,0.0
0,Family,Grandmother,70,0_0_1,0.37142857142857144,0.5098039215686274,0.8125,0.8762376237623762,0.34210526315789475,0.08333333333333333,0.15384615384615385,1.0,0.08333333333333333,0.08333333333333333
0,Family,Grandmother,70,0_1_0,0.3142857142857143,0.4782608695652174,1.0,0.8811881188118812,0.3142857142857143,0.0,0.0,0.0,0.0,0.0
0,Family,Grandmother,70,1_0_0,1.0,0.2978723404255319,0.175,0.18316831683168316,0.175,1.0,1.0,1.0,1.0,1.0
0,Family,Grandmother,70,1_1_1,0.11428571428571428,0.057971014492753624,0.038834951456310676,0.3564356435643564,0.029850746268656716,0.16666666666666666,0.2857142857142857,1.0,0.16666666666666666,0.16666666666666666
0,Family,Grandmother,75,0_0_0,0.02857142857142857,0.05555555555555555,1.0,0.8316831683168316,0.02857142857142857,0.0,0.0,0.0,0.0,0.0
0,Family,Grandmother,75,0_0_1,0.2571428571428571,0.4,0.9,0.8663366336633663,0.25,0.0,0.0,0.0,0.0,0.0
0,Family,Grandmother,75,0_1_0,0.6285714285714286,0.6666666666666666,0.7096774193548387,0.8910891089108911,0.5,0.5,0.6666666666666666,1.0,0.5,0.5
0,Family,Grandmother,75,1_0_0,0.8571428571428571,0.38461538461538464,0.24793388429752067,0.5247524752475248,0.23809523809523808,0.8076923076923077,0.8936170212765957,1.0,0.8076923076923077,0.8076923076923077
0,Family,Grandmother,75,1_1_1,0.34285714285714286,0.183206106870229,0.125,0.47029702970297027,0.10084033613445378,0.38461538461538464,0.5555555555555556,1.0,0.38461538461538464,0.38461538461538464
0,Family,Grandmother,80,0_0_0,0.02857142857142857,0.05555555555555555,1.0,0.8316831683168316,0.02857142857142857,0.0,0.0,0.0,0.0,0.0
0,Family,Grandmother,80,0_0_1,0.2,0.3333333333333333,1.0,0.8613861386138614,0.2,0.0,0.0,0.0,0.0,0.0
0,Family,Grandmother,80,0_1_0,0.5428571428571428,0.6129032258064516,0.7037037037037037,0.8811881188118812,0.4418604651162791,0.42857142857142855,0.6,1.0,0.42857142857142855,0.42857142857142855
0,Family,Grandmother,80,1_0_0,0.9428571428571428,0.38596491228070173,0.2426470588235294,0.4801980198019802,0.2391304347826087,0.9285714285714286,0.9629629629629629,1.0,0.9285714285714286,0.9285714285714286
0,Family,Grandmother,80,1_1_1,0.22857142857142856,0.16,0.12307692307692308,0.5841584158415841,0.08695652173913043,0.21428571428571427,0.35294117647058826,1.0,0.21428571428571427,0.21428571428571427
0,Family,Grandson,0,0_0_0,0.20930232558139536,0.34615384615384615,1.0,0.8316831683168316,0.20930232558139536,,,,,
0,Family,Grandson,0,0_0_1,1.0,0.7543859649122807,0.6056338028169014,0.8613861386138614,0.6056338028169014,,,,,
0,Family,Grandson,0,0_1_0,1.0,0.9247311827956989,0.86,0.9653465346534653,0.86,,,,,
0,Family,Grandson,0,1_0_0,1.0,0.35537190082644626,0.21608040201005024,0.22772277227722773,0.21608040201005024,,,,,
0,Family,Grandson,0,1_1_1,0.0,0.0,0.0,0.42574257425742573,0.0,,,,,
0,Family,Grandson,5,0_0_0,0.13953488372093023,0.24489795918367346,1.0,0.8168316831683168,0.13953488372093023,0.0,0.0,0.0,0.0,0.0
0,Family,Grandson,5,0_0_1,1.0,0.7818181818181819,0.6417910447761194,0.8811881188118812,0.6417910447761194,1.0,1.0,1.0,1.0,1.0
0,Family,Grandson,5,0_1_0,0.9534883720930233,0.8913043478260869,0.8367346938775511,0.9504950495049505,0.803921568627451,0.0,0.0,0.0,0.0,0.0
0,Family,Grandson,5,1_0_0,1.0,0.35537190082644626,0.21608040201005024,0.22772277227722773,0.21608040201005024,1.0,1.0,1.0,1.0,1.0
0,Family,Grandson,5,1_1_1,0.023255813953488372,0.017543859649122806,0.014084507042253521,0.44554455445544555,0.008849557522123894,0.5,0.6666666666666666,1.0,0.5,0.5
0,Family,Grandson,10,0_0_0,0.23255813953488372,0.37735849056603776,1.0,0.8366336633663366,0.23255813953488372,0.0,0.0,0.0,0.0,0.0
0,Family,Grandson,10,0_0_1,1.0,0.6666666666666666,0.5,0.7871287128712872,0.5,1.0,1.0,1.0,1.0,1.0
0,Family,Grandson,10,0_1_0,1.0,0.86,0.7543859649122807,0.9306930693069307,0.7543859649122807,1.0,1.0,1.0,1.0,1.0
0,Family,Grandson,10,1_0_0,1.0,0.3598326359832636,0.2193877551020408,0.24257425742574257,0.2193877551020408,1.0,1.0,1.0,1.0,1.0
0,Family,Grandson,10,1_1_1,0.0,0.0,0.0,0.35148514851485146,0.0,0.0,0.0,0.0,0.0,0.0
0,Family,Grandson,15,0_0_0,0.20930232558139536,0.34615384615384615,1.0,0.8316831683168316,0.20930232558139536,0.0,0.0,0.0,0.0,0.0
0,Family,Grandson,15,0_0_1,1.0,0.7107438016528925,0.5512820512820513,0.8267326732673267,0.5512820512820513,1.0,1.0,1.0,1.0,1.0
0,Family,Grandson,15,0_1_0,1.0,0.8514851485148515,0.7413793103448276,0.9257425742574258,0.7413793103448276,1.0,1.0,1.0,1.0,1.0
0,Family,Grandson,15,1_0_0,1.0,0.3598326359832636,0.2193877551020408,0.24257425742574257,0.2193877551020408,1.0,1.0,1.0,1.0,1.0
0,Family,Grandson,15,1_1_1,0.0,0.0,0.0,0.3811881188118812,0.0,0.0,0.0,0.0,0.0,0.0
0,Family,Grandson,20,0_0_0,0.2558139534883721,0.4074074074074074,1.0,0.8415841584158416,0.2558139534883721,0.0,0.0,0.0,0.0,0.0
0,Family,Grandson,20,0_0_1,1.0,0.6935483870967742,0.5308641975308642,0.8118811881188119,0.5308641975308642,1.0,1.0,1.0,1.0,1.0
0,Family,Grandson,20,0_1_0,1.0,0.8113207547169812,0.6825396825396826,0.900990099009901,0.6825396825396826,1.0,1.0,1.0,1.0,1.0
0,Family,Grandson,20,1_0_0,1.0,0.3598326359832636,0.2193877551020408,0.24257425742574257,0.2193877551020408,1.0,1.0,1.0,1.0,1.0
0,Family,Grandson,20,1_1_1,0.0,0.0,0.0,0.38613861386138615,0.0,0.0,0.0,0.0,0.0,0.0
0,Family,Grandson,25,0_0_0,0.23255813953488372,0.37735849056603776,1.0,0.8366336633663366,0.23255813953488372,0.0,0.0,0.0,0.0,0.0
0,Family,Grandson,25,0_0_1,1.0,0.7166666666666667,0.5584415584415584,0.8316831683168316,0.5584415584415584,1.0,1.0,1.0,1.0,1.0
0,Family,Grandson,25,0_1_0,0.9767441860465116,0.8155339805825242,0.7,0.905940594059406,0.6885245901639344,0.9,0.9473684210526315,1.0,0.9,0.9
0,Family,Grandson,25,1_0_0,1.0,0.35833333333333334,0.2182741116751269,0.2376237623762376,0.2182741116751269,1.0,1.0,1.0,1.0,1.0
0,Family,Grandson,25,1_1_1,0.023255813953488372,0.015873015873015872,0.012048192771084338,0.38613861386138615,0.008,0.1,0.18181818181818182,1.0,0.1,0.1
0,Family,Grandson,30,0_0_0,0.20930232558139536,0.34615384615384615,1.0,0.8316831683168316,0.20930232558139536,0.0,0.0,0.0,0.0,0.0
0,Family,Grandson,30,0_0_1,1.0,0.7226890756302521,0.5657894736842105,0.8366336633663366,0.5657894736842105,1.0,1.0,1.0,1.0,1.0
0,Family,Grandson,30,0_1_0,0.9767441860465116,0.8235294117647058,0.711864406779661,0.9108910891089109,0.7,0.9166666666666666,0.9565217391304348,1.0,0.9166666666666666,0.9166666666666666
0,Family,Grandson,30,1_0_0,1.0,0.35684647302904565,0.21717171717171718,0.23267326732673269,0.21717171717171718,1.0,1.0,1.0,1.0,1.0
0,Family,Grandson,30,1_1_1,0.0,0.0,0.0,0.38613861386138615,0.0,0.0,0.0,0.0,0.0,0.0
0,Family,Grandson,35,0_0_0,0.16279069767441862,0.28,1.0,0.8217821782178217,0.16279069767441862,0.0,0.0,0.0,0.0,0.0
0,Family,Grandson,35,0_0_1,0.9767441860465116,0.6942148760330579,0.5384615384615384,0.8168316831683168,0.5316455696202531,0.9333333333333333,0.9655172413793104,1.0,0.9333333333333333,0.9333333333333333
0,Family,Grandson,35,0_1_0,0.9534883720930233,0.8282828282828283,0.7321428571428571,0.9158415841584159,0.7068965517241379,0.8666666666666667,0.9285714285714286,1.0,0.8666666666666667,0.8666666666666667
0,Family,Grandson,35,1_0_0,1.0,0.35537190082644626,0.21608040201005024,0.22772277227722773,0.21608040201005024,1.0,1.0,1.0,1.0,1.0
0,Family,Grandson,35,1_1_1,0.5348837209302325,0.359375,0.27058823529411763,0.594059405940594,0.21904761904761905,0.4666666666666667,0.6363636363636364,1.0,0.4666666666666667,0.4666666666666667
0,Family,Grandson,40,0_0_0,0.023255813953488372,0.045454545454545456,1.0,0.7920792079207921,0.023255813953488372,0.0,0.0,0.0,0.0,0.0
0,Family,Grandson,40,0_0_1,0.627906976744186,0.7397260273972602,0.9,0.905940594059406,0.5869565217391305,0.058823529411764705,0.1111111111111111,1.0,0.058823529411764705,0.058823529411764705
0,Family,Grandson,40,0_1_0,0.7906976744186046,0.7906976744186046,0.7906976744186046,0.9108910891089109,0.6538461538461539,0.47058823529411764,0.64,1.0,0.47058823529411764,0.47058823529411764
0,Family,Grandson,40,1_0_0,1.0,0.5408805031446541,0.3706896551724138,0.6386138613861386,0.3706896551724138,1.0,1.0,1.0,1.0,1.0
0,Family,Grandson,40,1_1_1,0.9069767441860465,0.5652173913043478,0.4105263157894737,0.7029702970297029,0.3939393939393939,0.7647058823529411,0.8666666666666667,1.0,0.7647058823529411,0.7647058823529411
0,Family,Grandson,45,0_0_0,0.046511627906976744,0.08888888888888889,1.0,0.7970297029702971,0.046511627906976744,0.0,0.0,0.0,0.0,0.0
0,Family,Grandson,45,0_0_1,0.9069767441860465,0.7878787878787878,0.6964285714285714,0.8960396039603961,0.65,0.7894736842105263,0.8823529411764706,1.0,0.7894736842105263,0.7894736842105263
0,Family,Grandson,45,0_1_0,0.7906976744186046,0.7311827956989247,0.68,0.8762376237623762,0.576271186440678,0.5263157894736842,0.6896551724137931,1.0,0.5263157894736842,0.5263157894736842
0,Family,Grandson,45,1_0_0,1.0,0.36134453781512604,0.2205128205128205,0.24752475247524752,0.2205128205128205,1.0,1.0,1.0,1.0,1.0
0,Family,Grandson,45,1_1_1,0.0,0.0,0.0,0.6287128712871287,0.0,0.0,0.0,0.0,0.0,0.0
0,Family,Grandson,50,0_0_0,0.023255813953488372,0.045454545454545456,1.0,0.7920792079207921,0.023255813953488372,0.0,0.0,0.0,0.0,0.0
0,Family,Grandson,50,0_0_1,0.813953488372093,0.6481481481481481,0.5384615384615384,0.8118811881188119,0.4794520547945205,0.6190476190476191,0.7647058823529411,1.0,0.6190476190476191,0.6190476190476191
0,Family,Grandson,50,0_1_0,0.7441860465116279,0.6881720430107527,0.64,0.8564356435643564,0.5245901639344263,0.47619047619047616,0.6451612903225806,1.0,0.47619047619047616,0.47619047619047616
0,Family,Grandson,50,1_0_0,1.0,0.35684647302904565,0.21717171717171718,0.23267326732673269,0.21717171717171718,1.0,1.0,1.0,1.0,1.0
0,Family,Grandson,50,1_1_1,0.0,0.0,0.0,0.6039603960396039,0.0,0.0,0.0,0.0,0.0,0.0
0,Family,Grandson,55,0_0_0,0.046511627906976744,0.08888888888888889,1.0,0.7970297029702971,0.046511627906976744,0.0,0.0,0.0,0.0,0.0
0,Family,Grandson,55,0_0_1,0.7906976744186046,0.68,0.5964912280701754,0.8415841584158416,0.5151515151515151,0.6086956521739131,0.7567567567567568,1.0,0.6086956521739131,0.6086956521739131
0,Family,Grandson,55,0_1_0,0.7209302325581395,0.6966292134831461,0.6739130434782609,0.8663366336633663,0.5344827586206896,0.4782608695652174,0.6470588235294118,1.0,0.4782608695652174,0.4782608695652174
0,Family,Grandson,55,1_0_0,1.0,0.35833333333333334,0.2182741116751269,0.2376237623762376,0.2182741116751269,1.0,1.0,1.0,1.0,1.0
0,Family,Grandson,55,1_1_1,0.0,0.0,0.0,0.6287128712871287,0.0,0.0,0.0,0.0,0.0,0.0
0,Family,Grandson,60,0_0_0,0.046511627906976744,0.08888888888888889,1.0,0.7970297029702971,0.046511627906976744,0.0,0.0,0.0,0.0,0.0
0,Family,Grandson,60,0_0_1,0.7674418604651163,0.673469387755102,0.6,0.8415841584158416,0.5076923076923077,0.6,0.75,1.0,0.6,0.6
0,Family,Grandson,60,0_1_0,0.7209302325581395,0.7209302325581395,0.7209302325581395,0.8811881188118812,0.5636363636363636,0.52,0.6842105263157895,1.0,0.52,0.52
0,Family,Grandson,60,1_0_0,1.0,0.3644067796610169,0.22279792746113988,0.25742574257425743,0.22279792746113988,1.0,1.0,1.0,1.0,1.0
0,Family,Grandson,60,1_1_1,0.023255813953488372,0.024691358024691357,0.02631578947368421,0.6089108910891089,0.0125,0.04,0.07692307692307693,1.0,0.04,0.04
0,Family,Grandson,65,0_0_0,0.046511627906976744,0.08888888888888889,1.0,0.7970297029702971,0.046511627906976744,0.0,0.0,0.0,0.0,0.0
0,Family,Grandson,65,0_0_1,0.7906976744186046,0.6868686868686869,0.6071428571428571,0.8465346534653465,0.5230769230769231,0.6666666666666666,0.8,1.0,0.6666666666666666,0.6666666666666666
0,Family,Grandson,65,0_1_0,0.6046511627906976,0.6190476190476191,0.6341463414634146,0.8415841584158416,0.4482758620689655,0.37037037037037035,0.5405405405405406,1.0,0.37037037037037035,0.37037037037037035
0,Family,Grandson,65,1_0_0,1.0,0.3788546255506608,0.23369565217391305,0.30198019801980197,0.23369565217391305,1.0,1.0,1.0,1.0,1.0
0,Family,Grandson,65,1_1_1,0.0,0.0,0.0,0.6138613861386139,0.0,0.0,0.0,0.0,0.0,0.0
0,Family,Grandson,70,0_0_0,0.023255813953488372,0.045454545454545456,1.0,0.7920792079207921,0.023255813953488372,0.0,0.0,0.0,0.0,0.0
0,Family,Grandson,70,0_0_1,0.3023255813953488,0.4642857142857143,1.0,0.8514851485148515,0.3023255813953488,0.0,0.0,0.0,0.0,0.0
0,Family,Grandson,70,0_1_0,0.3953488372093023,0.5483870967741935,0.8947368421052632,0.8613861386138614,0.37777777777777777,0.13333333333333333,0.23529411764705882,1.0,0.13333333333333333,0.13333333333333333
0,Family,Grandson,70,1_0_0,1.0,0.5029239766081871,0.3359375,0.5792079207920792,0.3359375,1.0,1.0,1.0,1.0,1.0
0,Family,Grandson,70,1_1_1,0.09302325581395349,0.07476635514018691,0.0625,0.5099009900990099,0.038834951456310676,0.1,0.18181818181818182,1.0,0.1,0.1
0,Family,Grandson,75,0_0_0,0.0,0.0,0.0,0.7871287128712872,0.0,0.0,0.0,0.0,0.0,0.0
0,Family,Grandson,75,0_0_1,0.6744186046511628,0.6373626373626373,0.6041666666666666,0.8366336633663366,0.46774193548387094,0.5625,0.72,1.0,0.5625,0.5625
0,Family,Grandson,75,0_1_0,0.5581395348837209,0.5393258426966292,0.5217391304347826,0.7970297029702971,0.36923076923076925,0.40625,0.5777777777777777,1.0,0.40625,0.40625
0,Family,Grandson,75,1_0_0,1.0,0.40186915887850466,0.25146198830409355,0.36633663366336633,0.25146198830409355,1.0,1.0,1.0,1.0,1.0
0,Family,Grandson,75,1_1_1,0.20930232558139536,0.14634146341463414,0.1125,0.4801980198019802,0.07894736842105263,0.28125,0.43902439024390244,1.0,0.28125,0.28125
0,Family,Grandson,80,0_0_0,0.0,0.0,0.0,0.7871287128712872,0.0,0.0,0.0,0.0,0.0,0.0
0,Family,Grandson,80,0_0_1,0.7209302325581395,0.5794392523364486,0.484375,0.7772277227722773,0.40789473684210525,0.6470588235294118,0.7857142857142857,1.0,0.6470588235294118,0.6470588235294118
0,Family,Grandson,80,0_1_0,0.4418604651162791,0.5066666666666667,0.59375,0.8168316831683168,0.3392857142857143,0.29411764705882354,0.45454545454545453,1.0,0.29411764705882354,0.29411764705882354
0,Family,Grandson,80,1_0_0,1.0,0.3510204081632653,0.21287128712871287,0.21287128712871287,0.21287128712871287,1.0,1.0,1.0,1.0,1.0
0,Family,Grandson,80,1_1_1,0.06976744186046512,0.06521739130434782,0.061224489795918366,0.5742574257425742,0.033707865168539325,0.08823529411764706,0.16216216216216217,1.0,0.08823529411764706,0.08823529411764706
0,Family,Mother,0,0_0_0,0.38333333333333336,0.5542168674698795,1.0,0.8168316831683168,0.38333333333333336,,,,,
0,Family,Mother,0,0_0_1,1.0,0.7058823529411765,0.5454545454545454,0.7524752475247525,0.5454545454545454,,,,,
0,Family,Mother,0,0_1_0,1.0,0.8,0.6666666666666666,0.8514851485148515,0.6666666666666666,,,,,
0,Family,Mother,0,1_0_0,1.0,0.4580152671755725,0.297029702970297,0.297029702970297,0.297029702970297,,,,,
0,Family,Mother,0,1_1_1,0.0,0.0,0.0,0.5,0.0,,,,,
0,Family,Mother,5,0_0_0,0.25,0.4,1.0,0.7772277227722773,0.25,0.0,0.0,0.0,0.0,0.0
0,Family,Mother,5,0_0_1,1.0,0.7741935483870968,0.631578947368421,0.8267326732673267,0.631578947368421,1.0,1.0,1.0,1.0,1.0
0,Family,Mother,5,0_1_0,1.0,0.9022556390977443,0.821917808219178,0.9356435643564357,0.821917808219178,1.0,1.0,1.0,1.0,1.0
0,Family,Mother,5,1_0_0,1.0,0.4580152671755725,0.297029702970297,0.297029702970297,0.297029702970297,1.0,1.0,1.0,1.0,1.0
0,Family,Mother,5,1_1_1,0.0,0.0,0.0,0.6633663366336634,0.0,0.0,0.0,0.0,0.0,0.0
0,Family,Mother,10,0_0_0,0.2,0.3333333333333333,1.0,0.7623762376237624,0.2,0.0,0.0,0.0,0.0,0.0
0,Family,Mother,10,0_0_1,1.0,0.7843137254901961,0.6451612903225806,0.8366336633663366,0.6451612903225806,1.0,1.0,1.0,1.0,1.0
0,Family,Mother,10,0_1_0,0.95,0.8837209302325582,0.8260869565217391,0.9257425742574258,0.7916666666666666,0.5,0.6666666666666666,1.0,0.5,0.5
0,Family,Mother,10,1_0_0,1.0,0.4580152671755725,0.297029702970297,0.297029702970297,0.297029702970297,1.0,1.0,1.0,1.0,1.0
0,Family,Mother,10,1_1_1,0.0,0.0,0.0,0.693069306930693,0.0,0.0,0.0,0.0,0.0,0.0
0,Family,Mother,15,0_0_0,0.08333333333333333,0.15384615384615385,1.0,0.7277227722772277,0.08333333333333333,0.0,0.0,0.0,0.0,0.0
0,Family,Mother,15,0_0_1,0.9833333333333333,0.7283950617283951,0.5784313725490197,0.7821782178217822,0.5728155339805825,0.8888888888888888,0.9411764705882353,1.0,0.8888888888888888,0.8888888888888888
0,Family,Mother,15,0_1_0,0.95,0.8382352941176471,0.75,0.8910891089108911,0.7215189873417721,0.6666666666666666,0.8,1.0,0.6666666666666666,0.6666666666666666
0,Family,Mother,15,1_0_0,1.0,0.4580152671755725,0.297029702970297,0.297029702970297,0.297029702970297,1.0,1.0,1.0,1.0,1.0
0,Family,Mother,15,1_1_1,0.05,0.040268456375838924,0.033707865168539325,0.29207920792079206,0.02054794520547945,0.1111111111111111,0.2,1.0,0.1111111111111111,0.1111111111111111
0,Family,Mother,20,0_0_0,0.06666666666666667,0.125,1.0,0.7227722772277227,0.06666666666666667,0.0,0.0,0.0,0.0,0.0
0,Family,Mother,20,0_0_1,1.0,0.7361963190184049,0.5825242718446602,0.7871287128712872,0.5825242718446602,1.0,1.0,1.0,1.0,1.0
0,Family,Mother,20,0_1_0,0.9833333333333333,0.8082191780821918,0.686046511627907,0.8613861386138614,0.6781609195402298,0.9166666666666666,0.9565217391304348,1.0,0.9166666666666666,0.9166666666666666
0,Family,Mother,20,1_0_0,1.0,0.4580152671755725,0.297029702970297,0.297029702970297,0.297029702970297,1.0,1.0,1.0,1.0,1.0
0,Family,Mother,20,1_1_1,0.03333333333333333,0.043010752688172046,0.06060606060606061,0.5594059405940595,0.02197802197802198,0.0,0.0,0.0,0.0,0.0
0,Family,Mother,25,0_0_0,0.3,0.46153846153846156,1.0,0.7920792079207921,0.3,0.0,0.0,0.0,0.0,0.0
0,Family,Mother,25,0_0_1,1.0,0.6741573033707865,0.5084745762711864,0.7128712871287128,0.5084745762711864,1.0,1.0,1.0,1.0,1.0
0,Family,Mother,25,0_1_0,0.9833333333333333,0.7763157894736842,0.6413043478260869,0.8316831683168316,0.6344086021505376,0.9333333333333333,0.9655172413793104,1.0,0.9333333333333333,0.9333333333333333
0,Family,Mother,25,1_0_0,1.0,0.4580152671755725,0.297029702970297,0.297029702970297,0.297029702970297,1.0,1.0,1.0,1.0,1.0
0,Family,Mother,25,1_1_1,0.016666666666666666,0.0273972602739726,0.07692307692307693,0.6485148514851485,0.013888888888888888,0.06666666666666667,0.125,1.0,0.06666666666666667,0.06666666666666667
0,Family,Mother,30,0_0_0,0.2,0.3333333333333333,1.0,0.7623762376237624,0.2,0.0,0.0,0.0,0.0,0.0
0,Family,Mother,30,0_0_1,0.9666666666666667,0.7388535031847133,0.5979381443298969,0.7970297029702971,0.5858585858585859,0.8888888888888888,0.9411764705882353,1.0,0.8888888888888888,0.8888888888888888
0,Family,Mother,30,0_1_0,0.9833333333333333,0.7763157894736842,0.6413043478260869,0.8316831683168316,0.6344086021505376,0.9444444444444444,0.9714285714285714,1.0,0.9444444444444444,0.9444444444444444
0,Family,Mother,30,1_0_0,1.0,0.4580152671755725,0.297029702970297,0.297029702970297,0.297029702970297,1.0,1.0,1.0,1.0,1.0
0,Family,Mother,30,1_1_1,0.03333333333333333,0.05063291139240506,0.10526315789473684,0.6287128712871287,0.025974025974025976,0.1111111111111111,0.2,1.0,0.1111111111111111,0.1111111111111111
0,Family,Mother,35,0_0_0,0.2,0.3333333333333333,1.0,0.7623762376237624,0.2,0.0,0.0,0.0,0.0,0.0
0,Family,Mother,35,0_0_1,0.9666666666666667,0.7682119205298014,0.6373626373626373,0.8267326732673267,0.6236559139784946,0.9047619047619048,0.95,1.0,0.9047619047619048,0.9047619047619048
0,Family,Mother,35,0_1_0,0.9833333333333333,0.7866666666666666,0.6555555555555556,0.8415841584158416,0.6483516483516484,0.9523809523809523,0.975609756097561,1.0,0.9523809523809523,0.9523809523809523
0,Family,Mother,35,1_0_0,1.0,0.4580152671755725,0.297029702970297,0.297029702970297,0.297029702970297,1.0,1.0,1.0,1.0,1.0
0,Family,Mother,35,1_1_1,0.016666666666666666,0.03076923076923077,0.2,0.6881188118811881,0.015625,0.047619047619047616,0.09090909090909091,1.0,0.047619047619047616,0.047619047619047616
0,Family,Mother,40,0_0_0,0.26666666666666666,0.42105263157894735,1.0,0.7821782178217822,0.26666666666666666,0.0,0.0,0.0,0.0,0.0
0,Family,Mother,40,0_0_1,1.0,0.6896551724137931,0.5263157894736842,0.7326732673267327,0.5263157894736842,1.0,1.0,1.0,1.0,1.0
0,Family,Mother,40,0_1_0,0.8833333333333333,0.828125,0.7794117647058824,0.8910891089108911,0.7066666666666667,0.7083333333333334,0.8292682926829268,1.0,0.7083333333333334,0.7083333333333334
0,Family,Mother,40,1_0_0,1.0,0.46332046332046334,0.3015075376884422,0.3118811881188119,0.3015075376884422,1.0,1.0,1.0,1.0,1.0
0,Family,Mother,40,1_1_1,0.3,0.375,0.5,0.7029702970297029,0.23076923076923078,0.3333333333333333,0.5,1.0,0.3333333333333333,0.3333333333333333
0,Family,Mother,45,0_0_0,0.23333333333333334,0.3783783783783784,1.0,0.7722772277227723,0.23333333333333334,0.0,0.0,0.0,0.0,0.0
0,Family,Mother,45,0_0_1,0.6,0.7272727272727273,0.9230769230769231,0.8663366336633663,0.5714285714285714,0.1111111111111111,0.2,1.0,0.1111111111111111,0.1111111111111111
0,Family,Mother,45,0_1_0,0.7833333333333333,0.7704918032786885,0.7580645161290323,0.8613861386138614,0.6266666666666667,0.5185185185185185,0.6829268292682927,1.0,0.5185185185185185,0.5185185185185185
0,Family,Mother,45,1_0_0,1.0,0.4819277108433735,0.31746031746031744,0.3613861386138614,0.31746031746031744,1.0,1.0,1.0,1.0,1.0
0,Family,Mother,45,1_1_1,0.0,0.0,0.0,0.2376237623762376,0.0,0.0,0.0,0.0,0.0,0.0
0,Family,Mother,50,0_0_0,0.23333333333333334,0.3783783783783784,1.0,0.7722772277227723,0.23333333333333334,0.0,0.0,0.0,0.0,0.0
0,Family,Mother,50,0_0_1,0.6,0.75,1.0,0.8811881188118812,0.6,0.2,0.3333333333333333,1.0,0.2,0.2
0,Family,Mother,50,0_1_0,0.8,0.8135593220338984,0.8275862068965517,0.8910891089108911,0.6857142857142857,0.6,0.75,1.0,0.6,0.6
0,Family,Mother,50,1_0_0,1.0,0.4819277108433735,0.31746031746031744,0.3613861386138614,0.31746031746031744,1.0,1.0,1.0,1.0,1.0
0,Family,Mother,50,1_1_1,0.016666666666666666,0.012903225806451613,0.010526315789473684,0.24257425742574257,0.006493506493506494,0.03333333333333333,0.06451612903225806,1.0,0.03333333333333333,0.03333333333333333
0,Family,Mother,55,0_0_0,0.06666666666666667,0.125,1.0,0.7227722772277227,0.06666666666666667,0.0,0.0,0.0,0.0,0.0
0,Family,Mother,55,0_0_1,0.8666666666666667,0.7536231884057971,0.6666666666666666,0.8316831683168316,0.6046511627906976,0.7575757575757576,0.8620689655172413,1.0,0.7575757575757576,0.7575757575757576
0,Family,Mother,55,0_1_0,0.5,0.6666666666666666,1.0,0.8514851485148515,0.5,0.09090909090909091,0.16666666666666666,1.0,0.09090909090909091,0.09090909090909091
0,Family,Mother,55,1_0_0,1.0,0.5381165919282511,0.36809815950920244,0.4900990099009901,0.36809815950920244,1.0,1.0,1.0,1.0,1.0
0,Family,Mother,55,1_1_1,0.11666666666666667,0.0875,0.07,0.27722772277227725,0.0457516339869281,0.15151515151515152,0.2631578947368421,1.0,0.15151515151515152,0.15151515151515152
0,Family,Mother,60,0_0_0,0.016666666666666666,0.03278688524590164,1.0,0.7079207920792079,0.016666666666666666,0.0,0.0,0.0,0.0,0.0
0,Family,Mother,60,0_0_1,0.8333333333333334,0.7246376811594203,0.6410256410256411,0.8118811881188119,0.5681818181818182,0.7222222222222222,0.8387096774193549,1.0,0.7222222222222222,0.7222222222222222
0,Family,Mother,60,0_1_0,0.45,0.6206896551724138,1.0,0.8366336633663366,0.45,0.08333333333333333,0.15384615384615385,1.0,0.08333333333333333,0.08333333333333333
0,Family,Mother,60,1_0_0,1.0,0.5150214592274678,0.3468208092485549,0.4405940594059406,0.3468208092485549,1.0,1.0,1.0,1.0,1.0
0,Family,Mother,60,1_1_1,0.13333333333333333,0.10062893081761007,0.08080808080808081,0.29207920792079206,0.052980132450331126,0.16666666666666666,0.2857142857142857,1.0,0.16666666666666666,0.16666666666666666
0,Family,Mother,65,0_0_0,0.016666666666666666,0.03278688524590164,1.0,0.7079207920792079,0.016666666666666666,0.0,0.0,0.0,0.0,0.0
0,Family,Mother,65,0_0_1,0.35,0.5185185185185185,1.0,0.806930693069307,0.35,0.0,0.0,0.0,0.0,0.0
0,Family,Mother,65,0_1_0,0.35,0.5185185185185185,1.0,0.806930693069307,0.35,0.0,0.0,0.0,0.0,0.0
0,Family,Mother,65,1_0_0,1.0,0.6741573033707865,0.5084745762711864,0.7128712871287128,0.5084745762711864,1.0,1.0,1.0,1.0,1.0
0,Family,Mother,65,1_1_1,0.13333333333333333,0.09937888198757763,0.07920792079207921,0.28217821782178215,0.05228758169934641,0.20512820512820512,0.3404255319148936,1.0,0.20512820512820512,0.20512820512820512
0,Family,Mother,70,0_0_0,0.0,0.0,0.0,0.7029702970297029,0.0,0.0,0.0,0.0,0.0,0.0
0,Family,Mother,70,0_0_1,0.6833333333333333,0.6212121212121212,0.5694444444444444,0.7524752475247525,0.45054945054945056,0.5476190476190477,0.7076923076923077,1.0,0.5476190476190477,0.5476190476190477
0,Family,Mother,70,0_1_0,0.3,0.46153846153846156,1.0,0.7920792079207921,0.3,0.0,0.0,0.0,0.0,0.0
0,Family,Mother,70,1_0_0,0.9833333333333333,0.5042735042735043,0.3390804597701149,0.42574257425742573,0.33714285714285713,0.9761904761904762,0.9879518072289156,1.0,0.9761904761904762,0.9761904761904762
0,Family,Mother,70,1_1_1,0.06666666666666667,0.05755395683453238,0.05063291139240506,0.35148514851485146,0.02962962962962963,0.07142857142857142,0.13333333333333333,1.0,0.07142857142857142,0.07142857142857142
0,Family,Mother,75,0_0_0,0.0,0.0,0.0,0.7029702970297029,0.0,0.0,0.0,0.0,0.0,0.0
0,Family,Mother,75,0_0_1,0.2833333333333333,0.43037974683544306,0.8947368421052632,0.7772277227722773,0.27419354838709675,0.044444444444444446,0.0851063829787234,1.0,0.044444444444444446,0.044444444444444446
0,Family,Mother,75,0_1_0,0.2833333333333333,0.4358974358974359,0.9444444444444444,0.7821782178217822,0.2786885245901639,0.044444444444444446,0.0851063829787234,1.0,0.044444444444444446,0.044444444444444446
0,Family,Mother,75,1_0_0,0.7666666666666667,0.5542168674698795,0.4339622641509434,0.6336633663366337,0.38333333333333336,0.6888888888888889,0.8157894736842105,1.0,0.6888888888888889,0.6888888888888889
0,Family,Mother,75,1_1_1,0.18333333333333332,0.1981981981981982,0.21568627450980393,0.5594059405940595,0.11,0.2222222222222222,0.36363636363636365,1.0,0.2222222222222222,0.2222222222222222
0,Family,Mother,80,0_0_0,0.0,0.0,0.0,0.7029702970297029,0.0,0.0,0.0,0.0,0.0,0.0
0,Family,Mother,80,0_0_1,0.26666666666666666,0.4050632911392405,0.8421052631578947,0.7673267326732673,0.25396825396825395,0.08333333333333333,0.15384615384615385,1.0,0.08333333333333333,0.08333333333333333
0,Family,Mother,80,0_1_0,0.26666666666666666,0.4155844155844156,0.9411764705882353,0.7772277227722773,0.26229508196721313,0.08333333333333333,0.15384615384615385,1.0,0.08333333333333333,0.08333333333333333
0,Family,Mother,80,1_0_0,0.75,0.5590062111801242,0.44554455445544555,0.6485148514851485,0.3879310344827586,0.6875,0.8148148148148148,1.0,0.6875,0.6875
0,Family,Mother,80,1_1_1,0.13333333333333333,0.1568627450980392,0.19047619047619047,0.5742574257425742,0.0851063829787234,0.14583333333333334,0.2545454545454545,1.0,0.14583333333333334,0.14583333333333334
0,Family,Sister,0,0_0_0,0.14285714285714285,0.25,1.0,0.8217821782178217,0.14285714285714285,,,,,
0,Family,Sister,0,0_0_1,1.0,0.6412213740458015,0.47191011235955055,0.7673267326732673,0.47191011235955055,,,,,
0,Family,Sister,0,0_1_0,1.0,0.7058823529411765,0.5454545454545454,0.8267326732673267,0.5454545454545454,,,,,
0,Family,Sister,0,1_0_0,1.0,0.3442622950819672,0.2079207920792079,0.2079207920792079,0.2079207920792079,,,,,
0,Family,Sister,0,1_1_1,0.0,0.0,0.0,0.7128712871287128,0.0,,,,,
0,Family,Sister,5,0_0_0,0.09523809523809523,0.17391304347826086,1.0,0.8118811881188119,0.09523809523809523,0.0,0.0,0.0,0.0,0.0
0,Family,Sister,5,0_0_1,1.0,0.6511627906976745,0.4827586206896552,0.7772277227722773,0.4827586206896552,1.0,1.0,1.0,1.0,1.0
0,Family,Sister,5,0_1_0,1.0,0.7433628318584071,0.5915492957746479,0.8564356435643564,0.5915492957746479,1.0,1.0,1.0,1.0,1.0
0,Family,Sister,5,1_0_0,1.0,0.34854771784232363,0.21105527638190955,0.22277227722772278,0.21105527638190955,1.0,1.0,1.0,1.0,1.0
0,Family,Sister,5,1_1_1,0.023809523809523808,0.03571428571428571,0.07142857142857142,0.7326732673267327,0.01818181818181818,0.5,0.6666666666666666,1.0,0.5,0.5
0,Family,Sister,10,0_0_0,0.023809523809523808,0.046511627906976744,1.0,0.7970297029702971,0.023809523809523808,0.0,0.0,0.0,0.0,0.0
0,Family,Sister,10,0_0_1,1.0,0.7058823529411765,0.5454545454545454,0.8267326732673267,0.5454545454545454,1.0,1.0,1.0,1.0,1.0
0,Family,Sister,10,0_1_0,1.0,0.7777777777777778,0.6363636363636364,0.8811881188118812,0.6363636363636364,1.0,1.0,1.0,1.0,1.0
0,Family,Sister,10,1_0_0,1.0,0.34710743801652894,0.21,0.21782178217821782,0.21,1.0,1.0,1.0,1.0,1.0
0,Family,Sister,10,1_1_1,0.023809523809523808,0.03389830508474576,0.058823529411764705,0.7178217821782178,0.017241379310344827,0.25,0.4,1.0,0.25,0.25
0,Family,Sister,15,0_0_0,0.023809523809523808,0.046511627906976744,1.0,0.7970297029702971,0.023809523809523808,0.0,0.0,0.0,0.0,0.0
0,Family,Sister,15,0_0_1,0.9761904761904762,0.6612903225806451,0.5,0.7920792079207921,0.4939759036144578,0.8333333333333334,0.9090909090909091,1.0,0.8333333333333334,0.8333333333333334
0,Family,Sister,15,0_1_0,0.9761904761904762,0.7663551401869159,0.6307692307692307,0.8762376237623762,0.6212121212121212,0.8333333333333334,0.9090909090909091,1.0,0.8333333333333334,0.8333333333333334
0,Family,Sister,15,1_0_0,1.0,0.3442622950819672,0.2079207920792079,0.2079207920792079,0.2079207920792079,1.0,1.0,1.0,1.0,1.0
0,Family,Sister,15,1_1_1,0.023809523809523808,0.03333333333333333,0.05555555555555555,0.7128712871287128,0.01694915254237288,0.16666666666666666,0.2857142857142857,1.0,0.16666666666666666,0.16666666666666666
0,Family,Sister,20,0_0_0,0.11904761904761904,0.2127659574468085,1.0,0.8168316831683168,0.11904761904761904,0.0,0.0,0.0,0.0,0.0
0,Family,Sister,20,0_0_1,1.0,0.8571428571428571,0.75,0.9306930693069307,0.75,1.0,1.0,1.0,1.0,1.0
0,Family,Sister,20,0_1_0,0.9761904761904762,0.6721311475409836,0.5125,0.801980198019802,0.5061728395061729,0.875,0.9333333333333333,1.0,0.875,0.875
0,Family,Sister,20,1_0_0,1.0,0.36363636363636365,0.2222222222222222,0.2722772277227723,0.2222222222222222,1.0,1.0,1.0,1.0,1.0
0,Family,Sister,20,1_1_1,0.023809523809523808,0.028985507246376812,0.037037037037037035,0.6683168316831684,0.014705882352941176,0.125,0.2222222222222222,1.0,0.125,0.125
0,Family,Sister,25,0_0_0,0.11904761904761904,0.2127659574468085,1.0,0.8168316831683168,0.11904761904761904,0.0,0.0,0.0,0.0,0.0
0,Family,Sister,25,0_0_1,1.0,0.7567567567567568,0.6086956521739131,0.8663366336633663,0.6086956521739131,1.0,1.0,1.0,1.0,1.0
0,Family,Sister,25,0_1_0,0.9523809523809523,0.6722689075630253,0.5194805194805194,0.806930693069307,0.5063291139240507,0.8,0.8888888888888888,1.0,0.8,0.8
0,Family,Sister,25,1_0_0,1.0,0.38181818181818183,0.23595505617977527,0.32673267326732675,0.23595505617977527,1.0,1.0,1.0,1.0,1.0
0,Family,Sister,25,1_1_1,0.0,0.0,0.0,0.7475247524752475,0.0,0.0,0.0,0.0,0.0,0.0
0,Family,Sister,30,0_0_0,0.09523809523809523,0.17391304347826086,1.0,0.8118811881188119,0.09523809523809523,0.0,0.0,0.0,0.0,0.0
0,Family,Sister,30,0_0_1,1.0,0.7777777777777778,0.6363636363636364,0.8811881188118812,0.6363636363636364,1.0,1.0,1.0,1.0,1.0
0,Family,Sister,30,0_1_0,0.9761904761904762,0.6721311475409836,0.5125,0.801980198019802,0.5061728395061729,0.9166666666666666,0.9565217391304348,1.0,0.9166666666666666,0.9166666666666666
0,Family,Sister,30,1_0_0,1.0,0.3888888888888889,0.2413793103448276,0.3465346534653465,0.2413793103448276,1.0,1.0,1.0,1.0,1.0
0,Family,Sister,30,1_1_1,0.0,0.0,0.0,0.7326732673267327,0.0,0.0,0.0,0.0,0.0,0.0
0,Family,Sister,35,0_0_0,0.09523809523809523,0.17391304347826086,1.0,0.8118811881188119,0.09523809523809523,0.0,0.0,0.0,0.0,0.0
0,Family,Sister,35,0_0_1,0.9761904761904762,0.8541666666666666,0.7592592592592593,0.9306930693069307,0.7454545454545455,0.9285714285714286,0.9629629629629629,1.0,0.9285714285714286,0.9285714285714286
0,Family,Sister,35,0_1_0,0.9285714285714286,0.8297872340425532,0.75,0.9207920792079208,0.7090909090909091,0.7857142857142857,0.88,1.0,0.7857142857142857,0.7857142857142857
0,Family,Sister,35,1_0_0,1.0,0.3620689655172414,0.22105263157894736,0.26732673267326734,0.22105263157894736,1.0,1.0,1.0,1.0,1.0
0,Family,Sister,35,1_1_1,0.047619047619047616,0.05128205128205128,0.05555555555555555,0.6336633663366337,0.02631578947368421,0.14285714285714285,0.25,1.0,0.14285714285714285,0.14285714285714285
0,Family,Sister,40,0_0_0,0.09523809523809523,0.17391304347826086,1.0,0.8118811881188119,0.09523809523809523,0.0,0.0,0.0,0.0,0.0
0,Family,Sister,40,0_0_1,0.9523809523809523,0.8080808080808081,0.7017543859649122,0.905940594059406,0.6779661016949152,0.875,0.9333333333333333,1.0,0.875,0.875
0,Family,Sister,40,0_1_0,0.9523809523809523,0.8163265306122449,0.7142857142857143,0.9108910891089109,0.6896551724137931,0.875,0.9333333333333333,1.0,0.875,0.875
0,Family,Sister,40,1_0_0,1.0,0.3574468085106383,0.21761658031088082,0.2524752475247525,0.21761658031088082,1.0,1.0,1.0,1.0,1.0
0,Family,Sister,40,1_1_1,0.047619047619047616,0.05405405405405406,0.0625,0.6534653465346535,0.027777777777777776,0.125,0.2222222222222222,1.0,0.125,0.125
0,Family,Sister,45,0_0_0,0.023809523809523808,0.046511627906976744,1.0,0.7970297029702971,0.023809523809523808,0.0,0.0,0.0,0.0,0.0
0,Family,Sister,45,0_0_1,0.5952380952380952,0.7352941176470589,0.9615384615384616,0.9108910891089109,0.5813953488372093,0.05555555555555555,0.10526315789473684,1.0,0.05555555555555555,0.05555555555555555
0,Family,Sister,45,0_1_0,1.0,0.7850467289719626,0.6461538461538462,0.8861386138613861,0.6461538461538462,1.0,1.0,1.0,1.0,1.0
0,Family,Sister,45,1_0_0,1.0,0.6774193548387096,0.5121951219512195,0.801980198019802,0.5121951219512195,1.0,1.0,1.0,1.0,1.0
0,Family,Sister,45,1_1_1,0.0,0.0,0.0,0.6534653465346535,0.0,0.0,0.0,0.0,0.0,0.0
0,Family,Sister,50,0_0_0,0.14285714285714285,0.25,1.0,0.8217821782178217,0.14285714285714285,0.0,0.0,0.0,0.0,0.0
0,Family,Sister,50,0_0_1,0.8809523809523809,0.8314606741573034,0.7872340425531915,0.9257425742574258,0.7115384615384616,0.7619047619047619,0.8648648648648649,1.0,0.7619047619047619,0.7619047619047619
0,Family,Sister,50,0_1_0,0.7857142857142857,0.7586206896551724,0.7333333333333333,0.8960396039603961,0.6111111111111112,0.5714285714285714,0.7272727272727273,1.0,0.5714285714285714,0.5714285714285714
0,Family,Sister,50,1_0_0,1.0,0.37668161434977576,0.23204419889502761,0.3118811881188119,0.23204419889502761,1.0,1.0,1.0,1.0,1.0
0,Family,Sister,50,1_1_1,0.14285714285714285,0.07792207792207792,0.05357142857142857,0.297029702970297,0.04054054054054054,0.23809523809523808,0.38461538461538464,1.0,0.23809523809523808,0.23809523809523808
0,Family,Sister,55,0_0_0,0.14285714285714285,0.25,1.0,0.8217821782178217,0.14285714285714285,0.0,0.0,0.0,0.0,0.0
0,Family,Sister,55,0_0_1,0.8809523809523809,0.8409090909090909,0.8043478260869565,0.9306930693069307,0.7254901960784313,0.782608695652174,0.8780487804878049,1.0,0.782608695652174,0.782608695652174
0,Family,Sister,55,0_1_0,0.7142857142857143,0.7317073170731707,0.75,0.8910891089108911,0.5769230769230769,0.4782608695652174,0.6470588235294118,1.0,0.4782608695652174,0.4782608695652174
0,Family,Sister,55,1_0_0,1.0,0.39069767441860465,0.24277456647398843,0.35148514851485146,0.24277456647398843,1.0,1.0,1.0,1.0,1.0
0,Family,Sister,55,1_1_1,0.14285714285714285,0.07792207792207792,0.05357142857142857,0.297029702970297,0.04054054054054054,0.21739130434782608,0.35714285714285715,1.0,0.21739130434782608,0.21739130434782608
0,Family,Sister,60,0_0_0,0.07142857142857142,0.13333333333333333,1.0,0.806930693069307,0.07142857142857142,0.0,0.0,0.0,0.0,0.0
0,Family,Sister,60,0_0_1,0.8095238095238095,0.6476190476190476,0.5396825396825397,0.8168316831683168,0.4788732394366197,0.68,0.8095238095238095,1.0,0.68,0.68
0,Family,Sister,60,0_1_0,0.9761904761904762,0.6259541984732825,0.4606741573033708,0.7574257425742574,0.45555555555555555,0.96,0.9795918367346939,1.0,0.96,0.96
0,Family,Sister,60,1_0_0,1.0,0.46153846153846156,0.3,0.5148514851485149,0.3,1.0,1.0,1.0,1.0,1.0
0,Family,Sister,60,1_1_1,0.30952380952380953,0.3291139240506329,0.35135135135135137,0.7376237623762376,0.19696969696969696,0.16,0.27586206896551724,1.0,0.16,0.16
0,Family,Sister,65,0_0_0,0.023809523809523808,0.046511627906976744,1.0,0.7970297029702971,0.023809523809523808,0.0,0.0,0.0,0.0,0.0
0,Family,Sister,65,0_0_1,0.8809523809523809,0.6851851851851852,0.5606060606060606,0.8316831683168316,0.5211267605633803,0.8148148148148148,0.8979591836734694,1.0,0.8148148148148148,0.8148148148148148
0,Family,Sister,65,0_1_0,0.9523809523809523,0.6299212598425197,0.47058823529411764,0.7673267326732673,0.45977011494252873,0.9259259259259259,0.9615384615384616,1.0,0.9259259259259259,0.9259259259259259
0,Family,Sister,65,1_0_0,1.0,0.45901639344262296,0.2978723404255319,0.5099009900990099,0.2978723404255319,1.0,1.0,1.0,1.0,1.0
0,Family,Sister,65,1_1_1,0.30952380952380953,0.37142857142857144,0.4642857142857143,0.7821782178217822,0.22807017543859648,0.14814814814814814,0.25806451612903225,1.0,0.14814814814814814,0.14814814814814814
0,Family,Sister,70,0_0_0,0.0,0.0,0.0,0.7920792079207921,0.0,0.0,0.0,0.0,0.0,0.0
0,Family,Sister,70,0_0_1,0.9523809523809523,0.7142857142857143,0.5714285714285714,0.8415841584158416,0.5555555555555556,0.9310344827586207,0.9642857142857143,1.0,0.9310344827586207,0.9310344827586207
0,Family,Sister,70,0_1_0,0.9523809523809523,0.625,0.46511627906976744,0.7623762376237624,0.45454545454545453,0.9310344827586207,0.9642857142857143,1.0,0.9310344827586207,0.9310344827586207
0,Family,Sister,70,1_0_0,1.0,0.417910447761194,0.2641509433962264,0.4207920792079208,0.2641509433962264,1.0,1.0,1.0,1.0,1.0
0,Family,Sister,70,1_1_1,0.5,0.5,0.5,0.7920792079207921,0.3333333333333333,0.3793103448275862,0.55,1.0,0.3793103448275862,0.3793103448275862
0,Family,Sister,75,0_0_0,0.0,0.0,0.0,0.7920792079207921,0.0,0.0,0.0,0.0,0.0,0.0
0,Family,Sister,75,0_0_1,0.9285714285714286,0.78,0.6724137931034483,0.8910891089108911,0.639344262295082,0.9032258064516129,0.9491525423728814,1.0,0.9032258064516129,0.9032258064516129
0,Family,Sister,75,0_1_0,0.8095238095238095,0.5862068965517241,0.4594594594594595,0.7623762376237624,0.4146341463414634,0.7419354838709677,0.8518518518518519,1.0,0.7419354838709677,0.7419354838709677
0,Family,Sister,75,1_0_0,1.0,0.42424242424242425,0.2692307692307692,0.43564356435643564,0.2692307692307692,1.0,1.0,1.0,1.0,1.0
0,Family,Sister,75,1_1_1,0.40476190476190477,0.4358974358974359,0.4722222222222222,0.7821782178217822,0.2786885245901639,0.25806451612903225,0.41025641025641024,1.0,0.25806451612903225,0.25806451612903225
0,Family,Sister,80,0_0_0,0.0,0.0,0.0,0.7920792079207921,0.0,0.0,0.0,0.0,0.0,0.0
0,Family,Sister,80,0_0_1,0.8095238095238095,0.7391304347826086,0.68,0.8811881188118812,0.5862068965517241,0.7575757575757576,0.8620689655172413,1.0,0.7575757575757576,0.7575757575757576
0,Family,Sister,80,0_1_0,0.9047619047619048,0.628099173553719,0.4810126582278481,0.7772277227722773,0.4578313253012048,0.8787878787878788,0.9354838709677419,1.0,0.8787878787878788,0.8787878787878788
0,Family,Sister,80,1_0_0,1.0,0.46408839779005523,0.302158273381295,0.5198019801980198,0.302158273381295,1.0,1.0,1.0,1.0,1.0
0,Family,Sister,80,1_1_1,0.38095238095238093,0.42105263157894735,0.47058823529411764,0.7821782178217822,0.26666666666666666,0.30303030303030304,0.46511627906976744,1.0,0.30303030303030304,0.30303030303030304
0,Family,Son,0,0_0_0,0.07692307692307693,0.14285714285714285,1.0,0.7623762376237624,0.07692307692307693,,,,,
0,Family,Son,0,0_0_1,1.0,0.7482014388489209,0.5977011494252874,0.8267326732673267,0.5977011494252874,,,,,
0,Family,Son,0,0_1_0,1.0,0.9904761904761905,0.9811320754716981,0.995049504950495,0.9811320754716981,,,,,
0,Family,Son,0,1_0_0,1.0,0.4126984126984127,0.26,0.26732673267326734,0.26,,,,,
0,Family,Son,0,1_1_1,0.0,0.0,0.0,0.3811881188118812,0.0,,,,,
0,Family,Son,5,0_0_0,0.057692307692307696,0.10909090909090909,1.0,0.7574257425742574,0.057692307692307696,0.0,0.0,0.0,0.0,0.0
0,Family,Son,5,0_0_1,1.0,0.7878787878787878,0.65,0.8613861386138614,0.65,1.0,1.0,1.0,1.0,1.0
0,Family,Son,5,0_1_0,0.9807692307692307,0.9714285714285714,0.9622641509433962,0.9851485148514851,0.9444444444444444,0.5,0.6666666666666666,1.0,0.5,0.5
0,Family,Son,5,1_0_0,1.0,0.4126984126984127,0.26,0.26732673267326734,0.26,1.0,1.0,1.0,1.0,1.0
0,Family,Son,5,1_1_1,0.0,0.0,0.0,0.3613861386138614,0.0,0.0,0.0,0.0,0.0,0.0
0,Family,Son,10,0_0_0,0.038461538461538464,0.07407407407407407,1.0,0.7524752475247525,0.038461538461538464,0.0,0.0,0.0,0.0,0.0
0,Family,Son,10,0_0_1,1.0,0.8188976377952756,0.6933333333333334,0.8861386138613861,0.6933333333333334,1.0,1.0,1.0,1.0,1.0
0,Family,Son,10,0_1_0,0.9807692307692307,0.9902912621359223,1.0,0.995049504950495,0.9807692307692307,0.8,0.8888888888888888,1.0,0.8,0.8
0,Family,Son,10,1_0_0,1.0,0.416,0.26262626262626265,0.27722772277227725,0.26262626262626265,1.0,1.0,1.0,1.0,1.0
0,Family,Son,10,1_1_1,0.0,0.0,0.0,0.3415841584158416,0.0,0.0,0.0,0.0,0.0,0.0
0,Family,Son,15,0_0_0,0.057692307692307696,0.10909090909090909,1.0,0.7574257425742574,0.057692307692307696,0.0,0.0,0.0,0.0,0.0
0,Family,Son,15,0_0_1,1.0,0.8125,0.6842105263157895,0.8811881188118812,0.6842105263157895,1.0,1.0,1.0,1.0,1.0
0,Family,Son,15,0_1_0,0.9615384615384616,0.9803921568627451,1.0,0.9900990099009901,0.9615384615384616,0.7142857142857143,0.8333333333333334,1.0,0.7142857142857143,0.7142857142857143
0,Family,Son,15,1_0_0,1.0,0.4126984126984127,0.26,0.26732673267326734,0.26,1.0,1.0,1.0,1.0,1.0
0,Family,Son,15,1_1_1,0.019230769230769232,0.015384615384615385,0.01282051282051282,0.36633663366336633,0.007751937984496124,0.14285714285714285,0.25,1.0,0.14285714285714285,0.14285714285714285
0,Family,Son,20,0_0_0,0.019230769230769232,0.03773584905660377,1.0,0.7475247524752475,0.019230769230769232,0.0,0.0,0.0,0.0,0.0
0,Family,Son,20,0_0_1,0.9807692307692307,0.816,0.6986301369863014,0.8861386138613861,0.6891891891891891,0.9,0.9473684210526315,1.0,0.9,0.9
0,Family,Son,20,0_1_0,0.9038461538461539,0.9494949494949495,1.0,0.9752475247524752,0.9038461538461539,0.5,0.6666666666666666,1.0,0.5,0.5
0,Family,Son,20,1_0_0,1.0,0.41434262948207173,0.2613065326633166,0.2722772277227723,0.2613065326633166,1.0,1.0,1.0,1.0,1.0
0,Family,Son,20,1_1_1,0.038461538461538464,0.02877697841726619,0.022988505747126436,0.3316831683168317,0.014598540145985401,0.2,0.3333333333333333,1.0,0.2,0.2
0,Family,Son,25,0_0_0,0.0,0.0,0.0,0.7425742574257426,0.0,0.0,0.0,0.0,0.0,0.0
0,Family,Son,25,0_0_1,1.0,0.8253968253968254,0.7027027027027027,0.8910891089108911,0.7027027027027027,1.0,1.0,1.0,1.0,1.0
0,Family,Son,25,0_1_0,0.8269230769230769,0.9052631578947369,1.0,0.9554455445544554,0.8269230769230769,0.3076923076923077,0.47058823529411764,1.0,0.3076923076923077,0.3076923076923077
0,Family,Son,25,1_0_0,1.0,0.4094488188976378,0.25742574257425743,0.25742574257425743,0.25742574257425743,1.0,1.0,1.0,1.0,1.0
0,Family,Son,25,1_1_1,0.038461538461538464,0.025477707006369428,0.01904761904761905,0.24257425742574257,0.012903225806451613,0.15384615384615385,0.26666666666666666,1.0,0.15384615384615385,0.15384615384615385
0,Family,Son,30,0_0_0,0.0,0.0,0.0,0.7425742574257426,0.0,0.0,0.0,0.0,0.0,0.0
0,Family,Son,30,0_0_1,0.9423076923076923,0.7967479674796748,0.6901408450704225,0.8762376237623762,0.6621621621621622,0.8,0.8888888888888888,1.0,0.8,0.8
0,Family,Son,30,0_1_0,0.7884615384615384,0.8723404255319149,0.9761904761904762,0.9405940594059405,0.7735849056603774,0.26666666666666666,0.42105263157894735,1.0,0.26666666666666666,0.26666666666666666
0,Family,Son,30,1_0_0,1.0,0.41106719367588934,0.25870646766169153,0.2623762376237624,0.25870646766169153,1.0,1.0,1.0,1.0,1.0
0,Family,Son,30,1_1_1,0.038461538461538464,0.02531645569620253,0.018867924528301886,0.2376237623762376,0.01282051282051282,0.13333333333333333,0.23529411764705882,1.0,0.13333333333333333,0.13333333333333333
0,Family,Son,35,0_0_0,0.019230769230769232,0.03773584905660377,1.0,0.7475247524752475,0.019230769230769232,0.0,0.0,0.0,0.0,0.0
0,Family,Son,35,0_0_1,0.9230769230769231,0.7804878048780488,0.676056338028169,0.8663366336633663,0.64,0.7777777777777778,0.875,1.0,0.7777777777777778,0.7777777777777778
0,Family,Son,35,0_1_0,0.75,0.8478260869565217,0.975,0.9306930693069307,0.7358490566037735,0.2777777777777778,0.43478260869565216,1.0,0.2777777777777778,0.2777777777777778
0,Family,Son,35,1_0_0,1.0,0.41106719367588934,0.25870646766169153,0.2623762376237624,0.25870646766169153,1.0,1.0,1.0,1.0,1.0
0,Family,Son,35,1_1_1,0.09615384615384616,0.06172839506172839,0.045454545454545456,0.24752475247524752,0.03184713375796178,0.2222222222222222,0.36363636363636365,1.0,0.2222222222222222,0.2222222222222222
0,Family,Son,40,0_0_0,0.019230769230769232,0.03773584905660377,1.0,0.7475247524752475,0.019230769230769232,0.0,0.0,0.0,0.0,0.0
0,Family,Son,40,0_0_1,0.9230769230769231,0.7933884297520661,0.6956521739130435,0.8762376237623762,0.6575342465753424,0.8,0.8888888888888888,1.0,0.8,0.8
0,Family,Son,40,0_1_0,0.6538461538461539,0.7816091954022989,0.9714285714285714,0.905940594059406,0.6415094339622641,0.1,0.18181818181818182,1.0,0.1,0.1
0,Family,Son,40,1_0_0,1.0,0.41434262948207173,0.2613065326633166,0.2722772277227723,0.2613065326633166,1.0,1.0,1.0,1.0,1.0
0,Family,Son,40,1_1_1,0.07692307692307693,0.05063291139240506,0.03773584905660377,0.25742574257425743,0.025974025974025976,0.15,0.2608695652173913,1.0,0.15,0.15
0,Family,Son,45,0_0_0,0.07692307692307693,0.14285714285714285,1.0,0.7623762376237624,0.07692307692307693,0.0,0.0,0.0,0.0,0.0
0,Family,Son,45,0_0_1,0.6346153846153846,0.7415730337078652,0.8918918918918919,0.8861386138613861,0.5892857142857143,0.17391304347826086,0.2962962962962963,1.0,0.17391304347826086,0.17391304347826086
0,Family,Son,45,0_1_0,0.8269230769230769,0.6615384615384615,0.5512820512820513,0.7821782178217822,0.4942528735632184,0.6086956521739131,0.7567567567567568,1.0,0.6086956521739131,0.6086956521739131
0,Family,Son,45,1_0_0,1.0,0.5174129353233831,0.348993288590604,0.5198019801980198,0.348993288590604,1.0,1.0,1.0,1.0,1.0
0,Family,Son,45,1_1_1,0.07692307692307693,0.05925925925925926,0.04819277108433735,0.3712871287128713,0.030534351145038167,0.17391304347826086,0.2962962962962963,1.0,0.17391304347826086,0.17391304347826086
0,Family,Son,50,0_0_0,0.057692307692307696,0.10909090909090909,1.0,0.7574257425742574,0.057692307692307696,0.0,0.0,0.0,0.0,0.0
0,Family,Son,50,0_0_1,0.5576923076923077,0.7073170731707317,0.9666666666666667,0.8811881188118812,0.5471698113207547,0.11538461538461539,0.20689655172413793,1.0,0.11538461538461539,0.11538461538461539
0,Family,Son,50,0_1_0,0.75,0.624,0.5342465753424658,0.7673267326732673,0.45348837209302323,0.5,0.6666666666666666,1.0,0.5,0.5
0,Family,Son,50,1_0_0,1.0,0.538860103626943,0.36879432624113473,0.5594059405940595,0.36879432624113473,1.0,1.0,1.0,1.0,1.0
0,Family,Son,50,1_1_1,0.09615384615384616,0.06896551724137931,0.053763440860215055,0.3316831683168317,0.03571428571428571,0.19230769230769232,0.3225806451612903,1.0,0.19230769230769232,0.19230769230769232
0,Family,Son,55,0_0_0,0.038461538461538464,0.07407407407407407,1.0,0.7524752475247525,0.038461538461538464,0.0,0.0,0.0,0.0,0.0
0,Family,Son,55,0_0_1,0.5192307692307693,0.675,0.9642857142857143,0.8712871287128713,0.5094339622641509,0.10714285714285714,0.1935483870967742,1.0,0.10714285714285714,0.10714285714285714
0,Family,Son,55,0_1_0,0.7307692307692307,0.6333333333333333,0.5588235294117647,0.7821782178217822,0.4634146341463415,0.5,0.6666666666666666,1.0,0.5,0.5
0,Family,Son,55,1_0_0,1.0,0.5502645502645502,0.3795620437956204,0.5792079207920792,0.3795620437956204,1.0,1.0,1.0,1.0,1.0
0,Family,Son,55,1_1_1,0.09615384615384616,0.07092198581560284,0.056179775280898875,0.35148514851485146,0.03676470588235294,0.17857142857142858,0.30303030303030304,1.0,0.17857142857142858,0.17857142857142858
0,Family,Son,60,0_0_0,0.019230769230769232,0.03773584905660377,1.0,0.7475247524752475,0.019230769230769232,0.0,0.0,0.0,0.0,0.0
0,Family,Son,60,0_0_1,0.4807692307692308,0.6493506493506493,1.0,0.8663366336633663,0.4807692307692308,0.12903225806451613,0.22857142857142856,1.0,0.12903225806451613,0.12903225806451613
0,Family,Son,60,0_1_0,0.6923076923076923,0.6206896551724138,0.5625,0.7821782178217822,0.45,0.4838709677419355,0.6521739130434783,1.0,0.4838709677419355,0.4838709677419355
0,Family,Son,60,1_0_0,1.0,0.5842696629213483,0.4126984126984127,0.6336633663366337,0.4126984126984127,1.0,1.0,1.0,1.0,1.0
0,Family,Son,60,1_1_1,0.09615384615384616,0.07246376811594203,0.05813953488372093,0.36633663366336633,0.03759398496240601,0.16129032258064516,0.2777777777777778,1.0,0.16129032258064516,0.16129032258064516
0,Family,Son,65,0_0_0,0.038461538461538464,0.07407407407407407,1.0,0.7524752475247525,0.038461538461538464,0.0,0.0,0.0,0.0,0.0
0,Family,Son,65,0_0_1,0.5,0.6582278481012658,0.9629629629629629,0.8663366336633663,0.49056603773584906,0.21212121212121213,0.35,1.0,0.21212121212121213,0.21212121212121213
0,Family,Son,65,0_1_0,0.6538461538461539,0.5483870967741935,0.4722222222222222,0.7227722772277227,0.37777777777777777,0.45454545454545453,0.625,1.0,0.45454545454545453,0.45454545454545453
0,Family,Son,65,1_0_0,0.9615384615384616,0.6944444444444444,0.5434782608695652,0.7821782178217822,0.5319148936170213,0.9393939393939394,0.96875,1.0,0.9393939393939394,0.9393939393939394
0,Family,Son,65,1_1_1,0.1346153846153846,0.09859154929577464,0.07777777777777778,0.36633663366336633,0.05185185185185185,0.18181818181818182,0.3076923076923077,1.0,0.18181818181818182,0.18181818181818182
0,Family,Son,70,0_0_0,0.019230769230769232,0.03773584905660377,1.0,0.7475247524752475,0.019230769230769232,0.0,0.0,0.0,0.0,0.0
0,Family,Son,70,0_0_1,0.4423076923076923,0.6052631578947368,0.9583333333333334,0.8514851485148515,0.4339622641509434,0.19444444444444445,0.32558139534883723,1.0,0.19444444444444445,0.19444444444444445
0,Family,Son,70,0_1_0,0.5769230769230769,0.5042016806722689,0.44776119402985076,0.7079207920792079,0.33707865168539325,0.3888888888888889,0.56,1.0,0.3888888888888889,0.3888888888888889
0,Family,Son,70,1_0_0,0.9615384615384616,0.7299270072992701,0.5882352941176471,0.8168316831683168,0.5747126436781609,0.9444444444444444,0.9714285714285714,1.0,0.9444444444444444,0.9444444444444444
0,Family,Son,70,1_1_1,0.1346153846153846,0.09929078014184398,0.07865168539325842,0.3712871287128713,0.05223880597014925,0.16666666666666666,0.2857142857142857,1.0,0.16666666666666666,0.16666666666666666
0,Family,Son,75,0_0_0,0.07692307692307693,0.14285714285714285,1.0,0.7623762376237624,0.07692307692307693,0.0,0.0,0.0,0.0,0.0
0,Family,Son,75,0_0_1,0.7692307692307693,0.7207207207207207,0.6779661016949152,0.8465346534653465,0.5633802816901409,0.6923076923076923,0.8181818181818182,1.0,0.6923076923076923,0.6923076923076923
0,Family,Son,75,0_1_0,0.5192307692307693,0.6506024096385542,0.8709677419354839,0.8564356435643564,0.48214285714285715,0.358974358974359,0.5283018867924528,1.0,0.358974358974359,0.358974358974359
0,Family,Son,75,1_0_0,0.9807692307692307,0.43037974683544306,0.2756756756756757,0.3316831683168317,0.27419354838709675,0.9743589743589743,0.987012987012987,1.0,0.9743589743589743,0.9743589743589743
0,Family,Son,75,1_1_1,0.07692307692307693,0.058394160583941604,0.047058823529411764,0.3613861386138614,0.03007518796992481,0.07692307692307693,0.14285714285714285,1.0,0.07692307692307693,0.07692307692307693
0,Family,Son,80,0_0_0,0.057692307692307696,0.10909090909090909,1.0,0.7574257425742574,0.057692307692307696,0.0,0.0,0.0,0.0,0.0
0,Family,Son,80,0_0_1,0.6923076923076923,0.6923076923076923,0.6923076923076923,0.8415841584158416,0.5294117647058824,0.6097560975609756,0.7575757575757576,1.0,0.6097560975609756,0.6097560975609756
0,Family,Son,80,0_1_0,0.5,0.611764705882353,0.7878787878787878,0.8366336633663366,0.4406779661016949,0.36585365853658536,0.5357142857142857,1.0,0.36585365853658536,0.36585365853658536
0,Family,Son,80,1_0_0,0.9807692307692307,0.4146341463414634,0.26288659793814434,0.2871287128712871,0.26153846153846155,0.975609756097561,0.9876543209876543,1.0,0.975609756097561,0.975609756097561
0,Family,Son,80,1_1_1,0.057692307692307696,0.04225352112676056,0.03333333333333333,0.32673267326732675,0.02158273381294964,0.04878048780487805,0.09302325581395349,1.0,0.04878048780487805,0.04878048780487805
