run,dataset,class_name,removal,pqr,all_data_recall,all_data_f1,all_data_precision,all_data_accuracy,all_data_jaccard,removed_data_recall,removed_data_f1,removed_data_precision,removed_data_accuracy,removed_data_jaccard
0,Family,Brother,0,0_0_0,0.26666666666666666,0.42105263157894735,1.0,0.8910891089108911,0.26666666666666666,,,,,
0,Family,Brother,0,0_0_1,1.0,0.7407407407407407,0.5882352941176471,0.8960396039603961,0.5882352941176471,,,,,
0,Family,Brother,0,0_1_0,1.0,0.8450704225352113,0.7317073170731707,0.9455445544554455,0.7317073170731707,,,,,
0,Family,Brother,0,1_0_0,1.0,0.297029702970297,0.1744186046511628,0.297029702970297,0.1744186046511628,,,,,
0,Family,Brother,0,1_1_1,0.0,0.0,0.0,0.43564356435643564,0.0,,,,,
0,Family,Brother,5,0_0_0,0.26666666666666666,0.42105263157894735,1.0,0.8910891089108911,0.26666666666666666,0.0,0.0,0.0,0.0,0.0
0,Family,Brother,5,0_0_1,1.0,0.759493670886076,0.6122448979591837,0.905940594059406,0.6122448979591837,1.0,1.0,1.0,1.0,1.0
0,Family,Brother,5,0_1_0,1.0,0.8450704225352113,0.7317073170731707,0.9455445544554455,0.7317073170731707,1.0,1.0,1.0,1.0,1.0
0,Family,Brother,5,1_0_0,1.0,0.3015075376884422,0.17751479289940827,0.3118811881188119,0.17751479289940827,1.0,1.0,1.0,1.0,1.0
0,Family,Brother,5,1_1_1,0.0,0.0,0.0,0.4207920792079208,0.0,0.0,0.0,0.0,0.0,0.0
0,Family,Brother,10,0_0_0,0.2,0.3333333333333333,1.0,0.8811881188118812,0.2,0.0,0.0,0.0,0.0,0.0
0,Family,Brother,10,0_0_1,1.0,0.8,0.6666666666666666,0.9257425742574258,0.6666666666666666,1.0,1.0,1.0,1.0,1.0
0,Family,Brother,10,0_1_0,1.0,0.8823529411764706,0.7894736842105263,0.9603960396039604,0.7894736842105263,1.0,1.0,1.0,1.0,1.0
0,Family,Brother,10,1_0_0,1.0,0.30303030303030304,0.17857142857142858,0.31683168316831684,0.17857142857142858,1.0,1.0,1.0,1.0,1.0
0,Family,Brother,10,1_1_1,0.0,0.0,0.0,0.4306930693069307,0.0,0.0,0.0,0.0,0.0,0.0
0,Family,Brother,15,0_0_0,0.16666666666666666,0.2857142857142857,1.0,0.8762376237623762,0.16666666666666666,0.0,0.0,0.0,0.0,0.0
0,Family,Brother,15,0_0_1,1.0,0.821917808219178,0.6976744186046512,0.9356435643564357,0.6976744186046512,1.0,1.0,1.0,1.0,1.0
0,Family,Brother,15,0_1_0,0.9666666666666667,0.8656716417910447,0.7837837837837838,0.9554455445544554,0.7631578947368421,0.75,0.8571428571428571,1.0,0.75,0.75
0,Family,Brother,15,1_0_0,1.0,0.3157894736842105,0.1875,0.3564356435643564,0.1875,1.0,1.0,1.0,1.0,1.0
0,Family,Brother,15,1_1_1,0.0,0.0,0.0,0.43564356435643564,0.0,0.0,0.0,0.0,0.0,0.0
0,Family,Brother,20,0_0_0,0.16666666666666666,0.2857142857142857,1.0,0.8762376237623762,0.16666666666666666,0.0,0.0,0.0,0.0,0.0
0,Family,Brother,20,0_0_1,1.0,0.8108108108108109,0.6818181818181818,0.9306930693069307,0.6818181818181818,1.0,1.0,1.0,1.0,1.0
0,Family,Brother,20,0_1_0,0.9,0.8181818181818182,0.75,0.9405940594059405,0.6923076923076923,0.5,0.6666666666666666,1.0,0.5,0.5
0,Family,Brother,20,1_0_0,1.0,0.31746031746031744,0.18867924528301888,0.3613861386138614,0.18867924528301888,1.0,1.0,1.0,1.0,1.0
0,Family,Brother,20,1_1_1,0.03333333333333333,0.01639344262295082,0.010869565217391304,0.40594059405940597,0.008264462809917356,0.16666666666666666,0.2857142857142857,1.0,0.16666666666666666,0.16666666666666666
0,Family,Brother,25,0_0_0,0.16666666666666666,0.2857142857142857,1.0,0.8762376237623762,0.16666666666666666,0.0,0.0,0.0,0.0,0.0
0,Family,Brother,25,0_0_1,0.9333333333333333,0.8115942028985508,0.717948717948718,0.9356435643564357,0.6829268292682927,0.7142857142857143,0.8333333333333334,1.0,0.7142857142857143,0.7142857142857143
0,Family,Brother,25,0_1_0,0.9,0.8181818181818182,0.75,0.9405940594059405,0.6923076923076923,0.5714285714285714,0.7272727272727273,1.0,0.5714285714285714,0.5714285714285714
0,Family,Brother,25,1_0_0,1.0,0.3157894736842105,0.1875,0.3564356435643564,0.1875,1.0,1.0,1.0,1.0,1.0
0,Family,Brother,25,1_1_1,0.03333333333333333,0.01639344262295082,0.010869565217391304,0.40594059405940597,0.008264462809917356,0.14285714285714285,0.25,1.0,0.14285714285714285,0.14285714285714285
0,Family,Brother,30,0_0_0,0.13333333333333333,0.23529411764705882,1.0,0.8712871287128713,0.13333333333333333,0.0,0.0,0.0,0.0,0.0
0,Family,Brother,30,0_0_1,0.9,0.7714285714285715,0.675,0.9207920792079208,0.627906976744186,0.6666666666666666,0.8,1.0,0.6666666666666666,0.6666666666666666
0,Family,Brother,30,0_1_0,0.9333333333333333,0.691358024691358,0.5490196078431373,0.8762376237623762,0.5283018867924528,0.7777777777777778,0.875,1.0,0.7777777777777778,0.7777777777777778
0,Family,Brother,30,1_0_0,1.0,0.2912621359223301,0.17045454545454544,0.27722772277227725,0.17045454545454544,1.0,1.0,1.0,1.0,1.0
0,Family,Brother,30,1_1_1,0.0,0.0,0.0,0.4504950495049505,0.0,0.0,0.0,0.0,0.0,0.0
0,Family,Brother,35,0_0_0,0.16666666666666666,0.2857142857142857,1.0,0.8762376237623762,0.16666666666666666,0.0,0.0,0.0,0.0,0.0
0,Family,Brother,35,0_0_1,0.8666666666666667,0.8125,0.7647058823529411,0.9405940594059405,0.6842105263157895,0.6,0.75,1.0,0.6,0.6
0,Family,Brother,35,0_1_0,0.8666666666666667,0.6933333333333334,0.5777777777777777,0.8861386138613861,0.5306122448979592,0.6,0.75,1.0,0.6,0.6
0,Family,Brother,35,1_0_0,1.0,0.3076923076923077,0.18181818181818182,0.3316831683168317,0.18181818181818182,1.0,1.0,1.0,1.0,1.0
0,Family,Brother,35,1_1_1,0.0,0.0,0.0,0.47029702970297027,0.0,0.0,0.0,0.0,0.0,0.0
0,Family,Brother,40,0_0_0,0.16666666666666666,0.2857142857142857,1.0,0.8762376237623762,0.16666666666666666,0.0,0.0,0.0,0.0,0.0
0,Family,Brother,40,0_0_1,0.8,0.8,0.8,0.9405940594059405,0.6666666666666666,0.5,0.6666666666666666,1.0,0.5,0.5
0,Family,Brother,40,0_1_0,0.8666666666666667,0.7222222222222222,0.6190476190476191,0.900990099009901,0.5652173913043478,0.6666666666666666,0.8,1.0,0.6666666666666666,0.6666666666666666
0,Family,Brother,40,1_0_0,1.0,0.31413612565445026,0.18633540372670807,0.35148514851485146,0.18633540372670807,1.0,1.0,1.0,1.0,1.0
0,Family,Brother,40,1_1_1,0.0,0.0,0.0,0.504950495049505,0.0,0.0,0.0,0.0,0.0,0.0
0,Family,Brother,45,0_0_0,0.16666666666666666,0.2857142857142857,1.0,0.8762376237623762,0.16666666666666666,0.0,0.0,0.0,0.0,0.0
0,Family,Brother,45,0_0_1,0.7666666666666667,0.7796610169491526,0.7931034482758621,0.9356435643564357,0.6388888888888888,0.46153846153846156,0.631578947368421,1.0,0.46153846153846156,0.46153846153846156
0,Family,Brother,45,0_1_0,0.8333333333333334,0.704225352112676,0.6097560975609756,0.8960396039603961,0.5434782608695652,0.6153846153846154,0.7619047619047619,1.0,0.6153846153846154,0.6153846153846154
0,Family,Brother,45,1_0_0,1.0,0.3076923076923077,0.18181818181818182,0.3316831683168317,0.18181818181818182,1.0,1.0,1.0,1.0,1.0
0,Family,Brother,45,1_1_1,0.0,0.0,0.0,0.4900990099009901,0.0,0.0,0.0,0.0,0.0,0.0
0,Family,Brother,50,0_0_0,0.13333333333333333,0.23529411764705882,1.0,0.8712871287128713,0.13333333333333333,0.0,0.0,0.0,0.0,0.0
0,Family,Brother,50,0_0_1,0.8,0.8,0.8,0.9405940594059405,0.6666666666666666,0.6,0.75,1.0,0.6,0.6
0,Family,Brother,50,0_1_0,0.8333333333333334,0.6944444444444444,0.5952380952380952,0.8910891089108911,0.5319148936170213,0.6666666666666666,0.8,1.0,0.6666666666666666,0.6666666666666666
0,Family,Brother,50,1_0_0,1.0,0.2803738317757009,0.16304347826086957,0.2376237623762376,0.16304347826086957,1.0,1.0,1.0,1.0,1.0
0,Family,Brother,50,1_1_1,0.0,0.0,0.0,0.4752475247524752,0.0,0.0,0.0,0.0,0.0,0.0
0,Family,Brother,55,0_0_0,0.1,0.18181818181818182,1.0,0.8663366336633663,0.1,0.0,0.0,0.0,0.0,0.0
0,Family,Brother,55,0_0_1,0.8,0.7868852459016393,0.7741935483870968,0.9356435643564357,0.6486486486486487,0.625,0.7692307692307693,1.0,0.625,0.625
0,Family,Brother,55,0_1_0,0.8333333333333334,0.6756756756756757,0.5681818181818182,0.8811881188118812,0.5102040816326531,0.6875,0.8148148148148148,1.0,0.6875,0.6875
0,Family,Brother,55,1_0_0,1.0,0.27522935779816515,0.1595744680851064,0.21782178217821782,0.1595744680851064,1.0,1.0,1.0,1.0,1.0
0,Family,Brother,55,1_1_1,0.0,0.0,0.0,0.49504950495049505,0.0,0.0,0.0,0.0,0.0,0.0
0,Family,Brother,60,0_0_0,0.1,0.18181818181818182,1.0,0.8663366336633663,0.1,0.0,0.0,0.0,0.0,0.0
0,Family,Brother,60,0_0_1,0.6666666666666666,0.7692307692307693,0.9090909090909091,0.9405940594059405,0.625,0.4444444444444444,0.6153846153846154,1.0,0.4444444444444444,0.4444444444444444
0,Family,Brother,60,0_1_0,0.7333333333333333,0.7213114754098361,0.7096774193548387,0.9158415841584159,0.5641025641025641,0.5555555555555556,0.7142857142857143,1.0,0.5555555555555556,0.5555555555555556
0,Family,Brother,60,1_0_0,1.0,0.28169014084507044,0.16393442622950818,0.24257425742574257,0.16393442622950818,1.0,1.0,1.0,1.0,1.0
0,Family,Brother,60,1_1_1,0.0,0.0,0.0,0.47029702970297027,0.0,0.0,0.0,0.0,0.0,0.0
0,Family,Brother,65,0_0_0,0.1,0.18181818181818182,1.0,0.8663366336633663,0.1,0.0,0.0,0.0,0.0,0.0
0,Family,Brother,65,0_0_1,0.6666666666666666,0.7692307692307693,0.9090909090909091,0.9405940594059405,0.625,0.47368421052631576,0.6428571428571429,1.0,0.47368421052631576,0.47368421052631576
0,Family,Brother,65,0_1_0,0.7333333333333333,0.7096774193548387,0.6875,0.9108910891089109,0.55,0.5789473684210527,0.7333333333333333,1.0,0.5789473684210527,0.5789473684210527
0,Family,Brother,65,1_0_0,1.0,0.2830188679245283,0.16483516483516483,0.24752475247524752,0.16483516483516483,1.0,1.0,1.0,1.0,1.0
0,Family,Brother,65,1_1_1,0.0,0.0,0.0,0.48514851485148514,0.0,0.0,0.0,0.0,0.0,0.0
0,Family,Brother,70,0_0_0,0.06666666666666667,0.125,1.0,0.8613861386138614,0.06666666666666667,0.0,0.0,0.0,0.0,0.0
0,Family,Brother,70,0_0_1,0.6,0.72,0.9,0.9306930693069307,0.5625,0.42857142857142855,0.6,1.0,0.42857142857142855,0.42857142857142855
0,Family,Brother,70,0_1_0,0.6333333333333333,0.6440677966101694,0.6551724137931034,0.8960396039603961,0.475,0.47619047619047616,0.6451612903225806,1.0,0.47619047619047616,0.47619047619047616
0,Family,Brother,70,1_0_0,1.0,0.27906976744186046,0.16216216216216217,0.23267326732673269,0.16216216216216217,1.0,1.0,1.0,1.0,1.0
0,Family,Brother,70,1_1_1,0.0,0.0,0.0,0.44554455445544555,0.0,0.0,0.0,0.0,0.0,0.0
0,Family,Brother,75,0_0_0,0.06666666666666667,0.125,1.0,0.8613861386138614,0.06666666666666667,0.0,0.0,0.0,0.0,0.0
0,Family,Brother,75,0_0_1,0.5666666666666667,0.68,0.85,0.9207920792079208,0.5151515151515151,0.4090909090909091,0.5806451612903226,1.0,0.4090909090909091,0.4090909090909091
0,Family,Brother,75,0_1_0,0.5666666666666667,0.5964912280701754,0.6296296296296297,0.8861386138613861,0.425,0.4090909090909091,0.5806451612903226,1.0,0.4090909090909091,0.4090909090909091
0,Family,Brother,75,1_0_0,1.0,0.28169014084507044,0.16393442622950818,0.24257425742574257,0.16393442622950818,1.0,1.0,1.0,1.0,1.0
0,Family,Brother,75,1_1_1,0.0,0.0,0.0,0.40594059405940597,0.0,0.0,0.0,0.0,0.0,0.0
0,Family,Brother,80,0_0_0,0.03333333333333333,0.06451612903225806,1.0,0.8564356435643564,0.03333333333333333,0.0,0.0,0.0,0.0,0.0
0,Family,Brother,80,0_0_1,0.36666666666666664,0.5238095238095238,0.9166666666666666,0.900990099009901,0.3548387096774194,0.20833333333333334,0.3448275862068966,1.0,0.20833333333333334,0.20833333333333334
0,Family,Brother,80,0_1_0,0.4666666666666667,0.5384615384615384,0.6363636363636364,0.8811881188118812,0.3684210526315789,0.3333333333333333,0.5,1.0,0.3333333333333333,0.3333333333333333
0,Family,Brother,80,1_0_0,1.0,0.2926829268292683,0.17142857142857143,0.28217821782178215,0.17142857142857143,1.0,1.0,1.0,1.0,1.0
0,Family,Brother,80,1_1_1,0.0,0.0,0.0,0.4504950495049505,0.0,0.0,0.0,0.0,0.0,0.0
0,Family,Male,0,0_0_0,0.04807692307692308,0.09174311926605505,1.0,0.5099009900990099,0.04807692307692308,,,,,
0,Family,Male,0,0_0_1,1.0,0.9674418604651163,0.9369369369369369,0.9653465346534653,0.9369369369369369,,,,,
0,Family,Male,0,0_1_0,1.0,0.9244444444444444,0.859504132231405,0.9158415841584159,0.859504132231405,,,,,
0,Family,Male,0,1_0_0,1.0,0.6842105263157895,0.52,0.5247524752475248,0.52,,,,,
0,Family,Male,0,1_1_1,0.07692307692307693,0.10191082802547771,0.1509433962264151,0.30198019801980197,0.053691275167785234,,,,,
0,Family,Male,5,0_0_0,0.057692307692307696,0.10909090909090909,1.0,0.5148514851485149,0.057692307692307696,,,,,
0,Family,Male,5,0_0_1,0.9903846153846154,0.976303317535545,0.9626168224299065,0.9752475247524752,0.9537037037037037,,,,,
0,Family,Male,5,0_1_0,0.9711538461538461,0.9308755760368663,0.8938053097345132,0.9257425742574258,0.8706896551724138,,,,,
0,Family,Male,5,1_0_0,1.0,0.6864686468646864,0.5226130653266332,0.5297029702970297,0.5226130653266332,,,,,
0,Family,Male,5,1_1_1,0.1346153846153846,0.1686746987951807,0.22580645161290322,0.31683168316831684,0.09210526315789473,,,,,
0,Family,Male,10,0_0_0,0.07692307692307693,0.14285714285714285,1.0,0.5247524752475248,0.07692307692307693,0.0,0.0,0.0,0.0,0.0
0,Family,Male,10,0_0_1,0.9326923076923077,0.9603960396039604,0.9897959183673469,0.9603960396039604,0.9238095238095239,0.0,0.0,0.0,0.0,0.0
0,Family,Male,10,0_1_0,0.9038461538461539,0.9494949494949495,1.0,0.9504950495049505,0.9038461538461539,0.0,0.0,0.0,0.0,0.0
0,Family,Male,10,1_0_0,1.0,0.6819672131147541,0.5174129353233831,0.5198019801980198,0.5174129353233831,1.0,1.0,1.0,1.0,1.0
0,Family,Male,10,1_1_1,0.028846153846153848,0.03508771929824561,0.04477611940298507,0.18316831683168316,0.017857142857142856,0.0,0.0,0.0,0.0,0.0
0,Family,Male,15,0_0_0,0.028846153846153848,0.056074766355140186,1.0,0.5,0.028846153846153848,0.0,0.0,0.0,0.0,0.0
0,Family,Male,15,0_0_1,0.875,0.9333333333333333,1.0,0.9356435643564357,0.875,0.0,0.0,0.0,0.0,0.0
0,Family,Male,15,0_1_0,0.8557692307692307,0.9222797927461139,1.0,0.9257425742574258,0.8557692307692307,0.0,0.0,0.0,0.0,0.0
0,Family,Male,15,1_0_0,1.0,0.6797385620915033,0.5148514851485149,0.5148514851485149,0.5148514851485149,1.0,1.0,1.0,1.0,1.0
0,Family,Male,15,1_1_1,0.028846153846153848,0.03468208092485549,0.043478260869565216,0.17326732673267325,0.01764705882352941,0.0,0.0,0.0,0.0,0.0
0,Family,Male,20,0_0_0,0.057692307692307696,0.10909090909090909,1.0,0.5148514851485149,0.057692307692307696,0.0,0.0,0.0,0.0,0.0
0,Family,Male,20,0_0_1,0.8173076923076923,0.8994708994708994,1.0,0.905940594059406,0.8173076923076923,0.0,0.0,0.0,0.0,0.0
0,Family,Male,20,0_1_0,0.8076923076923077,0.8936170212765957,1.0,0.900990099009901,0.8076923076923077,0.0,0.0,0.0,0.0,0.0
0,Family,Male,20,1_0_0,1.0,0.6797385620915033,0.5148514851485149,0.5148514851485149,0.5148514851485149,1.0,1.0,1.0,1.0,1.0
0,Family,Male,20,1_1_1,0.028846153846153848,0.03428571428571429,0.04225352112676056,0.16336633663366337,0.01744186046511628,0.0,0.0,0.0,0.0,0.0
0,Family,Male,25,0_0_0,0.04807692307692308,0.09174311926605505,1.0,0.5099009900990099,0.04807692307692308,0.0,0.0,0.0,0.0,0.0
0,Family,Male,25,0_0_1,0.75,0.8571428571428571,1.0,0.8712871287128713,0.75,0.0,0.0,0.0,0.0,0.0
0,Family,Male,25,0_1_0,0.75,0.8571428571428571,1.0,0.8712871287128713,0.75,0.0,0.0,0.0,0.0,0.0
0,Family,Male,25,1_0_0,1.0,0.6797385620915033,0.5148514851485149,0.5148514851485149,0.5148514851485149,1.0,1.0,1.0,1.0,1.0
0,Family,Male,25,1_1_1,0.1346153846153846,0.17073170731707318,0.23333333333333334,0.32673267326732675,0.09333333333333334,0.0,0.0,0.0,0.0,0.0
0,Family,Male,30,0_0_0,0.019230769230769232,0.03773584905660377,1.0,0.49504950495049505,0.019230769230769232,0.0,0.0,0.0,0.0,0.0
0,Family,Male,30,0_0_1,0.7019230769230769,0.8248587570621468,1.0,0.8465346534653465,0.7019230769230769,0.0,0.0,0.0,0.0,0.0
0,Family,Male,30,0_1_0,0.7019230769230769,0.8248587570621468,1.0,0.8465346534653465,0.7019230769230769,0.0,0.0,0.0,0.0,0.0
0,Family,Male,30,1_0_0,1.0,0.6797385620915033,0.5148514851485149,0.5148514851485149,0.5148514851485149,1.0,1.0,1.0,1.0,1.0
0,Family,Male,30,1_1_1,0.16346153846153846,0.20238095238095238,0.265625,0.33663366336633666,0.11258278145695365,0.0,0.0,0.0,0.0,0.0
0,Family,Male,35,0_0_0,0.019230769230769232,0.03773584905660377,1.0,0.49504950495049505,0.019230769230769232,0.0,0.0,0.0,0.0,0.0
0,Family,Male,35,0_0_1,0.6538461538461539,0.7906976744186046,1.0,0.8217821782178217,0.6538461538461539,0.0,0.0,0.0,0.0,0.0
0,Family,Male,35,0_1_0,0.6538461538461539,0.7906976744186046,1.0,0.8217821782178217,0.6538461538461539,0.0,0.0,0.0,0.0,0.0
0,Family,Male,35,1_0_0,1.0,0.6842105263157895,0.52,0.5247524752475248,0.52,1.0,1.0,1.0,1.0,1.0
0,Family,Male,35,1_1_1,0.09615384615384616,0.12195121951219512,0.16666666666666666,0.2871287128712871,0.06493506493506493,0.0,0.0,0.0,0.0,0.0
0,Family,Male,40,0_0_0,0.019230769230769232,0.03773584905660377,1.0,0.49504950495049505,0.019230769230769232,0.0,0.0,0.0,0.0,0.0
0,Family,Male,40,0_0_1,0.6057692307692307,0.7544910179640718,1.0,0.7970297029702971,0.6057692307692307,0.0,0.0,0.0,0.0,0.0
0,Family,Male,40,0_1_0,0.6057692307692307,0.7544910179640718,1.0,0.7970297029702971,0.6057692307692307,0.0,0.0,0.0,0.0,0.0
0,Family,Male,40,1_0_0,1.0,0.6819672131147541,0.5174129353233831,0.5198019801980198,0.5174129353233831,1.0,1.0,1.0,1.0,1.0
0,Family,Male,40,1_1_1,0.10576923076923077,0.1317365269461078,0.1746031746031746,0.28217821782178215,0.07051282051282051,0.5,0.6666666666666666,1.0,0.5,0.5
0,Family,Male,45,0_0_0,0.019230769230769232,0.03773584905660377,1.0,0.49504950495049505,0.019230769230769232,0.0,0.0,0.0,0.0,0.0
0,Family,Male,45,0_0_1,0.625,0.7692307692307693,1.0,0.806930693069307,0.625,0.0,0.0,0.0,0.0,0.0
0,Family,Male,45,0_1_0,0.5769230769230769,0.7317073170731707,1.0,0.7821782178217822,0.5769230769230769,0.0,0.0,0.0,0.0,0.0
0,Family,Male,45,1_0_0,1.0,0.7050847457627119,0.5445026178010471,0.5693069306930693,0.5445026178010471,1.0,1.0,1.0,1.0,1.0
0,Family,Male,45,1_1_1,0.028846153846153848,0.031746031746031744,0.03529411764705882,0.09405940594059406,0.016129032258064516,0.3333333333333333,0.5,1.0,0.3333333333333333,0.3333333333333333
0,Family,Male,50,0_0_0,0.019230769230769232,0.03773584905660377,1.0,0.49504950495049505,0.019230769230769232,0.0,0.0,0.0,0.0,0.0
0,Family,Male,50,0_0_1,0.5096153846153846,0.6751592356687898,1.0,0.7475247524752475,0.5096153846153846,0.0,0.0,0.0,0.0,0.0
0,Family,Male,50,0_1_0,0.5961538461538461,0.7425149700598802,0.9841269841269841,0.7871287128712872,0.5904761904761905,0.0,0.0,0.0,0.0,0.0
0,Family,Male,50,1_0_0,1.0,0.7147766323024055,0.5561497326203209,0.5891089108910891,0.5561497326203209,1.0,1.0,1.0,1.0,1.0
0,Family,Male,50,1_1_1,0.0,0.0,0.0,0.16336633663366337,0.0,0.0,0.0,0.0,0.0,0.0
0,Family,Male,55,0_0_0,0.009615384615384616,0.01904761904761905,1.0,0.4900990099009901,0.009615384615384616,0.0,0.0,0.0,0.0,0.0
0,Family,Male,55,0_0_1,0.46153846153846156,0.631578947368421,1.0,0.7227722772277227,0.46153846153846156,0.0,0.0,0.0,0.0,0.0
0,Family,Male,55,0_1_0,0.5288461538461539,0.6832298136645962,0.9649122807017544,0.7475247524752475,0.5188679245283019,0.25,0.4,1.0,0.25,0.25
0,Family,Male,55,1_0_0,1.0,0.7003367003367004,0.538860103626943,0.5594059405940595,0.538860103626943,1.0,1.0,1.0,1.0,1.0
0,Family,Male,55,1_1_1,0.0,0.0,0.0,0.21782178217821782,0.0,0.0,0.0,0.0,0.0,0.0
0,Family,Male,60,0_0_0,0.0,0.0,0.0,0.48514851485148514,0.0,0.0,0.0,0.0,0.0,0.0
0,Family,Male,60,0_0_1,0.46153846153846156,0.631578947368421,1.0,0.7227722772277227,0.46153846153846156,0.0,0.0,0.0,0.0,0.0
0,Family,Male,60,0_1_0,0.4519230769230769,0.6143790849673203,0.9591836734693877,0.7079207920792079,0.44339622641509435,0.0,0.0,0.0,0.0,0.0
0,Family,Male,60,1_0_0,0.9903846153846154,0.6754098360655738,0.5124378109452736,0.5099009900990099,0.5099009900990099,1.0,1.0,1.0,1.0,1.0
0,Family,Male,60,1_1_1,0.038461538461538464,0.041666666666666664,0.045454545454545456,0.0891089108910891,0.02127659574468085,0.5,0.6666666666666666,1.0,0.5,0.5
0,Family,Male,65,0_0_0,0.0,0.0,0.0,0.48514851485148514,0.0,0.0,0.0,0.0,0.0,0.0
0,Family,Male,65,0_0_1,0.4230769230769231,0.5945945945945946,1.0,0.7029702970297029,0.4230769230769231,0.0,0.0,0.0,0.0,0.0
0,Family,Male,65,0_1_0,0.38461538461538464,0.547945205479452,0.9523809523809523,0.6732673267326733,0.37735849056603776,0.0,0.0,0.0,0.0,0.0
0,Family,Male,65,1_0_0,0.9615384615384616,0.6644518272425249,0.5076142131979695,0.5,0.4975124378109453,0.875,0.9333333333333333,1.0,0.875,0.875
0,Family,Male,65,1_1_1,0.038461538461538464,0.041237113402061855,0.044444444444444446,0.07920792079207921,0.021052631578947368,0.375,0.5454545454545454,1.0,0.375,0.375
0,Family,Male,70,0_0_0,0.0,0.0,0.0,0.48514851485148514,0.0,0.0,0.0,0.0,0.0,0.0
0,Family,Male,70,0_0_1,0.38461538461538464,0.5555555555555556,1.0,0.6831683168316832,0.38461538461538464,0.0,0.0,0.0,0.0,0.0
0,Family,Male,70,0_1_0,0.3173076923076923,0.48175182481751827,1.0,0.6485148514851485,0.3173076923076923,0.0,0.0,0.0,0.0,0.0
0,Family,Male,70,1_0_0,0.9807692307692307,0.6710526315789473,0.51,0.504950495049505,0.504950495049505,1.0,1.0,1.0,1.0,1.0
0,Family,Male,70,1_1_1,0.07692307692307693,0.08080808080808081,0.0851063829787234,0.09900990099009901,0.042105263157894736,0.6363636363636364,0.7777777777777778,1.0,0.6363636363636364,0.6363636363636364
0,Family,Male,75,0_0_0,0.0,0.0,0.0,0.48514851485148514,0.0,0.0,0.0,0.0,0.0,0.0
0,Family,Male,75,0_0_1,0.3269230769230769,0.4927536231884058,1.0,0.6534653465346535,0.3269230769230769,0.0,0.0,0.0,0.0,0.0
0,Family,Male,75,0_1_0,0.25,0.4,1.0,0.6138613861386139,0.25,0.0,0.0,0.0,0.0,0.0
0,Family,Male,75,1_0_0,1.0,0.6797385620915033,0.5148514851485149,0.5148514851485149,0.5148514851485149,1.0,1.0,1.0,1.0,1.0
0,Family,Male,75,1_1_1,0.057692307692307696,0.06030150753768844,0.06315789473684211,0.07425742574257425,0.031088082901554404,0.46153846153846156,0.631578947368421,1.0,0.46153846153846156,0.46153846153846156
0,Family,Male,80,0_0_0,0.0,0.0,0.0,0.48514851485148514,0.0,0.0,0.0,0.0,0.0,0.0
0,Family,Male,80,0_0_1,0.2403846153846154,0.3875968992248062,1.0,0.6089108910891089,0.2403846153846154,0.0,0.0,0.0,0.0,0.0
0,Family,Male,80,0_1_0,0.21153846153846154,0.3492063492063492,1.0,0.594059405940594,0.21153846153846154,0.0,0.0,0.0,0.0,0.0
0,Family,Male,80,1_0_0,0.8846153846153846,0.696969696969697,0.575,0.6039603960396039,0.5348837209302325,0.5333333333333333,0.6956521739130435,1.0,0.5333333333333333,0.5333333333333333
0,Family,Male,80,1_1_1,0.28846153846153844,0.3333333333333333,0.39473684210526316,0.40594059405940597,0.2,0.2,0.3333333333333333,1.0,0.2,0.2
0,Family,PersonWithASibling,0,0_0_0,0.0,0.0,0.0,0.6435643564356436,0.0,,,,,
0,Family,PersonWithASibling,0,0_0_1,0.041666666666666664,0.08,1.0,0.6584158415841584,0.041666666666666664,,,,,
0,Family,PersonWithASibling,0,0_1_0,0.013888888888888888,0.0273972602739726,1.0,0.6485148514851485,0.013888888888888888,,,,,
0,Family,PersonWithASibling,0,1_0_0,0.9722222222222222,0.5691056910569106,0.40229885057471265,0.4752475247524752,0.3977272727272727,,,,,
0,Family,PersonWithASibling,0,1_1_1,0.5833333333333334,0.535031847133758,0.49411764705882355,0.6386138613861386,0.3652173913043478,,,,,
0,Family,PersonWithASibling,5,0_0_0,0.0,0.0,0.0,0.6435643564356436,0.0,,,,,
0,Family,PersonWithASibling,5,0_0_1,0.041666666666666664,0.08,1.0,0.6584158415841584,0.041666666666666664,,,,,
0,Family,PersonWithASibling,5,0_1_0,0.013888888888888888,0.0273972602739726,1.0,0.6485148514851485,0.013888888888888888,,,,,
0,Family,PersonWithASibling,5,1_0_0,0.9722222222222222,0.5691056910569106,0.40229885057471265,0.4752475247524752,0.3977272727272727,,,,,
0,Family,PersonWithASibling,5,1_1_1,0.5833333333333334,0.535031847133758,0.49411764705882355,0.6386138613861386,0.3652173913043478,,,,,
0,Family,PersonWithASibling,10,0_0_0,0.0,0.0,0.0,0.6435643564356436,0.0,,,,,
0,Family,PersonWithASibling,10,0_0_1,0.041666666666666664,0.08,1.0,0.6584158415841584,0.041666666666666664,,,,,
0,Family,PersonWithASibling,10,0_1_0,0.013888888888888888,0.0273972602739726,1.0,0.6485148514851485,0.013888888888888888,,,,,
0,Family,PersonWithASibling,10,1_0_0,0.9722222222222222,0.5691056910569106,0.40229885057471265,0.4752475247524752,0.3977272727272727,,,,,
0,Family,PersonWithASibling,10,1_1_1,0.5833333333333334,0.535031847133758,0.49411764705882355,0.6386138613861386,0.3652173913043478,,,,,
0,Family,PersonWithASibling,15,0_0_0,0.0,0.0,0.0,0.6435643564356436,0.0,,,,,
0,Family,PersonWithASibling,15,0_0_1,0.041666666666666664,0.08,1.0,0.6584158415841584,0.041666666666666664,,,,,
0,Family,PersonWithASibling,15,0_1_0,0.013888888888888888,0.0273972602739726,1.0,0.6485148514851485,0.013888888888888888,,,,,
0,Family,PersonWithASibling,15,1_0_0,0.9722222222222222,0.5691056910569106,0.40229885057471265,0.4752475247524752,0.3977272727272727,,,,,
0,Family,PersonWithASibling,15,1_1_1,0.5833333333333334,0.535031847133758,0.49411764705882355,0.6386138613861386,0.3652173913043478,,,,,
0,Family,PersonWithASibling,20,0_0_0,0.0,0.0,0.0,0.6435643564356436,0.0,,,,,
0,Family,PersonWithASibling,20,0_0_1,0.041666666666666664,0.08,1.0,0.6584158415841584,0.041666666666666664,,,,,
0,Family,PersonWithASibling,20,0_1_0,0.013888888888888888,0.0273972602739726,1.0,0.6485148514851485,0.013888888888888888,,,,,
0,Family,PersonWithASibling,20,1_0_0,0.9722222222222222,0.5691056910569106,0.40229885057471265,0.4752475247524752,0.3977272727272727,,,,,
0,Family,PersonWithASibling,20,1_1_1,0.5833333333333334,0.535031847133758,0.49411764705882355,0.6386138613861386,0.3652173913043478,,,,,
0,Family,PersonWithASibling,25,0_0_0,0.0,0.0,0.0,0.6435643564356436,0.0,,,,,
0,Family,PersonWithASibling,25,0_0_1,0.041666666666666664,0.08,1.0,0.6584158415841584,0.041666666666666664,,,,,
0,Family,PersonWithASibling,25,0_1_0,0.013888888888888888,0.0273972602739726,1.0,0.6485148514851485,0.013888888888888888,,,,,
0,Family,PersonWithASibling,25,1_0_0,0.9722222222222222,0.5691056910569106,0.40229885057471265,0.4752475247524752,0.3977272727272727,,,,,
0,Family,PersonWithASibling,25,1_1_1,0.5833333333333334,0.535031847133758,0.49411764705882355,0.6386138613861386,0.3652173913043478,,,,,
0,Family,PersonWithASibling,30,0_0_0,0.0,0.0,0.0,0.6435643564356436,0.0,,,,,
0,Family,PersonWithASibling,30,0_0_1,0.041666666666666664,0.08,1.0,0.6584158415841584,0.041666666666666664,,,,,
0,Family,PersonWithASibling,30,0_1_0,0.013888888888888888,0.0273972602739726,1.0,0.6485148514851485,0.013888888888888888,,,,,
0,Family,PersonWithASibling,30,1_0_0,0.9722222222222222,0.5691056910569106,0.40229885057471265,0.4752475247524752,0.3977272727272727,,,,,
0,Family,PersonWithASibling,30,1_1_1,0.5833333333333334,0.535031847133758,0.49411764705882355,0.6386138613861386,0.3652173913043478,,,,,
0,Family,PersonWithASibling,35,0_0_0,0.0,0.0,0.0,0.6435643564356436,0.0,,,,,
0,Family,PersonWithASibling,35,0_0_1,0.041666666666666664,0.08,1.0,0.6584158415841584,0.041666666666666664,,,,,
0,Family,PersonWithASibling,35,0_1_0,0.013888888888888888,0.0273972602739726,1.0,0.6485148514851485,0.013888888888888888,,,,,
0,Family,PersonWithASibling,35,1_0_0,0.9722222222222222,0.5691056910569106,0.40229885057471265,0.4752475247524752,0.3977272727272727,,,,,
0,Family,PersonWithASibling,35,1_1_1,0.5833333333333334,0.535031847133758,0.49411764705882355,0.6386138613861386,0.3652173913043478,,,,,
0,Family,PersonWithASibling,40,0_0_0,0.0,0.0,0.0,0.6435643564356436,0.0,,,,,
0,Family,PersonWithASibling,40,0_0_1,0.041666666666666664,0.08,1.0,0.6584158415841584,0.041666666666666664,,,,,
0,Family,PersonWithASibling,40,0_1_0,0.013888888888888888,0.0273972602739726,1.0,0.6485148514851485,0.013888888888888888,,,,,
0,Family,PersonWithASibling,40,1_0_0,0.9722222222222222,0.5691056910569106,0.40229885057471265,0.4752475247524752,0.3977272727272727,,,,,
0,Family,PersonWithASibling,40,1_1_1,0.5833333333333334,0.535031847133758,0.49411764705882355,0.6386138613861386,0.3652173913043478,,,,,
0,Family,PersonWithASibling,45,0_0_0,0.0,0.0,0.0,0.6435643564356436,0.0,,,,,
0,Family,PersonWithASibling,45,0_0_1,0.041666666666666664,0.08,1.0,0.6584158415841584,0.041666666666666664,,,,,
0,Family,PersonWithASibling,45,0_1_0,0.013888888888888888,0.0273972602739726,1.0,0.6485148514851485,0.013888888888888888,,,,,
0,Family,PersonWithASibling,45,1_0_0,0.9722222222222222,0.5691056910569106,0.40229885057471265,0.4752475247524752,0.3977272727272727,,,,,
0,Family,PersonWithASibling,45,1_1_1,0.5833333333333334,0.535031847133758,0.49411764705882355,0.6386138613861386,0.3652173913043478,,,,,
0,Family,PersonWithASibling,50,0_0_0,0.0,0.0,0.0,0.6435643564356436,0.0,,,,,
0,Family,PersonWithASibling,50,0_0_1,0.041666666666666664,0.08,1.0,0.6584158415841584,0.041666666666666664,,,,,
0,Family,PersonWithASibling,50,0_1_0,0.013888888888888888,0.0273972602739726,1.0,0.6485148514851485,0.013888888888888888,,,,,
0,Family,PersonWithASibling,50,1_0_0,0.9722222222222222,0.5691056910569106,0.40229885057471265,0.4752475247524752,0.3977272727272727,,,,,
0,Family,PersonWithASibling,50,1_1_1,0.5833333333333334,0.535031847133758,0.49411764705882355,0.6386138613861386,0.3652173913043478,,,,,
0,Family,PersonWithASibling,55,0_0_0,0.0,0.0,0.0,0.6435643564356436,0.0,,,,,
0,Family,PersonWithASibling,55,0_0_1,0.041666666666666664,0.08,1.0,0.6584158415841584,0.041666666666666664,,,,,
0,Family,PersonWithASibling,55,0_1_0,0.013888888888888888,0.0273972602739726,1.0,0.6485148514851485,0.013888888888888888,,,,,
0,Family,PersonWithASibling,55,1_0_0,0.9722222222222222,0.5691056910569106,0.40229885057471265,0.4752475247524752,0.3977272727272727,,,,,
0,Family,PersonWithASibling,55,1_1_1,0.5833333333333334,0.535031847133758,0.49411764705882355,0.6386138613861386,0.3652173913043478,,,,,
0,Family,PersonWithASibling,60,0_0_0,0.0,0.0,0.0,0.6435643564356436,0.0,,,,,
0,Family,PersonWithASibling,60,0_0_1,0.041666666666666664,0.08,1.0,0.6584158415841584,0.041666666666666664,,,,,
0,Family,PersonWithASibling,60,0_1_0,0.013888888888888888,0.0273972602739726,1.0,0.6485148514851485,0.013888888888888888,,,,,
0,Family,PersonWithASibling,60,1_0_0,0.9722222222222222,0.5691056910569106,0.40229885057471265,0.4752475247524752,0.3977272727272727,,,,,
0,Family,PersonWithASibling,60,1_1_1,0.5833333333333334,0.535031847133758,0.49411764705882355,0.6386138613861386,0.3652173913043478,,,,,
0,Family,PersonWithASibling,65,0_0_0,0.0,0.0,0.0,0.6435643564356436,0.0,,,,,
0,Family,PersonWithASibling,65,0_0_1,0.041666666666666664,0.08,1.0,0.6584158415841584,0.041666666666666664,,,,,
0,Family,PersonWithASibling,65,0_1_0,0.013888888888888888,0.0273972602739726,1.0,0.6485148514851485,0.013888888888888888,,,,,
0,Family,PersonWithASibling,65,1_0_0,0.9722222222222222,0.5691056910569106,0.40229885057471265,0.4752475247524752,0.3977272727272727,,,,,
0,Family,PersonWithASibling,65,1_1_1,0.5833333333333334,0.535031847133758,0.49411764705882355,0.6386138613861386,0.3652173913043478,,,,,
0,Family,PersonWithASibling,70,0_0_0,0.0,0.0,0.0,0.6435643564356436,0.0,,,,,
0,Family,PersonWithASibling,70,0_0_1,0.041666666666666664,0.08,1.0,0.6584158415841584,0.041666666666666664,,,,,
0,Family,PersonWithASibling,70,0_1_0,0.013888888888888888,0.0273972602739726,1.0,0.6485148514851485,0.013888888888888888,,,,,
0,Family,PersonWithASibling,70,1_0_0,0.9722222222222222,0.5691056910569106,0.40229885057471265,0.4752475247524752,0.3977272727272727,,,,,
0,Family,PersonWithASibling,70,1_1_1,0.5833333333333334,0.535031847133758,0.49411764705882355,0.6386138613861386,0.3652173913043478,,,,,
0,Family,PersonWithASibling,75,0_0_0,0.0,0.0,0.0,0.6435643564356436,0.0,,,,,
0,Family,PersonWithASibling,75,0_0_1,0.041666666666666664,0.08,1.0,0.6584158415841584,0.041666666666666664,,,,,
0,Family,PersonWithASibling,75,0_1_0,0.013888888888888888,0.0273972602739726,1.0,0.6485148514851485,0.013888888888888888,,,,,
0,Family,PersonWithASibling,75,1_0_0,0.9722222222222222,0.5691056910569106,0.40229885057471265,0.4752475247524752,0.3977272727272727,,,,,
0,Family,PersonWithASibling,75,1_1_1,0.5833333333333334,0.535031847133758,0.49411764705882355,0.6386138613861386,0.3652173913043478,,,,,
0,Family,PersonWithASibling,80,0_0_0,0.0,0.0,0.0,0.6435643564356436,0.0,,,,,
0,Family,PersonWithASibling,80,0_0_1,0.041666666666666664,0.08,1.0,0.6584158415841584,0.041666666666666664,,,,,
0,Family,PersonWithASibling,80,0_1_0,0.013888888888888888,0.0273972602739726,1.0,0.6485148514851485,0.013888888888888888,,,,,
0,Family,PersonWithASibling,80,1_0_0,0.9722222222222222,0.5691056910569106,0.40229885057471265,0.4752475247524752,0.3977272727272727,,,,,
0,Family,PersonWithASibling,80,1_1_1,0.5833333333333334,0.535031847133758,0.49411764705882355,0.6386138613861386,0.3652173913043478,,,,,
0,Family,Child,0,0_0_0,0.0,0.0,0.0,0.48514851485148514,0.0,,,,,
0,Family,Child,0,0_0_1,0.0,0.0,0.0,0.48514851485148514,0.0,,,,,
0,Family,Child,0,0_1_0,0.0,0.0,0.0,0.48514851485148514,0.0,,,,,
0,Family,Child,0,1_0_0,0.5865384615384616,0.5083333333333333,0.4485294117647059,0.4158415841584158,0.3407821229050279,,,,,
0,Family,Child,0,1_1_1,0.46153846153846156,0.5217391304347826,0.6,0.5643564356435643,0.35294117647058826,,,,,
0,Family,Child,5,0_0_0,0.0,0.0,0.0,0.48514851485148514,0.0,,,,,
0,Family,Child,5,0_0_1,0.0,0.0,0.0,0.48514851485148514,0.0,,,,,
0,Family,Child,5,0_1_0,0.0,0.0,0.0,0.48514851485148514,0.0,,,,,
0,Family,Child,5,1_0_0,0.5865384615384616,0.5083333333333333,0.4485294117647059,0.4158415841584158,0.3407821229050279,,,,,
0,Family,Child,5,1_1_1,0.46153846153846156,0.5217391304347826,0.6,0.5643564356435643,0.35294117647058826,,,,,
0,Family,Child,10,0_0_0,0.0,0.0,0.0,0.48514851485148514,0.0,,,,,
0,Family,Child,10,0_0_1,0.0,0.0,0.0,0.48514851485148514,0.0,,,,,
0,Family,Child,10,0_1_0,0.0,0.0,0.0,0.48514851485148514,0.0,,,,,
0,Family,Child,10,1_0_0,0.5865384615384616,0.5083333333333333,0.4485294117647059,0.4158415841584158,0.3407821229050279,,,,,
0,Family,Child,10,1_1_1,0.46153846153846156,0.5217391304347826,0.6,0.5643564356435643,0.35294117647058826,,,,,
0,Family,Child,15,0_0_0,0.0,0.0,0.0,0.48514851485148514,0.0,,,,,
0,Family,Child,15,0_0_1,0.0,0.0,0.0,0.48514851485148514,0.0,,,,,
0,Family,Child,15,0_1_0,0.0,0.0,0.0,0.48514851485148514,0.0,,,,,
0,Family,Child,15,1_0_0,0.5865384615384616,0.5083333333333333,0.4485294117647059,0.4158415841584158,0.3407821229050279,,,,,
0,Family,Child,15,1_1_1,0.46153846153846156,0.5217391304347826,0.6,0.5643564356435643,0.35294117647058826,,,,,
0,Family,Child,20,0_0_0,0.0,0.0,0.0,0.48514851485148514,0.0,,,,,
0,Family,Child,20,0_0_1,0.0,0.0,0.0,0.48514851485148514,0.0,,,,,
0,Family,Child,20,0_1_0,0.0,0.0,0.0,0.48514851485148514,0.0,,,,,
0,Family,Child,20,1_0_0,0.5865384615384616,0.5083333333333333,0.4485294117647059,0.4158415841584158,0.3407821229050279,,,,,
0,Family,Child,20,1_1_1,0.46153846153846156,0.5217391304347826,0.6,0.5643564356435643,0.35294117647058826,,,,,
0,Family,Child,25,0_0_0,0.0,0.0,0.0,0.48514851485148514,0.0,,,,,
0,Family,Child,25,0_0_1,0.0,0.0,0.0,0.48514851485148514,0.0,,,,,
0,Family,Child,25,0_1_0,0.0,0.0,0.0,0.48514851485148514,0.0,,,,,
0,Family,Child,25,1_0_0,0.5865384615384616,0.5083333333333333,0.4485294117647059,0.4158415841584158,0.3407821229050279,,,,,
0,Family,Child,25,1_1_1,0.46153846153846156,0.5217391304347826,0.6,0.5643564356435643,0.35294117647058826,,,,,
0,Family,Child,30,0_0_0,0.0,0.0,0.0,0.48514851485148514,0.0,,,,,
0,Family,Child,30,0_0_1,0.0,0.0,0.0,0.48514851485148514,0.0,,,,,
0,Family,Child,30,0_1_0,0.0,0.0,0.0,0.48514851485148514,0.0,,,,,
0,Family,Child,30,1_0_0,0.5865384615384616,0.5083333333333333,0.4485294117647059,0.4158415841584158,0.3407821229050279,,,,,
0,Family,Child,30,1_1_1,0.46153846153846156,0.5217391304347826,0.6,0.5643564356435643,0.35294117647058826,,,,,
0,Family,Child,35,0_0_0,0.0,0.0,0.0,0.48514851485148514,0.0,,,,,
0,Family,Child,35,0_0_1,0.0,0.0,0.0,0.48514851485148514,0.0,,,,,
0,Family,Child,35,0_1_0,0.0,0.0,0.0,0.48514851485148514,0.0,,,,,
0,Family,Child,35,1_0_0,0.5865384615384616,0.5083333333333333,0.4485294117647059,0.4158415841584158,0.3407821229050279,,,,,
0,Family,Child,35,1_1_1,0.46153846153846156,0.5217391304347826,0.6,0.5643564356435643,0.35294117647058826,,,,,
0,Family,Child,40,0_0_0,0.0,0.0,0.0,0.48514851485148514,0.0,,,,,
0,Family,Child,40,0_0_1,0.0,0.0,0.0,0.48514851485148514,0.0,,,,,
0,Family,Child,40,0_1_0,0.0,0.0,0.0,0.48514851485148514,0.0,,,,,
0,Family,Child,40,1_0_0,0.5865384615384616,0.5083333333333333,0.4485294117647059,0.4158415841584158,0.3407821229050279,,,,,
0,Family,Child,40,1_1_1,0.46153846153846156,0.5217391304347826,0.6,0.5643564356435643,0.35294117647058826,,,,,
0,Family,Child,45,0_0_0,0.0,0.0,0.0,0.48514851485148514,0.0,,,,,
0,Family,Child,45,0_0_1,0.0,0.0,0.0,0.48514851485148514,0.0,,,,,
0,Family,Child,45,0_1_0,0.0,0.0,0.0,0.48514851485148514,0.0,,,,,
0,Family,Child,45,1_0_0,0.5865384615384616,0.5083333333333333,0.4485294117647059,0.4158415841584158,0.3407821229050279,,,,,
0,Family,Child,45,1_1_1,0.46153846153846156,0.5217391304347826,0.6,0.5643564356435643,0.35294117647058826,,,,,
0,Family,Child,50,0_0_0,0.0,0.0,0.0,0.48514851485148514,0.0,,,,,
0,Family,Child,50,0_0_1,0.0,0.0,0.0,0.48514851485148514,0.0,,,,,
0,Family,Child,50,0_1_0,0.0,0.0,0.0,0.48514851485148514,0.0,,,,,
0,Family,Child,50,1_0_0,0.5865384615384616,0.5083333333333333,0.4485294117647059,0.4158415841584158,0.3407821229050279,,,,,
0,Family,Child,50,1_1_1,0.46153846153846156,0.5217391304347826,0.6,0.5643564356435643,0.35294117647058826,,,,,
0,Family,Child,55,0_0_0,0.0,0.0,0.0,0.48514851485148514,0.0,,,,,
0,Family,Child,55,0_0_1,0.0,0.0,0.0,0.48514851485148514,0.0,,,,,
0,Family,Child,55,0_1_0,0.0,0.0,0.0,0.48514851485148514,0.0,,,,,
0,Family,Child,55,1_0_0,0.5865384615384616,0.5083333333333333,0.4485294117647059,0.4158415841584158,0.3407821229050279,,,,,
0,Family,Child,55,1_1_1,0.46153846153846156,0.5217391304347826,0.6,0.5643564356435643,0.35294117647058826,,,,,
0,Family,Child,60,0_0_0,0.0,0.0,0.0,0.48514851485148514,0.0,,,,,
0,Family,Child,60,0_0_1,0.0,0.0,0.0,0.48514851485148514,0.0,,,,,
0,Family,Child,60,0_1_0,0.0,0.0,0.0,0.48514851485148514,0.0,,,,,
0,Family,Child,60,1_0_0,0.5865384615384616,0.5083333333333333,0.4485294117647059,0.4158415841584158,0.3407821229050279,,,,,
0,Family,Child,60,1_1_1,0.46153846153846156,0.5217391304347826,0.6,0.5643564356435643,0.35294117647058826,,,,,
0,Family,Child,65,0_0_0,0.0,0.0,0.0,0.48514851485148514,0.0,,,,,
0,Family,Child,65,0_0_1,0.0,0.0,0.0,0.48514851485148514,0.0,,,,,
0,Family,Child,65,0_1_0,0.0,0.0,0.0,0.48514851485148514,0.0,,,,,
0,Family,Child,65,1_0_0,0.5865384615384616,0.5083333333333333,0.4485294117647059,0.4158415841584158,0.3407821229050279,,,,,
0,Family,Child,65,1_1_1,0.46153846153846156,0.5217391304347826,0.6,0.5643564356435643,0.35294117647058826,,,,,
0,Family,Child,70,0_0_0,0.0,0.0,0.0,0.48514851485148514,0.0,,,,,
0,Family,Child,70,0_0_1,0.0,0.0,0.0,0.48514851485148514,0.0,,,,,
0,Family,Child,70,0_1_0,0.0,0.0,0.0,0.48514851485148514,0.0,,,,,
0,Family,Child,70,1_0_0,0.5865384615384616,0.5083333333333333,0.4485294117647059,0.4158415841584158,0.3407821229050279,,,,,
0,Family,Child,70,1_1_1,0.46153846153846156,0.5217391304347826,0.6,0.5643564356435643,0.35294117647058826,,,,,
0,Family,Child,75,0_0_0,0.0,0.0,0.0,0.48514851485148514,0.0,,,,,
0,Family,Child,75,0_0_1,0.0,0.0,0.0,0.48514851485148514,0.0,,,,,
0,Family,Child,75,0_1_0,0.0,0.0,0.0,0.48514851485148514,0.0,,,,,
0,Family,Child,75,1_0_0,0.5865384615384616,0.5083333333333333,0.4485294117647059,0.4158415841584158,0.3407821229050279,,,,,
0,Family,Child,75,1_1_1,0.46153846153846156,0.5217391304347826,0.6,0.5643564356435643,0.35294117647058826,,,,,
0,Family,Child,80,0_0_0,0.0,0.0,0.0,0.48514851485148514,0.0,,,,,
0,Family,Child,80,0_0_1,0.0,0.0,0.0,0.48514851485148514,0.0,,,,,
0,Family,Child,80,0_1_0,0.0,0.0,0.0,0.48514851485148514,0.0,,,,,
0,Family,Child,80,1_0_0,0.5865384615384616,0.5083333333333333,0.4485294117647059,0.4158415841584158,0.3407821229050279,,,,,
0,Family,Child,80,1_1_1,0.46153846153846156,0.5217391304347826,0.6,0.5643564356435643,0.35294117647058826,,,,,
0,Family,Person,0,0_0_0,0.15841584158415842,0.27350427350427353,1.0,0.15841584158415842,0.15841584158415842,,,,,
0,Family,Person,0,0_0_1,1.0,1.0,1.0,1.0,1.0,,,,,
0,Family,Person,0,0_1_0,1.0,1.0,1.0,1.0,1.0,,,,,
0,Family,Person,0,1_0_0,1.0,1.0,1.0,1.0,1.0,,,,,
0,Family,Person,0,1_1_1,0.20297029702970298,0.3374485596707819,1.0,0.20297029702970298,0.20297029702970298,,,,,
0,Family,Person,5,0_0_0,0.13366336633663367,0.23580786026200873,1.0,0.13366336633663367,0.13366336633663367,,,,,
0,Family,Person,5,0_0_1,0.9801980198019802,0.99,1.0,0.9801980198019802,0.9801980198019802,,,,,
0,Family,Person,5,0_1_0,0.9603960396039604,0.9797979797979798,1.0,0.9603960396039604,0.9603960396039604,,,,,
0,Family,Person,5,1_0_0,1.0,1.0,1.0,1.0,1.0,,,,,
0,Family,Person,5,1_1_1,0.20297029702970298,0.3374485596707819,1.0,0.20297029702970298,0.20297029702970298,,,,,
0,Family,Person,10,0_0_0,0.07920792079207921,0.14678899082568808,1.0,0.07920792079207921,0.07920792079207921,,,,,
0,Family,Person,10,0_0_1,0.9504950495049505,0.9746192893401016,1.0,0.9504950495049505,0.9504950495049505,,,,,
0,Family,Person,10,0_1_0,0.900990099009901,0.9479166666666666,1.0,0.900990099009901,0.900990099009901,,,,,
0,Family,Person,10,1_0_0,1.0,1.0,1.0,1.0,1.0,,,,,
0,Family,Person,10,1_1_1,0.19801980198019803,0.3305785123966942,1.0,0.19801980198019803,0.19801980198019803,,,,,
0,Family,Person,15,0_0_0,0.0594059405940594,0.11214953271028037,1.0,0.0594059405940594,0.0594059405940594,,,,,
0,Family,Person,15,0_0_1,0.995049504950495,0.9975186104218362,1.0,0.995049504950495,0.995049504950495,,,,,
0,Family,Person,15,0_1_0,0.9702970297029703,0.9849246231155779,1.0,0.9702970297029703,0.9702970297029703,,,,,
0,Family,Person,15,1_0_0,1.0,1.0,1.0,1.0,1.0,,,,,
0,Family,Person,15,1_1_1,0.6782178217821783,0.8082595870206489,1.0,0.6782178217821783,0.6782178217821783,,,,,
0,Family,Person,20,0_0_0,0.0594059405940594,0.11214953271028037,1.0,0.0594059405940594,0.0594059405940594,,,,,
0,Family,Person,20,0_0_1,0.9752475247524752,0.9874686716791979,1.0,0.9752475247524752,0.9752475247524752,,,,,
0,Family,Person,20,0_1_0,0.9405940594059405,0.9693877551020408,1.0,0.9405940594059405,0.9405940594059405,,,,,
0,Family,Person,20,1_0_0,1.0,1.0,1.0,1.0,1.0,,,,,
0,Family,Person,20,1_1_1,0.6485148514851485,0.7867867867867868,1.0,0.6485148514851485,0.6485148514851485,,,,,
0,Family,Person,25,0_0_0,0.04950495049504951,0.09433962264150944,1.0,0.04950495049504951,0.04950495049504951,,,,,
0,Family,Person,25,0_0_1,0.9207920792079208,0.9587628865979382,1.0,0.9207920792079208,0.9207920792079208,,,,,
0,Family,Person,25,0_1_0,0.8613861386138614,0.925531914893617,1.0,0.8613861386138614,0.8613861386138614,,,,,
0,Family,Person,25,1_0_0,1.0,1.0,1.0,1.0,1.0,,,,,
0,Family,Person,25,1_1_1,0.3415841584158416,0.5092250922509225,1.0,0.3415841584158416,0.3415841584158416,,,,,
0,Family,Person,30,0_0_0,0.039603960396039604,0.0761904761904762,1.0,0.039603960396039604,0.039603960396039604,,,,,
0,Family,Person,30,0_0_1,0.9603960396039604,0.9797979797979798,1.0,0.9603960396039604,0.9603960396039604,,,,,
0,Family,Person,30,0_1_0,0.8415841584158416,0.9139784946236559,1.0,0.8415841584158416,0.8415841584158416,,,,,
0,Family,Person,30,1_0_0,1.0,1.0,1.0,1.0,1.0,,,,,
0,Family,Person,30,1_1_1,0.3217821782178218,0.4868913857677903,1.0,0.3217821782178218,0.3217821782178218,,,,,
0,Family,Person,35,0_0_0,0.0297029702970297,0.057692307692307696,1.0,0.0297029702970297,0.0297029702970297,,,,,
0,Family,Person,35,0_0_1,0.9356435643564357,0.9667519181585678,1.0,0.9356435643564357,0.9356435643564357,,,,,
0,Family,Person,35,0_1_0,0.905940594059406,0.9506493506493506,1.0,0.905940594059406,0.905940594059406,,,,,
0,Family,Person,35,1_0_0,1.0,1.0,1.0,1.0,1.0,,,,,
0,Family,Person,35,1_1_1,0.11386138613861387,0.20444444444444446,1.0,0.11386138613861387,0.11386138613861387,,,,,
0,Family,Person,40,0_0_0,0.024752475247524754,0.04830917874396135,1.0,0.024752475247524754,0.024752475247524754,,,,,
0,Family,Person,40,0_0_1,0.8712871287128713,0.9312169312169312,1.0,0.8712871287128713,0.8712871287128713,,,,,
0,Family,Person,40,0_1_0,0.8465346534653465,0.9168900804289544,1.0,0.8465346534653465,0.8465346534653465,,,,,
0,Family,Person,40,1_0_0,1.0,1.0,1.0,1.0,1.0,,,,,
0,Family,Person,40,1_1_1,0.10891089108910891,0.19642857142857142,1.0,0.10891089108910891,0.10891089108910891,,,,,
0,Family,Person,45,0_0_0,0.01485148514851485,0.02926829268292683,1.0,0.01485148514851485,0.01485148514851485,,,,,
0,Family,Person,45,0_0_1,0.7772277227722773,0.8746518105849582,1.0,0.7772277227722773,0.7772277227722773,,,,,
0,Family,Person,45,0_1_0,0.7178217821782178,0.8357348703170029,1.0,0.7178217821782178,0.7178217821782178,,,,,
0,Family,Person,45,1_0_0,1.0,1.0,1.0,1.0,1.0,,,,,
0,Family,Person,45,1_1_1,0.07425742574257425,0.1382488479262673,1.0,0.07425742574257425,0.07425742574257425,,,,,
0,Family,Person,50,0_0_0,0.17326732673267325,0.29535864978902954,1.0,0.17326732673267325,0.17326732673267325,,,,,
0,Family,Person,50,0_0_1,0.6683168316831684,0.8011869436201781,1.0,0.6683168316831684,0.6683168316831684,,,,,
0,Family,Person,50,0_1_0,0.8267326732673267,0.9051490514905149,1.0,0.8267326732673267,0.8267326732673267,,,,,
0,Family,Person,50,1_0_0,1.0,1.0,1.0,1.0,1.0,,,,,
0,Family,Person,50,1_1_1,0.19306930693069307,0.3236514522821577,1.0,0.19306930693069307,0.19306930693069307,,,,,
0,Family,Person,55,0_0_0,0.1188118811881188,0.21238938053097345,1.0,0.1188118811881188,0.1188118811881188,,,,,
0,Family,Person,55,0_0_1,0.6386138613861386,0.7794561933534743,1.0,0.6386138613861386,0.6386138613861386,,,,,
0,Family,Person,55,0_1_0,0.7970297029702971,0.8870523415977961,1.0,0.7970297029702971,0.7970297029702971,,,,,
0,Family,Person,55,1_0_0,1.0,1.0,1.0,1.0,1.0,,,,,
0,Family,Person,55,1_1_1,0.21287128712871287,0.3510204081632653,1.0,0.21287128712871287,0.21287128712871287,,,,,
0,Family,Person,60,0_0_0,0.11386138613861387,0.20444444444444446,1.0,0.11386138613861387,0.11386138613861387,,,,,
0,Family,Person,60,0_0_1,0.6336633663366337,0.7757575757575758,1.0,0.6336633663366337,0.6336633663366337,,,,,
0,Family,Person,60,0_1_0,0.7623762376237624,0.8651685393258427,1.0,0.7623762376237624,0.7623762376237624,,,,,
0,Family,Person,60,1_0_0,1.0,1.0,1.0,1.0,1.0,,,,,
0,Family,Person,60,1_1_1,0.2524752475247525,0.4031620553359684,1.0,0.2524752475247525,0.2524752475247525,,,,,
0,Family,Person,65,0_0_0,0.06930693069306931,0.12962962962962962,1.0,0.06930693069306931,0.06930693069306931,,,,,
0,Family,Person,65,0_0_1,0.48514851485148514,0.6533333333333333,1.0,0.48514851485148514,0.48514851485148514,,,,,
0,Family,Person,65,0_1_0,0.5693069306930693,0.7255520504731862,1.0,0.5693069306930693,0.5693069306930693,,,,,
0,Family,Person,65,1_0_0,1.0,1.0,1.0,1.0,1.0,,,,,
0,Family,Person,65,1_1_1,0.07425742574257425,0.1382488479262673,1.0,0.07425742574257425,0.07425742574257425,,,,,
0,Family,Person,70,0_0_0,0.0891089108910891,0.16363636363636364,1.0,0.0891089108910891,0.0891089108910891,,,,,
0,Family,Person,70,0_0_1,0.41089108910891087,0.5824561403508772,1.0,0.41089108910891087,0.41089108910891087,,,,,
0,Family,Person,70,0_1_0,0.49504950495049505,0.6622516556291391,1.0,0.49504950495049505,0.49504950495049505,,,,,
0,Family,Person,70,1_0_0,1.0,1.0,1.0,1.0,1.0,,,,,
0,Family,Person,70,1_1_1,0.07425742574257425,0.1382488479262673,1.0,0.07425742574257425,0.07425742574257425,,,,,
0,Family,Person,75,0_0_0,0.06930693069306931,0.12962962962962962,1.0,0.06930693069306931,0.06930693069306931,,,,,
0,Family,Person,75,0_0_1,0.31683168316831684,0.48120300751879697,1.0,0.31683168316831684,0.31683168316831684,,,,,
0,Family,Person,75,0_1_0,0.37623762376237624,0.5467625899280576,1.0,0.37623762376237624,0.37623762376237624,,,,,
0,Family,Person,75,1_0_0,1.0,1.0,1.0,1.0,1.0,,,,,
0,Family,Person,75,1_1_1,0.0594059405940594,0.11214953271028037,1.0,0.0594059405940594,0.0594059405940594,,,,,
0,Family,Person,80,0_0_0,0.0049504950495049506,0.009852216748768473,1.0,0.0049504950495049506,0.0049504950495049506,,,,,
0,Family,Person,80,0_0_1,0.4900990099009901,0.6578073089700996,1.0,0.4900990099009901,0.4900990099009901,,,,,
0,Family,Person,80,0_1_0,0.5346534653465347,0.6967741935483871,1.0,0.5346534653465347,0.5346534653465347,,,,,
0,Family,Person,80,1_0_0,0.9900990099009901,0.9950248756218906,1.0,0.9900990099009901,0.9900990099009901,,,,,
0,Family,Person,80,1_1_1,0.20297029702970298,0.3374485596707819,1.0,0.20297029702970298,0.20297029702970298,,,,,
0,Family,Daughter,0,0_0_0,0.5192307692307693,0.6835443037974683,1.0,0.8762376237623762,0.5192307692307693,,,,,
0,Family,Daughter,0,0_0_1,1.0,0.8813559322033898,0.7878787878787878,0.9306930693069307,0.7878787878787878,,,,,
0,Family,Daughter,0,0_1_0,1.0,0.859504132231405,0.7536231884057971,0.9158415841584159,0.7536231884057971,,,,,
0,Family,Daughter,0,1_0_0,1.0,0.4126984126984127,0.26,0.26732673267326734,0.26,,,,,
0,Family,Daughter,0,1_1_1,0.0,0.0,0.0,0.30198019801980197,0.0,,,,,
0,Family,Daughter,5,0_0_0,0.4423076923076923,0.6133333333333333,1.0,0.8564356435643564,0.4423076923076923,0.0,0.0,0.0,0.0,0.0
0,Family,Daughter,5,0_0_1,1.0,0.896551724137931,0.8125,0.9405940594059405,0.8125,1.0,1.0,1.0,1.0,1.0
0,Family,Daughter,5,0_1_0,1.0,0.8387096774193549,0.7222222222222222,0.900990099009901,0.7222222222222222,1.0,1.0,1.0,1.0,1.0
0,Family,Daughter,5,1_0_0,1.0,0.4126984126984127,0.26,0.26732673267326734,0.26,1.0,1.0,1.0,1.0,1.0
0,Family,Daughter,5,1_1_1,0.0,0.0,0.0,0.31683168316831684,0.0,0.0,0.0,0.0,0.0,0.0
0,Family,Daughter,10,0_0_0,0.34615384615384615,0.5142857142857142,1.0,0.8316831683168316,0.34615384615384615,0.0,0.0,0.0,0.0,0.0
0,Family,Daughter,10,0_0_1,1.0,0.896551724137931,0.8125,0.9405940594059405,0.8125,1.0,1.0,1.0,1.0,1.0
0,Family,Daughter,10,0_1_0,0.9423076923076923,0.8235294117647058,0.7313432835820896,0.8960396039603961,0.7,0.4,0.5714285714285714,1.0,0.4,0.4
0,Family,Daughter,10,1_0_0,1.0,0.4126984126984127,0.26,0.26732673267326734,0.26,1.0,1.0,1.0,1.0,1.0
0,Family,Daughter,10,1_1_1,0.038461538461538464,0.02877697841726619,0.022988505747126436,0.3316831683168317,0.014598540145985401,0.4,0.5714285714285714,1.0,0.4,0.4
0,Family,Daughter,15,0_0_0,0.3269230769230769,0.4927536231884058,1.0,0.8267326732673267,0.3269230769230769,0.0,0.0,0.0,0.0,0.0
0,Family,Daughter,15,0_0_1,1.0,0.9203539823008849,0.8524590163934426,0.9554455445544554,0.8524590163934426,1.0,1.0,1.0,1.0,1.0
0,Family,Daughter,15,0_1_0,0.9423076923076923,0.8672566371681416,0.8032786885245902,0.9257425742574258,0.765625,0.5714285714285714,0.7272727272727273,1.0,0.5714285714285714,0.5714285714285714
0,Family,Daughter,15,1_0_0,1.0,0.41434262948207173,0.2613065326633166,0.2722772277227723,0.2613065326633166,1.0,1.0,1.0,1.0,1.0
0,Family,Daughter,15,1_1_1,0.07692307692307693,0.0547945205479452,0.0425531914893617,0.31683168316831684,0.028169014084507043,0.42857142857142855,0.6,1.0,0.42857142857142855,0.42857142857142855
0,Family,Daughter,20,0_0_0,0.28846153846153844,0.44776119402985076,1.0,0.8168316831683168,0.28846153846153844,0.0,0.0,0.0,0.0,0.0
0,Family,Daughter,20,0_0_1,1.0,0.9285714285714286,0.8666666666666667,0.9603960396039604,0.8666666666666667,1.0,1.0,1.0,1.0,1.0
0,Family,Daughter,20,0_1_0,0.9423076923076923,0.8990825688073395,0.8596491228070176,0.9455445544554455,0.8166666666666667,0.7,0.8235294117647058,1.0,0.7,0.7
0,Family,Daughter,20,1_0_0,1.0,0.41434262948207173,0.2613065326633166,0.2722772277227723,0.2613065326633166,1.0,1.0,1.0,1.0,1.0
0,Family,Daughter,20,1_1_1,0.09615384615384616,0.06666666666666667,0.05102040816326531,0.3069306930693069,0.034482758620689655,0.4,0.5714285714285714,1.0,0.4,0.4
0,Family,Daughter,25,0_0_0,0.2692307692307692,0.42424242424242425,1.0,0.8118811881188119,0.2692307692307692,0.0,0.0,0.0,0.0,0.0
0,Family,Daughter,25,0_0_1,0.9615384615384616,0.8849557522123894,0.819672131147541,0.9356435643564357,0.7936507936507936,0.8461538461538461,0.9166666666666666,1.0,0.8461538461538461,0.8461538461538461
0,Family,Daughter,25,0_1_0,0.8846153846153846,0.8761904761904762,0.8679245283018868,0.9356435643564357,0.7796610169491526,0.5384615384615384,0.7,1.0,0.5384615384615384,0.5384615384615384
0,Family,Daughter,25,1_0_0,1.0,0.41935483870967744,0.2653061224489796,0.2871287128712871,0.2653061224489796,1.0,1.0,1.0,1.0,1.0
0,Family,Daughter,25,1_1_1,0.09615384615384616,0.06896551724137931,0.053763440860215055,0.3316831683168317,0.03571428571428571,0.38461538461538464,0.5555555555555556,1.0,0.38461538461538464,0.38461538461538464
0,Family,Daughter,30,0_0_0,0.2692307692307692,0.42424242424242425,1.0,0.8118811881188119,0.2692307692307692,0.0,0.0,0.0,0.0,0.0
0,Family,Daughter,30,0_0_1,0.9230769230769231,0.8648648648648649,0.8135593220338984,0.9257425742574258,0.7619047619047619,0.7333333333333333,0.8461538461538461,1.0,0.7333333333333333,0.7333333333333333
0,Family,Daughter,30,0_1_0,0.8653846153846154,0.8737864077669902,0.8823529411764706,0.9356435643564357,0.7758620689655172,0.5333333333333333,0.6956521739130435,1.0,0.5333333333333333,0.5333333333333333
0,Family,Daughter,30,1_0_0,1.0,0.41935483870967744,0.2653061224489796,0.2871287128712871,0.2653061224489796,1.0,1.0,1.0,1.0,1.0
0,Family,Daughter,30,1_1_1,0.1346153846153846,0.09929078014184398,0.07865168539325842,0.3712871287128713,0.05223880597014925,0.3333333333333333,0.5,1.0,0.3333333333333333,0.3333333333333333
0,Family,Daughter,35,0_0_0,0.057692307692307696,0.10909090909090909,1.0,0.7574257425742574,0.057692307692307696,0.0,0.0,0.0,0.0,0.0
0,Family,Daughter,35,0_0_1,0.9038461538461539,0.8623853211009175,0.8245614035087719,0.9257425742574258,0.7580645161290323,0.7222222222222222,0.8387096774193549,1.0,0.7222222222222222,0.7222222222222222
0,Family,Daughter,35,0_1_0,0.8653846153846154,0.8653846153846154,0.8653846153846154,0.9306930693069307,0.7627118644067796,0.6111111111111112,0.7586206896551724,1.0,0.6111111111111112,0.6111111111111112
0,Family,Daughter,35,1_0_0,1.0,0.4126984126984127,0.26,0.26732673267326734,0.26,1.0,1.0,1.0,1.0,1.0
0,Family,Daughter,35,1_1_1,0.0,0.0,0.0,0.19801980198019803,0.0,0.0,0.0,0.0,0.0,0.0
0,Family,Daughter,40,0_0_0,0.038461538461538464,0.07407407407407407,1.0,0.7524752475247525,0.038461538461538464,0.0,0.0,0.0,0.0,0.0
0,Family,Daughter,40,0_0_1,0.9230769230769231,0.8807339449541285,0.8421052631578947,0.9356435643564357,0.7868852459016393,0.8,0.8888888888888888,1.0,0.8,0.8
0,Family,Daughter,40,0_1_0,0.8269230769230769,0.86,0.8958333333333334,0.9306930693069307,0.7543859649122807,0.55,0.7096774193548387,1.0,0.55,0.55
0,Family,Daughter,40,1_0_0,1.0,0.41434262948207173,0.2613065326633166,0.2722772277227723,0.2613065326633166,1.0,1.0,1.0,1.0,1.0
0,Family,Daughter,40,1_1_1,0.09615384615384616,0.06097560975609756,0.044642857142857144,0.2376237623762376,0.031446540880503145,0.2,0.3333333333333333,1.0,0.2,0.2
0,Family,Daughter,45,0_0_0,0.057692307692307696,0.10909090909090909,1.0,0.7574257425742574,0.057692307692307696,0.0,0.0,0.0,0.0,0.0
0,Family,Daughter,45,0_0_1,0.8461538461538461,0.8073394495412844,0.7719298245614035,0.8960396039603961,0.676923076923077,0.6521739130434783,0.7894736842105263,1.0,0.6521739130434783,0.6521739130434783
0,Family,Daughter,45,0_1_0,0.7884615384615384,0.8367346938775511,0.8913043478260869,0.9207920792079208,0.7192982456140351,0.5217391304347826,0.6857142857142857,1.0,0.5217391304347826,0.5217391304347826
0,Family,Daughter,45,1_0_0,1.0,0.4315352697095436,0.2751322751322751,0.3217821782178218,0.2751322751322751,1.0,1.0,1.0,1.0,1.0
0,Family,Daughter,45,1_1_1,0.019230769230769232,0.012422360248447204,0.009174311926605505,0.21287128712871287,0.00625,0.0,0.0,0.0,0.0,0.0
0,Family,Daughter,50,0_0_0,0.057692307692307696,0.10909090909090909,1.0,0.7574257425742574,0.057692307692307696,0.0,0.0,0.0,0.0,0.0
0,Family,Daughter,50,0_0_1,0.7692307692307693,0.7843137254901961,0.8,0.8910891089108911,0.6451612903225806,0.5384615384615384,0.7,1.0,0.5384615384615384,0.5384615384615384
0,Family,Daughter,50,0_1_0,0.7307692307692307,0.7755102040816326,0.8260869565217391,0.8910891089108911,0.6333333333333333,0.46153846153846156,0.631578947368421,1.0,0.46153846153846156,0.46153846153846156
0,Family,Daughter,50,1_0_0,1.0,0.45021645021645024,0.2905027932960894,0.3712871287128713,0.2905027932960894,1.0,1.0,1.0,1.0,1.0
0,Family,Daughter,50,1_1_1,0.019230769230769232,0.012738853503184714,0.009523809523809525,0.23267326732673269,0.00641025641025641,0.038461538461538464,0.07407407407407407,1.0,0.038461538461538464,0.038461538461538464
0,Family,Daughter,55,0_0_0,0.0,0.0,0.0,0.7425742574257426,0.0,0.0,0.0,0.0,0.0,0.0
0,Family,Daughter,55,0_0_1,0.7115384615384616,0.7474747474747475,0.7872340425531915,0.8762376237623762,0.5967741935483871,0.4642857142857143,0.6341463414634146,1.0,0.4642857142857143,0.4642857142857143
0,Family,Daughter,55,0_1_0,0.7307692307692307,0.76,0.7916666666666666,0.8811881188118812,0.6129032258064516,0.5,0.6666666666666666,1.0,0.5,0.5
0,Family,Daughter,55,1_0_0,1.0,0.45217391304347826,0.29213483146067415,0.37623762376237624,0.29213483146067415,1.0,1.0,1.0,1.0,1.0
0,Family,Daughter,55,1_1_1,0.019230769230769232,0.012269938650306749,0.009009009009009009,0.20297029702970298,0.006172839506172839,0.03571428571428571,0.06896551724137931,1.0,0.03571428571428571,0.03571428571428571
0,Family,Daughter,60,0_0_0,0.0,0.0,0.0,0.7425742574257426,0.0,0.0,0.0,0.0,0.0,0.0
0,Family,Daughter,60,0_0_1,0.7115384615384616,0.74,0.7708333333333334,0.8712871287128713,0.5873015873015873,0.5161290322580645,0.6808510638297872,1.0,0.5161290322580645,0.5161290322580645
0,Family,Daughter,60,0_1_0,0.6538461538461539,0.7311827956989247,0.8292682926829268,0.8762376237623762,0.576271186440678,0.41935483870967744,0.5909090909090909,1.0,0.41935483870967744,0.41935483870967744
0,Family,Daughter,60,1_0_0,1.0,0.45414847161572053,0.2937853107344633,0.3811881188118812,0.2937853107344633,1.0,1.0,1.0,1.0,1.0
0,Family,Daughter,60,1_1_1,0.019230769230769232,0.0125,0.009259259259259259,0.21782178217821782,0.006289308176100629,0.03225806451612903,0.0625,1.0,0.03225806451612903,0.03225806451612903
0,Family,Daughter,65,0_0_0,0.019230769230769232,0.03773584905660377,1.0,0.7475247524752475,0.019230769230769232,0.0,0.0,0.0,0.0,0.0
0,Family,Daughter,65,0_0_1,0.6730769230769231,0.7368421052631579,0.813953488372093,0.8762376237623762,0.5833333333333334,0.48484848484848486,0.6530612244897959,1.0,0.48484848484848486,0.48484848484848486
0,Family,Daughter,65,0_1_0,0.5769230769230769,0.6741573033707865,0.8108108108108109,0.8564356435643564,0.5084745762711864,0.3333333333333333,0.5,1.0,0.3333333333333333,0.3333333333333333
0,Family,Daughter,65,1_0_0,1.0,0.4622222222222222,0.30057803468208094,0.400990099009901,0.30057803468208094,1.0,1.0,1.0,1.0,1.0
0,Family,Daughter,65,1_1_1,0.019230769230769232,0.012422360248447204,0.009174311926605505,0.21287128712871287,0.00625,0.030303030303030304,0.058823529411764705,1.0,0.030303030303030304,0.030303030303030304
0,Family,Daughter,70,0_0_0,0.019230769230769232,0.03773584905660377,1.0,0.7475247524752475,0.019230769230769232,0.0,0.0,0.0,0.0,0.0
0,Family,Daughter,70,0_0_1,0.5961538461538461,0.6739130434782609,0.775,0.8514851485148515,0.5081967213114754,0.4166666666666667,0.5882352941176471,1.0,0.4166666666666667,0.4166666666666667
0,Family,Daughter,70,0_1_0,0.5576923076923077,0.6304347826086957,0.725,0.8316831683168316,0.4603174603174603,0.3611111111111111,0.5306122448979592,1.0,0.3611111111111111,0.3611111111111111
0,Family,Daughter,70,1_0_0,1.0,0.4425531914893617,0.28415300546448086,0.35148514851485146,0.28415300546448086,1.0,1.0,1.0,1.0,1.0
0,Family,Daughter,70,1_1_1,0.09615384615384616,0.05747126436781609,0.040983606557377046,0.18811881188118812,0.029585798816568046,0.1388888888888889,0.24390243902439024,1.0,0.1388888888888889,0.1388888888888889
0,Family,Daughter,75,0_0_0,0.019230769230769232,0.03773584905660377,1.0,0.7475247524752475,0.019230769230769232,0.0,0.0,0.0,0.0,0.0
0,Family,Daughter,75,0_0_1,0.4423076923076923,0.5897435897435898,0.8846153846153846,0.8415841584158416,0.41818181818181815,0.2564102564102564,0.40816326530612246,1.0,0.2564102564102564,0.2564102564102564
0,Family,Daughter,75,0_1_0,0.4230769230769231,0.5569620253164557,0.8148148148148148,0.8267326732673267,0.38596491228070173,0.23076923076923078,0.375,1.0,0.23076923076923078,0.23076923076923078
0,Family,Daughter,75,1_0_0,1.0,0.4482758620689655,0.28888888888888886,0.36633663366336633,0.28888888888888886,1.0,1.0,1.0,1.0,1.0
0,Family,Daughter,75,1_1_1,0.09615384615384616,0.057803468208092484,0.04132231404958678,0.19306930693069307,0.02976190476190476,0.1282051282051282,0.22727272727272727,1.0,0.1282051282051282,0.1282051282051282
0,Family,Daughter,80,0_0_0,0.0,0.0,0.0,0.7425742574257426,0.0,0.0,0.0,0.0,0.0,0.0
0,Family,Daughter,80,0_0_1,0.4423076923076923,0.5822784810126582,0.8518518518518519,0.8366336633663366,0.4107142857142857,0.2926829268292683,0.4528301886792453,1.0,0.2926829268292683,0.2926829268292683
0,Family,Daughter,80,0_1_0,0.4230769230769231,0.5714285714285714,0.88,0.8366336633663366,0.4,0.2682926829268293,0.4230769230769231,1.0,0.2682926829268293,0.2682926829268293
0,Family,Daughter,80,1_0_0,1.0,0.4642857142857143,0.3023255813953488,0.40594059405940597,0.3023255813953488,1.0,1.0,1.0,1.0,1.0
0,Family,Daughter,80,1_1_1,0.07692307692307693,0.047619047619047616,0.034482758620689655,0.2079207920792079,0.024390243902439025,0.0975609756097561,0.17777777777777778,1.0,0.0975609756097561,0.0975609756097561
0,Family,Female,0,0_0_0,0.3163265306122449,0.4806201550387597,1.0,0.6683168316831684,0.3163265306122449,,,,,
0,Family,Female,0,0_0_1,1.0,1.0,1.0,1.0,1.0,,,,,
0,Family,Female,0,0_1_0,1.0,0.9514563106796117,0.9074074074074074,0.9504950495049505,0.9074074074074074,,,,,
0,Family,Female,0,1_0_0,1.0,0.6782006920415224,0.5130890052356021,0.5396039603960396,0.5130890052356021,,,,,
0,Family,Female,0,1_1_1,0.07142857142857142,0.09271523178807947,0.1320754716981132,0.3217821782178218,0.04861111111111111,,,,,
0,Family,Female,5,0_0_0,0.22448979591836735,0.36666666666666664,1.0,0.6237623762376238,0.22448979591836735,,,,,
0,Family,Female,5,0_0_1,0.9897959183673469,0.9556650246305419,0.9238095238095239,0.9554455445544554,0.9150943396226415,,,,,
0,Family,Female,5,0_1_0,0.9897959183673469,0.941747572815534,0.8981481481481481,0.9405940594059405,0.8899082568807339,,,,,
0,Family,Female,5,1_0_0,1.0,0.6533333333333333,0.48514851485148514,0.48514851485148514,0.48514851485148514,,,,,
0,Family,Female,5,1_1_1,0.01020408163265306,0.011494252873563218,0.013157894736842105,0.1485148514851485,0.005780346820809248,,,,,
0,Family,Female,10,0_0_0,0.1836734693877551,0.3103448275862069,1.0,0.6039603960396039,0.1836734693877551,,,,,
0,Family,Female,10,0_0_1,0.9795918367346939,0.9795918367346939,0.9795918367346939,0.9801980198019802,0.96,,,,,
0,Family,Female,10,0_1_0,0.9897959183673469,0.9509803921568627,0.9150943396226415,0.9504950495049505,0.9065420560747663,,,,,
0,Family,Female,10,1_0_0,1.0,0.6533333333333333,0.48514851485148514,0.48514851485148514,0.48514851485148514,,,,,
0,Family,Female,10,1_1_1,0.05102040816326531,0.060240963855421686,0.07352941176470588,0.22772277227722773,0.031055900621118012,,,,,
0,Family,Female,15,0_0_0,0.17346938775510204,0.2956521739130435,1.0,0.599009900990099,0.17346938775510204,0.0,0.0,0.0,0.0,0.0
0,Family,Female,15,0_0_1,0.9387755102040817,0.9387755102040817,0.9387755102040817,0.9405940594059405,0.8846153846153846,0.0,0.0,0.0,0.0,0.0
0,Family,Female,15,0_1_0,0.9897959183673469,0.9238095238095239,0.8660714285714286,0.9207920792079208,0.8584070796460177,1.0,1.0,1.0,1.0,1.0
0,Family,Female,15,1_0_0,1.0,0.6533333333333333,0.48514851485148514,0.48514851485148514,0.48514851485148514,1.0,1.0,1.0,1.0,1.0
0,Family,Female,15,1_1_1,0.1326530612244898,0.16560509554140126,0.22033898305084745,0.35148514851485146,0.09027777777777778,0.0,0.0,0.0,0.0,0.0
0,Family,Female,20,0_0_0,0.12244897959183673,0.21818181818181817,1.0,0.5742574257425742,0.12244897959183673,0.0,0.0,0.0,0.0,0.0
0,Family,Female,20,0_0_1,0.9183673469387755,0.9375,0.9574468085106383,0.9405940594059405,0.8823529411764706,1.0,1.0,1.0,1.0,1.0
0,Family,Female,20,0_1_0,0.9489795918367347,0.9441624365482234,0.9393939393939394,0.9455445544554455,0.8942307692307693,1.0,1.0,1.0,1.0,1.0
0,Family,Female,20,1_0_0,1.0,0.6533333333333333,0.48514851485148514,0.48514851485148514,0.48514851485148514,1.0,1.0,1.0,1.0,1.0
0,Family,Female,20,1_1_1,0.5204081632653061,0.4657534246575342,0.4214876033057851,0.4207920792079208,0.30357142857142855,0.0,0.0,0.0,0.0,0.0
0,Family,Female,25,0_0_0,0.02040816326530612,0.04,1.0,0.5247524752475248,0.02040816326530612,0.0,0.0,0.0,0.0,0.0
0,Family,Female,25,0_0_1,0.7551020408163265,0.8604651162790697,1.0,0.8811881188118812,0.7551020408163265,0.0,0.0,0.0,0.0,0.0
0,Family,Female,25,0_1_0,0.8877551020408163,0.9405405405405406,1.0,0.9455445544554455,0.8877551020408163,0.0,0.0,0.0,0.0,0.0
0,Family,Female,25,1_0_0,1.0,0.6644067796610169,0.49746192893401014,0.5099009900990099,0.49746192893401014,1.0,1.0,1.0,1.0,1.0
0,Family,Female,25,1_1_1,0.5306122448979592,0.65,0.8387096774193549,0.7227722772277227,0.48148148148148145,1.0,1.0,1.0,1.0,1.0
0,Family,Female,30,0_0_0,0.10204081632653061,0.18518518518518517,1.0,0.5643564356435643,0.10204081632653061,0.0,0.0,0.0,0.0,0.0
0,Family,Female,30,0_0_1,0.9591836734693877,0.9690721649484536,0.9791666666666666,0.9702970297029703,0.94,1.0,1.0,1.0,1.0,1.0
0,Family,Female,30,0_1_0,0.9795918367346939,0.96,0.9411764705882353,0.9603960396039604,0.9230769230769231,0.6666666666666666,0.8,1.0,0.6666666666666666,0.6666666666666666
0,Family,Female,30,1_0_0,1.0,0.6555183946488294,0.48756218905472637,0.4900990099009901,0.48756218905472637,1.0,1.0,1.0,1.0,1.0
0,Family,Female,30,1_1_1,0.030612244897959183,0.04918032786885246,0.125,0.42574257425742573,0.025210084033613446,0.0,0.0,0.0,0.0,0.0
0,Family,Female,35,0_0_0,0.01020408163265306,0.020202020202020204,1.0,0.5198019801980198,0.01020408163265306,0.0,0.0,0.0,0.0,0.0
0,Family,Female,35,0_0_1,0.9183673469387755,0.8780487804878049,0.8411214953271028,0.8762376237623762,0.782608695652174,0.5,0.6666666666666666,1.0,0.5,0.5
0,Family,Female,35,0_1_0,0.9387755102040817,0.9533678756476683,0.968421052631579,0.9554455445544554,0.9108910891089109,0.25,0.4,1.0,0.25,0.25
0,Family,Female,35,1_0_0,1.0,0.6533333333333333,0.48514851485148514,0.48514851485148514,0.48514851485148514,1.0,1.0,1.0,1.0,1.0
0,Family,Female,35,1_1_1,0.061224489795918366,0.0784313725490196,0.10909090909090909,0.30198019801980197,0.04081632653061224,0.25,0.4,1.0,0.25,0.25
0,Family,Female,40,0_0_0,0.0,0.0,0.0,0.5148514851485149,0.0,0.0,0.0,0.0,0.0,0.0
0,Family,Female,40,0_0_1,0.8979591836734694,0.8543689320388349,0.8148148148148148,0.8514851485148515,0.7457627118644068,0.4,0.5714285714285714,1.0,0.4,0.4
0,Family,Female,40,0_1_0,0.9183673469387755,0.9278350515463918,0.9375,0.9306930693069307,0.8653846153846154,0.2,0.3333333333333333,1.0,0.2,0.2
0,Family,Female,40,1_0_0,1.0,0.6533333333333333,0.48514851485148514,0.48514851485148514,0.48514851485148514,1.0,1.0,1.0,1.0,1.0
0,Family,Female,40,1_1_1,0.04081632653061224,0.05333333333333334,0.07692307692307693,0.297029702970297,0.0273972602739726,0.2,0.3333333333333333,1.0,0.2,0.2
0,Family,Female,45,0_0_0,0.030612244897959183,0.0594059405940594,1.0,0.5297029702970297,0.030612244897959183,0.0,0.0,0.0,0.0,0.0
0,Family,Female,45,0_0_1,0.8367346938775511,0.8497409326424871,0.8631578947368421,0.8564356435643564,0.7387387387387387,0.6666666666666666,0.8,1.0,0.6666666666666666,0.6666666666666666
0,Family,Female,45,0_1_0,0.9387755102040817,0.8034934497816594,0.7022900763358778,0.7772277227722773,0.6715328467153284,0.8333333333333334,0.9090909090909091,1.0,0.8333333333333334,0.8333333333333334
0,Family,Female,45,1_0_0,1.0,0.7340823970037453,0.5798816568047337,0.6485148514851485,0.5798816568047337,1.0,1.0,1.0,1.0,1.0
0,Family,Female,45,1_1_1,0.23469387755102042,0.2822085889570552,0.35384615384615387,0.4207920792079208,0.16428571428571428,0.0,0.0,0.0,0.0,0.0
0,Family,Female,50,0_0_0,0.01020408163265306,0.020202020202020204,1.0,0.5198019801980198,0.01020408163265306,0.0,0.0,0.0,0.0,0.0
0,Family,Female,50,0_0_1,0.8061224489795918,0.8229166666666666,0.8404255319148937,0.8316831683168316,0.6991150442477876,0.6666666666666666,0.8,1.0,0.6666666666666666,0.6666666666666666
0,Family,Female,50,0_1_0,0.9285714285714286,0.7679324894514767,0.6546762589928058,0.7277227722772277,0.6232876712328768,0.8333333333333334,0.9090909090909091,1.0,0.8333333333333334,0.8333333333333334
0,Family,Female,50,1_0_0,1.0,0.7313432835820896,0.5764705882352941,0.6435643564356436,0.5764705882352941,1.0,1.0,1.0,1.0,1.0
0,Family,Female,50,1_1_1,0.25510204081632654,0.2976190476190476,0.35714285714285715,0.4158415841584158,0.17482517482517482,0.0,0.0,0.0,0.0,0.0
0,Family,Female,55,0_0_0,0.01020408163265306,0.020202020202020204,1.0,0.5198019801980198,0.01020408163265306,0.0,0.0,0.0,0.0,0.0
0,Family,Female,55,0_0_1,0.7959183673469388,0.7839195979899497,0.7722772277227723,0.7871287128712872,0.6446280991735537,0.6666666666666666,0.8,1.0,0.6666666666666666,0.6666666666666666
0,Family,Female,55,0_1_0,0.9489795918367347,0.775,0.6549295774647887,0.7326732673267327,0.6326530612244898,0.8333333333333334,0.9090909090909091,1.0,0.8333333333333334,0.8333333333333334
0,Family,Female,55,1_0_0,1.0,0.717948717948718,0.56,0.6188118811881188,0.56,1.0,1.0,1.0,1.0,1.0
0,Family,Female,55,1_1_1,0.15306122448979592,0.19607843137254902,0.2727272727272727,0.3910891089108911,0.10869565217391304,0.0,0.0,0.0,0.0,0.0
0,Family,Female,60,0_0_0,0.02040816326530612,0.04,1.0,0.5247524752475248,0.02040816326530612,0.0,0.0,0.0,0.0,0.0
0,Family,Female,60,0_0_1,0.8163265306122449,0.7804878048780488,0.7476635514018691,0.7772277227722773,0.64,0.8333333333333334,0.9090909090909091,1.0,0.8333333333333334,0.8333333333333334
0,Family,Female,60,0_1_0,0.9183673469387755,0.7531380753138075,0.6382978723404256,0.7079207920792079,0.6040268456375839,0.8333333333333334,0.9090909090909091,1.0,0.8333333333333334,0.8333333333333334
0,Family,Female,60,1_0_0,1.0,0.7286245353159851,0.5730994152046783,0.6386138613861386,0.5730994152046783,1.0,1.0,1.0,1.0,1.0
0,Family,Female,60,1_1_1,0.2653061224489796,0.30057803468208094,0.3466666666666667,0.400990099009901,0.17687074829931973,0.3333333333333333,0.5,1.0,0.3333333333333333,0.3333333333333333
0,Family,Female,65,0_0_0,0.0,0.0,0.0,0.5148514851485149,0.0,0.0,0.0,0.0,0.0,0.0
0,Family,Female,65,0_0_1,0.8367346938775511,0.8723404255319149,0.9111111111111111,0.8811881188118812,0.7735849056603774,0.5714285714285714,0.7272727272727273,1.0,0.5714285714285714,0.5714285714285714
0,Family,Female,65,0_1_0,0.7346938775510204,0.72,0.7058823529411765,0.7227722772277227,0.5625,0.42857142857142855,0.6,1.0,0.42857142857142855,0.42857142857142855
0,Family,Female,65,1_0_0,1.0,0.6805555555555556,0.5157894736842106,0.5445544554455446,0.5157894736842106,1.0,1.0,1.0,1.0,1.0
0,Family,Female,65,1_1_1,0.05102040816326531,0.062111801242236024,0.07936507936507936,0.2524752475247525,0.03205128205128205,0.42857142857142855,0.6,1.0,0.42857142857142855,0.42857142857142855
0,Family,Female,70,0_0_0,0.0,0.0,0.0,0.5148514851485149,0.0,0.0,0.0,0.0,0.0,0.0
0,Family,Female,70,0_0_1,0.7755102040816326,0.8128342245989305,0.8539325842696629,0.8267326732673267,0.6846846846846847,0.5714285714285714,0.7272727272727273,1.0,0.5714285714285714,0.5714285714285714
0,Family,Female,70,0_1_0,0.6326530612244898,0.6739130434782609,0.7209302325581395,0.7029702970297029,0.5081967213114754,0.2857142857142857,0.4444444444444444,1.0,0.2857142857142857,0.2857142857142857
0,Family,Female,70,1_0_0,1.0,0.6735395189003437,0.5077720207253886,0.5297029702970297,0.5077720207253886,1.0,1.0,1.0,1.0,1.0
0,Family,Female,70,1_1_1,0.05102040816326531,0.060240963855421686,0.07352941176470588,0.22772277227722773,0.031055900621118012,0.42857142857142855,0.6,1.0,0.42857142857142855,0.42857142857142855
0,Family,Female,75,0_0_0,0.01020408163265306,0.020202020202020204,1.0,0.5198019801980198,0.01020408163265306,0.0,0.0,0.0,0.0,0.0
0,Family,Female,75,0_0_1,0.6938775510204082,0.6974358974358974,0.7010309278350515,0.7079207920792079,0.5354330708661418,0.25,0.4,1.0,0.25,0.25
0,Family,Female,75,0_1_0,0.826530612244898,0.7534883720930232,0.6923076923076923,0.7376237623762376,0.6044776119402985,0.25,0.4,1.0,0.25,0.25
0,Family,Female,75,1_0_0,1.0,0.7153284671532847,0.5568181818181818,0.6138613861386139,0.5568181818181818,1.0,1.0,1.0,1.0,1.0
0,Family,Female,75,1_1_1,0.0,0.0,0.0,0.5099009900990099,0.0,0.0,0.0,0.0,0.0,0.0
0,Family,Female,80,0_0_0,0.030612244897959183,0.0594059405940594,1.0,0.5297029702970297,0.030612244897959183,0.0,0.0,0.0,0.0,0.0
0,Family,Female,80,0_0_1,0.7244897959183674,0.7208121827411168,0.7171717171717171,0.7277227722772277,0.5634920634920635,0.3333333333333333,0.5,1.0,0.3333333333333333,0.3333333333333333
0,Family,Female,80,0_1_0,0.5612244897959183,0.6214689265536724,0.6962025316455697,0.6683168316831684,0.45081967213114754,0.3333333333333333,0.5,1.0,0.3333333333333333,0.3333333333333333
0,Family,Female,80,1_0_0,0.9897959183673469,0.6643835616438356,0.5,0.5148514851485149,0.49743589743589745,1.0,1.0,1.0,1.0,1.0
0,Family,Female,80,1_1_1,0.17346938775510204,0.17258883248730963,0.1717171717171717,0.19306930693069307,0.09444444444444444,0.4444444444444444,0.6153846153846154,1.0,0.4444444444444444,0.4444444444444444
0,Family,Father,0,0_0_0,0.8333333333333334,0.9090909090909091,1.0,0.9504950495049505,0.8333333333333334,,,,,
0,Family,Father,0,0_0_1,1.0,0.759493670886076,0.6122448979591837,0.8118811881188119,0.6122448979591837,,,,,
0,Family,Father,0,0_1_0,1.0,0.8759124087591241,0.7792207792207793,0.9158415841584159,0.7792207792207793,,,,,
0,Family,Father,0,1_0_0,1.0,0.45977011494252873,0.29850746268656714,0.30198019801980197,0.29850746268656714,,,,,
0,Family,Father,0,1_1_1,0.1,0.12631578947368421,0.17142857142857143,0.5891089108910891,0.06741573033707865,,,,,
0,Family,Father,5,0_0_0,0.7833333333333333,0.8785046728971962,1.0,0.9356435643564357,0.7833333333333333,0.0,0.0,0.0,0.0,0.0
0,Family,Father,5,0_0_1,0.95,0.9743589743589743,1.0,0.9851485148514851,0.95,0.0,0.0,0.0,0.0,0.0
0,Family,Father,5,0_1_0,0.95,0.9743589743589743,1.0,0.9851485148514851,0.95,0.0,0.0,0.0,0.0,0.0
0,Family,Father,5,1_0_0,1.0,0.5381165919282511,0.36809815950920244,0.4900990099009901,0.36809815950920244,1.0,1.0,1.0,1.0,1.0
0,Family,Father,5,1_1_1,0.016666666666666666,0.0125,0.01,0.21782178217821782,0.006289308176100629,0.0,0.0,0.0,0.0,0.0
0,Family,Father,10,0_0_0,0.75,0.8571428571428571,1.0,0.9257425742574258,0.75,0.0,0.0,0.0,0.0,0.0
0,Family,Father,10,0_0_1,0.9166666666666666,0.9565217391304348,1.0,0.9752475247524752,0.9166666666666666,0.16666666666666666,0.2857142857142857,1.0,0.16666666666666666,0.16666666666666666
0,Family,Father,10,0_1_0,0.9,0.9473684210526315,1.0,0.9702970297029703,0.9,0.0,0.0,0.0,0.0,0.0
0,Family,Father,10,1_0_0,1.0,0.5797101449275363,0.40816326530612246,0.5693069306930693,0.40816326530612246,1.0,1.0,1.0,1.0,1.0
0,Family,Father,10,1_1_1,0.0,0.0,0.0,0.21287128712871287,0.0,0.0,0.0,0.0,0.0,0.0
0,Family,Father,15,0_0_0,0.75,0.8571428571428571,1.0,0.9257425742574258,0.75,0.0,0.0,0.0,0.0,0.0
0,Family,Father,15,0_0_1,0.8666666666666667,0.8739495798319328,0.8813559322033898,0.9257425742574258,0.7761194029850746,0.1111111111111111,0.2,1.0,0.1111111111111111,0.1111111111111111
0,Family,Father,15,0_1_0,0.9166666666666666,0.9016393442622951,0.8870967741935484,0.9405940594059405,0.8208955223880597,0.4444444444444444,0.6153846153846154,1.0,0.4444444444444444,0.4444444444444444
0,Family,Father,15,1_0_0,1.0,0.46875,0.30612244897959184,0.32673267326732675,0.30612244897959184,1.0,1.0,1.0,1.0,1.0
0,Family,Father,15,1_1_1,0.23333333333333334,0.18181818181818182,0.14893617021276595,0.37623762376237624,0.1,0.4444444444444444,0.6153846153846154,1.0,0.4444444444444444,0.4444444444444444
0,Family,Father,20,0_0_0,0.75,0.8571428571428571,1.0,0.9257425742574258,0.75,0.0,0.0,0.0,0.0,0.0
0,Family,Father,20,0_0_1,0.8333333333333334,0.847457627118644,0.8620689655172413,0.9108910891089109,0.7352941176470589,0.16666666666666666,0.2857142857142857,1.0,0.16666666666666666,0.16666666666666666
0,Family,Father,20,0_1_0,0.9,0.8852459016393442,0.8709677419354839,0.9306930693069307,0.7941176470588235,0.5,0.6666666666666666,1.0,0.5,0.5
0,Family,Father,20,1_0_0,1.0,0.46332046332046334,0.3015075376884422,0.3118811881188119,0.3015075376884422,1.0,1.0,1.0,1.0,1.0
0,Family,Father,20,1_1_1,0.21666666666666667,0.16993464052287582,0.13978494623655913,0.3712871287128713,0.09285714285714286,0.4166666666666667,0.5882352941176471,1.0,0.4166666666666667,0.4166666666666667
0,Family,Father,25,0_0_0,0.6833333333333333,0.8118811881188119,1.0,0.905940594059406,0.6833333333333333,0.0,0.0,0.0,0.0,0.0
0,Family,Father,25,0_0_1,0.7833333333333333,0.831858407079646,0.8867924528301887,0.905940594059406,0.7121212121212122,0.13333333333333333,0.23529411764705882,1.0,0.13333333333333333,0.13333333333333333
0,Family,Father,25,0_1_0,0.8333333333333334,0.8547008547008547,0.8771929824561403,0.9158415841584159,0.746268656716418,0.3333333333333333,0.5,1.0,0.3333333333333333,0.3333333333333333
0,Family,Father,25,1_0_0,1.0,0.46875,0.30612244897959184,0.32673267326732675,0.30612244897959184,1.0,1.0,1.0,1.0,1.0
0,Family,Father,25,1_1_1,0.23333333333333334,0.1794871794871795,0.14583333333333334,0.36633663366336633,0.09859154929577464,0.4,0.5714285714285714,1.0,0.4,0.4
0,Family,Father,30,0_0_0,0.5666666666666667,0.723404255319149,1.0,0.8712871287128713,0.5666666666666667,0.0,0.0,0.0,0.0,0.0
0,Family,Father,30,0_0_1,0.9666666666666667,0.8111888111888111,0.6987951807228916,0.8663366336633663,0.6823529411764706,0.8888888888888888,0.9411764705882353,1.0,0.8888888888888888,0.8888888888888888
0,Family,Father,30,0_1_0,0.9666666666666667,0.7733333333333333,0.6444444444444445,0.8316831683168316,0.6304347826086957,0.8888888888888888,0.9411764705882353,1.0,0.8888888888888888,0.8888888888888888
0,Family,Father,30,1_0_0,1.0,0.5633802816901409,0.39215686274509803,0.5396039603960396,0.39215686274509803,1.0,1.0,1.0,1.0,1.0
0,Family,Father,30,1_1_1,0.03333333333333333,0.028169014084507043,0.024390243902439025,0.31683168316831684,0.014285714285714285,0.1111111111111111,0.2,1.0,0.1111111111111111,0.1111111111111111
0,Family,Father,35,0_0_0,0.48333333333333334,0.651685393258427,1.0,0.8465346534653465,0.48333333333333334,0.0,0.0,0.0,0.0,0.0
0,Family,Father,35,0_0_1,0.9666666666666667,0.7945205479452054,0.6744186046511628,0.8514851485148515,0.6590909090909091,0.9047619047619048,0.95,1.0,0.9047619047619048,0.9047619047619048
0,Family,Father,35,0_1_0,0.95,0.7755102040816326,0.6551724137931034,0.8366336633663366,0.6333333333333333,0.8571428571428571,0.9230769230769231,1.0,0.8571428571428571,0.8571428571428571
0,Family,Father,35,1_0_0,1.0,0.5381165919282511,0.36809815950920244,0.4900990099009901,0.36809815950920244,1.0,1.0,1.0,1.0,1.0
0,Family,Father,35,1_1_1,0.03333333333333333,0.027586206896551724,0.023529411764705882,0.30198019801980197,0.013986013986013986,0.09523809523809523,0.17391304347826086,1.0,0.09523809523809523,0.09523809523809523
0,Family,Father,40,0_0_0,0.4166666666666667,0.5882352941176471,1.0,0.8267326732673267,0.4166666666666667,0.0,0.0,0.0,0.0,0.0
0,Family,Father,40,0_0_1,0.95,0.7972027972027972,0.6867469879518072,0.8564356435643564,0.6627906976744186,0.875,0.9333333333333333,1.0,0.875,0.875
0,Family,Father,40,0_1_0,0.95,0.7755102040816326,0.6551724137931034,0.8366336633663366,0.6333333333333333,0.875,0.9333333333333333,1.0,0.875,0.875
0,Family,Father,40,1_0_0,1.0,0.5217391304347826,0.35294117647058826,0.45544554455445546,0.35294117647058826,1.0,1.0,1.0,1.0,1.0
0,Family,Father,40,1_1_1,0.03333333333333333,0.02962962962962963,0.02666666666666667,0.35148514851485146,0.015037593984962405,0.08333333333333333,0.15384615384615385,1.0,0.08333333333333333,0.08333333333333333
0,Family,Father,45,0_0_0,0.38333333333333336,0.5542168674698795,1.0,0.8168316831683168,0.38333333333333336,0.0,0.0,0.0,0.0,0.0
0,Family,Father,45,0_0_1,0.95,0.8142857142857143,0.7125,0.8712871287128713,0.6867469879518072,0.8888888888888888,0.9411764705882353,1.0,0.8888888888888888,0.8888888888888888
0,Family,Father,45,0_1_0,0.9333333333333333,0.7671232876712328,0.6511627906976745,0.8316831683168316,0.6222222222222222,0.8518518518518519,0.92,1.0,0.8518518518518519,0.8518518518518519
0,Family,Father,45,1_0_0,1.0,0.5263157894736842,0.35714285714285715,0.46534653465346537,0.35714285714285715,1.0,1.0,1.0,1.0,1.0
0,Family,Father,45,1_1_1,0.016666666666666666,0.013071895424836602,0.010752688172043012,0.2524752475247525,0.006578947368421052,0.037037037037037035,0.07142857142857142,1.0,0.037037037037037035,0.037037037037037035
0,Family,Father,50,0_0_0,0.36666666666666664,0.5365853658536586,1.0,0.8118811881188119,0.36666666666666664,0.0,0.0,0.0,0.0,0.0
0,Family,Father,50,0_0_1,0.8666666666666667,0.8188976377952756,0.7761194029850746,0.8861386138613861,0.6933333333333334,0.7333333333333333,0.8461538461538461,1.0,0.7333333333333333,0.7333333333333333
0,Family,Father,50,0_1_0,0.9,0.7714285714285715,0.675,0.8415841584158416,0.627906976744186,0.8,0.8888888888888888,1.0,0.8,0.8
0,Family,Father,50,1_0_0,1.0,0.5217391304347826,0.35294117647058826,0.45544554455445546,0.35294117647058826,1.0,1.0,1.0,1.0,1.0
0,Family,Father,50,1_1_1,0.55,0.39285714285714285,0.3055555555555556,0.49504950495049505,0.24444444444444444,0.6,0.75,1.0,0.6,0.6
0,Family,Father,55,0_0_0,0.2833333333333333,0.44155844155844154,1.0,0.7871287128712872,0.2833333333333333,0.0,0.0,0.0,0.0,0.0
0,Family,Father,55,0_0_1,0.85,0.8095238095238095,0.7727272727272727,0.8811881188118812,0.68,0.7272727272727273,0.8421052631578947,1.0,0.7272727272727273,0.7272727272727273
0,Family,Father,55,0_1_0,0.9,0.75,0.6428571428571429,0.8217821782178217,0.6,0.8181818181818182,0.9,1.0,0.8181818181818182,0.8181818181818182
0,Family,Father,55,1_0_0,1.0,0.5633802816901409,0.39215686274509803,0.5396039603960396,0.39215686274509803,1.0,1.0,1.0,1.0,1.0
0,Family,Father,55,1_1_1,0.5166666666666667,0.3875,0.31,0.5148514851485149,0.24031007751937986,0.5151515151515151,0.68,1.0,0.5151515151515151,0.5151515151515151
0,Family,Father,60,0_0_0,0.2,0.3333333333333333,1.0,0.7623762376237624,0.2,0.0,0.0,0.0,0.0,0.0
0,Family,Father,60,0_0_1,0.7833333333333333,0.7899159663865546,0.7966101694915254,0.8762376237623762,0.6527777777777778,0.6388888888888888,0.7796610169491526,1.0,0.6388888888888888,0.6388888888888888
0,Family,Father,60,0_1_0,0.85,0.7285714285714285,0.6375,0.8118811881188119,0.5730337078651685,0.75,0.8571428571428571,1.0,0.75,0.75
0,Family,Father,60,1_0_0,1.0,0.5405405405405406,0.37037037037037035,0.49504950495049505,0.37037037037037035,1.0,1.0,1.0,1.0,1.0
0,Family,Father,60,1_1_1,0.4166666666666667,0.3424657534246575,0.29069767441860467,0.5247524752475248,0.2066115702479339,0.4166666666666667,0.5882352941176471,1.0,0.4166666666666667,0.4166666666666667
0,Family,Father,65,0_0_0,0.13333333333333333,0.23529411764705882,1.0,0.7425742574257426,0.13333333333333333,0.0,0.0,0.0,0.0,0.0
0,Family,Father,65,0_0_1,0.7833333333333333,0.752,0.7230769230769231,0.8465346534653465,0.6025641025641025,0.6666666666666666,0.8,1.0,0.6666666666666666,0.6666666666666666
0,Family,Father,65,0_1_0,0.8333333333333334,0.7352941176470589,0.6578947368421053,0.8217821782178217,0.5813953488372093,0.7435897435897436,0.8529411764705882,1.0,0.7435897435897436,0.7435897435897436
0,Family,Father,65,1_0_0,1.0,0.5240174672489083,0.35502958579881655,0.4603960396039604,0.35502958579881655,1.0,1.0,1.0,1.0,1.0
0,Family,Father,65,1_1_1,0.45,0.3673469387755102,0.3103448275862069,0.5396039603960396,0.225,0.46153846153846156,0.631578947368421,1.0,0.46153846153846156,0.46153846153846156
0,Family,Father,70,0_0_0,0.11666666666666667,0.208955223880597,1.0,0.7376237623762376,0.11666666666666667,0.0,0.0,0.0,0.0,0.0
0,Family,Father,70,0_0_1,0.7333333333333333,0.7272727272727273,0.7213114754098361,0.8366336633663366,0.5714285714285714,0.6190476190476191,0.7647058823529411,1.0,0.6190476190476191,0.6190476190476191
0,Family,Father,70,0_1_0,0.7333333333333333,0.7154471544715447,0.6984126984126984,0.8267326732673267,0.5569620253164557,0.6190476190476191,0.7647058823529411,1.0,0.6190476190476191,0.6190476190476191
0,Family,Father,70,1_0_0,1.0,0.5357142857142857,0.36585365853658536,0.48514851485148514,0.36585365853658536,1.0,1.0,1.0,1.0,1.0
0,Family,Father,70,1_1_1,0.13333333333333333,0.2318840579710145,0.8888888888888888,0.7376237623762376,0.13114754098360656,0.09523809523809523,0.17391304347826086,1.0,0.09523809523809523,0.09523809523809523
0,Family,Father,75,0_0_0,0.08333333333333333,0.15384615384615385,1.0,0.7277227722772277,0.08333333333333333,0.0,0.0,0.0,0.0,0.0
0,Family,Father,75,0_0_1,0.35,0.5121951219512195,0.9545454545454546,0.801980198019802,0.3442622950819672,0.13333333333333333,0.23529411764705882,1.0,0.13333333333333333,0.13333333333333333
0,Family,Father,75,0_1_0,0.25,0.4,1.0,0.7772277227722773,0.25,0.0,0.0,0.0,0.0,0.0
0,Family,Father,75,1_0_0,1.0,0.5581395348837209,0.3870967741935484,0.5297029702970297,0.3870967741935484,1.0,1.0,1.0,1.0,1.0
0,Family,Father,75,1_1_1,0.31666666666666665,0.4367816091954023,0.7037037037037037,0.7574257425742574,0.27941176470588236,0.2,0.3333333333333333,1.0,0.2,0.2
0,Family,Father,80,0_0_0,0.03333333333333333,0.06451612903225806,1.0,0.7128712871287128,0.03333333333333333,0.0,0.0,0.0,0.0,0.0
0,Family,Father,80,0_0_1,0.21666666666666667,0.35135135135135137,0.9285714285714286,0.7623762376237624,0.21311475409836064,0.020833333333333332,0.04081632653061224,1.0,0.020833333333333332,0.020833333333333332
0,Family,Father,80,0_1_0,0.6,0.7272727272727273,0.9230769230769231,0.8663366336633663,0.5714285714285714,0.5,0.6666666666666666,1.0,0.5,0.5
0,Family,Father,80,1_0_0,0.95,0.6477272727272727,0.49137931034482757,0.693069306930693,0.4789915966386555,0.9375,0.967741935483871,1.0,0.9375,0.9375
0,Family,Father,80,1_1_1,0.13333333333333333,0.12903225806451613,0.125,0.46534653465346537,0.06896551724137931,0.14583333333333334,0.2545454545454545,1.0,0.14583333333333334,0.14583333333333334
0,Family,Parent,0,0_0_0,0.0,0.0,0.0,0.40594059405940597,0.0,,,,,
0,Family,Parent,0,0_0_1,0.0,0.0,0.0,0.40594059405940597,0.0,,,,,
0,Family,Parent,0,0_1_0,0.0,0.0,0.0,0.40594059405940597,0.0,,,,,
0,Family,Parent,0,1_0_0,0.48333333333333334,0.48739495798319327,0.4915254237288136,0.39603960396039606,0.32222222222222224,,,,,
0,Family,Parent,0,1_1_1,0.75,0.7171314741035857,0.6870229007633588,0.6485148514851485,0.5590062111801242,,,,,
0,Family,Parent,5,0_0_0,0.0,0.0,0.0,0.40594059405940597,0.0,,,,,
0,Family,Parent,5,0_0_1,0.0,0.0,0.0,0.40594059405940597,0.0,,,,,
0,Family,Parent,5,0_1_0,0.0,0.0,0.0,0.40594059405940597,0.0,,,,,
0,Family,Parent,5,1_0_0,0.48333333333333334,0.48739495798319327,0.4915254237288136,0.39603960396039606,0.32222222222222224,,,,,
0,Family,Parent,5,1_1_1,0.75,0.7171314741035857,0.6870229007633588,0.6485148514851485,0.5590062111801242,,,,,
0,Family,Parent,10,0_0_0,0.0,0.0,0.0,0.40594059405940597,0.0,,,,,
0,Family,Parent,10,0_0_1,0.0,0.0,0.0,0.40594059405940597,0.0,,,,,
0,Family,Parent,10,0_1_0,0.0,0.0,0.0,0.40594059405940597,0.0,,,,,
0,Family,Parent,10,1_0_0,0.48333333333333334,0.48739495798319327,0.4915254237288136,0.39603960396039606,0.32222222222222224,,,,,
0,Family,Parent,10,1_1_1,0.75,0.7171314741035857,0.6870229007633588,0.6485148514851485,0.5590062111801242,,,,,
0,Family,Parent,15,0_0_0,0.0,0.0,0.0,0.40594059405940597,0.0,,,,,
0,Family,Parent,15,0_0_1,0.0,0.0,0.0,0.40594059405940597,0.0,,,,,
0,Family,Parent,15,0_1_0,0.0,0.0,0.0,0.40594059405940597,0.0,,,,,
0,Family,Parent,15,1_0_0,0.48333333333333334,0.48739495798319327,0.4915254237288136,0.39603960396039606,0.32222222222222224,,,,,
0,Family,Parent,15,1_1_1,0.75,0.7171314741035857,0.6870229007633588,0.6485148514851485,0.5590062111801242,,,,,
0,Family,Parent,20,0_0_0,0.0,0.0,0.0,0.40594059405940597,0.0,,,,,
0,Family,Parent,20,0_0_1,0.0,0.0,0.0,0.40594059405940597,0.0,,,,,
0,Family,Parent,20,0_1_0,0.0,0.0,0.0,0.40594059405940597,0.0,,,,,
0,Family,Parent,20,1_0_0,0.48333333333333334,0.48739495798319327,0.4915254237288136,0.39603960396039606,0.32222222222222224,,,,,
0,Family,Parent,20,1_1_1,0.75,0.7171314741035857,0.6870229007633588,0.6485148514851485,0.5590062111801242,,,,,
0,Family,Parent,25,0_0_0,0.0,0.0,0.0,0.40594059405940597,0.0,,,,,
0,Family,Parent,25,0_0_1,0.0,0.0,0.0,0.40594059405940597,0.0,,,,,
0,Family,Parent,25,0_1_0,0.0,0.0,0.0,0.40594059405940597,0.0,,,,,
0,Family,Parent,25,1_0_0,0.48333333333333334,0.48739495798319327,0.4915254237288136,0.39603960396039606,0.32222222222222224,,,,,
0,Family,Parent,25,1_1_1,0.75,0.7171314741035857,0.6870229007633588,0.6485148514851485,0.5590062111801242,,,,,
0,Family,Parent,30,0_0_0,0.0,0.0,0.0,0.40594059405940597,0.0,,,,,
0,Family,Parent,30,0_0_1,0.0,0.0,0.0,0.40594059405940597,0.0,,,,,
0,Family,Parent,30,0_1_0,0.0,0.0,0.0,0.40594059405940597,0.0,,,,,
0,Family,Parent,30,1_0_0,0.48333333333333334,0.48739495798319327,0.4915254237288136,0.39603960396039606,0.32222222222222224,,,,,
0,Family,Parent,30,1_1_1,0.75,0.7171314741035857,0.6870229007633588,0.6485148514851485,0.5590062111801242,,,,,
0,Family,Parent,35,0_0_0,0.0,0.0,0.0,0.40594059405940597,0.0,,,,,
0,Family,Parent,35,0_0_1,0.0,0.0,0.0,0.40594059405940597,0.0,,,,,
0,Family,Parent,35,0_1_0,0.0,0.0,0.0,0.40594059405940597,0.0,,,,,
0,Family,Parent,35,1_0_0,0.48333333333333334,0.48739495798319327,0.4915254237288136,0.39603960396039606,0.32222222222222224,,,,,
0,Family,Parent,35,1_1_1,0.75,0.7171314741035857,0.6870229007633588,0.6485148514851485,0.5590062111801242,,,,,
0,Family,Parent,40,0_0_0,0.0,0.0,0.0,0.40594059405940597,0.0,,,,,
0,Family,Parent,40,0_0_1,0.0,0.0,0.0,0.40594059405940597,0.0,,,,,
0,Family,Parent,40,0_1_0,0.0,0.0,0.0,0.40594059405940597,0.0,,,,,
0,Family,Parent,40,1_0_0,0.48333333333333334,0.48739495798319327,0.4915254237288136,0.39603960396039606,0.32222222222222224,,,,,
0,Family,Parent,40,1_1_1,0.75,0.7171314741035857,0.6870229007633588,0.6485148514851485,0.5590062111801242,,,,,
0,Family,Parent,45,0_0_0,0.0,0.0,0.0,0.40594059405940597,0.0,,,,,
0,Family,Parent,45,0_0_1,0.0,0.0,0.0,0.40594059405940597,0.0,,,,,
0,Family,Parent,45,0_1_0,0.0,0.0,0.0,0.40594059405940597,0.0,,,,,
0,Family,Parent,45,1_0_0,0.48333333333333334,0.48739495798319327,0.4915254237288136,0.39603960396039606,0.32222222222222224,,,,,
0,Family,Parent,45,1_1_1,0.75,0.7171314741035857,0.6870229007633588,0.6485148514851485,0.5590062111801242,,,,,
0,Family,Parent,50,0_0_0,0.0,0.0,0.0,0.40594059405940597,0.0,,,,,
0,Family,Parent,50,0_0_1,0.0,0.0,0.0,0.40594059405940597,0.0,,,,,
0,Family,Parent,50,0_1_0,0.0,0.0,0.0,0.40594059405940597,0.0,,,,,
0,Family,Parent,50,1_0_0,0.48333333333333334,0.48739495798319327,0.4915254237288136,0.39603960396039606,0.32222222222222224,,,,,
0,Family,Parent,50,1_1_1,0.75,0.7171314741035857,0.6870229007633588,0.6485148514851485,0.5590062111801242,,,,,
0,Family,Parent,55,0_0_0,0.0,0.0,0.0,0.40594059405940597,0.0,,,,,
0,Family,Parent,55,0_0_1,0.0,0.0,0.0,0.40594059405940597,0.0,,,,,
0,Family,Parent,55,0_1_0,0.0,0.0,0.0,0.40594059405940597,0.0,,,,,
0,Family,Parent,55,1_0_0,0.48333333333333334,0.48739495798319327,0.4915254237288136,0.39603960396039606,0.32222222222222224,,,,,
0,Family,Parent,55,1_1_1,0.75,0.7171314741035857,0.6870229007633588,0.6485148514851485,0.5590062111801242,,,,,
0,Family,Parent,60,0_0_0,0.0,0.0,0.0,0.40594059405940597,0.0,,,,,
0,Family,Parent,60,0_0_1,0.0,0.0,0.0,0.40594059405940597,0.0,,,,,
0,Family,Parent,60,0_1_0,0.0,0.0,0.0,0.40594059405940597,0.0,,,,,
0,Family,Parent,60,1_0_0,0.48333333333333334,0.48739495798319327,0.4915254237288136,0.39603960396039606,0.32222222222222224,,,,,
0,Family,Parent,60,1_1_1,0.75,0.7171314741035857,0.6870229007633588,0.6485148514851485,0.5590062111801242,,,,,
0,Family,Parent,65,0_0_0,0.0,0.0,0.0,0.40594059405940597,0.0,,,,,
0,Family,Parent,65,0_0_1,0.0,0.0,0.0,0.40594059405940597,0.0,,,,,
0,Family,Parent,65,0_1_0,0.0,0.0,0.0,0.40594059405940597,0.0,,,,,
0,Family,Parent,65,1_0_0,0.48333333333333334,0.48739495798319327,0.4915254237288136,0.39603960396039606,0.32222222222222224,,,,,
0,Family,Parent,65,1_1_1,0.75,0.7171314741035857,0.6870229007633588,0.6485148514851485,0.5590062111801242,,,,,
0,Family,Parent,70,0_0_0,0.0,0.0,0.0,0.40594059405940597,0.0,,,,,
0,Family,Parent,70,0_0_1,0.0,0.0,0.0,0.40594059405940597,0.0,,,,,
0,Family,Parent,70,0_1_0,0.0,0.0,0.0,0.40594059405940597,0.0,,,,,
0,Family,Parent,70,1_0_0,0.48333333333333334,0.48739495798319327,0.4915254237288136,0.39603960396039606,0.32222222222222224,,,,,
0,Family,Parent,70,1_1_1,0.75,0.7171314741035857,0.6870229007633588,0.6485148514851485,0.5590062111801242,,,,,
0,Family,Parent,75,0_0_0,0.0,0.0,0.0,0.40594059405940597,0.0,,,,,
0,Family,Parent,75,0_0_1,0.0,0.0,0.0,0.40594059405940597,0.0,,,,,
0,Family,Parent,75,0_1_0,0.0,0.0,0.0,0.40594059405940597,0.0,,,,,
0,Family,Parent,75,1_0_0,0.48333333333333334,0.48739495798319327,0.4915254237288136,0.39603960396039606,0.32222222222222224,,,,,
0,Family,Parent,75,1_1_1,0.75,0.7171314741035857,0.6870229007633588,0.6485148514851485,0.5590062111801242,,,,,
0,Family,Parent,80,0_0_0,0.0,0.0,0.0,0.40594059405940597,0.0,,,,,
0,Family,Parent,80,0_0_1,0.0,0.0,0.0,0.40594059405940597,0.0,,,,,
0,Family,Parent,80,0_1_0,0.0,0.0,0.0,0.40594059405940597,0.0,,,,,
0,Family,Parent,80,1_0_0,0.48333333333333334,0.48739495798319327,0.4915254237288136,0.39603960396039606,0.32222222222222224,,,,,
0,Family,Parent,80,1_1_1,0.75,0.7171314741035857,0.6870229007633588,0.6485148514851485,0.5590062111801242,,,,,
0,Family,Grandchild,0,0_0_0,0.0,0.0,0.0,0.6039603960396039,0.0,,,,,
0,Family,Grandchild,0,0_0_1,0.0125,0.024691358024691357,1.0,0.6089108910891089,0.0125,,,,,
0,Family,Grandchild,0,0_1_0,0.0,0.0,0.0,0.6039603960396039,0.0,,,,,
0,Family,Grandchild,0,1_0_0,0.7,0.6153846153846154,0.5490196078431373,0.6534653465346535,0.4444444444444444,,,,,
0,Family,Grandchild,0,1_1_1,0.4375,0.39106145251396646,0.35353535353535354,0.4603960396039604,0.24305555555555555,,,,,
0,Family,Grandchild,5,0_0_0,0.0,0.0,0.0,0.6039603960396039,0.0,,,,,
0,Family,Grandchild,5,0_0_1,0.0125,0.024691358024691357,1.0,0.6089108910891089,0.0125,,,,,
0,Family,Grandchild,5,0_1_0,0.0,0.0,0.0,0.6039603960396039,0.0,,,,,
0,Family,Grandchild,5,1_0_0,0.7,0.6153846153846154,0.5490196078431373,0.6534653465346535,0.4444444444444444,,,,,
0,Family,Grandchild,5,1_1_1,0.4375,0.39106145251396646,0.35353535353535354,0.4603960396039604,0.24305555555555555,,,,,
0,Family,Grandchild,10,0_0_0,0.0,0.0,0.0,0.6039603960396039,0.0,,,,,
0,Family,Grandchild,10,0_0_1,0.0125,0.024691358024691357,1.0,0.6089108910891089,0.0125,,,,,
0,Family,Grandchild,10,0_1_0,0.0,0.0,0.0,0.6039603960396039,0.0,,,,,
0,Family,Grandchild,10,1_0_0,0.7,0.6153846153846154,0.5490196078431373,0.6534653465346535,0.4444444444444444,,,,,
0,Family,Grandchild,10,1_1_1,0.4375,0.39106145251396646,0.35353535353535354,0.4603960396039604,0.24305555555555555,,,,,
0,Family,Grandchild,15,0_0_0,0.0,0.0,0.0,0.6039603960396039,0.0,,,,,
0,Family,Grandchild,15,0_0_1,0.0125,0.024691358024691357,1.0,0.6089108910891089,0.0125,,,,,
0,Family,Grandchild,15,0_1_0,0.0,0.0,0.0,0.6039603960396039,0.0,,,,,
0,Family,Grandchild,15,1_0_0,0.7,0.6153846153846154,0.5490196078431373,0.6534653465346535,0.4444444444444444,,,,,
0,Family,Grandchild,15,1_1_1,0.4375,0.39106145251396646,0.35353535353535354,0.4603960396039604,0.24305555555555555,,,,,
0,Family,Grandchild,20,0_0_0,0.0,0.0,0.0,0.6039603960396039,0.0,,,,,
0,Family,Grandchild,20,0_0_1,0.0125,0.024691358024691357,1.0,0.6089108910891089,0.0125,,,,,
0,Family,Grandchild,20,0_1_0,0.0,0.0,0.0,0.6039603960396039,0.0,,,,,
0,Family,Grandchild,20,1_0_0,0.7,0.6153846153846154,0.5490196078431373,0.6534653465346535,0.4444444444444444,,,,,
0,Family,Grandchild,20,1_1_1,0.4375,0.39106145251396646,0.35353535353535354,0.4603960396039604,0.24305555555555555,,,,,
0,Family,Grandchild,25,0_0_0,0.0,0.0,0.0,0.6039603960396039,0.0,,,,,
0,Family,Grandchild,25,0_0_1,0.0125,0.024691358024691357,1.0,0.6089108910891089,0.0125,,,,,
0,Family,Grandchild,25,0_1_0,0.0,0.0,0.0,0.6039603960396039,0.0,,,,,
0,Family,Grandchild,25,1_0_0,0.7,0.6153846153846154,0.5490196078431373,0.6534653465346535,0.4444444444444444,,,,,
0,Family,Grandchild,25,1_1_1,0.4375,0.39106145251396646,0.35353535353535354,0.4603960396039604,0.24305555555555555,,,,,
0,Family,Grandchild,30,0_0_0,0.0,0.0,0.0,0.6039603960396039,0.0,,,,,
0,Family,Grandchild,30,0_0_1,0.0125,0.024691358024691357,1.0,0.6089108910891089,0.0125,,,,,
0,Family,Grandchild,30,0_1_0,0.0,0.0,0.0,0.6039603960396039,0.0,,,,,
0,Family,Grandchild,30,1_0_0,0.7,0.6153846153846154,0.5490196078431373,0.6534653465346535,0.4444444444444444,,,,,
0,Family,Grandchild,30,1_1_1,0.4375,0.39106145251396646,0.35353535353535354,0.4603960396039604,0.24305555555555555,,,,,
0,Family,Grandchild,35,0_0_0,0.0,0.0,0.0,0.6039603960396039,0.0,,,,,
0,Family,Grandchild,35,0_0_1,0.0125,0.024691358024691357,1.0,0.6089108910891089,0.0125,,,,,
0,Family,Grandchild,35,0_1_0,0.0,0.0,0.0,0.6039603960396039,0.0,,,,,
0,Family,Grandchild,35,1_0_0,0.7,0.6153846153846154,0.5490196078431373,0.6534653465346535,0.4444444444444444,,,,,
0,Family,Grandchild,35,1_1_1,0.4375,0.39106145251396646,0.35353535353535354,0.4603960396039604,0.24305555555555555,,,,,
0,Family,Grandchild,40,0_0_0,0.0,0.0,0.0,0.6039603960396039,0.0,,,,,
0,Family,Grandchild,40,0_0_1,0.0125,0.024691358024691357,1.0,0.6089108910891089,0.0125,,,,,
0,Family,Grandchild,40,0_1_0,0.0,0.0,0.0,0.6039603960396039,0.0,,,,,
0,Family,Grandchild,40,1_0_0,0.7,0.6153846153846154,0.5490196078431373,0.6534653465346535,0.4444444444444444,,,,,
0,Family,Grandchild,40,1_1_1,0.4375,0.39106145251396646,0.35353535353535354,0.4603960396039604,0.24305555555555555,,,,,
0,Family,Grandchild,45,0_0_0,0.0,0.0,0.0,0.6039603960396039,0.0,,,,,
0,Family,Grandchild,45,0_0_1,0.0125,0.024691358024691357,1.0,0.6089108910891089,0.0125,,,,,
0,Family,Grandchild,45,0_1_0,0.0,0.0,0.0,0.6039603960396039,0.0,,,,,
0,Family,Grandchild,45,1_0_0,0.7,0.6153846153846154,0.5490196078431373,0.6534653465346535,0.4444444444444444,,,,,
0,Family,Grandchild,45,1_1_1,0.4375,0.39106145251396646,0.35353535353535354,0.4603960396039604,0.24305555555555555,,,,,
0,Family,Grandchild,50,0_0_0,0.0,0.0,0.0,0.6039603960396039,0.0,,,,,
0,Family,Grandchild,50,0_0_1,0.0125,0.024691358024691357,1.0,0.6089108910891089,0.0125,,,,,
0,Family,Grandchild,50,0_1_0,0.0,0.0,0.0,0.6039603960396039,0.0,,,,,
0,Family,Grandchild,50,1_0_0,0.7,0.6153846153846154,0.5490196078431373,0.6534653465346535,0.4444444444444444,,,,,
0,Family,Grandchild,50,1_1_1,0.4375,0.39106145251396646,0.35353535353535354,0.4603960396039604,0.24305555555555555,,,,,
0,Family,Grandchild,55,0_0_0,0.0,0.0,0.0,0.6039603960396039,0.0,,,,,
0,Family,Grandchild,55,0_0_1,0.0125,0.024691358024691357,1.0,0.6089108910891089,0.0125,,,,,
0,Family,Grandchild,55,0_1_0,0.0,0.0,0.0,0.6039603960396039,0.0,,,,,
0,Family,Grandchild,55,1_0_0,0.7,0.6153846153846154,0.5490196078431373,0.6534653465346535,0.4444444444444444,,,,,
0,Family,Grandchild,55,1_1_1,0.4375,0.39106145251396646,0.35353535353535354,0.4603960396039604,0.24305555555555555,,,,,
0,Family,Grandchild,60,0_0_0,0.0,0.0,0.0,0.6039603960396039,0.0,,,,,
0,Family,Grandchild,60,0_0_1,0.0125,0.024691358024691357,1.0,0.6089108910891089,0.0125,,,,,
0,Family,Grandchild,60,0_1_0,0.0,0.0,0.0,0.6039603960396039,0.0,,,,,
0,Family,Grandchild,60,1_0_0,0.7,0.6153846153846154,0.5490196078431373,0.6534653465346535,0.4444444444444444,,,,,
0,Family,Grandchild,60,1_1_1,0.4375,0.39106145251396646,0.35353535353535354,0.4603960396039604,0.24305555555555555,,,,,
0,Family,Grandchild,65,0_0_0,0.0,0.0,0.0,0.6039603960396039,0.0,,,,,
0,Family,Grandchild,65,0_0_1,0.0125,0.024691358024691357,1.0,0.6089108910891089,0.0125,,,,,
0,Family,Grandchild,65,0_1_0,0.0,0.0,0.0,0.6039603960396039,0.0,,,,,
0,Family,Grandchild,65,1_0_0,0.7,0.6153846153846154,0.5490196078431373,0.6534653465346535,0.4444444444444444,,,,,
0,Family,Grandchild,65,1_1_1,0.4375,0.39106145251396646,0.35353535353535354,0.4603960396039604,0.24305555555555555,,,,,
0,Family,Grandchild,70,0_0_0,0.0,0.0,0.0,0.6039603960396039,0.0,,,,,
0,Family,Grandchild,70,0_0_1,0.0125,0.024691358024691357,1.0,0.6089108910891089,0.0125,,,,,
0,Family,Grandchild,70,0_1_0,0.0,0.0,0.0,0.6039603960396039,0.0,,,,,
0,Family,Grandchild,70,1_0_0,0.7,0.6153846153846154,0.5490196078431373,0.6534653465346535,0.4444444444444444,,,,,
0,Family,Grandchild,70,1_1_1,0.4375,0.39106145251396646,0.35353535353535354,0.4603960396039604,0.24305555555555555,,,,,
0,Family,Grandchild,75,0_0_0,0.0,0.0,0.0,0.6039603960396039,0.0,,,,,
0,Family,Grandchild,75,0_0_1,0.0125,0.024691358024691357,1.0,0.6089108910891089,0.0125,,,,,
0,Family,Grandchild,75,0_1_0,0.0,0.0,0.0,0.6039603960396039,0.0,,,,,
0,Family,Grandchild,75,1_0_0,0.7,0.6153846153846154,0.5490196078431373,0.6534653465346535,0.4444444444444444,,,,,
0,Family,Grandchild,75,1_1_1,0.4375,0.39106145251396646,0.35353535353535354,0.4603960396039604,0.24305555555555555,,,,,
0,Family,Grandchild,80,0_0_0,0.0,0.0,0.0,0.6039603960396039,0.0,,,,,
0,Family,Grandchild,80,0_0_1,0.0125,0.024691358024691357,1.0,0.6089108910891089,0.0125,,,,,
0,Family,Grandchild,80,0_1_0,0.0,0.0,0.0,0.6039603960396039,0.0,,,,,
0,Family,Grandchild,80,1_0_0,0.7,0.6153846153846154,0.5490196078431373,0.6534653465346535,0.4444444444444444,,,,,
0,Family,Grandchild,80,1_1_1,0.4375,0.39106145251396646,0.35353535353535354,0.4603960396039604,0.24305555555555555,,,,,
0,Family,Granddaughter,0,0_0_0,0.10810810810810811,0.1951219512195122,1.0,0.8366336633663366,0.10810810810810811,,,,,
0,Family,Granddaughter,0,0_0_1,1.0,0.8131868131868132,0.6851851851851852,0.9158415841584159,0.6851851851851852,,,,,
0,Family,Granddaughter,0,0_1_0,1.0,0.8604651162790697,0.7551020408163265,0.9405940594059405,0.7551020408163265,,,,,
0,Family,Granddaughter,0,1_0_0,1.0,0.3394495412844037,0.20441988950276244,0.2871287128712871,0.20441988950276244,,,,,
0,Family,Granddaughter,0,1_1_1,0.0,0.0,0.0,0.3316831683168317,0.0,,,,,
0,Family,Granddaughter,5,0_0_0,0.10810810810810811,0.1951219512195122,1.0,0.8366336633663366,0.10810810810810811,0.0,0.0,0.0,0.0,0.0
0,Family,Granddaughter,5,0_0_1,1.0,0.8222222222222222,0.6981132075471698,0.9207920792079208,0.6981132075471698,1.0,1.0,1.0,1.0,1.0
0,Family,Granddaughter,5,0_1_0,1.0,0.8409090909090909,0.7254901960784313,0.9306930693069307,0.7254901960784313,1.0,1.0,1.0,1.0,1.0
0,Family,Granddaughter,5,1_0_0,1.0,0.34418604651162793,0.20786516853932585,0.30198019801980197,0.20786516853932585,1.0,1.0,1.0,1.0,1.0
0,Family,Granddaughter,5,1_1_1,0.0,0.0,0.0,0.3465346534653465,0.0,0.0,0.0,0.0,0.0,0.0
0,Family,Granddaughter,10,0_0_0,0.02702702702702703,0.05263157894736842,1.0,0.8217821782178217,0.02702702702702703,0.0,0.0,0.0,0.0,0.0
0,Family,Granddaughter,10,0_0_1,1.0,0.74,0.5873015873015873,0.8712871287128713,0.5873015873015873,1.0,1.0,1.0,1.0,1.0
0,Family,Granddaughter,10,0_1_0,1.0,0.7628865979381443,0.6166666666666667,0.8861386138613861,0.6166666666666667,1.0,1.0,1.0,1.0,1.0
0,Family,Granddaughter,10,1_0_0,1.0,0.31223628691983124,0.185,0.19306930693069307,0.185,1.0,1.0,1.0,1.0,1.0
0,Family,Granddaughter,10,1_1_1,1.0,0.4805194805194805,0.3162393162393162,0.6039603960396039,0.3162393162393162,1.0,1.0,1.0,1.0,1.0
0,Family,Granddaughter,15,0_0_0,0.05405405405405406,0.10256410256410256,1.0,0.8267326732673267,0.05405405405405406,0.0,0.0,0.0,0.0,0.0
0,Family,Granddaughter,15,0_0_1,0.972972972972973,0.7422680412371134,0.6,0.8762376237623762,0.5901639344262295,0.8,0.8888888888888888,1.0,0.8,0.8
0,Family,Granddaughter,15,0_1_0,1.0,0.7551020408163265,0.6065573770491803,0.8811881188118812,0.6065573770491803,1.0,1.0,1.0,1.0,1.0
0,Family,Granddaughter,15,1_0_0,1.0,0.3135593220338983,0.18592964824120603,0.19801980198019803,0.18592964824120603,1.0,1.0,1.0,1.0,1.0
0,Family,Granddaughter,15,1_1_1,1.0,0.4774193548387097,0.3135593220338983,0.599009900990099,0.3135593220338983,1.0,1.0,1.0,1.0,1.0
0,Family,Granddaughter,20,0_0_0,0.05405405405405406,0.10256410256410256,1.0,0.8267326732673267,0.05405405405405406,0.0,0.0,0.0,0.0,0.0
0,Family,Granddaughter,20,0_0_1,0.9459459459459459,0.7692307692307693,0.6481481481481481,0.8960396039603961,0.625,0.7142857142857143,0.8333333333333334,1.0,0.7142857142857143,0.7142857142857143
0,Family,Granddaughter,20,0_1_0,1.0,0.7628865979381443,0.6166666666666667,0.8861386138613861,0.6166666666666667,1.0,1.0,1.0,1.0,1.0
0,Family,Granddaughter,20,1_0_0,1.0,0.31092436974789917,0.18407960199004975,0.18811881188118812,0.18407960199004975,1.0,1.0,1.0,1.0,1.0
0,Family,Granddaughter,20,1_1_1,1.0,0.4805194805194805,0.3162393162393162,0.6039603960396039,0.3162393162393162,1.0,1.0,1.0,1.0,1.0
0,Family,Granddaughter,25,0_0_0,0.05405405405405406,0.10256410256410256,1.0,0.8267326732673267,0.05405405405405406,0.0,0.0,0.0,0.0,0.0
0,Family,Granddaughter,25,0_0_1,0.918918918918919,0.7391304347826086,0.6181818181818182,0.8811881188118812,0.5862068965517241,0.6666666666666666,0.8,1.0,0.6666666666666666,0.6666666666666666
0,Family,Granddaughter,25,0_1_0,1.0,0.7115384615384616,0.5522388059701493,0.8514851485148515,0.5522388059701493,1.0,1.0,1.0,1.0,1.0
0,Family,Granddaughter,25,1_0_0,1.0,0.31092436974789917,0.18407960199004975,0.18811881188118812,0.18407960199004975,1.0,1.0,1.0,1.0,1.0
0,Family,Granddaughter,25,1_1_1,1.0,0.4868421052631579,0.3217391304347826,0.6138613861386139,0.3217391304347826,1.0,1.0,1.0,1.0,1.0
0,Family,Granddaughter,30,0_0_0,0.05405405405405406,0.10256410256410256,1.0,0.8267326732673267,0.05405405405405406,0.0,0.0,0.0,0.0,0.0
0,Family,Granddaughter,30,0_0_1,0.8648648648648649,0.7191011235955056,0.6153846153846154,0.8762376237623762,0.5614035087719298,0.5454545454545454,0.7058823529411765,1.0,0.5454545454545454,0.5454545454545454
0,Family,Granddaughter,30,0_1_0,0.9459459459459459,0.7368421052631579,0.603448275862069,0.8762376237623762,0.5833333333333334,0.8181818181818182,0.9,1.0,0.8181818181818182,0.8181818181818182
0,Family,Granddaughter,30,1_0_0,1.0,0.30962343096234307,0.18316831683168316,0.18316831683168316,0.18316831683168316,1.0,1.0,1.0,1.0,1.0
0,Family,Granddaughter,30,1_1_1,1.0,0.4900662251655629,0.32456140350877194,0.6188118811881188,0.32456140350877194,1.0,1.0,1.0,1.0,1.0
0,Family,Granddaughter,35,0_0_0,0.05405405405405406,0.10256410256410256,1.0,0.8267326732673267,0.05405405405405406,0.0,0.0,0.0,0.0,0.0
0,Family,Granddaughter,35,0_0_1,0.8108108108108109,0.6896551724137931,0.6,0.8663366336633663,0.5263157894736842,0.4166666666666667,0.5882352941176471,1.0,0.4166666666666667,0.4166666666666667
0,Family,Granddaughter,35,0_1_0,0.918918918918919,0.7555555555555555,0.6415094339622641,0.8910891089108911,0.6071428571428571,0.75,0.8571428571428571,1.0,0.75,0.75
0,Family,Granddaughter,35,1_0_0,1.0,0.30962343096234307,0.18316831683168316,0.18316831683168316,0.18316831683168316,1.0,1.0,1.0,1.0,1.0
0,Family,Granddaughter,35,1_1_1,1.0,0.4900662251655629,0.32456140350877194,0.6188118811881188,0.32456140350877194,1.0,1.0,1.0,1.0,1.0
0,Family,Granddaughter,40,0_0_0,0.08108108108108109,0.15,1.0,0.8316831683168316,0.08108108108108109,0.0,0.0,0.0,0.0,0.0
0,Family,Granddaughter,40,0_0_1,0.9459459459459459,0.7446808510638298,0.6140350877192983,0.8811881188118812,0.5932203389830508,0.8571428571428571,0.9230769230769231,1.0,0.8571428571428571,0.8571428571428571
0,Family,Granddaughter,40,0_1_0,0.8918918918918919,0.6804123711340206,0.55,0.8465346534653465,0.515625,0.7142857142857143,0.8333333333333334,1.0,0.7142857142857143,0.7142857142857143
0,Family,Granddaughter,40,1_0_0,1.0,0.3148936170212766,0.18686868686868688,0.20297029702970298,0.18686868686868688,1.0,1.0,1.0,1.0,1.0
0,Family,Granddaughter,40,1_1_1,1.0,0.46540880503144655,0.30327868852459017,0.5792079207920792,0.30327868852459017,1.0,1.0,1.0,1.0,1.0
0,Family,Granddaughter,45,0_0_0,0.02702702702702703,0.05263157894736842,1.0,0.8217821782178217,0.02702702702702703,0.0,0.0,0.0,0.0,0.0
0,Family,Granddaughter,45,0_0_1,0.8918918918918919,0.7415730337078652,0.6346153846153846,0.8861386138613861,0.5892857142857143,0.75,0.8571428571428571,1.0,0.75,0.75
0,Family,Granddaughter,45,0_1_0,0.8918918918918919,0.7021276595744681,0.5789473684210527,0.8613861386138614,0.5409836065573771,0.75,0.8571428571428571,1.0,0.75,0.75
0,Family,Granddaughter,45,1_0_0,1.0,0.3203463203463203,0.19072164948453607,0.22277227722772278,0.19072164948453607,1.0,1.0,1.0,1.0,1.0
0,Family,Granddaughter,45,1_1_1,1.0,0.46835443037974683,0.30578512396694213,0.5841584158415841,0.30578512396694213,1.0,1.0,1.0,1.0,1.0
0,Family,Granddaughter,50,0_0_0,0.02702702702702703,0.05263157894736842,1.0,0.8217821782178217,0.02702702702702703,0.0,0.0,0.0,0.0,0.0
0,Family,Granddaughter,50,0_0_1,0.8918918918918919,0.7333333333333333,0.6226415094339622,0.8811881188118812,0.5789473684210527,0.7777777777777778,0.875,1.0,0.7777777777777778,0.7777777777777778
0,Family,Granddaughter,50,0_1_0,0.8918918918918919,0.7333333333333333,0.6226415094339622,0.8811881188118812,0.5789473684210527,0.7777777777777778,0.875,1.0,0.7777777777777778,0.7777777777777778
0,Family,Granddaughter,50,1_0_0,1.0,0.31896551724137934,0.18974358974358974,0.21782178217821782,0.18974358974358974,1.0,1.0,1.0,1.0,1.0
0,Family,Granddaughter,50,1_1_1,0.972972972972973,0.4585987261146497,0.3,0.5792079207920792,0.2975206611570248,0.9444444444444444,0.9714285714285714,1.0,0.9444444444444444,0.9444444444444444
0,Family,Granddaughter,55,0_0_0,0.0,0.0,0.0,0.8168316831683168,0.0,0.0,0.0,0.0,0.0,0.0
0,Family,Granddaughter,55,0_0_1,0.8378378378378378,0.7045454545454546,0.6078431372549019,0.8712871287128713,0.543859649122807,0.7,0.8235294117647058,1.0,0.7,0.7
0,Family,Granddaughter,55,0_1_0,0.8648648648648649,0.7111111111111111,0.6037735849056604,0.8712871287128713,0.5517241379310345,0.75,0.8571428571428571,1.0,0.75,0.75
0,Family,Granddaughter,55,1_0_0,1.0,0.33183856502242154,0.1989247311827957,0.2623762376237624,0.1989247311827957,1.0,1.0,1.0,1.0,1.0
0,Family,Granddaughter,55,1_1_1,0.972972972972973,0.43902439024390244,0.28346456692913385,0.5445544554455446,0.28125,0.95,0.9743589743589743,1.0,0.95,0.95
0,Family,Granddaughter,60,0_0_0,0.0,0.0,0.0,0.8168316831683168,0.0,0.0,0.0,0.0,0.0,0.0
0,Family,Granddaughter,60,0_0_1,0.8378378378378378,0.7380952380952381,0.6595744680851063,0.8910891089108911,0.5849056603773585,0.7272727272727273,0.8421052631578947,1.0,0.7272727272727273,0.7272727272727273
0,Family,Granddaughter,60,0_1_0,0.8648648648648649,0.7191011235955056,0.6153846153846154,0.8762376237623762,0.5614035087719298,0.7727272727272727,0.8717948717948718,1.0,0.7727272727272727,0.7727272727272727
0,Family,Granddaughter,60,1_0_0,1.0,0.33035714285714285,0.19786096256684493,0.25742574257425743,0.19786096256684493,1.0,1.0,1.0,1.0,1.0
0,Family,Granddaughter,60,1_1_1,0.972972972972973,0.4444444444444444,0.288,0.5544554455445545,0.2857142857142857,0.9545454545454546,0.9767441860465116,1.0,0.9545454545454546,0.9545454545454546
0,Family,Granddaughter,65,0_0_0,0.0,0.0,0.0,0.8168316831683168,0.0,0.0,0.0,0.0,0.0,0.0
0,Family,Granddaughter,65,0_0_1,0.7027027027027027,0.65,0.6046511627906976,0.8613861386138614,0.48148148148148145,0.5416666666666666,0.7027027027027027,1.0,0.5416666666666666,0.5416666666666666
0,Family,Granddaughter,65,0_1_0,0.8918918918918919,0.6947368421052632,0.5689655172413793,0.8564356435643564,0.532258064516129,0.8333333333333334,0.9090909090909091,1.0,0.8333333333333334,0.8333333333333334
0,Family,Granddaughter,65,1_0_0,1.0,0.3274336283185841,0.19576719576719576,0.24752475247524752,0.19576719576719576,1.0,1.0,1.0,1.0,1.0
0,Family,Granddaughter,65,1_1_1,0.972972972972973,0.44171779141104295,0.2857142857142857,0.5495049504950495,0.28346456692913385,0.9583333333333334,0.9787234042553191,1.0,0.9583333333333334,0.9583333333333334
0,Family,Granddaughter,70,0_0_0,0.16216216216216217,0.27906976744186046,1.0,0.8465346534653465,0.16216216216216217,0.0,0.0,0.0,0.0,0.0
0,Family,Granddaughter,70,0_0_1,0.5405405405405406,0.6349206349206349,0.7692307692307693,0.8861386138613861,0.46511627906976744,0.32,0.48484848484848486,1.0,0.32,0.32
0,Family,Granddaughter,70,0_1_0,0.6756756756756757,0.6756756756756757,0.6756756756756757,0.8811881188118812,0.5102040816326531,0.52,0.6842105263157895,1.0,0.52,0.52
0,Family,Granddaughter,70,1_0_0,1.0,0.5103448275862069,0.3425925925925926,0.6485148514851485,0.3425925925925926,1.0,1.0,1.0,1.0,1.0
0,Family,Granddaughter,70,1_1_1,0.2702702702702703,0.19047619047619047,0.14705882352941177,0.5792079207920792,0.10526315789473684,0.36,0.5294117647058824,1.0,0.36,0.36
0,Family,Granddaughter,75,0_0_0,0.21621621621621623,0.35555555555555557,1.0,0.8564356435643564,0.21621621621621623,0.0,0.0,0.0,0.0,0.0
0,Family,Granddaughter,75,0_0_1,0.4864864864864865,0.6101694915254238,0.8181818181818182,0.8861386138613861,0.43902439024390244,0.2962962962962963,0.45714285714285713,1.0,0.2962962962962963,0.2962962962962963
0,Family,Granddaughter,75,0_1_0,0.6216216216216216,0.6571428571428571,0.696969696969697,0.8811881188118812,0.48936170212765956,0.48148148148148145,0.65,1.0,0.48148148148148145,0.48148148148148145
0,Family,Granddaughter,75,1_0_0,1.0,0.49333333333333335,0.3274336283185841,0.6237623762376238,0.3274336283185841,1.0,1.0,1.0,1.0,1.0
0,Family,Granddaughter,75,1_1_1,0.4594594594594595,0.26153846153846155,0.1827956989247312,0.5247524752475248,0.1504424778761062,0.5555555555555556,0.7142857142857143,1.0,0.5555555555555556,0.5555555555555556
0,Family,Granddaughter,80,0_0_0,0.16216216216216217,0.27906976744186046,1.0,0.8465346534653465,0.16216216216216217,0.0,0.0,0.0,0.0,0.0
0,Family,Granddaughter,80,0_0_1,0.4864864864864865,0.5901639344262295,0.75,0.8762376237623762,0.4186046511627907,0.3448275862068966,0.5128205128205128,1.0,0.3448275862068966,0.3448275862068966
0,Family,Granddaughter,80,0_1_0,0.5945945945945946,0.6470588235294118,0.7096774193548387,0.8811881188118812,0.4782608695652174,0.4827586206896552,0.6511627906976745,1.0,0.4827586206896552,0.4827586206896552
0,Family,Granddaughter,80,1_0_0,0.972972972972973,0.4897959183673469,0.32727272727272727,0.6287128712871287,0.32432432432432434,0.9655172413793104,0.9824561403508771,1.0,0.9655172413793104,0.9655172413793104
0,Family,Granddaughter,80,1_1_1,0.4594594594594595,0.26153846153846155,0.1827956989247312,0.5247524752475248,0.1504424778761062,0.5517241379310345,0.7111111111111111,1.0,0.5517241379310345,0.5517241379310345
0,Family,Grandfather,0,0_0_0,0.8285714285714286,0.90625,1.0,0.9702970297029703,0.8285714285714286,,,,,
0,Family,Grandfather,0,0_0_1,1.0,0.8641975308641975,0.7608695652173914,0.9455445544554455,0.7608695652173914,,,,,
0,Family,Grandfather,0,0_1_0,1.0,0.9090909090909091,0.8333333333333334,0.9653465346534653,0.8333333333333334,,,,,
0,Family,Grandfather,0,1_0_0,1.0,0.30434782608695654,0.1794871794871795,0.2079207920792079,0.1794871794871795,,,,,
0,Family,Grandfather,0,1_1_1,0.02857142857142857,0.02531645569620253,0.022727272727272728,0.6188118811881188,0.01282051282051282,,,,,
0,Family,Grandfather,5,0_0_0,0.8,0.8888888888888888,1.0,0.9653465346534653,0.8,0.0,0.0,0.0,0.0,0.0
0,Family,Grandfather,5,0_0_1,1.0,0.8860759493670886,0.7954545454545454,0.9554455445544554,0.7954545454545454,1.0,1.0,1.0,1.0,1.0
0,Family,Grandfather,5,0_1_0,1.0,0.875,0.7777777777777778,0.9504950495049505,0.7777777777777778,1.0,1.0,1.0,1.0,1.0
0,Family,Grandfather,5,1_0_0,1.0,0.30434782608695654,0.1794871794871795,0.2079207920792079,0.1794871794871795,1.0,1.0,1.0,1.0,1.0
0,Family,Grandfather,5,1_1_1,0.05714285714285714,0.04878048780487805,0.0425531914893617,0.6138613861386139,0.025,0.0,0.0,0.0,0.0,0.0
0,Family,Grandfather,10,0_0_0,0.6,0.75,1.0,0.9306930693069307,0.6,0.0,0.0,0.0,0.0,0.0
0,Family,Grandfather,10,0_0_1,0.9714285714285714,0.8831168831168831,0.8095238095238095,0.9554455445544554,0.7906976744186046,0.6666666666666666,0.8,1.0,0.6666666666666666,0.6666666666666666
0,Family,Grandfather,10,0_1_0,0.9714285714285714,0.8831168831168831,0.8095238095238095,0.9554455445544554,0.7906976744186046,0.6666666666666666,0.8,1.0,0.6666666666666666,0.6666666666666666
0,Family,Grandfather,10,1_0_0,1.0,0.5384615384615384,0.3684210526315789,0.7029702970297029,0.3684210526315789,1.0,1.0,1.0,1.0,1.0
0,Family,Grandfather,10,1_1_1,0.9714285714285714,0.7391304347826086,0.5964912280701754,0.8811881188118812,0.5862068965517241,0.6666666666666666,0.8,1.0,0.6666666666666666,0.6666666666666666
0,Family,Grandfather,15,0_0_0,0.6571428571428571,0.7931034482758621,1.0,0.9405940594059405,0.6571428571428571,0.0,0.0,0.0,0.0,0.0
0,Family,Grandfather,15,0_0_1,0.9142857142857143,0.8533333333333334,0.8,0.9455445544554455,0.7441860465116279,0.4,0.5714285714285714,1.0,0.4,0.4
0,Family,Grandfather,15,0_1_0,0.9428571428571428,0.88,0.825,0.9554455445544554,0.7857142857142857,0.6,0.75,1.0,0.6,0.6
0,Family,Grandfather,15,1_0_0,1.0,0.56,0.3888888888888889,0.7277227722772277,0.3888888888888889,1.0,1.0,1.0,1.0,1.0
0,Family,Grandfather,15,1_1_1,0.9428571428571428,0.717391304347826,0.5789473684210527,0.8712871287128713,0.559322033898305,0.6,0.75,1.0,0.6,0.6
0,Family,Grandfather,20,0_0_0,0.3142857142857143,0.4782608695652174,1.0,0.8811881188118812,0.3142857142857143,0.0,0.0,0.0,0.0,0.0
0,Family,Grandfather,20,0_0_1,0.9428571428571428,0.8048780487804879,0.7021276595744681,0.9207920792079208,0.673469387755102,0.7142857142857143,0.8333333333333334,1.0,0.7142857142857143,0.7142857142857143
0,Family,Grandfather,20,0_1_0,0.9428571428571428,0.7586206896551724,0.6346153846153846,0.8960396039603961,0.6111111111111112,0.7142857142857143,0.8333333333333334,1.0,0.7142857142857143,0.7142857142857143
0,Family,Grandfather,20,1_0_0,1.0,0.49295774647887325,0.32710280373831774,0.6435643564356436,0.32710280373831774,1.0,1.0,1.0,1.0,1.0
0,Family,Grandfather,20,1_1_1,0.7142857142857143,0.8064516129032258,0.9259259259259259,0.9405940594059405,0.6756756756756757,0.0,0.0,0.0,0.0,0.0
0,Family,Grandfather,25,0_0_0,0.2857142857142857,0.4444444444444444,1.0,0.8762376237623762,0.2857142857142857,0.0,0.0,0.0,0.0,0.0
0,Family,Grandfather,25,0_0_1,0.9428571428571428,0.8048780487804879,0.7021276595744681,0.9207920792079208,0.673469387755102,0.75,0.8571428571428571,1.0,0.75,0.75
0,Family,Grandfather,25,0_1_0,0.9142857142857143,0.7529411764705882,0.64,0.8960396039603961,0.6037735849056604,0.625,0.7692307692307693,1.0,0.625,0.625
0,Family,Grandfather,25,1_0_0,1.0,0.49645390070921985,0.330188679245283,0.6485148514851485,0.330188679245283,1.0,1.0,1.0,1.0,1.0
0,Family,Grandfather,25,1_1_1,0.6857142857142857,0.7868852459016393,0.9230769230769231,0.9356435643564357,0.6486486486486487,0.0,0.0,0.0,0.0,0.0
0,Family,Grandfather,30,0_0_0,0.6857142857142857,0.8135593220338984,1.0,0.9455445544554455,0.6857142857142857,0.0,0.0,0.0,0.0,0.0
0,Family,Grandfather,30,0_0_1,0.8857142857142857,0.7848101265822784,0.7045454545454546,0.9158415841584159,0.6458333333333334,0.6,0.75,1.0,0.6,0.6
0,Family,Grandfather,30,0_1_0,0.8857142857142857,0.7948717948717948,0.7209302325581395,0.9207920792079208,0.6595744680851063,0.6,0.75,1.0,0.6,0.6
0,Family,Grandfather,30,1_0_0,1.0,0.29914529914529914,0.17587939698492464,0.18811881188118812,0.17587939698492464,1.0,1.0,1.0,1.0,1.0
0,Family,Grandfather,30,1_1_1,0.05714285714285714,0.042105263157894736,0.03333333333333333,0.5495049504950495,0.021505376344086023,0.2,0.3333333333333333,1.0,0.2,0.2
0,Family,Grandfather,35,0_0_0,0.6285714285714286,0.7719298245614035,1.0,0.9356435643564357,0.6285714285714286,0.0,0.0,0.0,0.0,0.0
0,Family,Grandfather,35,0_0_1,0.8285714285714286,0.7733333333333333,0.725,0.9158415841584159,0.6304347826086957,0.5,0.6666666666666666,1.0,0.5,0.5
0,Family,Grandfather,35,0_1_0,0.8857142857142857,0.8266666666666667,0.775,0.9356435643564357,0.7045454545454546,0.6666666666666666,0.8,1.0,0.6666666666666666,0.6666666666666666
0,Family,Grandfather,35,1_0_0,1.0,0.30042918454935624,0.17676767676767677,0.19306930693069307,0.17676767676767677,1.0,1.0,1.0,1.0,1.0
0,Family,Grandfather,35,1_1_1,0.02857142857142857,0.02040816326530612,0.015873015873015872,0.5247524752475248,0.010309278350515464,0.08333333333333333,0.15384615384615385,1.0,0.08333333333333333,0.08333333333333333
0,Family,Grandfather,40,0_0_0,0.5714285714285714,0.7272727272727273,1.0,0.9257425742574258,0.5714285714285714,0.0,0.0,0.0,0.0,0.0
0,Family,Grandfather,40,0_0_1,0.7142857142857143,0.6578947368421053,0.6097560975609756,0.8712871287128713,0.49019607843137253,0.2857142857142857,0.4444444444444444,1.0,0.2857142857142857,0.2857142857142857
0,Family,Grandfather,40,0_1_0,0.7428571428571429,0.6933333333333334,0.65,0.8861386138613861,0.5306122448979592,0.35714285714285715,0.5263157894736842,1.0,0.35714285714285715,0.35714285714285715
0,Family,Grandfather,40,1_0_0,1.0,0.3153153153153153,0.18716577540106952,0.24752475247524752,0.18716577540106952,1.0,1.0,1.0,1.0,1.0
0,Family,Grandfather,40,1_1_1,0.0,0.0,0.0,0.5693069306930693,0.0,0.0,0.0,0.0,0.0,0.0
0,Family,Grandfather,45,0_0_0,0.5428571428571428,0.7037037037037037,1.0,0.9207920792079208,0.5428571428571428,0.0,0.0,0.0,0.0,0.0
0,Family,Grandfather,45,0_0_1,0.6571428571428571,0.6388888888888888,0.6216216216216216,0.8712871287128713,0.46938775510204084,0.2,0.3333333333333333,1.0,0.2,0.2
0,Family,Grandfather,45,0_1_0,0.7142857142857143,0.7142857142857143,0.7142857142857143,0.900990099009901,0.5555555555555556,0.3333333333333333,0.5,1.0,0.3333333333333333,0.3333333333333333
0,Family,Grandfather,45,1_0_0,1.0,0.3181818181818182,0.1891891891891892,0.25742574257425743,0.1891891891891892,1.0,1.0,1.0,1.0,1.0
0,Family,Grandfather,45,1_1_1,0.0,0.0,0.0,0.5792079207920792,0.0,0.0,0.0,0.0,0.0,0.0
0,Family,Grandfather,50,0_0_0,0.45714285714285713,0.6274509803921569,1.0,0.905940594059406,0.45714285714285713,0.0,0.0,0.0,0.0,0.0
0,Family,Grandfather,50,0_0_1,0.6,0.5915492957746479,0.5833333333333334,0.8564356435643564,0.42,0.17647058823529413,0.3,1.0,0.17647058823529413,0.17647058823529413
0,Family,Grandfather,50,0_1_0,0.6571428571428571,0.696969696969697,0.7419354838709677,0.900990099009901,0.5348837209302325,0.29411764705882354,0.45454545454545453,1.0,0.29411764705882354,0.29411764705882354
0,Family,Grandfather,50,1_0_0,1.0,0.3181818181818182,0.1891891891891892,0.25742574257425743,0.1891891891891892,1.0,1.0,1.0,1.0,1.0
0,Family,Grandfather,50,1_1_1,0.0,0.0,0.0,0.5742574257425742,0.0,0.0,0.0,0.0,0.0,0.0
0,Family,Grandfather,55,0_0_0,0.4,0.5714285714285714,1.0,0.8960396039603961,0.4,0.0,0.0,0.0,0.0,0.0
0,Family,Grandfather,55,0_0_1,0.5714285714285714,0.625,0.6896551724137931,0.8811881188118812,0.45454545454545453,0.21052631578947367,0.34782608695652173,1.0,0.21052631578947367,0.21052631578947367
0,Family,Grandfather,55,0_1_0,0.5714285714285714,0.6557377049180327,0.7692307692307693,0.8960396039603961,0.4878048780487805,0.21052631578947367,0.34782608695652173,1.0,0.21052631578947367,0.21052631578947367
0,Family,Grandfather,55,1_0_0,0.9714285714285714,0.32075471698113206,0.192090395480226,0.2871287128712871,0.19101123595505617,0.9473684210526315,0.972972972972973,1.0,0.9473684210526315,0.9473684210526315
0,Family,Grandfather,55,1_1_1,0.0,0.0,0.0,0.5742574257425742,0.0,0.0,0.0,0.0,0.0,0.0
0,Family,Grandfather,60,0_0_0,0.34285714285714286,0.5106382978723404,1.0,0.8861386138613861,0.34285714285714286,0.0,0.0,0.0,0.0,0.0
0,Family,Grandfather,60,0_0_1,0.7428571428571429,0.7027027027027027,0.6666666666666666,0.8910891089108911,0.5416666666666666,0.5714285714285714,0.7272727272727273,1.0,0.5714285714285714,0.5714285714285714
0,Family,Grandfather,60,0_1_0,0.5714285714285714,0.6557377049180327,0.7692307692307693,0.8960396039603961,0.4878048780487805,0.2857142857142857,0.4444444444444444,1.0,0.2857142857142857,0.2857142857142857
0,Family,Grandfather,60,1_0_0,1.0,0.30973451327433627,0.18324607329842932,0.22772277227722773,0.18324607329842932,1.0,1.0,1.0,1.0,1.0
0,Family,Grandfather,60,1_1_1,0.0,0.0,0.0,0.599009900990099,0.0,0.0,0.0,0.0,0.0,0.0
0,Family,Grandfather,65,0_0_0,0.2857142857142857,0.4444444444444444,1.0,0.8762376237623762,0.2857142857142857,0.0,0.0,0.0,0.0,0.0
0,Family,Grandfather,65,0_0_1,0.6571428571428571,0.6571428571428571,0.6571428571428571,0.8811881188118812,0.48936170212765956,0.45454545454545453,0.625,1.0,0.45454545454545453,0.45454545454545453
0,Family,Grandfather,65,0_1_0,0.5428571428571428,0.6333333333333333,0.76,0.8910891089108911,0.4634146341463415,0.2727272727272727,0.42857142857142855,1.0,0.2727272727272727,0.2727272727272727
0,Family,Grandfather,65,1_0_0,1.0,0.30701754385964913,0.18134715025906736,0.21782178217821782,0.18134715025906736,1.0,1.0,1.0,1.0,1.0
0,Family,Grandfather,65,1_1_1,0.0,0.0,0.0,0.6089108910891089,0.0,0.0,0.0,0.0,0.0,0.0
0,Family,Grandfather,70,0_0_0,0.2,0.3333333333333333,1.0,0.8613861386138614,0.2,0.0,0.0,0.0,0.0,0.0
0,Family,Grandfather,70,0_0_1,0.42857142857142855,0.4918032786885246,0.5769230769230769,0.8465346534653465,0.32608695652173914,0.16666666666666666,0.2857142857142857,1.0,0.16666666666666666,0.16666666666666666
0,Family,Grandfather,70,0_1_0,0.5428571428571428,0.6333333333333333,0.76,0.8910891089108911,0.4634146341463415,0.3333333333333333,0.5,1.0,0.3333333333333333,0.3333333333333333
0,Family,Grandfather,70,1_0_0,0.9714285714285714,0.3487179487179487,0.2125,0.3712871287128713,0.2111801242236025,0.9583333333333334,0.9787234042553191,1.0,0.9583333333333334,0.9583333333333334
0,Family,Grandfather,70,1_1_1,0.08571428571428572,0.046875,0.03225806451612903,0.39603960396039606,0.024,0.125,0.2222222222222222,1.0,0.125,0.125
0,Family,Grandfather,75,0_0_0,0.0,0.0,0.0,0.8267326732673267,0.0,0.0,0.0,0.0,0.0,0.0
0,Family,Grandfather,75,0_0_1,0.3142857142857143,0.46808510638297873,0.9166666666666666,0.8762376237623762,0.3055555555555556,0.07692307692307693,0.14285714285714285,1.0,0.07692307692307693,0.07692307692307693
0,Family,Grandfather,75,0_1_0,0.2571428571428571,0.4090909090909091,1.0,0.8712871287128713,0.2571428571428571,0.0,0.0,0.0,0.0,0.0
0,Family,Grandfather,75,1_0_0,1.0,0.330188679245283,0.1977401129943503,0.297029702970297,0.1977401129943503,1.0,1.0,1.0,1.0,1.0
0,Family,Grandfather,75,1_1_1,0.0,0.0,0.0,0.6188118811881188,0.0,0.0,0.0,0.0,0.0,0.0
0,Family,Grandfather,80,0_0_0,0.02857142857142857,0.05555555555555555,1.0,0.8316831683168316,0.02857142857142857,0.0,0.0,0.0,0.0,0.0
0,Family,Grandfather,80,0_0_1,0.22857142857142856,0.35555555555555557,0.8,0.8564356435643564,0.21621621621621623,0.03571428571428571,0.06896551724137931,1.0,0.03571428571428571,0.03571428571428571
0,Family,Grandfather,80,0_1_0,0.2571428571428571,0.33962264150943394,0.5,0.8267326732673267,0.20454545454545456,0.07142857142857142,0.13333333333333333,1.0,0.07142857142857142,0.07142857142857142
0,Family,Grandfather,80,1_0_0,0.9428571428571428,0.4520547945205479,0.2972972972972973,0.6039603960396039,0.2920353982300885,0.9285714285714286,0.9629629629629629,1.0,0.9285714285714286,0.9285714285714286
0,Family,Grandfather,80,1_1_1,0.05714285714285714,0.037383177570093455,0.027777777777777776,0.4900990099009901,0.01904761904761905,0.07142857142857142,0.13333333333333333,1.0,0.07142857142857142,0.07142857142857142
0,Family,Grandparent,0,0_0_0,0.0,0.0,0.0,0.6534653465346535,0.0,,,,,
0,Family,Grandparent,0,0_0_1,0.0,0.0,0.0,0.6534653465346535,0.0,,,,,
0,Family,Grandparent,0,0_1_0,0.0,0.0,0.0,0.6534653465346535,0.0,,,,,
0,Family,Grandparent,0,1_0_0,0.6285714285714286,0.4074074074074074,0.3013698630136986,0.36633663366336633,0.2558139534883721,,,,,
0,Family,Grandparent,0,1_1_1,0.6285714285714286,0.5057471264367817,0.4230769230769231,0.5742574257425742,0.3384615384615385,,,,,
0,Family,Grandparent,5,0_0_0,0.0,0.0,0.0,0.6534653465346535,0.0,,,,,
0,Family,Grandparent,5,0_0_1,0.0,0.0,0.0,0.6534653465346535,0.0,,,,,
0,Family,Grandparent,5,0_1_0,0.0,0.0,0.0,0.6534653465346535,0.0,,,,,
0,Family,Grandparent,5,1_0_0,0.6285714285714286,0.4074074074074074,0.3013698630136986,0.36633663366336633,0.2558139534883721,,,,,
0,Family,Grandparent,5,1_1_1,0.6285714285714286,0.5057471264367817,0.4230769230769231,0.5742574257425742,0.3384615384615385,,,,,
0,Family,Grandparent,10,0_0_0,0.0,0.0,0.0,0.6534653465346535,0.0,,,,,
0,Family,Grandparent,10,0_0_1,0.0,0.0,0.0,0.6534653465346535,0.0,,,,,
0,Family,Grandparent,10,0_1_0,0.0,0.0,0.0,0.6534653465346535,0.0,,,,,
0,Family,Grandparent,10,1_0_0,0.6285714285714286,0.4074074074074074,0.3013698630136986,0.36633663366336633,0.2558139534883721,,,,,
0,Family,Grandparent,10,1_1_1,0.6285714285714286,0.5057471264367817,0.4230769230769231,0.5742574257425742,0.3384615384615385,,,,,
0,Family,Grandparent,15,0_0_0,0.0,0.0,0.0,0.6534653465346535,0.0,,,,,
0,Family,Grandparent,15,0_0_1,0.0,0.0,0.0,0.6534653465346535,0.0,,,,,
0,Family,Grandparent,15,0_1_0,0.0,0.0,0.0,0.6534653465346535,0.0,,,,,
0,Family,Grandparent,15,1_0_0,0.6285714285714286,0.4074074074074074,0.3013698630136986,0.36633663366336633,0.2558139534883721,,,,,
0,Family,Grandparent,15,1_1_1,0.6285714285714286,0.5057471264367817,0.4230769230769231,0.5742574257425742,0.3384615384615385,,,,,
0,Family,Grandparent,20,0_0_0,0.0,0.0,0.0,0.6534653465346535,0.0,,,,,
0,Family,Grandparent,20,0_0_1,0.0,0.0,0.0,0.6534653465346535,0.0,,,,,
0,Family,Grandparent,20,0_1_0,0.0,0.0,0.0,0.6534653465346535,0.0,,,,,
0,Family,Grandparent,20,1_0_0,0.6285714285714286,0.4074074074074074,0.3013698630136986,0.36633663366336633,0.2558139534883721,,,,,
0,Family,Grandparent,20,1_1_1,0.6285714285714286,0.5057471264367817,0.4230769230769231,0.5742574257425742,0.3384615384615385,,,,,
0,Family,Grandparent,25,0_0_0,0.0,0.0,0.0,0.6534653465346535,0.0,,,,,
0,Family,Grandparent,25,0_0_1,0.0,0.0,0.0,0.6534653465346535,0.0,,,,,
0,Family,Grandparent,25,0_1_0,0.0,0.0,0.0,0.6534653465346535,0.0,,,,,
0,Family,Grandparent,25,1_0_0,0.6285714285714286,0.4074074074074074,0.3013698630136986,0.36633663366336633,0.2558139534883721,,,,,
0,Family,Grandparent,25,1_1_1,0.6285714285714286,0.5057471264367817,0.4230769230769231,0.5742574257425742,0.3384615384615385,,,,,
0,Family,Grandparent,30,0_0_0,0.0,0.0,0.0,0.6534653465346535,0.0,,,,,
0,Family,Grandparent,30,0_0_1,0.0,0.0,0.0,0.6534653465346535,0.0,,,,,
0,Family,Grandparent,30,0_1_0,0.0,0.0,0.0,0.6534653465346535,0.0,,,,,
0,Family,Grandparent,30,1_0_0,0.6285714285714286,0.4074074074074074,0.3013698630136986,0.36633663366336633,0.2558139534883721,,,,,
0,Family,Grandparent,30,1_1_1,0.6285714285714286,0.5057471264367817,0.4230769230769231,0.5742574257425742,0.3384615384615385,,,,,
0,Family,Grandparent,35,0_0_0,0.0,0.0,0.0,0.6534653465346535,0.0,,,,,
0,Family,Grandparent,35,0_0_1,0.0,0.0,0.0,0.6534653465346535,0.0,,,,,
0,Family,Grandparent,35,0_1_0,0.0,0.0,0.0,0.6534653465346535,0.0,,,,,
0,Family,Grandparent,35,1_0_0,0.6285714285714286,0.4074074074074074,0.3013698630136986,0.36633663366336633,0.2558139534883721,,,,,
0,Family,Grandparent,35,1_1_1,0.6285714285714286,0.5057471264367817,0.4230769230769231,0.5742574257425742,0.3384615384615385,,,,,
0,Family,Grandparent,40,0_0_0,0.0,0.0,0.0,0.6534653465346535,0.0,,,,,
0,Family,Grandparent,40,0_0_1,0.0,0.0,0.0,0.6534653465346535,0.0,,,,,
0,Family,Grandparent,40,0_1_0,0.0,0.0,0.0,0.6534653465346535,0.0,,,,,
0,Family,Grandparent,40,1_0_0,0.6285714285714286,0.4074074074074074,0.3013698630136986,0.36633663366336633,0.2558139534883721,,,,,
0,Family,Grandparent,40,1_1_1,0.6285714285714286,0.5057471264367817,0.4230769230769231,0.5742574257425742,0.3384615384615385,,,,,
0,Family,Grandparent,45,0_0_0,0.0,0.0,0.0,0.6534653465346535,0.0,,,,,
0,Family,Grandparent,45,0_0_1,0.0,0.0,0.0,0.6534653465346535,0.0,,,,,
0,Family,Grandparent,45,0_1_0,0.0,0.0,0.0,0.6534653465346535,0.0,,,,,
0,Family,Grandparent,45,1_0_0,0.6285714285714286,0.4074074074074074,0.3013698630136986,0.36633663366336633,0.2558139534883721,,,,,
0,Family,Grandparent,45,1_1_1,0.6285714285714286,0.5057471264367817,0.4230769230769231,0.5742574257425742,0.3384615384615385,,,,,
0,Family,Grandparent,50,0_0_0,0.0,0.0,0.0,0.6534653465346535,0.0,,,,,
0,Family,Grandparent,50,0_0_1,0.0,0.0,0.0,0.6534653465346535,0.0,,,,,
0,Family,Grandparent,50,0_1_0,0.0,0.0,0.0,0.6534653465346535,0.0,,,,,
0,Family,Grandparent,50,1_0_0,0.6285714285714286,0.4074074074074074,0.3013698630136986,0.36633663366336633,0.2558139534883721,,,,,
0,Family,Grandparent,50,1_1_1,0.6285714285714286,0.5057471264367817,0.4230769230769231,0.5742574257425742,0.3384615384615385,,,,,
0,Family,Grandparent,55,0_0_0,0.0,0.0,0.0,0.6534653465346535,0.0,,,,,
0,Family,Grandparent,55,0_0_1,0.0,0.0,0.0,0.6534653465346535,0.0,,,,,
0,Family,Grandparent,55,0_1_0,0.0,0.0,0.0,0.6534653465346535,0.0,,,,,
0,Family,Grandparent,55,1_0_0,0.6285714285714286,0.4074074074074074,0.3013698630136986,0.36633663366336633,0.2558139534883721,,,,,
0,Family,Grandparent,55,1_1_1,0.6285714285714286,0.5057471264367817,0.4230769230769231,0.5742574257425742,0.3384615384615385,,,,,
0,Family,Grandparent,60,0_0_0,0.0,0.0,0.0,0.6534653465346535,0.0,,,,,
0,Family,Grandparent,60,0_0_1,0.0,0.0,0.0,0.6534653465346535,0.0,,,,,
0,Family,Grandparent,60,0_1_0,0.0,0.0,0.0,0.6534653465346535,0.0,,,,,
0,Family,Grandparent,60,1_0_0,0.6285714285714286,0.4074074074074074,0.3013698630136986,0.36633663366336633,0.2558139534883721,,,,,
0,Family,Grandparent,60,1_1_1,0.6285714285714286,0.5057471264367817,0.4230769230769231,0.5742574257425742,0.3384615384615385,,,,,
0,Family,Grandparent,65,0_0_0,0.0,0.0,0.0,0.6534653465346535,0.0,,,,,
0,Family,Grandparent,65,0_0_1,0.0,0.0,0.0,0.6534653465346535,0.0,,,,,
0,Family,Grandparent,65,0_1_0,0.0,0.0,0.0,0.6534653465346535,0.0,,,,,
0,Family,Grandparent,65,1_0_0,0.6285714285714286,0.4074074074074074,0.3013698630136986,0.36633663366336633,0.2558139534883721,,,,,
0,Family,Grandparent,65,1_1_1,0.6285714285714286,0.5057471264367817,0.4230769230769231,0.5742574257425742,0.3384615384615385,,,,,
0,Family,Grandparent,70,0_0_0,0.0,0.0,0.0,0.6534653465346535,0.0,,,,,
0,Family,Grandparent,70,0_0_1,0.0,0.0,0.0,0.6534653465346535,0.0,,,,,
0,Family,Grandparent,70,0_1_0,0.0,0.0,0.0,0.6534653465346535,0.0,,,,,
0,Family,Grandparent,70,1_0_0,0.6285714285714286,0.4074074074074074,0.3013698630136986,0.36633663366336633,0.2558139534883721,,,,,
0,Family,Grandparent,70,1_1_1,0.6285714285714286,0.5057471264367817,0.4230769230769231,0.5742574257425742,0.3384615384615385,,,,,
0,Family,Grandparent,75,0_0_0,0.0,0.0,0.0,0.6534653465346535,0.0,,,,,
0,Family,Grandparent,75,0_0_1,0.0,0.0,0.0,0.6534653465346535,0.0,,,,,
0,Family,Grandparent,75,0_1_0,0.0,0.0,0.0,0.6534653465346535,0.0,,,,,
0,Family,Grandparent,75,1_0_0,0.6285714285714286,0.4074074074074074,0.3013698630136986,0.36633663366336633,0.2558139534883721,,,,,
0,Family,Grandparent,75,1_1_1,0.6285714285714286,0.5057471264367817,0.4230769230769231,0.5742574257425742,0.3384615384615385,,,,,
0,Family,Grandparent,80,0_0_0,0.0,0.0,0.0,0.6534653465346535,0.0,,,,,
0,Family,Grandparent,80,0_0_1,0.0,0.0,0.0,0.6534653465346535,0.0,,,,,
0,Family,Grandparent,80,0_1_0,0.0,0.0,0.0,0.6534653465346535,0.0,,,,,
0,Family,Grandparent,80,1_0_0,0.6285714285714286,0.4074074074074074,0.3013698630136986,0.36633663366336633,0.2558139534883721,,,,,
0,Family,Grandparent,80,1_1_1,0.6285714285714286,0.5057471264367817,0.4230769230769231,0.5742574257425742,0.3384615384615385,,,,,
0,Family,Grandmother,0,0_0_0,0.02857142857142857,0.05555555555555555,1.0,0.8316831683168316,0.02857142857142857,,,,,
0,Family,Grandmother,0,0_0_1,1.0,0.8641975308641975,0.7608695652173914,0.9455445544554455,0.7608695652173914,,,,,
0,Family,Grandmother,0,0_1_0,1.0,0.8235294117647058,0.7,0.9257425742574258,0.7,,,,,
0,Family,Grandmother,0,1_0_0,1.0,0.44871794871794873,0.2892561983471074,0.5742574257425742,0.2892561983471074,,,,,
0,Family,Grandmother,0,1_1_1,0.0,0.0,0.0,0.49504950495049505,0.0,,,,,
0,Family,Grandmother,5,0_0_0,0.05714285714285714,0.10810810810810811,1.0,0.8366336633663366,0.05714285714285714,0.0,0.0,0.0,0.0,0.0
0,Family,Grandmother,5,0_0_1,1.0,0.8433734939759037,0.7291666666666666,0.9356435643564357,0.7291666666666666,1.0,1.0,1.0,1.0,1.0
0,Family,Grandmother,5,0_1_0,0.9714285714285714,0.8,0.68,0.9158415841584159,0.6666666666666666,0.0,0.0,0.0,0.0,0.0
0,Family,Grandmother,5,1_0_0,1.0,0.44025157232704404,0.28225806451612906,0.5594059405940595,0.28225806451612906,1.0,1.0,1.0,1.0,1.0
0,Family,Grandmother,5,1_1_1,0.0,0.0,0.0,0.49504950495049505,0.0,0.0,0.0,0.0,0.0,0.0
0,Family,Grandmother,10,0_0_0,0.05714285714285714,0.10810810810810811,1.0,0.8366336633663366,0.05714285714285714,0.0,0.0,0.0,0.0,0.0
0,Family,Grandmother,10,0_0_1,0.9428571428571428,0.88,0.825,0.9554455445544554,0.7857142857142857,0.3333333333333333,0.5,1.0,0.3333333333333333,0.3333333333333333
0,Family,Grandmother,10,0_1_0,0.9142857142857143,0.8,0.7111111111111111,0.9207920792079208,0.6666666666666666,0.0,0.0,0.0,0.0,0.0
0,Family,Grandmother,10,1_0_0,1.0,0.46357615894039733,0.3017241379310345,0.599009900990099,0.3017241379310345,1.0,1.0,1.0,1.0,1.0
0,Family,Grandmother,10,1_1_1,0.0,0.0,0.0,0.5148514851485149,0.0,0.0,0.0,0.0,0.0,0.0
0,Family,Grandmother,15,0_0_0,0.0,0.0,0.0,0.8267326732673267,0.0,0.0,0.0,0.0,0.0,0.0
0,Family,Grandmother,15,0_0_1,0.9142857142857143,0.8648648648648649,0.8205128205128205,0.9504950495049505,0.7619047619047619,0.4,0.5714285714285714,1.0,0.4,0.4
0,Family,Grandmother,15,0_1_0,0.8857142857142857,0.7654320987654321,0.6739130434782609,0.905940594059406,0.62,0.2,0.3333333333333333,1.0,0.2,0.2
0,Family,Grandmother,15,1_0_0,1.0,0.4666666666666667,0.30434782608695654,0.6039603960396039,0.30434782608695654,1.0,1.0,1.0,1.0,1.0
0,Family,Grandmother,15,1_1_1,0.0,0.0,0.0,0.5,0.0,0.0,0.0,0.0,0.0,0.0
0,Family,Grandmother,20,0_0_0,0.02857142857142857,0.05555555555555555,1.0,0.8316831683168316,0.02857142857142857,0.0,0.0,0.0,0.0,0.0
0,Family,Grandmother,20,0_0_1,0.9142857142857143,0.8533333333333334,0.8,0.9455445544554455,0.7441860465116279,0.5714285714285714,0.7272727272727273,1.0,0.5714285714285714,0.5714285714285714
0,Family,Grandmother,20,0_1_0,0.8285714285714286,0.7532467532467533,0.6904761904761905,0.905940594059406,0.6041666666666666,0.14285714285714285,0.25,1.0,0.14285714285714285,0.14285714285714285
0,Family,Grandmother,20,1_0_0,1.0,0.45751633986928103,0.2966101694915254,0.5891089108910891,0.2966101694915254,1.0,1.0,1.0,1.0,1.0
0,Family,Grandmother,20,1_1_1,0.0,0.0,0.0,0.504950495049505,0.0,0.0,0.0,0.0,0.0,0.0
0,Family,Grandmother,25,0_0_0,0.02857142857142857,0.05555555555555555,1.0,0.8316831683168316,0.02857142857142857,0.0,0.0,0.0,0.0,0.0
0,Family,Grandmother,25,0_0_1,0.8857142857142857,0.8378378378378378,0.7948717948717948,0.9405940594059405,0.7209302325581395,0.5,0.6666666666666666,1.0,0.5,0.5
0,Family,Grandmother,25,0_1_0,0.8,0.7466666666666667,0.7,0.905940594059406,0.5957446808510638,0.125,0.2222222222222222,1.0,0.125,0.125
0,Family,Grandmother,25,1_0_0,1.0,0.44871794871794873,0.2892561983471074,0.5742574257425742,0.2892561983471074,1.0,1.0,1.0,1.0,1.0
0,Family,Grandmother,25,1_1_1,0.0,0.0,0.0,0.5099009900990099,0.0,0.0,0.0,0.0,0.0,0.0
0,Family,Grandmother,30,0_0_0,0.05714285714285714,0.10810810810810811,1.0,0.8366336633663366,0.05714285714285714,0.0,0.0,0.0,0.0,0.0
0,Family,Grandmother,30,0_0_1,0.8,0.8235294117647058,0.8484848484848485,0.9405940594059405,0.7,0.3,0.46153846153846156,1.0,0.3,0.3
0,Family,Grandmother,30,0_1_0,0.7428571428571429,0.7027027027027027,0.6666666666666666,0.8910891089108911,0.5416666666666666,0.1,0.18181818181818182,1.0,0.1,0.1
0,Family,Grandmother,30,1_0_0,1.0,0.45161290322580644,0.2916666666666667,0.5792079207920792,0.2916666666666667,1.0,1.0,1.0,1.0,1.0
0,Family,Grandmother,30,1_1_1,0.02857142857142857,0.01904761904761905,0.014285714285714285,0.4900990099009901,0.009615384615384616,0.1,0.18181818181818182,1.0,0.1,0.1
0,Family,Grandmother,35,0_0_0,0.02857142857142857,0.05555555555555555,1.0,0.8316831683168316,0.02857142857142857,0.0,0.0,0.0,0.0,0.0
0,Family,Grandmother,35,0_0_1,0.7428571428571429,0.8,0.8666666666666667,0.9356435643564357,0.6666666666666666,0.25,0.4,1.0,0.25,0.25
0,Family,Grandmother,35,0_1_0,0.6571428571428571,0.6571428571428571,0.6571428571428571,0.8811881188118812,0.48936170212765956,0.0,0.0,0.0,0.0,0.0
0,Family,Grandmother,35,1_0_0,1.0,0.45454545454545453,0.29411764705882354,0.5841584158415841,0.29411764705882354,1.0,1.0,1.0,1.0,1.0
0,Family,Grandmother,35,1_1_1,0.02857142857142857,0.02,0.015384615384615385,0.5148514851485149,0.010101010101010102,0.08333333333333333,0.15384615384615385,1.0,0.08333333333333333,0.08333333333333333
0,Family,Grandmother,40,0_0_0,0.02857142857142857,0.05555555555555555,1.0,0.8316831683168316,0.02857142857142857,0.0,0.0,0.0,0.0,0.0
0,Family,Grandmother,40,0_0_1,0.6857142857142857,0.7741935483870968,0.8888888888888888,0.9306930693069307,0.631578947368421,0.21428571428571427,0.35294117647058826,1.0,0.21428571428571427,0.21428571428571427
0,Family,Grandmother,40,0_1_0,0.6,0.6461538461538462,0.7,0.8861386138613861,0.4772727272727273,0.0,0.0,0.0,0.0,0.0
0,Family,Grandmother,40,1_0_0,1.0,0.45454545454545453,0.29411764705882354,0.5841584158415841,0.29411764705882354,1.0,1.0,1.0,1.0,1.0
0,Family,Grandmother,40,1_1_1,0.0,0.0,0.0,0.4900990099009901,0.0,0.0,0.0,0.0,0.0,0.0
0,Family,Grandmother,45,0_0_0,0.02857142857142857,0.05555555555555555,1.0,0.8316831683168316,0.02857142857142857,0.0,0.0,0.0,0.0,0.0
0,Family,Grandmother,45,0_0_1,0.6571428571428571,0.7540983606557377,0.8846153846153846,0.9257425742574258,0.6052631578947368,0.2,0.3333333333333333,1.0,0.2,0.2
0,Family,Grandmother,45,0_1_0,0.5714285714285714,0.6349206349206349,0.7142857142857143,0.8861386138613861,0.46511627906976744,0.0,0.0,0.0,0.0,0.0
0,Family,Grandmother,45,1_0_0,1.0,0.45751633986928103,0.2966101694915254,0.5891089108910891,0.2966101694915254,1.0,1.0,1.0,1.0,1.0
0,Family,Grandmother,45,1_1_1,0.0,0.0,0.0,0.48514851485148514,0.0,0.0,0.0,0.0,0.0,0.0
0,Family,Grandmother,50,0_0_0,0.3142857142857143,0.4782608695652174,1.0,0.8811881188118812,0.3142857142857143,0.0,0.0,0.0,0.0,0.0
0,Family,Grandmother,50,0_0_1,0.5714285714285714,0.7142857142857143,0.9523809523809523,0.9207920792079208,0.5555555555555556,0.11764705882352941,0.21052631578947367,1.0,0.11764705882352941,0.11764705882352941
0,Family,Grandmother,50,0_1_0,0.5142857142857142,0.6792452830188679,1.0,0.9158415841584159,0.5142857142857142,0.0,0.0,0.0,0.0,0.0
0,Family,Grandmother,50,1_0_0,1.0,0.4827586206896552,0.3181818181818182,0.6287128712871287,0.3181818181818182,1.0,1.0,1.0,1.0,1.0
0,Family,Grandmother,50,1_1_1,0.02857142857142857,0.018867924528301886,0.014084507042253521,0.48514851485148514,0.009523809523809525,0.058823529411764705,0.1111111111111111,1.0,0.058823529411764705,0.058823529411764705
0,Family,Grandmother,55,0_0_0,0.2857142857142857,0.4444444444444444,1.0,0.8762376237623762,0.2857142857142857,0.0,0.0,0.0,0.0,0.0
0,Family,Grandmother,55,0_0_1,0.4857142857142857,0.6415094339622641,0.9444444444444444,0.905940594059406,0.4722222222222222,0.05263157894736842,0.1,1.0,0.05263157894736842,0.05263157894736842
0,Family,Grandmother,55,0_1_0,0.45714285714285713,0.6274509803921569,1.0,0.905940594059406,0.45714285714285713,0.0,0.0,0.0,0.0,0.0
0,Family,Grandmother,55,1_0_0,1.0,0.48951048951048953,0.32407407407407407,0.6386138613861386,0.32407407407407407,1.0,1.0,1.0,1.0,1.0
0,Family,Grandmother,55,1_1_1,0.0,0.0,0.0,0.49504950495049505,0.0,0.0,0.0,0.0,0.0,0.0
0,Family,Grandmother,60,0_0_0,0.11428571428571428,0.20512820512820512,1.0,0.8465346534653465,0.11428571428571428,0.0,0.0,0.0,0.0,0.0
0,Family,Grandmother,60,0_0_1,0.4,0.56,0.9333333333333333,0.8910891089108911,0.3888888888888889,0.0,0.0,0.0,0.0,0.0
0,Family,Grandmother,60,0_1_0,0.4,0.5714285714285714,1.0,0.8960396039603961,0.4,0.0,0.0,0.0,0.0,0.0
0,Family,Grandmother,60,1_0_0,1.0,0.48951048951048953,0.32407407407407407,0.6386138613861386,0.32407407407407407,1.0,1.0,1.0,1.0,1.0
0,Family,Grandmother,60,1_1_1,0.0,0.0,0.0,0.5148514851485149,0.0,0.0,0.0,0.0,0.0,0.0
0,Family,Grandmother,65,0_0_0,0.14285714285714285,0.25,1.0,0.8514851485148515,0.14285714285714285,0.0,0.0,0.0,0.0,0.0
0,Family,Grandmother,65,0_0_1,0.37142857142857144,0.5306122448979592,0.9285714285714286,0.8861386138613861,0.3611111111111111,0.0,0.0,0.0,0.0,0.0
0,Family,Grandmother,65,0_1_0,0.37142857142857144,0.5416666666666666,1.0,0.8910891089108911,0.37142857142857144,0.0,0.0,0.0,0.0,0.0
0,Family,Grandmother,65,1_0_0,1.0,0.49295774647887325,0.32710280373831774,0.6435643564356436,0.32710280373831774,1.0,1.0,1.0,1.0,1.0
0,Family,Grandmother,65,1_1_1,0.0,0.0,0.0,0.49504950495049505,0.0,0.0,0.0,0.0,0.0,0.0
0,Family,Grandmother,70,0_0_0,0.11428571428571428,0.20512820512820512,1.0,0.8465346534653465,0.11428571428571428,0.0,0.0,0.0,0.0,0.0
0,Family,Grandmother,70,0_0_1,0.3142857142857143,0.46808510638297873,0.9166666666666666,0.8762376237623762,0.3055555555555556,0.0,0.0,0.0,0.0,0.0
0,Family,Grandmother,70,0_1_0,0.3142857142857143,0.4782608695652174,1.0,0.8811881188118812,0.3142857142857143,0.0,0.0,0.0,0.0,0.0
0,Family,Grandmother,70,1_0_0,1.0,0.4827586206896552,0.3181818181818182,0.6287128712871287,0.3181818181818182,1.0,1.0,1.0,1.0,1.0
0,Family,Grandmother,70,1_1_1,0.0,0.0,0.0,0.5099009900990099,0.0,0.0,0.0,0.0,0.0,0.0
0,Family,Grandmother,75,0_0_0,0.11428571428571428,0.20512820512820512,1.0,0.8465346534653465,0.11428571428571428,0.0,0.0,0.0,0.0,0.0
0,Family,Grandmother,75,0_0_1,0.2571428571428571,0.4,0.9,0.8663366336633663,0.25,0.0,0.0,0.0,0.0,0.0
0,Family,Grandmother,75,0_1_0,0.2571428571428571,0.4090909090909091,1.0,0.8712871287128713,0.2571428571428571,0.0,0.0,0.0,0.0,0.0
0,Family,Grandmother,75,1_0_0,1.0,0.4794520547945205,0.3153153153153153,0.6237623762376238,0.3153153153153153,1.0,1.0,1.0,1.0,1.0
0,Family,Grandmother,75,1_1_1,0.0,0.0,0.0,0.4801980198019802,0.0,0.0,0.0,0.0,0.0,0.0
0,Family,Grandmother,80,0_0_0,0.02857142857142857,0.05555555555555555,1.0,0.8316831683168316,0.02857142857142857,0.0,0.0,0.0,0.0,0.0
0,Family,Grandmother,80,0_0_1,0.2,0.3333333333333333,1.0,0.8613861386138614,0.2,0.0,0.0,0.0,0.0,0.0
0,Family,Grandmother,80,0_1_0,0.2,0.3333333333333333,1.0,0.8613861386138614,0.2,0.0,0.0,0.0,0.0,0.0
0,Family,Grandmother,80,1_0_0,1.0,0.5,0.3333333333333333,0.6534653465346535,0.3333333333333333,1.0,1.0,1.0,1.0,1.0
0,Family,Grandmother,80,1_1_1,0.17142857142857143,0.10810810810810811,0.07894736842105263,0.5099009900990099,0.05714285714285714,0.21428571428571427,0.35294117647058826,1.0,0.21428571428571427,0.21428571428571427
0,Family,Grandson,0,0_0_0,0.7906976744186046,0.8831168831168831,1.0,0.9554455445544554,0.7906976744186046,,,,,
0,Family,Grandson,0,0_0_1,1.0,0.7818181818181819,0.6417910447761194,0.8811881188118812,0.6417910447761194,,,,,
0,Family,Grandson,0,0_1_0,1.0,0.7226890756302521,0.5657894736842105,0.8366336633663366,0.5657894736842105,,,,,
0,Family,Grandson,0,1_0_0,1.0,0.36134453781512604,0.2205128205128205,0.24752475247524752,0.2205128205128205,,,,,
0,Family,Grandson,0,1_1_1,0.0,0.0,0.0,0.32673267326732675,0.0,,,,,
0,Family,Grandson,5,0_0_0,0.7441860465116279,0.8533333333333334,1.0,0.9455445544554455,0.7441860465116279,0.0,0.0,0.0,0.0,0.0
0,Family,Grandson,5,0_0_1,1.0,0.819047619047619,0.6935483870967742,0.905940594059406,0.6935483870967742,1.0,1.0,1.0,1.0,1.0
0,Family,Grandson,5,0_1_0,1.0,0.7610619469026548,0.6142857142857143,0.8663366336633663,0.6142857142857143,1.0,1.0,1.0,1.0,1.0
0,Family,Grandson,5,1_0_0,1.0,0.3659574468085106,0.22395833333333334,0.2623762376237624,0.22395833333333334,1.0,1.0,1.0,1.0,1.0
0,Family,Grandson,5,1_1_1,0.0,0.0,0.0,0.3465346534653465,0.0,0.0,0.0,0.0,0.0,0.0
0,Family,Grandson,10,0_0_0,0.627906976744186,0.7714285714285715,1.0,0.9207920792079208,0.627906976744186,0.0,0.0,0.0,0.0,0.0
0,Family,Grandson,10,0_0_1,1.0,0.8113207547169812,0.6825396825396826,0.900990099009901,0.6825396825396826,1.0,1.0,1.0,1.0,1.0
0,Family,Grandson,10,0_1_0,0.9767441860465116,0.75,0.6086956521739131,0.8613861386138614,0.6,0.75,0.8571428571428571,1.0,0.75,0.75
0,Family,Grandson,10,1_0_0,1.0,0.3805309734513274,0.23497267759562843,0.3069306930693069,0.23497267759562843,1.0,1.0,1.0,1.0,1.0
0,Family,Grandson,10,1_1_1,0.0,0.0,0.0,0.26732673267326734,0.0,0.0,0.0,0.0,0.0,0.0
0,Family,Grandson,15,0_0_0,0.5348837209302325,0.696969696969697,1.0,0.900990099009901,0.5348837209302325,0.0,0.0,0.0,0.0,0.0
0,Family,Grandson,15,0_0_1,0.9302325581395349,0.8333333333333334,0.7547169811320755,0.9207920792079208,0.7142857142857143,0.5,0.6666666666666666,1.0,0.5,0.5
0,Family,Grandson,15,0_1_0,0.8837209302325582,0.8539325842696629,0.8260869565217391,0.9356435643564357,0.7450980392156863,0.16666666666666666,0.2857142857142857,1.0,0.16666666666666666,0.16666666666666666
0,Family,Grandson,15,1_0_0,1.0,0.39814814814814814,0.24855491329479767,0.3564356435643564,0.24855491329479767,1.0,1.0,1.0,1.0,1.0
0,Family,Grandson,15,1_1_1,0.0,0.0,0.0,0.29207920792079206,0.0,0.0,0.0,0.0,0.0,0.0
0,Family,Grandson,20,0_0_0,0.4418604651162791,0.6129032258064516,1.0,0.8811881188118812,0.4418604651162791,0.0,0.0,0.0,0.0,0.0
0,Family,Grandson,20,0_0_1,0.8837209302325582,0.8085106382978723,0.7450980392156863,0.9108910891089109,0.6785714285714286,0.375,0.5454545454545454,1.0,0.375,0.375
0,Family,Grandson,20,0_1_0,0.8837209302325582,0.8444444444444444,0.8085106382978723,0.9306930693069307,0.7307692307692307,0.375,0.5454545454545454,1.0,0.375,0.375
0,Family,Grandson,20,1_0_0,1.0,0.41148325358851673,0.25903614457831325,0.3910891089108911,0.25903614457831325,1.0,1.0,1.0,1.0,1.0
0,Family,Grandson,20,1_1_1,0.0,0.0,0.0,0.27722772277227725,0.0,0.0,0.0,0.0,0.0,0.0
0,Family,Grandson,25,0_0_0,0.5813953488372093,0.7352941176470589,1.0,0.9108910891089109,0.5813953488372093,0.0,0.0,0.0,0.0,0.0
0,Family,Grandson,25,0_0_1,0.8837209302325582,0.8260869565217391,0.7755102040816326,0.9207920792079208,0.7037037037037037,0.5,0.6666666666666666,1.0,0.5,0.5
0,Family,Grandson,25,0_1_0,0.8372093023255814,0.8780487804878049,0.9230769230769231,0.9504950495049505,0.782608695652174,0.3,0.46153846153846156,1.0,0.3,0.3
0,Family,Grandson,25,1_0_0,1.0,0.41148325358851673,0.25903614457831325,0.3910891089108911,0.25903614457831325,1.0,1.0,1.0,1.0,1.0
0,Family,Grandson,25,1_1_1,0.0,0.0,0.0,0.2871287128712871,0.0,0.0,0.0,0.0,0.0,0.0
0,Family,Grandson,30,0_0_0,0.46511627906976744,0.6349206349206349,1.0,0.8861386138613861,0.46511627906976744,0.0,0.0,0.0,0.0,0.0
0,Family,Grandson,30,0_0_1,0.8372093023255814,0.8,0.7659574468085106,0.9108910891089109,0.6666666666666666,0.4166666666666667,0.5882352941176471,1.0,0.4166666666666667,0.4166666666666667
0,Family,Grandson,30,0_1_0,0.7674418604651163,0.8571428571428571,0.9705882352941176,0.9455445544554455,0.75,0.16666666666666666,0.2857142857142857,1.0,0.16666666666666666,0.16666666666666666
0,Family,Grandson,30,1_0_0,1.0,0.41545893719806765,0.2621951219512195,0.400990099009901,0.2621951219512195,1.0,1.0,1.0,1.0,1.0
0,Family,Grandson,30,1_1_1,0.0,0.0,0.0,0.27722772277227725,0.0,0.0,0.0,0.0,0.0,0.0
0,Family,Grandson,35,0_0_0,0.3953488372093023,0.5666666666666667,1.0,0.8712871287128713,0.3953488372093023,0.0,0.0,0.0,0.0,0.0
0,Family,Grandson,35,0_0_1,0.8372093023255814,0.8181818181818182,0.8,0.9207920792079208,0.6923076923076923,0.5333333333333333,0.6956521739130435,1.0,0.5333333333333333,0.5333333333333333
0,Family,Grandson,35,0_1_0,0.6976744186046512,0.8,0.9375,0.9257425742574258,0.6666666666666666,0.13333333333333333,0.23529411764705882,1.0,0.13333333333333333,0.13333333333333333
0,Family,Grandson,35,1_0_0,1.0,0.43,0.27388535031847133,0.43564356435643564,0.27388535031847133,1.0,1.0,1.0,1.0,1.0
0,Family,Grandson,35,1_1_1,0.0,0.0,0.0,0.2871287128712871,0.0,0.0,0.0,0.0,0.0,0.0
0,Family,Grandson,40,0_0_0,0.0,0.0,0.0,0.7871287128712872,0.0,0.0,0.0,0.0,0.0,0.0
0,Family,Grandson,40,0_0_1,0.6511627906976745,0.7777777777777778,0.9655172413793104,0.9207920792079208,0.6363636363636364,0.11764705882352941,0.21052631578947367,1.0,0.11764705882352941,0.11764705882352941
0,Family,Grandson,40,0_1_0,0.627906976744186,0.75,0.9310344827586207,0.9108910891089109,0.6,0.058823529411764705,0.1111111111111111,1.0,0.058823529411764705,0.058823529411764705
0,Family,Grandson,40,1_0_0,1.0,0.35833333333333334,0.2182741116751269,0.2376237623762376,0.2182741116751269,1.0,1.0,1.0,1.0,1.0
0,Family,Grandson,40,1_1_1,0.23255813953488372,0.12987012987012986,0.09009009009009009,0.33663366336633666,0.06944444444444445,0.47058823529411764,0.64,1.0,0.47058823529411764,0.47058823529411764
0,Family,Grandson,45,0_0_0,0.0,0.0,0.0,0.7871287128712872,0.0,0.0,0.0,0.0,0.0,0.0
0,Family,Grandson,45,0_0_1,0.627906976744186,0.7605633802816901,0.9642857142857143,0.9158415841584159,0.6136363636363636,0.15789473684210525,0.2727272727272727,1.0,0.15789473684210525,0.15789473684210525
0,Family,Grandson,45,0_1_0,0.5581395348837209,0.7058823529411765,0.96,0.900990099009901,0.5454545454545454,0.0,0.0,0.0,0.0,0.0
0,Family,Grandson,45,1_0_0,1.0,0.35833333333333334,0.2182741116751269,0.2376237623762376,0.2182741116751269,1.0,1.0,1.0,1.0,1.0
0,Family,Grandson,45,1_1_1,0.18604651162790697,0.1103448275862069,0.0784313725490196,0.3613861386138614,0.058394160583941604,0.3157894736842105,0.48,1.0,0.3157894736842105,0.3157894736842105
0,Family,Grandson,50,0_0_0,0.0,0.0,0.0,0.7871287128712872,0.0,0.0,0.0,0.0,0.0,0.0
0,Family,Grandson,50,0_0_1,0.6046511627906976,0.7428571428571429,0.9629629629629629,0.9108910891089109,0.5909090909090909,0.19047619047619047,0.32,1.0,0.19047619047619047,0.19047619047619047
0,Family,Grandson,50,0_1_0,0.5116279069767442,0.6666666666666666,0.9565217391304348,0.8910891089108911,0.5,0.0,0.0,0.0,0.0,0.0
0,Family,Grandson,50,1_0_0,1.0,0.35390946502057613,0.215,0.22277227722772278,0.215,1.0,1.0,1.0,1.0,1.0
0,Family,Grandson,50,1_1_1,0.20930232558139536,0.11842105263157894,0.08256880733944955,0.33663366336633666,0.06293706293706294,0.3333333333333333,0.5,1.0,0.3333333333333333,0.3333333333333333
0,Family,Grandson,55,0_0_0,0.0,0.0,0.0,0.7871287128712872,0.0,0.0,0.0,0.0,0.0,0.0
0,Family,Grandson,55,0_0_1,0.6046511627906976,0.7428571428571429,0.9629629629629629,0.9108910891089109,0.5909090909090909,0.2608695652173913,0.41379310344827586,1.0,0.2608695652173913,0.2608695652173913
0,Family,Grandson,55,0_1_0,0.46511627906976744,0.625,0.9523809523809523,0.8811881188118812,0.45454545454545453,0.0,0.0,0.0,0.0,0.0
0,Family,Grandson,55,1_0_0,1.0,0.3524590163934426,0.21393034825870647,0.21782178217821782,0.21393034825870647,1.0,1.0,1.0,1.0,1.0
0,Family,Grandson,55,1_1_1,0.27906976744186046,0.1509433962264151,0.10344827586206896,0.3316831683168317,0.08163265306122448,0.4782608695652174,0.6470588235294118,1.0,0.4782608695652174,0.4782608695652174
0,Family,Grandson,60,0_0_0,0.0,0.0,0.0,0.7871287128712872,0.0,0.0,0.0,0.0,0.0,0.0
0,Family,Grandson,60,0_0_1,0.5348837209302325,0.6865671641791045,0.9583333333333334,0.8960396039603961,0.5227272727272727,0.2,0.3333333333333333,1.0,0.2,0.2
0,Family,Grandson,60,0_1_0,0.4186046511627907,0.5806451612903226,0.9473684210526315,0.8712871287128713,0.4090909090909091,0.0,0.0,0.0,0.0,0.0
0,Family,Grandson,60,1_0_0,1.0,0.3524590163934426,0.21393034825870647,0.21782178217821782,0.21393034825870647,1.0,1.0,1.0,1.0,1.0
0,Family,Grandson,60,1_1_1,0.16279069767441862,0.08917197452229299,0.06140350877192982,0.29207920792079206,0.04666666666666667,0.24,0.3870967741935484,1.0,0.24,0.24
0,Family,Grandson,65,0_0_0,0.0,0.0,0.0,0.7871287128712872,0.0,0.0,0.0,0.0,0.0,0.0
0,Family,Grandson,65,0_0_1,0.4883720930232558,0.6461538461538462,0.9545454545454546,0.8861386138613861,0.4772727272727273,0.18518518518518517,0.3125,1.0,0.18518518518518517,0.18518518518518517
0,Family,Grandson,65,0_1_0,0.37209302325581395,0.5333333333333333,0.9411764705882353,0.8613861386138614,0.36363636363636365,0.0,0.0,0.0,0.0,0.0
0,Family,Grandson,65,1_0_0,1.0,0.35537190082644626,0.21608040201005024,0.22772277227722773,0.21608040201005024,1.0,1.0,1.0,1.0,1.0
0,Family,Grandson,65,1_1_1,0.13953488372093023,0.07547169811320754,0.05172413793103448,0.2722772277227723,0.0392156862745098,0.18518518518518517,0.3125,1.0,0.18518518518518517,0.18518518518518517
0,Family,Grandson,70,0_0_0,0.0,0.0,0.0,0.7871287128712872,0.0,0.0,0.0,0.0,0.0,0.0
0,Family,Grandson,70,0_0_1,0.6976744186046512,0.6896551724137931,0.6818181818181818,0.8663366336633663,0.5263157894736842,0.5666666666666667,0.723404255319149,1.0,0.5666666666666667,0.5666666666666667
0,Family,Grandson,70,0_1_0,0.627906976744186,0.6585365853658537,0.6923076923076923,0.8613861386138614,0.4909090909090909,0.4666666666666667,0.6363636363636364,1.0,0.4666666666666667,0.4666666666666667
0,Family,Grandson,70,1_0_0,1.0,0.35537190082644626,0.21608040201005024,0.22772277227722773,0.21608040201005024,1.0,1.0,1.0,1.0,1.0
0,Family,Grandson,70,1_1_1,0.046511627906976744,0.03773584905660377,0.031746031746031744,0.49504950495049505,0.019230769230769232,0.06666666666666667,0.125,1.0,0.06666666666666667,0.06666666666666667
0,Family,Grandson,75,0_0_0,0.023255813953488372,0.045454545454545456,1.0,0.7920792079207921,0.023255813953488372,0.0,0.0,0.0,0.0,0.0
0,Family,Grandson,75,0_0_1,0.6046511627906976,0.5977011494252874,0.5909090909090909,0.8267326732673267,0.4262295081967213,0.46875,0.6382978723404256,1.0,0.46875,0.46875
0,Family,Grandson,75,0_1_0,0.5813953488372093,0.6666666666666666,0.78125,0.8762376237623762,0.5,0.4375,0.6086956521739131,1.0,0.4375,0.4375
0,Family,Grandson,75,1_0_0,1.0,0.35537190082644626,0.21608040201005024,0.22772277227722773,0.21608040201005024,1.0,1.0,1.0,1.0,1.0
0,Family,Grandson,75,1_1_1,0.23255813953488372,0.1282051282051282,0.08849557522123894,0.32673267326732675,0.0684931506849315,0.25,0.4,1.0,0.25,0.25
0,Family,Grandson,80,0_0_0,0.0,0.0,0.0,0.7871287128712872,0.0,0.0,0.0,0.0,0.0,0.0
0,Family,Grandson,80,0_0_1,0.2558139534883721,0.3728813559322034,0.6875,0.8168316831683168,0.22916666666666666,0.058823529411764705,0.1111111111111111,1.0,0.058823529411764705,0.058823529411764705
0,Family,Grandson,80,0_1_0,0.4186046511627907,0.5217391304347826,0.6923076923076923,0.8366336633663366,0.35294117647058826,0.2647058823529412,0.4186046511627907,1.0,0.2647058823529412,0.2647058823529412
0,Family,Grandson,80,1_0_0,1.0,0.37719298245614036,0.23243243243243245,0.297029702970297,0.23243243243243245,1.0,1.0,1.0,1.0,1.0
0,Family,Grandson,80,1_1_1,0.627906976744186,0.24434389140271492,0.15168539325842698,0.17326732673267325,0.13917525773195877,0.6764705882352942,0.8070175438596491,1.0,0.6764705882352942,0.6764705882352942
0,Family,Mother,0,0_0_0,0.26666666666666666,0.42105263157894735,1.0,0.7821782178217822,0.26666666666666666,,,,,
0,Family,Mother,0,0_0_1,1.0,0.8571428571428571,0.75,0.900990099009901,0.75,,,,,
0,Family,Mother,0,0_1_0,1.0,0.8823529411764706,0.7894736842105263,0.9207920792079208,0.7894736842105263,,,,,
0,Family,Mother,0,1_0_0,1.0,0.5581395348837209,0.3870967741935484,0.5297029702970297,0.3870967741935484,,,,,
0,Family,Mother,0,1_1_1,0.15,0.14173228346456693,0.13432835820895522,0.4603960396039604,0.07627118644067797,,,,,
0,Family,Mother,5,0_0_0,0.21666666666666667,0.3561643835616438,1.0,0.7673267326732673,0.21666666666666667,0.0,0.0,0.0,0.0,0.0
0,Family,Mother,5,0_0_1,0.9666666666666667,0.9586776859504132,0.9508196721311475,0.9752475247524752,0.9206349206349206,0.3333333333333333,0.5,1.0,0.3333333333333333,0.3333333333333333
0,Family,Mother,5,0_1_0,0.9833333333333333,0.8368794326241135,0.7283950617283951,0.8861386138613861,0.7195121951219512,0.6666666666666666,0.8,1.0,0.6666666666666666,0.6666666666666666
0,Family,Mother,5,1_0_0,1.0,0.6282722513089005,0.4580152671755725,0.6485148514851485,0.4580152671755725,1.0,1.0,1.0,1.0,1.0
0,Family,Mother,5,1_1_1,0.13333333333333333,0.14953271028037382,0.1702127659574468,0.5495049504950495,0.08080808080808081,0.3333333333333333,0.5,1.0,0.3333333333333333,0.3333333333333333
0,Family,Mother,10,0_0_0,0.2,0.3333333333333333,1.0,0.7623762376237624,0.2,0.0,0.0,0.0,0.0,0.0
0,Family,Mother,10,0_0_1,0.9333333333333333,0.9411764705882353,0.9491525423728814,0.9653465346534653,0.8888888888888888,0.3333333333333333,0.5,1.0,0.3333333333333333,0.3333333333333333
0,Family,Mother,10,0_1_0,0.9666666666666667,0.8529411764705882,0.7631578947368421,0.900990099009901,0.7435897435897436,0.6666666666666666,0.8,1.0,0.6666666666666666,0.6666666666666666
0,Family,Mother,10,1_0_0,1.0,0.5607476635514018,0.38961038961038963,0.5346534653465347,0.38961038961038963,1.0,1.0,1.0,1.0,1.0
0,Family,Mother,10,1_1_1,0.15,0.16981132075471697,0.1956521739130435,0.5643564356435643,0.09278350515463918,0.5,0.6666666666666666,1.0,0.5,0.5
0,Family,Mother,15,0_0_0,0.11666666666666667,0.208955223880597,1.0,0.7376237623762376,0.11666666666666667,0.0,0.0,0.0,0.0,0.0
0,Family,Mother,15,0_0_1,0.9,0.9230769230769231,0.9473684210526315,0.9554455445544554,0.8571428571428571,0.3333333333333333,0.5,1.0,0.3333333333333333,0.3333333333333333
0,Family,Mother,15,0_1_0,0.95,0.8636363636363636,0.7916666666666666,0.9108910891089109,0.76,0.6666666666666666,0.8,1.0,0.6666666666666666,0.6666666666666666
0,Family,Mother,15,1_0_0,1.0,0.49382716049382713,0.32786885245901637,0.3910891089108911,0.32786885245901637,1.0,1.0,1.0,1.0,1.0
0,Family,Mother,15,1_1_1,0.2,0.21428571428571427,0.23076923076923078,0.5643564356435643,0.12,0.6666666666666666,0.8,1.0,0.6666666666666666,0.6666666666666666
0,Family,Mother,20,0_0_0,0.0,0.0,0.0,0.7029702970297029,0.0,0.0,0.0,0.0,0.0,0.0
0,Family,Mother,20,0_0_1,0.9,0.8852459016393442,0.8709677419354839,0.9306930693069307,0.7941176470588235,0.5,0.6666666666666666,1.0,0.5,0.5
0,Family,Mother,20,0_1_0,0.95,0.8769230769230769,0.8142857142857143,0.9207920792079208,0.7808219178082192,0.75,0.8571428571428571,1.0,0.75,0.75
0,Family,Mother,20,1_0_0,1.0,0.6,0.42857142857142855,0.6039603960396039,0.42857142857142855,1.0,1.0,1.0,1.0,1.0
0,Family,Mother,20,1_1_1,0.45,0.2983425414364641,0.2231404958677686,0.3712871287128713,0.17532467532467533,0.5833333333333334,0.7368421052631579,1.0,0.5833333333333334,0.5833333333333334
0,Family,Mother,25,0_0_0,0.03333333333333333,0.06451612903225806,1.0,0.7128712871287128,0.03333333333333333,0.0,0.0,0.0,0.0,0.0
0,Family,Mother,25,0_0_1,0.8833333333333333,0.8153846153846154,0.7571428571428571,0.8811881188118812,0.6883116883116883,0.5333333333333333,0.6956521739130435,1.0,0.5333333333333333,0.5333333333333333
0,Family,Mother,25,0_1_0,0.95,0.8142857142857143,0.7125,0.8712871287128713,0.6867469879518072,0.8,0.8888888888888888,1.0,0.8,0.8
0,Family,Mother,25,1_0_0,1.0,0.5405405405405406,0.37037037037037035,0.49504950495049505,0.37037037037037035,1.0,1.0,1.0,1.0,1.0
0,Family,Mother,25,1_1_1,0.5166666666666667,0.6666666666666666,0.9393939393939394,0.8465346534653465,0.5,0.26666666666666666,0.42105263157894735,1.0,0.26666666666666666,0.26666666666666666
0,Family,Mother,30,0_0_0,0.13333333333333333,0.23529411764705882,1.0,0.7425742574257426,0.13333333333333333,0.0,0.0,0.0,0.0,0.0
0,Family,Mother,30,0_0_1,0.85,0.7906976744186046,0.7391304347826086,0.8663366336633663,0.6538461538461539,0.5,0.6666666666666666,1.0,0.5,0.5
0,Family,Mother,30,0_1_0,0.95,0.8201438848920863,0.7215189873417721,0.8762376237623762,0.6951219512195121,0.8333333333333334,0.9090909090909091,1.0,0.8333333333333334,0.8333333333333334
0,Family,Mother,30,1_0_0,1.0,0.5172413793103449,0.3488372093023256,0.44554455445544555,0.3488372093023256,1.0,1.0,1.0,1.0,1.0
0,Family,Mother,30,1_1_1,0.06666666666666667,0.04819277108433735,0.03773584905660377,0.21782178217821782,0.024691358024691357,0.2222222222222222,0.36363636363636365,1.0,0.2222222222222222,0.2222222222222222
0,Family,Mother,35,0_0_0,0.08333333333333333,0.15384615384615385,1.0,0.7277227722772277,0.08333333333333333,0.0,0.0,0.0,0.0,0.0
0,Family,Mother,35,0_0_1,0.8166666666666667,0.784,0.7538461538461538,0.8663366336633663,0.6447368421052632,0.47619047619047616,0.6451612903225806,1.0,0.47619047619047616,0.47619047619047616
0,Family,Mother,35,0_1_0,0.9166666666666666,0.7913669064748201,0.6962025316455697,0.8564356435643564,0.6547619047619048,0.7619047619047619,0.8648648648648649,1.0,0.7619047619047619,0.7619047619047619
0,Family,Mother,35,1_0_0,1.0,0.49382716049382713,0.32786885245901637,0.3910891089108911,0.32786885245901637,1.0,1.0,1.0,1.0,1.0
0,Family,Mother,35,1_1_1,0.05,0.037267080745341616,0.0297029702970297,0.23267326732673269,0.0189873417721519,0.14285714285714285,0.25,1.0,0.14285714285714285,0.14285714285714285
0,Family,Mother,40,0_0_0,0.03333333333333333,0.06451612903225806,1.0,0.7128712871287128,0.03333333333333333,0.0,0.0,0.0,0.0,0.0
0,Family,Mother,40,0_0_1,0.7833333333333333,0.8103448275862069,0.8392857142857143,0.8910891089108911,0.6811594202898551,0.4583333333333333,0.6285714285714286,1.0,0.4583333333333333,0.4583333333333333
0,Family,Mother,40,0_1_0,0.75,0.8108108108108109,0.8823529411764706,0.8960396039603961,0.6818181818181818,0.375,0.5454545454545454,1.0,0.375,0.375
0,Family,Mother,40,1_0_0,1.0,0.4743083003952569,0.31088082901554404,0.3415841584158416,0.31088082901554404,1.0,1.0,1.0,1.0,1.0
0,Family,Mother,40,1_1_1,0.2,0.3157894736842105,0.75,0.7425742574257426,0.1875,0.08333333333333333,0.15384615384615385,1.0,0.08333333333333333,0.08333333333333333
0,Family,Mother,45,0_0_0,0.016666666666666666,0.03278688524590164,1.0,0.7079207920792079,0.016666666666666666,0.0,0.0,0.0,0.0,0.0
0,Family,Mother,45,0_0_1,0.6666666666666666,0.7692307692307693,0.9090909090909091,0.8811881188118812,0.625,0.25925925925925924,0.4117647058823529,1.0,0.25925925925925924,0.25925925925925924
0,Family,Mother,45,0_1_0,0.8333333333333334,0.819672131147541,0.8064516129032258,0.8910891089108911,0.6944444444444444,0.6296296296296297,0.7727272727272727,1.0,0.6296296296296297,0.6296296296296297
0,Family,Mother,45,1_0_0,1.0,0.5042016806722689,0.33707865168539325,0.4158415841584158,0.33707865168539325,1.0,1.0,1.0,1.0,1.0
0,Family,Mother,45,1_1_1,0.25,0.36585365853658536,0.6818181818181818,0.7425742574257426,0.22388059701492538,0.2222222222222222,0.36363636363636365,1.0,0.2222222222222222,0.2222222222222222
0,Family,Mother,50,0_0_0,0.0,0.0,0.0,0.7029702970297029,0.0,0.0,0.0,0.0,0.0,0.0
0,Family,Mother,50,0_0_1,0.6,0.7422680412371134,0.972972972972973,0.8762376237623762,0.5901639344262295,0.2,0.3333333333333333,1.0,0.2,0.2
0,Family,Mother,50,0_1_0,0.7333333333333333,0.8148148148148148,0.9166666666666666,0.900990099009901,0.6875,0.4666666666666667,0.6363636363636364,1.0,0.4666666666666667,0.4666666666666667
0,Family,Mother,50,1_0_0,1.0,0.6557377049180327,0.4878048780487805,0.6881188118811881,0.4878048780487805,1.0,1.0,1.0,1.0,1.0
0,Family,Mother,50,1_1_1,0.8666666666666667,0.6265060240963856,0.49056603773584906,0.693069306930693,0.45614035087719296,0.8333333333333334,0.9090909090909091,1.0,0.8333333333333334,0.8333333333333334
0,Family,Mother,55,0_0_0,0.0,0.0,0.0,0.7029702970297029,0.0,0.0,0.0,0.0,0.0,0.0
0,Family,Mother,55,0_0_1,0.5166666666666667,0.6813186813186813,1.0,0.8564356435643564,0.5166666666666667,0.12121212121212122,0.21621621621621623,1.0,0.12121212121212122,0.12121212121212122
0,Family,Mother,55,0_1_0,0.75,0.8108108108108109,0.8823529411764706,0.8960396039603961,0.6818181818181818,0.5454545454545454,0.7058823529411765,1.0,0.5454545454545454,0.5454545454545454
0,Family,Mother,55,1_0_0,1.0,0.6666666666666666,0.5,0.7029702970297029,0.5,1.0,1.0,1.0,1.0,1.0
0,Family,Mother,55,1_1_1,0.8166666666666667,0.5868263473053892,0.45794392523364486,0.6584158415841584,0.4152542372881356,0.7575757575757576,0.8620689655172413,1.0,0.7575757575757576,0.7575757575757576
0,Family,Mother,60,0_0_0,0.0,0.0,0.0,0.7029702970297029,0.0,0.0,0.0,0.0,0.0,0.0
0,Family,Mother,60,0_0_1,0.48333333333333334,0.6444444444444445,0.9666666666666667,0.8415841584158416,0.47540983606557374,0.1388888888888889,0.24390243902439024,1.0,0.1388888888888889,0.1388888888888889
0,Family,Mother,60,0_1_0,0.6666666666666666,0.7766990291262136,0.9302325581395349,0.8861386138613861,0.6349206349206349,0.4444444444444444,0.6153846153846154,1.0,0.4444444444444444,0.4444444444444444
0,Family,Mother,60,1_0_0,0.9833333333333333,0.6310160427807486,0.4645669291338583,0.6584158415841584,0.4609375,0.9722222222222222,0.9859154929577465,1.0,0.9722222222222222,0.9722222222222222
0,Family,Mother,60,1_1_1,0.3333333333333333,0.47619047619047616,0.8333333333333334,0.7821782178217822,0.3125,0.19444444444444445,0.32558139534883723,1.0,0.19444444444444445,0.19444444444444445
0,Family,Mother,65,0_0_0,0.0,0.0,0.0,0.7029702970297029,0.0,0.0,0.0,0.0,0.0,0.0
0,Family,Mother,65,0_0_1,0.43333333333333335,0.5977011494252874,0.9629629629629629,0.8267326732673267,0.4262295081967213,0.1282051282051282,0.22727272727272727,1.0,0.1282051282051282,0.1282051282051282
0,Family,Mother,65,0_1_0,0.5833333333333334,0.7142857142857143,0.9210526315789473,0.8613861386138614,0.5555555555555556,0.358974358974359,0.5283018867924528,1.0,0.358974358974359,0.358974358974359
0,Family,Mother,65,1_0_0,1.0,0.6486486486486487,0.48,0.6782178217821783,0.48,1.0,1.0,1.0,1.0,1.0
0,Family,Mother,65,1_1_1,0.2,0.3157894736842105,0.75,0.7425742574257426,0.1875,0.1282051282051282,0.22727272727272727,1.0,0.1282051282051282,0.1282051282051282
0,Family,Mother,70,0_0_0,0.0,0.0,0.0,0.7029702970297029,0.0,0.0,0.0,0.0,0.0,0.0
0,Family,Mother,70,0_0_1,0.35,0.5121951219512195,0.9545454545454546,0.801980198019802,0.3442622950819672,0.07142857142857142,0.13333333333333333,1.0,0.07142857142857142,0.07142857142857142
0,Family,Mother,70,0_1_0,0.5833333333333334,0.7368421052631579,1.0,0.8762376237623762,0.5833333333333334,0.40476190476190477,0.576271186440678,1.0,0.40476190476190477,0.40476190476190477
0,Family,Mother,70,1_0_0,1.0,0.6557377049180327,0.4878048780487805,0.6881188118811881,0.4878048780487805,1.0,1.0,1.0,1.0,1.0
0,Family,Mother,70,1_1_1,0.31666666666666665,0.4523809523809524,0.7916666666666666,0.7722772277227723,0.2923076923076923,0.2619047619047619,0.41509433962264153,1.0,0.2619047619047619,0.2619047619047619
0,Family,Mother,75,0_0_0,0.0,0.0,0.0,0.7029702970297029,0.0,0.0,0.0,0.0,0.0,0.0
0,Family,Mother,75,0_0_1,0.31666666666666665,0.4810126582278481,1.0,0.7970297029702971,0.31666666666666665,0.08888888888888889,0.16326530612244897,1.0,0.08888888888888889,0.08888888888888889
0,Family,Mother,75,0_1_0,0.4666666666666667,0.6292134831460674,0.9655172413793104,0.8366336633663366,0.45901639344262296,0.28888888888888886,0.4482758620689655,1.0,0.28888888888888886,0.28888888888888886
0,Family,Mother,75,1_0_0,1.0,0.625,0.45454545454545453,0.6435643564356436,0.45454545454545453,1.0,1.0,1.0,1.0,1.0
0,Family,Mother,75,1_1_1,0.7,0.5316455696202531,0.42857142857142855,0.6336633663366337,0.3620689655172414,0.6444444444444445,0.7837837837837838,1.0,0.6444444444444445,0.6444444444444445
0,Family,Mother,80,0_0_0,0.08333333333333333,0.15384615384615385,1.0,0.7277227722772277,0.08333333333333333,0.0,0.0,0.0,0.0,0.0
0,Family,Mother,80,0_0_1,0.2,0.3287671232876712,0.9230769230769231,0.7574257425742574,0.19672131147540983,0.0,0.0,0.0,0.0,0.0
0,Family,Mother,80,0_1_0,0.55,0.5892857142857143,0.6346153846153846,0.7722772277227723,0.4177215189873418,0.4375,0.6086956521739131,1.0,0.4375,0.4375
0,Family,Mother,80,1_0_0,1.0,0.5825242718446602,0.410958904109589,0.5742574257425742,0.410958904109589,1.0,1.0,1.0,1.0,1.0
0,Family,Mother,80,1_1_1,0.016666666666666666,0.021739130434782608,0.03125,0.5544554455445545,0.01098901098901099,0.020833333333333332,0.04081632653061224,1.0,0.020833333333333332,0.020833333333333332
0,Family,Sister,0,0_0_0,0.14285714285714285,0.25,1.0,0.8217821782178217,0.14285714285714285,,,,,
0,Family,Sister,0,0_0_1,1.0,0.9230769230769231,0.8571428571428571,0.9653465346534653,0.8571428571428571,,,,,
0,Family,Sister,0,0_1_0,1.0,0.8076923076923077,0.6774193548387096,0.900990099009901,0.6774193548387096,,,,,
0,Family,Sister,0,1_0_0,1.0,0.34854771784232363,0.21105527638190955,0.22277227722772278,0.21105527638190955,,,,,
0,Family,Sister,0,1_1_1,0.11904761904761904,0.078125,0.05813953488372093,0.4158415841584158,0.04065040650406504,,,,,
0,Family,Sister,5,0_0_0,0.19047619047619047,0.32,1.0,0.8316831683168316,0.19047619047619047,0.0,0.0,0.0,0.0,0.0
0,Family,Sister,5,0_0_1,0.9761904761904762,0.9010989010989011,0.8367346938775511,0.9554455445544554,0.82,0.5,0.6666666666666666,1.0,0.5,0.5
0,Family,Sister,5,0_1_0,1.0,0.8235294117647058,0.7,0.9108910891089109,0.7,1.0,1.0,1.0,1.0,1.0
0,Family,Sister,5,1_0_0,1.0,0.35443037974683544,0.2153846153846154,0.24257425742574257,0.2153846153846154,1.0,1.0,1.0,1.0,1.0
0,Family,Sister,5,1_1_1,0.14285714285714285,0.09302325581395349,0.06896551724137931,0.4207920792079208,0.04878048780487805,1.0,1.0,1.0,1.0,1.0
0,Family,Sister,10,0_0_0,0.16666666666666666,0.2857142857142857,1.0,0.8267326732673267,0.16666666666666666,0.0,0.0,0.0,0.0,0.0
0,Family,Sister,10,0_0_1,0.9523809523809523,0.8888888888888888,0.8333333333333334,0.9504950495049505,0.8,0.5,0.6666666666666666,1.0,0.5,0.5
0,Family,Sister,10,0_1_0,1.0,0.8235294117647058,0.7,0.9108910891089109,0.7,1.0,1.0,1.0,1.0,1.0
0,Family,Sister,10,1_0_0,1.0,0.358974358974359,0.21875,0.25742574257425743,0.21875,1.0,1.0,1.0,1.0,1.0
0,Family,Sister,10,1_1_1,0.16666666666666666,0.10218978102189781,0.07368421052631578,0.3910891089108911,0.05384615384615385,0.75,0.8571428571428571,1.0,0.75,0.75
0,Family,Sister,15,0_0_0,0.19047619047619047,0.32,1.0,0.8316831683168316,0.19047619047619047,0.0,0.0,0.0,0.0,0.0
0,Family,Sister,15,0_0_1,0.9523809523809523,0.9302325581395349,0.9090909090909091,0.9702970297029703,0.8695652173913043,0.6666666666666666,0.8,1.0,0.6666666666666666,0.6666666666666666
0,Family,Sister,15,0_1_0,1.0,0.8076923076923077,0.6774193548387096,0.900990099009901,0.6774193548387096,1.0,1.0,1.0,1.0,1.0
0,Family,Sister,15,1_0_0,1.0,0.3684210526315789,0.22580645161290322,0.2871287128712871,0.22580645161290322,1.0,1.0,1.0,1.0,1.0
0,Family,Sister,15,1_1_1,0.14285714285714285,0.09230769230769231,0.06818181818181818,0.4158415841584158,0.04838709677419355,0.5,0.6666666666666666,1.0,0.5,0.5
0,Family,Sister,20,0_0_0,0.16666666666666666,0.2857142857142857,1.0,0.8267326732673267,0.16666666666666666,0.0,0.0,0.0,0.0,0.0
0,Family,Sister,20,0_0_1,0.9523809523809523,0.963855421686747,0.975609756097561,0.9851485148514851,0.9302325581395349,0.75,0.8571428571428571,1.0,0.75,0.75
0,Family,Sister,20,0_1_0,1.0,0.84,0.7241379310344828,0.9207920792079208,0.7241379310344828,1.0,1.0,1.0,1.0,1.0
0,Family,Sister,20,1_0_0,1.0,0.3870967741935484,0.24,0.3415841584158416,0.24,1.0,1.0,1.0,1.0,1.0
0,Family,Sister,20,1_1_1,0.14285714285714285,0.08888888888888889,0.06451612903225806,0.3910891089108911,0.046511627906976744,0.5,0.6666666666666666,1.0,0.5,0.5
0,Family,Sister,25,0_0_0,0.16666666666666666,0.2857142857142857,1.0,0.8267326732673267,0.16666666666666666,0.0,0.0,0.0,0.0,0.0
0,Family,Sister,25,0_0_1,0.9047619047619048,0.9382716049382716,0.9743589743589743,0.9752475247524752,0.8837209302325582,0.6,0.75,1.0,0.6,0.6
0,Family,Sister,25,0_1_0,1.0,0.8571428571428571,0.75,0.9306930693069307,0.75,1.0,1.0,1.0,1.0,1.0
0,Family,Sister,25,1_0_0,1.0,0.3652173913043478,0.22340425531914893,0.27722772277227725,0.22340425531914893,1.0,1.0,1.0,1.0,1.0
0,Family,Sister,25,1_1_1,0.11904761904761904,0.07352941176470588,0.05319148936170213,0.37623762376237624,0.03816793893129771,0.3,0.46153846153846156,1.0,0.3,0.3
0,Family,Sister,30,0_0_0,0.09523809523809523,0.17391304347826086,1.0,0.8118811881188119,0.09523809523809523,0.0,0.0,0.0,0.0,0.0
0,Family,Sister,30,0_0_1,0.8571428571428571,0.9113924050632911,0.972972972972973,0.9653465346534653,0.8372093023255814,0.5,0.6666666666666666,1.0,0.5,0.5
0,Family,Sister,30,0_1_0,1.0,0.875,0.7777777777777778,0.9405940594059405,0.7777777777777778,1.0,1.0,1.0,1.0,1.0
0,Family,Sister,30,1_0_0,1.0,0.3620689655172414,0.22105263157894736,0.26732673267326734,0.22105263157894736,1.0,1.0,1.0,1.0,1.0
0,Family,Sister,30,1_1_1,0.09523809523809523,0.056338028169014086,0.04,0.33663366336633666,0.028985507246376812,0.3333333333333333,0.5,1.0,0.3333333333333333,0.3333333333333333
0,Family,Sister,35,0_0_0,0.23809523809523808,0.38461538461538464,1.0,0.8415841584158416,0.23809523809523808,0.0,0.0,0.0,0.0,0.0
0,Family,Sister,35,0_0_1,1.0,0.7241379310344828,0.5675675675675675,0.8415841584158416,0.5675675675675675,1.0,1.0,1.0,1.0,1.0
0,Family,Sister,35,0_1_0,1.0,0.6511627906976745,0.4827586206896552,0.7772277227722773,0.4827586206896552,1.0,1.0,1.0,1.0,1.0
0,Family,Sister,35,1_0_0,1.0,0.345679012345679,0.208955223880597,0.21287128712871287,0.208955223880597,1.0,1.0,1.0,1.0,1.0
0,Family,Sister,35,1_1_1,0.47619047619047616,0.28368794326241137,0.20202020202020202,0.5,0.1652892561983471,0.7857142857142857,0.88,1.0,0.7857142857142857,0.7857142857142857
0,Family,Sister,40,0_0_0,0.2619047619047619,0.41509433962264153,1.0,0.8465346534653465,0.2619047619047619,0.0,0.0,0.0,0.0,0.0
0,Family,Sister,40,0_0_1,1.0,0.6885245901639344,0.525,0.8118811881188119,0.525,1.0,1.0,1.0,1.0,1.0
0,Family,Sister,40,0_1_0,1.0,0.672,0.5060240963855421,0.7970297029702971,0.5060240963855421,1.0,1.0,1.0,1.0,1.0
0,Family,Sister,40,1_0_0,1.0,0.35294117647058826,0.21428571428571427,0.2376237623762376,0.21428571428571427,1.0,1.0,1.0,1.0,1.0
0,Family,Sister,40,1_1_1,1.0,0.37333333333333335,0.22950819672131148,0.30198019801980197,0.22950819672131148,1.0,1.0,1.0,1.0,1.0
0,Family,Sister,45,0_0_0,0.16666666666666666,0.2857142857142857,1.0,0.8267326732673267,0.16666666666666666,0.0,0.0,0.0,0.0,0.0
0,Family,Sister,45,0_0_1,0.9285714285714286,0.7358490566037735,0.609375,0.8613861386138614,0.582089552238806,0.8333333333333334,0.9090909090909091,1.0,0.8333333333333334,0.8333333333333334
0,Family,Sister,45,0_1_0,1.0,0.7567567567567568,0.6086956521739131,0.8663366336633663,0.6086956521739131,1.0,1.0,1.0,1.0,1.0
0,Family,Sister,45,1_0_0,1.0,0.38009049773755654,0.2346368715083799,0.3217821782178218,0.2346368715083799,1.0,1.0,1.0,1.0,1.0
0,Family,Sister,45,1_1_1,0.19047619047619047,0.12307692307692308,0.09090909090909091,0.43564356435643564,0.06557377049180328,0.3888888888888889,0.56,1.0,0.3888888888888889,0.3888888888888889
0,Family,Sister,50,0_0_0,0.5,0.6666666666666666,1.0,0.8960396039603961,0.5,0.0,0.0,0.0,0.0,0.0
0,Family,Sister,50,0_0_1,1.0,0.6614173228346457,0.49411764705882355,0.7871287128712872,0.49411764705882355,1.0,1.0,1.0,1.0,1.0
0,Family,Sister,50,0_1_0,0.9285714285714286,0.6724137931034483,0.527027027027027,0.8118811881188119,0.5064935064935064,0.8571428571428571,0.9230769230769231,1.0,0.8571428571428571,0.8571428571428571
0,Family,Sister,50,1_0_0,1.0,0.34854771784232363,0.21105527638190955,0.22277227722772278,0.21105527638190955,1.0,1.0,1.0,1.0,1.0
0,Family,Sister,50,1_1_1,0.0,0.0,0.0,0.693069306930693,0.0,0.0,0.0,0.0,0.0,0.0
0,Family,Sister,55,0_0_0,0.4523809523809524,0.6229508196721312,1.0,0.8861386138613861,0.4523809523809524,0.0,0.0,0.0,0.0,0.0
0,Family,Sister,55,0_0_1,1.0,0.7,0.5384615384615384,0.8217821782178217,0.5384615384615384,1.0,1.0,1.0,1.0,1.0
0,Family,Sister,55,0_1_0,0.9047619047619048,0.6785714285714286,0.5428571428571428,0.8217821782178217,0.5135135135135135,0.8260869565217391,0.9047619047619048,1.0,0.8260869565217391,0.8260869565217391
0,Family,Sister,55,1_0_0,1.0,0.34854771784232363,0.21105527638190955,0.22277227722772278,0.21105527638190955,1.0,1.0,1.0,1.0,1.0
0,Family,Sister,55,1_1_1,0.023809523809523808,0.03333333333333333,0.05555555555555555,0.7128712871287128,0.01694915254237288,0.0,0.0,0.0,0.0,0.0
0,Family,Sister,60,0_0_0,0.38095238095238093,0.5517241379310345,1.0,0.8712871287128713,0.38095238095238093,0.0,0.0,0.0,0.0,0.0
0,Family,Sister,60,0_0_1,1.0,0.7241379310344828,0.5675675675675675,0.8415841584158416,0.5675675675675675,1.0,1.0,1.0,1.0,1.0
0,Family,Sister,60,0_1_0,0.8571428571428571,0.6990291262135923,0.5901639344262295,0.8465346534653465,0.5373134328358209,0.76,0.8636363636363636,1.0,0.76,0.76
0,Family,Sister,60,1_0_0,1.0,0.34854771784232363,0.21105527638190955,0.22277227722772278,0.21105527638190955,1.0,1.0,1.0,1.0,1.0
0,Family,Sister,60,1_1_1,0.047619047619047616,0.06451612903225806,0.1,0.7128712871287128,0.03333333333333333,0.04,0.07692307692307693,1.0,0.04,0.04
0,Family,Sister,65,0_0_0,0.2857142857142857,0.4444444444444444,1.0,0.8514851485148515,0.2857142857142857,0.0,0.0,0.0,0.0,0.0
0,Family,Sister,65,0_0_1,0.9285714285714286,0.65,0.5,0.7920792079207921,0.48148148148148145,0.8888888888888888,0.9411764705882353,1.0,0.8888888888888888,0.8888888888888888
0,Family,Sister,65,0_1_0,0.7380952380952381,0.7126436781609196,0.6888888888888889,0.8762376237623762,0.5535714285714286,0.5925925925925926,0.7441860465116279,1.0,0.5925925925925926,0.5925925925925926
0,Family,Sister,65,1_0_0,1.0,0.36681222707423583,0.22459893048128343,0.28217821782178215,0.22459893048128343,1.0,1.0,1.0,1.0,1.0
0,Family,Sister,65,1_1_1,0.38095238095238093,0.25396825396825395,0.19047619047619047,0.5346534653465347,0.14545454545454545,0.2222222222222222,0.36363636363636365,1.0,0.2222222222222222,0.2222222222222222
0,Family,Sister,70,0_0_0,0.23809523809523808,0.38461538461538464,1.0,0.8415841584158416,0.23809523809523808,0.0,0.0,0.0,0.0,0.0
0,Family,Sister,70,0_0_1,0.9761904761904762,0.6666666666666666,0.5061728395061729,0.7970297029702971,0.5,0.9655172413793104,0.9824561403508771,1.0,0.9655172413793104,0.9655172413793104
0,Family,Sister,70,0_1_0,0.7619047619047619,0.7272727272727273,0.6956521739130435,0.8811881188118812,0.5714285714285714,0.6551724137931034,0.7916666666666666,1.0,0.6551724137931034,0.6551724137931034
0,Family,Sister,70,1_0_0,1.0,0.37168141592920356,0.22826086956521738,0.297029702970297,0.22826086956521738,1.0,1.0,1.0,1.0,1.0
0,Family,Sister,70,1_1_1,0.35714285714285715,0.2542372881355932,0.19736842105263158,0.5643564356435643,0.14563106796116504,0.20689655172413793,0.34285714285714286,1.0,0.20689655172413793,0.20689655172413793
0,Family,Sister,75,0_0_0,0.21428571428571427,0.35294117647058826,1.0,0.8366336633663366,0.21428571428571427,0.0,0.0,0.0,0.0,0.0
0,Family,Sister,75,0_0_1,0.8809523809523809,0.6607142857142857,0.5285714285714286,0.8118811881188119,0.49333333333333335,0.8387096774193549,0.9122807017543859,1.0,0.8387096774193549,0.8387096774193549
0,Family,Sister,75,0_1_0,0.6904761904761905,0.6744186046511628,0.6590909090909091,0.8613861386138614,0.5087719298245614,0.5806451612903226,0.7346938775510204,1.0,0.5806451612903226,0.5806451612903226
0,Family,Sister,75,1_0_0,1.0,0.3700440528634361,0.22702702702702704,0.29207920792079206,0.22702702702702704,1.0,1.0,1.0,1.0,1.0
0,Family,Sister,75,1_1_1,0.35714285714285715,0.234375,0.1744186046511628,0.5148514851485149,0.13274336283185842,0.25806451612903225,0.41025641025641024,1.0,0.25806451612903225,0.25806451612903225
0,Family,Sister,80,0_0_0,0.19047619047619047,0.32,1.0,0.8316831683168316,0.19047619047619047,0.0,0.0,0.0,0.0,0.0
0,Family,Sister,80,0_0_1,0.8809523809523809,0.7047619047619048,0.5873015873015873,0.8465346534653465,0.5441176470588235,0.8484848484848485,0.9180327868852459,1.0,0.8484848484848485,0.8484848484848485
0,Family,Sister,80,0_1_0,0.5952380952380952,0.625,0.6578947368421053,0.8514851485148515,0.45454545454545453,0.48484848484848486,0.6530612244897959,1.0,0.48484848484848486,0.48484848484848486
0,Family,Sister,80,1_0_0,1.0,0.3684210526315789,0.22580645161290322,0.2871287128712871,0.22580645161290322,1.0,1.0,1.0,1.0,1.0
0,Family,Sister,80,1_1_1,0.4523809523809524,0.2550335570469799,0.17757009345794392,0.4504950495049505,0.14615384615384616,0.36363636363636365,0.5333333333333333,1.0,0.36363636363636365,0.36363636363636365
0,Family,Son,0,0_0_0,0.46153846153846156,0.631578947368421,1.0,0.8613861386138614,0.46153846153846156,,,,,
0,Family,Son,0,0_0_1,1.0,0.7938931297709924,0.6582278481012658,0.8663366336633663,0.6582278481012658,,,,,
0,Family,Son,0,0_1_0,1.0,0.8387096774193549,0.7222222222222222,0.900990099009901,0.7222222222222222,,,,,
0,Family,Son,0,1_0_0,1.0,0.41767068273092367,0.2639593908629442,0.28217821782178215,0.2639593908629442,,,,,
0,Family,Son,0,1_1_1,0.019230769230769232,0.014492753623188406,0.011627906976744186,0.32673267326732675,0.0072992700729927005,,,,,
0,Family,Son,5,0_0_0,0.38461538461538464,0.5555555555555556,1.0,0.8415841584158416,0.38461538461538464,0.0,0.0,0.0,0.0,0.0
0,Family,Son,5,0_0_1,1.0,0.832,0.7123287671232876,0.8960396039603961,0.7123287671232876,1.0,1.0,1.0,1.0,1.0
0,Family,Son,5,0_1_0,1.0,0.8813559322033898,0.7878787878787878,0.9306930693069307,0.7878787878787878,1.0,1.0,1.0,1.0,1.0
0,Family,Son,5,1_0_0,1.0,0.42105263157894735,0.26666666666666666,0.29207920792079206,0.26666666666666666,1.0,1.0,1.0,1.0,1.0
0,Family,Son,5,1_1_1,0.019230769230769232,0.015151515151515152,0.0125,0.3564356435643564,0.007633587786259542,0.0,0.0,0.0,0.0,0.0
0,Family,Son,10,0_0_0,0.34615384615384615,0.5142857142857142,1.0,0.8316831683168316,0.34615384615384615,0.0,0.0,0.0,0.0,0.0
0,Family,Son,10,0_0_1,1.0,0.8666666666666667,0.7647058823529411,0.9207920792079208,0.7647058823529411,1.0,1.0,1.0,1.0,1.0
0,Family,Son,10,0_1_0,1.0,0.9122807017543859,0.8387096774193549,0.9504950495049505,0.8387096774193549,1.0,1.0,1.0,1.0,1.0
0,Family,Son,10,1_0_0,1.0,0.4126984126984127,0.26,0.26732673267326734,0.26,1.0,1.0,1.0,1.0,1.0
0,Family,Son,10,1_1_1,0.019230769230769232,0.015037593984962405,0.012345679012345678,0.35148514851485146,0.007575757575757576,0.0,0.0,0.0,0.0,0.0
0,Family,Son,15,0_0_0,0.3269230769230769,0.4927536231884058,1.0,0.8267326732673267,0.3269230769230769,0.0,0.0,0.0,0.0,0.0
0,Family,Son,15,0_0_1,1.0,0.8253968253968254,0.7027027027027027,0.8910891089108911,0.7027027027027027,1.0,1.0,1.0,1.0,1.0
0,Family,Son,15,0_1_0,1.0,0.8888888888888888,0.8,0.9356435643564357,0.8,1.0,1.0,1.0,1.0,1.0
0,Family,Son,15,1_0_0,1.0,0.416,0.26262626262626265,0.27722772277227725,0.26262626262626265,1.0,1.0,1.0,1.0,1.0
0,Family,Son,15,1_1_1,0.0,0.0,0.0,0.35148514851485146,0.0,0.0,0.0,0.0,0.0,0.0
0,Family,Son,20,0_0_0,0.36538461538461536,0.5352112676056338,1.0,0.8366336633663366,0.36538461538461536,0.0,0.0,0.0,0.0,0.0
0,Family,Son,20,0_0_1,0.9807692307692307,0.8292682926829268,0.7183098591549296,0.8960396039603961,0.7083333333333334,0.9,0.9473684210526315,1.0,0.9,0.9
0,Family,Son,20,0_1_0,0.9615384615384616,0.8771929824561403,0.8064516129032258,0.9306930693069307,0.78125,0.8,0.8888888888888888,1.0,0.8,0.8
0,Family,Son,20,1_0_0,1.0,0.4126984126984127,0.26,0.26732673267326734,0.26,1.0,1.0,1.0,1.0,1.0
0,Family,Son,20,1_1_1,0.019230769230769232,0.015037593984962405,0.012345679012345678,0.35148514851485146,0.007575757575757576,0.1,0.18181818181818182,1.0,0.1,0.1
0,Family,Son,25,0_0_0,0.34615384615384615,0.5142857142857142,1.0,0.8316831683168316,0.34615384615384615,0.0,0.0,0.0,0.0,0.0
0,Family,Son,25,0_0_1,1.0,0.8888888888888888,0.8,0.9356435643564357,0.8,1.0,1.0,1.0,1.0,1.0
0,Family,Son,25,0_1_0,0.9423076923076923,0.875,0.8166666666666667,0.9306930693069307,0.7777777777777778,0.7692307692307693,0.8695652173913043,1.0,0.7692307692307693,0.7692307692307693
0,Family,Son,25,1_0_0,1.0,0.4126984126984127,0.26,0.26732673267326734,0.26,1.0,1.0,1.0,1.0,1.0
0,Family,Son,25,1_1_1,0.019230769230769232,0.013888888888888888,0.010869565217391304,0.297029702970297,0.006993006993006993,0.07692307692307693,0.14285714285714285,1.0,0.07692307692307693,0.07692307692307693
0,Family,Son,30,0_0_0,0.2692307692307692,0.42424242424242425,1.0,0.8118811881188119,0.2692307692307692,0.0,0.0,0.0,0.0,0.0
0,Family,Son,30,0_0_1,0.9807692307692307,0.864406779661017,0.7727272727272727,0.9207920792079208,0.7611940298507462,0.9333333333333333,0.9655172413793104,1.0,0.9333333333333333,0.9333333333333333
0,Family,Son,30,0_1_0,0.9423076923076923,0.875,0.8166666666666667,0.9306930693069307,0.7777777777777778,0.8,0.8888888888888888,1.0,0.8,0.8
0,Family,Son,30,1_0_0,1.0,0.4126984126984127,0.26,0.26732673267326734,0.26,1.0,1.0,1.0,1.0,1.0
0,Family,Son,30,1_1_1,0.019230769230769232,0.013986013986013986,0.01098901098901099,0.30198019801980197,0.007042253521126761,0.06666666666666667,0.125,1.0,0.06666666666666667,0.06666666666666667
0,Family,Son,35,0_0_0,0.21153846153846154,0.3492063492063492,1.0,0.7970297029702971,0.21153846153846154,0.0,0.0,0.0,0.0,0.0
0,Family,Son,35,0_0_1,0.9423076923076923,0.875,0.8166666666666667,0.9306930693069307,0.7777777777777778,0.8333333333333334,0.9090909090909091,1.0,0.8333333333333334,0.8333333333333334
0,Family,Son,35,0_1_0,0.9038461538461539,0.8867924528301887,0.8703703703703703,0.9405940594059405,0.7966101694915254,0.7222222222222222,0.8387096774193549,1.0,0.7222222222222222,0.7222222222222222
0,Family,Son,35,1_0_0,1.0,0.41767068273092367,0.2639593908629442,0.28217821782178215,0.2639593908629442,1.0,1.0,1.0,1.0,1.0
0,Family,Son,35,1_1_1,0.019230769230769232,0.014492753623188406,0.011627906976744186,0.32673267326732675,0.0072992700729927005,0.05555555555555555,0.10526315789473684,1.0,0.05555555555555555,0.05555555555555555
0,Family,Son,40,0_0_0,0.2692307692307692,0.42424242424242425,1.0,0.8118811881188119,0.2692307692307692,0.0,0.0,0.0,0.0,0.0
0,Family,Son,40,0_0_1,0.9615384615384616,0.8771929824561403,0.8064516129032258,0.9306930693069307,0.78125,0.9,0.9473684210526315,1.0,0.9,0.9
0,Family,Son,40,0_1_0,0.9230769230769231,0.8888888888888888,0.8571428571428571,0.9405940594059405,0.8,0.8,0.8888888888888888,1.0,0.8,0.8
0,Family,Son,40,1_0_0,1.0,0.41434262948207173,0.2613065326633166,0.2722772277227723,0.2613065326633166,1.0,1.0,1.0,1.0,1.0
0,Family,Son,40,1_1_1,0.038461538461538464,0.028985507246376812,0.023255813953488372,0.33663366336633666,0.014705882352941176,0.1,0.18181818181818182,1.0,0.1,0.1
0,Family,Son,45,0_0_0,0.21153846153846154,0.3492063492063492,1.0,0.7970297029702971,0.21153846153846154,0.0,0.0,0.0,0.0,0.0
0,Family,Son,45,0_0_1,0.9615384615384616,0.8695652173913043,0.7936507936507936,0.9257425742574258,0.7692307692307693,0.9130434782608695,0.9545454545454546,1.0,0.9130434782608695,0.9130434782608695
0,Family,Son,45,0_1_0,0.8269230769230769,0.8514851485148515,0.8775510204081632,0.9257425742574258,0.7413793103448276,0.6086956521739131,0.7567567567567568,1.0,0.6086956521739131,0.6086956521739131
0,Family,Son,45,1_0_0,1.0,0.4126984126984127,0.26,0.26732673267326734,0.26,1.0,1.0,1.0,1.0,1.0
0,Family,Son,45,1_1_1,0.038461538461538464,0.029411764705882353,0.023809523809523808,0.3465346534653465,0.014925373134328358,0.08695652173913043,0.16,1.0,0.08695652173913043,0.08695652173913043
0,Family,Son,50,0_0_0,0.21153846153846154,0.3492063492063492,1.0,0.7970297029702971,0.21153846153846154,0.0,0.0,0.0,0.0,0.0
0,Family,Son,50,0_0_1,0.9615384615384616,0.8928571428571429,0.8333333333333334,0.9405940594059405,0.8064516129032258,0.9230769230769231,0.96,1.0,0.9230769230769231,0.9230769230769231
0,Family,Son,50,0_1_0,0.7692307692307693,0.7920792079207921,0.8163265306122449,0.8960396039603961,0.6557377049180327,0.5384615384615384,0.7,1.0,0.5384615384615384,0.5384615384615384
0,Family,Son,50,1_0_0,1.0,0.41434262948207173,0.2613065326633166,0.2722772277227723,0.2613065326633166,1.0,1.0,1.0,1.0,1.0
0,Family,Son,50,1_1_1,0.057692307692307696,0.04285714285714286,0.03409090909090909,0.33663366336633666,0.021897810218978103,0.07692307692307693,0.14285714285714285,1.0,0.07692307692307693,0.07692307692307693
0,Family,Son,55,0_0_0,0.15384615384615385,0.26666666666666666,1.0,0.7821782178217822,0.15384615384615385,0.0,0.0,0.0,0.0,0.0
0,Family,Son,55,0_0_1,0.8653846153846154,0.8737864077669902,0.8823529411764706,0.9356435643564357,0.7758620689655172,0.75,0.8571428571428571,1.0,0.75,0.75
0,Family,Son,55,0_1_0,0.75,0.7959183673469388,0.8478260869565217,0.900990099009901,0.6610169491525424,0.5357142857142857,0.6976744186046512,1.0,0.5357142857142857,0.5357142857142857
0,Family,Son,55,1_0_0,1.0,0.41935483870967744,0.2653061224489796,0.2871287128712871,0.2653061224489796,1.0,1.0,1.0,1.0,1.0
0,Family,Son,55,1_1_1,0.057692307692307696,0.043795620437956206,0.03529411764705882,0.35148514851485146,0.022388059701492536,0.07142857142857142,0.13333333333333333,1.0,0.07142857142857142,0.07142857142857142
0,Family,Son,60,0_0_0,0.15384615384615385,0.26666666666666666,1.0,0.7821782178217822,0.15384615384615385,0.0,0.0,0.0,0.0,0.0
0,Family,Son,60,0_0_1,0.8076923076923077,0.84,0.875,0.9207920792079208,0.7241379310344828,0.6774193548387096,0.8076923076923077,1.0,0.6774193548387096,0.6774193548387096
0,Family,Son,60,0_1_0,0.6538461538461539,0.7472527472527473,0.8717948717948718,0.8861386138613861,0.5964912280701754,0.41935483870967744,0.5909090909090909,1.0,0.41935483870967744,0.41935483870967744
0,Family,Son,60,1_0_0,1.0,0.4388185654008439,0.2810810810810811,0.3415841584158416,0.2810810810810811,1.0,1.0,1.0,1.0,1.0
0,Family,Son,60,1_1_1,0.038461538461538464,0.029411764705882353,0.023809523809523808,0.3465346534653465,0.014925373134328358,0.06451612903225806,0.12121212121212122,1.0,0.06451612903225806,0.06451612903225806
0,Family,Son,65,0_0_0,0.15384615384615385,0.26666666666666666,1.0,0.7821782178217822,0.15384615384615385,0.0,0.0,0.0,0.0,0.0
0,Family,Son,65,0_0_1,0.7307692307692307,0.7916666666666666,0.8636363636363636,0.900990099009901,0.6551724137931034,0.5757575757575758,0.7307692307692307,1.0,0.5757575757575758,0.5757575757575758
0,Family,Son,65,0_1_0,0.6538461538461539,0.7311827956989247,0.8292682926829268,0.8762376237623762,0.576271186440678,0.45454545454545453,0.625,1.0,0.45454545454545453,0.45454545454545453
0,Family,Son,65,1_0_0,1.0,0.4406779661016949,0.2826086956521739,0.3465346534653465,0.2826086956521739,1.0,1.0,1.0,1.0,1.0
0,Family,Son,65,1_1_1,0.038461538461538464,0.029411764705882353,0.023809523809523808,0.3465346534653465,0.014925373134328358,0.06060606060606061,0.11428571428571428,1.0,0.06060606060606061,0.06060606060606061
0,Family,Son,70,0_0_0,0.11538461538461539,0.20689655172413793,1.0,0.7722772277227723,0.11538461538461539,0.0,0.0,0.0,0.0,0.0
0,Family,Son,70,0_0_1,0.6730769230769231,0.7692307692307693,0.8974358974358975,0.8960396039603961,0.625,0.5277777777777778,0.6909090909090909,1.0,0.5277777777777778,0.5277777777777778
0,Family,Son,70,0_1_0,0.5769230769230769,0.6818181818181818,0.8333333333333334,0.8613861386138614,0.5172413793103449,0.3888888888888889,0.56,1.0,0.3888888888888889,0.3888888888888889
0,Family,Son,70,1_0_0,1.0,0.4581497797356828,0.29714285714285715,0.3910891089108911,0.29714285714285715,1.0,1.0,1.0,1.0,1.0
0,Family,Son,70,1_1_1,0.038461538461538464,0.029197080291970802,0.023529411764705882,0.3415841584158416,0.014814814814814815,0.05555555555555555,0.10526315789473684,1.0,0.05555555555555555,0.05555555555555555
0,Family,Son,75,0_0_0,0.11538461538461539,0.20689655172413793,1.0,0.7722772277227723,0.11538461538461539,0.0,0.0,0.0,0.0,0.0
0,Family,Son,75,0_0_1,0.5192307692307693,0.6428571428571429,0.84375,0.8514851485148515,0.47368421052631576,0.358974358974359,0.5283018867924528,1.0,0.358974358974359,0.358974358974359
0,Family,Son,75,0_1_0,0.4423076923076923,0.5679012345679012,0.7931034482758621,0.8267326732673267,0.39655172413793105,0.2564102564102564,0.40816326530612246,1.0,0.2564102564102564,0.2564102564102564
0,Family,Son,75,1_0_0,1.0,0.4262295081967213,0.2708333333333333,0.3069306930693069,0.2708333333333333,1.0,1.0,1.0,1.0,1.0
0,Family,Son,75,1_1_1,0.038461538461538464,0.028985507246376812,0.023255813953488372,0.33663366336633666,0.014705882352941176,0.05128205128205128,0.0975609756097561,1.0,0.05128205128205128,0.05128205128205128
0,Family,Son,80,0_0_0,0.09615384615384616,0.17543859649122806,1.0,0.7673267326732673,0.09615384615384616,0.0,0.0,0.0,0.0,0.0
0,Family,Son,80,0_0_1,0.5,0.6582278481012658,0.9629629629629629,0.8663366336633663,0.49056603773584906,0.36585365853658536,0.5357142857142857,1.0,0.36585365853658536,0.36585365853658536
0,Family,Son,80,0_1_0,0.36538461538461536,0.5,0.7916666666666666,0.8118811881188119,0.3333333333333333,0.1951219512195122,0.32653061224489793,1.0,0.1951219512195122,0.1951219512195122
0,Family,Son,80,1_0_0,1.0,0.4406779661016949,0.2826086956521739,0.3465346534653465,0.2826086956521739,1.0,1.0,1.0,1.0,1.0
0,Family,Son,80,1_1_1,0.057692307692307696,0.04316546762589928,0.034482758620689655,0.3415841584158416,0.022058823529411766,0.04878048780487805,0.09302325581395349,1.0,0.04878048780487805,0.04878048780487805
