run,dataset,class_name,removal,pqr,all_data_recall,all_data_f1,all_data_precision,all_data_accuracy,all_data_jaccard,removed_data_recall,removed_data_f1,removed_data_precision,removed_data_accuracy,removed_data_jaccard
0,Family,Brother,0,0_0_0,0.7333333333333333,0.8461538461538461,1.0,0.9603960396039604,0.7333333333333333,,,,,
0,Family,Brother,0,0_0_1,1.0,0.6666666666666666,0.5,0.8514851485148515,0.5,,,,,
0,Family,Brother,0,0_1_0,1.0,0.6382978723404256,0.46875,0.8316831683168316,0.46875,,,,,
0,Family,Brother,0,1_0_0,1.0,0.27149321266968324,0.15706806282722513,0.20297029702970298,0.15706806282722513,,,,,
0,Family,Brother,0,1_1_1,0.0,0.0,0.0,0.7475247524752475,0.0,,,,,
0,Family,Brother,5,0_0_0,0.7333333333333333,0.8461538461538461,1.0,0.9603960396039604,0.7333333333333333,0.0,0.0,0.0,0.0,0.0
0,Family,Brother,5,0_0_1,1.0,0.6521739130434783,0.4838709677419355,0.8415841584158416,0.4838709677419355,1.0,1.0,1.0,1.0,1.0
0,Family,Brother,5,0_1_0,1.0,0.6521739130434783,0.4838709677419355,0.8415841584158416,0.4838709677419355,1.0,1.0,1.0,1.0,1.0
0,Family,Brother,5,1_0_0,1.0,0.27149321266968324,0.15706806282722513,0.20297029702970298,0.15706806282722513,1.0,1.0,1.0,1.0,1.0
0,Family,Brother,5,1_1_1,0.0,0.0,0.0,0.7574257425742574,0.0,0.0,0.0,0.0,0.0,0.0
0,Family,Brother,10,0_0_0,0.6333333333333333,0.7755102040816326,1.0,0.9455445544554455,0.6333333333333333,0.0,0.0,0.0,0.0,0.0
0,Family,Brother,10,0_0_1,1.0,0.6666666666666666,0.5,0.8514851485148515,0.5,1.0,1.0,1.0,1.0,1.0
0,Family,Brother,10,0_1_0,1.0,0.6521739130434783,0.4838709677419355,0.8415841584158416,0.4838709677419355,1.0,1.0,1.0,1.0,1.0
0,Family,Brother,10,1_0_0,1.0,0.273972602739726,0.15873015873015872,0.21287128712871287,0.15873015873015872,1.0,1.0,1.0,1.0,1.0
0,Family,Brother,10,1_1_1,0.0,0.0,0.0,0.5346534653465347,0.0,0.0,0.0,0.0,0.0,0.0
0,Family,Brother,15,0_0_0,0.6666666666666666,0.8,1.0,0.9504950495049505,0.6666666666666666,0.0,0.0,0.0,0.0,0.0
0,Family,Brother,15,0_0_1,1.0,0.6666666666666666,0.5,0.8514851485148515,0.5,1.0,1.0,1.0,1.0,1.0
0,Family,Brother,15,0_1_0,1.0,0.6818181818181818,0.5172413793103449,0.8613861386138614,0.5172413793103449,1.0,1.0,1.0,1.0,1.0
0,Family,Brother,15,1_0_0,1.0,0.27149321266968324,0.15706806282722513,0.20297029702970298,0.15706806282722513,1.0,1.0,1.0,1.0,1.0
0,Family,Brother,15,1_1_1,0.0,0.0,0.0,0.7871287128712872,0.0,0.0,0.0,0.0,0.0,0.0
0,Family,Brother,20,0_0_0,0.43333333333333335,0.6046511627906976,1.0,0.9158415841584159,0.43333333333333335,0.0,0.0,0.0,0.0,0.0
0,Family,Brother,20,0_0_1,0.9,0.5454545454545454,0.391304347826087,0.7772277227722773,0.375,0.5,0.6666666666666666,1.0,0.5,0.5
0,Family,Brother,20,0_1_0,0.9,0.6923076923076923,0.5625,0.8811881188118812,0.5294117647058824,0.5,0.6666666666666666,1.0,0.5,0.5
0,Family,Brother,20,1_0_0,1.0,0.35294117647058826,0.21428571428571427,0.45544554455445546,0.21428571428571427,1.0,1.0,1.0,1.0,1.0
0,Family,Brother,20,1_1_1,0.0,0.0,0.0,0.7722772277227723,0.0,0.0,0.0,0.0,0.0,0.0
0,Family,Brother,25,0_0_0,0.43333333333333335,0.6046511627906976,1.0,0.9158415841584159,0.43333333333333335,0.0,0.0,0.0,0.0,0.0
0,Family,Brother,25,0_0_1,0.9,0.5510204081632653,0.39705882352941174,0.7821782178217822,0.38028169014084506,0.5714285714285714,0.7272727272727273,1.0,0.5714285714285714,0.5714285714285714
0,Family,Brother,25,0_1_0,0.9,0.7105263157894737,0.5869565217391305,0.8910891089108911,0.5510204081632653,0.5714285714285714,0.7272727272727273,1.0,0.5714285714285714,0.5714285714285714
0,Family,Brother,25,1_0_0,1.0,0.31746031746031744,0.18867924528301888,0.3613861386138614,0.18867924528301888,1.0,1.0,1.0,1.0,1.0
0,Family,Brother,25,1_1_1,0.0,0.0,0.0,0.7623762376237624,0.0,0.0,0.0,0.0,0.0,0.0
0,Family,Brother,30,0_0_0,0.3333333333333333,0.5,1.0,0.900990099009901,0.3333333333333333,0.0,0.0,0.0,0.0,0.0
0,Family,Brother,30,0_0_1,0.9333333333333333,0.5714285714285714,0.4117647058823529,0.7920792079207921,0.4,0.7777777777777778,0.875,1.0,0.7777777777777778,0.7777777777777778
0,Family,Brother,30,0_1_0,0.9333333333333333,0.717948717948718,0.5833333333333334,0.8910891089108911,0.56,0.7777777777777778,0.875,1.0,0.7777777777777778,0.7777777777777778
0,Family,Brother,30,1_0_0,1.0,0.31088082901554404,0.18404907975460122,0.3415841584158416,0.18404907975460122,1.0,1.0,1.0,1.0,1.0
0,Family,Brother,30,1_1_1,0.0,0.0,0.0,0.7970297029702971,0.0,0.0,0.0,0.0,0.0,0.0
0,Family,Brother,35,0_0_0,0.3,0.46153846153846156,1.0,0.8960396039603961,0.3,0.0,0.0,0.0,0.0,0.0
0,Family,Brother,35,0_0_1,0.9,0.5567010309278351,0.40298507462686567,0.7871287128712872,0.38571428571428573,0.7,0.8235294117647058,1.0,0.7,0.7
0,Family,Brother,35,0_1_0,0.9,0.7105263157894737,0.5869565217391305,0.8910891089108911,0.5510204081632653,0.7,0.8235294117647058,1.0,0.7,0.7
0,Family,Brother,35,1_0_0,1.0,0.31413612565445026,0.18633540372670807,0.35148514851485146,0.18633540372670807,1.0,1.0,1.0,1.0,1.0
0,Family,Brother,35,1_1_1,0.0,0.0,0.0,0.7623762376237624,0.0,0.0,0.0,0.0,0.0,0.0
0,Family,Brother,40,0_0_0,0.06666666666666667,0.125,1.0,0.8613861386138614,0.06666666666666667,0.0,0.0,0.0,0.0,0.0
0,Family,Brother,40,0_0_1,0.9666666666666667,0.7160493827160493,0.5686274509803921,0.8861386138613861,0.5576923076923077,0.9166666666666666,0.9565217391304348,1.0,0.9166666666666666,0.9166666666666666
0,Family,Brother,40,0_1_0,0.9,0.7105263157894737,0.5869565217391305,0.8910891089108911,0.5510204081632653,0.75,0.8571428571428571,1.0,0.75,0.75
0,Family,Brother,40,1_0_0,1.0,0.28169014084507044,0.16393442622950818,0.24257425742574257,0.16393442622950818,1.0,1.0,1.0,1.0,1.0
0,Family,Brother,40,1_1_1,0.0,0.0,0.0,0.6881188118811881,0.0,0.0,0.0,0.0,0.0,0.0
0,Family,Brother,45,0_0_0,0.03333333333333333,0.06451612903225806,1.0,0.8564356435643564,0.03333333333333333,0.0,0.0,0.0,0.0,0.0
0,Family,Brother,45,0_0_1,0.9333333333333333,0.7088607594936709,0.5714285714285714,0.8861386138613861,0.5490196078431373,0.8461538461538461,0.9166666666666666,1.0,0.8461538461538461,0.8461538461538461
0,Family,Brother,45,0_1_0,0.9,0.6923076923076923,0.5625,0.8811881188118812,0.5294117647058824,0.7692307692307693,0.8695652173913043,1.0,0.7692307692307693,0.7692307692307693
0,Family,Brother,45,1_0_0,1.0,0.2777777777777778,0.16129032258064516,0.22772277227722773,0.16129032258064516,1.0,1.0,1.0,1.0,1.0
0,Family,Brother,45,1_1_1,0.0,0.0,0.0,0.6732673267326733,0.0,0.0,0.0,0.0,0.0,0.0
0,Family,Brother,50,0_0_0,0.03333333333333333,0.06451612903225806,1.0,0.8564356435643564,0.03333333333333333,0.0,0.0,0.0,0.0,0.0
0,Family,Brother,50,0_0_1,0.9333333333333333,0.5436893203883495,0.3835616438356164,0.7673267326732673,0.37333333333333335,0.8666666666666667,0.9285714285714286,1.0,0.8666666666666667,0.8666666666666667
0,Family,Brother,50,0_1_0,0.6,0.5454545454545454,0.5,0.8514851485148515,0.375,0.2,0.3333333333333333,1.0,0.2,0.2
0,Family,Brother,50,1_0_0,1.0,0.2631578947368421,0.15151515151515152,0.16831683168316833,0.15151515151515152,1.0,1.0,1.0,1.0,1.0
0,Family,Brother,50,1_1_1,0.5,0.2564102564102564,0.1724137931034483,0.5693069306930693,0.14705882352941177,0.6666666666666666,0.8,1.0,0.6666666666666666,0.6666666666666666
0,Family,Brother,55,0_0_0,0.03333333333333333,0.06451612903225806,1.0,0.8564356435643564,0.03333333333333333,0.0,0.0,0.0,0.0,0.0
0,Family,Brother,55,0_0_1,0.9333333333333333,0.5384615384615384,0.3783783783783784,0.7623762376237624,0.3684210526315789,0.875,0.9333333333333333,1.0,0.875,0.875
0,Family,Brother,55,0_1_0,0.5333333333333333,0.5245901639344263,0.5161290322580645,0.8564356435643564,0.35555555555555557,0.125,0.2222222222222222,1.0,0.125,0.125
0,Family,Brother,55,1_0_0,1.0,0.26548672566371684,0.15306122448979592,0.1782178217821782,0.15306122448979592,1.0,1.0,1.0,1.0,1.0
0,Family,Brother,55,1_1_1,0.4,0.21621621621621623,0.14814814814814814,0.5693069306930693,0.12121212121212122,0.375,0.5454545454545454,1.0,0.375,0.375
0,Family,Brother,60,0_0_0,0.03333333333333333,0.06451612903225806,1.0,0.8564356435643564,0.03333333333333333,0.0,0.0,0.0,0.0,0.0
0,Family,Brother,60,0_0_1,0.9333333333333333,0.5283018867924528,0.3684210526315789,0.7524752475247525,0.358974358974359,0.8888888888888888,0.9411764705882353,1.0,0.8888888888888888,0.8888888888888888
0,Family,Brother,60,0_1_0,0.5666666666666667,0.5151515151515151,0.4722222222222222,0.8415841584158416,0.3469387755102041,0.2777777777777778,0.43478260869565216,1.0,0.2777777777777778,0.2777777777777778
0,Family,Brother,60,1_0_0,1.0,0.26200873362445415,0.1507537688442211,0.16336633663366337,0.1507537688442211,1.0,1.0,1.0,1.0,1.0
0,Family,Brother,60,1_1_1,0.4,0.24242424242424243,0.17391304347826086,0.6287128712871287,0.13793103448275862,0.5,0.6666666666666666,1.0,0.5,0.5
0,Family,Brother,65,0_0_0,0.03333333333333333,0.06451612903225806,1.0,0.8564356435643564,0.03333333333333333,0.0,0.0,0.0,0.0,0.0
0,Family,Brother,65,0_0_1,0.8333333333333334,0.5208333333333334,0.3787878787878788,0.7722772277227723,0.352112676056338,0.7368421052631579,0.8484848484848485,1.0,0.7368421052631579,0.7368421052631579
0,Family,Brother,65,0_1_0,0.5,0.43478260869565216,0.38461538461538464,0.806930693069307,0.2777777777777778,0.21052631578947367,0.34782608695652173,1.0,0.21052631578947367,0.21052631578947367
0,Family,Brother,65,1_0_0,1.0,0.26905829596412556,0.15544041450777202,0.19306930693069307,0.15544041450777202,1.0,1.0,1.0,1.0,1.0
0,Family,Brother,65,1_1_1,0.36666666666666664,0.21153846153846154,0.14864864864864866,0.594059405940594,0.11827956989247312,0.42105263157894735,0.5925925925925926,1.0,0.42105263157894735,0.42105263157894735
0,Family,Brother,70,0_0_0,0.0,0.0,0.0,0.8514851485148515,0.0,0.0,0.0,0.0,0.0,0.0
0,Family,Brother,70,0_0_1,0.7666666666666667,0.46464646464646464,0.3333333333333333,0.7376237623762376,0.3026315789473684,0.6666666666666666,0.8,1.0,0.6666666666666666,0.6666666666666666
0,Family,Brother,70,0_1_0,0.43333333333333335,0.40625,0.38235294117647056,0.8118811881188119,0.2549019607843137,0.19047619047619047,0.32,1.0,0.19047619047619047,0.19047619047619047
0,Family,Brother,70,1_0_0,1.0,0.26666666666666666,0.15384615384615385,0.18316831683168316,0.15384615384615385,1.0,1.0,1.0,1.0,1.0
0,Family,Brother,70,1_1_1,0.6333333333333333,0.2733812949640288,0.1743119266055046,0.5,0.15833333333333333,0.8095238095238095,0.8947368421052632,1.0,0.8095238095238095,0.8095238095238095
0,Family,Brother,75,0_0_0,0.0,0.0,0.0,0.8514851485148515,0.0,0.0,0.0,0.0,0.0,0.0
0,Family,Brother,75,0_0_1,0.8,0.5,0.36363636363636365,0.7623762376237624,0.3333333333333333,0.7272727272727273,0.8421052631578947,1.0,0.7272727272727273,0.7272727272727273
0,Family,Brother,75,0_1_0,0.4,0.43636363636363634,0.48,0.8465346534653465,0.27906976744186046,0.18181818181818182,0.3076923076923077,1.0,0.18181818181818182,0.18181818181818182
0,Family,Brother,75,1_0_0,1.0,0.26548672566371684,0.15306122448979592,0.1782178217821782,0.15306122448979592,1.0,1.0,1.0,1.0,1.0
0,Family,Brother,75,1_1_1,0.7,0.31343283582089554,0.20192307692307693,0.5445544554455446,0.18584070796460178,0.8636363636363636,0.926829268292683,1.0,0.8636363636363636,0.8636363636363636
0,Family,Brother,80,0_0_0,0.0,0.0,0.0,0.8514851485148515,0.0,0.0,0.0,0.0,0.0,0.0
0,Family,Brother,80,0_0_1,0.5333333333333333,0.5333333333333333,0.5333333333333333,0.8613861386138614,0.36363636363636365,0.4166666666666667,0.5882352941176471,1.0,0.4166666666666667,0.4166666666666667
0,Family,Brother,80,0_1_0,0.3333333333333333,0.38461538461538464,0.45454545454545453,0.8415841584158416,0.23809523809523808,0.16666666666666666,0.2857142857142857,1.0,0.16666666666666666,0.16666666666666666
0,Family,Brother,80,1_0_0,1.0,0.30927835051546393,0.18292682926829268,0.33663366336633666,0.18292682926829268,1.0,1.0,1.0,1.0,1.0
0,Family,Brother,80,1_1_1,0.6,0.29508196721311475,0.1956521739130435,0.5742574257425742,0.17307692307692307,0.7083333333333334,0.8292682926829268,1.0,0.7083333333333334,0.7083333333333334
0,Family,Male,0,0_0_0,0.625,0.7692307692307693,1.0,0.806930693069307,0.625,,,,,
0,Family,Male,0,0_0_1,1.0,0.9541284403669725,0.9122807017543859,0.9504950495049505,0.9122807017543859,,,,,
0,Family,Male,0,0_1_0,1.0,0.9203539823008849,0.8524590163934426,0.9108910891089109,0.8524590163934426,,,,,
0,Family,Male,0,1_0_0,1.0,0.7147766323024055,0.5561497326203209,0.5891089108910891,0.5561497326203209,,,,,
0,Family,Male,0,1_1_1,0.009615384615384616,0.014492753623188406,0.029411764705882353,0.32673267326732675,0.0072992700729927005,,,,,
0,Family,Male,5,0_0_0,0.15384615384615385,0.26666666666666666,1.0,0.5643564356435643,0.15384615384615385,,,,,
0,Family,Male,5,0_0_1,1.0,0.9719626168224299,0.9454545454545454,0.9702970297029703,0.9454545454545454,,,,,
0,Family,Male,5,0_1_0,1.0,0.9541284403669725,0.9122807017543859,0.9504950495049505,0.9122807017543859,,,,,
0,Family,Male,5,1_0_0,1.0,0.6819672131147541,0.5174129353233831,0.5198019801980198,0.5174129353233831,,,,,
0,Family,Male,5,1_1_1,0.009615384615384616,0.018518518518518517,0.25,0.4752475247524752,0.009345794392523364,,,,,
0,Family,Male,10,0_0_0,0.11538461538461539,0.20689655172413793,1.0,0.5445544554455446,0.11538461538461539,0.0,0.0,0.0,0.0,0.0
0,Family,Male,10,0_0_1,0.9807692307692307,0.9902912621359223,1.0,0.9900990099009901,0.9807692307692307,1.0,1.0,1.0,1.0,1.0
0,Family,Male,10,0_1_0,0.9903846153846154,0.9237668161434978,0.865546218487395,0.9158415841584159,0.8583333333333333,0.0,0.0,0.0,0.0,0.0
0,Family,Male,10,1_0_0,1.0,0.6910299003322259,0.5279187817258884,0.5396039603960396,0.5279187817258884,1.0,1.0,1.0,1.0,1.0
0,Family,Male,10,1_1_1,0.0,0.0,0.0,0.4752475247524752,0.0,0.0,0.0,0.0,0.0,0.0
0,Family,Male,15,0_0_0,0.028846153846153848,0.056074766355140186,1.0,0.5,0.028846153846153848,0.0,0.0,0.0,0.0,0.0
0,Family,Male,15,0_0_1,0.9903846153846154,0.958139534883721,0.9279279279279279,0.9554455445544554,0.9196428571428571,1.0,1.0,1.0,1.0,1.0
0,Family,Male,15,0_1_0,0.9903846153846154,0.8917748917748918,0.8110236220472441,0.8762376237623762,0.8046875,0.0,0.0,0.0,0.0,0.0
0,Family,Male,15,1_0_0,1.0,0.697986577181208,0.5360824742268041,0.5544554455445545,0.5360824742268041,1.0,1.0,1.0,1.0,1.0
0,Family,Male,15,1_1_1,0.028846153846153848,0.05042016806722689,0.2,0.4405940594059406,0.02586206896551724,0.0,0.0,0.0,0.0,0.0
0,Family,Male,20,0_0_0,0.14423076923076922,0.25210084033613445,1.0,0.5594059405940595,0.14423076923076922,0.0,0.0,0.0,0.0,0.0
0,Family,Male,20,0_0_1,0.9807692307692307,0.9622641509433962,0.9444444444444444,0.9603960396039604,0.9272727272727272,0.0,0.0,0.0,0.0,0.0
0,Family,Male,20,0_1_0,1.0,0.9203539823008849,0.8524590163934426,0.9108910891089109,0.8524590163934426,1.0,1.0,1.0,1.0,1.0
0,Family,Male,20,1_0_0,1.0,0.6842105263157895,0.52,0.5247524752475248,0.52,1.0,1.0,1.0,1.0,1.0
0,Family,Male,20,1_1_1,0.0673076923076923,0.08333333333333333,0.109375,0.2376237623762376,0.043478260869565216,1.0,1.0,1.0,1.0,1.0
0,Family,Male,25,0_0_0,0.04807692307692308,0.09174311926605505,1.0,0.5099009900990099,0.04807692307692308,0.0,0.0,0.0,0.0,0.0
0,Family,Male,25,0_0_1,0.9615384615384616,0.8888888888888888,0.8264462809917356,0.8762376237623762,0.8,0.0,0.0,0.0,0.0,0.0
0,Family,Male,25,0_1_0,0.9615384615384616,0.9569377990430622,0.9523809523809523,0.9554455445544554,0.9174311926605505,0.0,0.0,0.0,0.0,0.0
0,Family,Male,25,1_0_0,1.0,0.6864686468646864,0.5226130653266332,0.5297029702970297,0.5226130653266332,1.0,1.0,1.0,1.0,1.0
0,Family,Male,25,1_1_1,0.057692307692307696,0.10810810810810811,0.8571428571428571,0.5099009900990099,0.05714285714285714,0.0,0.0,0.0,0.0,0.0
0,Family,Male,30,0_0_0,0.019230769230769232,0.03773584905660377,1.0,0.49504950495049505,0.019230769230769232,0.0,0.0,0.0,0.0,0.0
0,Family,Male,30,0_0_1,0.9903846153846154,0.9626168224299065,0.9363636363636364,0.9603960396039604,0.9279279279279279,0.0,0.0,0.0,0.0,0.0
0,Family,Male,30,0_1_0,0.9615384615384616,0.9569377990430622,0.9523809523809523,0.9554455445544554,0.9174311926605505,1.0,1.0,1.0,1.0,1.0
0,Family,Male,30,1_0_0,1.0,0.6797385620915033,0.5148514851485149,0.5148514851485149,0.5148514851485149,1.0,1.0,1.0,1.0,1.0
0,Family,Male,30,1_1_1,0.4230769230769231,0.40930232558139534,0.3963963963963964,0.3712871287128713,0.2573099415204678,1.0,1.0,1.0,1.0,1.0
0,Family,Male,35,0_0_0,0.019230769230769232,0.03773584905660377,1.0,0.49504950495049505,0.019230769230769232,0.0,0.0,0.0,0.0,0.0
0,Family,Male,35,0_0_1,0.9711538461538461,0.9351851851851852,0.9017857142857143,0.9306930693069307,0.8782608695652174,0.0,0.0,0.0,0.0,0.0
0,Family,Male,35,0_1_0,0.9519230769230769,0.9383886255924171,0.9252336448598131,0.9356435643564357,0.8839285714285714,1.0,1.0,1.0,1.0,1.0
0,Family,Male,35,1_0_0,1.0,0.6842105263157895,0.52,0.5247524752475248,0.52,1.0,1.0,1.0,1.0,1.0
0,Family,Male,35,1_1_1,0.46153846153846156,0.4444444444444444,0.42857142857142855,0.40594059405940597,0.2857142857142857,1.0,1.0,1.0,1.0,1.0
0,Family,Male,40,0_0_0,0.0,0.0,0.0,0.48514851485148514,0.0,0.0,0.0,0.0,0.0,0.0
0,Family,Male,40,0_0_1,0.9807692307692307,0.9066666666666666,0.8429752066115702,0.8960396039603961,0.8292682926829268,0.5,0.6666666666666666,1.0,0.5,0.5
0,Family,Male,40,0_1_0,0.9230769230769231,0.9320388349514563,0.9411764705882353,0.9306930693069307,0.8727272727272727,0.5,0.6666666666666666,1.0,0.5,0.5
0,Family,Male,40,1_0_0,1.0,0.6819672131147541,0.5174129353233831,0.5198019801980198,0.5174129353233831,1.0,1.0,1.0,1.0,1.0
0,Family,Male,40,1_1_1,0.23076923076923078,0.2513089005235602,0.27586206896551724,0.29207920792079206,0.1437125748502994,0.5,0.6666666666666666,1.0,0.5,0.5
0,Family,Male,45,0_0_0,0.0,0.0,0.0,0.48514851485148514,0.0,0.0,0.0,0.0,0.0,0.0
0,Family,Male,45,0_0_1,0.8846153846153846,0.8888888888888888,0.8932038834951457,0.8861386138613861,0.8,0.6666666666666666,0.8,1.0,0.6666666666666666,0.6666666666666666
0,Family,Male,45,0_1_0,0.8076923076923077,0.8038277511961722,0.8,0.7970297029702971,0.672,0.6666666666666666,0.8,1.0,0.6666666666666666,0.6666666666666666
0,Family,Male,45,1_0_0,1.0,0.7050847457627119,0.5445026178010471,0.5693069306930693,0.5445026178010471,1.0,1.0,1.0,1.0,1.0
0,Family,Male,45,1_1_1,0.14423076923076922,0.16574585635359115,0.19480519480519481,0.2524752475247525,0.09036144578313253,0.3333333333333333,0.5,1.0,0.3333333333333333,0.3333333333333333
0,Family,Male,50,0_0_0,0.019230769230769232,0.03773584905660377,1.0,0.49504950495049505,0.019230769230769232,0.0,0.0,0.0,0.0,0.0
0,Family,Male,50,0_0_1,0.6634615384615384,0.770949720670391,0.92,0.7970297029702971,0.6272727272727273,0.0,0.0,0.0,0.0,0.0
0,Family,Male,50,0_1_0,0.6634615384615384,0.7885714285714286,0.971830985915493,0.8168316831683168,0.6509433962264151,0.3333333333333333,0.5,1.0,0.3333333333333333,0.3333333333333333
0,Family,Male,50,1_0_0,1.0,0.7123287671232876,0.5531914893617021,0.5841584158415841,0.5531914893617021,1.0,1.0,1.0,1.0,1.0
0,Family,Male,50,1_1_1,0.49038461538461536,0.5604395604395604,0.6538461538461539,0.6039603960396039,0.3893129770992366,0.3333333333333333,0.5,1.0,0.3333333333333333,0.3333333333333333
0,Family,Male,55,0_0_0,0.0,0.0,0.0,0.48514851485148514,0.0,0.0,0.0,0.0,0.0,0.0
0,Family,Male,55,0_0_1,0.75,0.7722772277227723,0.7959183673469388,0.7722772277227723,0.6290322580645161,0.5,0.6666666666666666,1.0,0.5,0.5
0,Family,Male,55,0_1_0,0.6730769230769231,0.7865168539325843,0.9459459459459459,0.8118811881188119,0.6481481481481481,0.25,0.4,1.0,0.25,0.25
0,Family,Male,55,1_0_0,1.0,0.6864686468646864,0.5226130653266332,0.5297029702970297,0.5226130653266332,1.0,1.0,1.0,1.0,1.0
0,Family,Male,55,1_1_1,0.5288461538461539,0.6395348837209303,0.8088235294117647,0.693069306930693,0.4700854700854701,0.75,0.8571428571428571,1.0,0.75,0.75
0,Family,Male,60,0_0_0,0.019230769230769232,0.03773584905660377,1.0,0.49504950495049505,0.019230769230769232,0.0,0.0,0.0,0.0,0.0
0,Family,Male,60,0_0_1,0.7980769230769231,0.8341708542713567,0.8736842105263158,0.8366336633663366,0.7155172413793104,0.6666666666666666,0.8,1.0,0.6666666666666666,0.6666666666666666
0,Family,Male,60,0_1_0,0.4807692307692308,0.6329113924050633,0.9259259259259259,0.7128712871287128,0.46296296296296297,0.0,0.0,0.0,0.0,0.0
0,Family,Male,60,1_0_0,0.9903846153846154,0.7152777777777778,0.5597826086956522,0.594059405940594,0.5567567567567567,1.0,1.0,1.0,1.0,1.0
0,Family,Male,60,1_1_1,0.5961538461538461,0.7294117647058823,0.9393939393939394,0.7722772277227723,0.5740740740740741,0.8333333333333334,0.9090909090909091,1.0,0.8333333333333334,0.8333333333333334
0,Family,Male,65,0_0_0,0.009615384615384616,0.01904761904761905,1.0,0.4900990099009901,0.009615384615384616,0.0,0.0,0.0,0.0,0.0
0,Family,Male,65,0_0_1,0.7596153846153846,0.7596153846153846,0.7596153846153846,0.7524752475247525,0.6124031007751938,0.75,0.8571428571428571,1.0,0.75,0.75
0,Family,Male,65,0_1_0,0.4807692307692308,0.6410256410256411,0.9615384615384616,0.7227722772277227,0.4716981132075472,0.125,0.2222222222222222,1.0,0.125,0.125
0,Family,Male,65,1_0_0,0.9903846153846154,0.7079037800687286,0.5508021390374331,0.5792079207920792,0.5478723404255319,1.0,1.0,1.0,1.0,1.0
0,Family,Male,65,1_1_1,0.5384615384615384,0.6829268292682927,0.9333333333333333,0.7425742574257426,0.5185185185185185,0.5,0.6666666666666666,1.0,0.5,0.5
0,Family,Male,70,0_0_0,0.009615384615384616,0.01904761904761905,1.0,0.4900990099009901,0.009615384615384616,0.0,0.0,0.0,0.0,0.0
0,Family,Male,70,0_0_1,0.7403846153846154,0.751219512195122,0.7623762376237624,0.7475247524752475,0.6015625,0.45454545454545453,0.625,1.0,0.45454545454545453,0.45454545454545453
0,Family,Male,70,0_1_0,0.5288461538461539,0.6626506024096386,0.8870967741935484,0.7227722772277227,0.4954954954954955,0.2727272727272727,0.42857142857142855,1.0,0.2727272727272727,0.2727272727272727
0,Family,Male,70,1_0_0,1.0,0.6887417218543046,0.5252525252525253,0.5346534653465347,0.5252525252525253,1.0,1.0,1.0,1.0,1.0
0,Family,Male,70,1_1_1,0.5865384615384616,0.6892655367231638,0.8356164383561644,0.7277227722772277,0.5258620689655172,0.2727272727272727,0.42857142857142855,1.0,0.2727272727272727,0.2727272727272727
0,Family,Male,75,0_0_0,0.028846153846153848,0.056074766355140186,1.0,0.5,0.028846153846153848,0.0,0.0,0.0,0.0,0.0
0,Family,Male,75,0_0_1,0.6634615384615384,0.7076923076923077,0.7582417582417582,0.7178217821782178,0.5476190476190477,0.3076923076923077,0.47058823529411764,1.0,0.3076923076923077,0.3076923076923077
0,Family,Male,75,0_1_0,0.46153846153846156,0.6037735849056604,0.8727272727272727,0.6881188118811881,0.43243243243243246,0.15384615384615385,0.26666666666666666,1.0,0.15384615384615385,0.15384615384615385
0,Family,Male,75,1_0_0,1.0,0.7050847457627119,0.5445026178010471,0.5693069306930693,0.5445026178010471,1.0,1.0,1.0,1.0,1.0
0,Family,Male,75,1_1_1,0.5384615384615384,0.6588235294117647,0.8484848484848485,0.7128712871287128,0.49122807017543857,0.15384615384615385,0.26666666666666666,1.0,0.15384615384615385,0.15384615384615385
0,Family,Male,80,0_0_0,0.019230769230769232,0.03773584905660377,1.0,0.49504950495049505,0.019230769230769232,0.0,0.0,0.0,0.0,0.0
0,Family,Male,80,0_0_1,0.6730769230769231,0.7253886010362695,0.7865168539325843,0.7376237623762376,0.5691056910569106,0.2,0.3333333333333333,1.0,0.2,0.2
0,Family,Male,80,0_1_0,0.4326923076923077,0.5660377358490566,0.8181818181818182,0.6584158415841584,0.39473684210526316,0.06666666666666667,0.125,1.0,0.06666666666666667,0.06666666666666667
0,Family,Male,80,1_0_0,0.9423076923076923,0.6901408450704225,0.5444444444444444,0.5643564356435643,0.5268817204301075,0.6666666666666666,0.8,1.0,0.6666666666666666,0.6666666666666666
0,Family,Male,80,1_1_1,0.5480769230769231,0.6666666666666666,0.8507462686567164,0.7178217821782178,0.5,0.2,0.3333333333333333,1.0,0.2,0.2
0,Family,PersonWithASibling,0,0_0_0,0.0,0.0,0.0,0.6435643564356436,0.0,,,,,
0,Family,PersonWithASibling,0,0_0_1,0.0,0.0,0.0,0.6386138613861386,0.0,,,,,
0,Family,PersonWithASibling,0,0_1_0,0.027777777777777776,0.05263157894736842,0.5,0.6435643564356436,0.02702702702702703,,,,,
0,Family,PersonWithASibling,0,1_0_0,0.1388888888888889,0.18867924528301888,0.29411764705882354,0.5742574257425742,0.10416666666666667,,,,,
0,Family,PersonWithASibling,0,1_1_1,0.05555555555555555,0.08,0.14285714285714285,0.5445544554455446,0.041666666666666664,,,,,
0,Family,PersonWithASibling,5,0_0_0,0.0,0.0,0.0,0.6435643564356436,0.0,,,,,
0,Family,PersonWithASibling,5,0_0_1,0.0,0.0,0.0,0.6386138613861386,0.0,,,,,
0,Family,PersonWithASibling,5,0_1_0,0.027777777777777776,0.05263157894736842,0.5,0.6435643564356436,0.02702702702702703,,,,,
0,Family,PersonWithASibling,5,1_0_0,0.1388888888888889,0.18867924528301888,0.29411764705882354,0.5742574257425742,0.10416666666666667,,,,,
0,Family,PersonWithASibling,5,1_1_1,0.05555555555555555,0.08,0.14285714285714285,0.5445544554455446,0.041666666666666664,,,,,
0,Family,PersonWithASibling,10,0_0_0,0.0,0.0,0.0,0.6435643564356436,0.0,,,,,
0,Family,PersonWithASibling,10,0_0_1,0.0,0.0,0.0,0.6386138613861386,0.0,,,,,
0,Family,PersonWithASibling,10,0_1_0,0.027777777777777776,0.05263157894736842,0.5,0.6435643564356436,0.02702702702702703,,,,,
0,Family,PersonWithASibling,10,1_0_0,0.1388888888888889,0.18867924528301888,0.29411764705882354,0.5742574257425742,0.10416666666666667,,,,,
0,Family,PersonWithASibling,10,1_1_1,0.05555555555555555,0.08,0.14285714285714285,0.5445544554455446,0.041666666666666664,,,,,
0,Family,PersonWithASibling,15,0_0_0,0.0,0.0,0.0,0.6435643564356436,0.0,,,,,
0,Family,PersonWithASibling,15,0_0_1,0.0,0.0,0.0,0.6386138613861386,0.0,,,,,
0,Family,PersonWithASibling,15,0_1_0,0.027777777777777776,0.05263157894736842,0.5,0.6435643564356436,0.02702702702702703,,,,,
0,Family,PersonWithASibling,15,1_0_0,0.1388888888888889,0.18867924528301888,0.29411764705882354,0.5742574257425742,0.10416666666666667,,,,,
0,Family,PersonWithASibling,15,1_1_1,0.05555555555555555,0.08,0.14285714285714285,0.5445544554455446,0.041666666666666664,,,,,
0,Family,PersonWithASibling,20,0_0_0,0.0,0.0,0.0,0.6435643564356436,0.0,,,,,
0,Family,PersonWithASibling,20,0_0_1,0.0,0.0,0.0,0.6386138613861386,0.0,,,,,
0,Family,PersonWithASibling,20,0_1_0,0.027777777777777776,0.05263157894736842,0.5,0.6435643564356436,0.02702702702702703,,,,,
0,Family,PersonWithASibling,20,1_0_0,0.1388888888888889,0.18867924528301888,0.29411764705882354,0.5742574257425742,0.10416666666666667,,,,,
0,Family,PersonWithASibling,20,1_1_1,0.05555555555555555,0.08,0.14285714285714285,0.5445544554455446,0.041666666666666664,,,,,
0,Family,PersonWithASibling,25,0_0_0,0.0,0.0,0.0,0.6435643564356436,0.0,,,,,
0,Family,PersonWithASibling,25,0_0_1,0.0,0.0,0.0,0.6386138613861386,0.0,,,,,
0,Family,PersonWithASibling,25,0_1_0,0.027777777777777776,0.05263157894736842,0.5,0.6435643564356436,0.02702702702702703,,,,,
0,Family,PersonWithASibling,25,1_0_0,0.1388888888888889,0.18867924528301888,0.29411764705882354,0.5742574257425742,0.10416666666666667,,,,,
0,Family,PersonWithASibling,25,1_1_1,0.05555555555555555,0.08,0.14285714285714285,0.5445544554455446,0.041666666666666664,,,,,
0,Family,PersonWithASibling,30,0_0_0,0.0,0.0,0.0,0.6435643564356436,0.0,,,,,
0,Family,PersonWithASibling,30,0_0_1,0.0,0.0,0.0,0.6386138613861386,0.0,,,,,
0,Family,PersonWithASibling,30,0_1_0,0.027777777777777776,0.05263157894736842,0.5,0.6435643564356436,0.02702702702702703,,,,,
0,Family,PersonWithASibling,30,1_0_0,0.1388888888888889,0.18867924528301888,0.29411764705882354,0.5742574257425742,0.10416666666666667,,,,,
0,Family,PersonWithASibling,30,1_1_1,0.05555555555555555,0.08,0.14285714285714285,0.5445544554455446,0.041666666666666664,,,,,
0,Family,PersonWithASibling,35,0_0_0,0.0,0.0,0.0,0.6435643564356436,0.0,,,,,
0,Family,PersonWithASibling,35,0_0_1,0.0,0.0,0.0,0.6386138613861386,0.0,,,,,
0,Family,PersonWithASibling,35,0_1_0,0.027777777777777776,0.05263157894736842,0.5,0.6435643564356436,0.02702702702702703,,,,,
0,Family,PersonWithASibling,35,1_0_0,0.1388888888888889,0.18867924528301888,0.29411764705882354,0.5742574257425742,0.10416666666666667,,,,,
0,Family,PersonWithASibling,35,1_1_1,0.05555555555555555,0.08,0.14285714285714285,0.5445544554455446,0.041666666666666664,,,,,
0,Family,PersonWithASibling,40,0_0_0,0.0,0.0,0.0,0.6435643564356436,0.0,,,,,
0,Family,PersonWithASibling,40,0_0_1,0.0,0.0,0.0,0.6386138613861386,0.0,,,,,
0,Family,PersonWithASibling,40,0_1_0,0.027777777777777776,0.05263157894736842,0.5,0.6435643564356436,0.02702702702702703,,,,,
0,Family,PersonWithASibling,40,1_0_0,0.1388888888888889,0.18867924528301888,0.29411764705882354,0.5742574257425742,0.10416666666666667,,,,,
0,Family,PersonWithASibling,40,1_1_1,0.05555555555555555,0.08,0.14285714285714285,0.5445544554455446,0.041666666666666664,,,,,
0,Family,PersonWithASibling,45,0_0_0,0.0,0.0,0.0,0.6435643564356436,0.0,,,,,
0,Family,PersonWithASibling,45,0_0_1,0.0,0.0,0.0,0.6386138613861386,0.0,,,,,
0,Family,PersonWithASibling,45,0_1_0,0.027777777777777776,0.05263157894736842,0.5,0.6435643564356436,0.02702702702702703,,,,,
0,Family,PersonWithASibling,45,1_0_0,0.1388888888888889,0.18867924528301888,0.29411764705882354,0.5742574257425742,0.10416666666666667,,,,,
0,Family,PersonWithASibling,45,1_1_1,0.05555555555555555,0.08,0.14285714285714285,0.5445544554455446,0.041666666666666664,,,,,
0,Family,PersonWithASibling,50,0_0_0,0.0,0.0,0.0,0.6435643564356436,0.0,,,,,
0,Family,PersonWithASibling,50,0_0_1,0.0,0.0,0.0,0.6386138613861386,0.0,,,,,
0,Family,PersonWithASibling,50,0_1_0,0.027777777777777776,0.05263157894736842,0.5,0.6435643564356436,0.02702702702702703,,,,,
0,Family,PersonWithASibling,50,1_0_0,0.1388888888888889,0.18867924528301888,0.29411764705882354,0.5742574257425742,0.10416666666666667,,,,,
0,Family,PersonWithASibling,50,1_1_1,0.05555555555555555,0.08,0.14285714285714285,0.5445544554455446,0.041666666666666664,,,,,
0,Family,PersonWithASibling,55,0_0_0,0.0,0.0,0.0,0.6435643564356436,0.0,,,,,
0,Family,PersonWithASibling,55,0_0_1,0.0,0.0,0.0,0.6386138613861386,0.0,,,,,
0,Family,PersonWithASibling,55,0_1_0,0.027777777777777776,0.05263157894736842,0.5,0.6435643564356436,0.02702702702702703,,,,,
0,Family,PersonWithASibling,55,1_0_0,0.1388888888888889,0.18867924528301888,0.29411764705882354,0.5742574257425742,0.10416666666666667,,,,,
0,Family,PersonWithASibling,55,1_1_1,0.05555555555555555,0.08,0.14285714285714285,0.5445544554455446,0.041666666666666664,,,,,
0,Family,PersonWithASibling,60,0_0_0,0.0,0.0,0.0,0.6435643564356436,0.0,,,,,
0,Family,PersonWithASibling,60,0_0_1,0.0,0.0,0.0,0.6386138613861386,0.0,,,,,
0,Family,PersonWithASibling,60,0_1_0,0.027777777777777776,0.05263157894736842,0.5,0.6435643564356436,0.02702702702702703,,,,,
0,Family,PersonWithASibling,60,1_0_0,0.1388888888888889,0.18867924528301888,0.29411764705882354,0.5742574257425742,0.10416666666666667,,,,,
0,Family,PersonWithASibling,60,1_1_1,0.05555555555555555,0.08,0.14285714285714285,0.5445544554455446,0.041666666666666664,,,,,
0,Family,PersonWithASibling,65,0_0_0,0.0,0.0,0.0,0.6435643564356436,0.0,,,,,
0,Family,PersonWithASibling,65,0_0_1,0.0,0.0,0.0,0.6386138613861386,0.0,,,,,
0,Family,PersonWithASibling,65,0_1_0,0.027777777777777776,0.05263157894736842,0.5,0.6435643564356436,0.02702702702702703,,,,,
0,Family,PersonWithASibling,65,1_0_0,0.1388888888888889,0.18867924528301888,0.29411764705882354,0.5742574257425742,0.10416666666666667,,,,,
0,Family,PersonWithASibling,65,1_1_1,0.05555555555555555,0.08,0.14285714285714285,0.5445544554455446,0.041666666666666664,,,,,
0,Family,PersonWithASibling,70,0_0_0,0.0,0.0,0.0,0.6435643564356436,0.0,,,,,
0,Family,PersonWithASibling,70,0_0_1,0.0,0.0,0.0,0.6386138613861386,0.0,,,,,
0,Family,PersonWithASibling,70,0_1_0,0.027777777777777776,0.05263157894736842,0.5,0.6435643564356436,0.02702702702702703,,,,,
0,Family,PersonWithASibling,70,1_0_0,0.1388888888888889,0.18867924528301888,0.29411764705882354,0.5742574257425742,0.10416666666666667,,,,,
0,Family,PersonWithASibling,70,1_1_1,0.05555555555555555,0.08,0.14285714285714285,0.5445544554455446,0.041666666666666664,,,,,
0,Family,PersonWithASibling,75,0_0_0,0.0,0.0,0.0,0.6435643564356436,0.0,,,,,
0,Family,PersonWithASibling,75,0_0_1,0.0,0.0,0.0,0.6386138613861386,0.0,,,,,
0,Family,PersonWithASibling,75,0_1_0,0.027777777777777776,0.05263157894736842,0.5,0.6435643564356436,0.02702702702702703,,,,,
0,Family,PersonWithASibling,75,1_0_0,0.1388888888888889,0.18867924528301888,0.29411764705882354,0.5742574257425742,0.10416666666666667,,,,,
0,Family,PersonWithASibling,75,1_1_1,0.05555555555555555,0.08,0.14285714285714285,0.5445544554455446,0.041666666666666664,,,,,
0,Family,PersonWithASibling,80,0_0_0,0.0,0.0,0.0,0.6435643564356436,0.0,,,,,
0,Family,PersonWithASibling,80,0_0_1,0.0,0.0,0.0,0.6386138613861386,0.0,,,,,
0,Family,PersonWithASibling,80,0_1_0,0.027777777777777776,0.05263157894736842,0.5,0.6435643564356436,0.02702702702702703,,,,,
0,Family,PersonWithASibling,80,1_0_0,0.1388888888888889,0.18867924528301888,0.29411764705882354,0.5742574257425742,0.10416666666666667,,,,,
0,Family,PersonWithASibling,80,1_1_1,0.05555555555555555,0.08,0.14285714285714285,0.5445544554455446,0.041666666666666664,,,,,
0,Family,Child,0,0_0_0,0.0,0.0,0.0,0.48514851485148514,0.0,,,,,
0,Family,Child,0,0_0_1,0.009615384615384616,0.01904761904761905,1.0,0.4900990099009901,0.009615384615384616,,,,,
0,Family,Child,0,0_1_0,0.0673076923076923,0.12612612612612611,1.0,0.5198019801980198,0.0673076923076923,,,,,
0,Family,Child,0,1_0_0,0.2403846153846154,0.3597122302158273,0.7142857142857143,0.5594059405940595,0.21929824561403508,,,,,
0,Family,Child,0,1_1_1,0.33653846153846156,0.42168674698795183,0.5645161290322581,0.5247524752475248,0.26717557251908397,,,,,
0,Family,Child,5,0_0_0,0.0,0.0,0.0,0.48514851485148514,0.0,,,,,
0,Family,Child,5,0_0_1,0.009615384615384616,0.01904761904761905,1.0,0.4900990099009901,0.009615384615384616,,,,,
0,Family,Child,5,0_1_0,0.0673076923076923,0.12612612612612611,1.0,0.5198019801980198,0.0673076923076923,,,,,
0,Family,Child,5,1_0_0,0.2403846153846154,0.3597122302158273,0.7142857142857143,0.5594059405940595,0.21929824561403508,,,,,
0,Family,Child,5,1_1_1,0.33653846153846156,0.42168674698795183,0.5645161290322581,0.5247524752475248,0.26717557251908397,,,,,
0,Family,Child,10,0_0_0,0.0,0.0,0.0,0.48514851485148514,0.0,,,,,
0,Family,Child,10,0_0_1,0.009615384615384616,0.01904761904761905,1.0,0.4900990099009901,0.009615384615384616,,,,,
0,Family,Child,10,0_1_0,0.0673076923076923,0.12612612612612611,1.0,0.5198019801980198,0.0673076923076923,,,,,
0,Family,Child,10,1_0_0,0.2403846153846154,0.3597122302158273,0.7142857142857143,0.5594059405940595,0.21929824561403508,,,,,
0,Family,Child,10,1_1_1,0.33653846153846156,0.42168674698795183,0.5645161290322581,0.5247524752475248,0.26717557251908397,,,,,
0,Family,Child,15,0_0_0,0.0,0.0,0.0,0.48514851485148514,0.0,,,,,
0,Family,Child,15,0_0_1,0.009615384615384616,0.01904761904761905,1.0,0.4900990099009901,0.009615384615384616,,,,,
0,Family,Child,15,0_1_0,0.0673076923076923,0.12612612612612611,1.0,0.5198019801980198,0.0673076923076923,,,,,
0,Family,Child,15,1_0_0,0.2403846153846154,0.3597122302158273,0.7142857142857143,0.5594059405940595,0.21929824561403508,,,,,
0,Family,Child,15,1_1_1,0.33653846153846156,0.42168674698795183,0.5645161290322581,0.5247524752475248,0.26717557251908397,,,,,
0,Family,Child,20,0_0_0,0.0,0.0,0.0,0.48514851485148514,0.0,,,,,
0,Family,Child,20,0_0_1,0.009615384615384616,0.01904761904761905,1.0,0.4900990099009901,0.009615384615384616,,,,,
0,Family,Child,20,0_1_0,0.0673076923076923,0.12612612612612611,1.0,0.5198019801980198,0.0673076923076923,,,,,
0,Family,Child,20,1_0_0,0.2403846153846154,0.3597122302158273,0.7142857142857143,0.5594059405940595,0.21929824561403508,,,,,
0,Family,Child,20,1_1_1,0.33653846153846156,0.42168674698795183,0.5645161290322581,0.5247524752475248,0.26717557251908397,,,,,
0,Family,Child,25,0_0_0,0.0,0.0,0.0,0.48514851485148514,0.0,,,,,
0,Family,Child,25,0_0_1,0.009615384615384616,0.01904761904761905,1.0,0.4900990099009901,0.009615384615384616,,,,,
0,Family,Child,25,0_1_0,0.0673076923076923,0.12612612612612611,1.0,0.5198019801980198,0.0673076923076923,,,,,
0,Family,Child,25,1_0_0,0.2403846153846154,0.3597122302158273,0.7142857142857143,0.5594059405940595,0.21929824561403508,,,,,
0,Family,Child,25,1_1_1,0.33653846153846156,0.42168674698795183,0.5645161290322581,0.5247524752475248,0.26717557251908397,,,,,
0,Family,Child,30,0_0_0,0.0,0.0,0.0,0.48514851485148514,0.0,,,,,
0,Family,Child,30,0_0_1,0.009615384615384616,0.01904761904761905,1.0,0.4900990099009901,0.009615384615384616,,,,,
0,Family,Child,30,0_1_0,0.0673076923076923,0.12612612612612611,1.0,0.5198019801980198,0.0673076923076923,,,,,
0,Family,Child,30,1_0_0,0.2403846153846154,0.3597122302158273,0.7142857142857143,0.5594059405940595,0.21929824561403508,,,,,
0,Family,Child,30,1_1_1,0.33653846153846156,0.42168674698795183,0.5645161290322581,0.5247524752475248,0.26717557251908397,,,,,
0,Family,Child,35,0_0_0,0.0,0.0,0.0,0.48514851485148514,0.0,,,,,
0,Family,Child,35,0_0_1,0.009615384615384616,0.01904761904761905,1.0,0.4900990099009901,0.009615384615384616,,,,,
0,Family,Child,35,0_1_0,0.0673076923076923,0.12612612612612611,1.0,0.5198019801980198,0.0673076923076923,,,,,
0,Family,Child,35,1_0_0,0.2403846153846154,0.3597122302158273,0.7142857142857143,0.5594059405940595,0.21929824561403508,,,,,
0,Family,Child,35,1_1_1,0.33653846153846156,0.42168674698795183,0.5645161290322581,0.5247524752475248,0.26717557251908397,,,,,
0,Family,Child,40,0_0_0,0.0,0.0,0.0,0.48514851485148514,0.0,,,,,
0,Family,Child,40,0_0_1,0.009615384615384616,0.01904761904761905,1.0,0.4900990099009901,0.009615384615384616,,,,,
0,Family,Child,40,0_1_0,0.0673076923076923,0.12612612612612611,1.0,0.5198019801980198,0.0673076923076923,,,,,
0,Family,Child,40,1_0_0,0.2403846153846154,0.3597122302158273,0.7142857142857143,0.5594059405940595,0.21929824561403508,,,,,
0,Family,Child,40,1_1_1,0.33653846153846156,0.42168674698795183,0.5645161290322581,0.5247524752475248,0.26717557251908397,,,,,
0,Family,Child,45,0_0_0,0.0,0.0,0.0,0.48514851485148514,0.0,,,,,
0,Family,Child,45,0_0_1,0.009615384615384616,0.01904761904761905,1.0,0.4900990099009901,0.009615384615384616,,,,,
0,Family,Child,45,0_1_0,0.0673076923076923,0.12612612612612611,1.0,0.5198019801980198,0.0673076923076923,,,,,
0,Family,Child,45,1_0_0,0.2403846153846154,0.3597122302158273,0.7142857142857143,0.5594059405940595,0.21929824561403508,,,,,
0,Family,Child,45,1_1_1,0.33653846153846156,0.42168674698795183,0.5645161290322581,0.5247524752475248,0.26717557251908397,,,,,
0,Family,Child,50,0_0_0,0.0,0.0,0.0,0.48514851485148514,0.0,,,,,
0,Family,Child,50,0_0_1,0.009615384615384616,0.01904761904761905,1.0,0.4900990099009901,0.009615384615384616,,,,,
0,Family,Child,50,0_1_0,0.0673076923076923,0.12612612612612611,1.0,0.5198019801980198,0.0673076923076923,,,,,
0,Family,Child,50,1_0_0,0.2403846153846154,0.3597122302158273,0.7142857142857143,0.5594059405940595,0.21929824561403508,,,,,
0,Family,Child,50,1_1_1,0.33653846153846156,0.42168674698795183,0.5645161290322581,0.5247524752475248,0.26717557251908397,,,,,
0,Family,Child,55,0_0_0,0.0,0.0,0.0,0.48514851485148514,0.0,,,,,
0,Family,Child,55,0_0_1,0.009615384615384616,0.01904761904761905,1.0,0.4900990099009901,0.009615384615384616,,,,,
0,Family,Child,55,0_1_0,0.0673076923076923,0.12612612612612611,1.0,0.5198019801980198,0.0673076923076923,,,,,
0,Family,Child,55,1_0_0,0.2403846153846154,0.3597122302158273,0.7142857142857143,0.5594059405940595,0.21929824561403508,,,,,
0,Family,Child,55,1_1_1,0.33653846153846156,0.42168674698795183,0.5645161290322581,0.5247524752475248,0.26717557251908397,,,,,
0,Family,Child,60,0_0_0,0.0,0.0,0.0,0.48514851485148514,0.0,,,,,
0,Family,Child,60,0_0_1,0.009615384615384616,0.01904761904761905,1.0,0.4900990099009901,0.009615384615384616,,,,,
0,Family,Child,60,0_1_0,0.0673076923076923,0.12612612612612611,1.0,0.5198019801980198,0.0673076923076923,,,,,
0,Family,Child,60,1_0_0,0.2403846153846154,0.3597122302158273,0.7142857142857143,0.5594059405940595,0.21929824561403508,,,,,
0,Family,Child,60,1_1_1,0.33653846153846156,0.42168674698795183,0.5645161290322581,0.5247524752475248,0.26717557251908397,,,,,
0,Family,Child,65,0_0_0,0.0,0.0,0.0,0.48514851485148514,0.0,,,,,
0,Family,Child,65,0_0_1,0.009615384615384616,0.01904761904761905,1.0,0.4900990099009901,0.009615384615384616,,,,,
0,Family,Child,65,0_1_0,0.0673076923076923,0.12612612612612611,1.0,0.5198019801980198,0.0673076923076923,,,,,
0,Family,Child,65,1_0_0,0.2403846153846154,0.3597122302158273,0.7142857142857143,0.5594059405940595,0.21929824561403508,,,,,
0,Family,Child,65,1_1_1,0.33653846153846156,0.42168674698795183,0.5645161290322581,0.5247524752475248,0.26717557251908397,,,,,
0,Family,Child,70,0_0_0,0.0,0.0,0.0,0.48514851485148514,0.0,,,,,
0,Family,Child,70,0_0_1,0.009615384615384616,0.01904761904761905,1.0,0.4900990099009901,0.009615384615384616,,,,,
0,Family,Child,70,0_1_0,0.0673076923076923,0.12612612612612611,1.0,0.5198019801980198,0.0673076923076923,,,,,
0,Family,Child,70,1_0_0,0.2403846153846154,0.3597122302158273,0.7142857142857143,0.5594059405940595,0.21929824561403508,,,,,
0,Family,Child,70,1_1_1,0.33653846153846156,0.42168674698795183,0.5645161290322581,0.5247524752475248,0.26717557251908397,,,,,
0,Family,Child,75,0_0_0,0.0,0.0,0.0,0.48514851485148514,0.0,,,,,
0,Family,Child,75,0_0_1,0.009615384615384616,0.01904761904761905,1.0,0.4900990099009901,0.009615384615384616,,,,,
0,Family,Child,75,0_1_0,0.0673076923076923,0.12612612612612611,1.0,0.5198019801980198,0.0673076923076923,,,,,
0,Family,Child,75,1_0_0,0.2403846153846154,0.3597122302158273,0.7142857142857143,0.5594059405940595,0.21929824561403508,,,,,
0,Family,Child,75,1_1_1,0.33653846153846156,0.42168674698795183,0.5645161290322581,0.5247524752475248,0.26717557251908397,,,,,
0,Family,Child,80,0_0_0,0.0,0.0,0.0,0.48514851485148514,0.0,,,,,
0,Family,Child,80,0_0_1,0.009615384615384616,0.01904761904761905,1.0,0.4900990099009901,0.009615384615384616,,,,,
0,Family,Child,80,0_1_0,0.0673076923076923,0.12612612612612611,1.0,0.5198019801980198,0.0673076923076923,,,,,
0,Family,Child,80,1_0_0,0.2403846153846154,0.3597122302158273,0.7142857142857143,0.5594059405940595,0.21929824561403508,,,,,
0,Family,Child,80,1_1_1,0.33653846153846156,0.42168674698795183,0.5645161290322581,0.5247524752475248,0.26717557251908397,,,,,
0,Family,Person,0,0_0_0,0.15841584158415842,0.27350427350427353,1.0,0.15841584158415842,0.15841584158415842,,,,,
0,Family,Person,0,0_0_1,1.0,1.0,1.0,1.0,1.0,,,,,
0,Family,Person,0,0_1_0,1.0,1.0,1.0,1.0,1.0,,,,,
0,Family,Person,0,1_0_0,1.0,1.0,1.0,1.0,1.0,,,,,
0,Family,Person,0,1_1_1,0.12376237623762376,0.22026431718061673,1.0,0.12376237623762376,0.12376237623762376,,,,,
0,Family,Person,5,0_0_0,0.30198019801980197,0.46387832699619774,1.0,0.30198019801980197,0.30198019801980197,,,,,
0,Family,Person,5,0_0_1,1.0,1.0,1.0,1.0,1.0,,,,,
0,Family,Person,5,0_1_0,0.9801980198019802,0.99,1.0,0.9801980198019802,0.9801980198019802,,,,,
0,Family,Person,5,1_0_0,1.0,1.0,1.0,1.0,1.0,,,,,
0,Family,Person,5,1_1_1,0.07425742574257425,0.1382488479262673,1.0,0.07425742574257425,0.07425742574257425,,,,,
0,Family,Person,10,0_0_0,0.16831683168316833,0.288135593220339,1.0,0.16831683168316833,0.16831683168316833,,,,,
0,Family,Person,10,0_0_1,0.9801980198019802,0.99,1.0,0.9801980198019802,0.9801980198019802,,,,,
0,Family,Person,10,0_1_0,1.0,1.0,1.0,1.0,1.0,,,,,
0,Family,Person,10,1_0_0,1.0,1.0,1.0,1.0,1.0,,,,,
0,Family,Person,10,1_1_1,0.6831683168316832,0.8117647058823529,1.0,0.6831683168316832,0.6831683168316832,,,,,
0,Family,Person,15,0_0_0,0.16336633663366337,0.28085106382978725,1.0,0.16336633663366337,0.16336633663366337,,,,,
0,Family,Person,15,0_0_1,1.0,1.0,1.0,1.0,1.0,,,,,
0,Family,Person,15,0_1_0,0.995049504950495,0.9975186104218362,1.0,0.995049504950495,0.995049504950495,,,,,
0,Family,Person,15,1_0_0,1.0,1.0,1.0,1.0,1.0,,,,,
0,Family,Person,15,1_1_1,0.0594059405940594,0.11214953271028037,1.0,0.0594059405940594,0.0594059405940594,,,,,
0,Family,Person,20,0_0_0,0.12871287128712872,0.22807017543859648,1.0,0.12871287128712872,0.12871287128712872,,,,,
0,Family,Person,20,0_0_1,0.9603960396039604,0.9797979797979798,1.0,0.9603960396039604,0.9603960396039604,,,,,
0,Family,Person,20,0_1_0,0.8514851485148515,0.9197860962566845,1.0,0.8514851485148515,0.8514851485148515,,,,,
0,Family,Person,20,1_0_0,1.0,1.0,1.0,1.0,1.0,,,,,
0,Family,Person,20,1_1_1,0.07920792079207921,0.14678899082568808,1.0,0.07920792079207921,0.07920792079207921,,,,,
0,Family,Person,25,0_0_0,0.23267326732673269,0.37751004016064255,1.0,0.23267326732673269,0.23267326732673269,,,,,
0,Family,Person,25,0_0_1,1.0,1.0,1.0,1.0,1.0,,,,,
0,Family,Person,25,0_1_0,0.7920792079207921,0.8839779005524862,1.0,0.7920792079207921,0.7920792079207921,,,,,
0,Family,Person,25,1_0_0,1.0,1.0,1.0,1.0,1.0,,,,,
0,Family,Person,25,1_1_1,0.12376237623762376,0.22026431718061673,1.0,0.12376237623762376,0.12376237623762376,,,,,
0,Family,Person,30,0_0_0,0.15841584158415842,0.27350427350427353,1.0,0.15841584158415842,0.15841584158415842,,,,,
0,Family,Person,30,0_0_1,1.0,1.0,1.0,1.0,1.0,,,,,
0,Family,Person,30,0_1_0,0.9504950495049505,0.9746192893401016,1.0,0.9504950495049505,0.9504950495049505,,,,,
0,Family,Person,30,1_0_0,1.0,1.0,1.0,1.0,1.0,,,,,
0,Family,Person,30,1_1_1,0.22277227722772278,0.3643724696356275,1.0,0.22277227722772278,0.22277227722772278,,,,,
0,Family,Person,35,0_0_0,0.1188118811881188,0.21238938053097345,1.0,0.1188118811881188,0.1188118811881188,,,,,
0,Family,Person,35,0_0_1,0.9702970297029703,0.9849246231155779,1.0,0.9702970297029703,0.9702970297029703,,,,,
0,Family,Person,35,0_1_0,0.900990099009901,0.9479166666666666,1.0,0.900990099009901,0.900990099009901,,,,,
0,Family,Person,35,1_0_0,1.0,1.0,1.0,1.0,1.0,,,,,
0,Family,Person,35,1_1_1,0.6287128712871287,0.7720364741641338,1.0,0.6287128712871287,0.6287128712871287,,,,,
0,Family,Person,40,0_0_0,0.0,0.0,0.0,0.0,0.0,,,,,
0,Family,Person,40,0_0_1,0.6188118811881188,0.764525993883792,1.0,0.6188118811881188,0.6188118811881188,,,,,
0,Family,Person,40,0_1_0,0.6089108910891089,0.7569230769230769,1.0,0.6089108910891089,0.6089108910891089,,,,,
0,Family,Person,40,1_0_0,1.0,1.0,1.0,1.0,1.0,,,,,
0,Family,Person,40,1_1_1,0.06435643564356436,0.12093023255813953,1.0,0.06435643564356436,0.06435643564356436,,,,,
0,Family,Person,45,0_0_0,0.0,0.0,0.0,0.0,0.0,,,,,
0,Family,Person,45,0_0_1,0.801980198019802,0.8901098901098901,1.0,0.801980198019802,0.801980198019802,,,,,
0,Family,Person,45,0_1_0,0.6732673267326733,0.8047337278106509,1.0,0.6732673267326733,0.6732673267326733,,,,,
0,Family,Person,45,1_0_0,1.0,1.0,1.0,1.0,1.0,,,,,
0,Family,Person,45,1_1_1,0.995049504950495,0.9975186104218362,1.0,0.995049504950495,0.995049504950495,,,,,
0,Family,Person,50,0_0_0,0.0049504950495049506,0.009852216748768473,1.0,0.0049504950495049506,0.0049504950495049506,,,,,
0,Family,Person,50,0_0_1,0.7178217821782178,0.8357348703170029,1.0,0.7178217821782178,0.7178217821782178,,,,,
0,Family,Person,50,0_1_0,0.7970297029702971,0.8870523415977961,1.0,0.7970297029702971,0.7970297029702971,,,,,
0,Family,Person,50,1_0_0,1.0,1.0,1.0,1.0,1.0,,,,,
0,Family,Person,50,1_1_1,0.30198019801980197,0.46387832699619774,1.0,0.30198019801980197,0.30198019801980197,,,,,
0,Family,Person,55,0_0_0,0.009900990099009901,0.0196078431372549,1.0,0.009900990099009901,0.009900990099009901,,,,,
0,Family,Person,55,0_0_1,0.9158415841584159,0.9560723514211886,1.0,0.9158415841584159,0.9158415841584159,,,,,
0,Family,Person,55,0_1_0,0.7920792079207921,0.8839779005524862,1.0,0.7920792079207921,0.7920792079207921,,,,,
0,Family,Person,55,1_0_0,1.0,1.0,1.0,1.0,1.0,,,,,
0,Family,Person,55,1_1_1,0.21782178217821782,0.35772357723577236,1.0,0.21782178217821782,0.21782178217821782,,,,,
0,Family,Person,60,0_0_0,0.009900990099009901,0.0196078431372549,1.0,0.009900990099009901,0.009900990099009901,,,,,
0,Family,Person,60,0_0_1,0.8613861386138614,0.925531914893617,1.0,0.8613861386138614,0.8613861386138614,,,,,
0,Family,Person,60,0_1_0,0.7475247524752475,0.8555240793201133,1.0,0.7475247524752475,0.7475247524752475,,,,,
0,Family,Person,60,1_0_0,1.0,1.0,1.0,1.0,1.0,,,,,
0,Family,Person,60,1_1_1,0.26732673267326734,0.421875,1.0,0.26732673267326734,0.26732673267326734,,,,,
0,Family,Person,65,0_0_0,0.054455445544554455,0.10328638497652583,1.0,0.054455445544554455,0.054455445544554455,,,,,
0,Family,Person,65,0_0_1,0.8910891089108911,0.9424083769633508,1.0,0.8910891089108911,0.8910891089108911,,,,,
0,Family,Person,65,0_1_0,0.7128712871287128,0.8323699421965318,1.0,0.7128712871287128,0.7128712871287128,,,,,
0,Family,Person,65,1_0_0,1.0,1.0,1.0,1.0,1.0,,,,,
0,Family,Person,65,1_1_1,0.09405940594059406,0.17194570135746606,1.0,0.09405940594059406,0.09405940594059406,,,,,
0,Family,Person,70,0_0_0,0.0297029702970297,0.057692307692307696,1.0,0.0297029702970297,0.0297029702970297,,,,,
0,Family,Person,70,0_0_1,0.6386138613861386,0.7794561933534743,1.0,0.6386138613861386,0.6386138613861386,,,,,
0,Family,Person,70,0_1_0,0.801980198019802,0.8901098901098901,1.0,0.801980198019802,0.801980198019802,,,,,
0,Family,Person,70,1_0_0,0.9900990099009901,0.9950248756218906,1.0,0.9900990099009901,0.9900990099009901,,,,,
0,Family,Person,70,1_1_1,0.0594059405940594,0.11214953271028037,1.0,0.0594059405940594,0.0594059405940594,,,,,
0,Family,Person,75,0_0_0,0.13366336633663367,0.23580786026200873,1.0,0.13366336633663367,0.13366336633663367,,,,,
0,Family,Person,75,0_0_1,0.6881188118811881,0.8152492668621701,1.0,0.6881188118811881,0.6881188118811881,,,,,
0,Family,Person,75,0_1_0,0.5594059405940595,0.7174603174603175,1.0,0.5594059405940595,0.5594059405940595,,,,,
0,Family,Person,75,1_0_0,1.0,1.0,1.0,1.0,1.0,,,,,
0,Family,Person,75,1_1_1,0.5841584158415841,0.7375,1.0,0.5841584158415841,0.5841584158415841,,,,,
0,Family,Person,80,0_0_0,0.0594059405940594,0.11214953271028037,1.0,0.0594059405940594,0.0594059405940594,,,,,
0,Family,Person,80,0_0_1,0.39603960396039606,0.5673758865248227,1.0,0.39603960396039606,0.39603960396039606,,,,,
0,Family,Person,80,0_1_0,0.6336633663366337,0.7757575757575758,1.0,0.6336633663366337,0.6336633663366337,,,,,
0,Family,Person,80,1_0_0,1.0,1.0,1.0,1.0,1.0,,,,,
0,Family,Person,80,1_1_1,0.6386138613861386,0.7794561933534743,1.0,0.6386138613861386,0.6386138613861386,,,,,
0,Family,Daughter,0,0_0_0,0.25,0.4,1.0,0.806930693069307,0.25,,,,,
0,Family,Daughter,0,0_0_1,1.0,0.7761194029850746,0.6341463414634146,0.8514851485148515,0.6341463414634146,,,,,
0,Family,Daughter,0,0_1_0,1.0,0.7761194029850746,0.6341463414634146,0.8514851485148515,0.6341463414634146,,,,,
0,Family,Daughter,0,1_0_0,1.0,0.4297520661157025,0.2736842105263158,0.31683168316831684,0.2736842105263158,,,,,
0,Family,Daughter,0,1_1_1,0.057692307692307696,0.036585365853658534,0.026785714285714284,0.21782178217821782,0.018633540372670808,,,,,
0,Family,Daughter,5,0_0_0,0.2692307692307692,0.42424242424242425,1.0,0.8118811881188119,0.2692307692307692,0.0,0.0,0.0,0.0,0.0
0,Family,Daughter,5,0_0_1,1.0,0.7591240875912408,0.611764705882353,0.8366336633663366,0.611764705882353,1.0,1.0,1.0,1.0,1.0
0,Family,Daughter,5,0_1_0,1.0,0.7878787878787878,0.65,0.8613861386138614,0.65,1.0,1.0,1.0,1.0,1.0
0,Family,Daughter,5,1_0_0,1.0,0.4262295081967213,0.2708333333333333,0.3069306930693069,0.2708333333333333,1.0,1.0,1.0,1.0,1.0
0,Family,Daughter,5,1_1_1,0.07692307692307693,0.047619047619047616,0.034482758620689655,0.2079207920792079,0.024390243902439025,0.5,0.6666666666666666,1.0,0.5,0.5
0,Family,Daughter,10,0_0_0,0.17307692307692307,0.29508196721311475,1.0,0.7871287128712872,0.17307692307692307,0.0,0.0,0.0,0.0,0.0
0,Family,Daughter,10,0_0_1,1.0,0.7878787878787878,0.65,0.8613861386138614,0.65,1.0,1.0,1.0,1.0,1.0
0,Family,Daughter,10,0_1_0,0.9807692307692307,0.796875,0.6710526315789473,0.8712871287128713,0.6623376623376623,0.8,0.8888888888888888,1.0,0.8,0.8
0,Family,Daughter,10,1_0_0,1.0,0.4727272727272727,0.30952380952380953,0.42574257425742573,0.30952380952380953,1.0,1.0,1.0,1.0,1.0
0,Family,Daughter,10,1_1_1,0.07692307692307693,0.047337278106508875,0.03418803418803419,0.20297029702970298,0.024242424242424242,0.0,0.0,0.0,0.0,0.0
0,Family,Daughter,15,0_0_0,0.17307692307692307,0.29508196721311475,1.0,0.7871287128712872,0.17307692307692307,0.0,0.0,0.0,0.0,0.0
0,Family,Daughter,15,0_0_1,1.0,0.832,0.7123287671232876,0.8960396039603961,0.7123287671232876,1.0,1.0,1.0,1.0,1.0
0,Family,Daughter,15,0_1_0,0.9807692307692307,0.796875,0.6710526315789473,0.8712871287128713,0.6623376623376623,0.8571428571428571,0.9230769230769231,1.0,0.8571428571428571,0.8571428571428571
0,Family,Daughter,15,1_0_0,1.0,0.5174129353233831,0.348993288590604,0.5198019801980198,0.348993288590604,1.0,1.0,1.0,1.0,1.0
0,Family,Daughter,15,1_1_1,0.07692307692307693,0.04678362573099415,0.03361344537815126,0.19306930693069307,0.023952095808383235,0.14285714285714285,0.25,1.0,0.14285714285714285,0.14285714285714285
0,Family,Daughter,20,0_0_0,0.0,0.0,0.0,0.7425742574257426,0.0,0.0,0.0,0.0,0.0,0.0
0,Family,Daughter,20,0_0_1,1.0,0.7938931297709924,0.6582278481012658,0.8663366336633663,0.6582278481012658,1.0,1.0,1.0,1.0,1.0
0,Family,Daughter,20,0_1_0,0.9807692307692307,0.7183098591549296,0.5666666666666667,0.801980198019802,0.5604395604395604,0.9,0.9473684210526315,1.0,0.9,0.9
0,Family,Daughter,20,1_0_0,1.0,0.4279835390946502,0.27225130890052357,0.3118811881188119,0.27225130890052357,1.0,1.0,1.0,1.0,1.0
0,Family,Daughter,20,1_1_1,0.17307692307692307,0.14516129032258066,0.125,0.4752475247524752,0.0782608695652174,0.4,0.5714285714285714,1.0,0.4,0.4
0,Family,Daughter,25,0_0_0,0.019230769230769232,0.03773584905660377,1.0,0.7475247524752475,0.019230769230769232,0.0,0.0,0.0,0.0,0.0
0,Family,Daughter,25,0_0_1,1.0,0.7878787878787878,0.65,0.8613861386138614,0.65,1.0,1.0,1.0,1.0,1.0
0,Family,Daughter,25,0_1_0,0.9807692307692307,0.7083333333333334,0.5543478260869565,0.7920792079207921,0.5483870967741935,0.9230769230769231,0.96,1.0,0.9230769230769231,0.9230769230769231
0,Family,Daughter,25,1_0_0,1.0,0.4262295081967213,0.2708333333333333,0.3069306930693069,0.2708333333333333,1.0,1.0,1.0,1.0,1.0
0,Family,Daughter,25,1_1_1,0.23076923076923078,0.17266187050359713,0.13793103448275862,0.4306930693069307,0.09448818897637795,0.46153846153846156,0.631578947368421,1.0,0.46153846153846156,0.46153846153846156
0,Family,Daughter,30,0_0_0,0.019230769230769232,0.03773584905660377,1.0,0.7475247524752475,0.019230769230769232,0.0,0.0,0.0,0.0,0.0
0,Family,Daughter,30,0_0_1,0.9807692307692307,0.7669172932330827,0.6296296296296297,0.8465346534653465,0.6219512195121951,0.9333333333333333,0.9655172413793104,1.0,0.9333333333333333,0.9333333333333333
0,Family,Daughter,30,0_1_0,0.9615384615384616,0.6993006993006993,0.5494505494505495,0.7871287128712872,0.5376344086021505,0.8666666666666667,0.9285714285714286,1.0,0.8666666666666667,0.8666666666666667
0,Family,Daughter,30,1_0_0,1.0,0.42276422764227645,0.26804123711340205,0.297029702970297,0.26804123711340205,1.0,1.0,1.0,1.0,1.0
0,Family,Daughter,30,1_1_1,0.23076923076923078,0.17266187050359713,0.13793103448275862,0.4306930693069307,0.09448818897637795,0.4,0.5714285714285714,1.0,0.4,0.4
0,Family,Daughter,35,0_0_0,0.0,0.0,0.0,0.7425742574257426,0.0,0.0,0.0,0.0,0.0,0.0
0,Family,Daughter,35,0_0_1,0.9807692307692307,0.7786259541984732,0.6455696202531646,0.8564356435643564,0.6375,0.9444444444444444,0.9714285714285714,1.0,0.9444444444444444,0.9444444444444444
0,Family,Daughter,35,0_1_0,0.9615384615384616,0.6993006993006993,0.5494505494505495,0.7871287128712872,0.5376344086021505,0.8888888888888888,0.9411764705882353,1.0,0.8888888888888888,0.8888888888888888
0,Family,Daughter,35,1_0_0,1.0,0.41767068273092367,0.2639593908629442,0.28217821782178215,0.2639593908629442,1.0,1.0,1.0,1.0,1.0
0,Family,Daughter,35,1_1_1,0.38461538461538464,0.2631578947368421,0.2,0.44554455445544555,0.15151515151515152,0.6111111111111112,0.7586206896551724,1.0,0.6111111111111112,0.6111111111111112
0,Family,Daughter,40,0_0_0,0.019230769230769232,0.03773584905660377,1.0,0.7475247524752475,0.019230769230769232,0.0,0.0,0.0,0.0,0.0
0,Family,Daughter,40,0_0_1,0.9423076923076923,0.7101449275362319,0.5697674418604651,0.801980198019802,0.550561797752809,0.85,0.918918918918919,1.0,0.85,0.85
0,Family,Daughter,40,0_1_0,0.9230769230769231,0.6956521739130435,0.5581395348837209,0.7920792079207921,0.5333333333333333,0.8,0.8888888888888888,1.0,0.8,0.8
0,Family,Daughter,40,1_0_0,1.0,0.4126984126984127,0.26,0.26732673267326734,0.26,1.0,1.0,1.0,1.0,1.0
0,Family,Daughter,40,1_1_1,0.4423076923076923,0.2929936305732484,0.21904761904761905,0.4504950495049505,0.17164179104477612,0.6,0.75,1.0,0.6,0.6
0,Family,Daughter,45,0_0_0,0.038461538461538464,0.07407407407407407,1.0,0.7524752475247525,0.038461538461538464,0.0,0.0,0.0,0.0,0.0
0,Family,Daughter,45,0_0_1,0.9615384615384616,0.746268656716418,0.6097560975609756,0.8316831683168316,0.5952380952380952,0.9130434782608695,0.9545454545454546,1.0,0.9130434782608695,0.9130434782608695
0,Family,Daughter,45,0_1_0,0.9423076923076923,0.7050359712230215,0.5632183908045977,0.7970297029702971,0.5444444444444444,0.8695652173913043,0.9302325581395349,1.0,0.8695652173913043,0.8695652173913043
0,Family,Daughter,45,1_0_0,1.0,0.41106719367588934,0.25870646766169153,0.2623762376237624,0.25870646766169153,1.0,1.0,1.0,1.0,1.0
0,Family,Daughter,45,1_1_1,0.4423076923076923,0.2857142857142857,0.21100917431192662,0.4306930693069307,0.16666666666666666,0.6521739130434783,0.7894736842105263,1.0,0.6521739130434783,0.6521739130434783
0,Family,Daughter,50,0_0_0,0.0,0.0,0.0,0.7425742574257426,0.0,0.0,0.0,0.0,0.0,0.0
0,Family,Daughter,50,0_0_1,0.8461538461538461,0.7213114754098361,0.6285714285714286,0.8316831683168316,0.5641025641025641,0.6923076923076923,0.8181818181818182,1.0,0.6923076923076923,0.6923076923076923
0,Family,Daughter,50,0_1_0,0.8846153846153846,0.6814814814814815,0.5542168674698795,0.7871287128712872,0.5168539325842697,0.7692307692307693,0.8695652173913043,1.0,0.7692307692307693,0.7692307692307693
0,Family,Daughter,50,1_0_0,1.0,0.416,0.26262626262626265,0.27722772277227725,0.26262626262626265,1.0,1.0,1.0,1.0,1.0
0,Family,Daughter,50,1_1_1,0.4423076923076923,0.2857142857142857,0.21100917431192662,0.4306930693069307,0.16666666666666666,0.6923076923076923,0.8181818181818182,1.0,0.6923076923076923,0.6923076923076923
0,Family,Daughter,55,0_0_0,0.019230769230769232,0.03773584905660377,1.0,0.7475247524752475,0.019230769230769232,0.0,0.0,0.0,0.0,0.0
0,Family,Daughter,55,0_0_1,0.8076923076923077,0.6942148760330579,0.6086956521739131,0.8168316831683168,0.5316455696202531,0.6428571428571429,0.782608695652174,1.0,0.6428571428571429,0.6428571428571429
0,Family,Daughter,55,0_1_0,0.8653846153846154,0.6818181818181818,0.5625,0.7920792079207921,0.5172413793103449,0.75,0.8571428571428571,1.0,0.75,0.75
0,Family,Daughter,55,1_0_0,1.0,0.4388185654008439,0.2810810810810811,0.3415841584158416,0.2810810810810811,1.0,1.0,1.0,1.0,1.0
0,Family,Daughter,55,1_1_1,0.36538461538461536,0.24836601307189543,0.18811881188118812,0.4306930693069307,0.1417910447761194,0.5,0.6666666666666666,1.0,0.5,0.5
0,Family,Daughter,60,0_0_0,0.019230769230769232,0.03773584905660377,1.0,0.7475247524752475,0.019230769230769232,0.0,0.0,0.0,0.0,0.0
0,Family,Daughter,60,0_0_1,0.8461538461538461,0.6717557251908397,0.5569620253164557,0.7871287128712872,0.5057471264367817,0.7419354838709677,0.8518518518518519,1.0,0.7419354838709677,0.7419354838709677
0,Family,Daughter,60,0_1_0,0.8653846153846154,0.6870229007633588,0.569620253164557,0.7970297029702971,0.5232558139534884,0.7741935483870968,0.8727272727272727,1.0,0.7741935483870968,0.7741935483870968
0,Family,Daughter,60,1_0_0,1.0,0.4126984126984127,0.26,0.26732673267326734,0.26,1.0,1.0,1.0,1.0,1.0
0,Family,Daughter,60,1_1_1,0.4230769230769231,0.2634730538922156,0.19130434782608696,0.3910891089108911,0.15172413793103448,0.5806451612903226,0.7346938775510204,1.0,0.5806451612903226,0.5806451612903226
0,Family,Daughter,65,0_0_0,0.019230769230769232,0.03773584905660377,1.0,0.7475247524752475,0.019230769230769232,0.0,0.0,0.0,0.0,0.0
0,Family,Daughter,65,0_0_1,0.7884615384615384,0.6507936507936508,0.5540540540540541,0.7821782178217822,0.4823529411764706,0.6666666666666666,0.8,1.0,0.6666666666666666,0.6666666666666666
0,Family,Daughter,65,0_1_0,0.8653846153846154,0.6818181818181818,0.5625,0.7920792079207921,0.5172413793103449,0.7878787878787878,0.8813559322033898,1.0,0.7878787878787878,0.7878787878787878
0,Family,Daughter,65,1_0_0,1.0,0.4126984126984127,0.26,0.26732673267326734,0.26,1.0,1.0,1.0,1.0,1.0
0,Family,Daughter,65,1_1_1,0.46153846153846156,0.2823529411764706,0.2033898305084746,0.39603960396039606,0.1643835616438356,0.5757575757575758,0.7307692307692307,1.0,0.5757575757575758,0.5757575757575758
0,Family,Daughter,70,0_0_0,0.019230769230769232,0.03773584905660377,1.0,0.7475247524752475,0.019230769230769232,0.0,0.0,0.0,0.0,0.0
0,Family,Daughter,70,0_0_1,0.7115384615384616,0.6666666666666666,0.6271186440677966,0.8168316831683168,0.5,0.5833333333333334,0.7368421052631579,1.0,0.5833333333333334,0.5833333333333334
0,Family,Daughter,70,0_1_0,0.8269230769230769,0.6666666666666666,0.5584415584415584,0.7871287128712872,0.5,0.75,0.8571428571428571,1.0,0.75,0.75
0,Family,Daughter,70,1_0_0,1.0,0.41935483870967744,0.2653061224489796,0.2871287128712871,0.2653061224489796,1.0,1.0,1.0,1.0,1.0
0,Family,Daughter,70,1_1_1,0.40384615384615385,0.2485207100591716,0.1794871794871795,0.3712871287128713,0.14189189189189189,0.5,0.6666666666666666,1.0,0.5,0.5
0,Family,Daughter,75,0_0_0,0.0,0.0,0.0,0.7425742574257426,0.0,0.0,0.0,0.0,0.0,0.0
0,Family,Daughter,75,0_0_1,0.9807692307692307,0.6938775510204082,0.5368421052631579,0.7772277227722773,0.53125,0.9743589743589743,0.987012987012987,1.0,0.9743589743589743,0.9743589743589743
0,Family,Daughter,75,0_1_0,0.7884615384615384,0.6833333333333333,0.6029411764705882,0.8118811881188119,0.5189873417721519,0.717948717948718,0.835820895522388,1.0,0.717948717948718,0.717948717948718
0,Family,Daughter,75,1_0_0,1.0,0.4126984126984127,0.26,0.26732673267326734,0.26,1.0,1.0,1.0,1.0,1.0
0,Family,Daughter,75,1_1_1,0.5769230769230769,0.32786885245901637,0.22900763358778625,0.3910891089108911,0.19607843137254902,0.5128205128205128,0.6779661016949152,1.0,0.5128205128205128,0.5128205128205128
0,Family,Daughter,80,0_0_0,0.0,0.0,0.0,0.7425742574257426,0.0,0.0,0.0,0.0,0.0,0.0
0,Family,Daughter,80,0_0_1,0.6538461538461539,0.6601941747572816,0.6666666666666666,0.8267326732673267,0.4927536231884058,0.5609756097560976,0.71875,1.0,0.5609756097560976,0.5609756097560976
0,Family,Daughter,80,0_1_0,0.40384615384615385,0.5675675675675675,0.9545454545454546,0.8415841584158416,0.39622641509433965,0.24390243902439024,0.39215686274509803,1.0,0.24390243902439024,0.24390243902439024
0,Family,Daughter,80,1_0_0,1.0,0.611764705882353,0.4406779661016949,0.6732673267326733,0.4406779661016949,1.0,1.0,1.0,1.0,1.0
0,Family,Daughter,80,1_1_1,0.6153846153846154,0.4025157232704403,0.29906542056074764,0.5297029702970297,0.25196850393700787,0.6341463414634146,0.7761194029850746,1.0,0.6341463414634146,0.6341463414634146
0,Family,Female,0,0_0_0,0.19387755102040816,0.3247863247863248,1.0,0.6089108910891089,0.19387755102040816,,,,,
0,Family,Female,0,0_0_1,1.0,0.9423076923076923,0.8909090909090909,0.9405940594059405,0.8909090909090909,,,,,
0,Family,Female,0,0_1_0,1.0,0.8672566371681416,0.765625,0.8514851485148515,0.765625,,,,,
0,Family,Female,0,1_0_0,1.0,0.6950354609929078,0.532608695652174,0.5742574257425742,0.532608695652174,,,,,
0,Family,Female,0,1_1_1,0.16326530612244897,0.1797752808988764,0.2,0.27722772277227725,0.09876543209876543,,,,,
0,Family,Female,5,0_0_0,0.16326530612244897,0.2807017543859649,1.0,0.594059405940594,0.16326530612244897,,,,,
0,Family,Female,5,0_0_1,0.9897959183673469,0.9603960396039604,0.9326923076923077,0.9603960396039604,0.9238095238095239,,,,,
0,Family,Female,5,0_1_0,1.0,0.8711111111111111,0.7716535433070866,0.8564356435643564,0.7716535433070866,,,,,
0,Family,Female,5,1_0_0,1.0,0.6758620689655173,0.5104166666666666,0.5346534653465347,0.5104166666666666,,,,,
0,Family,Female,5,1_1_1,0.336734693877551,0.3815028901734104,0.44,0.47029702970297027,0.2357142857142857,,,,,
0,Family,Female,10,0_0_0,0.2653061224489796,0.41935483870967744,1.0,0.6435643564356436,0.2653061224489796,,,,,
0,Family,Female,10,0_0_1,0.9591836734693877,0.94,0.9215686274509803,0.9405940594059405,0.8867924528301887,,,,,
0,Family,Female,10,0_1_0,0.9693877551020408,0.945273631840796,0.9223300970873787,0.9455445544554455,0.8962264150943396,,,,,
0,Family,Female,10,1_0_0,1.0,0.7153284671532847,0.5568181818181818,0.6138613861386139,0.5568181818181818,,,,,
0,Family,Female,10,1_1_1,0.05102040816326531,0.05291005291005291,0.054945054945054944,0.11386138613861387,0.02717391304347826,,,,,
0,Family,Female,15,0_0_0,0.16326530612244897,0.2807017543859649,1.0,0.594059405940594,0.16326530612244897,0.0,0.0,0.0,0.0,0.0
0,Family,Female,15,0_0_1,0.9591836734693877,0.9082125603864735,0.8623853211009175,0.905940594059406,0.831858407079646,1.0,1.0,1.0,1.0,1.0
0,Family,Female,15,0_1_0,0.9897959183673469,0.9150943396226415,0.8508771929824561,0.9108910891089109,0.8434782608695652,1.0,1.0,1.0,1.0,1.0
0,Family,Female,15,1_0_0,1.0,0.6555183946488294,0.48756218905472637,0.4900990099009901,0.48756218905472637,1.0,1.0,1.0,1.0,1.0
0,Family,Female,15,1_1_1,0.02040816326530612,0.021164021164021163,0.02197802197802198,0.08415841584158416,0.0106951871657754,0.0,0.0,0.0,0.0,0.0
0,Family,Female,20,0_0_0,0.08163265306122448,0.1509433962264151,1.0,0.5544554455445545,0.08163265306122448,0.0,0.0,0.0,0.0,0.0
0,Family,Female,20,0_0_1,0.8061224489795918,0.8926553672316384,1.0,0.905940594059406,0.8061224489795918,0.0,0.0,0.0,0.0,0.0
0,Family,Female,20,0_1_0,0.9489795918367347,0.8985507246376812,0.8532110091743119,0.8960396039603961,0.8157894736842105,0.0,0.0,0.0,0.0,0.0
0,Family,Female,20,1_0_0,1.0,0.8099173553719008,0.6805555555555556,0.7722772277227723,0.6805555555555556,1.0,1.0,1.0,1.0,1.0
0,Family,Female,20,1_1_1,0.05102040816326531,0.04878048780487805,0.04672897196261682,0.034653465346534656,0.025,0.0,0.0,0.0,0.0,0.0
0,Family,Female,25,0_0_0,0.04081632653061224,0.0784313725490196,1.0,0.5346534653465347,0.04081632653061224,0.0,0.0,0.0,0.0,0.0
0,Family,Female,25,0_0_1,1.0,0.9333333333333333,0.875,0.9306930693069307,0.875,1.0,1.0,1.0,1.0,1.0
0,Family,Female,25,0_1_0,0.9591836734693877,0.8952380952380953,0.8392857142857143,0.8910891089108911,0.8103448275862069,0.5,0.6666666666666666,1.0,0.5,0.5
0,Family,Female,25,1_0_0,1.0,0.6805555555555556,0.5157894736842106,0.5445544554455446,0.5157894736842106,1.0,1.0,1.0,1.0,1.0
0,Family,Female,25,1_1_1,0.01020408163265306,0.01092896174863388,0.011764705882352941,0.10396039603960396,0.005494505494505495,0.0,0.0,0.0,0.0,0.0
0,Family,Female,30,0_0_0,0.030612244897959183,0.0594059405940594,1.0,0.5297029702970297,0.030612244897959183,0.0,0.0,0.0,0.0,0.0
0,Family,Female,30,0_0_1,0.9693877551020408,0.95,0.9313725490196079,0.9504950495049505,0.9047619047619048,0.6666666666666666,0.8,1.0,0.6666666666666666,0.6666666666666666
0,Family,Female,30,0_1_0,0.9591836734693877,0.8703703703703703,0.7966101694915254,0.8613861386138614,0.7704918032786885,0.6666666666666666,0.8,1.0,0.6666666666666666,0.6666666666666666
0,Family,Female,30,1_0_0,0.9897959183673469,0.7320754716981132,0.5808383233532934,0.6485148514851485,0.5773809523809523,1.0,1.0,1.0,1.0,1.0
0,Family,Female,30,1_1_1,0.0,0.0,0.0,0.15841584158415842,0.0,0.0,0.0,0.0,0.0,0.0
0,Family,Female,35,0_0_0,0.01020408163265306,0.020202020202020204,1.0,0.5198019801980198,0.01020408163265306,0.0,0.0,0.0,0.0,0.0
0,Family,Female,35,0_0_1,0.9081632653061225,0.8811881188118812,0.8557692307692307,0.8811881188118812,0.7876106194690266,0.25,0.4,1.0,0.25,0.25
0,Family,Female,35,0_1_0,0.8877551020408163,0.883248730964467,0.8787878787878788,0.8861386138613861,0.7909090909090909,0.25,0.4,1.0,0.25,0.25
0,Family,Female,35,1_0_0,1.0,0.7686274509803922,0.6242038216560509,0.7079207920792079,0.6242038216560509,1.0,1.0,1.0,1.0,1.0
0,Family,Female,35,1_1_1,0.8979591836734694,0.8301886792452831,0.7719298245614035,0.8217821782178217,0.7096774193548387,1.0,1.0,1.0,1.0,1.0
0,Family,Female,40,0_0_0,0.04081632653061224,0.0784313725490196,1.0,0.5346534653465347,0.04081632653061224,0.0,0.0,0.0,0.0,0.0
0,Family,Female,40,0_0_1,0.9387755102040817,0.8214285714285714,0.7301587301587301,0.801980198019802,0.696969696969697,0.4,0.5714285714285714,1.0,0.4,0.4
0,Family,Female,40,0_1_0,0.9489795918367347,0.8416289592760181,0.7560975609756098,0.8267326732673267,0.7265625,0.8,0.8888888888888888,1.0,0.8,0.8
0,Family,Female,40,1_0_0,1.0,0.7127272727272728,0.5536723163841808,0.6089108910891089,0.5536723163841808,1.0,1.0,1.0,1.0,1.0
0,Family,Female,40,1_1_1,0.5102040816326531,0.6756756756756757,1.0,0.7623762376237624,0.5102040816326531,0.6,0.75,1.0,0.6,0.6
0,Family,Female,45,0_0_0,0.05102040816326531,0.0970873786407767,1.0,0.5396039603960396,0.05102040816326531,0.0,0.0,0.0,0.0,0.0
0,Family,Female,45,0_0_1,0.9081632653061225,0.8165137614678899,0.7416666666666667,0.801980198019802,0.689922480620155,0.3333333333333333,0.5,1.0,0.3333333333333333,0.3333333333333333
0,Family,Female,45,0_1_0,0.8979591836734694,0.822429906542056,0.7586206896551724,0.8118811881188119,0.6984126984126984,0.6666666666666666,0.8,1.0,0.6666666666666666,0.6666666666666666
0,Family,Female,45,1_0_0,0.9897959183673469,0.7265917602996255,0.5739644970414202,0.6386138613861386,0.5705882352941176,0.8333333333333334,0.9090909090909091,1.0,0.8333333333333334,0.8333333333333334
0,Family,Female,45,1_1_1,0.5306122448979592,0.6933333333333334,1.0,0.7722772277227723,0.5306122448979592,0.6666666666666666,0.8,1.0,0.6666666666666666,0.6666666666666666
0,Family,Female,50,0_0_0,0.02040816326530612,0.04,1.0,0.5247524752475248,0.02040816326530612,0.0,0.0,0.0,0.0,0.0
0,Family,Female,50,0_0_1,0.8877551020408163,0.7981651376146789,0.725,0.7821782178217822,0.6641221374045801,0.3333333333333333,0.5,1.0,0.3333333333333333,0.3333333333333333
0,Family,Female,50,0_1_0,0.8979591836734694,0.8301886792452831,0.7719298245614035,0.8217821782178217,0.7096774193548387,0.6666666666666666,0.8,1.0,0.6666666666666666,0.6666666666666666
0,Family,Female,50,1_0_0,0.9795918367346939,0.7111111111111111,0.5581395348837209,0.6138613861386139,0.5517241379310345,0.6666666666666666,0.8,1.0,0.6666666666666666,0.6666666666666666
0,Family,Female,50,1_1_1,0.5,0.6666666666666666,1.0,0.7574257425742574,0.5,0.5,0.6666666666666666,1.0,0.5,0.5
0,Family,Female,55,0_0_0,0.0,0.0,0.0,0.5148514851485149,0.0,0.0,0.0,0.0,0.0,0.0
0,Family,Female,55,0_0_1,0.826530612244898,0.801980198019802,0.7788461538461539,0.801980198019802,0.6694214876033058,0.16666666666666666,0.2857142857142857,1.0,0.16666666666666666,0.16666666666666666
0,Family,Female,55,0_1_0,0.8775510204081632,0.8,0.7350427350427351,0.7871287128712872,0.6666666666666666,0.6666666666666666,0.8,1.0,0.6666666666666666,0.6666666666666666
0,Family,Female,55,1_0_0,1.0,0.6689419795221843,0.5025641025641026,0.5198019801980198,0.5025641025641026,1.0,1.0,1.0,1.0,1.0
0,Family,Female,55,1_1_1,0.14285714285714285,0.25,1.0,0.5841584158415841,0.14285714285714285,0.0,0.0,0.0,0.0,0.0
0,Family,Female,60,0_0_0,0.0,0.0,0.0,0.5148514851485149,0.0,0.0,0.0,0.0,0.0,0.0
0,Family,Female,60,0_0_1,0.8775510204081632,0.8390243902439024,0.8037383177570093,0.8366336633663366,0.7226890756302521,0.16666666666666666,0.2857142857142857,1.0,0.16666666666666666,0.16666666666666666
0,Family,Female,60,0_1_0,0.7448979591836735,0.6919431279620853,0.6460176991150443,0.6782178217821783,0.5289855072463768,0.5,0.6666666666666666,1.0,0.5,0.5
0,Family,Female,60,1_0_0,1.0,0.6689419795221843,0.5025641025641026,0.5198019801980198,0.5025641025641026,1.0,1.0,1.0,1.0,1.0
0,Family,Female,60,1_1_1,0.08163265306122448,0.1509433962264151,1.0,0.5544554455445545,0.08163265306122448,0.0,0.0,0.0,0.0,0.0
0,Family,Female,65,0_0_0,0.0,0.0,0.0,0.5148514851485149,0.0,0.0,0.0,0.0,0.0,0.0
0,Family,Female,65,0_0_1,0.0,0.0,0.0,0.5148514851485149,0.0,0.0,0.0,0.0,0.0,0.0
0,Family,Female,65,0_1_0,0.0,0.0,0.0,0.5148514851485149,0.0,0.0,0.0,0.0,0.0,0.0
0,Family,Female,65,1_0_0,0.07142857142857142,0.07777777777777778,0.08536585365853659,0.1782178217821782,0.04046242774566474,0.0,0.0,0.0,0.0,0.0
0,Family,Female,65,1_1_1,0.061224489795918366,0.11538461538461539,1.0,0.5445544554455446,0.061224489795918366,0.0,0.0,0.0,0.0,0.0
0,Family,Female,70,0_0_0,0.0,0.0,0.0,0.5148514851485149,0.0,0.0,0.0,0.0,0.0,0.0
0,Family,Female,70,0_0_1,0.0,0.0,0.0,0.5148514851485149,0.0,0.0,0.0,0.0,0.0,0.0
0,Family,Female,70,0_1_0,0.0,0.0,0.0,0.5148514851485149,0.0,0.0,0.0,0.0,0.0,0.0
0,Family,Female,70,1_0_0,0.061224489795918366,0.06741573033707865,0.075,0.1782178217821782,0.03488372093023256,0.0,0.0,0.0,0.0,0.0
0,Family,Female,70,1_1_1,0.061224489795918366,0.11538461538461539,1.0,0.5445544554455446,0.061224489795918366,0.0,0.0,0.0,0.0,0.0
0,Family,Female,75,0_0_0,0.0,0.0,0.0,0.5148514851485149,0.0,0.0,0.0,0.0,0.0,0.0
0,Family,Female,75,0_0_1,0.7857142857142857,0.7623762376237624,0.7403846153846154,0.7623762376237624,0.616,0.875,0.9333333333333333,1.0,0.875,0.875
0,Family,Female,75,0_1_0,0.47959183673469385,0.6266666666666667,0.9038461538461539,0.7227722772277227,0.4563106796116505,0.125,0.2222222222222222,1.0,0.125,0.125
0,Family,Female,75,1_0_0,1.0,0.6533333333333333,0.48514851485148514,0.48514851485148514,0.48514851485148514,1.0,1.0,1.0,1.0,1.0
0,Family,Female,75,1_1_1,0.25510204081632654,0.24390243902439024,0.2336448598130841,0.23267326732673269,0.1388888888888889,0.125,0.2222222222222222,1.0,0.125,0.125
0,Family,Female,80,0_0_0,0.01020408163265306,0.020202020202020204,1.0,0.5198019801980198,0.01020408163265306,0.0,0.0,0.0,0.0,0.0
0,Family,Female,80,0_0_1,0.23469387755102042,0.38016528925619836,1.0,0.6287128712871287,0.23469387755102042,0.0,0.0,0.0,0.0,0.0
0,Family,Female,80,0_1_0,0.40816326530612246,0.5194805194805194,0.7142857142857143,0.6336633663366337,0.3508771929824561,0.0,0.0,0.0,0.0,0.0
0,Family,Female,80,1_0_0,0.9795918367346939,0.8,0.676056338028169,0.7623762376237624,0.6666666666666666,1.0,1.0,1.0,1.0,1.0
0,Family,Female,80,1_1_1,0.7040816326530612,0.69,0.6764705882352942,0.693069306930693,0.5267175572519084,0.5555555555555556,0.7142857142857143,1.0,0.5555555555555556,0.5555555555555556
0,Family,Father,0,0_0_0,0.8166666666666667,0.8990825688073395,1.0,0.9455445544554455,0.8166666666666667,,,,,
0,Family,Father,0,0_0_1,1.0,0.8759124087591241,0.7792207792207793,0.9158415841584159,0.7792207792207793,,,,,
0,Family,Father,0,0_1_0,1.0,0.8391608391608392,0.7228915662650602,0.8861386138613861,0.7228915662650602,,,,,
0,Family,Father,0,1_0_0,1.0,0.5454545454545454,0.375,0.504950495049505,0.375,,,,,
0,Family,Father,0,1_1_1,0.0,0.0,0.0,0.4207920792079208,0.0,,,,,
0,Family,Father,5,0_0_0,0.8166666666666667,0.8990825688073395,1.0,0.9455445544554455,0.8166666666666667,0.0,0.0,0.0,0.0,0.0
0,Family,Father,5,0_0_1,1.0,0.8759124087591241,0.7792207792207793,0.9158415841584159,0.7792207792207793,1.0,1.0,1.0,1.0,1.0
0,Family,Father,5,0_1_0,0.9833333333333333,0.8872180451127819,0.8082191780821918,0.9257425742574258,0.7972972972972973,0.6666666666666666,0.8,1.0,0.6666666666666666,0.6666666666666666
0,Family,Father,5,1_0_0,1.0,0.6217616580310881,0.45112781954887216,0.6386138613861386,0.45112781954887216,1.0,1.0,1.0,1.0,1.0
0,Family,Father,5,1_1_1,0.8166666666666667,0.4688995215311005,0.3288590604026846,0.4504950495049505,0.30625,1.0,1.0,1.0,1.0,1.0
0,Family,Father,10,0_0_0,0.7333333333333333,0.8461538461538461,1.0,0.9207920792079208,0.7333333333333333,0.0,0.0,0.0,0.0,0.0
0,Family,Father,10,0_0_1,1.0,0.8955223880597015,0.8108108108108109,0.9306930693069307,0.8108108108108109,1.0,1.0,1.0,1.0,1.0
0,Family,Father,10,0_1_0,1.0,0.8759124087591241,0.7792207792207793,0.9158415841584159,0.7792207792207793,1.0,1.0,1.0,1.0,1.0
0,Family,Father,10,1_0_0,1.0,0.6629834254143646,0.49586776859504134,0.698019801980198,0.49586776859504134,1.0,1.0,1.0,1.0,1.0
0,Family,Father,10,1_1_1,0.8,0.46153846153846156,0.32432432432432434,0.44554455445544555,0.3,1.0,1.0,1.0,1.0,1.0
0,Family,Father,15,0_0_0,0.6666666666666666,0.8,1.0,0.900990099009901,0.6666666666666666,0.0,0.0,0.0,0.0,0.0
0,Family,Father,15,0_0_1,1.0,0.8888888888888888,0.8,0.9257425742574258,0.8,1.0,1.0,1.0,1.0,1.0
0,Family,Father,15,0_1_0,0.9666666666666667,0.8787878787878788,0.8055555555555556,0.9207920792079208,0.7837837837837838,0.7777777777777778,0.875,1.0,0.7777777777777778,0.7777777777777778
0,Family,Father,15,1_0_0,1.0,0.6703910614525139,0.5042016806722689,0.7079207920792079,0.5042016806722689,1.0,1.0,1.0,1.0,1.0
0,Family,Father,15,1_1_1,0.6333333333333333,0.4175824175824176,0.3114754098360656,0.4752475247524752,0.2638888888888889,0.3333333333333333,0.5,1.0,0.3333333333333333,0.3333333333333333
0,Family,Father,20,0_0_0,0.7333333333333333,0.8461538461538461,1.0,0.9207920792079208,0.7333333333333333,0.0,0.0,0.0,0.0,0.0
0,Family,Father,20,0_0_1,1.0,0.8571428571428571,0.75,0.900990099009901,0.75,1.0,1.0,1.0,1.0,1.0
0,Family,Father,20,0_1_0,1.0,0.8391608391608392,0.7228915662650602,0.8861386138613861,0.7228915662650602,1.0,1.0,1.0,1.0,1.0
0,Family,Father,20,1_0_0,1.0,0.4838709677419355,0.3191489361702128,0.36633663366336633,0.3191489361702128,1.0,1.0,1.0,1.0,1.0
0,Family,Father,20,1_1_1,1.0,0.47619047619047616,0.3125,0.3465346534653465,0.3125,1.0,1.0,1.0,1.0,1.0
0,Family,Father,25,0_0_0,0.6833333333333333,0.8118811881188119,1.0,0.905940594059406,0.6833333333333333,0.0,0.0,0.0,0.0,0.0
0,Family,Father,25,0_0_1,0.9833333333333333,0.8368794326241135,0.7283950617283951,0.8861386138613861,0.7195121951219512,0.9333333333333333,0.9655172413793104,1.0,0.9333333333333333,0.9333333333333333
0,Family,Father,25,0_1_0,0.9833333333333333,0.8368794326241135,0.7283950617283951,0.8861386138613861,0.7195121951219512,0.9333333333333333,0.9655172413793104,1.0,0.9333333333333333,0.9333333333333333
0,Family,Father,25,1_0_0,1.0,0.4838709677419355,0.3191489361702128,0.36633663366336633,0.3191489361702128,1.0,1.0,1.0,1.0,1.0
0,Family,Father,25,1_1_1,1.0,0.47619047619047616,0.3125,0.3465346534653465,0.3125,1.0,1.0,1.0,1.0,1.0
0,Family,Father,30,0_0_0,0.6333333333333333,0.7755102040816326,1.0,0.8910891089108911,0.6333333333333333,0.0,0.0,0.0,0.0,0.0
0,Family,Father,30,0_0_1,0.95,0.8142857142857143,0.7125,0.8712871287128713,0.6867469879518072,0.8333333333333334,0.9090909090909091,1.0,0.8333333333333334,0.8333333333333334
0,Family,Father,30,0_1_0,0.9666666666666667,0.7945205479452054,0.6744186046511628,0.8514851485148515,0.6590909090909091,0.8888888888888888,0.9411764705882353,1.0,0.8888888888888888,0.8888888888888888
0,Family,Father,30,1_0_0,1.0,0.5106382978723404,0.34285714285714286,0.4306930693069307,0.34285714285714286,1.0,1.0,1.0,1.0,1.0
0,Family,Father,30,1_1_1,0.9833333333333333,0.5388127853881278,0.3710691823899371,0.5,0.36875,0.9444444444444444,0.9714285714285714,1.0,0.9444444444444444,0.9444444444444444
0,Family,Father,35,0_0_0,0.6,0.75,1.0,0.8811881188118812,0.6,0.0,0.0,0.0,0.0,0.0
0,Family,Father,35,0_0_1,0.9666666666666667,0.8405797101449275,0.7435897435897436,0.8910891089108911,0.725,0.9047619047619048,0.95,1.0,0.9047619047619048,0.9047619047619048
0,Family,Father,35,0_1_0,0.9166666666666666,0.7971014492753623,0.7051282051282052,0.8613861386138614,0.6626506024096386,0.7619047619047619,0.8648648648648649,1.0,0.7619047619047619,0.7619047619047619
0,Family,Father,35,1_0_0,1.0,0.5084745762711864,0.3409090909090909,0.42574257425742573,0.3409090909090909,1.0,1.0,1.0,1.0,1.0
0,Family,Father,35,1_1_1,0.9833333333333333,0.5462962962962963,0.3782051282051282,0.5148514851485149,0.37579617834394907,0.9523809523809523,0.975609756097561,1.0,0.9523809523809523,0.9523809523809523
0,Family,Father,40,0_0_0,0.5166666666666667,0.6813186813186813,1.0,0.8564356435643564,0.5166666666666667,0.0,0.0,0.0,0.0,0.0
0,Family,Father,40,0_0_1,0.9333333333333333,0.8296296296296296,0.7466666666666667,0.8861386138613861,0.7088607594936709,0.8333333333333334,0.9090909090909091,1.0,0.8333333333333334,0.8333333333333334
0,Family,Father,40,0_1_0,0.9333333333333333,0.7887323943661971,0.6829268292682927,0.8514851485148515,0.6511627906976745,0.8333333333333334,0.9090909090909091,1.0,0.8333333333333334,0.8333333333333334
0,Family,Father,40,1_0_0,1.0,0.5357142857142857,0.36585365853658536,0.48514851485148514,0.36585365853658536,1.0,1.0,1.0,1.0,1.0
0,Family,Father,40,1_1_1,0.9833333333333333,0.5488372093023256,0.38064516129032255,0.5198019801980198,0.3782051282051282,0.9583333333333334,0.9787234042553191,1.0,0.9583333333333334,0.9583333333333334
0,Family,Father,45,0_0_0,0.5,0.6666666666666666,1.0,0.8514851485148515,0.5,0.0,0.0,0.0,0.0,0.0
0,Family,Father,45,0_0_1,0.8666666666666667,0.7819548872180451,0.7123287671232876,0.8564356435643564,0.6419753086419753,0.7037037037037037,0.8260869565217391,1.0,0.7037037037037037,0.7037037037037037
0,Family,Father,45,0_1_0,0.95,0.7702702702702703,0.6477272727272727,0.8316831683168316,0.6263736263736264,0.8888888888888888,0.9411764705882353,1.0,0.8888888888888888,0.8888888888888888
0,Family,Father,45,1_0_0,1.0,0.5333333333333333,0.36363636363636365,0.4801980198019802,0.36363636363636365,1.0,1.0,1.0,1.0,1.0
0,Family,Father,45,1_1_1,0.9666666666666667,0.5631067961165048,0.3972602739726027,0.5544554455445545,0.3918918918918919,0.9259259259259259,0.9615384615384616,1.0,0.9259259259259259,0.9259259259259259
0,Family,Father,50,0_0_0,0.48333333333333334,0.651685393258427,1.0,0.8465346534653465,0.48333333333333334,0.0,0.0,0.0,0.0,0.0
0,Family,Father,50,0_0_1,0.8333333333333334,0.78125,0.7352941176470589,0.8613861386138614,0.6410256410256411,0.6666666666666666,0.8,1.0,0.6666666666666666,0.6666666666666666
0,Family,Father,50,0_1_0,0.95,0.7702702702702703,0.6477272727272727,0.8316831683168316,0.6263736263736264,0.9,0.9473684210526315,1.0,0.9,0.9
0,Family,Father,50,1_0_0,1.0,0.5381165919282511,0.36809815950920244,0.4900990099009901,0.36809815950920244,1.0,1.0,1.0,1.0,1.0
0,Family,Father,50,1_1_1,0.9666666666666667,0.5631067961165048,0.3972602739726027,0.5544554455445545,0.3918918918918919,0.9333333333333333,0.9655172413793104,1.0,0.9333333333333333,0.9333333333333333
0,Family,Father,55,0_0_0,0.43333333333333335,0.6046511627906976,1.0,0.8316831683168316,0.43333333333333335,0.0,0.0,0.0,0.0,0.0
0,Family,Father,55,0_0_1,0.8333333333333334,0.7751937984496124,0.7246376811594203,0.8564356435643564,0.6329113924050633,0.696969696969697,0.8214285714285714,1.0,0.696969696969697,0.696969696969697
0,Family,Father,55,0_1_0,0.8833333333333333,0.7571428571428571,0.6625,0.8316831683168316,0.6091954022988506,0.7878787878787878,0.8813559322033898,1.0,0.7878787878787878,0.7878787878787878
0,Family,Father,55,1_0_0,1.0,0.5381165919282511,0.36809815950920244,0.4900990099009901,0.36809815950920244,1.0,1.0,1.0,1.0,1.0
0,Family,Father,55,1_1_1,0.9666666666666667,0.5771144278606966,0.41134751773049644,0.5792079207920792,0.40559440559440557,0.9393939393939394,0.96875,1.0,0.9393939393939394,0.9393939393939394
0,Family,Father,60,0_0_0,0.06666666666666667,0.125,1.0,0.7227722772277227,0.06666666666666667,0.0,0.0,0.0,0.0,0.0
0,Family,Father,60,0_0_1,0.85,0.796875,0.75,0.8712871287128713,0.6623376623376623,0.75,0.8571428571428571,1.0,0.75,0.75
0,Family,Father,60,0_1_0,0.7166666666666667,0.7049180327868853,0.6935483870967742,0.8217821782178217,0.5443037974683544,0.5277777777777778,0.6909090909090909,1.0,0.5277777777777778,0.5277777777777778
0,Family,Father,60,1_0_0,0.9833333333333333,0.5566037735849056,0.3881578947368421,0.5346534653465347,0.38562091503267976,0.9722222222222222,0.9859154929577465,1.0,0.9722222222222222,0.9722222222222222
0,Family,Father,60,1_1_1,0.13333333333333333,0.2191780821917808,0.6153846153846154,0.7178217821782178,0.12307692307692308,0.08333333333333333,0.15384615384615385,1.0,0.08333333333333333,0.08333333333333333
0,Family,Father,65,0_0_0,0.03333333333333333,0.06451612903225806,1.0,0.7128712871287128,0.03333333333333333,0.0,0.0,0.0,0.0,0.0
0,Family,Father,65,0_0_1,0.8666666666666667,0.7703703703703704,0.6933333333333334,0.8465346534653465,0.6265060240963856,0.7948717948717948,0.8857142857142857,1.0,0.7948717948717948,0.7948717948717948
0,Family,Father,65,0_1_0,0.9,0.782608695652174,0.6923076923076923,0.8514851485148515,0.6428571428571429,0.8461538461538461,0.9166666666666666,1.0,0.8461538461538461,0.8461538461538461
0,Family,Father,65,1_0_0,1.0,0.5240174672489083,0.35502958579881655,0.4603960396039604,0.35502958579881655,1.0,1.0,1.0,1.0,1.0
0,Family,Father,65,1_1_1,0.15,0.2535211267605634,0.8181818181818182,0.7376237623762376,0.14516129032258066,0.05128205128205128,0.0975609756097561,1.0,0.05128205128205128,0.05128205128205128
0,Family,Father,70,0_0_0,0.03333333333333333,0.06451612903225806,1.0,0.7128712871287128,0.03333333333333333,0.0,0.0,0.0,0.0,0.0
0,Family,Father,70,0_0_1,0.85,0.7727272727272727,0.7083333333333334,0.8514851485148515,0.6296296296296297,0.7857142857142857,0.88,1.0,0.7857142857142857,0.7857142857142857
0,Family,Father,70,0_1_0,0.8,0.7058823529411765,0.631578947368421,0.801980198019802,0.5454545454545454,0.7142857142857143,0.8333333333333334,1.0,0.7142857142857143,0.7142857142857143
0,Family,Father,70,1_0_0,1.0,0.5128205128205128,0.3448275862068966,0.43564356435643564,0.3448275862068966,1.0,1.0,1.0,1.0,1.0
0,Family,Father,70,1_1_1,0.08333333333333333,0.15151515151515152,0.8333333333333334,0.7227722772277227,0.08196721311475409,0.023809523809523808,0.046511627906976744,1.0,0.023809523809523808,0.023809523809523808
0,Family,Father,75,0_0_0,0.016666666666666666,0.03278688524590164,1.0,0.7079207920792079,0.016666666666666666,0.0,0.0,0.0,0.0,0.0
0,Family,Father,75,0_0_1,0.8333333333333334,0.6993006993006993,0.6024096385542169,0.7871287128712872,0.5376344086021505,0.7777777777777778,0.875,1.0,0.7777777777777778,0.7777777777777778
0,Family,Father,75,0_1_0,0.65,0.5909090909090909,0.5416666666666666,0.7326732673267327,0.41935483870967744,0.5333333333333333,0.6956521739130435,1.0,0.5333333333333333,0.5333333333333333
0,Family,Father,75,1_0_0,1.0,0.47619047619047616,0.3125,0.3465346534653465,0.3125,1.0,1.0,1.0,1.0,1.0
0,Family,Father,75,1_1_1,0.13333333333333333,0.23529411764705882,1.0,0.7425742574257426,0.13333333333333333,0.044444444444444446,0.0851063829787234,1.0,0.044444444444444446,0.044444444444444446
0,Family,Father,80,0_0_0,0.0,0.0,0.0,0.7029702970297029,0.0,0.0,0.0,0.0,0.0,0.0
0,Family,Father,80,0_0_1,0.8166666666666667,0.6666666666666666,0.5632183908045977,0.7574257425742574,0.5,0.7708333333333334,0.8705882352941177,1.0,0.7708333333333334,0.7708333333333334
0,Family,Father,80,0_1_0,0.55,0.5116279069767442,0.4782608695652174,0.6881188118811881,0.34375,0.4375,0.6086956521739131,1.0,0.4375,0.4375
0,Family,Father,80,1_0_0,1.0,0.47808764940239046,0.31413612565445026,0.35148514851485146,0.31413612565445026,1.0,1.0,1.0,1.0,1.0
0,Family,Father,80,1_1_1,0.13333333333333333,0.23529411764705882,1.0,0.7425742574257426,0.13333333333333333,0.08333333333333333,0.15384615384615385,1.0,0.08333333333333333,0.08333333333333333
0,Family,Parent,0,0_0_0,0.0,0.0,0.0,0.40594059405940597,0.0,,,,,
0,Family,Parent,0,0_0_1,0.0,0.0,0.0,0.40594059405940597,0.0,,,,,
0,Family,Parent,0,0_1_0,0.08333333333333333,0.14925373134328357,0.7142857142857143,0.43564356435643564,0.08064516129032258,,,,,
0,Family,Parent,0,1_0_0,0.13333333333333333,0.20915032679738563,0.48484848484848486,0.400990099009901,0.11678832116788321,,,,,
0,Family,Parent,0,1_1_1,0.175,0.26582278481012656,0.5526315789473685,0.42574257425742573,0.15328467153284672,,,,,
0,Family,Parent,5,0_0_0,0.0,0.0,0.0,0.40594059405940597,0.0,,,,,
0,Family,Parent,5,0_0_1,0.0,0.0,0.0,0.40594059405940597,0.0,,,,,
0,Family,Parent,5,0_1_0,0.08333333333333333,0.14925373134328357,0.7142857142857143,0.43564356435643564,0.08064516129032258,,,,,
0,Family,Parent,5,1_0_0,0.13333333333333333,0.20915032679738563,0.48484848484848486,0.400990099009901,0.11678832116788321,,,,,
0,Family,Parent,5,1_1_1,0.175,0.26582278481012656,0.5526315789473685,0.42574257425742573,0.15328467153284672,,,,,
0,Family,Parent,10,0_0_0,0.0,0.0,0.0,0.40594059405940597,0.0,,,,,
0,Family,Parent,10,0_0_1,0.0,0.0,0.0,0.40594059405940597,0.0,,,,,
0,Family,Parent,10,0_1_0,0.08333333333333333,0.14925373134328357,0.7142857142857143,0.43564356435643564,0.08064516129032258,,,,,
0,Family,Parent,10,1_0_0,0.13333333333333333,0.20915032679738563,0.48484848484848486,0.400990099009901,0.11678832116788321,,,,,
0,Family,Parent,10,1_1_1,0.175,0.26582278481012656,0.5526315789473685,0.42574257425742573,0.15328467153284672,,,,,
0,Family,Parent,15,0_0_0,0.0,0.0,0.0,0.40594059405940597,0.0,,,,,
0,Family,Parent,15,0_0_1,0.0,0.0,0.0,0.40594059405940597,0.0,,,,,
0,Family,Parent,15,0_1_0,0.08333333333333333,0.14925373134328357,0.7142857142857143,0.43564356435643564,0.08064516129032258,,,,,
0,Family,Parent,15,1_0_0,0.13333333333333333,0.20915032679738563,0.48484848484848486,0.400990099009901,0.11678832116788321,,,,,
0,Family,Parent,15,1_1_1,0.175,0.26582278481012656,0.5526315789473685,0.42574257425742573,0.15328467153284672,,,,,
0,Family,Parent,20,0_0_0,0.0,0.0,0.0,0.40594059405940597,0.0,,,,,
0,Family,Parent,20,0_0_1,0.0,0.0,0.0,0.40594059405940597,0.0,,,,,
0,Family,Parent,20,0_1_0,0.08333333333333333,0.14925373134328357,0.7142857142857143,0.43564356435643564,0.08064516129032258,,,,,
0,Family,Parent,20,1_0_0,0.13333333333333333,0.20915032679738563,0.48484848484848486,0.400990099009901,0.11678832116788321,,,,,
0,Family,Parent,20,1_1_1,0.175,0.26582278481012656,0.5526315789473685,0.42574257425742573,0.15328467153284672,,,,,
0,Family,Parent,25,0_0_0,0.0,0.0,0.0,0.40594059405940597,0.0,,,,,
0,Family,Parent,25,0_0_1,0.0,0.0,0.0,0.40594059405940597,0.0,,,,,
0,Family,Parent,25,0_1_0,0.08333333333333333,0.14925373134328357,0.7142857142857143,0.43564356435643564,0.08064516129032258,,,,,
0,Family,Parent,25,1_0_0,0.13333333333333333,0.20915032679738563,0.48484848484848486,0.400990099009901,0.11678832116788321,,,,,
0,Family,Parent,25,1_1_1,0.175,0.26582278481012656,0.5526315789473685,0.42574257425742573,0.15328467153284672,,,,,
0,Family,Parent,30,0_0_0,0.0,0.0,0.0,0.40594059405940597,0.0,,,,,
0,Family,Parent,30,0_0_1,0.0,0.0,0.0,0.40594059405940597,0.0,,,,,
0,Family,Parent,30,0_1_0,0.08333333333333333,0.14925373134328357,0.7142857142857143,0.43564356435643564,0.08064516129032258,,,,,
0,Family,Parent,30,1_0_0,0.13333333333333333,0.20915032679738563,0.48484848484848486,0.400990099009901,0.11678832116788321,,,,,
0,Family,Parent,30,1_1_1,0.175,0.26582278481012656,0.5526315789473685,0.42574257425742573,0.15328467153284672,,,,,
0,Family,Parent,35,0_0_0,0.0,0.0,0.0,0.40594059405940597,0.0,,,,,
0,Family,Parent,35,0_0_1,0.0,0.0,0.0,0.40594059405940597,0.0,,,,,
0,Family,Parent,35,0_1_0,0.08333333333333333,0.14925373134328357,0.7142857142857143,0.43564356435643564,0.08064516129032258,,,,,
0,Family,Parent,35,1_0_0,0.13333333333333333,0.20915032679738563,0.48484848484848486,0.400990099009901,0.11678832116788321,,,,,
0,Family,Parent,35,1_1_1,0.175,0.26582278481012656,0.5526315789473685,0.42574257425742573,0.15328467153284672,,,,,
0,Family,Parent,40,0_0_0,0.0,0.0,0.0,0.40594059405940597,0.0,,,,,
0,Family,Parent,40,0_0_1,0.0,0.0,0.0,0.40594059405940597,0.0,,,,,
0,Family,Parent,40,0_1_0,0.08333333333333333,0.14925373134328357,0.7142857142857143,0.43564356435643564,0.08064516129032258,,,,,
0,Family,Parent,40,1_0_0,0.13333333333333333,0.20915032679738563,0.48484848484848486,0.400990099009901,0.11678832116788321,,,,,
0,Family,Parent,40,1_1_1,0.175,0.26582278481012656,0.5526315789473685,0.42574257425742573,0.15328467153284672,,,,,
0,Family,Parent,45,0_0_0,0.0,0.0,0.0,0.40594059405940597,0.0,,,,,
0,Family,Parent,45,0_0_1,0.0,0.0,0.0,0.40594059405940597,0.0,,,,,
0,Family,Parent,45,0_1_0,0.08333333333333333,0.14925373134328357,0.7142857142857143,0.43564356435643564,0.08064516129032258,,,,,
0,Family,Parent,45,1_0_0,0.13333333333333333,0.20915032679738563,0.48484848484848486,0.400990099009901,0.11678832116788321,,,,,
0,Family,Parent,45,1_1_1,0.175,0.26582278481012656,0.5526315789473685,0.42574257425742573,0.15328467153284672,,,,,
0,Family,Parent,50,0_0_0,0.0,0.0,0.0,0.40594059405940597,0.0,,,,,
0,Family,Parent,50,0_0_1,0.0,0.0,0.0,0.40594059405940597,0.0,,,,,
0,Family,Parent,50,0_1_0,0.08333333333333333,0.14925373134328357,0.7142857142857143,0.43564356435643564,0.08064516129032258,,,,,
0,Family,Parent,50,1_0_0,0.13333333333333333,0.20915032679738563,0.48484848484848486,0.400990099009901,0.11678832116788321,,,,,
0,Family,Parent,50,1_1_1,0.175,0.26582278481012656,0.5526315789473685,0.42574257425742573,0.15328467153284672,,,,,
0,Family,Parent,55,0_0_0,0.0,0.0,0.0,0.40594059405940597,0.0,,,,,
0,Family,Parent,55,0_0_1,0.0,0.0,0.0,0.40594059405940597,0.0,,,,,
0,Family,Parent,55,0_1_0,0.08333333333333333,0.14925373134328357,0.7142857142857143,0.43564356435643564,0.08064516129032258,,,,,
0,Family,Parent,55,1_0_0,0.13333333333333333,0.20915032679738563,0.48484848484848486,0.400990099009901,0.11678832116788321,,,,,
0,Family,Parent,55,1_1_1,0.175,0.26582278481012656,0.5526315789473685,0.42574257425742573,0.15328467153284672,,,,,
0,Family,Parent,60,0_0_0,0.0,0.0,0.0,0.40594059405940597,0.0,,,,,
0,Family,Parent,60,0_0_1,0.0,0.0,0.0,0.40594059405940597,0.0,,,,,
0,Family,Parent,60,0_1_0,0.08333333333333333,0.14925373134328357,0.7142857142857143,0.43564356435643564,0.08064516129032258,,,,,
0,Family,Parent,60,1_0_0,0.13333333333333333,0.20915032679738563,0.48484848484848486,0.400990099009901,0.11678832116788321,,,,,
0,Family,Parent,60,1_1_1,0.175,0.26582278481012656,0.5526315789473685,0.42574257425742573,0.15328467153284672,,,,,
0,Family,Parent,65,0_0_0,0.0,0.0,0.0,0.40594059405940597,0.0,,,,,
0,Family,Parent,65,0_0_1,0.0,0.0,0.0,0.40594059405940597,0.0,,,,,
0,Family,Parent,65,0_1_0,0.08333333333333333,0.14925373134328357,0.7142857142857143,0.43564356435643564,0.08064516129032258,,,,,
0,Family,Parent,65,1_0_0,0.13333333333333333,0.20915032679738563,0.48484848484848486,0.400990099009901,0.11678832116788321,,,,,
0,Family,Parent,65,1_1_1,0.175,0.26582278481012656,0.5526315789473685,0.42574257425742573,0.15328467153284672,,,,,
0,Family,Parent,70,0_0_0,0.0,0.0,0.0,0.40594059405940597,0.0,,,,,
0,Family,Parent,70,0_0_1,0.0,0.0,0.0,0.40594059405940597,0.0,,,,,
0,Family,Parent,70,0_1_0,0.08333333333333333,0.14925373134328357,0.7142857142857143,0.43564356435643564,0.08064516129032258,,,,,
0,Family,Parent,70,1_0_0,0.13333333333333333,0.20915032679738563,0.48484848484848486,0.400990099009901,0.11678832116788321,,,,,
0,Family,Parent,70,1_1_1,0.175,0.26582278481012656,0.5526315789473685,0.42574257425742573,0.15328467153284672,,,,,
0,Family,Parent,75,0_0_0,0.0,0.0,0.0,0.40594059405940597,0.0,,,,,
0,Family,Parent,75,0_0_1,0.0,0.0,0.0,0.40594059405940597,0.0,,,,,
0,Family,Parent,75,0_1_0,0.08333333333333333,0.14925373134328357,0.7142857142857143,0.43564356435643564,0.08064516129032258,,,,,
0,Family,Parent,75,1_0_0,0.13333333333333333,0.20915032679738563,0.48484848484848486,0.400990099009901,0.11678832116788321,,,,,
0,Family,Parent,75,1_1_1,0.175,0.26582278481012656,0.5526315789473685,0.42574257425742573,0.15328467153284672,,,,,
0,Family,Parent,80,0_0_0,0.0,0.0,0.0,0.40594059405940597,0.0,,,,,
0,Family,Parent,80,0_0_1,0.0,0.0,0.0,0.40594059405940597,0.0,,,,,
0,Family,Parent,80,0_1_0,0.08333333333333333,0.14925373134328357,0.7142857142857143,0.43564356435643564,0.08064516129032258,,,,,
0,Family,Parent,80,1_0_0,0.13333333333333333,0.20915032679738563,0.48484848484848486,0.400990099009901,0.11678832116788321,,,,,
0,Family,Parent,80,1_1_1,0.175,0.26582278481012656,0.5526315789473685,0.42574257425742573,0.15328467153284672,,,,,
0,Family,Grandchild,0,0_0_0,0.0,0.0,0.0,0.6039603960396039,0.0,,,,,
0,Family,Grandchild,0,0_0_1,0.0375,0.06976744186046512,0.5,0.6039603960396039,0.03614457831325301,,,,,
0,Family,Grandchild,0,0_1_0,0.05,0.08695652173913043,0.3333333333333333,0.5841584158415841,0.045454545454545456,,,,,
0,Family,Grandchild,0,1_0_0,0.5625,0.4838709677419355,0.42452830188679247,0.5247524752475248,0.3191489361702128,,,,,
0,Family,Grandchild,0,1_1_1,0.3375,0.3103448275862069,0.2872340425531915,0.40594059405940597,0.1836734693877551,,,,,
0,Family,Grandchild,5,0_0_0,0.0,0.0,0.0,0.6039603960396039,0.0,,,,,
0,Family,Grandchild,5,0_0_1,0.0375,0.06976744186046512,0.5,0.6039603960396039,0.03614457831325301,,,,,
0,Family,Grandchild,5,0_1_0,0.05,0.08695652173913043,0.3333333333333333,0.5841584158415841,0.045454545454545456,,,,,
0,Family,Grandchild,5,1_0_0,0.5625,0.4838709677419355,0.42452830188679247,0.5247524752475248,0.3191489361702128,,,,,
0,Family,Grandchild,5,1_1_1,0.3375,0.3103448275862069,0.2872340425531915,0.40594059405940597,0.1836734693877551,,,,,
0,Family,Grandchild,10,0_0_0,0.0,0.0,0.0,0.6039603960396039,0.0,,,,,
0,Family,Grandchild,10,0_0_1,0.0375,0.06976744186046512,0.5,0.6039603960396039,0.03614457831325301,,,,,
0,Family,Grandchild,10,0_1_0,0.05,0.08695652173913043,0.3333333333333333,0.5841584158415841,0.045454545454545456,,,,,
0,Family,Grandchild,10,1_0_0,0.5625,0.4838709677419355,0.42452830188679247,0.5247524752475248,0.3191489361702128,,,,,
0,Family,Grandchild,10,1_1_1,0.3375,0.3103448275862069,0.2872340425531915,0.40594059405940597,0.1836734693877551,,,,,
0,Family,Grandchild,15,0_0_0,0.0,0.0,0.0,0.6039603960396039,0.0,,,,,
0,Family,Grandchild,15,0_0_1,0.0375,0.06976744186046512,0.5,0.6039603960396039,0.03614457831325301,,,,,
0,Family,Grandchild,15,0_1_0,0.05,0.08695652173913043,0.3333333333333333,0.5841584158415841,0.045454545454545456,,,,,
0,Family,Grandchild,15,1_0_0,0.5625,0.4838709677419355,0.42452830188679247,0.5247524752475248,0.3191489361702128,,,,,
0,Family,Grandchild,15,1_1_1,0.3375,0.3103448275862069,0.2872340425531915,0.40594059405940597,0.1836734693877551,,,,,
0,Family,Grandchild,20,0_0_0,0.0,0.0,0.0,0.6039603960396039,0.0,,,,,
0,Family,Grandchild,20,0_0_1,0.0375,0.06976744186046512,0.5,0.6039603960396039,0.03614457831325301,,,,,
0,Family,Grandchild,20,0_1_0,0.05,0.08695652173913043,0.3333333333333333,0.5841584158415841,0.045454545454545456,,,,,
0,Family,Grandchild,20,1_0_0,0.5625,0.4838709677419355,0.42452830188679247,0.5247524752475248,0.3191489361702128,,,,,
0,Family,Grandchild,20,1_1_1,0.3375,0.3103448275862069,0.2872340425531915,0.40594059405940597,0.1836734693877551,,,,,
0,Family,Grandchild,25,0_0_0,0.0,0.0,0.0,0.6039603960396039,0.0,,,,,
0,Family,Grandchild,25,0_0_1,0.0375,0.06976744186046512,0.5,0.6039603960396039,0.03614457831325301,,,,,
0,Family,Grandchild,25,0_1_0,0.05,0.08695652173913043,0.3333333333333333,0.5841584158415841,0.045454545454545456,,,,,
0,Family,Grandchild,25,1_0_0,0.5625,0.4838709677419355,0.42452830188679247,0.5247524752475248,0.3191489361702128,,,,,
0,Family,Grandchild,25,1_1_1,0.3375,0.3103448275862069,0.2872340425531915,0.40594059405940597,0.1836734693877551,,,,,
0,Family,Grandchild,30,0_0_0,0.0,0.0,0.0,0.6039603960396039,0.0,,,,,
0,Family,Grandchild,30,0_0_1,0.0375,0.06976744186046512,0.5,0.6039603960396039,0.03614457831325301,,,,,
0,Family,Grandchild,30,0_1_0,0.05,0.08695652173913043,0.3333333333333333,0.5841584158415841,0.045454545454545456,,,,,
0,Family,Grandchild,30,1_0_0,0.5625,0.4838709677419355,0.42452830188679247,0.5247524752475248,0.3191489361702128,,,,,
0,Family,Grandchild,30,1_1_1,0.3375,0.3103448275862069,0.2872340425531915,0.40594059405940597,0.1836734693877551,,,,,
0,Family,Grandchild,35,0_0_0,0.0,0.0,0.0,0.6039603960396039,0.0,,,,,
0,Family,Grandchild,35,0_0_1,0.0375,0.06976744186046512,0.5,0.6039603960396039,0.03614457831325301,,,,,
0,Family,Grandchild,35,0_1_0,0.05,0.08695652173913043,0.3333333333333333,0.5841584158415841,0.045454545454545456,,,,,
0,Family,Grandchild,35,1_0_0,0.5625,0.4838709677419355,0.42452830188679247,0.5247524752475248,0.3191489361702128,,,,,
0,Family,Grandchild,35,1_1_1,0.3375,0.3103448275862069,0.2872340425531915,0.40594059405940597,0.1836734693877551,,,,,
0,Family,Grandchild,40,0_0_0,0.0,0.0,0.0,0.6039603960396039,0.0,,,,,
0,Family,Grandchild,40,0_0_1,0.0375,0.06976744186046512,0.5,0.6039603960396039,0.03614457831325301,,,,,
0,Family,Grandchild,40,0_1_0,0.05,0.08695652173913043,0.3333333333333333,0.5841584158415841,0.045454545454545456,,,,,
0,Family,Grandchild,40,1_0_0,0.5625,0.4838709677419355,0.42452830188679247,0.5247524752475248,0.3191489361702128,,,,,
0,Family,Grandchild,40,1_1_1,0.3375,0.3103448275862069,0.2872340425531915,0.40594059405940597,0.1836734693877551,,,,,
0,Family,Grandchild,45,0_0_0,0.0,0.0,0.0,0.6039603960396039,0.0,,,,,
0,Family,Grandchild,45,0_0_1,0.0375,0.06976744186046512,0.5,0.6039603960396039,0.03614457831325301,,,,,
0,Family,Grandchild,45,0_1_0,0.05,0.08695652173913043,0.3333333333333333,0.5841584158415841,0.045454545454545456,,,,,
0,Family,Grandchild,45,1_0_0,0.5625,0.4838709677419355,0.42452830188679247,0.5247524752475248,0.3191489361702128,,,,,
0,Family,Grandchild,45,1_1_1,0.3375,0.3103448275862069,0.2872340425531915,0.40594059405940597,0.1836734693877551,,,,,
0,Family,Grandchild,50,0_0_0,0.0,0.0,0.0,0.6039603960396039,0.0,,,,,
0,Family,Grandchild,50,0_0_1,0.0375,0.06976744186046512,0.5,0.6039603960396039,0.03614457831325301,,,,,
0,Family,Grandchild,50,0_1_0,0.05,0.08695652173913043,0.3333333333333333,0.5841584158415841,0.045454545454545456,,,,,
0,Family,Grandchild,50,1_0_0,0.5625,0.4838709677419355,0.42452830188679247,0.5247524752475248,0.3191489361702128,,,,,
0,Family,Grandchild,50,1_1_1,0.3375,0.3103448275862069,0.2872340425531915,0.40594059405940597,0.1836734693877551,,,,,
0,Family,Grandchild,55,0_0_0,0.0,0.0,0.0,0.6039603960396039,0.0,,,,,
0,Family,Grandchild,55,0_0_1,0.0375,0.06976744186046512,0.5,0.6039603960396039,0.03614457831325301,,,,,
0,Family,Grandchild,55,0_1_0,0.05,0.08695652173913043,0.3333333333333333,0.5841584158415841,0.045454545454545456,,,,,
0,Family,Grandchild,55,1_0_0,0.5625,0.4838709677419355,0.42452830188679247,0.5247524752475248,0.3191489361702128,,,,,
0,Family,Grandchild,55,1_1_1,0.3375,0.3103448275862069,0.2872340425531915,0.40594059405940597,0.1836734693877551,,,,,
0,Family,Grandchild,60,0_0_0,0.0,0.0,0.0,0.6039603960396039,0.0,,,,,
0,Family,Grandchild,60,0_0_1,0.0375,0.06976744186046512,0.5,0.6039603960396039,0.03614457831325301,,,,,
0,Family,Grandchild,60,0_1_0,0.05,0.08695652173913043,0.3333333333333333,0.5841584158415841,0.045454545454545456,,,,,
0,Family,Grandchild,60,1_0_0,0.5625,0.4838709677419355,0.42452830188679247,0.5247524752475248,0.3191489361702128,,,,,
0,Family,Grandchild,60,1_1_1,0.3375,0.3103448275862069,0.2872340425531915,0.40594059405940597,0.1836734693877551,,,,,
0,Family,Grandchild,65,0_0_0,0.0,0.0,0.0,0.6039603960396039,0.0,,,,,
0,Family,Grandchild,65,0_0_1,0.0375,0.06976744186046512,0.5,0.6039603960396039,0.03614457831325301,,,,,
0,Family,Grandchild,65,0_1_0,0.05,0.08695652173913043,0.3333333333333333,0.5841584158415841,0.045454545454545456,,,,,
0,Family,Grandchild,65,1_0_0,0.5625,0.4838709677419355,0.42452830188679247,0.5247524752475248,0.3191489361702128,,,,,
0,Family,Grandchild,65,1_1_1,0.3375,0.3103448275862069,0.2872340425531915,0.40594059405940597,0.1836734693877551,,,,,
0,Family,Grandchild,70,0_0_0,0.0,0.0,0.0,0.6039603960396039,0.0,,,,,
0,Family,Grandchild,70,0_0_1,0.0375,0.06976744186046512,0.5,0.6039603960396039,0.03614457831325301,,,,,
0,Family,Grandchild,70,0_1_0,0.05,0.08695652173913043,0.3333333333333333,0.5841584158415841,0.045454545454545456,,,,,
0,Family,Grandchild,70,1_0_0,0.5625,0.4838709677419355,0.42452830188679247,0.5247524752475248,0.3191489361702128,,,,,
0,Family,Grandchild,70,1_1_1,0.3375,0.3103448275862069,0.2872340425531915,0.40594059405940597,0.1836734693877551,,,,,
0,Family,Grandchild,75,0_0_0,0.0,0.0,0.0,0.6039603960396039,0.0,,,,,
0,Family,Grandchild,75,0_0_1,0.0375,0.06976744186046512,0.5,0.6039603960396039,0.03614457831325301,,,,,
0,Family,Grandchild,75,0_1_0,0.05,0.08695652173913043,0.3333333333333333,0.5841584158415841,0.045454545454545456,,,,,
0,Family,Grandchild,75,1_0_0,0.5625,0.4838709677419355,0.42452830188679247,0.5247524752475248,0.3191489361702128,,,,,
0,Family,Grandchild,75,1_1_1,0.3375,0.3103448275862069,0.2872340425531915,0.40594059405940597,0.1836734693877551,,,,,
0,Family,Grandchild,80,0_0_0,0.0,0.0,0.0,0.6039603960396039,0.0,,,,,
0,Family,Grandchild,80,0_0_1,0.0375,0.06976744186046512,0.5,0.6039603960396039,0.03614457831325301,,,,,
0,Family,Grandchild,80,0_1_0,0.05,0.08695652173913043,0.3333333333333333,0.5841584158415841,0.045454545454545456,,,,,
0,Family,Grandchild,80,1_0_0,0.5625,0.4838709677419355,0.42452830188679247,0.5247524752475248,0.3191489361702128,,,,,
0,Family,Grandchild,80,1_1_1,0.3375,0.3103448275862069,0.2872340425531915,0.40594059405940597,0.1836734693877551,,,,,
0,Family,Granddaughter,0,0_0_0,0.0,0.0,0.0,0.8168316831683168,0.0,,,,,
0,Family,Granddaughter,0,0_0_1,1.0,0.7872340425531915,0.6491228070175439,0.900990099009901,0.6491228070175439,,,,,
0,Family,Granddaughter,0,0_1_0,1.0,0.6788990825688074,0.5138888888888888,0.8267326732673267,0.5138888888888888,,,,,
0,Family,Granddaughter,0,1_0_0,1.0,0.39361702127659576,0.24503311258278146,0.43564356435643564,0.24503311258278146,,,,,
0,Family,Granddaughter,0,1_1_1,0.0,0.0,0.0,0.28217821782178215,0.0,,,,,
0,Family,Granddaughter,5,0_0_0,0.02702702702702703,0.05263157894736842,1.0,0.8217821782178217,0.02702702702702703,0.0,0.0,0.0,0.0,0.0
0,Family,Granddaughter,5,0_0_1,1.0,0.7628865979381443,0.6166666666666667,0.8861386138613861,0.6166666666666667,1.0,1.0,1.0,1.0,1.0
0,Family,Granddaughter,5,0_1_0,1.0,0.7474747474747475,0.5967741935483871,0.8762376237623762,0.5967741935483871,1.0,1.0,1.0,1.0,1.0
0,Family,Granddaughter,5,1_0_0,1.0,0.3915343915343915,0.24342105263157895,0.4306930693069307,0.24342105263157895,1.0,1.0,1.0,1.0,1.0
0,Family,Granddaughter,5,1_1_1,0.0,0.0,0.0,0.24752475247524752,0.0,0.0,0.0,0.0,0.0,0.0
0,Family,Granddaughter,10,0_0_0,0.02702702702702703,0.05263157894736842,1.0,0.8217821782178217,0.02702702702702703,0.0,0.0,0.0,0.0,0.0
0,Family,Granddaughter,10,0_0_1,0.972972972972973,0.7659574468085106,0.631578947368421,0.8910891089108911,0.6206896551724138,0.6666666666666666,0.8,1.0,0.6666666666666666,0.6666666666666666
0,Family,Granddaughter,10,0_1_0,1.0,0.7474747474747475,0.5967741935483871,0.8762376237623762,0.5967741935483871,1.0,1.0,1.0,1.0,1.0
0,Family,Granddaughter,10,1_0_0,1.0,0.3978494623655914,0.2483221476510067,0.44554455445544555,0.2483221476510067,1.0,1.0,1.0,1.0,1.0
0,Family,Granddaughter,10,1_1_1,0.0,0.0,0.0,0.22277227722772278,0.0,0.0,0.0,0.0,0.0,0.0
0,Family,Granddaughter,15,0_0_0,0.02702702702702703,0.05263157894736842,1.0,0.8217821782178217,0.02702702702702703,0.0,0.0,0.0,0.0,0.0
0,Family,Granddaughter,15,0_0_1,0.972972972972973,0.7659574468085106,0.631578947368421,0.8910891089108911,0.6206896551724138,0.8,0.8888888888888888,1.0,0.8,0.8
0,Family,Granddaughter,15,0_1_0,1.0,0.6379310344827587,0.46835443037974683,0.7920792079207921,0.46835443037974683,1.0,1.0,1.0,1.0,1.0
0,Family,Granddaughter,15,1_0_0,1.0,0.334841628959276,0.20108695652173914,0.2722772277227723,0.20108695652173914,1.0,1.0,1.0,1.0,1.0
0,Family,Granddaughter,15,1_1_1,0.8108108108108109,0.4411764705882353,0.30303030303030304,0.6237623762376238,0.2830188679245283,0.2,0.3333333333333333,1.0,0.2,0.2
0,Family,Granddaughter,20,0_0_0,0.0,0.0,0.0,0.8168316831683168,0.0,0.0,0.0,0.0,0.0,0.0
0,Family,Granddaughter,20,0_0_1,0.918918918918919,0.7555555555555555,0.6415094339622641,0.8910891089108911,0.6071428571428571,0.5714285714285714,0.7272727272727273,1.0,0.5714285714285714,0.5714285714285714
0,Family,Granddaughter,20,0_1_0,0.972972972972973,0.6206896551724138,0.45569620253164556,0.7821782178217822,0.45,0.8571428571428571,0.9230769230769231,1.0,0.8571428571428571,0.8571428571428571
0,Family,Granddaughter,20,1_0_0,1.0,0.334841628959276,0.20108695652173914,0.2722772277227723,0.20108695652173914,1.0,1.0,1.0,1.0,1.0
0,Family,Granddaughter,20,1_1_1,0.7567567567567568,0.417910447761194,0.28865979381443296,0.6138613861386139,0.2641509433962264,0.42857142857142855,0.6,1.0,0.42857142857142855,0.42857142857142855
0,Family,Granddaughter,25,0_0_0,0.0,0.0,0.0,0.8168316831683168,0.0,0.0,0.0,0.0,0.0,0.0
0,Family,Granddaughter,25,0_0_1,1.0,0.6434782608695652,0.47435897435897434,0.7970297029702971,0.47435897435897434,1.0,1.0,1.0,1.0,1.0
0,Family,Granddaughter,25,0_1_0,0.918918918918919,0.7640449438202247,0.6538461538461539,0.8960396039603961,0.6181818181818182,0.6666666666666666,0.8,1.0,0.6666666666666666,0.6666666666666666
0,Family,Granddaughter,25,1_0_0,1.0,0.3378995433789954,0.2032967032967033,0.28217821782178215,0.2032967032967033,1.0,1.0,1.0,1.0,1.0
0,Family,Granddaughter,25,1_1_1,0.4594594594594595,0.39080459770114945,0.34,0.7376237623762376,0.24285714285714285,0.2222222222222222,0.36363636363636365,1.0,0.2222222222222222,0.2222222222222222
0,Family,Granddaughter,30,0_0_0,0.0,0.0,0.0,0.8168316831683168,0.0,0.0,0.0,0.0,0.0,0.0
0,Family,Granddaughter,30,0_0_1,0.7027027027027027,0.8253968253968254,1.0,0.9455445544554455,0.7027027027027027,0.0,0.0,0.0,0.0,0.0
0,Family,Granddaughter,30,0_1_0,0.7837837837837838,0.8529411764705882,0.9354838709677419,0.9504950495049505,0.7435897435897436,0.2727272727272727,0.42857142857142855,1.0,0.2727272727272727,0.2727272727272727
0,Family,Granddaughter,30,1_0_0,1.0,0.44047619047619047,0.2824427480916031,0.5346534653465347,0.2824427480916031,1.0,1.0,1.0,1.0,1.0
0,Family,Granddaughter,30,1_1_1,0.10810810810810811,0.07017543859649122,0.05194805194805195,0.4752475247524752,0.03636363636363636,0.0,0.0,0.0,0.0,0.0
0,Family,Granddaughter,35,0_0_0,0.0,0.0,0.0,0.8168316831683168,0.0,0.0,0.0,0.0,0.0,0.0
0,Family,Granddaughter,35,0_0_1,0.6756756756756757,0.8064516129032258,1.0,0.9405940594059405,0.6756756756756757,0.0,0.0,0.0,0.0,0.0
0,Family,Granddaughter,35,0_1_0,0.7837837837837838,0.8656716417910447,0.9666666666666667,0.9554455445544554,0.7631578947368421,0.3333333333333333,0.5,1.0,0.3333333333333333,0.3333333333333333
0,Family,Granddaughter,35,1_0_0,1.0,0.4625,0.3008130081300813,0.5742574257425742,0.3008130081300813,1.0,1.0,1.0,1.0,1.0
0,Family,Granddaughter,35,1_1_1,0.08108108108108109,0.05309734513274336,0.039473684210526314,0.47029702970297027,0.02727272727272727,0.08333333333333333,0.15384615384615385,1.0,0.08333333333333333,0.08333333333333333
0,Family,Granddaughter,40,0_0_0,0.0,0.0,0.0,0.8168316831683168,0.0,0.0,0.0,0.0,0.0,0.0
0,Family,Granddaughter,40,0_0_1,0.6216216216216216,0.7666666666666667,1.0,0.9306930693069307,0.6216216216216216,0.0,0.0,0.0,0.0,0.0
0,Family,Granddaughter,40,0_1_0,0.6486486486486487,0.7868852459016393,1.0,0.9356435643564357,0.6486486486486487,0.07142857142857142,0.13333333333333333,1.0,0.07142857142857142,0.07142857142857142
0,Family,Granddaughter,40,1_0_0,0.972972972972973,0.47368421052631576,0.3130434782608696,0.6039603960396039,0.3103448275862069,0.9285714285714286,0.9629629629629629,1.0,0.9285714285714286,0.9285714285714286
0,Family,Granddaughter,40,1_1_1,0.32432432432432434,0.18045112781954886,0.125,0.4603960396039604,0.09917355371900827,0.35714285714285715,0.5263157894736842,1.0,0.35714285714285715,0.35714285714285715
0,Family,Granddaughter,45,0_0_0,0.0,0.0,0.0,0.8168316831683168,0.0,0.0,0.0,0.0,0.0,0.0
0,Family,Granddaughter,45,0_0_1,0.5675675675675675,0.7241379310344828,1.0,0.9207920792079208,0.5675675675675675,0.0,0.0,0.0,0.0,0.0
0,Family,Granddaughter,45,0_1_0,0.5945945945945946,0.7457627118644068,1.0,0.9257425742574258,0.5945945945945946,0.0625,0.11764705882352941,1.0,0.0625,0.0625
0,Family,Granddaughter,45,1_0_0,0.972972972972973,0.46153846153846156,0.3025210084033613,0.5841584158415841,0.3,0.9375,0.967741935483871,1.0,0.9375,0.9375
0,Family,Granddaughter,45,1_1_1,0.24324324324324326,0.14754098360655737,0.10588235294117647,0.48514851485148514,0.07964601769911504,0.25,0.4,1.0,0.25,0.25
0,Family,Granddaughter,50,0_0_0,0.0,0.0,0.0,0.8168316831683168,0.0,0.0,0.0,0.0,0.0,0.0
0,Family,Granddaughter,50,0_0_1,0.5135135135135135,0.6785714285714286,1.0,0.9108910891089109,0.5135135135135135,0.0,0.0,0.0,0.0,0.0
0,Family,Granddaughter,50,0_1_0,0.5405405405405406,0.7017543859649122,1.0,0.9158415841584159,0.5405405405405406,0.05555555555555555,0.10526315789473684,1.0,0.05555555555555555,0.05555555555555555
0,Family,Granddaughter,50,1_0_0,0.972972972972973,0.5581395348837209,0.391304347826087,0.7178217821782178,0.3870967741935484,0.9444444444444444,0.9714285714285714,1.0,0.9444444444444444,0.9444444444444444
0,Family,Granddaughter,50,1_1_1,0.2702702702702703,0.14388489208633093,0.09803921568627451,0.41089108910891087,0.07751937984496124,0.2777777777777778,0.43478260869565216,1.0,0.2777777777777778,0.2777777777777778
0,Family,Granddaughter,55,0_0_0,0.0,0.0,0.0,0.8168316831683168,0.0,0.0,0.0,0.0,0.0,0.0
0,Family,Granddaughter,55,0_0_1,0.4594594594594595,0.6296296296296297,1.0,0.900990099009901,0.4594594594594595,0.0,0.0,0.0,0.0,0.0
0,Family,Granddaughter,55,0_1_0,0.5135135135135135,0.6785714285714286,1.0,0.9108910891089109,0.5135135135135135,0.1,0.18181818181818182,1.0,0.1,0.1
0,Family,Granddaughter,55,1_0_0,0.972972972972973,0.4768211920529801,0.3157894736842105,0.6089108910891089,0.3130434782608696,0.95,0.9743589743589743,1.0,0.95,0.95
0,Family,Granddaughter,55,1_1_1,0.16216216216216217,0.09375,0.06593406593406594,0.42574257425742573,0.04918032786885246,0.25,0.4,1.0,0.25,0.25
0,Family,Granddaughter,60,0_0_0,0.0,0.0,0.0,0.8168316831683168,0.0,0.0,0.0,0.0,0.0,0.0
0,Family,Granddaughter,60,0_0_1,0.40540540540540543,0.5769230769230769,1.0,0.8910891089108911,0.40540540540540543,0.0,0.0,0.0,0.0,0.0
0,Family,Granddaughter,60,0_1_0,0.43243243243243246,0.6037735849056604,1.0,0.8960396039603961,0.43243243243243246,0.045454545454545456,0.08695652173913043,1.0,0.045454545454545456,0.045454545454545456
0,Family,Granddaughter,60,1_0_0,0.972972972972973,0.5,0.3364485981308411,0.6435643564356436,0.3333333333333333,0.9545454545454546,0.9767441860465116,1.0,0.9545454545454546,0.9545454545454546
0,Family,Granddaughter,60,1_1_1,0.16216216216216217,0.09302325581395349,0.06521739130434782,0.4207920792079208,0.04878048780487805,0.22727272727272727,0.37037037037037035,1.0,0.22727272727272727,0.22727272727272727
0,Family,Granddaughter,65,0_0_0,0.0,0.0,0.0,0.8168316831683168,0.0,0.0,0.0,0.0,0.0,0.0
0,Family,Granddaughter,65,0_0_1,0.35135135135135137,0.52,1.0,0.8811881188118812,0.35135135135135137,0.0,0.0,0.0,0.0,0.0
0,Family,Granddaughter,65,0_1_0,0.40540540540540543,0.5769230769230769,1.0,0.8910891089108911,0.40540540540540543,0.08333333333333333,0.15384615384615385,1.0,0.08333333333333333,0.08333333333333333
0,Family,Granddaughter,65,1_0_0,0.972972972972973,0.4645161290322581,0.3050847457627119,0.5891089108910891,0.3025210084033613,0.9583333333333334,0.9787234042553191,1.0,0.9583333333333334,0.9583333333333334
0,Family,Granddaughter,65,1_1_1,0.1891891891891892,0.10852713178294573,0.07608695652173914,0.4306930693069307,0.05737704918032787,0.25,0.4,1.0,0.25,0.25
0,Family,Granddaughter,70,0_0_0,0.0,0.0,0.0,0.8168316831683168,0.0,0.0,0.0,0.0,0.0,0.0
0,Family,Granddaughter,70,0_0_1,0.32432432432432434,0.4897959183673469,1.0,0.8762376237623762,0.32432432432432434,0.0,0.0,0.0,0.0,0.0
0,Family,Granddaughter,70,0_1_0,0.35135135135135137,0.52,1.0,0.8811881188118812,0.35135135135135137,0.04,0.07692307692307693,1.0,0.04,0.04
0,Family,Granddaughter,70,1_0_0,0.972972972972973,0.4044943820224719,0.2553191489361702,0.4752475247524752,0.2535211267605634,0.96,0.9795918367346939,1.0,0.96,0.96
0,Family,Granddaughter,70,1_1_1,0.1891891891891892,0.1111111111111111,0.07865168539325842,0.44554455445544555,0.058823529411764705,0.24,0.3870967741935484,1.0,0.24,0.24
0,Family,Granddaughter,75,0_0_0,0.0,0.0,0.0,0.8168316831683168,0.0,0.0,0.0,0.0,0.0,0.0
0,Family,Granddaughter,75,0_0_1,0.4864864864864865,0.5901639344262295,0.75,0.8762376237623762,0.4186046511627907,0.2962962962962963,0.45714285714285713,1.0,0.2962962962962963,0.2962962962962963
0,Family,Granddaughter,75,0_1_0,0.8108108108108109,0.6521739130434783,0.5454545454545454,0.8415841584158416,0.4838709677419355,0.7407407407407407,0.851063829787234,1.0,0.7407407407407407,0.7407407407407407
0,Family,Granddaughter,75,1_0_0,1.0,0.42045454545454547,0.26618705035971224,0.49504950495049505,0.26618705035971224,1.0,1.0,1.0,1.0,1.0
0,Family,Granddaughter,75,1_1_1,0.10810810810810811,0.05925925925925926,0.04081632653061224,0.3712871287128713,0.030534351145038167,0.14814814814814814,0.25806451612903225,1.0,0.14814814814814814,0.14814814814814814
0,Family,Granddaughter,80,0_0_0,0.0,0.0,0.0,0.8168316831683168,0.0,0.0,0.0,0.0,0.0,0.0
0,Family,Granddaughter,80,0_0_1,0.40540540540540543,0.5172413793103449,0.7142857142857143,0.8613861386138614,0.3488372093023256,0.2413793103448276,0.3888888888888889,1.0,0.2413793103448276,0.2413793103448276
0,Family,Granddaughter,80,0_1_0,0.8108108108108109,0.7058823529411765,0.625,0.8762376237623762,0.5454545454545454,0.7586206896551724,0.8627450980392157,1.0,0.7586206896551724,0.7586206896551724
0,Family,Granddaughter,80,1_0_0,1.0,0.4327485380116959,0.27611940298507465,0.5198019801980198,0.27611940298507465,1.0,1.0,1.0,1.0,1.0
0,Family,Granddaughter,80,1_1_1,0.13513513513513514,0.07352941176470588,0.050505050505050504,0.37623762376237624,0.03816793893129771,0.1724137931034483,0.29411764705882354,1.0,0.1724137931034483,0.1724137931034483
0,Family,Grandfather,0,0_0_0,0.0,0.0,0.0,0.8267326732673267,0.0,,,,,
0,Family,Grandfather,0,0_0_1,1.0,0.7954545454545454,0.660377358490566,0.9108910891089109,0.660377358490566,,,,,
0,Family,Grandfather,0,0_1_0,1.0,0.7526881720430108,0.603448275862069,0.8861386138613861,0.603448275862069,,,,,
0,Family,Grandfather,0,1_0_0,1.0,0.35175879396984927,0.21341463414634146,0.3613861386138614,0.21341463414634146,,,,,
0,Family,Grandfather,0,1_1_1,0.0,0.0,0.0,0.43564356435643564,0.0,,,,,
0,Family,Grandfather,5,0_0_0,0.0,0.0,0.0,0.8267326732673267,0.0,0.0,0.0,0.0,0.0,0.0
0,Family,Grandfather,5,0_0_1,1.0,0.7954545454545454,0.660377358490566,0.9108910891089109,0.660377358490566,1.0,1.0,1.0,1.0,1.0
0,Family,Grandfather,5,0_1_0,1.0,0.7526881720430108,0.603448275862069,0.8861386138613861,0.603448275862069,1.0,1.0,1.0,1.0,1.0
0,Family,Grandfather,5,1_0_0,1.0,0.3482587064676617,0.21084337349397592,0.35148514851485146,0.21084337349397592,1.0,1.0,1.0,1.0,1.0
0,Family,Grandfather,5,1_1_1,0.0,0.0,0.0,0.43564356435643564,0.0,0.0,0.0,0.0,0.0,0.0
0,Family,Grandfather,10,0_0_0,0.0,0.0,0.0,0.8267326732673267,0.0,0.0,0.0,0.0,0.0,0.0
0,Family,Grandfather,10,0_0_1,0.9714285714285714,0.8292682926829268,0.723404255319149,0.9306930693069307,0.7083333333333334,0.6666666666666666,0.8,1.0,0.6666666666666666,0.6666666666666666
0,Family,Grandfather,10,0_1_0,1.0,0.7954545454545454,0.660377358490566,0.9108910891089109,0.660377358490566,1.0,1.0,1.0,1.0,1.0
0,Family,Grandfather,10,1_0_0,1.0,0.35714285714285715,0.21739130434782608,0.37623762376237624,0.21739130434782608,1.0,1.0,1.0,1.0,1.0
0,Family,Grandfather,10,1_1_1,0.0,0.0,0.0,0.4603960396039604,0.0,0.0,0.0,0.0,0.0,0.0
0,Family,Grandfather,15,0_0_0,0.0,0.0,0.0,0.8267326732673267,0.0,0.0,0.0,0.0,0.0,0.0
0,Family,Grandfather,15,0_0_1,0.9714285714285714,0.8192771084337349,0.7083333333333334,0.9257425742574258,0.6938775510204082,0.8,0.8888888888888888,1.0,0.8,0.8
0,Family,Grandfather,15,0_1_0,1.0,0.8045977011494253,0.6730769230769231,0.9158415841584159,0.6730769230769231,1.0,1.0,1.0,1.0,1.0
0,Family,Grandfather,15,1_0_0,1.0,0.35175879396984927,0.21341463414634146,0.3613861386138614,0.21341463414634146,1.0,1.0,1.0,1.0,1.0
0,Family,Grandfather,15,1_1_1,0.0,0.0,0.0,0.43564356435643564,0.0,0.0,0.0,0.0,0.0,0.0
0,Family,Grandfather,20,0_0_0,0.0,0.0,0.0,0.8267326732673267,0.0,0.0,0.0,0.0,0.0,0.0
0,Family,Grandfather,20,0_0_1,0.9142857142857143,0.7804878048780488,0.6808510638297872,0.9108910891089109,0.64,0.5714285714285714,0.7272727272727273,1.0,0.5714285714285714,0.5714285714285714
0,Family,Grandfather,20,0_1_0,1.0,0.8333333333333334,0.7142857142857143,0.9306930693069307,0.7142857142857143,1.0,1.0,1.0,1.0,1.0
0,Family,Grandfather,20,1_0_0,1.0,0.35714285714285715,0.21739130434782608,0.37623762376237624,0.21739130434782608,1.0,1.0,1.0,1.0,1.0
0,Family,Grandfather,20,1_1_1,0.0,0.0,0.0,0.47029702970297027,0.0,0.0,0.0,0.0,0.0,0.0
0,Family,Grandfather,25,0_0_0,0.0,0.0,0.0,0.8267326732673267,0.0,0.0,0.0,0.0,0.0,0.0
0,Family,Grandfather,25,0_0_1,0.9142857142857143,0.7804878048780488,0.6808510638297872,0.9108910891089109,0.64,0.625,0.7692307692307693,1.0,0.625,0.625
0,Family,Grandfather,25,0_1_0,1.0,0.813953488372093,0.6862745098039216,0.9207920792079208,0.6862745098039216,1.0,1.0,1.0,1.0,1.0
0,Family,Grandfather,25,1_0_0,1.0,0.35175879396984927,0.21341463414634146,0.3613861386138614,0.21341463414634146,1.0,1.0,1.0,1.0,1.0
0,Family,Grandfather,25,1_1_1,0.0,0.0,0.0,0.47029702970297027,0.0,0.0,0.0,0.0,0.0,0.0
0,Family,Grandfather,30,0_0_0,0.0,0.0,0.0,0.8267326732673267,0.0,0.0,0.0,0.0,0.0,0.0
0,Family,Grandfather,30,0_0_1,0.8571428571428571,0.821917808219178,0.7894736842105263,0.9356435643564357,0.6976744186046512,0.5,0.6666666666666666,1.0,0.5,0.5
0,Family,Grandfather,30,0_1_0,1.0,0.8333333333333334,0.7142857142857143,0.9306930693069307,0.7142857142857143,1.0,1.0,1.0,1.0,1.0
0,Family,Grandfather,30,1_0_0,1.0,0.41420118343195267,0.26119402985074625,0.5099009900990099,0.26119402985074625,1.0,1.0,1.0,1.0,1.0
0,Family,Grandfather,30,1_1_1,0.0,0.0,0.0,0.4306930693069307,0.0,0.0,0.0,0.0,0.0,0.0
0,Family,Grandfather,35,0_0_0,0.0,0.0,0.0,0.8267326732673267,0.0,0.0,0.0,0.0,0.0,0.0
0,Family,Grandfather,35,0_0_1,0.8285714285714286,0.8169014084507042,0.8055555555555556,0.9356435643564357,0.6904761904761905,0.5,0.6666666666666666,1.0,0.5,0.5
0,Family,Grandfather,35,0_1_0,0.9714285714285714,0.8292682926829268,0.723404255319149,0.9306930693069307,0.7083333333333334,0.9166666666666666,0.9565217391304348,1.0,0.9166666666666666,0.9166666666666666
0,Family,Grandfather,35,1_0_0,1.0,0.43209876543209874,0.2755905511811024,0.5445544554455446,0.2755905511811024,1.0,1.0,1.0,1.0,1.0
0,Family,Grandfather,35,1_1_1,0.0,0.0,0.0,0.4158415841584158,0.0,0.0,0.0,0.0,0.0,0.0
0,Family,Grandfather,40,0_0_0,0.0,0.0,0.0,0.8267326732673267,0.0,0.0,0.0,0.0,0.0,0.0
0,Family,Grandfather,40,0_0_1,0.8,0.7887323943661971,0.7777777777777778,0.9257425742574258,0.6511627906976745,0.5,0.6666666666666666,1.0,0.5,0.5
0,Family,Grandfather,40,0_1_0,0.9142857142857143,0.7901234567901234,0.6956521739130435,0.9158415841584159,0.6530612244897959,0.7857142857142857,0.88,1.0,0.7857142857142857,0.7857142857142857
0,Family,Grandfather,40,1_0_0,1.0,0.4430379746835443,0.2845528455284553,0.5643564356435643,0.2845528455284553,1.0,1.0,1.0,1.0,1.0
0,Family,Grandfather,40,1_1_1,0.0,0.0,0.0,0.3712871287128713,0.0,0.0,0.0,0.0,0.0,0.0
0,Family,Grandfather,45,0_0_0,0.0,0.0,0.0,0.8267326732673267,0.0,0.0,0.0,0.0,0.0,0.0
0,Family,Grandfather,45,0_0_1,0.7428571428571429,0.7536231884057971,0.7647058823529411,0.9158415841584159,0.6046511627906976,0.4,0.5714285714285714,1.0,0.4,0.4
0,Family,Grandfather,45,0_1_0,0.9142857142857143,0.7901234567901234,0.6956521739130435,0.9158415841584159,0.6530612244897959,0.8,0.8888888888888888,1.0,0.8,0.8
0,Family,Grandfather,45,1_0_0,1.0,0.45161290322580644,0.2916666666666667,0.5792079207920792,0.2916666666666667,1.0,1.0,1.0,1.0,1.0
0,Family,Grandfather,45,1_1_1,0.0,0.0,0.0,0.40594059405940597,0.0,0.0,0.0,0.0,0.0,0.0
0,Family,Grandfather,50,0_0_0,0.0,0.0,0.0,0.8267326732673267,0.0,0.0,0.0,0.0,0.0,0.0
0,Family,Grandfather,50,0_0_1,0.7142857142857143,0.7142857142857143,0.7142857142857143,0.900990099009901,0.5555555555555556,0.4117647058823529,0.5833333333333334,1.0,0.4117647058823529,0.4117647058823529
0,Family,Grandfather,50,0_1_0,0.7428571428571429,0.6582278481012658,0.5909090909090909,0.8663366336633663,0.49056603773584906,0.47058823529411764,0.64,1.0,0.47058823529411764,0.47058823529411764
0,Family,Grandfather,50,1_0_0,1.0,0.3954802259887006,0.24647887323943662,0.47029702970297027,0.24647887323943662,1.0,1.0,1.0,1.0,1.0
0,Family,Grandfather,50,1_1_1,0.8,0.3888888888888889,0.25688073394495414,0.5643564356435643,0.2413793103448276,0.7058823529411765,0.8275862068965517,1.0,0.7058823529411765,0.7058823529411765
0,Family,Grandfather,55,0_0_0,0.0,0.0,0.0,0.8267326732673267,0.0,0.0,0.0,0.0,0.0,0.0
0,Family,Grandfather,55,0_0_1,0.6571428571428571,0.6764705882352942,0.696969696969697,0.8910891089108911,0.5111111111111111,0.3684210526315789,0.5384615384615384,1.0,0.3684210526315789,0.3684210526315789
0,Family,Grandfather,55,0_1_0,0.7428571428571429,0.6666666666666666,0.6046511627906976,0.8712871287128713,0.5,0.5263157894736842,0.6896551724137931,1.0,0.5263157894736842,0.5263157894736842
0,Family,Grandfather,55,1_0_0,1.0,0.4069767441860465,0.25547445255474455,0.49504950495049505,0.25547445255474455,1.0,1.0,1.0,1.0,1.0
0,Family,Grandfather,55,1_1_1,0.02857142857142857,0.014705882352941176,0.009900990099009901,0.33663366336633666,0.007407407407407408,0.05263157894736842,0.1,1.0,0.05263157894736842,0.05263157894736842
0,Family,Grandfather,60,0_0_0,0.0,0.0,0.0,0.8267326732673267,0.0,0.0,0.0,0.0,0.0,0.0
0,Family,Grandfather,60,0_0_1,0.6,0.6086956521739131,0.6176470588235294,0.8663366336633663,0.4375,0.3333333333333333,0.5,1.0,0.3333333333333333,0.3333333333333333
0,Family,Grandfather,60,0_1_0,0.6857142857142857,0.631578947368421,0.5853658536585366,0.8613861386138614,0.46153846153846156,0.47619047619047616,0.6451612903225806,1.0,0.47619047619047616,0.47619047619047616
0,Family,Grandfather,60,1_0_0,1.0,0.42168674698795183,0.26717557251908397,0.5247524752475248,0.26717557251908397,1.0,1.0,1.0,1.0,1.0
0,Family,Grandfather,60,1_1_1,0.02857142857142857,0.015503875968992248,0.010638297872340425,0.3712871287128713,0.0078125,0.047619047619047616,0.09090909090909091,1.0,0.047619047619047616,0.047619047619047616
0,Family,Grandfather,65,0_0_0,0.0,0.0,0.0,0.8267326732673267,0.0,0.0,0.0,0.0,0.0,0.0
0,Family,Grandfather,65,0_0_1,0.5428571428571428,0.59375,0.6551724137931034,0.8712871287128713,0.4222222222222222,0.2727272727272727,0.42857142857142855,1.0,0.2727272727272727,0.2727272727272727
0,Family,Grandfather,65,0_1_0,0.6571428571428571,0.6301369863013698,0.6052631578947368,0.8663366336633663,0.46,0.45454545454545453,0.625,1.0,0.45454545454545453,0.45454545454545453
0,Family,Grandfather,65,1_0_0,1.0,0.46357615894039733,0.3017241379310345,0.599009900990099,0.3017241379310345,1.0,1.0,1.0,1.0,1.0
0,Family,Grandfather,65,1_1_1,0.05714285714285714,0.030534351145038167,0.020833333333333332,0.3712871287128713,0.015503875968992248,0.09090909090909091,0.16666666666666666,1.0,0.09090909090909091,0.09090909090909091
0,Family,Grandfather,70,0_0_0,0.0,0.0,0.0,0.8267326732673267,0.0,0.0,0.0,0.0,0.0,0.0
0,Family,Grandfather,70,0_0_1,0.34285714285714286,0.5106382978723404,1.0,0.8861386138613861,0.34285714285714286,0.041666666666666664,0.08,1.0,0.041666666666666664,0.041666666666666664
0,Family,Grandfather,70,0_1_0,0.3142857142857143,0.4782608695652174,1.0,0.8811881188118812,0.3142857142857143,0.0,0.0,0.0,0.0,0.0
0,Family,Grandfather,70,1_0_0,1.0,0.3286384976525822,0.19662921348314608,0.29207920792079206,0.19662921348314608,1.0,1.0,1.0,1.0,1.0
0,Family,Grandfather,70,1_1_1,0.0,0.0,0.0,0.8118811881188119,0.0,0.0,0.0,0.0,0.0,0.0
0,Family,Grandfather,75,0_0_0,0.0,0.0,0.0,0.8267326732673267,0.0,0.0,0.0,0.0,0.0,0.0
0,Family,Grandfather,75,0_0_1,0.2571428571428571,0.4090909090909091,1.0,0.8712871287128713,0.2571428571428571,0.0,0.0,0.0,0.0,0.0
0,Family,Grandfather,75,0_1_0,0.2571428571428571,0.4090909090909091,1.0,0.8712871287128713,0.2571428571428571,0.0,0.0,0.0,0.0,0.0
0,Family,Grandfather,75,1_0_0,1.0,0.3056768558951965,0.18041237113402062,0.21287128712871287,0.18041237113402062,1.0,1.0,1.0,1.0,1.0
0,Family,Grandfather,75,1_1_1,0.02857142857142857,0.05263157894736842,0.3333333333333333,0.8217821782178217,0.02702702702702703,0.038461538461538464,0.07407407407407407,1.0,0.038461538461538464,0.038461538461538464
0,Family,Grandfather,80,0_0_0,0.0,0.0,0.0,0.8267326732673267,0.0,0.0,0.0,0.0,0.0,0.0
0,Family,Grandfather,80,0_0_1,0.2,0.3333333333333333,1.0,0.8613861386138614,0.2,0.0,0.0,0.0,0.0,0.0
0,Family,Grandfather,80,0_1_0,0.2,0.3333333333333333,1.0,0.8613861386138614,0.2,0.0,0.0,0.0,0.0,0.0
0,Family,Grandfather,80,1_0_0,1.0,0.30701754385964913,0.18134715025906736,0.21782178217821782,0.18134715025906736,1.0,1.0,1.0,1.0,1.0
0,Family,Grandfather,80,1_1_1,0.0,0.0,0.0,0.8267326732673267,0.0,0.0,0.0,0.0,0.0,0.0
0,Family,Grandparent,0,0_0_0,0.0,0.0,0.0,0.6534653465346535,0.0,,,,,
0,Family,Grandparent,0,0_0_1,0.0,0.0,0.0,0.6534653465346535,0.0,,,,,
0,Family,Grandparent,0,0_1_0,0.07142857142857142,0.12658227848101267,0.5555555555555556,0.6584158415841584,0.06756756756756757,,,,,
0,Family,Grandparent,0,1_0_0,0.12857142857142856,0.1836734693877551,0.32142857142857145,0.6039603960396039,0.10112359550561797,,,,,
0,Family,Grandparent,0,1_1_1,0.6,0.5833333333333334,0.5675675675675675,0.7029702970297029,0.4117647058823529,,,,,
0,Family,Grandparent,5,0_0_0,0.0,0.0,0.0,0.6534653465346535,0.0,,,,,
0,Family,Grandparent,5,0_0_1,0.0,0.0,0.0,0.6534653465346535,0.0,,,,,
0,Family,Grandparent,5,0_1_0,0.07142857142857142,0.12658227848101267,0.5555555555555556,0.6584158415841584,0.06756756756756757,,,,,
0,Family,Grandparent,5,1_0_0,0.12857142857142856,0.1836734693877551,0.32142857142857145,0.6039603960396039,0.10112359550561797,,,,,
0,Family,Grandparent,5,1_1_1,0.6,0.5833333333333334,0.5675675675675675,0.7029702970297029,0.4117647058823529,,,,,
0,Family,Grandparent,10,0_0_0,0.0,0.0,0.0,0.6534653465346535,0.0,,,,,
0,Family,Grandparent,10,0_0_1,0.0,0.0,0.0,0.6534653465346535,0.0,,,,,
0,Family,Grandparent,10,0_1_0,0.07142857142857142,0.12658227848101267,0.5555555555555556,0.6584158415841584,0.06756756756756757,,,,,
0,Family,Grandparent,10,1_0_0,0.12857142857142856,0.1836734693877551,0.32142857142857145,0.6039603960396039,0.10112359550561797,,,,,
0,Family,Grandparent,10,1_1_1,0.6,0.5833333333333334,0.5675675675675675,0.7029702970297029,0.4117647058823529,,,,,
0,Family,Grandparent,15,0_0_0,0.0,0.0,0.0,0.6534653465346535,0.0,,,,,
0,Family,Grandparent,15,0_0_1,0.0,0.0,0.0,0.6534653465346535,0.0,,,,,
0,Family,Grandparent,15,0_1_0,0.07142857142857142,0.12658227848101267,0.5555555555555556,0.6584158415841584,0.06756756756756757,,,,,
0,Family,Grandparent,15,1_0_0,0.12857142857142856,0.1836734693877551,0.32142857142857145,0.6039603960396039,0.10112359550561797,,,,,
0,Family,Grandparent,15,1_1_1,0.6,0.5833333333333334,0.5675675675675675,0.7029702970297029,0.4117647058823529,,,,,
0,Family,Grandparent,20,0_0_0,0.0,0.0,0.0,0.6534653465346535,0.0,,,,,
0,Family,Grandparent,20,0_0_1,0.0,0.0,0.0,0.6534653465346535,0.0,,,,,
0,Family,Grandparent,20,0_1_0,0.07142857142857142,0.12658227848101267,0.5555555555555556,0.6584158415841584,0.06756756756756757,,,,,
0,Family,Grandparent,20,1_0_0,0.12857142857142856,0.1836734693877551,0.32142857142857145,0.6039603960396039,0.10112359550561797,,,,,
0,Family,Grandparent,20,1_1_1,0.6,0.5833333333333334,0.5675675675675675,0.7029702970297029,0.4117647058823529,,,,,
0,Family,Grandparent,25,0_0_0,0.0,0.0,0.0,0.6534653465346535,0.0,,,,,
0,Family,Grandparent,25,0_0_1,0.0,0.0,0.0,0.6534653465346535,0.0,,,,,
0,Family,Grandparent,25,0_1_0,0.07142857142857142,0.12658227848101267,0.5555555555555556,0.6584158415841584,0.06756756756756757,,,,,
0,Family,Grandparent,25,1_0_0,0.12857142857142856,0.1836734693877551,0.32142857142857145,0.6039603960396039,0.10112359550561797,,,,,
0,Family,Grandparent,25,1_1_1,0.6,0.5833333333333334,0.5675675675675675,0.7029702970297029,0.4117647058823529,,,,,
0,Family,Grandparent,30,0_0_0,0.0,0.0,0.0,0.6534653465346535,0.0,,,,,
0,Family,Grandparent,30,0_0_1,0.0,0.0,0.0,0.6534653465346535,0.0,,,,,
0,Family,Grandparent,30,0_1_0,0.07142857142857142,0.12658227848101267,0.5555555555555556,0.6584158415841584,0.06756756756756757,,,,,
0,Family,Grandparent,30,1_0_0,0.12857142857142856,0.1836734693877551,0.32142857142857145,0.6039603960396039,0.10112359550561797,,,,,
0,Family,Grandparent,30,1_1_1,0.6,0.5833333333333334,0.5675675675675675,0.7029702970297029,0.4117647058823529,,,,,
0,Family,Grandparent,35,0_0_0,0.0,0.0,0.0,0.6534653465346535,0.0,,,,,
0,Family,Grandparent,35,0_0_1,0.0,0.0,0.0,0.6534653465346535,0.0,,,,,
0,Family,Grandparent,35,0_1_0,0.07142857142857142,0.12658227848101267,0.5555555555555556,0.6584158415841584,0.06756756756756757,,,,,
0,Family,Grandparent,35,1_0_0,0.12857142857142856,0.1836734693877551,0.32142857142857145,0.6039603960396039,0.10112359550561797,,,,,
0,Family,Grandparent,35,1_1_1,0.6,0.5833333333333334,0.5675675675675675,0.7029702970297029,0.4117647058823529,,,,,
0,Family,Grandparent,40,0_0_0,0.0,0.0,0.0,0.6534653465346535,0.0,,,,,
0,Family,Grandparent,40,0_0_1,0.0,0.0,0.0,0.6534653465346535,0.0,,,,,
0,Family,Grandparent,40,0_1_0,0.07142857142857142,0.12658227848101267,0.5555555555555556,0.6584158415841584,0.06756756756756757,,,,,
0,Family,Grandparent,40,1_0_0,0.12857142857142856,0.1836734693877551,0.32142857142857145,0.6039603960396039,0.10112359550561797,,,,,
0,Family,Grandparent,40,1_1_1,0.6,0.5833333333333334,0.5675675675675675,0.7029702970297029,0.4117647058823529,,,,,
0,Family,Grandparent,45,0_0_0,0.0,0.0,0.0,0.6534653465346535,0.0,,,,,
0,Family,Grandparent,45,0_0_1,0.0,0.0,0.0,0.6534653465346535,0.0,,,,,
0,Family,Grandparent,45,0_1_0,0.07142857142857142,0.12658227848101267,0.5555555555555556,0.6584158415841584,0.06756756756756757,,,,,
0,Family,Grandparent,45,1_0_0,0.12857142857142856,0.1836734693877551,0.32142857142857145,0.6039603960396039,0.10112359550561797,,,,,
0,Family,Grandparent,45,1_1_1,0.6,0.5833333333333334,0.5675675675675675,0.7029702970297029,0.4117647058823529,,,,,
0,Family,Grandparent,50,0_0_0,0.0,0.0,0.0,0.6534653465346535,0.0,,,,,
0,Family,Grandparent,50,0_0_1,0.0,0.0,0.0,0.6534653465346535,0.0,,,,,
0,Family,Grandparent,50,0_1_0,0.07142857142857142,0.12658227848101267,0.5555555555555556,0.6584158415841584,0.06756756756756757,,,,,
0,Family,Grandparent,50,1_0_0,0.12857142857142856,0.1836734693877551,0.32142857142857145,0.6039603960396039,0.10112359550561797,,,,,
0,Family,Grandparent,50,1_1_1,0.6,0.5833333333333334,0.5675675675675675,0.7029702970297029,0.4117647058823529,,,,,
0,Family,Grandparent,55,0_0_0,0.0,0.0,0.0,0.6534653465346535,0.0,,,,,
0,Family,Grandparent,55,0_0_1,0.0,0.0,0.0,0.6534653465346535,0.0,,,,,
0,Family,Grandparent,55,0_1_0,0.07142857142857142,0.12658227848101267,0.5555555555555556,0.6584158415841584,0.06756756756756757,,,,,
0,Family,Grandparent,55,1_0_0,0.12857142857142856,0.1836734693877551,0.32142857142857145,0.6039603960396039,0.10112359550561797,,,,,
0,Family,Grandparent,55,1_1_1,0.6,0.5833333333333334,0.5675675675675675,0.7029702970297029,0.4117647058823529,,,,,
0,Family,Grandparent,60,0_0_0,0.0,0.0,0.0,0.6534653465346535,0.0,,,,,
0,Family,Grandparent,60,0_0_1,0.0,0.0,0.0,0.6534653465346535,0.0,,,,,
0,Family,Grandparent,60,0_1_0,0.07142857142857142,0.12658227848101267,0.5555555555555556,0.6584158415841584,0.06756756756756757,,,,,
0,Family,Grandparent,60,1_0_0,0.12857142857142856,0.1836734693877551,0.32142857142857145,0.6039603960396039,0.10112359550561797,,,,,
0,Family,Grandparent,60,1_1_1,0.6,0.5833333333333334,0.5675675675675675,0.7029702970297029,0.4117647058823529,,,,,
0,Family,Grandparent,65,0_0_0,0.0,0.0,0.0,0.6534653465346535,0.0,,,,,
0,Family,Grandparent,65,0_0_1,0.0,0.0,0.0,0.6534653465346535,0.0,,,,,
0,Family,Grandparent,65,0_1_0,0.07142857142857142,0.12658227848101267,0.5555555555555556,0.6584158415841584,0.06756756756756757,,,,,
0,Family,Grandparent,65,1_0_0,0.12857142857142856,0.1836734693877551,0.32142857142857145,0.6039603960396039,0.10112359550561797,,,,,
0,Family,Grandparent,65,1_1_1,0.6,0.5833333333333334,0.5675675675675675,0.7029702970297029,0.4117647058823529,,,,,
0,Family,Grandparent,70,0_0_0,0.0,0.0,0.0,0.6534653465346535,0.0,,,,,
0,Family,Grandparent,70,0_0_1,0.0,0.0,0.0,0.6534653465346535,0.0,,,,,
0,Family,Grandparent,70,0_1_0,0.07142857142857142,0.12658227848101267,0.5555555555555556,0.6584158415841584,0.06756756756756757,,,,,
0,Family,Grandparent,70,1_0_0,0.12857142857142856,0.1836734693877551,0.32142857142857145,0.6039603960396039,0.10112359550561797,,,,,
0,Family,Grandparent,70,1_1_1,0.6,0.5833333333333334,0.5675675675675675,0.7029702970297029,0.4117647058823529,,,,,
0,Family,Grandparent,75,0_0_0,0.0,0.0,0.0,0.6534653465346535,0.0,,,,,
0,Family,Grandparent,75,0_0_1,0.0,0.0,0.0,0.6534653465346535,0.0,,,,,
0,Family,Grandparent,75,0_1_0,0.07142857142857142,0.12658227848101267,0.5555555555555556,0.6584158415841584,0.06756756756756757,,,,,
0,Family,Grandparent,75,1_0_0,0.12857142857142856,0.1836734693877551,0.32142857142857145,0.6039603960396039,0.10112359550561797,,,,,
0,Family,Grandparent,75,1_1_1,0.6,0.5833333333333334,0.5675675675675675,0.7029702970297029,0.4117647058823529,,,,,
0,Family,Grandparent,80,0_0_0,0.0,0.0,0.0,0.6534653465346535,0.0,,,,,
0,Family,Grandparent,80,0_0_1,0.0,0.0,0.0,0.6534653465346535,0.0,,,,,
0,Family,Grandparent,80,0_1_0,0.07142857142857142,0.12658227848101267,0.5555555555555556,0.6584158415841584,0.06756756756756757,,,,,
0,Family,Grandparent,80,1_0_0,0.12857142857142856,0.1836734693877551,0.32142857142857145,0.6039603960396039,0.10112359550561797,,,,,
0,Family,Grandparent,80,1_1_1,0.6,0.5833333333333334,0.5675675675675675,0.7029702970297029,0.4117647058823529,,,,,
0,Family,Grandmother,0,0_0_0,0.0,0.0,0.0,0.8267326732673267,0.0,,,,,
0,Family,Grandmother,0,0_0_1,1.0,0.5982905982905983,0.4268292682926829,0.7673267326732673,0.4268292682926829,,,,,
0,Family,Grandmother,0,0_1_0,1.0,0.625,0.45454545454545453,0.7920792079207921,0.45454545454545453,,,,,
0,Family,Grandmother,0,1_0_0,1.0,0.30973451327433627,0.18324607329842932,0.22772277227722773,0.18324607329842932,,,,,
0,Family,Grandmother,0,1_1_1,0.05714285714285714,0.031496062992125984,0.021739130434782608,0.3910891089108911,0.016,,,,,
0,Family,Grandmother,5,0_0_0,0.0,0.0,0.0,0.8267326732673267,0.0,0.0,0.0,0.0,0.0,0.0
0,Family,Grandmother,5,0_0_1,1.0,0.813953488372093,0.6862745098039216,0.9207920792079208,0.6862745098039216,1.0,1.0,1.0,1.0,1.0
0,Family,Grandmother,5,0_1_0,0.9714285714285714,0.8,0.68,0.9158415841584159,0.6666666666666666,0.0,0.0,0.0,0.0,0.0
0,Family,Grandmother,5,1_0_0,1.0,0.319634703196347,0.19021739130434784,0.2623762376237624,0.19021739130434784,1.0,1.0,1.0,1.0,1.0
0,Family,Grandmother,5,1_1_1,0.9714285714285714,0.4788732394366197,0.3177570093457944,0.6336633663366337,0.3148148148148148,0.0,0.0,0.0,0.0,0.0
0,Family,Grandmother,10,0_0_0,0.0,0.0,0.0,0.8267326732673267,0.0,0.0,0.0,0.0,0.0,0.0
0,Family,Grandmother,10,0_0_1,0.9714285714285714,0.7727272727272727,0.6415094339622641,0.900990099009901,0.6296296296296297,0.6666666666666666,0.8,1.0,0.6666666666666666,0.6666666666666666
0,Family,Grandmother,10,0_1_0,0.9428571428571428,0.7857142857142857,0.673469387755102,0.9108910891089109,0.6470588235294118,0.3333333333333333,0.5,1.0,0.3333333333333333,0.3333333333333333
0,Family,Grandmother,10,1_0_0,1.0,0.3181818181818182,0.1891891891891892,0.25742574257425743,0.1891891891891892,1.0,1.0,1.0,1.0,1.0
0,Family,Grandmother,10,1_1_1,0.9714285714285714,0.4755244755244755,0.3148148148148148,0.6287128712871287,0.3119266055045872,0.6666666666666666,0.8,1.0,0.6666666666666666,0.6666666666666666
0,Family,Grandmother,15,0_0_0,0.0,0.0,0.0,0.8267326732673267,0.0,0.0,0.0,0.0,0.0,0.0
0,Family,Grandmother,15,0_0_1,0.9428571428571428,0.75,0.6226415094339622,0.8910891089108911,0.6,0.6,0.75,1.0,0.6,0.6
0,Family,Grandmother,15,0_1_0,0.9142857142857143,0.7804878048780488,0.6808510638297872,0.9108910891089109,0.64,0.4,0.5714285714285714,1.0,0.4,0.4
0,Family,Grandmother,15,1_0_0,1.0,0.30042918454935624,0.17676767676767677,0.19306930693069307,0.17676767676767677,1.0,1.0,1.0,1.0,1.0
0,Family,Grandmother,15,1_1_1,0.9714285714285714,0.4503311258278146,0.29310344827586204,0.5891089108910891,0.2905982905982906,0.8,0.8888888888888888,1.0,0.8,0.8
0,Family,Grandmother,20,0_0_0,0.0,0.0,0.0,0.8267326732673267,0.0,0.0,0.0,0.0,0.0,0.0
0,Family,Grandmother,20,0_0_1,0.9142857142857143,0.7710843373493976,0.6666666666666666,0.905940594059406,0.6274509803921569,0.5714285714285714,0.7272727272727273,1.0,0.5714285714285714,0.5714285714285714
0,Family,Grandmother,20,0_1_0,0.8857142857142857,0.7560975609756098,0.6595744680851063,0.900990099009901,0.6078431372549019,0.42857142857142855,0.6,1.0,0.42857142857142855,0.42857142857142855
0,Family,Grandmother,20,1_0_0,1.0,0.3056768558951965,0.18041237113402062,0.21287128712871287,0.18041237113402062,1.0,1.0,1.0,1.0,1.0
0,Family,Grandmother,20,1_1_1,0.9428571428571428,0.4489795918367347,0.29464285714285715,0.599009900990099,0.2894736842105263,0.7142857142857143,0.8333333333333334,1.0,0.7142857142857143,0.7142857142857143
0,Family,Grandmother,25,0_0_0,0.0,0.0,0.0,0.8267326732673267,0.0,0.0,0.0,0.0,0.0,0.0
0,Family,Grandmother,25,0_0_1,0.8857142857142857,0.7469879518072289,0.6458333333333334,0.8960396039603961,0.5961538461538461,0.5,0.6666666666666666,1.0,0.5,0.5
0,Family,Grandmother,25,0_1_0,0.8571428571428571,0.7317073170731707,0.6382978723404256,0.8910891089108911,0.5769230769230769,0.375,0.5454545454545454,1.0,0.375,0.375
0,Family,Grandmother,25,1_0_0,1.0,0.3125,0.18518518518518517,0.2376237623762376,0.18518518518518517,1.0,1.0,1.0,1.0,1.0
0,Family,Grandmother,25,1_1_1,0.9428571428571428,0.4520547945205479,0.2972972972972973,0.6039603960396039,0.2920353982300885,0.75,0.8571428571428571,1.0,0.75,0.75
0,Family,Grandmother,30,0_0_0,0.0,0.0,0.0,0.8267326732673267,0.0,0.0,0.0,0.0,0.0,0.0
0,Family,Grandmother,30,0_0_1,0.8571428571428571,0.7407407407407407,0.6521739130434783,0.8960396039603961,0.5882352941176471,0.5,0.6666666666666666,1.0,0.5,0.5
0,Family,Grandmother,30,0_1_0,0.8285714285714286,0.6987951807228916,0.6041666666666666,0.8762376237623762,0.5370370370370371,0.4,0.5714285714285714,1.0,0.4,0.4
0,Family,Grandmother,30,1_0_0,1.0,0.30434782608695654,0.1794871794871795,0.2079207920792079,0.1794871794871795,1.0,1.0,1.0,1.0,1.0
0,Family,Grandmother,30,1_1_1,0.9428571428571428,0.4429530201342282,0.2894736842105263,0.5891089108910891,0.28448275862068967,0.8,0.8888888888888888,1.0,0.8,0.8
0,Family,Grandmother,35,0_0_0,0.0,0.0,0.0,0.8267326732673267,0.0,0.0,0.0,0.0,0.0,0.0
0,Family,Grandmother,35,0_0_1,0.8,0.717948717948718,0.6511627906976745,0.8910891089108911,0.56,0.4166666666666667,0.5882352941176471,1.0,0.4166666666666667,0.4166666666666667
0,Family,Grandmother,35,0_1_0,0.8,0.7088607594936709,0.6363636363636364,0.8861386138613861,0.5490196078431373,0.4166666666666667,0.5882352941176471,1.0,0.4166666666666667,0.4166666666666667
0,Family,Grandmother,35,1_0_0,1.0,0.3056768558951965,0.18041237113402062,0.21287128712871287,0.18041237113402062,1.0,1.0,1.0,1.0,1.0
0,Family,Grandmother,35,1_1_1,0.9428571428571428,0.4370860927152318,0.28448275862068967,0.5792079207920792,0.2796610169491525,0.8333333333333334,0.9090909090909091,1.0,0.8333333333333334,0.8333333333333334
0,Family,Grandmother,40,0_0_0,0.0,0.0,0.0,0.8267326732673267,0.0,0.0,0.0,0.0,0.0,0.0
0,Family,Grandmother,40,0_0_1,0.7428571428571429,0.6842105263157895,0.6341463414634146,0.8811881188118812,0.52,0.35714285714285715,0.5263157894736842,1.0,0.35714285714285715,0.35714285714285715
0,Family,Grandmother,40,0_1_0,0.7142857142857143,0.6944444444444444,0.6756756756756757,0.8910891089108911,0.5319148936170213,0.2857142857142857,0.4444444444444444,1.0,0.2857142857142857,0.2857142857142857
0,Family,Grandmother,40,1_0_0,1.0,0.3017241379310345,0.17766497461928935,0.19801980198019803,0.17766497461928935,1.0,1.0,1.0,1.0,1.0
0,Family,Grandmother,40,1_1_1,0.9428571428571428,0.42857142857142855,0.2773109243697479,0.5643564356435643,0.2727272727272727,0.8571428571428571,0.9230769230769231,1.0,0.8571428571428571,0.8571428571428571
0,Family,Grandmother,45,0_0_0,0.0,0.0,0.0,0.8267326732673267,0.0,0.0,0.0,0.0,0.0,0.0
0,Family,Grandmother,45,0_0_1,0.8571428571428571,0.6666666666666666,0.5454545454545454,0.8514851485148515,0.5,0.6666666666666666,0.8,1.0,0.6666666666666666,0.6666666666666666
0,Family,Grandmother,45,0_1_0,0.6857142857142857,0.7741935483870968,0.8888888888888888,0.9306930693069307,0.631578947368421,0.26666666666666666,0.42105263157894735,1.0,0.26666666666666666,0.26666666666666666
0,Family,Grandmother,45,1_0_0,1.0,0.29535864978902954,0.17326732673267325,0.17326732673267325,0.17326732673267325,1.0,1.0,1.0,1.0,1.0
0,Family,Grandmother,45,1_1_1,0.8857142857142857,0.40522875816993464,0.2627118644067797,0.5495049504950495,0.2540983606557377,0.7333333333333333,0.8461538461538461,1.0,0.7333333333333333,0.7333333333333333
0,Family,Grandmother,50,0_0_0,0.0,0.0,0.0,0.8267326732673267,0.0,0.0,0.0,0.0,0.0,0.0
0,Family,Grandmother,50,0_0_1,0.8,0.6363636363636364,0.5283018867924528,0.8415841584158416,0.4666666666666667,0.5882352941176471,0.7407407407407407,1.0,0.5882352941176471,0.5882352941176471
0,Family,Grandmother,50,0_1_0,0.6285714285714286,0.7333333333333333,0.88,0.9207920792079208,0.5789473684210527,0.23529411764705882,0.38095238095238093,1.0,0.23529411764705882,0.23529411764705882
0,Family,Grandmother,50,1_0_0,1.0,0.29535864978902954,0.17326732673267325,0.17326732673267325,0.17326732673267325,1.0,1.0,1.0,1.0,1.0
0,Family,Grandmother,50,1_1_1,0.8571428571428571,0.4,0.2608695652173913,0.5544554455445545,0.25,0.7058823529411765,0.8275862068965517,1.0,0.7058823529411765,0.7058823529411765
0,Family,Grandmother,55,0_0_0,0.0,0.0,0.0,0.8267326732673267,0.0,0.0,0.0,0.0,0.0,0.0
0,Family,Grandmother,55,0_0_1,0.7142857142857143,0.5882352941176471,0.5,0.8267326732673267,0.4166666666666667,0.47368421052631576,0.6428571428571429,1.0,0.47368421052631576,0.47368421052631576
0,Family,Grandmother,55,0_1_0,0.5142857142857142,0.6545454545454545,0.9,0.905940594059406,0.4864864864864865,0.10526315789473684,0.19047619047619047,1.0,0.10526315789473684,0.10526315789473684
0,Family,Grandmother,55,1_0_0,1.0,0.29535864978902954,0.17326732673267325,0.17326732673267325,0.17326732673267325,1.0,1.0,1.0,1.0,1.0
0,Family,Grandmother,55,1_1_1,0.8857142857142857,0.40789473684210525,0.26495726495726496,0.5544554455445545,0.256198347107438,0.7894736842105263,0.8823529411764706,1.0,0.7894736842105263,0.7894736842105263
0,Family,Grandmother,60,0_0_0,0.0,0.0,0.0,0.8267326732673267,0.0,0.0,0.0,0.0,0.0,0.0
0,Family,Grandmother,60,0_0_1,0.5142857142857142,0.5,0.4864864864864865,0.8217821782178217,0.3333333333333333,0.19047619047619047,0.32,1.0,0.19047619047619047,0.19047619047619047
0,Family,Grandmother,60,0_1_0,0.4857142857142857,0.6296296296296297,0.8947368421052632,0.900990099009901,0.4594594594594595,0.14285714285714285,0.25,1.0,0.14285714285714285,0.14285714285714285
0,Family,Grandmother,60,1_0_0,1.0,0.29914529914529914,0.17587939698492464,0.18811881188118812,0.17587939698492464,1.0,1.0,1.0,1.0,1.0
0,Family,Grandmother,60,1_1_1,0.8857142857142857,0.4025974025974026,0.2605042016806723,0.5445544554455446,0.25203252032520324,0.8095238095238095,0.8947368421052632,1.0,0.8095238095238095,0.8095238095238095
0,Family,Grandmother,65,0_0_0,0.0,0.0,0.0,0.8267326732673267,0.0,0.0,0.0,0.0,0.0,0.0
0,Family,Grandmother,65,0_0_1,0.45714285714285713,0.47058823529411764,0.48484848484848486,0.8217821782178217,0.3076923076923077,0.13636363636363635,0.24,1.0,0.13636363636363635,0.13636363636363635
0,Family,Grandmother,65,0_1_0,0.4857142857142857,0.6181818181818182,0.85,0.8960396039603961,0.4473684210526316,0.18181818181818182,0.3076923076923077,1.0,0.18181818181818182,0.18181818181818182
0,Family,Grandmother,65,1_0_0,1.0,0.30434782608695654,0.1794871794871795,0.2079207920792079,0.1794871794871795,1.0,1.0,1.0,1.0,1.0
0,Family,Grandmother,65,1_1_1,0.8571428571428571,0.39215686274509803,0.2542372881355932,0.5396039603960396,0.24390243902439024,0.7727272727272727,0.8717948717948718,1.0,0.7727272727272727,0.7727272727272727
0,Family,Grandmother,70,0_0_0,0.0,0.0,0.0,0.8267326732673267,0.0,0.0,0.0,0.0,0.0,0.0
0,Family,Grandmother,70,0_0_1,0.4,0.4057971014492754,0.4117647058823529,0.7970297029702971,0.2545454545454545,0.125,0.2222222222222222,1.0,0.125,0.125
0,Family,Grandmother,70,0_1_0,0.4,0.5384615384615384,0.8235294117647058,0.8811881188118812,0.3684210526315789,0.125,0.2222222222222222,1.0,0.125,0.125
0,Family,Grandmother,70,1_0_0,1.0,0.3056768558951965,0.18041237113402062,0.21287128712871287,0.18041237113402062,1.0,1.0,1.0,1.0,1.0
0,Family,Grandmother,70,1_1_1,0.8285714285714286,0.3918918918918919,0.25663716814159293,0.5544554455445545,0.24369747899159663,0.75,0.8571428571428571,1.0,0.75,0.75
0,Family,Grandmother,75,0_0_0,0.0,0.0,0.0,0.8267326732673267,0.0,0.0,0.0,0.0,0.0,0.0
0,Family,Grandmother,75,0_0_1,0.37142857142857144,0.37142857142857144,0.37142857142857144,0.7821782178217822,0.22807017543859648,0.15384615384615385,0.26666666666666666,1.0,0.15384615384615385,0.15384615384615385
0,Family,Grandmother,75,0_1_0,0.34285714285714286,0.48,0.8,0.8712871287128713,0.3157894736842105,0.11538461538461539,0.20689655172413793,1.0,0.11538461538461539,0.11538461538461539
0,Family,Grandmother,75,1_0_0,1.0,0.3017241379310345,0.17766497461928935,0.19801980198019803,0.17766497461928935,1.0,1.0,1.0,1.0,1.0
0,Family,Grandmother,75,1_1_1,0.8,0.38095238095238093,0.25,0.5495049504950495,0.23529411764705882,0.7307692307692307,0.8444444444444444,1.0,0.7307692307692307,0.7307692307692307
0,Family,Grandmother,80,0_0_0,0.0,0.0,0.0,0.8267326732673267,0.0,0.0,0.0,0.0,0.0,0.0
0,Family,Grandmother,80,0_0_1,0.2857142857142857,0.3225806451612903,0.37037037037037035,0.7920792079207921,0.19230769230769232,0.10714285714285714,0.1935483870967742,1.0,0.10714285714285714,0.10714285714285714
0,Family,Grandmother,80,0_1_0,0.2857142857142857,0.4166666666666667,0.7692307692307693,0.8613861386138614,0.2631578947368421,0.10714285714285714,0.1935483870967742,1.0,0.10714285714285714,0.10714285714285714
0,Family,Grandmother,80,1_0_0,1.0,0.30434782608695654,0.1794871794871795,0.2079207920792079,0.1794871794871795,1.0,1.0,1.0,1.0,1.0
0,Family,Grandmother,80,1_1_1,0.7142857142857143,0.3472222222222222,0.22935779816513763,0.5346534653465347,0.21008403361344538,0.6428571428571429,0.782608695652174,1.0,0.6428571428571429,0.6428571428571429
0,Family,Grandson,0,0_0_0,0.046511627906976744,0.08888888888888889,1.0,0.7970297029702971,0.046511627906976744,,,,,
0,Family,Grandson,0,0_0_1,1.0,0.9148936170212766,0.8431372549019608,0.9603960396039604,0.8431372549019608,,,,,
0,Family,Grandson,0,0_1_0,1.0,0.8037383177570093,0.671875,0.8960396039603961,0.671875,,,,,
0,Family,Grandson,0,1_0_0,1.0,0.4673913043478261,0.3049645390070922,0.5148514851485149,0.3049645390070922,,,,,
0,Family,Grandson,0,1_1_1,0.0,0.0,0.0,0.5544554455445545,0.0,,,,,
0,Family,Grandson,5,0_0_0,0.06976744186046512,0.13043478260869565,1.0,0.801980198019802,0.06976744186046512,0.0,0.0,0.0,0.0,0.0
0,Family,Grandson,5,0_0_1,1.0,0.8775510204081632,0.7818181818181819,0.9405940594059405,0.7818181818181819,1.0,1.0,1.0,1.0,1.0
0,Family,Grandson,5,0_1_0,1.0,0.8269230769230769,0.7049180327868853,0.9108910891089109,0.7049180327868853,1.0,1.0,1.0,1.0,1.0
0,Family,Grandson,5,1_0_0,1.0,0.45989304812834225,0.2986111111111111,0.5,0.2986111111111111,1.0,1.0,1.0,1.0,1.0
0,Family,Grandson,5,1_1_1,0.023255813953488372,0.018867924528301886,0.015873015873015872,0.48514851485148514,0.009523809523809525,0.0,0.0,0.0,0.0,0.0
0,Family,Grandson,10,0_0_0,0.27906976744186046,0.43636363636363634,1.0,0.8465346534653465,0.27906976744186046,0.0,0.0,0.0,0.0,0.0
0,Family,Grandson,10,0_0_1,1.0,0.7107438016528925,0.5512820512820513,0.8267326732673267,0.5512820512820513,1.0,1.0,1.0,1.0,1.0
0,Family,Grandson,10,0_1_0,1.0,0.8431372549019608,0.7288135593220338,0.9207920792079208,0.7288135593220338,1.0,1.0,1.0,1.0,1.0
0,Family,Grandson,10,1_0_0,1.0,0.45989304812834225,0.2986111111111111,0.5,0.2986111111111111,1.0,1.0,1.0,1.0,1.0
0,Family,Grandson,10,1_1_1,0.046511627906976744,0.03361344537815126,0.02631578947368421,0.4306930693069307,0.017094017094017096,0.25,0.4,1.0,0.25,0.25
0,Family,Grandson,15,0_0_0,0.20930232558139536,0.34615384615384615,1.0,0.8316831683168316,0.20930232558139536,0.0,0.0,0.0,0.0,0.0
0,Family,Grandson,15,0_0_1,1.0,0.7166666666666667,0.5584415584415584,0.8316831683168316,0.5584415584415584,1.0,1.0,1.0,1.0,1.0
0,Family,Grandson,15,0_1_0,0.9767441860465116,0.7636363636363637,0.6268656716417911,0.8712871287128713,0.6176470588235294,0.8333333333333334,0.9090909090909091,1.0,0.8333333333333334,0.8333333333333334
0,Family,Grandson,15,1_0_0,1.0,0.47513812154696133,0.3115942028985507,0.5297029702970297,0.3115942028985507,1.0,1.0,1.0,1.0,1.0
0,Family,Grandson,15,1_1_1,0.023255813953488372,0.017094017094017096,0.013513513513513514,0.4306930693069307,0.008620689655172414,0.16666666666666666,0.2857142857142857,1.0,0.16666666666666666,0.16666666666666666
0,Family,Grandson,20,0_0_0,0.023255813953488372,0.045454545454545456,1.0,0.7920792079207921,0.023255813953488372,0.0,0.0,0.0,0.0,0.0
0,Family,Grandson,20,0_0_1,1.0,0.671875,0.5058823529411764,0.7920792079207921,0.5058823529411764,1.0,1.0,1.0,1.0,1.0
0,Family,Grandson,20,0_1_0,0.9534883720930233,0.6949152542372882,0.5466666666666666,0.8217821782178217,0.5324675324675324,0.75,0.8571428571428571,1.0,0.75,0.75
0,Family,Grandson,20,1_0_0,1.0,0.3659574468085106,0.22395833333333334,0.2623762376237624,0.22395833333333334,1.0,1.0,1.0,1.0,1.0
0,Family,Grandson,20,1_1_1,0.023255813953488372,0.01834862385321101,0.015151515151515152,0.47029702970297027,0.009259259259259259,0.125,0.2222222222222222,1.0,0.125,0.125
0,Family,Grandson,25,0_0_0,0.023255813953488372,0.045454545454545456,1.0,0.7920792079207921,0.023255813953488372,0.0,0.0,0.0,0.0,0.0
0,Family,Grandson,25,0_0_1,1.0,0.6666666666666666,0.5,0.7871287128712872,0.5,1.0,1.0,1.0,1.0,1.0
0,Family,Grandson,25,0_1_0,0.9534883720930233,0.7068965517241379,0.5616438356164384,0.8316831683168316,0.5466666666666666,0.8,0.8888888888888888,1.0,0.8,0.8
0,Family,Grandson,25,1_0_0,1.0,0.35684647302904565,0.21717171717171718,0.23267326732673269,0.21717171717171718,1.0,1.0,1.0,1.0,1.0
0,Family,Grandson,25,1_1_1,0.023255813953488372,0.017543859649122806,0.014084507042253521,0.44554455445544555,0.008849557522123894,0.1,0.18181818181818182,1.0,0.1,0.1
0,Family,Grandson,30,0_0_0,0.023255813953488372,0.045454545454545456,1.0,0.7920792079207921,0.023255813953488372,0.0,0.0,0.0,0.0,0.0
0,Family,Grandson,30,0_0_1,1.0,0.671875,0.5058823529411764,0.7920792079207921,0.5058823529411764,1.0,1.0,1.0,1.0,1.0
0,Family,Grandson,30,0_1_0,0.9534883720930233,0.7130434782608696,0.5694444444444444,0.8366336633663366,0.5540540540540541,0.8333333333333334,0.9090909090909091,1.0,0.8333333333333334,0.8333333333333334
0,Family,Grandson,30,1_0_0,1.0,0.3598326359832636,0.2193877551020408,0.24257425742574257,0.2193877551020408,1.0,1.0,1.0,1.0,1.0
0,Family,Grandson,30,1_1_1,0.023255813953488372,0.017857142857142856,0.014492753623188406,0.45544554455445546,0.009009009009009009,0.08333333333333333,0.15384615384615385,1.0,0.08333333333333333,0.08333333333333333
0,Family,Grandson,35,0_0_0,0.0,0.0,0.0,0.7871287128712872,0.0,0.0,0.0,0.0,0.0,0.0
0,Family,Grandson,35,0_0_1,1.0,0.688,0.524390243902439,0.806930693069307,0.524390243902439,1.0,1.0,1.0,1.0,1.0
0,Family,Grandson,35,0_1_0,0.9534883720930233,0.7387387387387387,0.6029411764705882,0.8564356435643564,0.5857142857142857,0.8666666666666667,0.9285714285714286,1.0,0.8666666666666667,0.8666666666666667
0,Family,Grandson,35,1_0_0,1.0,0.36134453781512604,0.2205128205128205,0.24752475247524752,0.2205128205128205,1.0,1.0,1.0,1.0,1.0
0,Family,Grandson,35,1_1_1,0.046511627906976744,0.035398230088495575,0.02857142857142857,0.4603960396039604,0.018018018018018018,0.13333333333333333,0.23529411764705882,1.0,0.13333333333333333,0.13333333333333333
0,Family,Grandson,40,0_0_0,0.09302325581395349,0.1702127659574468,1.0,0.806930693069307,0.09302325581395349,0.0,0.0,0.0,0.0,0.0
0,Family,Grandson,40,0_0_1,0.9069767441860465,0.75,0.639344262295082,0.8712871287128713,0.6,0.7647058823529411,0.8666666666666667,1.0,0.7647058823529411,0.7647058823529411
0,Family,Grandson,40,0_1_0,0.9302325581395349,0.7272727272727273,0.5970149253731343,0.8514851485148515,0.5714285714285714,0.8235294117647058,0.9032258064516129,1.0,0.8235294117647058,0.8235294117647058
0,Family,Grandson,40,1_0_0,1.0,0.36909871244635195,0.22631578947368422,0.2722772277227723,0.22631578947368422,1.0,1.0,1.0,1.0,1.0
0,Family,Grandson,40,1_1_1,0.6511627906976745,0.2692307692307692,0.1696969696969697,0.24752475247524752,0.15555555555555556,0.6470588235294118,0.7857142857142857,1.0,0.6470588235294118,0.6470588235294118
0,Family,Grandson,45,0_0_0,0.046511627906976744,0.08888888888888889,1.0,0.7970297029702971,0.046511627906976744,0.0,0.0,0.0,0.0,0.0
0,Family,Grandson,45,0_0_1,0.8837209302325582,0.7238095238095238,0.6129032258064516,0.8564356435643564,0.5671641791044776,0.7368421052631579,0.8484848484848485,1.0,0.7368421052631579,0.7368421052631579
0,Family,Grandson,45,0_1_0,0.9069767441860465,0.7959183673469388,0.7090909090909091,0.900990099009901,0.6610169491525424,0.7894736842105263,0.8823529411764706,1.0,0.7894736842105263,0.7894736842105263
0,Family,Grandson,45,1_0_0,1.0,0.3706896551724138,0.2275132275132275,0.27722772277227725,0.2275132275132275,1.0,1.0,1.0,1.0,1.0
0,Family,Grandson,45,1_1_1,0.9534883720930233,0.3474576271186441,0.21243523316062177,0.2376237623762376,0.21025641025641026,1.0,1.0,1.0,1.0,1.0
0,Family,Grandson,50,0_0_0,0.11627906976744186,0.20833333333333334,1.0,0.8118811881188119,0.11627906976744186,0.0,0.0,0.0,0.0,0.0
0,Family,Grandson,50,0_0_1,0.8837209302325582,0.7378640776699029,0.6333333333333333,0.8663366336633663,0.5846153846153846,0.7619047619047619,0.8648648648648649,1.0,0.7619047619047619,0.7619047619047619
0,Family,Grandson,50,0_1_0,0.9069767441860465,0.7878787878787878,0.6964285714285714,0.8960396039603961,0.65,0.8095238095238095,0.8947368421052632,1.0,0.8095238095238095,0.8095238095238095
0,Family,Grandson,50,1_0_0,1.0,0.3706896551724138,0.2275132275132275,0.27722772277227725,0.2275132275132275,1.0,1.0,1.0,1.0,1.0
0,Family,Grandson,50,1_1_1,0.9767441860465116,0.3574468085106383,0.21875,0.2524752475247525,0.21761658031088082,1.0,1.0,1.0,1.0,1.0
0,Family,Grandson,55,0_0_0,0.06976744186046512,0.13043478260869565,1.0,0.801980198019802,0.06976744186046512,0.0,0.0,0.0,0.0,0.0
0,Family,Grandson,55,0_0_1,0.8837209302325582,0.7378640776699029,0.6333333333333333,0.8663366336633663,0.5846153846153846,0.782608695652174,0.8780487804878049,1.0,0.782608695652174,0.782608695652174
0,Family,Grandson,55,0_1_0,0.8604651162790697,0.8043478260869565,0.7551020408163265,0.9108910891089109,0.6727272727272727,0.7391304347826086,0.85,1.0,0.7391304347826086,0.7391304347826086
0,Family,Grandson,55,1_0_0,1.0,0.3739130434782609,0.22994652406417113,0.2871287128712871,0.22994652406417113,1.0,1.0,1.0,1.0,1.0
0,Family,Grandson,55,1_1_1,0.9534883720930233,0.354978354978355,0.21808510638297873,0.2623762376237624,0.21578947368421053,1.0,1.0,1.0,1.0,1.0
0,Family,Grandson,60,0_0_0,0.046511627906976744,0.08888888888888889,1.0,0.7970297029702971,0.046511627906976744,0.0,0.0,0.0,0.0,0.0
0,Family,Grandson,60,0_0_1,0.8604651162790697,0.7326732673267327,0.6379310344827587,0.8663366336633663,0.578125,0.76,0.8636363636363636,1.0,0.76,0.76
0,Family,Grandson,60,0_1_0,0.8372093023255814,0.782608695652174,0.7346938775510204,0.900990099009901,0.6428571428571429,0.72,0.8372093023255814,1.0,0.72,0.72
0,Family,Grandson,60,1_0_0,1.0,0.3722943722943723,0.22872340425531915,0.28217821782178215,0.22872340425531915,1.0,1.0,1.0,1.0,1.0
0,Family,Grandson,60,1_1_1,0.9302325581395349,0.3508771929824561,0.21621621621621623,0.26732673267326734,0.2127659574468085,1.0,1.0,1.0,1.0,1.0
0,Family,Grandson,65,0_0_0,0.046511627906976744,0.08888888888888889,1.0,0.7970297029702971,0.046511627906976744,0.0,0.0,0.0,0.0,0.0
0,Family,Grandson,65,0_0_1,0.7906976744186046,0.7010309278350515,0.6296296296296297,0.8564356435643564,0.5396825396825397,0.6666666666666666,0.8,1.0,0.6666666666666666,0.6666666666666666
0,Family,Grandson,65,0_1_0,0.8372093023255814,0.7912087912087912,0.75,0.905940594059406,0.6545454545454545,0.7407407407407407,0.851063829787234,1.0,0.7407407407407407,0.7407407407407407
0,Family,Grandson,65,1_0_0,1.0,0.3788546255506608,0.23369565217391305,0.30198019801980197,0.23369565217391305,1.0,1.0,1.0,1.0,1.0
0,Family,Grandson,65,1_1_1,0.8837209302325582,0.336283185840708,0.20765027322404372,0.25742574257425743,0.20212765957446807,0.9629629629629629,0.9811320754716981,1.0,0.9629629629629629,0.9629629629629629
0,Family,Grandson,70,0_0_0,0.0,0.0,0.0,0.7871287128712872,0.0,0.0,0.0,0.0,0.0,0.0
0,Family,Grandson,70,0_0_1,0.7441860465116279,0.6597938144329897,0.5925925925925926,0.8366336633663366,0.49230769230769234,0.6333333333333333,0.7755102040816326,1.0,0.6333333333333333,0.6333333333333333
0,Family,Grandson,70,0_1_0,0.6511627906976745,0.6363636363636364,0.6222222222222222,0.8415841584158416,0.4666666666666667,0.5,0.6666666666666666,1.0,0.5,0.5
0,Family,Grandson,70,1_0_0,0.9767441860465116,0.42,0.267515923566879,0.42574257425742573,0.26582278481012656,0.9666666666666667,0.9830508474576272,1.0,0.9666666666666667,0.9666666666666667
0,Family,Grandson,70,1_1_1,0.13953488372093023,0.14814814814814814,0.15789473684210525,0.6584158415841584,0.08,0.1,0.18181818181818182,1.0,0.1,0.1
0,Family,Grandson,75,0_0_0,0.0,0.0,0.0,0.7871287128712872,0.0,0.0,0.0,0.0,0.0,0.0
0,Family,Grandson,75,0_0_1,0.7906976744186046,0.68,0.5964912280701754,0.8415841584158416,0.5151515151515151,0.71875,0.8363636363636363,1.0,0.71875,0.71875
0,Family,Grandson,75,0_1_0,0.4883720930232558,0.5675675675675675,0.6774193548387096,0.8415841584158416,0.39622641509433965,0.3125,0.47619047619047616,1.0,0.3125,0.3125
0,Family,Grandson,75,1_0_0,0.9767441860465116,0.42,0.267515923566879,0.42574257425742573,0.26582278481012656,0.96875,0.9841269841269841,1.0,0.96875,0.96875
0,Family,Grandson,75,1_1_1,0.16279069767441862,0.1728395061728395,0.18421052631578946,0.6683168316831684,0.0945945945945946,0.09375,0.17142857142857143,1.0,0.09375,0.09375
0,Family,Grandson,80,0_0_0,0.0,0.0,0.0,0.7871287128712872,0.0,0.0,0.0,0.0,0.0,0.0
0,Family,Grandson,80,0_0_1,0.7674418604651163,0.6804123711340206,0.6111111111111112,0.8465346534653465,0.515625,0.7058823529411765,0.8275862068965517,1.0,0.7058823529411765,0.7058823529411765
0,Family,Grandson,80,0_1_0,0.5116279069767442,0.5641025641025641,0.6285714285714286,0.8316831683168316,0.39285714285714285,0.38235294117647056,0.5531914893617021,1.0,0.38235294117647056,0.38235294117647056
0,Family,Grandson,80,1_0_0,0.9534883720930233,0.43157894736842106,0.2789115646258503,0.46534653465346537,0.2751677852348993,0.9411764705882353,0.9696969696969697,1.0,0.9411764705882353,0.9411764705882353
0,Family,Grandson,80,1_1_1,0.20930232558139536,0.21686746987951808,0.225,0.6782178217821783,0.12162162162162163,0.17647058823529413,0.3,1.0,0.17647058823529413,0.17647058823529413
0,Family,Mother,0,0_0_0,0.08333333333333333,0.15384615384615385,1.0,0.7277227722772277,0.08333333333333333,,,,,
0,Family,Mother,0,0_0_1,1.0,0.7361963190184049,0.5825242718446602,0.7871287128712872,0.5825242718446602,,,,,
0,Family,Mother,0,0_1_0,1.0,0.75,0.6,0.801980198019802,0.6,,,,,
0,Family,Mother,0,1_0_0,1.0,0.4743083003952569,0.31088082901554404,0.3415841584158416,0.31088082901554404,,,,,
0,Family,Mother,0,1_1_1,0.06666666666666667,0.06015037593984962,0.0547945205479452,0.3811881188118812,0.031007751937984496,,,,,
0,Family,Mother,5,0_0_0,0.1,0.18181818181818182,1.0,0.7326732673267327,0.1,0.0,0.0,0.0,0.0,0.0
0,Family,Mother,5,0_0_1,1.0,0.7741935483870968,0.631578947368421,0.8267326732673267,0.631578947368421,1.0,1.0,1.0,1.0,1.0
0,Family,Mother,5,0_1_0,1.0,0.7692307692307693,0.625,0.8217821782178217,0.625,1.0,1.0,1.0,1.0,1.0
0,Family,Mother,5,1_0_0,1.0,0.48582995951417,0.32085561497326204,0.3712871287128713,0.32085561497326204,1.0,1.0,1.0,1.0,1.0
0,Family,Mother,5,1_1_1,0.13333333333333333,0.11851851851851852,0.10666666666666667,0.41089108910891087,0.06299212598425197,0.3333333333333333,0.5,1.0,0.3333333333333333,0.3333333333333333
0,Family,Mother,10,0_0_0,0.1,0.18181818181818182,1.0,0.7326732673267327,0.1,0.0,0.0,0.0,0.0,0.0
0,Family,Mother,10,0_0_1,1.0,0.718562874251497,0.5607476635514018,0.7673267326732673,0.5607476635514018,1.0,1.0,1.0,1.0,1.0
0,Family,Mother,10,0_1_0,1.0,0.7741935483870968,0.631578947368421,0.8267326732673267,0.631578947368421,1.0,1.0,1.0,1.0,1.0
0,Family,Mother,10,1_0_0,1.0,0.4897959183673469,0.32432432432432434,0.3811881188118812,0.32432432432432434,1.0,1.0,1.0,1.0,1.0
0,Family,Mother,10,1_1_1,0.26666666666666666,0.21333333333333335,0.17777777777777778,0.4158415841584158,0.11940298507462686,0.6666666666666666,0.8,1.0,0.6666666666666666,0.6666666666666666
0,Family,Mother,15,0_0_0,0.05,0.09523809523809523,1.0,0.7178217821782178,0.05,0.0,0.0,0.0,0.0,0.0
0,Family,Mother,15,0_0_1,1.0,0.7100591715976331,0.5504587155963303,0.7574257425742574,0.5504587155963303,1.0,1.0,1.0,1.0,1.0
0,Family,Mother,15,0_1_0,1.0,0.7692307692307693,0.625,0.8217821782178217,0.625,1.0,1.0,1.0,1.0,1.0
0,Family,Mother,15,1_0_0,1.0,0.49586776859504134,0.32967032967032966,0.39603960396039606,0.32967032967032966,1.0,1.0,1.0,1.0,1.0
0,Family,Mother,15,1_1_1,0.2,0.16551724137931034,0.1411764705882353,0.400990099009901,0.09022556390977443,0.4444444444444444,0.6153846153846154,1.0,0.4444444444444444,0.4444444444444444
0,Family,Mother,20,0_0_0,0.05,0.09523809523809523,1.0,0.7178217821782178,0.05,0.0,0.0,0.0,0.0,0.0
0,Family,Mother,20,0_0_1,1.0,0.7272727272727273,0.5714285714285714,0.7772277227722773,0.5714285714285714,1.0,1.0,1.0,1.0,1.0
0,Family,Mother,20,0_1_0,0.9833333333333333,0.7421383647798742,0.5959595959595959,0.7970297029702971,0.59,0.9166666666666666,0.9565217391304348,1.0,0.9166666666666666,0.9166666666666666
0,Family,Mother,20,1_0_0,1.0,0.4979253112033195,0.3314917127071823,0.400990099009901,0.3314917127071823,1.0,1.0,1.0,1.0,1.0
0,Family,Mother,20,1_1_1,0.31666666666666665,0.25333333333333335,0.2111111111111111,0.44554455445544555,0.1450381679389313,0.6666666666666666,0.8,1.0,0.6666666666666666,0.6666666666666666
0,Family,Mother,25,0_0_0,0.05,0.09523809523809523,1.0,0.7178217821782178,0.05,0.0,0.0,0.0,0.0,0.0
0,Family,Mother,25,0_0_1,1.0,0.7228915662650602,0.5660377358490566,0.7722772277227723,0.5660377358490566,1.0,1.0,1.0,1.0,1.0
0,Family,Mother,25,0_1_0,0.9833333333333333,0.7662337662337663,0.6276595744680851,0.8217821782178217,0.6210526315789474,0.9333333333333333,0.9655172413793104,1.0,0.9333333333333333,0.9333333333333333
0,Family,Mother,25,1_0_0,1.0,0.502092050209205,0.33519553072625696,0.41089108910891087,0.33519553072625696,1.0,1.0,1.0,1.0,1.0
0,Family,Mother,25,1_1_1,0.35,0.28378378378378377,0.23863636363636365,0.4752475247524752,0.16535433070866143,0.6,0.75,1.0,0.6,0.6
0,Family,Mother,30,0_0_0,0.03333333333333333,0.06451612903225806,1.0,0.7128712871287128,0.03333333333333333,0.0,0.0,0.0,0.0,0.0
0,Family,Mother,30,0_0_1,0.9833333333333333,0.7919463087248322,0.6629213483146067,0.8465346534653465,0.6555555555555556,0.9444444444444444,0.9714285714285714,1.0,0.9444444444444444,0.9444444444444444
0,Family,Mother,30,0_1_0,0.9666666666666667,0.7532467532467533,0.6170212765957447,0.8118811881188119,0.6041666666666666,0.8888888888888888,0.9411764705882353,1.0,0.8888888888888888,0.8888888888888888
0,Family,Mother,30,1_0_0,1.0,0.4743083003952569,0.31088082901554404,0.3415841584158416,0.31088082901554404,1.0,1.0,1.0,1.0,1.0
0,Family,Mother,30,1_1_1,0.25,0.21428571428571427,0.1875,0.45544554455445546,0.12,0.6111111111111112,0.7586206896551724,1.0,0.6111111111111112,0.6111111111111112
0,Family,Mother,35,0_0_0,0.05,0.09523809523809523,1.0,0.7178217821782178,0.05,0.0,0.0,0.0,0.0,0.0
0,Family,Mother,35,0_0_1,0.9666666666666667,0.7837837837837838,0.6590909090909091,0.8415841584158416,0.6444444444444445,0.9047619047619048,0.95,1.0,0.9047619047619048,0.9047619047619048
0,Family,Mother,35,0_1_0,0.95,0.7702702702702703,0.6477272727272727,0.8316831683168316,0.6263736263736264,0.8571428571428571,0.9230769230769231,1.0,0.8571428571428571,0.8571428571428571
0,Family,Mother,35,1_0_0,1.0,0.48582995951417,0.32085561497326204,0.3712871287128713,0.32085561497326204,1.0,1.0,1.0,1.0,1.0
0,Family,Mother,35,1_1_1,0.26666666666666666,0.2222222222222222,0.19047619047619047,0.44554455445544555,0.125,0.6190476190476191,0.7647058823529411,1.0,0.6190476190476191,0.6190476190476191
0,Family,Mother,40,0_0_0,0.05,0.09523809523809523,1.0,0.7178217821782178,0.05,0.0,0.0,0.0,0.0,0.0
0,Family,Mother,40,0_0_1,0.9,0.7769784172661871,0.6835443037974683,0.8465346534653465,0.6352941176470588,0.75,0.8571428571428571,1.0,0.75,0.75
0,Family,Mother,40,0_1_0,0.9333333333333333,0.7724137931034483,0.6588235294117647,0.8366336633663366,0.6292134831460674,0.8333333333333334,0.9090909090909091,1.0,0.8333333333333334,0.8333333333333334
0,Family,Mother,40,1_0_0,1.0,0.5194805194805194,0.3508771929824561,0.4504950495049505,0.3508771929824561,1.0,1.0,1.0,1.0,1.0
0,Family,Mother,40,1_1_1,0.3,0.22784810126582278,0.1836734693877551,0.39603960396039606,0.12857142857142856,0.5416666666666666,0.7027027027027027,1.0,0.5416666666666666,0.5416666666666666
0,Family,Mother,45,0_0_0,0.05,0.09523809523809523,1.0,0.7178217821782178,0.05,0.0,0.0,0.0,0.0,0.0
0,Family,Mother,45,0_0_1,0.8833333333333333,0.762589928057554,0.6708860759493671,0.8366336633663366,0.6162790697674418,0.7407407407407407,0.851063829787234,1.0,0.7407407407407407,0.7407407407407407
0,Family,Mother,45,0_1_0,0.9166666666666666,0.7857142857142857,0.6875,0.8514851485148515,0.6470588235294118,0.8148148148148148,0.8979591836734694,1.0,0.8148148148148148,0.8148148148148148
0,Family,Mother,45,1_0_0,1.0,0.5263157894736842,0.35714285714285715,0.46534653465346537,0.35714285714285715,1.0,1.0,1.0,1.0,1.0
0,Family,Mother,45,1_1_1,0.31666666666666665,0.2235294117647059,0.17272727272727273,0.3465346534653465,0.12582781456953643,0.4444444444444444,0.6153846153846154,1.0,0.4444444444444444,0.4444444444444444
0,Family,Mother,50,0_0_0,0.03333333333333333,0.06451612903225806,1.0,0.7128712871287128,0.03333333333333333,0.0,0.0,0.0,0.0,0.0
0,Family,Mother,50,0_0_1,0.85,0.796875,0.75,0.8712871287128713,0.6623376623376623,0.7,0.8235294117647058,1.0,0.7,0.7
0,Family,Mother,50,0_1_0,0.75,0.7563025210084033,0.7627118644067796,0.8564356435643564,0.6081081081081081,0.5,0.6666666666666666,1.0,0.5,0.5
0,Family,Mother,50,1_0_0,1.0,0.5607476635514018,0.38961038961038963,0.5346534653465347,0.38961038961038963,1.0,1.0,1.0,1.0,1.0
0,Family,Mother,50,1_1_1,0.5833333333333334,0.4430379746835443,0.35714285714285715,0.5643564356435643,0.2845528455284553,0.4,0.5714285714285714,1.0,0.4,0.4
0,Family,Mother,55,0_0_0,0.016666666666666666,0.03278688524590164,1.0,0.7079207920792079,0.016666666666666666,0.0,0.0,0.0,0.0,0.0
0,Family,Mother,55,0_0_1,0.8666666666666667,0.8125,0.7647058823529411,0.8811881188118812,0.6842105263157895,0.7575757575757576,0.8620689655172413,1.0,0.7575757575757576,0.7575757575757576
0,Family,Mother,55,0_1_0,0.7833333333333333,0.7580645161290323,0.734375,0.8514851485148515,0.6103896103896104,0.6060606060606061,0.7547169811320755,1.0,0.6060606060606061,0.6060606060606061
0,Family,Mother,55,1_0_0,1.0,0.5660377358490566,0.39473684210526316,0.5445544554455446,0.39473684210526316,1.0,1.0,1.0,1.0,1.0
0,Family,Mother,55,1_1_1,0.48333333333333334,0.3972602739726027,0.3372093023255814,0.5643564356435643,0.24786324786324787,0.24242424242424243,0.3902439024390244,1.0,0.24242424242424243,0.24242424242424243
0,Family,Mother,60,0_0_0,0.016666666666666666,0.03278688524590164,1.0,0.7079207920792079,0.016666666666666666,0.0,0.0,0.0,0.0,0.0
0,Family,Mother,60,0_0_1,0.8666666666666667,0.8,0.7428571428571429,0.8712871287128713,0.6666666666666666,0.7777777777777778,0.875,1.0,0.7777777777777778,0.7777777777777778
0,Family,Mother,60,0_1_0,0.7666666666666667,0.7479674796747967,0.7301587301587301,0.8465346534653465,0.5974025974025974,0.6111111111111112,0.7586206896551724,1.0,0.6111111111111112,0.6111111111111112
0,Family,Mother,60,1_0_0,1.0,0.5405405405405406,0.37037037037037035,0.49504950495049505,0.37037037037037035,1.0,1.0,1.0,1.0,1.0
0,Family,Mother,60,1_1_1,0.36666666666666664,0.3384615384615385,0.3142857142857143,0.5742574257425742,0.2037037037037037,0.16666666666666666,0.2857142857142857,1.0,0.16666666666666666,0.16666666666666666
0,Family,Mother,65,0_0_0,0.0,0.0,0.0,0.7029702970297029,0.0,0.0,0.0,0.0,0.0,0.0
0,Family,Mother,65,0_0_1,0.8666666666666667,0.8062015503875969,0.7536231884057971,0.8762376237623762,0.6753246753246753,0.7948717948717948,0.8857142857142857,1.0,0.7948717948717948,0.7948717948717948
0,Family,Mother,65,0_1_0,0.8,0.7804878048780488,0.7619047619047619,0.8663366336633663,0.64,0.6923076923076923,0.8181818181818182,1.0,0.6923076923076923,0.6923076923076923
0,Family,Mother,65,1_0_0,1.0,0.5128205128205128,0.3448275862068966,0.43564356435643564,0.3448275862068966,1.0,1.0,1.0,1.0,1.0
0,Family,Mother,65,1_1_1,0.5,0.36585365853658536,0.28846153846153844,0.48514851485148514,0.22388059701492538,0.3333333333333333,0.5,1.0,0.3333333333333333,0.3333333333333333
0,Family,Mother,70,0_0_0,0.0,0.0,0.0,0.7029702970297029,0.0,0.0,0.0,0.0,0.0,0.0
0,Family,Mother,70,0_0_1,0.8,0.7804878048780488,0.7619047619047619,0.8663366336633663,0.64,0.7142857142857143,0.8333333333333334,1.0,0.7142857142857143,0.7142857142857143
0,Family,Mother,70,0_1_0,0.65,0.6964285714285714,0.75,0.8316831683168316,0.5342465753424658,0.5,0.6666666666666666,1.0,0.5,0.5
0,Family,Mother,70,1_0_0,1.0,0.5660377358490566,0.39473684210526316,0.5445544554455446,0.39473684210526316,1.0,1.0,1.0,1.0,1.0
0,Family,Mother,70,1_1_1,0.55,0.4049079754601227,0.32038834951456313,0.5198019801980198,0.25384615384615383,0.38095238095238093,0.5517241379310345,1.0,0.38095238095238093,0.38095238095238093
0,Family,Mother,75,0_0_0,0.0,0.0,0.0,0.7029702970297029,0.0,0.0,0.0,0.0,0.0,0.0
0,Family,Mother,75,0_0_1,0.7833333333333333,0.7704918032786885,0.7580645161290323,0.8613861386138614,0.6266666666666667,0.7111111111111111,0.8311688311688312,1.0,0.7111111111111111,0.7111111111111111
0,Family,Mother,75,0_1_0,0.5833333333333334,0.6542056074766355,0.7446808510638298,0.8168316831683168,0.4861111111111111,0.4444444444444444,0.6153846153846154,1.0,0.4444444444444444,0.4444444444444444
0,Family,Mother,75,1_0_0,1.0,0.5911330049261084,0.4195804195804196,0.5891089108910891,0.4195804195804196,1.0,1.0,1.0,1.0,1.0
0,Family,Mother,75,1_1_1,0.5166666666666667,0.3803680981595092,0.30097087378640774,0.5,0.23484848484848486,0.37777777777777777,0.5483870967741935,1.0,0.37777777777777777,0.37777777777777777
0,Family,Mother,80,0_0_0,0.0,0.0,0.0,0.7029702970297029,0.0,0.0,0.0,0.0,0.0,0.0
0,Family,Mother,80,0_0_1,0.6833333333333333,0.7256637168141593,0.7735849056603774,0.8465346534653465,0.5694444444444444,0.6041666666666666,0.7532467532467533,1.0,0.6041666666666666,0.6041666666666666
0,Family,Mother,80,0_1_0,0.48333333333333334,0.5918367346938775,0.7631578947368421,0.801980198019802,0.42028985507246375,0.3541666666666667,0.5230769230769231,1.0,0.3541666666666667,0.3541666666666667
0,Family,Mother,80,1_0_0,1.0,0.5529953917050692,0.3821656050955414,0.5198019801980198,0.3821656050955414,1.0,1.0,1.0,1.0,1.0
0,Family,Mother,80,1_1_1,0.5,0.38461538461538464,0.3125,0.5247524752475248,0.23809523809523808,0.3958333333333333,0.5671641791044776,1.0,0.3958333333333333,0.3958333333333333
0,Family,Sister,0,0_0_0,0.11904761904761904,0.2127659574468085,1.0,0.8168316831683168,0.11904761904761904,,,,,
0,Family,Sister,0,0_0_1,1.0,0.711864406779661,0.5526315789473685,0.8316831683168316,0.5526315789473685,,,,,
0,Family,Sister,0,0_1_0,1.0,0.717948717948718,0.56,0.8366336633663366,0.56,,,,,
0,Family,Sister,0,1_0_0,1.0,0.38009049773755654,0.2346368715083799,0.3217821782178218,0.2346368715083799,,,,,
0,Family,Sister,0,1_1_1,0.023809523809523808,0.014705882352941176,0.010638297872340425,0.33663366336633666,0.007407407407407408,,,,,
0,Family,Sister,5,0_0_0,0.09523809523809523,0.17391304347826086,1.0,0.8118811881188119,0.09523809523809523,0.0,0.0,0.0,0.0,0.0
0,Family,Sister,5,0_0_1,1.0,0.7058823529411765,0.5454545454545454,0.8267326732673267,0.5454545454545454,1.0,1.0,1.0,1.0,1.0
0,Family,Sister,5,0_1_0,1.0,0.7241379310344828,0.5675675675675675,0.8415841584158416,0.5675675675675675,1.0,1.0,1.0,1.0,1.0
0,Family,Sister,5,1_0_0,1.0,0.3783783783783784,0.23333333333333334,0.31683168316831684,0.23333333333333334,1.0,1.0,1.0,1.0,1.0
0,Family,Sister,5,1_1_1,0.07142857142857142,0.04054054054054054,0.02830188679245283,0.297029702970297,0.020689655172413793,0.5,0.6666666666666666,1.0,0.5,0.5
0,Family,Sister,10,0_0_0,0.07142857142857142,0.13333333333333333,1.0,0.806930693069307,0.07142857142857142,0.0,0.0,0.0,0.0,0.0
0,Family,Sister,10,0_0_1,1.0,0.75,0.6,0.8613861386138614,0.6,1.0,1.0,1.0,1.0,1.0
0,Family,Sister,10,0_1_0,1.0,0.7058823529411765,0.5454545454545454,0.8267326732673267,0.5454545454545454,1.0,1.0,1.0,1.0,1.0
0,Family,Sister,10,1_0_0,1.0,0.39436619718309857,0.24561403508771928,0.3613861386138614,0.24561403508771928,1.0,1.0,1.0,1.0,1.0
0,Family,Sister,10,1_1_1,0.09523809523809523,0.04878048780487805,0.03278688524590164,0.22772277227722773,0.025,0.75,0.8571428571428571,1.0,0.75,0.75
0,Family,Sister,15,0_0_0,0.023809523809523808,0.046511627906976744,1.0,0.7970297029702971,0.023809523809523808,0.0,0.0,0.0,0.0,0.0
0,Family,Sister,15,0_0_1,1.0,0.6222222222222222,0.45161290322580644,0.7475247524752475,0.45161290322580644,1.0,1.0,1.0,1.0,1.0
0,Family,Sister,15,0_1_0,1.0,0.6511627906976745,0.4827586206896552,0.7772277227722773,0.4827586206896552,1.0,1.0,1.0,1.0,1.0
0,Family,Sister,15,1_0_0,1.0,0.3514644351464435,0.2131979695431472,0.23267326732673269,0.2131979695431472,1.0,1.0,1.0,1.0,1.0
0,Family,Sister,15,1_1_1,0.0,0.0,0.0,0.19801980198019803,0.0,0.0,0.0,0.0,0.0,0.0
0,Family,Sister,20,0_0_0,0.023809523809523808,0.046511627906976744,1.0,0.7970297029702971,0.023809523809523808,0.0,0.0,0.0,0.0,0.0
0,Family,Sister,20,0_0_1,1.0,0.6614173228346457,0.49411764705882355,0.7871287128712872,0.49411764705882355,1.0,1.0,1.0,1.0,1.0
0,Family,Sister,20,0_1_0,1.0,0.6614173228346457,0.49411764705882355,0.7871287128712872,0.49411764705882355,1.0,1.0,1.0,1.0,1.0
0,Family,Sister,20,1_0_0,1.0,0.35294117647058826,0.21428571428571427,0.2376237623762376,0.21428571428571427,1.0,1.0,1.0,1.0,1.0
0,Family,Sister,20,1_1_1,0.0,0.0,0.0,0.19801980198019803,0.0,0.0,0.0,0.0,0.0,0.0
0,Family,Sister,25,0_0_0,0.023809523809523808,0.046511627906976744,1.0,0.7970297029702971,0.023809523809523808,0.0,0.0,0.0,0.0,0.0
0,Family,Sister,25,0_0_1,1.0,0.6614173228346457,0.49411764705882355,0.7871287128712872,0.49411764705882355,1.0,1.0,1.0,1.0,1.0
0,Family,Sister,25,0_1_0,0.9761904761904762,0.6612903225806451,0.5,0.7920792079207921,0.4939759036144578,0.9,0.9473684210526315,1.0,0.9,0.9
0,Family,Sister,25,1_0_0,1.0,0.3559322033898305,0.21649484536082475,0.24752475247524752,0.21649484536082475,1.0,1.0,1.0,1.0,1.0
0,Family,Sister,25,1_1_1,0.0,0.0,0.0,0.19801980198019803,0.0,0.0,0.0,0.0,0.0,0.0
0,Family,Sister,30,0_0_0,0.023809523809523808,0.046511627906976744,1.0,0.7970297029702971,0.023809523809523808,0.0,0.0,0.0,0.0,0.0
0,Family,Sister,30,0_0_1,1.0,0.75,0.6,0.8613861386138614,0.6,1.0,1.0,1.0,1.0,1.0
0,Family,Sister,30,0_1_0,1.0,0.672,0.5060240963855421,0.7970297029702971,0.5060240963855421,1.0,1.0,1.0,1.0,1.0
0,Family,Sister,30,1_0_0,1.0,0.35294117647058826,0.21428571428571427,0.2376237623762376,0.21428571428571427,1.0,1.0,1.0,1.0,1.0
0,Family,Sister,30,1_1_1,0.09523809523809523,0.058394160583941604,0.042105263157894736,0.3613861386138614,0.03007518796992481,0.25,0.4,1.0,0.25,0.25
0,Family,Sister,35,0_0_0,0.023809523809523808,0.046511627906976744,1.0,0.7970297029702971,0.023809523809523808,0.0,0.0,0.0,0.0,0.0
0,Family,Sister,35,0_0_1,1.0,0.7241379310344828,0.5675675675675675,0.8415841584158416,0.5675675675675675,1.0,1.0,1.0,1.0,1.0
0,Family,Sister,35,0_1_0,0.9761904761904762,0.7068965517241379,0.5540540540540541,0.8316831683168316,0.5466666666666666,0.9285714285714286,0.9629629629629629,1.0,0.9285714285714286,0.9285714285714286
0,Family,Sister,35,1_0_0,1.0,0.3574468085106383,0.21761658031088082,0.2524752475247525,0.21761658031088082,1.0,1.0,1.0,1.0,1.0
0,Family,Sister,35,1_1_1,0.09523809523809523,0.05755395683453238,0.041237113402061855,0.35148514851485146,0.02962962962962963,0.21428571428571427,0.35294117647058826,1.0,0.21428571428571427,0.21428571428571427
0,Family,Sister,40,0_0_0,0.023809523809523808,0.046511627906976744,1.0,0.7970297029702971,0.023809523809523808,0.0,0.0,0.0,0.0,0.0
0,Family,Sister,40,0_0_1,0.9285714285714286,0.7027027027027027,0.5652173913043478,0.8366336633663366,0.5416666666666666,0.8125,0.896551724137931,1.0,0.8125,0.8125
0,Family,Sister,40,0_1_0,0.8571428571428571,0.7422680412371134,0.6545454545454545,0.8762376237623762,0.5901639344262295,0.625,0.7692307692307693,1.0,0.625,0.625
0,Family,Sister,40,1_0_0,1.0,0.3559322033898305,0.21649484536082475,0.24752475247524752,0.21649484536082475,1.0,1.0,1.0,1.0,1.0
0,Family,Sister,40,1_1_1,0.047619047619047616,0.02877697841726619,0.020618556701030927,0.3316831683168317,0.014598540145985401,0.0625,0.11764705882352941,1.0,0.0625,0.0625
0,Family,Sister,45,0_0_0,0.023809523809523808,0.046511627906976744,1.0,0.7970297029702971,0.023809523809523808,0.0,0.0,0.0,0.0,0.0
0,Family,Sister,45,0_0_1,0.9285714285714286,0.75,0.6290322580645161,0.8712871287128713,0.6,0.8333333333333334,0.9090909090909091,1.0,0.8333333333333334,0.8333333333333334
0,Family,Sister,45,0_1_0,0.8571428571428571,0.7741935483870968,0.7058823529411765,0.8960396039603961,0.631578947368421,0.6666666666666666,0.8,1.0,0.6666666666666666,0.6666666666666666
0,Family,Sister,45,1_0_0,1.0,0.3514644351464435,0.2131979695431472,0.23267326732673269,0.2131979695431472,1.0,1.0,1.0,1.0,1.0
0,Family,Sister,45,1_1_1,0.0,0.0,0.0,0.3613861386138614,0.0,0.0,0.0,0.0,0.0,0.0
0,Family,Sister,50,0_0_0,0.0,0.0,0.0,0.7920792079207921,0.0,0.0,0.0,0.0,0.0,0.0
0,Family,Sister,50,0_0_1,0.5952380952380952,0.6410256410256411,0.6944444444444444,0.8613861386138614,0.4716981132075472,0.19047619047619047,0.32,1.0,0.19047619047619047,0.19047619047619047
0,Family,Sister,50,0_1_0,0.9285714285714286,0.7572815533980582,0.639344262295082,0.8762376237623762,0.609375,0.8571428571428571,0.9230769230769231,1.0,0.8571428571428571,0.8571428571428571
0,Family,Sister,50,1_0_0,1.0,0.46153846153846156,0.3,0.5148514851485149,0.3,1.0,1.0,1.0,1.0,1.0
0,Family,Sister,50,1_1_1,0.023809523809523808,0.015267175572519083,0.011235955056179775,0.3613861386138614,0.007692307692307693,0.0,0.0,0.0,0.0,0.0
0,Family,Sister,55,0_0_0,0.0,0.0,0.0,0.7920792079207921,0.0,0.0,0.0,0.0,0.0,0.0
0,Family,Sister,55,0_0_1,0.5476190476190477,0.6388888888888888,0.7666666666666667,0.8712871287128713,0.46938775510204084,0.17391304347826086,0.2962962962962963,1.0,0.17391304347826086,0.17391304347826086
0,Family,Sister,55,0_1_0,0.9761904761904762,0.8118811881188119,0.6949152542372882,0.905940594059406,0.6833333333333333,0.9565217391304348,0.9777777777777777,1.0,0.9565217391304348,0.9565217391304348
0,Family,Sister,55,1_0_0,1.0,0.5185185185185185,0.35,0.6138613861386139,0.35,1.0,1.0,1.0,1.0,1.0
0,Family,Sister,55,1_1_1,0.047619047619047616,0.035398230088495575,0.028169014084507043,0.4603960396039604,0.018018018018018018,0.043478260869565216,0.08333333333333333,1.0,0.043478260869565216,0.043478260869565216
0,Family,Sister,60,0_0_0,0.0,0.0,0.0,0.7920792079207921,0.0,0.0,0.0,0.0,0.0,0.0
0,Family,Sister,60,0_0_1,0.5476190476190477,0.5897435897435898,0.6388888888888888,0.8415841584158416,0.41818181818181815,0.24,0.3870967741935484,1.0,0.24,0.24
0,Family,Sister,60,0_1_0,0.9047619047619048,0.7037037037037037,0.5757575757575758,0.8415841584158416,0.5428571428571428,0.84,0.9130434782608695,1.0,0.84,0.84
0,Family,Sister,60,1_0_0,1.0,0.4827586206896552,0.3181818181818182,0.5544554455445545,0.3181818181818182,1.0,1.0,1.0,1.0,1.0
0,Family,Sister,60,1_1_1,0.023809523809523808,0.017857142857142856,0.014285714285714285,0.45544554455445546,0.009009009009009009,0.04,0.07692307692307693,1.0,0.04,0.04
0,Family,Sister,65,0_0_0,0.0,0.0,0.0,0.7920792079207921,0.0,0.0,0.0,0.0,0.0,0.0
0,Family,Sister,65,0_0_1,0.5238095238095238,0.5569620253164557,0.5945945945945946,0.8267326732673267,0.38596491228070173,0.25925925925925924,0.4117647058823529,1.0,0.25925925925925924,0.25925925925925924
0,Family,Sister,65,0_1_0,0.9047619047619048,0.7169811320754716,0.59375,0.8514851485148515,0.5588235294117647,0.8518518518518519,0.92,1.0,0.8518518518518519,0.8518518518518519
0,Family,Sister,65,1_0_0,1.0,0.47191011235955055,0.3088235294117647,0.5346534653465347,0.3088235294117647,1.0,1.0,1.0,1.0,1.0
0,Family,Sister,65,1_1_1,0.023809523809523808,0.01818181818181818,0.014705882352941176,0.46534653465346537,0.009174311926605505,0.037037037037037035,0.07142857142857142,1.0,0.037037037037037035,0.037037037037037035
0,Family,Sister,70,0_0_0,0.0,0.0,0.0,0.7920792079207921,0.0,0.0,0.0,0.0,0.0,0.0
0,Family,Sister,70,0_0_1,0.6666666666666666,0.717948717948718,0.7777777777777778,0.8910891089108911,0.56,0.5172413793103449,0.6818181818181818,1.0,0.5172413793103449,0.5172413793103449
0,Family,Sister,70,0_1_0,0.8095238095238095,0.7555555555555555,0.7083333333333334,0.8910891089108911,0.6071428571428571,0.7241379310344828,0.84,1.0,0.7241379310344828,0.7241379310344828
0,Family,Sister,70,1_0_0,1.0,0.345679012345679,0.208955223880597,0.21287128712871287,0.208955223880597,1.0,1.0,1.0,1.0,1.0
0,Family,Sister,70,1_1_1,0.047619047619047616,0.04878048780487805,0.05,0.6138613861386139,0.025,0.06896551724137931,0.12903225806451613,1.0,0.06896551724137931,0.06896551724137931
0,Family,Sister,75,0_0_0,0.0,0.0,0.0,0.7920792079207921,0.0,0.0,0.0,0.0,0.0,0.0
0,Family,Sister,75,0_0_1,0.42857142857142855,0.5901639344262295,0.9473684210526315,0.8762376237623762,0.4186046511627907,0.22580645161290322,0.3684210526315789,1.0,0.22580645161290322,0.22580645161290322
0,Family,Sister,75,0_1_0,0.30952380952380953,0.4642857142857143,0.9285714285714286,0.8514851485148515,0.3023255813953488,0.06451612903225806,0.12121212121212122,1.0,0.06451612903225806,0.06451612903225806
0,Family,Sister,75,1_0_0,1.0,0.5121951219512195,0.3442622950819672,0.6039603960396039,0.3442622950819672,1.0,1.0,1.0,1.0,1.0
0,Family,Sister,75,1_1_1,0.3333333333333333,0.2222222222222222,0.16666666666666666,0.5148514851485149,0.125,0.2903225806451613,0.45,1.0,0.2903225806451613,0.2903225806451613
0,Family,Sister,80,0_0_0,0.0,0.0,0.0,0.7920792079207921,0.0,0.0,0.0,0.0,0.0,0.0
0,Family,Sister,80,0_0_1,0.3333333333333333,0.49122807017543857,0.9333333333333333,0.8564356435643564,0.32558139534883723,0.15151515151515152,0.2631578947368421,1.0,0.15151515151515152,0.15151515151515152
0,Family,Sister,80,0_1_0,0.2619047619047619,0.4074074074074074,0.9166666666666666,0.8415841584158416,0.2558139534883721,0.06060606060606061,0.11428571428571428,1.0,0.06060606060606061,0.06060606060606061
0,Family,Sister,80,1_0_0,1.0,0.5637583892617449,0.3925233644859813,0.6782178217821783,0.3925233644859813,1.0,1.0,1.0,1.0,1.0
0,Family,Sister,80,1_1_1,0.40476190476190477,0.24817518248175183,0.17894736842105263,0.4900990099009901,0.14166666666666666,0.5151515151515151,0.68,1.0,0.5151515151515151,0.5151515151515151
0,Family,Son,0,0_0_0,0.23076923076923078,0.375,1.0,0.801980198019802,0.23076923076923078,,,,,
0,Family,Son,0,0_0_1,1.0,0.8455284552845529,0.7323943661971831,0.905940594059406,0.7323943661971831,,,,,
0,Family,Son,0,0_1_0,1.0,0.8062015503875969,0.6753246753246753,0.8762376237623762,0.6753246753246753,,,,,
0,Family,Son,0,1_0_0,1.0,0.4262295081967213,0.2708333333333333,0.3069306930693069,0.2708333333333333,,,,,
0,Family,Son,0,1_1_1,0.0,0.0,0.0,0.6138613861386139,0.0,,,,,
0,Family,Son,5,0_0_0,0.23076923076923078,0.375,1.0,0.801980198019802,0.23076923076923078,0.0,0.0,0.0,0.0,0.0
0,Family,Son,5,0_0_1,1.0,0.8524590163934426,0.7428571428571429,0.9108910891089109,0.7428571428571429,1.0,1.0,1.0,1.0,1.0
0,Family,Son,5,0_1_0,1.0,0.8062015503875969,0.6753246753246753,0.8762376237623762,0.6753246753246753,1.0,1.0,1.0,1.0,1.0
0,Family,Son,5,1_0_0,1.0,0.4406779661016949,0.2826086956521739,0.3465346534653465,0.2826086956521739,1.0,1.0,1.0,1.0,1.0
0,Family,Son,5,1_1_1,0.0,0.0,0.0,0.5841584158415841,0.0,0.0,0.0,0.0,0.0,0.0
0,Family,Son,10,0_0_0,0.21153846153846154,0.3492063492063492,1.0,0.7970297029702971,0.21153846153846154,0.0,0.0,0.0,0.0,0.0
0,Family,Son,10,0_0_1,1.0,0.8666666666666667,0.7647058823529411,0.9207920792079208,0.7647058823529411,1.0,1.0,1.0,1.0,1.0
0,Family,Son,10,0_1_0,0.9615384615384616,0.8064516129032258,0.6944444444444444,0.8811881188118812,0.6756756756756757,0.6,0.75,1.0,0.6,0.6
0,Family,Son,10,1_0_0,1.0,0.45021645021645024,0.2905027932960894,0.3712871287128713,0.2905027932960894,1.0,1.0,1.0,1.0,1.0
0,Family,Son,10,1_1_1,0.0,0.0,0.0,0.5247524752475248,0.0,0.0,0.0,0.0,0.0,0.0
0,Family,Son,15,0_0_0,0.21153846153846154,0.3492063492063492,1.0,0.7970297029702971,0.21153846153846154,0.0,0.0,0.0,0.0,0.0
0,Family,Son,15,0_0_1,1.0,0.8125,0.6842105263157895,0.8811881188118812,0.6842105263157895,1.0,1.0,1.0,1.0,1.0
0,Family,Son,15,0_1_0,1.0,0.8188976377952756,0.6933333333333334,0.8861386138613861,0.6933333333333334,1.0,1.0,1.0,1.0,1.0
0,Family,Son,15,1_0_0,1.0,0.5,0.3333333333333333,0.48514851485148514,0.3333333333333333,1.0,1.0,1.0,1.0,1.0
0,Family,Son,15,1_1_1,0.8461538461538461,0.6984126984126984,0.5945945945945946,0.8118811881188119,0.5365853658536586,1.0,1.0,1.0,1.0,1.0
0,Family,Son,20,0_0_0,0.15384615384615385,0.26666666666666666,1.0,0.7821782178217822,0.15384615384615385,0.0,0.0,0.0,0.0,0.0
0,Family,Son,20,0_0_1,0.9807692307692307,0.8225806451612904,0.7083333333333334,0.8910891089108911,0.6986301369863014,0.9,0.9473684210526315,1.0,0.9,0.9
0,Family,Son,20,0_1_0,0.9615384615384616,0.819672131147541,0.7142857142857143,0.8910891089108911,0.6944444444444444,0.8,0.8888888888888888,1.0,0.8,0.8
0,Family,Son,20,1_0_0,1.0,0.48598130841121495,0.32098765432098764,0.45544554455445546,0.32098765432098764,1.0,1.0,1.0,1.0,1.0
0,Family,Son,20,1_1_1,0.7884615384615384,0.6666666666666666,0.5774647887323944,0.7970297029702971,0.5,0.9,0.9473684210526315,1.0,0.9,0.9
0,Family,Son,25,0_0_0,0.09615384615384616,0.17543859649122806,1.0,0.7673267326732673,0.09615384615384616,0.0,0.0,0.0,0.0,0.0
0,Family,Son,25,0_0_1,0.9423076923076923,0.8376068376068376,0.7538461538461538,0.905940594059406,0.7205882352941176,0.7692307692307693,0.8695652173913043,1.0,0.7692307692307693,0.7692307692307693
0,Family,Son,25,0_1_0,0.9038461538461539,0.7580645161290323,0.6527777777777778,0.8514851485148515,0.6103896103896104,0.6153846153846154,0.7619047619047619,1.0,0.6153846153846154,0.6153846153846154
0,Family,Son,25,1_0_0,1.0,0.5048543689320388,0.33766233766233766,0.49504950495049505,0.33766233766233766,1.0,1.0,1.0,1.0,1.0
0,Family,Son,25,1_1_1,0.7884615384615384,0.6507936507936508,0.5540540540540541,0.7821782178217822,0.4823529411764706,0.9230769230769231,0.96,1.0,0.9230769230769231,0.9230769230769231
0,Family,Son,30,0_0_0,0.057692307692307696,0.10909090909090909,1.0,0.7574257425742574,0.057692307692307696,0.0,0.0,0.0,0.0,0.0
0,Family,Son,30,0_0_1,0.9038461538461539,0.7833333333333333,0.6911764705882353,0.8712871287128713,0.6438356164383562,0.6666666666666666,0.8,1.0,0.6666666666666666,0.6666666666666666
0,Family,Son,30,0_1_0,0.9230769230769231,0.7164179104477612,0.5853658536585366,0.8118811881188119,0.5581395348837209,0.7333333333333333,0.8461538461538461,1.0,0.7333333333333333,0.7333333333333333
0,Family,Son,30,1_0_0,1.0,0.5073170731707317,0.33986928104575165,0.5,0.33986928104575165,1.0,1.0,1.0,1.0,1.0
0,Family,Son,30,1_1_1,0.8076923076923077,0.6614173228346457,0.56,0.7871287128712872,0.49411764705882355,0.9333333333333333,0.9655172413793104,1.0,0.9333333333333333,0.9333333333333333
0,Family,Son,35,0_0_0,0.057692307692307696,0.10909090909090909,1.0,0.7574257425742574,0.057692307692307696,0.0,0.0,0.0,0.0,0.0
0,Family,Son,35,0_0_1,0.8653846153846154,0.782608695652174,0.7142857142857143,0.8762376237623762,0.6428571428571429,0.6111111111111112,0.7586206896551724,1.0,0.6111111111111112,0.6111111111111112
0,Family,Son,35,0_1_0,0.9230769230769231,0.768,0.6575342465753424,0.8564356435643564,0.6233766233766234,0.7777777777777778,0.875,1.0,0.7777777777777778,0.7777777777777778
0,Family,Son,35,1_0_0,1.0,0.49523809523809526,0.3291139240506329,0.4752475247524752,0.3291139240506329,1.0,1.0,1.0,1.0,1.0
0,Family,Son,35,1_1_1,0.8269230769230769,0.6771653543307087,0.5733333333333334,0.7970297029702971,0.5119047619047619,0.9444444444444444,0.9714285714285714,1.0,0.9444444444444444,0.9444444444444444
0,Family,Son,40,0_0_0,0.038461538461538464,0.07407407407407407,1.0,0.7524752475247525,0.038461538461538464,0.0,0.0,0.0,0.0,0.0
0,Family,Son,40,0_0_1,0.8269230769230769,0.7678571428571429,0.7166666666666667,0.8712871287128713,0.6231884057971014,0.55,0.7096774193548387,1.0,0.55,0.55
0,Family,Son,40,0_1_0,0.8846153846153846,0.7666666666666667,0.6764705882352942,0.8613861386138614,0.6216216216216216,0.7,0.8235294117647058,1.0,0.7,0.7
0,Family,Son,40,1_0_0,1.0,0.5279187817258884,0.3586206896551724,0.5396039603960396,0.3586206896551724,1.0,1.0,1.0,1.0,1.0
0,Family,Son,40,1_1_1,0.8269230769230769,0.688,0.589041095890411,0.806930693069307,0.524390243902439,0.95,0.9743589743589743,1.0,0.95,0.95
0,Family,Son,45,0_0_0,0.019230769230769232,0.03773584905660377,1.0,0.7475247524752475,0.019230769230769232,0.0,0.0,0.0,0.0,0.0
0,Family,Son,45,0_0_1,0.75,0.7722772277227723,0.7959183673469388,0.8861386138613861,0.6290322580645161,0.43478260869565216,0.6060606060606061,1.0,0.43478260869565216,0.43478260869565216
0,Family,Son,45,0_1_0,0.8653846153846154,0.8108108108108109,0.7627118644067796,0.8960396039603961,0.6818181818181818,0.6956521739130435,0.8205128205128205,1.0,0.6956521739130435,0.6956521739130435
0,Family,Son,45,1_0_0,1.0,0.5473684210526316,0.37681159420289856,0.5742574257425742,0.37681159420289856,1.0,1.0,1.0,1.0,1.0
0,Family,Son,45,1_1_1,0.7884615384615384,0.6721311475409836,0.5857142857142857,0.801980198019802,0.5061728395061729,0.9130434782608695,0.9545454545454546,1.0,0.9130434782608695,0.9130434782608695
0,Family,Son,50,0_0_0,0.019230769230769232,0.03773584905660377,1.0,0.7475247524752475,0.019230769230769232,0.0,0.0,0.0,0.0,0.0
0,Family,Son,50,0_0_1,0.8461538461538461,0.822429906542056,0.8,0.905940594059406,0.6984126984126984,0.6923076923076923,0.8181818181818182,1.0,0.6923076923076923,0.6923076923076923
0,Family,Son,50,0_1_0,0.5769230769230769,0.6593406593406593,0.7692307692307693,0.8465346534653465,0.4918032786885246,0.15384615384615385,0.26666666666666666,1.0,0.15384615384615385,0.15384615384615385
0,Family,Son,50,1_0_0,1.0,0.6046511627906976,0.43333333333333335,0.6633663366336634,0.43333333333333335,1.0,1.0,1.0,1.0,1.0
0,Family,Son,50,1_1_1,1.0,0.47058823529411764,0.3076923076923077,0.4207920792079208,0.3076923076923077,1.0,1.0,1.0,1.0,1.0
0,Family,Son,55,0_0_0,0.019230769230769232,0.03773584905660377,1.0,0.7475247524752475,0.019230769230769232,0.0,0.0,0.0,0.0,0.0
0,Family,Son,55,0_0_1,0.8461538461538461,0.8148148148148148,0.7857142857142857,0.900990099009901,0.6875,0.7142857142857143,0.8333333333333334,1.0,0.7142857142857143,0.7142857142857143
0,Family,Son,55,0_1_0,0.5384615384615384,0.6153846153846154,0.717948717948718,0.8267326732673267,0.4444444444444444,0.14285714285714285,0.25,1.0,0.14285714285714285,0.14285714285714285
0,Family,Son,55,1_0_0,1.0,0.5942857142857143,0.42276422764227645,0.6485148514851485,0.42276422764227645,1.0,1.0,1.0,1.0,1.0
0,Family,Son,55,1_1_1,1.0,0.4663677130044843,0.30409356725146197,0.41089108910891087,0.30409356725146197,1.0,1.0,1.0,1.0,1.0
0,Family,Son,60,0_0_0,0.038461538461538464,0.07407407407407407,1.0,0.7524752475247525,0.038461538461538464,0.0,0.0,0.0,0.0,0.0
0,Family,Son,60,0_0_1,0.8846153846153846,0.8214285714285714,0.7666666666666667,0.900990099009901,0.696969696969697,0.8064516129032258,0.8928571428571429,1.0,0.8064516129032258,0.8064516129032258
0,Family,Son,60,0_1_0,0.7884615384615384,0.7008547008547008,0.6307692307692307,0.8267326732673267,0.5394736842105263,0.6451612903225806,0.7843137254901961,1.0,0.6451612903225806,0.6451612903225806
0,Family,Son,60,1_0_0,1.0,0.5123152709359606,0.3443708609271523,0.5099009900990099,0.3443708609271523,1.0,1.0,1.0,1.0,1.0
0,Family,Son,60,1_1_1,0.0,0.0,0.0,0.24752475247524752,0.0,0.0,0.0,0.0,0.0,0.0
0,Family,Son,65,0_0_0,0.038461538461538464,0.07407407407407407,1.0,0.7524752475247525,0.038461538461538464,0.0,0.0,0.0,0.0,0.0
0,Family,Son,65,0_0_1,0.75,0.7647058823529411,0.78,0.8811881188118812,0.6190476190476191,0.6060606060606061,0.7547169811320755,1.0,0.6060606060606061,0.6060606060606061
0,Family,Son,65,0_1_0,0.8653846153846154,0.7317073170731707,0.6338028169014085,0.8366336633663366,0.5769230769230769,0.7878787878787878,0.8813559322033898,1.0,0.7878787878787878,0.7878787878787878
0,Family,Son,65,1_0_0,1.0,0.5416666666666666,0.37142857142857144,0.5643564356435643,0.37142857142857144,1.0,1.0,1.0,1.0,1.0
0,Family,Son,65,1_1_1,0.0,0.0,0.0,0.2623762376237624,0.0,0.0,0.0,0.0,0.0,0.0
0,Family,Son,70,0_0_0,0.038461538461538464,0.07407407407407407,1.0,0.7524752475247525,0.038461538461538464,0.0,0.0,0.0,0.0,0.0
0,Family,Son,70,0_0_1,0.6538461538461539,0.6868686868686869,0.723404255319149,0.8465346534653465,0.5230769230769231,0.5,0.6666666666666666,1.0,0.5,0.5
0,Family,Son,70,0_1_0,0.8269230769230769,0.7288135593220338,0.6515151515151515,0.8415841584158416,0.5733333333333334,0.75,0.8571428571428571,1.0,0.75,0.75
0,Family,Son,70,1_0_0,1.0,0.5174129353233831,0.348993288590604,0.5198019801980198,0.348993288590604,1.0,1.0,1.0,1.0,1.0
0,Family,Son,70,1_1_1,0.0,0.0,0.0,0.25742574257425743,0.0,0.0,0.0,0.0,0.0,0.0
0,Family,Son,75,0_0_0,0.07692307692307693,0.14285714285714285,1.0,0.7623762376237624,0.07692307692307693,0.0,0.0,0.0,0.0,0.0
0,Family,Son,75,0_0_1,0.6538461538461539,0.6666666666666666,0.68,0.8316831683168316,0.5,0.5384615384615384,0.7,1.0,0.5384615384615384,0.5384615384615384
0,Family,Son,75,0_1_0,0.75,0.7155963302752294,0.6842105263157895,0.8465346534653465,0.5571428571428572,0.6666666666666666,0.8,1.0,0.6666666666666666,0.6666666666666666
0,Family,Son,75,1_0_0,1.0,0.4748858447488584,0.31137724550898205,0.4306930693069307,0.31137724550898205,1.0,1.0,1.0,1.0,1.0
0,Family,Son,75,1_1_1,0.0,0.0,0.0,0.26732673267326734,0.0,0.0,0.0,0.0,0.0,0.0
0,Family,Son,80,0_0_0,0.057692307692307696,0.10909090909090909,1.0,0.7574257425742574,0.057692307692307696,0.0,0.0,0.0,0.0,0.0
0,Family,Son,80,0_0_1,0.6346153846153846,0.6875,0.75,0.8514851485148515,0.5238095238095238,0.5365853658536586,0.6984126984126984,1.0,0.5365853658536586,0.5365853658536586
0,Family,Son,80,0_1_0,0.75,0.7358490566037735,0.7222222222222222,0.8613861386138614,0.582089552238806,0.6829268292682927,0.8115942028985508,1.0,0.6829268292682927,0.6829268292682927
0,Family,Son,80,1_0_0,0.9807692307692307,0.4657534246575342,0.30538922155688625,0.4207920792079208,0.30357142857142855,0.975609756097561,0.9876543209876543,1.0,0.975609756097561,0.975609756097561
0,Family,Son,80,1_1_1,0.0,0.0,0.0,0.2623762376237624,0.0,0.0,0.0,0.0,0.0,0.0
