run,dataset,class_name,removal,pqr,all_data_recall,all_data_f1,all_data_precision,all_data_accuracy,all_data_jaccard,removed_data_recall,removed_data_f1,removed_data_precision,removed_data_accuracy,removed_data_jaccard
0,Family,Brother,0,0_0_0,0.3333333333333333,0.5,1.0,0.900990099009901,0.3333333333333333,,,,,
0,Family,Brother,0,0_0_1,1.0,0.6,0.42857142857142855,0.801980198019802,0.42857142857142855,,,,,
0,Family,Brother,0,0_1_0,1.0,0.9090909090909091,0.8333333333333334,0.9702970297029703,0.8333333333333334,,,,,
0,Family,Brother,0,1_0_0,1.0,0.2631578947368421,0.15151515151515152,0.16831683168316833,0.15151515151515152,,,,,
0,Family,Brother,0,1_1_1,0.06666666666666667,0.05128205128205128,0.041666666666666664,0.6336633663366337,0.02631578947368421,,,,,
0,Family,Brother,5,0_0_0,0.26666666666666666,0.42105263157894735,1.0,0.8910891089108911,0.26666666666666666,0.0,0.0,0.0,0.0,0.0
0,Family,Brother,5,0_0_1,1.0,0.6451612903225806,0.47619047619047616,0.8366336633663366,0.47619047619047616,1.0,1.0,1.0,1.0,1.0
0,Family,Brother,5,0_1_0,0.9666666666666667,0.8656716417910447,0.7837837837837838,0.9554455445544554,0.7631578947368421,0.0,0.0,0.0,0.0,0.0
0,Family,Brother,5,1_0_0,1.0,0.2830188679245283,0.16483516483516483,0.24752475247524752,0.16483516483516483,1.0,1.0,1.0,1.0,1.0
0,Family,Brother,5,1_1_1,0.03333333333333333,0.025,0.02,0.6138613861386139,0.012658227848101266,0.0,0.0,0.0,0.0,0.0
0,Family,Brother,10,0_0_0,0.2,0.3333333333333333,1.0,0.8811881188118812,0.2,0.0,0.0,0.0,0.0,0.0
0,Family,Brother,10,0_0_1,1.0,0.594059405940594,0.4225352112676056,0.7970297029702971,0.4225352112676056,1.0,1.0,1.0,1.0,1.0
0,Family,Brother,10,0_1_0,0.9333333333333333,0.7671232876712328,0.6511627906976745,0.9158415841584159,0.6222222222222222,0.3333333333333333,0.5,1.0,0.3333333333333333,0.3333333333333333
0,Family,Brother,10,1_0_0,1.0,0.30612244897959184,0.18072289156626506,0.32673267326732675,0.18072289156626506,1.0,1.0,1.0,1.0,1.0
0,Family,Brother,10,1_1_1,0.0,0.0,0.0,0.6386138613861386,0.0,0.0,0.0,0.0,0.0,0.0
0,Family,Brother,15,0_0_0,0.26666666666666666,0.42105263157894735,1.0,0.8910891089108911,0.26666666666666666,0.0,0.0,0.0,0.0,0.0
0,Family,Brother,15,0_0_1,1.0,0.6,0.42857142857142855,0.801980198019802,0.42857142857142855,1.0,1.0,1.0,1.0,1.0
0,Family,Brother,15,0_1_0,0.8666666666666667,0.7428571428571429,0.65,0.9108910891089109,0.5909090909090909,0.0,0.0,0.0,0.0,0.0
0,Family,Brother,15,1_0_0,1.0,0.3125,0.18518518518518517,0.3465346534653465,0.18518518518518517,1.0,1.0,1.0,1.0,1.0
0,Family,Brother,15,1_1_1,0.0,0.0,0.0,0.6435643564356436,0.0,0.0,0.0,0.0,0.0,0.0
0,Family,Brother,20,0_0_0,0.13333333333333333,0.23529411764705882,1.0,0.8712871287128713,0.13333333333333333,0.0,0.0,0.0,0.0,0.0
0,Family,Brother,20,0_0_1,1.0,0.7142857142857143,0.5555555555555556,0.8811881188118812,0.5555555555555556,1.0,1.0,1.0,1.0,1.0
0,Family,Brother,20,0_1_0,0.8666666666666667,0.8,0.7428571428571429,0.9356435643564357,0.6666666666666666,0.3333333333333333,0.5,1.0,0.3333333333333333,0.3333333333333333
0,Family,Brother,20,1_0_0,1.0,0.4411764705882353,0.2830188679245283,0.6237623762376238,0.2830188679245283,1.0,1.0,1.0,1.0,1.0
0,Family,Brother,20,1_1_1,0.0,0.0,0.0,0.6683168316831684,0.0,0.0,0.0,0.0,0.0,0.0
0,Family,Brother,25,0_0_0,0.1,0.18181818181818182,1.0,0.8663366336633663,0.1,0.0,0.0,0.0,0.0,0.0
0,Family,Brother,25,0_0_1,0.9666666666666667,0.7631578947368421,0.6304347826086957,0.9108910891089109,0.6170212765957447,0.8571428571428571,0.9230769230769231,1.0,0.8571428571428571,0.8571428571428571
0,Family,Brother,25,0_1_0,0.8666666666666667,0.8125,0.7647058823529411,0.9405940594059405,0.6842105263157895,0.42857142857142855,0.6,1.0,0.42857142857142855,0.42857142857142855
0,Family,Brother,25,1_0_0,1.0,0.45112781954887216,0.2912621359223301,0.6386138613861386,0.2912621359223301,1.0,1.0,1.0,1.0,1.0
0,Family,Brother,25,1_1_1,0.0,0.0,0.0,0.6534653465346535,0.0,0.0,0.0,0.0,0.0,0.0
0,Family,Brother,30,0_0_0,0.1,0.18181818181818182,1.0,0.8663366336633663,0.1,0.0,0.0,0.0,0.0,0.0
0,Family,Brother,30,0_0_1,1.0,0.75,0.6,0.900990099009901,0.6,1.0,1.0,1.0,1.0,1.0
0,Family,Brother,30,0_1_0,0.7333333333333333,0.7333333333333333,0.7333333333333333,0.9207920792079208,0.5789473684210527,0.1111111111111111,0.2,1.0,0.1111111111111111,0.1111111111111111
0,Family,Brother,30,1_0_0,1.0,0.45454545454545453,0.29411764705882354,0.6435643564356436,0.29411764705882354,1.0,1.0,1.0,1.0,1.0
0,Family,Brother,30,1_1_1,0.0,0.0,0.0,0.6237623762376238,0.0,0.0,0.0,0.0,0.0,0.0
0,Family,Brother,35,0_0_0,0.1,0.18181818181818182,1.0,0.8663366336633663,0.1,0.0,0.0,0.0,0.0,0.0
0,Family,Brother,35,0_0_1,1.0,0.7407407407407407,0.5882352941176471,0.8960396039603961,0.5882352941176471,1.0,1.0,1.0,1.0,1.0
0,Family,Brother,35,0_1_0,0.6666666666666666,0.7272727272727273,0.8,0.9257425742574258,0.5714285714285714,0.0,0.0,0.0,0.0,0.0
0,Family,Brother,35,1_0_0,1.0,0.45454545454545453,0.29411764705882354,0.6435643564356436,0.29411764705882354,1.0,1.0,1.0,1.0,1.0
0,Family,Brother,35,1_1_1,0.03333333333333333,0.023529411764705882,0.01818181818181818,0.5891089108910891,0.011904761904761904,0.1,0.18181818181818182,1.0,0.1,0.1
0,Family,Brother,40,0_0_0,0.1,0.18181818181818182,1.0,0.8663366336633663,0.1,0.0,0.0,0.0,0.0,0.0
0,Family,Brother,40,0_0_1,0.9666666666666667,0.7837837837837838,0.6590909090909091,0.9207920792079208,0.6444444444444445,0.9166666666666666,0.9565217391304348,1.0,0.9166666666666666,0.9166666666666666
0,Family,Brother,40,0_1_0,0.6,0.6666666666666666,0.75,0.9108910891089109,0.5,0.0,0.0,0.0,0.0,0.0
0,Family,Brother,40,1_0_0,1.0,0.46153846153846156,0.3,0.6534653465346535,0.3,1.0,1.0,1.0,1.0,1.0
0,Family,Brother,40,1_1_1,0.03333333333333333,0.023529411764705882,0.01818181818181818,0.5891089108910891,0.011904761904761904,0.08333333333333333,0.15384615384615385,1.0,0.08333333333333333,0.08333333333333333
0,Family,Brother,45,0_0_0,0.06666666666666667,0.125,1.0,0.8613861386138614,0.06666666666666667,0.0,0.0,0.0,0.0,0.0
0,Family,Brother,45,0_0_1,0.9666666666666667,0.7733333333333333,0.6444444444444445,0.9158415841584159,0.6304347826086957,0.9230769230769231,0.96,1.0,0.9230769230769231,0.9230769230769231
0,Family,Brother,45,0_1_0,0.6,0.6923076923076923,0.8181818181818182,0.9207920792079208,0.5294117647058824,0.07692307692307693,0.14285714285714285,1.0,0.07692307692307693,0.07692307692307693
0,Family,Brother,45,1_0_0,1.0,0.46153846153846156,0.3,0.6534653465346535,0.3,1.0,1.0,1.0,1.0,1.0
0,Family,Brother,45,1_1_1,0.06666666666666667,0.039603960396039604,0.028169014084507043,0.5198019801980198,0.020202020202020204,0.07692307692307693,0.14285714285714285,1.0,0.07692307692307693,0.07692307692307693
0,Family,Brother,50,0_0_0,0.1,0.18181818181818182,1.0,0.8663366336633663,0.1,0.0,0.0,0.0,0.0,0.0
0,Family,Brother,50,0_0_1,0.7333333333333333,0.6567164179104478,0.5945945945945946,0.8861386138613861,0.4888888888888889,0.4666666666666667,0.6363636363636364,1.0,0.4666666666666667,0.4666666666666667
0,Family,Brother,50,0_1_0,0.5333333333333333,0.6153846153846154,0.7272727272727273,0.900990099009901,0.4444444444444444,0.06666666666666667,0.125,1.0,0.06666666666666667,0.06666666666666667
0,Family,Brother,50,1_0_0,1.0,0.3225806451612903,0.19230769230769232,0.37623762376237624,0.19230769230769232,1.0,1.0,1.0,1.0,1.0
0,Family,Brother,50,1_1_1,0.03333333333333333,0.022727272727272728,0.017241379310344827,0.5742574257425742,0.011494252873563218,0.06666666666666667,0.125,1.0,0.06666666666666667,0.06666666666666667
0,Family,Brother,55,0_0_0,0.23333333333333334,0.3783783783783784,1.0,0.8861386138613861,0.23333333333333334,0.0,0.0,0.0,0.0,0.0
0,Family,Brother,55,0_0_1,0.8,0.6666666666666666,0.5714285714285714,0.8811881188118812,0.5,0.625,0.7692307692307693,1.0,0.625,0.625
0,Family,Brother,55,0_1_0,0.5,0.625,0.8333333333333334,0.9108910891089109,0.45454545454545453,0.0625,0.11764705882352941,1.0,0.0625,0.0625
0,Family,Brother,55,1_0_0,1.0,0.2597402597402597,0.14925373134328357,0.15346534653465346,0.14925373134328357,1.0,1.0,1.0,1.0,1.0
0,Family,Brother,55,1_1_1,0.06666666666666667,0.04,0.02857142857142857,0.5247524752475248,0.02040816326530612,0.0625,0.11764705882352941,1.0,0.0625,0.0625
0,Family,Brother,60,0_0_0,0.13333333333333333,0.23529411764705882,1.0,0.8712871287128713,0.13333333333333333,0.0,0.0,0.0,0.0,0.0
0,Family,Brother,60,0_0_1,0.7333333333333333,0.6285714285714286,0.55,0.8712871287128713,0.4583333333333333,0.5555555555555556,0.7142857142857143,1.0,0.5555555555555556,0.5555555555555556
0,Family,Brother,60,0_1_0,0.5666666666666667,0.68,0.85,0.9207920792079208,0.5151515151515151,0.2777777777777778,0.43478260869565216,1.0,0.2777777777777778,0.2777777777777778
0,Family,Brother,60,1_0_0,1.0,0.2631578947368421,0.15151515151515152,0.16831683168316833,0.15151515151515152,1.0,1.0,1.0,1.0,1.0
0,Family,Brother,60,1_1_1,0.06666666666666667,0.0392156862745098,0.027777777777777776,0.5148514851485149,0.02,0.1111111111111111,0.2,1.0,0.1111111111111111,0.1111111111111111
0,Family,Brother,65,0_0_0,0.06666666666666667,0.125,1.0,0.8613861386138614,0.06666666666666667,0.0,0.0,0.0,0.0,0.0
0,Family,Brother,65,0_0_1,0.7333333333333333,0.6376811594202898,0.5641025641025641,0.8762376237623762,0.46808510638297873,0.5789473684210527,0.7333333333333333,1.0,0.5789473684210527,0.5789473684210527
0,Family,Brother,65,0_1_0,0.5333333333333333,0.6530612244897959,0.8421052631578947,0.9158415841584159,0.48484848484848486,0.2631578947368421,0.4166666666666667,1.0,0.2631578947368421,0.2631578947368421
0,Family,Brother,65,1_0_0,1.0,0.2631578947368421,0.15151515151515152,0.16831683168316833,0.15151515151515152,1.0,1.0,1.0,1.0,1.0
0,Family,Brother,65,1_1_1,0.06666666666666667,0.041237113402061855,0.029850746268656716,0.5396039603960396,0.021052631578947368,0.10526315789473684,0.19047619047619047,1.0,0.10526315789473684,0.10526315789473684
0,Family,Brother,70,0_0_0,0.06666666666666667,0.125,1.0,0.8613861386138614,0.06666666666666667,0.0,0.0,0.0,0.0,0.0
0,Family,Brother,70,0_0_1,0.7,0.6176470588235294,0.5526315789473685,0.8712871287128713,0.44680851063829785,0.5714285714285714,0.7272727272727273,1.0,0.5714285714285714,0.5714285714285714
0,Family,Brother,70,0_1_0,0.5,0.625,0.8333333333333334,0.9108910891089109,0.45454545454545453,0.2857142857142857,0.4444444444444444,1.0,0.2857142857142857,0.2857142857142857
0,Family,Brother,70,1_0_0,1.0,0.26905829596412556,0.15544041450777202,0.19306930693069307,0.15544041450777202,1.0,1.0,1.0,1.0,1.0
0,Family,Brother,70,1_1_1,0.06666666666666667,0.04395604395604396,0.03278688524590164,0.5693069306930693,0.02247191011235955,0.09523809523809523,0.17391304347826086,1.0,0.09523809523809523,0.09523809523809523
0,Family,Brother,75,0_0_0,0.06666666666666667,0.125,1.0,0.8613861386138614,0.06666666666666667,0.0,0.0,0.0,0.0,0.0
0,Family,Brother,75,0_0_1,0.6333333333333333,0.6031746031746031,0.5757575757575758,0.8762376237623762,0.4318181818181818,0.5,0.6666666666666666,1.0,0.5,0.5
0,Family,Brother,75,0_1_0,0.4666666666666667,0.5957446808510638,0.8235294117647058,0.905940594059406,0.42424242424242425,0.2727272727272727,0.42857142857142855,1.0,0.2727272727272727,0.2727272727272727
0,Family,Brother,75,1_0_0,1.0,0.26666666666666666,0.15384615384615385,0.18316831683168316,0.15384615384615385,1.0,1.0,1.0,1.0,1.0
0,Family,Brother,75,1_1_1,0.06666666666666667,0.04395604395604396,0.03278688524590164,0.5693069306930693,0.02247191011235955,0.09090909090909091,0.16666666666666666,1.0,0.09090909090909091,0.09090909090909091
0,Family,Brother,80,0_0_0,0.0,0.0,0.0,0.8514851485148515,0.0,0.0,0.0,0.0,0.0,0.0
0,Family,Brother,80,0_0_1,0.5666666666666667,0.576271186440678,0.5862068965517241,0.8762376237623762,0.40476190476190477,0.4583333333333333,0.6285714285714286,1.0,0.4583333333333333,0.4583333333333333
0,Family,Brother,80,0_1_0,0.26666666666666666,0.3902439024390244,0.7272727272727273,0.8762376237623762,0.24242424242424243,0.08333333333333333,0.15384615384615385,1.0,0.08333333333333333,0.08333333333333333
0,Family,Brother,80,1_0_0,1.0,0.2608695652173913,0.15,0.15841584158415842,0.15,1.0,1.0,1.0,1.0,1.0
0,Family,Brother,80,1_1_1,0.06666666666666667,0.05,0.04,0.6237623762376238,0.02564102564102564,0.08333333333333333,0.15384615384615385,1.0,0.08333333333333333,0.08333333333333333
0,Family,Male,0,0_0_0,0.36538461538461536,0.5352112676056338,1.0,0.6732673267326733,0.36538461538461536,,,,,
0,Family,Male,0,0_0_1,1.0,0.8888888888888888,0.8,0.8712871287128713,0.8,,,,,
0,Family,Male,0,0_1_0,1.0,1.0,1.0,1.0,1.0,,,,,
0,Family,Male,0,1_0_0,1.0,0.6797385620915033,0.5148514851485149,0.5148514851485149,0.5148514851485149,,,,,
0,Family,Male,0,1_1_1,0.10576923076923077,0.14864864864864866,0.25,0.37623762376237624,0.08029197080291971,,,,,
0,Family,Male,5,0_0_0,0.3076923076923077,0.47058823529411764,1.0,0.6435643564356436,0.3076923076923077,,,,,
0,Family,Male,5,0_0_1,0.9903846153846154,0.8917748917748918,0.8110236220472441,0.8762376237623762,0.8046875,,,,,
0,Family,Male,5,0_1_0,0.9615384615384616,0.9803921568627451,1.0,0.9801980198019802,0.9615384615384616,,,,,
0,Family,Male,5,1_0_0,1.0,0.6797385620915033,0.5148514851485149,0.5148514851485149,0.5148514851485149,,,,,
0,Family,Male,5,1_1_1,0.07692307692307693,0.11678832116788321,0.24242424242424243,0.400990099009901,0.06201550387596899,,,,,
0,Family,Male,10,0_0_0,0.25,0.4,1.0,0.6138613861386139,0.25,0.0,0.0,0.0,0.0,0.0
0,Family,Male,10,0_0_1,0.9903846153846154,0.911504424778761,0.8442622950819673,0.900990099009901,0.8373983739837398,1.0,1.0,1.0,1.0,1.0
0,Family,Male,10,0_1_0,0.9134615384615384,0.9547738693467337,1.0,0.9554455445544554,0.9134615384615384,1.0,1.0,1.0,1.0,1.0
0,Family,Male,10,1_0_0,1.0,0.6797385620915033,0.5148514851485149,0.5148514851485149,0.5148514851485149,1.0,1.0,1.0,1.0,1.0
0,Family,Male,10,1_1_1,0.08653846153846154,0.12857142857142856,0.25,0.39603960396039606,0.06870229007633588,1.0,1.0,1.0,1.0,1.0
0,Family,Male,15,0_0_0,0.2403846153846154,0.3875968992248062,1.0,0.6089108910891089,0.2403846153846154,0.0,0.0,0.0,0.0,0.0
0,Family,Male,15,0_0_1,1.0,0.9285714285714286,0.8666666666666667,0.9207920792079208,0.8666666666666667,1.0,1.0,1.0,1.0,1.0
0,Family,Male,15,0_1_0,0.8557692307692307,0.9222797927461139,1.0,0.9257425742574258,0.8557692307692307,0.0,0.0,0.0,0.0,0.0
0,Family,Male,15,1_0_0,1.0,0.6842105263157895,0.52,0.5247524752475248,0.52,1.0,1.0,1.0,1.0,1.0
0,Family,Male,15,1_1_1,0.08653846153846154,0.11764705882352941,0.1836734693877551,0.3316831683168317,0.0625,0.0,0.0,0.0,0.0,0.0
0,Family,Male,20,0_0_0,0.20192307692307693,0.336,1.0,0.5891089108910891,0.20192307692307693,0.0,0.0,0.0,0.0,0.0
0,Family,Male,20,0_0_1,1.0,0.9285714285714286,0.8666666666666667,0.9207920792079208,0.8666666666666667,1.0,1.0,1.0,1.0,1.0
0,Family,Male,20,0_1_0,0.8076923076923077,0.8936170212765957,1.0,0.900990099009901,0.8076923076923077,0.0,0.0,0.0,0.0,0.0
0,Family,Male,20,1_0_0,1.0,0.6887417218543046,0.5252525252525253,0.5346534653465347,0.5252525252525253,1.0,1.0,1.0,1.0,1.0
0,Family,Male,20,1_1_1,0.09615384615384616,0.12345679012345678,0.1724137931034483,0.297029702970297,0.06578947368421052,0.0,0.0,0.0,0.0,0.0
0,Family,Male,25,0_0_0,0.20192307692307693,0.336,1.0,0.5891089108910891,0.20192307692307693,0.0,0.0,0.0,0.0,0.0
0,Family,Male,25,0_0_1,0.9711538461538461,0.8898678414096917,0.8211382113821138,0.8762376237623762,0.8015873015873016,1.0,1.0,1.0,1.0,1.0
0,Family,Male,25,0_1_0,0.75,0.8571428571428571,1.0,0.8712871287128713,0.75,0.0,0.0,0.0,0.0,0.0
0,Family,Male,25,1_0_0,1.0,0.7003367003367004,0.538860103626943,0.5594059405940595,0.538860103626943,1.0,1.0,1.0,1.0,1.0
0,Family,Male,25,1_1_1,0.14423076923076922,0.17964071856287425,0.23809523809523808,0.3217821782178218,0.09868421052631579,0.0,0.0,0.0,0.0,0.0
0,Family,Male,30,0_0_0,0.17307692307692307,0.29508196721311475,1.0,0.5742574257425742,0.17307692307692307,0.0,0.0,0.0,0.0,0.0
0,Family,Male,30,0_0_1,0.9134615384615384,0.852017937219731,0.7983193277310925,0.8366336633663366,0.7421875,1.0,1.0,1.0,1.0,1.0
0,Family,Male,30,0_1_0,0.7019230769230769,0.8248587570621468,1.0,0.8465346534653465,0.7019230769230769,0.0,0.0,0.0,0.0,0.0
0,Family,Male,30,1_0_0,1.0,0.6956521739130435,0.5333333333333333,0.5495049504950495,0.5333333333333333,1.0,1.0,1.0,1.0,1.0
0,Family,Male,30,1_1_1,0.1346153846153846,0.17073170731707318,0.23333333333333334,0.32673267326732675,0.09333333333333334,0.0,0.0,0.0,0.0,0.0
0,Family,Male,35,0_0_0,0.14423076923076922,0.25210084033613445,1.0,0.5594059405940595,0.14423076923076922,0.0,0.0,0.0,0.0,0.0
0,Family,Male,35,0_0_1,0.875,0.8272727272727273,0.7844827586206896,0.8118811881188119,0.7054263565891473,1.0,1.0,1.0,1.0,1.0
0,Family,Male,35,0_1_0,0.6538461538461539,0.7906976744186046,1.0,0.8217821782178217,0.6538461538461539,0.0,0.0,0.0,0.0,0.0
0,Family,Male,35,1_0_0,1.0,0.6956521739130435,0.5333333333333333,0.5495049504950495,0.5333333333333333,1.0,1.0,1.0,1.0,1.0
0,Family,Male,35,1_1_1,0.09615384615384616,0.12345679012345678,0.1724137931034483,0.297029702970297,0.06578947368421052,0.0,0.0,0.0,0.0,0.0
0,Family,Male,40,0_0_0,0.07692307692307693,0.14285714285714285,1.0,0.5247524752475248,0.07692307692307693,0.0,0.0,0.0,0.0,0.0
0,Family,Male,40,0_0_1,0.875,0.8088888888888889,0.7520661157024794,0.7871287128712872,0.6791044776119403,0.5,0.6666666666666666,1.0,0.5,0.5
0,Family,Male,40,0_1_0,0.6538461538461539,0.7906976744186046,1.0,0.8217821782178217,0.6538461538461539,0.0,0.0,0.0,0.0,0.0
0,Family,Male,40,1_0_0,1.0,0.6797385620915033,0.5148514851485149,0.5148514851485149,0.5148514851485149,1.0,1.0,1.0,1.0,1.0
0,Family,Male,40,1_1_1,0.1346153846153846,0.16091954022988506,0.2,0.27722772277227725,0.0875,0.0,0.0,0.0,0.0,0.0
0,Family,Male,45,0_0_0,0.10576923076923077,0.19130434782608696,1.0,0.5396039603960396,0.10576923076923077,0.0,0.0,0.0,0.0,0.0
0,Family,Male,45,0_0_1,0.8365384615384616,0.8571428571428571,0.8787878787878788,0.8564356435643564,0.75,0.3333333333333333,0.5,1.0,0.3333333333333333,0.3333333333333333
0,Family,Male,45,0_1_0,0.6730769230769231,0.8045977011494253,1.0,0.8316831683168316,0.6730769230769231,0.3333333333333333,0.5,1.0,0.3333333333333333,0.3333333333333333
0,Family,Male,45,1_0_0,1.0,0.6797385620915033,0.5148514851485149,0.5148514851485149,0.5148514851485149,1.0,1.0,1.0,1.0,1.0
0,Family,Male,45,1_1_1,0.125,0.15384615384615385,0.2,0.29207920792079206,0.08333333333333333,0.3333333333333333,0.5,1.0,0.3333333333333333,0.3333333333333333
0,Family,Male,50,0_0_0,0.09615384615384616,0.17543859649122806,1.0,0.5346534653465347,0.09615384615384616,0.0,0.0,0.0,0.0,0.0
0,Family,Male,50,0_0_1,0.8461538461538461,0.8502415458937198,0.8543689320388349,0.8465346534653465,0.7394957983193278,0.3333333333333333,0.5,1.0,0.3333333333333333,0.3333333333333333
0,Family,Male,50,0_1_0,0.5480769230769231,0.6951219512195121,0.95,0.7524752475247525,0.5327102803738317,0.0,0.0,0.0,0.0,0.0
0,Family,Male,50,1_0_0,1.0,0.6819672131147541,0.5174129353233831,0.5198019801980198,0.5174129353233831,1.0,1.0,1.0,1.0,1.0
0,Family,Male,50,1_1_1,0.1346153846153846,0.16374269005847952,0.208955223880597,0.29207920792079206,0.08917197452229299,0.3333333333333333,0.5,1.0,0.3333333333333333,0.3333333333333333
0,Family,Male,55,0_0_0,0.057692307692307696,0.10909090909090909,1.0,0.5148514851485149,0.057692307692307696,0.0,0.0,0.0,0.0,0.0
0,Family,Male,55,0_0_1,0.8461538461538461,0.8186046511627907,0.7927927927927928,0.806930693069307,0.6929133858267716,1.0,1.0,1.0,1.0,1.0
0,Family,Male,55,0_1_0,0.4807692307692308,0.6451612903225806,0.9803921568627451,0.7277227722772277,0.47619047619047616,0.0,0.0,0.0,0.0,0.0
0,Family,Male,55,1_0_0,1.0,0.6842105263157895,0.52,0.5247524752475248,0.52,1.0,1.0,1.0,1.0,1.0
0,Family,Male,55,1_1_1,0.4326923076923077,0.39823008849557523,0.36885245901639346,0.32673267326732675,0.24861878453038674,1.0,1.0,1.0,1.0,1.0
0,Family,Male,60,0_0_0,0.038461538461538464,0.07407407407407407,1.0,0.504950495049505,0.038461538461538464,0.0,0.0,0.0,0.0,0.0
0,Family,Male,60,0_0_1,0.7980769230769231,0.7904761904761904,0.7830188679245284,0.7821782178217822,0.6535433070866141,0.8333333333333334,0.9090909090909091,1.0,0.8333333333333334,0.8333333333333334
0,Family,Male,60,0_1_0,0.4423076923076923,0.609271523178808,0.9787234042553191,0.7079207920792079,0.4380952380952381,0.0,0.0,0.0,0.0,0.0
0,Family,Male,60,1_0_0,1.0,0.6842105263157895,0.52,0.5247524752475248,0.52,1.0,1.0,1.0,1.0,1.0
0,Family,Male,60,1_1_1,0.36538461538461536,0.336283185840708,0.3114754098360656,0.25742574257425743,0.20212765957446807,0.5,0.6666666666666666,1.0,0.5,0.5
0,Family,Male,65,0_0_0,0.04807692307692308,0.09174311926605505,1.0,0.5099009900990099,0.04807692307692308,0.0,0.0,0.0,0.0,0.0
0,Family,Male,65,0_0_1,0.8173076923076923,0.7981220657276995,0.7798165137614679,0.7871287128712872,0.6640625,0.875,0.9333333333333333,1.0,0.875,0.875
0,Family,Male,65,0_1_0,0.375,0.5379310344827586,0.9512195121951219,0.6683168316831684,0.36792452830188677,0.0,0.0,0.0,0.0,0.0
0,Family,Male,65,1_0_0,1.0,0.6842105263157895,0.52,0.5247524752475248,0.52,1.0,1.0,1.0,1.0,1.0
0,Family,Male,65,1_1_1,0.3557692307692308,0.31896551724137934,0.2890625,0.21782178217821782,0.18974358974358974,0.375,0.5454545454545454,1.0,0.375,0.375
0,Family,Male,70,0_0_0,0.04807692307692308,0.09174311926605505,1.0,0.5099009900990099,0.04807692307692308,0.0,0.0,0.0,0.0,0.0
0,Family,Male,70,0_0_1,0.7115384615384616,0.736318407960199,0.7628865979381443,0.7376237623762376,0.5826771653543307,0.6363636363636364,0.7777777777777778,1.0,0.6363636363636364,0.6363636363636364
0,Family,Male,70,0_1_0,0.33653846153846156,0.49645390070921985,0.9459459459459459,0.6485148514851485,0.330188679245283,0.0,0.0,0.0,0.0,0.0
0,Family,Male,70,1_0_0,1.0,0.6842105263157895,0.52,0.5247524752475248,0.52,1.0,1.0,1.0,1.0,1.0
0,Family,Male,70,1_1_1,0.3557692307692308,0.3231441048034934,0.296,0.23267326732673269,0.19270833333333334,0.36363636363636365,0.5333333333333333,1.0,0.36363636363636365,0.36363636363636365
0,Family,Male,75,0_0_0,0.009615384615384616,0.01904761904761905,1.0,0.4900990099009901,0.009615384615384616,0.0,0.0,0.0,0.0,0.0
0,Family,Male,75,0_0_1,0.7019230769230769,0.7373737373737373,0.776595744680851,0.7425742574257426,0.584,0.6153846153846154,0.7619047619047619,1.0,0.6153846153846154,0.6153846153846154
0,Family,Male,75,0_1_0,0.3173076923076923,0.4714285714285714,0.9166666666666666,0.6336633663366337,0.308411214953271,0.0,0.0,0.0,0.0,0.0
0,Family,Male,75,1_0_0,1.0,0.6864686468646864,0.5226130653266332,0.5297029702970297,0.5226130653266332,1.0,1.0,1.0,1.0,1.0
0,Family,Male,75,1_1_1,0.40384615384615385,0.3514644351464435,0.3111111111111111,0.23267326732673269,0.2131979695431472,0.46153846153846156,0.631578947368421,1.0,0.46153846153846156,0.46153846153846156
0,Family,Male,80,0_0_0,0.0,0.0,0.0,0.48514851485148514,0.0,0.0,0.0,0.0,0.0,0.0
0,Family,Male,80,0_0_1,0.5865384615384616,0.6524064171122995,0.7349397590361446,0.6782178217821783,0.48412698412698413,0.3333333333333333,0.5,1.0,0.3333333333333333,0.3333333333333333
0,Family,Male,80,0_1_0,0.27884615384615385,0.4233576642335766,0.8787878787878788,0.6089108910891089,0.26851851851851855,0.0,0.0,0.0,0.0,0.0
0,Family,Male,80,1_0_0,1.0,0.6864686468646864,0.5226130653266332,0.5297029702970297,0.5226130653266332,1.0,1.0,1.0,1.0,1.0
0,Family,Male,80,1_1_1,0.34615384615384615,0.314410480349345,0.288,0.22277227722772278,0.18652849740932642,0.26666666666666666,0.42105263157894735,1.0,0.26666666666666666,0.26666666666666666
0,Family,PersonWithASibling,0,0_0_0,0.0,0.0,0.0,0.6435643564356436,0.0,,,,,
0,Family,PersonWithASibling,0,0_0_1,0.027777777777777776,0.04938271604938271,0.2222222222222222,0.6188118811881188,0.02531645569620253,,,,,
0,Family,PersonWithASibling,0,0_1_0,0.0,0.0,0.0,0.6386138613861386,0.0,,,,,
0,Family,PersonWithASibling,0,1_0_0,0.8611111111111112,0.48627450980392156,0.33879781420765026,0.35148514851485146,0.32124352331606215,,,,,
0,Family,PersonWithASibling,0,1_1_1,0.125,0.14173228346456693,0.16363636363636364,0.4603960396039604,0.07627118644067797,,,,,
0,Family,PersonWithASibling,5,0_0_0,0.0,0.0,0.0,0.6435643564356436,0.0,,,,,
0,Family,PersonWithASibling,5,0_0_1,0.027777777777777776,0.04938271604938271,0.2222222222222222,0.6188118811881188,0.02531645569620253,,,,,
0,Family,PersonWithASibling,5,0_1_0,0.0,0.0,0.0,0.6386138613861386,0.0,,,,,
0,Family,PersonWithASibling,5,1_0_0,0.8611111111111112,0.48627450980392156,0.33879781420765026,0.35148514851485146,0.32124352331606215,,,,,
0,Family,PersonWithASibling,5,1_1_1,0.125,0.14173228346456693,0.16363636363636364,0.4603960396039604,0.07627118644067797,,,,,
0,Family,PersonWithASibling,10,0_0_0,0.0,0.0,0.0,0.6435643564356436,0.0,,,,,
0,Family,PersonWithASibling,10,0_0_1,0.027777777777777776,0.04938271604938271,0.2222222222222222,0.6188118811881188,0.02531645569620253,,,,,
0,Family,PersonWithASibling,10,0_1_0,0.0,0.0,0.0,0.6386138613861386,0.0,,,,,
0,Family,PersonWithASibling,10,1_0_0,0.8611111111111112,0.48627450980392156,0.33879781420765026,0.35148514851485146,0.32124352331606215,,,,,
0,Family,PersonWithASibling,10,1_1_1,0.125,0.14173228346456693,0.16363636363636364,0.4603960396039604,0.07627118644067797,,,,,
0,Family,PersonWithASibling,15,0_0_0,0.0,0.0,0.0,0.6435643564356436,0.0,,,,,
0,Family,PersonWithASibling,15,0_0_1,0.027777777777777776,0.04938271604938271,0.2222222222222222,0.6188118811881188,0.02531645569620253,,,,,
0,Family,PersonWithASibling,15,0_1_0,0.0,0.0,0.0,0.6386138613861386,0.0,,,,,
0,Family,PersonWithASibling,15,1_0_0,0.8611111111111112,0.48627450980392156,0.33879781420765026,0.35148514851485146,0.32124352331606215,,,,,
0,Family,PersonWithASibling,15,1_1_1,0.125,0.14173228346456693,0.16363636363636364,0.4603960396039604,0.07627118644067797,,,,,
0,Family,PersonWithASibling,20,0_0_0,0.0,0.0,0.0,0.6435643564356436,0.0,,,,,
0,Family,PersonWithASibling,20,0_0_1,0.027777777777777776,0.04938271604938271,0.2222222222222222,0.6188118811881188,0.02531645569620253,,,,,
0,Family,PersonWithASibling,20,0_1_0,0.0,0.0,0.0,0.6386138613861386,0.0,,,,,
0,Family,PersonWithASibling,20,1_0_0,0.8611111111111112,0.48627450980392156,0.33879781420765026,0.35148514851485146,0.32124352331606215,,,,,
0,Family,PersonWithASibling,20,1_1_1,0.125,0.14173228346456693,0.16363636363636364,0.4603960396039604,0.07627118644067797,,,,,
0,Family,PersonWithASibling,25,0_0_0,0.0,0.0,0.0,0.6435643564356436,0.0,,,,,
0,Family,PersonWithASibling,25,0_0_1,0.027777777777777776,0.04938271604938271,0.2222222222222222,0.6188118811881188,0.02531645569620253,,,,,
0,Family,PersonWithASibling,25,0_1_0,0.0,0.0,0.0,0.6386138613861386,0.0,,,,,
0,Family,PersonWithASibling,25,1_0_0,0.8611111111111112,0.48627450980392156,0.33879781420765026,0.35148514851485146,0.32124352331606215,,,,,
0,Family,PersonWithASibling,25,1_1_1,0.125,0.14173228346456693,0.16363636363636364,0.4603960396039604,0.07627118644067797,,,,,
0,Family,PersonWithASibling,30,0_0_0,0.0,0.0,0.0,0.6435643564356436,0.0,,,,,
0,Family,PersonWithASibling,30,0_0_1,0.027777777777777776,0.04938271604938271,0.2222222222222222,0.6188118811881188,0.02531645569620253,,,,,
0,Family,PersonWithASibling,30,0_1_0,0.0,0.0,0.0,0.6386138613861386,0.0,,,,,
0,Family,PersonWithASibling,30,1_0_0,0.8611111111111112,0.48627450980392156,0.33879781420765026,0.35148514851485146,0.32124352331606215,,,,,
0,Family,PersonWithASibling,30,1_1_1,0.125,0.14173228346456693,0.16363636363636364,0.4603960396039604,0.07627118644067797,,,,,
0,Family,PersonWithASibling,35,0_0_0,0.0,0.0,0.0,0.6435643564356436,0.0,,,,,
0,Family,PersonWithASibling,35,0_0_1,0.027777777777777776,0.04938271604938271,0.2222222222222222,0.6188118811881188,0.02531645569620253,,,,,
0,Family,PersonWithASibling,35,0_1_0,0.0,0.0,0.0,0.6386138613861386,0.0,,,,,
0,Family,PersonWithASibling,35,1_0_0,0.8611111111111112,0.48627450980392156,0.33879781420765026,0.35148514851485146,0.32124352331606215,,,,,
0,Family,PersonWithASibling,35,1_1_1,0.125,0.14173228346456693,0.16363636363636364,0.4603960396039604,0.07627118644067797,,,,,
0,Family,PersonWithASibling,40,0_0_0,0.0,0.0,0.0,0.6435643564356436,0.0,,,,,
0,Family,PersonWithASibling,40,0_0_1,0.027777777777777776,0.04938271604938271,0.2222222222222222,0.6188118811881188,0.02531645569620253,,,,,
0,Family,PersonWithASibling,40,0_1_0,0.0,0.0,0.0,0.6386138613861386,0.0,,,,,
0,Family,PersonWithASibling,40,1_0_0,0.8611111111111112,0.48627450980392156,0.33879781420765026,0.35148514851485146,0.32124352331606215,,,,,
0,Family,PersonWithASibling,40,1_1_1,0.125,0.14173228346456693,0.16363636363636364,0.4603960396039604,0.07627118644067797,,,,,
0,Family,PersonWithASibling,45,0_0_0,0.0,0.0,0.0,0.6435643564356436,0.0,,,,,
0,Family,PersonWithASibling,45,0_0_1,0.027777777777777776,0.04938271604938271,0.2222222222222222,0.6188118811881188,0.02531645569620253,,,,,
0,Family,PersonWithASibling,45,0_1_0,0.0,0.0,0.0,0.6386138613861386,0.0,,,,,
0,Family,PersonWithASibling,45,1_0_0,0.8611111111111112,0.48627450980392156,0.33879781420765026,0.35148514851485146,0.32124352331606215,,,,,
0,Family,PersonWithASibling,45,1_1_1,0.125,0.14173228346456693,0.16363636363636364,0.4603960396039604,0.07627118644067797,,,,,
0,Family,PersonWithASibling,50,0_0_0,0.0,0.0,0.0,0.6435643564356436,0.0,,,,,
0,Family,PersonWithASibling,50,0_0_1,0.027777777777777776,0.04938271604938271,0.2222222222222222,0.6188118811881188,0.02531645569620253,,,,,
0,Family,PersonWithASibling,50,0_1_0,0.0,0.0,0.0,0.6386138613861386,0.0,,,,,
0,Family,PersonWithASibling,50,1_0_0,0.8611111111111112,0.48627450980392156,0.33879781420765026,0.35148514851485146,0.32124352331606215,,,,,
0,Family,PersonWithASibling,50,1_1_1,0.125,0.14173228346456693,0.16363636363636364,0.4603960396039604,0.07627118644067797,,,,,
0,Family,PersonWithASibling,55,0_0_0,0.0,0.0,0.0,0.6435643564356436,0.0,,,,,
0,Family,PersonWithASibling,55,0_0_1,0.027777777777777776,0.04938271604938271,0.2222222222222222,0.6188118811881188,0.02531645569620253,,,,,
0,Family,PersonWithASibling,55,0_1_0,0.0,0.0,0.0,0.6386138613861386,0.0,,,,,
0,Family,PersonWithASibling,55,1_0_0,0.8611111111111112,0.48627450980392156,0.33879781420765026,0.35148514851485146,0.32124352331606215,,,,,
0,Family,PersonWithASibling,55,1_1_1,0.125,0.14173228346456693,0.16363636363636364,0.4603960396039604,0.07627118644067797,,,,,
0,Family,PersonWithASibling,60,0_0_0,0.0,0.0,0.0,0.6435643564356436,0.0,,,,,
0,Family,PersonWithASibling,60,0_0_1,0.027777777777777776,0.04938271604938271,0.2222222222222222,0.6188118811881188,0.02531645569620253,,,,,
0,Family,PersonWithASibling,60,0_1_0,0.0,0.0,0.0,0.6386138613861386,0.0,,,,,
0,Family,PersonWithASibling,60,1_0_0,0.8611111111111112,0.48627450980392156,0.33879781420765026,0.35148514851485146,0.32124352331606215,,,,,
0,Family,PersonWithASibling,60,1_1_1,0.125,0.14173228346456693,0.16363636363636364,0.4603960396039604,0.07627118644067797,,,,,
0,Family,PersonWithASibling,65,0_0_0,0.0,0.0,0.0,0.6435643564356436,0.0,,,,,
0,Family,PersonWithASibling,65,0_0_1,0.027777777777777776,0.04938271604938271,0.2222222222222222,0.6188118811881188,0.02531645569620253,,,,,
0,Family,PersonWithASibling,65,0_1_0,0.0,0.0,0.0,0.6386138613861386,0.0,,,,,
0,Family,PersonWithASibling,65,1_0_0,0.8611111111111112,0.48627450980392156,0.33879781420765026,0.35148514851485146,0.32124352331606215,,,,,
0,Family,PersonWithASibling,65,1_1_1,0.125,0.14173228346456693,0.16363636363636364,0.4603960396039604,0.07627118644067797,,,,,
0,Family,PersonWithASibling,70,0_0_0,0.0,0.0,0.0,0.6435643564356436,0.0,,,,,
0,Family,PersonWithASibling,70,0_0_1,0.027777777777777776,0.04938271604938271,0.2222222222222222,0.6188118811881188,0.02531645569620253,,,,,
0,Family,PersonWithASibling,70,0_1_0,0.0,0.0,0.0,0.6386138613861386,0.0,,,,,
0,Family,PersonWithASibling,70,1_0_0,0.8611111111111112,0.48627450980392156,0.33879781420765026,0.35148514851485146,0.32124352331606215,,,,,
0,Family,PersonWithASibling,70,1_1_1,0.125,0.14173228346456693,0.16363636363636364,0.4603960396039604,0.07627118644067797,,,,,
0,Family,PersonWithASibling,75,0_0_0,0.0,0.0,0.0,0.6435643564356436,0.0,,,,,
0,Family,PersonWithASibling,75,0_0_1,0.027777777777777776,0.04938271604938271,0.2222222222222222,0.6188118811881188,0.02531645569620253,,,,,
0,Family,PersonWithASibling,75,0_1_0,0.0,0.0,0.0,0.6386138613861386,0.0,,,,,
0,Family,PersonWithASibling,75,1_0_0,0.8611111111111112,0.48627450980392156,0.33879781420765026,0.35148514851485146,0.32124352331606215,,,,,
0,Family,PersonWithASibling,75,1_1_1,0.125,0.14173228346456693,0.16363636363636364,0.4603960396039604,0.07627118644067797,,,,,
0,Family,PersonWithASibling,80,0_0_0,0.0,0.0,0.0,0.6435643564356436,0.0,,,,,
0,Family,PersonWithASibling,80,0_0_1,0.027777777777777776,0.04938271604938271,0.2222222222222222,0.6188118811881188,0.02531645569620253,,,,,
0,Family,PersonWithASibling,80,0_1_0,0.0,0.0,0.0,0.6386138613861386,0.0,,,,,
0,Family,PersonWithASibling,80,1_0_0,0.8611111111111112,0.48627450980392156,0.33879781420765026,0.35148514851485146,0.32124352331606215,,,,,
0,Family,PersonWithASibling,80,1_1_1,0.125,0.14173228346456693,0.16363636363636364,0.4603960396039604,0.07627118644067797,,,,,
0,Family,Child,0,0_0_0,0.0,0.0,0.0,0.48514851485148514,0.0,,,,,
0,Family,Child,0,0_0_1,0.009615384615384616,0.018691588785046728,0.3333333333333333,0.4801980198019802,0.009433962264150943,,,,,
0,Family,Child,0,0_1_0,0.0,0.0,0.0,0.48514851485148514,0.0,,,,,
0,Family,Child,0,1_0_0,0.8653846153846154,0.631578947368421,0.4972375690607735,0.4801980198019802,0.46153846153846156,,,,,
0,Family,Child,0,1_1_1,0.21153846153846154,0.2838709677419355,0.43137254901960786,0.4504950495049505,0.16541353383458646,,,,,
0,Family,Child,5,0_0_0,0.0,0.0,0.0,0.48514851485148514,0.0,,,,,
0,Family,Child,5,0_0_1,0.009615384615384616,0.018691588785046728,0.3333333333333333,0.4801980198019802,0.009433962264150943,,,,,
0,Family,Child,5,0_1_0,0.0,0.0,0.0,0.48514851485148514,0.0,,,,,
0,Family,Child,5,1_0_0,0.8653846153846154,0.631578947368421,0.4972375690607735,0.4801980198019802,0.46153846153846156,,,,,
0,Family,Child,5,1_1_1,0.21153846153846154,0.2838709677419355,0.43137254901960786,0.4504950495049505,0.16541353383458646,,,,,
0,Family,Child,10,0_0_0,0.0,0.0,0.0,0.48514851485148514,0.0,,,,,
0,Family,Child,10,0_0_1,0.009615384615384616,0.018691588785046728,0.3333333333333333,0.4801980198019802,0.009433962264150943,,,,,
0,Family,Child,10,0_1_0,0.0,0.0,0.0,0.48514851485148514,0.0,,,,,
0,Family,Child,10,1_0_0,0.8653846153846154,0.631578947368421,0.4972375690607735,0.4801980198019802,0.46153846153846156,,,,,
0,Family,Child,10,1_1_1,0.21153846153846154,0.2838709677419355,0.43137254901960786,0.4504950495049505,0.16541353383458646,,,,,
0,Family,Child,15,0_0_0,0.0,0.0,0.0,0.48514851485148514,0.0,,,,,
0,Family,Child,15,0_0_1,0.009615384615384616,0.018691588785046728,0.3333333333333333,0.4801980198019802,0.009433962264150943,,,,,
0,Family,Child,15,0_1_0,0.0,0.0,0.0,0.48514851485148514,0.0,,,,,
0,Family,Child,15,1_0_0,0.8653846153846154,0.631578947368421,0.4972375690607735,0.4801980198019802,0.46153846153846156,,,,,
0,Family,Child,15,1_1_1,0.21153846153846154,0.2838709677419355,0.43137254901960786,0.4504950495049505,0.16541353383458646,,,,,
0,Family,Child,20,0_0_0,0.0,0.0,0.0,0.48514851485148514,0.0,,,,,
0,Family,Child,20,0_0_1,0.009615384615384616,0.018691588785046728,0.3333333333333333,0.4801980198019802,0.009433962264150943,,,,,
0,Family,Child,20,0_1_0,0.0,0.0,0.0,0.48514851485148514,0.0,,,,,
0,Family,Child,20,1_0_0,0.8653846153846154,0.631578947368421,0.4972375690607735,0.4801980198019802,0.46153846153846156,,,,,
0,Family,Child,20,1_1_1,0.21153846153846154,0.2838709677419355,0.43137254901960786,0.4504950495049505,0.16541353383458646,,,,,
0,Family,Child,25,0_0_0,0.0,0.0,0.0,0.48514851485148514,0.0,,,,,
0,Family,Child,25,0_0_1,0.009615384615384616,0.018691588785046728,0.3333333333333333,0.4801980198019802,0.009433962264150943,,,,,
0,Family,Child,25,0_1_0,0.0,0.0,0.0,0.48514851485148514,0.0,,,,,
0,Family,Child,25,1_0_0,0.8653846153846154,0.631578947368421,0.4972375690607735,0.4801980198019802,0.46153846153846156,,,,,
0,Family,Child,25,1_1_1,0.21153846153846154,0.2838709677419355,0.43137254901960786,0.4504950495049505,0.16541353383458646,,,,,
0,Family,Child,30,0_0_0,0.0,0.0,0.0,0.48514851485148514,0.0,,,,,
0,Family,Child,30,0_0_1,0.009615384615384616,0.018691588785046728,0.3333333333333333,0.4801980198019802,0.009433962264150943,,,,,
0,Family,Child,30,0_1_0,0.0,0.0,0.0,0.48514851485148514,0.0,,,,,
0,Family,Child,30,1_0_0,0.8653846153846154,0.631578947368421,0.4972375690607735,0.4801980198019802,0.46153846153846156,,,,,
0,Family,Child,30,1_1_1,0.21153846153846154,0.2838709677419355,0.43137254901960786,0.4504950495049505,0.16541353383458646,,,,,
0,Family,Child,35,0_0_0,0.0,0.0,0.0,0.48514851485148514,0.0,,,,,
0,Family,Child,35,0_0_1,0.009615384615384616,0.018691588785046728,0.3333333333333333,0.4801980198019802,0.009433962264150943,,,,,
0,Family,Child,35,0_1_0,0.0,0.0,0.0,0.48514851485148514,0.0,,,,,
0,Family,Child,35,1_0_0,0.8653846153846154,0.631578947368421,0.4972375690607735,0.4801980198019802,0.46153846153846156,,,,,
0,Family,Child,35,1_1_1,0.21153846153846154,0.2838709677419355,0.43137254901960786,0.4504950495049505,0.16541353383458646,,,,,
0,Family,Child,40,0_0_0,0.0,0.0,0.0,0.48514851485148514,0.0,,,,,
0,Family,Child,40,0_0_1,0.009615384615384616,0.018691588785046728,0.3333333333333333,0.4801980198019802,0.009433962264150943,,,,,
0,Family,Child,40,0_1_0,0.0,0.0,0.0,0.48514851485148514,0.0,,,,,
0,Family,Child,40,1_0_0,0.8653846153846154,0.631578947368421,0.4972375690607735,0.4801980198019802,0.46153846153846156,,,,,
0,Family,Child,40,1_1_1,0.21153846153846154,0.2838709677419355,0.43137254901960786,0.4504950495049505,0.16541353383458646,,,,,
0,Family,Child,45,0_0_0,0.0,0.0,0.0,0.48514851485148514,0.0,,,,,
0,Family,Child,45,0_0_1,0.009615384615384616,0.018691588785046728,0.3333333333333333,0.4801980198019802,0.009433962264150943,,,,,
0,Family,Child,45,0_1_0,0.0,0.0,0.0,0.48514851485148514,0.0,,,,,
0,Family,Child,45,1_0_0,0.8653846153846154,0.631578947368421,0.4972375690607735,0.4801980198019802,0.46153846153846156,,,,,
0,Family,Child,45,1_1_1,0.21153846153846154,0.2838709677419355,0.43137254901960786,0.4504950495049505,0.16541353383458646,,,,,
0,Family,Child,50,0_0_0,0.0,0.0,0.0,0.48514851485148514,0.0,,,,,
0,Family,Child,50,0_0_1,0.009615384615384616,0.018691588785046728,0.3333333333333333,0.4801980198019802,0.009433962264150943,,,,,
0,Family,Child,50,0_1_0,0.0,0.0,0.0,0.48514851485148514,0.0,,,,,
0,Family,Child,50,1_0_0,0.8653846153846154,0.631578947368421,0.4972375690607735,0.4801980198019802,0.46153846153846156,,,,,
0,Family,Child,50,1_1_1,0.21153846153846154,0.2838709677419355,0.43137254901960786,0.4504950495049505,0.16541353383458646,,,,,
0,Family,Child,55,0_0_0,0.0,0.0,0.0,0.48514851485148514,0.0,,,,,
0,Family,Child,55,0_0_1,0.009615384615384616,0.018691588785046728,0.3333333333333333,0.4801980198019802,0.009433962264150943,,,,,
0,Family,Child,55,0_1_0,0.0,0.0,0.0,0.48514851485148514,0.0,,,,,
0,Family,Child,55,1_0_0,0.8653846153846154,0.631578947368421,0.4972375690607735,0.4801980198019802,0.46153846153846156,,,,,
0,Family,Child,55,1_1_1,0.21153846153846154,0.2838709677419355,0.43137254901960786,0.4504950495049505,0.16541353383458646,,,,,
0,Family,Child,60,0_0_0,0.0,0.0,0.0,0.48514851485148514,0.0,,,,,
0,Family,Child,60,0_0_1,0.009615384615384616,0.018691588785046728,0.3333333333333333,0.4801980198019802,0.009433962264150943,,,,,
0,Family,Child,60,0_1_0,0.0,0.0,0.0,0.48514851485148514,0.0,,,,,
0,Family,Child,60,1_0_0,0.8653846153846154,0.631578947368421,0.4972375690607735,0.4801980198019802,0.46153846153846156,,,,,
0,Family,Child,60,1_1_1,0.21153846153846154,0.2838709677419355,0.43137254901960786,0.4504950495049505,0.16541353383458646,,,,,
0,Family,Child,65,0_0_0,0.0,0.0,0.0,0.48514851485148514,0.0,,,,,
0,Family,Child,65,0_0_1,0.009615384615384616,0.018691588785046728,0.3333333333333333,0.4801980198019802,0.009433962264150943,,,,,
0,Family,Child,65,0_1_0,0.0,0.0,0.0,0.48514851485148514,0.0,,,,,
0,Family,Child,65,1_0_0,0.8653846153846154,0.631578947368421,0.4972375690607735,0.4801980198019802,0.46153846153846156,,,,,
0,Family,Child,65,1_1_1,0.21153846153846154,0.2838709677419355,0.43137254901960786,0.4504950495049505,0.16541353383458646,,,,,
0,Family,Child,70,0_0_0,0.0,0.0,0.0,0.48514851485148514,0.0,,,,,
0,Family,Child,70,0_0_1,0.009615384615384616,0.018691588785046728,0.3333333333333333,0.4801980198019802,0.009433962264150943,,,,,
0,Family,Child,70,0_1_0,0.0,0.0,0.0,0.48514851485148514,0.0,,,,,
0,Family,Child,70,1_0_0,0.8653846153846154,0.631578947368421,0.4972375690607735,0.4801980198019802,0.46153846153846156,,,,,
0,Family,Child,70,1_1_1,0.21153846153846154,0.2838709677419355,0.43137254901960786,0.4504950495049505,0.16541353383458646,,,,,
0,Family,Child,75,0_0_0,0.0,0.0,0.0,0.48514851485148514,0.0,,,,,
0,Family,Child,75,0_0_1,0.009615384615384616,0.018691588785046728,0.3333333333333333,0.4801980198019802,0.009433962264150943,,,,,
0,Family,Child,75,0_1_0,0.0,0.0,0.0,0.48514851485148514,0.0,,,,,
0,Family,Child,75,1_0_0,0.8653846153846154,0.631578947368421,0.4972375690607735,0.4801980198019802,0.46153846153846156,,,,,
0,Family,Child,75,1_1_1,0.21153846153846154,0.2838709677419355,0.43137254901960786,0.4504950495049505,0.16541353383458646,,,,,
0,Family,Child,80,0_0_0,0.0,0.0,0.0,0.48514851485148514,0.0,,,,,
0,Family,Child,80,0_0_1,0.009615384615384616,0.018691588785046728,0.3333333333333333,0.4801980198019802,0.009433962264150943,,,,,
0,Family,Child,80,0_1_0,0.0,0.0,0.0,0.48514851485148514,0.0,,,,,
0,Family,Child,80,1_0_0,0.8653846153846154,0.631578947368421,0.4972375690607735,0.4801980198019802,0.46153846153846156,,,,,
0,Family,Child,80,1_1_1,0.21153846153846154,0.2838709677419355,0.43137254901960786,0.4504950495049505,0.16541353383458646,,,,,
0,Family,Person,0,0_0_0,0.7623762376237624,0.8651685393258427,1.0,0.7623762376237624,0.7623762376237624,,,,,
0,Family,Person,0,0_0_1,1.0,1.0,1.0,1.0,1.0,,,,,
0,Family,Person,0,0_1_0,1.0,1.0,1.0,1.0,1.0,,,,,
0,Family,Person,0,1_0_0,1.0,1.0,1.0,1.0,1.0,,,,,
0,Family,Person,0,1_1_1,0.06435643564356436,0.12093023255813953,1.0,0.06435643564356436,0.06435643564356436,,,,,
0,Family,Person,5,0_0_0,0.7623762376237624,0.8651685393258427,1.0,0.7623762376237624,0.7623762376237624,,,,,
0,Family,Person,5,0_0_1,1.0,1.0,1.0,1.0,1.0,,,,,
0,Family,Person,5,0_1_0,0.9851485148514851,0.9925187032418953,1.0,0.9851485148514851,0.9851485148514851,,,,,
0,Family,Person,5,1_0_0,1.0,1.0,1.0,1.0,1.0,,,,,
0,Family,Person,5,1_1_1,0.26732673267326734,0.421875,1.0,0.26732673267326734,0.26732673267326734,,,,,
0,Family,Person,10,0_0_0,0.18316831683168316,0.30962343096234307,1.0,0.18316831683168316,0.18316831683168316,,,,,
0,Family,Person,10,0_0_1,0.900990099009901,0.9479166666666666,1.0,0.900990099009901,0.900990099009901,,,,,
0,Family,Person,10,0_1_0,0.900990099009901,0.9479166666666666,1.0,0.900990099009901,0.900990099009901,,,,,
0,Family,Person,10,1_0_0,1.0,1.0,1.0,1.0,1.0,,,,,
0,Family,Person,10,1_1_1,0.5495049504950495,0.7092651757188498,1.0,0.5495049504950495,0.5495049504950495,,,,,
0,Family,Person,15,0_0_0,0.21287128712871287,0.3510204081632653,1.0,0.21287128712871287,0.21287128712871287,,,,,
0,Family,Person,15,0_0_1,0.8663366336633663,0.9283819628647215,1.0,0.8663366336633663,0.8663366336633663,,,,,
0,Family,Person,15,0_1_0,0.8514851485148515,0.9197860962566845,1.0,0.8514851485148515,0.8514851485148515,,,,,
0,Family,Person,15,1_0_0,1.0,1.0,1.0,1.0,1.0,,,,,
0,Family,Person,15,1_1_1,0.21782178217821782,0.35772357723577236,1.0,0.21782178217821782,0.21782178217821782,,,,,
0,Family,Person,20,0_0_0,0.17326732673267325,0.29535864978902954,1.0,0.17326732673267325,0.17326732673267325,,,,,
0,Family,Person,20,0_0_1,0.8118811881188119,0.8961748633879781,1.0,0.8118811881188119,0.8118811881188119,,,,,
0,Family,Person,20,0_1_0,0.8118811881188119,0.8961748633879781,1.0,0.8118811881188119,0.8118811881188119,,,,,
0,Family,Person,20,1_0_0,1.0,1.0,1.0,1.0,1.0,,,,,
0,Family,Person,20,1_1_1,0.15841584158415842,0.27350427350427353,1.0,0.15841584158415842,0.15841584158415842,,,,,
0,Family,Person,25,0_0_0,0.009900990099009901,0.0196078431372549,1.0,0.009900990099009901,0.009900990099009901,,,,,
0,Family,Person,25,0_0_1,0.7524752475247525,0.8587570621468926,1.0,0.7524752475247525,0.7524752475247525,,,,,
0,Family,Person,25,0_1_0,0.8118811881188119,0.8961748633879781,1.0,0.8118811881188119,0.8118811881188119,,,,,
0,Family,Person,25,1_0_0,1.0,1.0,1.0,1.0,1.0,,,,,
0,Family,Person,25,1_1_1,0.08415841584158416,0.1552511415525114,1.0,0.08415841584158416,0.08415841584158416,,,,,
0,Family,Person,30,0_0_0,0.01485148514851485,0.02926829268292683,1.0,0.01485148514851485,0.01485148514851485,,,,,
0,Family,Person,30,0_0_1,0.7079207920792079,0.8289855072463768,1.0,0.7079207920792079,0.7079207920792079,,,,,
0,Family,Person,30,0_1_0,0.7227722772277227,0.8390804597701149,1.0,0.7227722772277227,0.7227722772277227,,,,,
0,Family,Person,30,1_0_0,1.0,1.0,1.0,1.0,1.0,,,,,
0,Family,Person,30,1_1_1,0.48514851485148514,0.6533333333333333,1.0,0.48514851485148514,0.48514851485148514,,,,,
0,Family,Person,35,0_0_0,0.0049504950495049506,0.009852216748768473,1.0,0.0049504950495049506,0.0049504950495049506,,,,,
0,Family,Person,35,0_0_1,0.6782178217821783,0.8082595870206489,1.0,0.6782178217821783,0.6782178217821783,,,,,
0,Family,Person,35,0_1_0,0.6683168316831684,0.8011869436201781,1.0,0.6683168316831684,0.6683168316831684,,,,,
0,Family,Person,35,1_0_0,1.0,1.0,1.0,1.0,1.0,,,,,
0,Family,Person,35,1_1_1,0.35148514851485146,0.5201465201465202,1.0,0.35148514851485146,0.35148514851485146,,,,,
0,Family,Person,40,0_0_0,0.0049504950495049506,0.009852216748768473,1.0,0.0049504950495049506,0.0049504950495049506,,,,,
0,Family,Person,40,0_0_1,0.6732673267326733,0.8047337278106509,1.0,0.6732673267326733,0.6732673267326733,,,,,
0,Family,Person,40,0_1_0,0.6287128712871287,0.7720364741641338,1.0,0.6287128712871287,0.6287128712871287,,,,,
0,Family,Person,40,1_0_0,1.0,1.0,1.0,1.0,1.0,,,,,
0,Family,Person,40,1_1_1,0.3564356435643564,0.5255474452554745,1.0,0.3564356435643564,0.3564356435643564,,,,,
0,Family,Person,45,0_0_0,0.0049504950495049506,0.009852216748768473,1.0,0.0049504950495049506,0.0049504950495049506,,,,,
0,Family,Person,45,0_0_1,0.6089108910891089,0.7569230769230769,1.0,0.6089108910891089,0.6089108910891089,,,,,
0,Family,Person,45,0_1_0,0.5742574257425742,0.7295597484276729,1.0,0.5742574257425742,0.5742574257425742,,,,,
0,Family,Person,45,1_0_0,1.0,1.0,1.0,1.0,1.0,,,,,
0,Family,Person,45,1_1_1,0.4158415841584158,0.5874125874125874,1.0,0.4158415841584158,0.4158415841584158,,,,,
0,Family,Person,50,0_0_0,0.0,0.0,0.0,0.0,0.0,,,,,
0,Family,Person,50,0_0_1,0.504950495049505,0.6710526315789473,1.0,0.504950495049505,0.504950495049505,,,,,
0,Family,Person,50,0_1_0,0.5,0.6666666666666666,1.0,0.5,0.5,,,,,
0,Family,Person,50,1_0_0,0.9653465346534653,0.982367758186398,1.0,0.9653465346534653,0.9653465346534653,,,,,
0,Family,Person,50,1_1_1,0.7524752475247525,0.8587570621468926,1.0,0.7524752475247525,0.7524752475247525,,,,,
0,Family,Person,55,0_0_0,0.0891089108910891,0.16363636363636364,1.0,0.0891089108910891,0.0891089108910891,,,,,
0,Family,Person,55,0_0_1,0.45544554455445546,0.6258503401360545,1.0,0.45544554455445546,0.45544554455445546,,,,,
0,Family,Person,55,0_1_0,0.4504950495049505,0.621160409556314,1.0,0.4504950495049505,0.4504950495049505,,,,,
0,Family,Person,55,1_0_0,1.0,1.0,1.0,1.0,1.0,,,,,
0,Family,Person,55,1_1_1,0.47029702970297027,0.6397306397306397,1.0,0.47029702970297027,0.47029702970297027,,,,,
0,Family,Person,60,0_0_0,0.06930693069306931,0.12962962962962962,1.0,0.06930693069306931,0.06930693069306931,,,,,
0,Family,Person,60,0_0_1,0.40594059405940597,0.5774647887323944,1.0,0.40594059405940597,0.40594059405940597,,,,,
0,Family,Person,60,0_1_0,0.5198019801980198,0.6840390879478827,1.0,0.5198019801980198,0.5198019801980198,,,,,
0,Family,Person,60,1_0_0,1.0,1.0,1.0,1.0,1.0,,,,,
0,Family,Person,60,1_1_1,0.29207920792079206,0.4521072796934866,1.0,0.29207920792079206,0.29207920792079206,,,,,
0,Family,Person,65,0_0_0,0.04950495049504951,0.09433962264150944,1.0,0.04950495049504951,0.04950495049504951,,,,,
0,Family,Person,65,0_0_1,0.35148514851485146,0.5201465201465202,1.0,0.35148514851485146,0.35148514851485146,,,,,
0,Family,Person,65,0_1_0,0.35148514851485146,0.5201465201465202,1.0,0.35148514851485146,0.35148514851485146,,,,,
0,Family,Person,65,1_0_0,0.9851485148514851,0.9925187032418953,1.0,0.9851485148514851,0.9851485148514851,,,,,
0,Family,Person,65,1_1_1,0.21287128712871287,0.3510204081632653,1.0,0.21287128712871287,0.21287128712871287,,,,,
0,Family,Person,70,0_0_0,0.0297029702970297,0.057692307692307696,1.0,0.0297029702970297,0.0297029702970297,,,,,
0,Family,Person,70,0_0_1,0.30198019801980197,0.46387832699619774,1.0,0.30198019801980197,0.30198019801980197,,,,,
0,Family,Person,70,0_1_0,0.30198019801980197,0.46387832699619774,1.0,0.30198019801980197,0.30198019801980197,,,,,
0,Family,Person,70,1_0_0,0.9752475247524752,0.9874686716791979,1.0,0.9752475247524752,0.9752475247524752,,,,,
0,Family,Person,70,1_1_1,0.36633663366336633,0.5362318840579711,1.0,0.36633663366336633,0.36633663366336633,,,,,
0,Family,Person,75,0_0_0,0.019801980198019802,0.038834951456310676,1.0,0.019801980198019802,0.019801980198019802,,,,,
0,Family,Person,75,0_0_1,0.2524752475247525,0.4031620553359684,1.0,0.2524752475247525,0.2524752475247525,,,,,
0,Family,Person,75,0_1_0,0.2722772277227723,0.4280155642023346,1.0,0.2722772277227723,0.2722772277227723,,,,,
0,Family,Person,75,1_0_0,1.0,1.0,1.0,1.0,1.0,,,,,
0,Family,Person,75,1_1_1,0.49504950495049505,0.6622516556291391,1.0,0.49504950495049505,0.49504950495049505,,,,,
0,Family,Person,80,0_0_0,0.01485148514851485,0.02926829268292683,1.0,0.01485148514851485,0.01485148514851485,,,,,
0,Family,Person,80,0_0_1,0.6287128712871287,0.7720364741641338,1.0,0.6287128712871287,0.6287128712871287,,,,,
0,Family,Person,80,0_1_0,0.6089108910891089,0.7569230769230769,1.0,0.6089108910891089,0.6089108910891089,,,,,
0,Family,Person,80,1_0_0,0.9851485148514851,0.9925187032418953,1.0,0.9851485148514851,0.9851485148514851,,,,,
0,Family,Person,80,1_1_1,0.7425742574257426,0.8522727272727273,1.0,0.7425742574257426,0.7425742574257426,,,,,
0,Family,Daughter,0,0_0_0,0.5769230769230769,0.7317073170731707,1.0,0.8910891089108911,0.5769230769230769,,,,,
0,Family,Daughter,0,0_0_1,1.0,0.7536231884057971,0.6046511627906976,0.8316831683168316,0.6046511627906976,,,,,
0,Family,Daughter,0,0_1_0,1.0,0.9811320754716981,0.9629629629629629,0.9900990099009901,0.9629629629629629,,,,,
0,Family,Daughter,0,1_0_0,1.0,0.41106719367588934,0.25870646766169153,0.2623762376237624,0.25870646766169153,,,,,
0,Family,Daughter,0,1_1_1,0.07692307692307693,0.061068702290076333,0.05063291139240506,0.3910891089108911,0.031496062992125984,,,,,
0,Family,Daughter,5,0_0_0,0.4423076923076923,0.6133333333333333,1.0,0.8564356435643564,0.4423076923076923,0.0,0.0,0.0,0.0,0.0
0,Family,Daughter,5,0_0_1,1.0,0.7878787878787878,0.65,0.8613861386138614,0.65,1.0,1.0,1.0,1.0,1.0
0,Family,Daughter,5,0_1_0,1.0,0.9811320754716981,0.9629629629629629,0.9900990099009901,0.9629629629629629,1.0,1.0,1.0,1.0,1.0
0,Family,Daughter,5,1_0_0,1.0,0.4126984126984127,0.26,0.26732673267326734,0.26,1.0,1.0,1.0,1.0,1.0
0,Family,Daughter,5,1_1_1,0.07692307692307693,0.06060606060606061,0.05,0.38613861386138615,0.03125,0.0,0.0,0.0,0.0,0.0
0,Family,Daughter,10,0_0_0,0.34615384615384615,0.5142857142857142,1.0,0.8316831683168316,0.34615384615384615,0.0,0.0,0.0,0.0,0.0
0,Family,Daughter,10,0_0_1,0.9615384615384616,0.9523809523809523,0.9433962264150944,0.9752475247524752,0.9090909090909091,0.6,0.75,1.0,0.6,0.6
0,Family,Daughter,10,0_1_0,0.9038461538461539,0.9494949494949495,1.0,0.9752475247524752,0.9038461538461539,0.0,0.0,0.0,0.0,0.0
0,Family,Daughter,10,1_0_0,1.0,0.4351464435146444,0.27807486631016043,0.3316831683168317,0.27807486631016043,1.0,1.0,1.0,1.0,1.0
0,Family,Daughter,10,1_1_1,0.09615384615384616,0.13333333333333333,0.21739130434782608,0.6782178217821783,0.07142857142857142,0.2,0.3333333333333333,1.0,0.2,0.2
0,Family,Daughter,15,0_0_0,0.3269230769230769,0.4927536231884058,1.0,0.8267326732673267,0.3269230769230769,0.0,0.0,0.0,0.0,0.0
0,Family,Daughter,15,0_0_1,0.9230769230769231,0.9504950495049505,0.9795918367346939,0.9752475247524752,0.9056603773584906,0.42857142857142855,0.6,1.0,0.42857142857142855,0.42857142857142855
0,Family,Daughter,15,0_1_0,0.8653846153846154,0.9278350515463918,1.0,0.9653465346534653,0.8653846153846154,0.0,0.0,0.0,0.0,0.0
0,Family,Daughter,15,1_0_0,1.0,0.4444444444444444,0.2857142857142857,0.3564356435643564,0.2857142857142857,1.0,1.0,1.0,1.0,1.0
0,Family,Daughter,15,1_1_1,0.15384615384615385,0.17777777777777778,0.21052631578947367,0.6336633663366337,0.0975609756097561,0.42857142857142855,0.6,1.0,0.42857142857142855,0.42857142857142855
0,Family,Daughter,20,0_0_0,0.36538461538461536,0.5352112676056338,1.0,0.8366336633663366,0.36538461538461536,0.0,0.0,0.0,0.0,0.0
0,Family,Daughter,20,0_0_1,1.0,0.6709677419354839,0.5048543689320388,0.7475247524752475,0.5048543689320388,1.0,1.0,1.0,1.0,1.0
0,Family,Daughter,20,0_1_0,0.9038461538461539,0.8545454545454545,0.8103448275862069,0.9207920792079208,0.746031746031746,0.5,0.6666666666666666,1.0,0.5,0.5
0,Family,Daughter,20,1_0_0,1.0,0.41767068273092367,0.2639593908629442,0.28217821782178215,0.2639593908629442,1.0,1.0,1.0,1.0,1.0
0,Family,Daughter,20,1_1_1,0.0,0.0,0.0,0.297029702970297,0.0,0.0,0.0,0.0,0.0,0.0
0,Family,Daughter,25,0_0_0,0.2692307692307692,0.42424242424242425,1.0,0.8118811881188119,0.2692307692307692,0.0,0.0,0.0,0.0,0.0
0,Family,Daughter,25,0_0_1,1.0,0.6666666666666666,0.5,0.7425742574257426,0.5,1.0,1.0,1.0,1.0,1.0
0,Family,Daughter,25,0_1_0,0.9038461538461539,0.8545454545454545,0.8103448275862069,0.9207920792079208,0.746031746031746,0.6153846153846154,0.7619047619047619,1.0,0.6153846153846154,0.6153846153846154
0,Family,Daughter,25,1_0_0,1.0,0.41935483870967744,0.2653061224489796,0.2871287128712871,0.2653061224489796,1.0,1.0,1.0,1.0,1.0
0,Family,Daughter,25,1_1_1,0.0,0.0,0.0,0.29207920792079206,0.0,0.0,0.0,0.0,0.0,0.0
0,Family,Daughter,30,0_0_0,0.21153846153846154,0.3492063492063492,1.0,0.7970297029702971,0.21153846153846154,0.0,0.0,0.0,0.0,0.0
0,Family,Daughter,30,0_0_1,1.0,0.6459627329192547,0.47706422018348627,0.7178217821782178,0.47706422018348627,1.0,1.0,1.0,1.0,1.0
0,Family,Daughter,30,0_1_0,0.8269230769230769,0.8113207547169812,0.7962962962962963,0.900990099009901,0.6825396825396826,0.4,0.5714285714285714,1.0,0.4,0.4
0,Family,Daughter,30,1_0_0,1.0,0.41767068273092367,0.2639593908629442,0.28217821782178215,0.2639593908629442,1.0,1.0,1.0,1.0,1.0
0,Family,Daughter,30,1_1_1,0.019230769230769232,0.014184397163120567,0.011235955056179775,0.3118811881188119,0.007142857142857143,0.06666666666666667,0.125,1.0,0.06666666666666667,0.06666666666666667
0,Family,Daughter,35,0_0_0,0.21153846153846154,0.3492063492063492,1.0,0.7970297029702971,0.21153846153846154,0.0,0.0,0.0,0.0,0.0
0,Family,Daughter,35,0_0_1,1.0,0.6540880503144654,0.48598130841121495,0.7277227722772277,0.48598130841121495,1.0,1.0,1.0,1.0,1.0
0,Family,Daughter,35,0_1_0,0.7884615384615384,0.780952380952381,0.7735849056603774,0.8861386138613861,0.640625,0.3888888888888889,0.56,1.0,0.3888888888888889,0.3888888888888889
0,Family,Daughter,35,1_0_0,1.0,0.42448979591836733,0.2694300518134715,0.30198019801980197,0.2694300518134715,1.0,1.0,1.0,1.0,1.0
0,Family,Daughter,35,1_1_1,0.038461538461538464,0.027972027972027972,0.02197802197802198,0.3118811881188119,0.014184397163120567,0.1111111111111111,0.2,1.0,0.1111111111111111,0.1111111111111111
0,Family,Daughter,40,0_0_0,0.17307692307692307,0.29508196721311475,1.0,0.7871287128712872,0.17307692307692307,0.0,0.0,0.0,0.0,0.0
0,Family,Daughter,40,0_0_1,0.9807692307692307,0.6415094339622641,0.4766355140186916,0.7178217821782178,0.4722222222222222,0.95,0.9743589743589743,1.0,0.95,0.95
0,Family,Daughter,40,0_1_0,0.7115384615384616,0.7551020408163265,0.8043478260869565,0.8811881188118812,0.6065573770491803,0.25,0.4,1.0,0.25,0.25
0,Family,Daughter,40,1_0_0,1.0,0.4262295081967213,0.2708333333333333,0.3069306930693069,0.2708333333333333,1.0,1.0,1.0,1.0,1.0
0,Family,Daughter,40,1_1_1,0.019230769230769232,0.013605442176870748,0.010526315789473684,0.28217821782178215,0.00684931506849315,0.05,0.09523809523809523,1.0,0.05,0.05
0,Family,Daughter,45,0_0_0,0.15384615384615385,0.26666666666666666,1.0,0.7821782178217822,0.15384615384615385,0.0,0.0,0.0,0.0,0.0
0,Family,Daughter,45,0_0_1,0.9807692307692307,0.6415094339622641,0.4766355140186916,0.7178217821782178,0.4722222222222222,0.9565217391304348,0.9777777777777777,1.0,0.9565217391304348,0.9565217391304348
0,Family,Daughter,45,0_1_0,0.6153846153846154,0.6881720430107527,0.7804878048780488,0.8564356435643564,0.5245901639344263,0.13043478260869565,0.23076923076923078,1.0,0.13043478260869565,0.13043478260869565
0,Family,Daughter,45,1_0_0,1.0,0.4315352697095436,0.2751322751322751,0.3217821782178218,0.2751322751322751,1.0,1.0,1.0,1.0,1.0
0,Family,Daughter,45,1_1_1,0.019230769230769232,0.013513513513513514,0.010416666666666666,0.27722772277227725,0.006802721088435374,0.043478260869565216,0.08333333333333333,1.0,0.043478260869565216,0.043478260869565216
0,Family,Daughter,50,0_0_0,0.0,0.0,0.0,0.7425742574257426,0.0,0.0,0.0,0.0,0.0,0.0
0,Family,Daughter,50,0_0_1,0.5769230769230769,0.6976744186046512,0.8823529411764706,0.8712871287128713,0.5357142857142857,0.15384615384615385,0.26666666666666666,1.0,0.15384615384615385,0.15384615384615385
0,Family,Daughter,50,0_1_0,0.5,0.6666666666666666,1.0,0.8712871287128713,0.5,0.0,0.0,0.0,0.0,0.0
0,Family,Daughter,50,1_0_0,1.0,0.4315352697095436,0.2751322751322751,0.3217821782178218,0.2751322751322751,1.0,1.0,1.0,1.0,1.0
0,Family,Daughter,50,1_1_1,0.07692307692307693,0.13333333333333333,0.5,0.7425742574257426,0.07142857142857142,0.0,0.0,0.0,0.0,0.0
0,Family,Daughter,55,0_0_0,0.0,0.0,0.0,0.7425742574257426,0.0,0.0,0.0,0.0,0.0,0.0
0,Family,Daughter,55,0_0_1,0.5384615384615384,0.6511627906976745,0.8235294117647058,0.8514851485148515,0.4827586206896552,0.14285714285714285,0.25,1.0,0.14285714285714285,0.14285714285714285
0,Family,Daughter,55,0_1_0,0.46153846153846156,0.631578947368421,1.0,0.8613861386138614,0.46153846153846156,0.0,0.0,0.0,0.0,0.0
0,Family,Daughter,55,1_0_0,1.0,0.4297520661157025,0.2736842105263158,0.31683168316831684,0.2736842105263158,1.0,1.0,1.0,1.0,1.0
0,Family,Daughter,55,1_1_1,0.07692307692307693,0.13793103448275862,0.6666666666666666,0.7524752475247525,0.07407407407407407,0.03571428571428571,0.06896551724137931,1.0,0.03571428571428571,0.03571428571428571
0,Family,Daughter,60,0_0_0,0.019230769230769232,0.03773584905660377,1.0,0.7475247524752475,0.019230769230769232,0.0,0.0,0.0,0.0,0.0
0,Family,Daughter,60,0_0_1,0.46153846153846156,0.6153846153846154,0.9230769230769231,0.8514851485148515,0.4444444444444444,0.0967741935483871,0.17647058823529413,1.0,0.0967741935483871,0.0967741935483871
0,Family,Daughter,60,0_1_0,0.40384615384615385,0.5753424657534246,1.0,0.8465346534653465,0.40384615384615385,0.0,0.0,0.0,0.0,0.0
0,Family,Daughter,60,1_0_0,1.0,0.4262295081967213,0.2708333333333333,0.3069306930693069,0.2708333333333333,1.0,1.0,1.0,1.0,1.0
0,Family,Daughter,60,1_1_1,0.28846153846153844,0.1986754966887417,0.15151515151515152,0.400990099009901,0.11029411764705882,0.22580645161290322,0.3684210526315789,1.0,0.22580645161290322,0.22580645161290322
0,Family,Daughter,65,0_0_0,0.0,0.0,0.0,0.7425742574257426,0.0,0.0,0.0,0.0,0.0,0.0
0,Family,Daughter,65,0_0_1,0.4230769230769231,0.5866666666666667,0.9565217391304348,0.8465346534653465,0.41509433962264153,0.09090909090909091,0.16666666666666666,1.0,0.09090909090909091,0.09090909090909091
0,Family,Daughter,65,0_1_0,0.36538461538461536,0.5352112676056338,1.0,0.8366336633663366,0.36538461538461536,0.0,0.0,0.0,0.0,0.0
0,Family,Daughter,65,1_0_0,1.0,0.416,0.26262626262626265,0.27722772277227725,0.26262626262626265,1.0,1.0,1.0,1.0,1.0
0,Family,Daughter,65,1_1_1,0.17307692307692307,0.13846153846153847,0.11538461538461539,0.44554455445544555,0.0743801652892562,0.15151515151515152,0.2631578947368421,1.0,0.15151515151515152,0.15151515151515152
0,Family,Daughter,70,0_0_0,0.11538461538461539,0.20689655172413793,1.0,0.7722772277227723,0.11538461538461539,0.0,0.0,0.0,0.0,0.0
0,Family,Daughter,70,0_0_1,0.7115384615384616,0.7956989247311828,0.9024390243902439,0.905940594059406,0.6607142857142857,0.5833333333333334,0.7368421052631579,1.0,0.5833333333333334,0.5833333333333334
0,Family,Daughter,70,0_1_0,0.4807692307692308,0.6172839506172839,0.8620689655172413,0.8465346534653465,0.44642857142857145,0.25,0.4,1.0,0.25,0.25
0,Family,Daughter,70,1_0_0,1.0,0.4581497797356828,0.29714285714285715,0.3910891089108911,0.29714285714285715,1.0,1.0,1.0,1.0,1.0
0,Family,Daughter,70,1_1_1,0.07692307692307693,0.07692307692307693,0.07692307692307693,0.5247524752475248,0.04,0.1111111111111111,0.2,1.0,0.1111111111111111,0.1111111111111111
0,Family,Daughter,75,0_0_0,0.17307692307692307,0.29508196721311475,1.0,0.7871287128712872,0.17307692307692307,0.0,0.0,0.0,0.0,0.0
0,Family,Daughter,75,0_0_1,0.4807692307692308,0.6493506493506493,1.0,0.8663366336633663,0.4807692307692308,0.3076923076923077,0.47058823529411764,1.0,0.3076923076923077,0.3076923076923077
0,Family,Daughter,75,0_1_0,0.38461538461538464,0.547945205479452,0.9523809523809523,0.8366336633663366,0.37735849056603776,0.1794871794871795,0.30434782608695654,1.0,0.1794871794871795,0.1794871794871795
0,Family,Daughter,75,1_0_0,1.0,0.4581497797356828,0.29714285714285715,0.3910891089108911,0.29714285714285715,1.0,1.0,1.0,1.0,1.0
0,Family,Daughter,75,1_1_1,0.07692307692307693,0.07692307692307693,0.07692307692307693,0.5247524752475248,0.04,0.10256410256410256,0.18604651162790697,1.0,0.10256410256410256,0.10256410256410256
0,Family,Daughter,80,0_0_0,0.11538461538461539,0.20689655172413793,1.0,0.7722772277227723,0.11538461538461539,0.0,0.0,0.0,0.0,0.0
0,Family,Daughter,80,0_0_1,0.46153846153846156,0.631578947368421,1.0,0.8613861386138614,0.46153846153846156,0.3170731707317073,0.48148148148148145,1.0,0.3170731707317073,0.3170731707317073
0,Family,Daughter,80,0_1_0,0.3269230769230769,0.4857142857142857,0.9444444444444444,0.8217821782178217,0.32075471698113206,0.14634146341463414,0.2553191489361702,1.0,0.14634146341463414,0.14634146341463414
0,Family,Daughter,80,1_0_0,1.0,0.4727272727272727,0.30952380952380953,0.42574257425742573,0.30952380952380953,1.0,1.0,1.0,1.0,1.0
0,Family,Daughter,80,1_1_1,0.1346153846153846,0.12962962962962962,0.125,0.5346534653465347,0.06930693069306931,0.14634146341463414,0.2553191489361702,1.0,0.14634146341463414,0.14634146341463414
0,Family,Female,0,0_0_0,0.41836734693877553,0.5899280575539568,1.0,0.7178217821782178,0.41836734693877553,,,,,
0,Family,Female,0,0_0_1,1.0,0.8412017167381974,0.725925925925926,0.8168316831683168,0.725925925925926,,,,,
0,Family,Female,0,0_1_0,1.0,0.9849246231155779,0.9702970297029703,0.9851485148514851,0.9702970297029703,,,,,
0,Family,Female,0,1_0_0,1.0,0.6533333333333333,0.48514851485148514,0.48514851485148514,0.48514851485148514,,,,,
0,Family,Female,0,1_1_1,0.12244897959183673,0.14201183431952663,0.16901408450704225,0.28217821782178215,0.07643312101910828,,,,,
0,Family,Female,5,0_0_0,0.3469387755102041,0.5151515151515151,1.0,0.6831683168316832,0.3469387755102041,,,,,
0,Family,Female,5,0_0_1,0.9897959183673469,0.8508771929824561,0.7461538461538462,0.8316831683168316,0.7404580152671756,,,,,
0,Family,Female,5,0_1_0,0.9795918367346939,0.9746192893401016,0.9696969696969697,0.9752475247524752,0.9504950495049505,,,,,
0,Family,Female,5,1_0_0,1.0,0.6533333333333333,0.48514851485148514,0.48514851485148514,0.48514851485148514,,,,,
0,Family,Female,5,1_1_1,0.15306122448979592,0.1694915254237288,0.189873417721519,0.2722772277227723,0.09259259259259259,,,,,
0,Family,Female,10,0_0_0,0.29591836734693877,0.4566929133858268,1.0,0.6584158415841584,0.29591836734693877,,,,,
0,Family,Female,10,0_0_1,0.9795918367346939,0.8888888888888888,0.8135593220338984,0.8811881188118812,0.8,,,,,
0,Family,Female,10,0_1_0,0.9591836734693877,0.9690721649484536,0.9791666666666666,0.9702970297029703,0.94,,,,,
0,Family,Female,10,1_0_0,1.0,0.6533333333333333,0.48514851485148514,0.48514851485148514,0.48514851485148514,,,,,
0,Family,Female,10,1_1_1,0.10204081632653061,0.11764705882352941,0.1388888888888889,0.25742574257425743,0.0625,,,,,
0,Family,Female,15,0_0_0,0.32653061224489793,0.49230769230769234,1.0,0.6732673267326733,0.32653061224489793,0.0,0.0,0.0,0.0,0.0
0,Family,Female,15,0_0_1,0.9693877551020408,0.8482142857142857,0.753968253968254,0.8316831683168316,0.7364341085271318,0.0,0.0,0.0,0.0,0.0
0,Family,Female,15,0_1_0,0.9183673469387755,0.9473684210526315,0.9782608695652174,0.9504950495049505,0.9,0.0,0.0,0.0,0.0,0.0
0,Family,Female,15,1_0_0,1.0,0.6533333333333333,0.48514851485148514,0.48514851485148514,0.48514851485148514,1.0,1.0,1.0,1.0,1.0
0,Family,Female,15,1_1_1,0.10204081632653061,0.11560693641618497,0.13333333333333333,0.24257425742574257,0.06134969325153374,1.0,1.0,1.0,1.0,1.0
0,Family,Female,20,0_0_0,0.3163265306122449,0.4806201550387597,1.0,0.6683168316831684,0.3163265306122449,0.0,0.0,0.0,0.0,0.0
0,Family,Female,20,0_0_1,0.9693877551020408,0.8636363636363636,0.7786885245901639,0.8514851485148515,0.76,0.0,0.0,0.0,0.0,0.0
0,Family,Female,20,0_1_0,0.9183673469387755,0.9523809523809523,0.989010989010989,0.9554455445544554,0.9090909090909091,0.0,0.0,0.0,0.0,0.0
0,Family,Female,20,1_0_0,1.0,0.6533333333333333,0.48514851485148514,0.48514851485148514,0.48514851485148514,1.0,1.0,1.0,1.0,1.0
0,Family,Female,20,1_1_1,0.12244897959183673,0.13714285714285715,0.15584415584415584,0.2524752475247525,0.0736196319018405,1.0,1.0,1.0,1.0,1.0
0,Family,Female,25,0_0_0,0.2653061224489796,0.41935483870967744,1.0,0.6435643564356436,0.2653061224489796,0.0,0.0,0.0,0.0,0.0
0,Family,Female,25,0_0_1,0.9795918367346939,0.9552238805970149,0.9320388349514563,0.9554455445544554,0.9142857142857143,1.0,1.0,1.0,1.0,1.0
0,Family,Female,25,0_1_0,0.7857142857142857,0.88,1.0,0.8960396039603961,0.7857142857142857,0.0,0.0,0.0,0.0,0.0
0,Family,Female,25,1_0_0,1.0,0.6829268292682927,0.5185185185185185,0.5495049504950495,0.5185185185185185,1.0,1.0,1.0,1.0,1.0
0,Family,Female,25,1_1_1,0.04081632653061224,0.05161290322580645,0.07017543859649122,0.2722772277227723,0.026490066225165563,0.0,0.0,0.0,0.0,0.0
0,Family,Female,30,0_0_0,0.25510204081632654,0.4065040650406504,1.0,0.6386138613861386,0.25510204081632654,0.0,0.0,0.0,0.0,0.0
0,Family,Female,30,0_0_1,0.9489795918367347,0.9489795918367347,0.9489795918367347,0.9504950495049505,0.9029126213592233,0.6666666666666666,0.8,1.0,0.6666666666666666,0.6666666666666666
0,Family,Female,30,0_1_0,0.7346938775510204,0.8470588235294118,1.0,0.8712871287128713,0.7346938775510204,0.0,0.0,0.0,0.0,0.0
0,Family,Female,30,1_0_0,0.9897959183673469,0.6953405017921147,0.5359116022099447,0.5792079207920792,0.532967032967033,1.0,1.0,1.0,1.0,1.0
0,Family,Female,30,1_1_1,0.04081632653061224,0.05333333333333334,0.07692307692307693,0.297029702970297,0.0273972602739726,0.0,0.0,0.0,0.0,0.0
0,Family,Female,35,0_0_0,0.25510204081632654,0.4065040650406504,1.0,0.6386138613861386,0.25510204081632654,0.0,0.0,0.0,0.0,0.0
0,Family,Female,35,0_0_1,0.7755102040816326,0.8587570621468926,0.9620253164556962,0.8762376237623762,0.7524752475247525,0.0,0.0,0.0,0.0,0.0
0,Family,Female,35,0_1_0,0.8367346938775511,0.9060773480662984,0.9879518072289156,0.9158415841584159,0.8282828282828283,0.0,0.0,0.0,0.0,0.0
0,Family,Female,35,1_0_0,1.0,0.765625,0.620253164556962,0.7029702970297029,0.620253164556962,1.0,1.0,1.0,1.0,1.0
0,Family,Female,35,1_1_1,0.08163265306122448,0.10526315789473684,0.14814814814814814,0.32673267326732675,0.05555555555555555,0.25,0.4,1.0,0.25,0.25
0,Family,Female,40,0_0_0,0.21428571428571427,0.35294117647058826,1.0,0.6188118811881188,0.21428571428571427,0.0,0.0,0.0,0.0,0.0
0,Family,Female,40,0_0_1,0.7653061224489796,0.8571428571428571,0.974025974025974,0.8762376237623762,0.75,0.0,0.0,0.0,0.0,0.0
0,Family,Female,40,0_1_0,0.7857142857142857,0.88,1.0,0.8960396039603961,0.7857142857142857,0.0,0.0,0.0,0.0,0.0
0,Family,Female,40,1_0_0,1.0,0.7538461538461538,0.6049382716049383,0.6831683168316832,0.6049382716049383,1.0,1.0,1.0,1.0,1.0
0,Family,Female,40,1_1_1,0.11224489795918367,0.13414634146341464,0.16666666666666666,0.297029702970297,0.0718954248366013,0.8,0.8888888888888888,1.0,0.8,0.8
0,Family,Female,45,0_0_0,0.1836734693877551,0.3103448275862069,1.0,0.6039603960396039,0.1836734693877551,0.0,0.0,0.0,0.0,0.0
0,Family,Female,45,0_0_1,0.7244897959183674,0.8402366863905325,1.0,0.8663366336633663,0.7244897959183674,0.0,0.0,0.0,0.0,0.0
0,Family,Female,45,0_1_0,0.7653061224489796,0.8670520231213873,1.0,0.8861386138613861,0.7653061224489796,0.0,0.0,0.0,0.0,0.0
0,Family,Female,45,1_0_0,1.0,0.7716535433070866,0.6282051282051282,0.7128712871287128,0.6282051282051282,1.0,1.0,1.0,1.0,1.0
0,Family,Female,45,1_1_1,0.10204081632653061,0.11695906432748537,0.136986301369863,0.2524752475247525,0.062111801242236024,0.5,0.6666666666666666,1.0,0.5,0.5
0,Family,Female,50,0_0_0,0.19387755102040816,0.3247863247863248,1.0,0.6089108910891089,0.19387755102040816,0.0,0.0,0.0,0.0,0.0
0,Family,Female,50,0_0_1,0.6836734693877551,0.8121212121212121,1.0,0.8465346534653465,0.6836734693877551,0.0,0.0,0.0,0.0,0.0
0,Family,Female,50,0_1_0,0.7551020408163265,0.8604651162790697,1.0,0.8811881188118812,0.7551020408163265,0.0,0.0,0.0,0.0,0.0
0,Family,Female,50,1_0_0,1.0,0.7686274509803922,0.6242038216560509,0.7079207920792079,0.6242038216560509,1.0,1.0,1.0,1.0,1.0
0,Family,Female,50,1_1_1,0.08163265306122448,0.09411764705882353,0.1111111111111111,0.2376237623762376,0.04938271604938271,0.5,0.6666666666666666,1.0,0.5,0.5
0,Family,Female,55,0_0_0,0.15306122448979592,0.26548672566371684,1.0,0.5891089108910891,0.15306122448979592,0.0,0.0,0.0,0.0,0.0
0,Family,Female,55,0_0_1,0.6326530612244898,0.7701863354037267,0.9841269841269841,0.8168316831683168,0.6262626262626263,0.0,0.0,0.0,0.0,0.0
0,Family,Female,55,0_1_0,0.6530612244897959,0.7901234567901234,1.0,0.8316831683168316,0.6530612244897959,0.0,0.0,0.0,0.0,0.0
0,Family,Female,55,1_0_0,0.9897959183673469,0.766798418972332,0.6258064516129033,0.7079207920792079,0.6217948717948718,0.8333333333333334,0.9090909090909091,1.0,0.8333333333333334,0.8333333333333334
0,Family,Female,55,1_1_1,0.08163265306122448,0.09467455621301775,0.11267605633802817,0.24257425742574257,0.049689440993788817,0.5,0.6666666666666666,1.0,0.5,0.5
0,Family,Female,60,0_0_0,0.12244897959183673,0.21818181818181817,1.0,0.5742574257425742,0.12244897959183673,0.0,0.0,0.0,0.0,0.0
0,Family,Female,60,0_0_1,0.5612244897959183,0.7096774193548387,0.9649122807017544,0.7772277227722773,0.55,0.0,0.0,0.0,0.0,0.0
0,Family,Female,60,0_1_0,0.6122448979591837,0.759493670886076,1.0,0.8118811881188119,0.6122448979591837,0.0,0.0,0.0,0.0,0.0
0,Family,Female,60,1_0_0,0.9897959183673469,0.7578125,0.6139240506329114,0.693069306930693,0.610062893081761,0.8333333333333334,0.9090909090909091,1.0,0.8333333333333334,0.8333333333333334
0,Family,Female,60,1_1_1,0.11224489795918367,0.12571428571428572,0.14285714285714285,0.24257425742574257,0.06707317073170732,0.6666666666666666,0.8,1.0,0.6666666666666666,0.6666666666666666
0,Family,Female,65,0_0_0,0.09183673469387756,0.16822429906542055,1.0,0.5594059405940595,0.09183673469387756,0.0,0.0,0.0,0.0,0.0
0,Family,Female,65,0_0_1,0.5,0.6533333333333333,0.9423076923076923,0.7425742574257426,0.48514851485148514,0.0,0.0,0.0,0.0,0.0
0,Family,Female,65,0_1_0,0.5204081632653061,0.6845637583892618,1.0,0.7673267326732673,0.5204081632653061,0.0,0.0,0.0,0.0,0.0
0,Family,Female,65,1_0_0,0.9795918367346939,0.7649402390438247,0.6274509803921569,0.7079207920792079,0.6193548387096774,0.7142857142857143,0.8333333333333334,1.0,0.7142857142857143,0.7142857142857143
0,Family,Female,65,1_1_1,0.12244897959183673,0.13953488372093023,0.16216216216216217,0.26732673267326734,0.075,0.42857142857142855,0.6,1.0,0.42857142857142855,0.42857142857142855
0,Family,Female,70,0_0_0,0.12244897959183673,0.21818181818181817,1.0,0.5742574257425742,0.12244897959183673,0.0,0.0,0.0,0.0,0.0
0,Family,Female,70,0_0_1,0.45918367346938777,0.6081081081081081,0.9,0.7128712871287128,0.4368932038834951,0.0,0.0,0.0,0.0,0.0
0,Family,Female,70,0_1_0,0.47959183673469385,0.6438356164383562,0.9791666666666666,0.7425742574257426,0.47474747474747475,0.0,0.0,0.0,0.0,0.0
0,Family,Female,70,1_0_0,0.9795918367346939,0.7441860465116279,0.6,0.6732673267326733,0.5925925925925926,0.7142857142857143,0.8333333333333334,1.0,0.7142857142857143,0.7142857142857143
0,Family,Female,70,1_1_1,0.12244897959183673,0.13333333333333333,0.14634146341463414,0.22772277227722773,0.07142857142857142,0.5714285714285714,0.7272727272727273,1.0,0.5714285714285714,0.5714285714285714
0,Family,Female,75,0_0_0,0.07142857142857142,0.13333333333333333,1.0,0.5495049504950495,0.07142857142857142,0.0,0.0,0.0,0.0,0.0
0,Family,Female,75,0_0_1,0.42857142857142855,0.5833333333333334,0.9130434782608695,0.7029702970297029,0.4117647058823529,0.0,0.0,0.0,0.0,0.0
0,Family,Female,75,0_1_0,0.45918367346938777,0.625,0.9782608695652174,0.7326732673267327,0.45454545454545453,0.0,0.0,0.0,0.0,0.0
0,Family,Female,75,1_0_0,0.9693877551020408,0.7307692307692307,0.5864197530864198,0.6534653465346535,0.5757575757575758,0.75,0.8571428571428571,1.0,0.75,0.75
0,Family,Female,75,1_1_1,0.12244897959183673,0.13559322033898305,0.1518987341772152,0.24257425742574257,0.07272727272727272,0.25,0.4,1.0,0.25,0.25
0,Family,Female,80,0_0_0,0.05102040816326531,0.0970873786407767,1.0,0.5396039603960396,0.05102040816326531,0.0,0.0,0.0,0.0,0.0
0,Family,Female,80,0_0_1,0.3469387755102041,0.5037037037037037,0.918918918918919,0.6683168316831684,0.33663366336633666,0.0,0.0,0.0,0.0,0.0
0,Family,Female,80,0_1_0,0.3979591836734694,0.5693430656934306,1.0,0.7079207920792079,0.3979591836734694,0.0,0.0,0.0,0.0,0.0
0,Family,Female,80,1_0_0,0.8673469387755102,0.7623318385650224,0.68,0.7376237623762376,0.6159420289855072,0.4444444444444444,0.6153846153846154,1.0,0.4444444444444444,0.4444444444444444
0,Family,Female,80,1_1_1,0.11224489795918367,0.13253012048192772,0.16176470588235295,0.2871287128712871,0.07096774193548387,0.3333333333333333,0.5,1.0,0.3333333333333333,0.3333333333333333
0,Family,Father,0,0_0_0,0.06666666666666667,0.125,1.0,0.7227722772277227,0.06666666666666667,,,,,
0,Family,Father,0,0_0_1,1.0,0.7792207792207793,0.6382978723404256,0.8316831683168316,0.6382978723404256,,,,,
0,Family,Father,0,0_1_0,1.0,0.9917355371900827,0.9836065573770492,0.995049504950495,0.9836065573770492,,,,,
0,Family,Father,0,1_0_0,1.0,0.5,0.3333333333333333,0.40594059405940597,0.3333333333333333,,,,,
0,Family,Father,0,1_1_1,0.0,0.0,0.0,0.36633663366336633,0.0,,,,,
0,Family,Father,5,0_0_0,0.03333333333333333,0.06451612903225806,1.0,0.7128712871287128,0.03333333333333333,0.0,0.0,0.0,0.0,0.0
0,Family,Father,5,0_0_1,0.9833333333333333,0.8194444444444444,0.7023809523809523,0.8712871287128713,0.6941176470588235,0.6666666666666666,0.8,1.0,0.6666666666666666,0.6666666666666666
0,Family,Father,5,0_1_0,0.9666666666666667,0.9747899159663865,0.9830508474576272,0.9851485148514851,0.9508196721311475,0.3333333333333333,0.5,1.0,0.3333333333333333,0.3333333333333333
0,Family,Father,5,1_0_0,1.0,0.5150214592274678,0.3468208092485549,0.4405940594059406,0.3468208092485549,1.0,1.0,1.0,1.0,1.0
0,Family,Father,5,1_1_1,0.03333333333333333,0.03007518796992481,0.0273972602739726,0.3613861386138614,0.015267175572519083,0.3333333333333333,0.5,1.0,0.3333333333333333,0.3333333333333333
0,Family,Father,10,0_0_0,0.05,0.09523809523809523,1.0,0.7178217821782178,0.05,0.0,0.0,0.0,0.0,0.0
0,Family,Father,10,0_0_1,0.9833333333333333,0.8027210884353742,0.6781609195402298,0.8564356435643564,0.6704545454545454,0.8333333333333334,0.9090909090909091,1.0,0.8333333333333334,0.8333333333333334
0,Family,Father,10,0_1_0,0.9166666666666666,0.9482758620689655,0.9821428571428571,0.9702970297029703,0.9016393442622951,0.16666666666666666,0.2857142857142857,1.0,0.16666666666666666,0.16666666666666666
0,Family,Father,10,1_0_0,1.0,0.5128205128205128,0.3448275862068966,0.43564356435643564,0.3448275862068966,1.0,1.0,1.0,1.0,1.0
0,Family,Father,10,1_1_1,0.0,0.0,0.0,0.3564356435643564,0.0,0.0,0.0,0.0,0.0,0.0
0,Family,Father,15,0_0_0,0.016666666666666666,0.03278688524590164,1.0,0.7079207920792079,0.016666666666666666,0.0,0.0,0.0,0.0,0.0
0,Family,Father,15,0_0_1,0.9666666666666667,0.8,0.6823529411764706,0.8564356435643564,0.6666666666666666,0.7777777777777778,0.875,1.0,0.7777777777777778,0.7777777777777778
0,Family,Father,15,0_1_0,0.8666666666666667,0.9203539823008849,0.9811320754716981,0.9554455445544554,0.8524590163934426,0.1111111111111111,0.2,1.0,0.1111111111111111,0.1111111111111111
0,Family,Father,15,1_0_0,1.0,0.5084745762711864,0.3409090909090909,0.42574257425742573,0.3409090909090909,1.0,1.0,1.0,1.0,1.0
0,Family,Father,15,1_1_1,0.0,0.0,0.0,0.3811881188118812,0.0,0.0,0.0,0.0,0.0,0.0
0,Family,Father,20,0_0_0,0.08333333333333333,0.15384615384615385,1.0,0.7277227722772277,0.08333333333333333,0.0,0.0,0.0,0.0,0.0
0,Family,Father,20,0_0_1,0.95,0.8085106382978723,0.7037037037037037,0.8663366336633663,0.6785714285714286,0.75,0.8571428571428571,1.0,0.75,0.75
0,Family,Father,20,0_1_0,0.8,0.8888888888888888,1.0,0.9405940594059405,0.8,0.0,0.0,0.0,0.0,0.0
0,Family,Father,20,1_0_0,1.0,0.5150214592274678,0.3468208092485549,0.4405940594059406,0.3468208092485549,1.0,1.0,1.0,1.0,1.0
0,Family,Father,20,1_1_1,0.0,0.0,0.0,0.37623762376237624,0.0,0.0,0.0,0.0,0.0,0.0
0,Family,Father,25,0_0_0,0.05,0.09523809523809523,1.0,0.7178217821782178,0.05,0.0,0.0,0.0,0.0,0.0
0,Family,Father,25,0_0_1,0.85,0.7786259541984732,0.7183098591549296,0.8564356435643564,0.6375,0.4,0.5714285714285714,1.0,0.4,0.4
0,Family,Father,25,0_1_0,0.8166666666666667,0.8909090909090909,0.98,0.9405940594059405,0.8032786885245902,0.26666666666666666,0.42105263157894735,1.0,0.26666666666666666,0.26666666666666666
0,Family,Father,25,1_0_0,1.0,0.5357142857142857,0.36585365853658536,0.48514851485148514,0.36585365853658536,1.0,1.0,1.0,1.0,1.0
0,Family,Father,25,1_1_1,0.016666666666666666,0.015625,0.014705882352941176,0.37623762376237624,0.007874015748031496,0.06666666666666667,0.125,1.0,0.06666666666666667,0.06666666666666667
0,Family,Father,30,0_0_0,0.03333333333333333,0.06451612903225806,1.0,0.7128712871287128,0.03333333333333333,0.0,0.0,0.0,0.0,0.0
0,Family,Father,30,0_0_1,0.8666666666666667,0.7761194029850746,0.7027027027027027,0.8514851485148515,0.6341463414634146,0.5555555555555556,0.7142857142857143,1.0,0.5555555555555556,0.5555555555555556
0,Family,Father,30,0_1_0,0.75,0.8490566037735849,0.9782608695652174,0.9207920792079208,0.7377049180327869,0.16666666666666666,0.2857142857142857,1.0,0.16666666666666666,0.16666666666666666
0,Family,Father,30,1_0_0,0.9833333333333333,0.5462962962962963,0.3782051282051282,0.5148514851485149,0.37579617834394907,0.9444444444444444,0.9714285714285714,1.0,0.9444444444444444,0.9444444444444444
0,Family,Father,30,1_1_1,0.05,0.043478260869565216,0.038461538461538464,0.3465346534653465,0.022222222222222223,0.1111111111111111,0.2,1.0,0.1111111111111111,0.1111111111111111
0,Family,Father,35,0_0_0,0.05,0.09523809523809523,1.0,0.7178217821782178,0.05,0.0,0.0,0.0,0.0,0.0
0,Family,Father,35,0_0_1,0.85,0.7338129496402878,0.6455696202531646,0.8168316831683168,0.5795454545454546,0.5714285714285714,0.7272727272727273,1.0,0.5714285714285714,0.5714285714285714
0,Family,Father,35,0_1_0,0.7,0.8076923076923077,0.9545454545454546,0.900990099009901,0.6774193548387096,0.14285714285714285,0.25,1.0,0.14285714285714285,0.14285714285714285
0,Family,Father,35,1_0_0,0.9666666666666667,0.5420560747663551,0.37662337662337664,0.5148514851485149,0.3717948717948718,0.9047619047619048,0.95,1.0,0.9047619047619048,0.9047619047619048
0,Family,Father,35,1_1_1,0.06666666666666667,0.056338028169014086,0.04878048780487805,0.33663366336633666,0.028985507246376812,0.19047619047619047,0.32,1.0,0.19047619047619047,0.19047619047619047
0,Family,Father,40,0_0_0,0.016666666666666666,0.03278688524590164,1.0,0.7079207920792079,0.016666666666666666,0.0,0.0,0.0,0.0,0.0
0,Family,Father,40,0_0_1,0.8166666666666667,0.7424242424242424,0.6805555555555556,0.8316831683168316,0.5903614457831325,0.5416666666666666,0.7027027027027027,1.0,0.5416666666666666,0.5416666666666666
0,Family,Father,40,0_1_0,0.6333333333333333,0.7676767676767676,0.9743589743589743,0.8861386138613861,0.6229508196721312,0.08333333333333333,0.15384615384615385,1.0,0.08333333333333333,0.08333333333333333
0,Family,Father,40,1_0_0,0.9833333333333333,0.5315315315315315,0.36419753086419754,0.48514851485148514,0.3619631901840491,0.9583333333333334,0.9787234042553191,1.0,0.9583333333333334,0.9583333333333334
0,Family,Father,40,1_1_1,0.11666666666666667,0.09523809523809523,0.08045977011494253,0.3415841584158416,0.05,0.2916666666666667,0.45161290322580644,1.0,0.2916666666666667,0.2916666666666667
0,Family,Father,45,0_0_0,0.16666666666666666,0.2857142857142857,1.0,0.7524752475247525,0.16666666666666666,0.0,0.0,0.0,0.0,0.0
0,Family,Father,45,0_0_1,0.8666666666666667,0.8253968253968254,0.7878787878787878,0.8910891089108911,0.7027027027027027,0.7037037037037037,0.8260869565217391,1.0,0.7037037037037037,0.7037037037037037
0,Family,Father,45,0_1_0,0.65,0.7878787878787878,1.0,0.8960396039603961,0.65,0.2222222222222222,0.36363636363636365,1.0,0.2222222222222222,0.2222222222222222
0,Family,Father,45,1_0_0,1.0,0.6818181818181818,0.5172413793103449,0.7227722772277227,0.5172413793103449,1.0,1.0,1.0,1.0,1.0
0,Family,Father,45,1_1_1,0.4166666666666667,0.352112676056338,0.3048780487804878,0.5445544554455446,0.21367521367521367,0.2222222222222222,0.36363636363636365,1.0,0.2222222222222222,0.2222222222222222
0,Family,Father,50,0_0_0,0.13333333333333333,0.23529411764705882,1.0,0.7425742574257426,0.13333333333333333,0.0,0.0,0.0,0.0,0.0
0,Family,Father,50,0_0_1,0.8833333333333333,0.8217054263565892,0.7681159420289855,0.8861386138613861,0.6973684210526315,0.7666666666666667,0.8679245283018868,1.0,0.7666666666666667,0.7666666666666667
0,Family,Father,50,0_1_0,0.6166666666666667,0.7628865979381443,1.0,0.8861386138613861,0.6166666666666667,0.23333333333333334,0.3783783783783784,1.0,0.23333333333333334,0.23333333333333334
0,Family,Father,50,1_0_0,1.0,0.6741573033707865,0.5084745762711864,0.7128712871287128,0.5084745762711864,1.0,1.0,1.0,1.0,1.0
0,Family,Father,50,1_1_1,0.45,0.38028169014084506,0.32926829268292684,0.5643564356435643,0.23478260869565218,0.26666666666666666,0.42105263157894735,1.0,0.26666666666666666,0.26666666666666666
0,Family,Father,55,0_0_0,0.06666666666666667,0.125,1.0,0.7227722772277227,0.06666666666666667,0.0,0.0,0.0,0.0,0.0
0,Family,Father,55,0_0_1,0.9,0.864,0.8307692307692308,0.9158415841584159,0.7605633802816901,0.8181818181818182,0.9,1.0,0.8181818181818182,0.8181818181818182
0,Family,Father,55,0_1_0,0.65,0.75,0.8863636363636364,0.8712871287128713,0.6,0.36363636363636365,0.5333333333333333,1.0,0.36363636363636365,0.36363636363636365
0,Family,Father,55,1_0_0,1.0,0.6741573033707865,0.5084745762711864,0.7128712871287128,0.5084745762711864,1.0,1.0,1.0,1.0,1.0
0,Family,Father,55,1_1_1,1.0,0.6703910614525139,0.5042016806722689,0.7079207920792079,0.5042016806722689,1.0,1.0,1.0,1.0,1.0
0,Family,Father,60,0_0_0,0.06666666666666667,0.125,1.0,0.7227722772277227,0.06666666666666667,0.0,0.0,0.0,0.0,0.0
0,Family,Father,60,0_0_1,0.8333333333333334,0.8,0.7692307692307693,0.8762376237623762,0.6666666666666666,0.7222222222222222,0.8387096774193549,1.0,0.7222222222222222,0.7222222222222222
0,Family,Father,60,0_1_0,0.6166666666666667,0.7474747474747475,0.9487179487179487,0.8762376237623762,0.5967741935483871,0.3611111111111111,0.5306122448979592,1.0,0.3611111111111111,0.3611111111111111
0,Family,Father,60,1_0_0,1.0,0.6976744186046512,0.5357142857142857,0.7425742574257426,0.5357142857142857,1.0,1.0,1.0,1.0,1.0
0,Family,Father,60,1_1_1,0.9333333333333333,0.6549707602339181,0.5045045045045045,0.7079207920792079,0.48695652173913045,0.9166666666666666,0.9565217391304348,1.0,0.9166666666666666,0.9166666666666666
0,Family,Father,65,0_0_0,0.05,0.09523809523809523,1.0,0.7178217821782178,0.05,0.0,0.0,0.0,0.0,0.0
0,Family,Father,65,0_0_1,0.8333333333333334,0.8130081300813008,0.7936507936507936,0.8861386138613861,0.684931506849315,0.7435897435897436,0.8529411764705882,1.0,0.7435897435897436,0.7435897435897436
0,Family,Father,65,0_1_0,0.6,0.6990291262135923,0.8372093023255814,0.8465346534653465,0.5373134328358209,0.38461538461538464,0.5555555555555556,1.0,0.38461538461538464,0.38461538461538464
0,Family,Father,65,1_0_0,0.9833333333333333,0.6820809248554913,0.5221238938053098,0.7277227722772277,0.5175438596491229,0.9743589743589743,0.987012987012987,1.0,0.9743589743589743,0.9743589743589743
0,Family,Father,65,1_1_1,0.9333333333333333,0.6588235294117647,0.509090909090909,0.7128712871287128,0.49122807017543857,0.9230769230769231,0.96,1.0,0.9230769230769231,0.9230769230769231
0,Family,Father,70,0_0_0,0.0,0.0,0.0,0.7029702970297029,0.0,0.0,0.0,0.0,0.0,0.0
0,Family,Father,70,0_0_1,0.5833333333333334,0.6542056074766355,0.7446808510638298,0.8168316831683168,0.4861111111111111,0.40476190476190477,0.576271186440678,1.0,0.40476190476190477,0.40476190476190477
0,Family,Father,70,0_1_0,0.7333333333333333,0.7272727272727273,0.7213114754098361,0.8366336633663366,0.5714285714285714,0.6190476190476191,0.7647058823529411,1.0,0.6190476190476191,0.6190476190476191
0,Family,Father,70,1_0_0,1.0,0.625,0.45454545454545453,0.6435643564356436,0.45454545454545453,1.0,1.0,1.0,1.0,1.0
0,Family,Father,70,1_1_1,0.6166666666666667,0.6379310344827587,0.6607142857142857,0.7920792079207921,0.46835443037974683,0.5,0.6666666666666666,1.0,0.5,0.5
0,Family,Father,75,0_0_0,0.0,0.0,0.0,0.7029702970297029,0.0,0.0,0.0,0.0,0.0,0.0
0,Family,Father,75,0_0_1,0.5333333333333333,0.6153846153846154,0.7272727272727273,0.801980198019802,0.4444444444444444,0.37777777777777777,0.5483870967741935,1.0,0.37777777777777777,0.37777777777777777
0,Family,Father,75,0_1_0,0.6333333333333333,0.6846846846846847,0.7450980392156863,0.8267326732673267,0.5205479452054794,0.5111111111111111,0.6764705882352942,1.0,0.5111111111111111,0.5111111111111111
0,Family,Father,75,1_0_0,1.0,0.6557377049180327,0.4878048780487805,0.6881188118811881,0.4878048780487805,1.0,1.0,1.0,1.0,1.0
0,Family,Father,75,1_1_1,0.5833333333333334,0.6140350877192983,0.6481481481481481,0.7821782178217822,0.4430379746835443,0.4888888888888889,0.6567164179104478,1.0,0.4888888888888889,0.4888888888888889
0,Family,Father,80,0_0_0,0.0,0.0,0.0,0.7029702970297029,0.0,0.0,0.0,0.0,0.0,0.0
0,Family,Father,80,0_0_1,0.4,0.5161290322580645,0.7272727272727273,0.7772277227722773,0.34782608695652173,0.25,0.4,1.0,0.25,0.25
0,Family,Father,80,0_1_0,0.6833333333333333,0.6833333333333333,0.6833333333333333,0.8118811881188119,0.5189873417721519,0.6041666666666666,0.7532467532467533,1.0,0.6041666666666666,0.6041666666666666
0,Family,Father,80,1_0_0,1.0,0.6857142857142857,0.5217391304347826,0.7277227722772277,0.5217391304347826,1.0,1.0,1.0,1.0,1.0
0,Family,Father,80,1_1_1,0.2833333333333333,0.3063063063063063,0.3333333333333333,0.6188118811881188,0.18085106382978725,0.16666666666666666,0.2857142857142857,1.0,0.16666666666666666,0.16666666666666666
0,Family,Parent,0,0_0_0,0.0,0.0,0.0,0.40594059405940597,0.0,,,,,
0,Family,Parent,0,0_0_1,0.1,0.18181818181818182,1.0,0.46534653465346537,0.1,,,,,
0,Family,Parent,0,0_1_0,0.0,0.0,0.0,0.40594059405940597,0.0,,,,,
0,Family,Parent,0,1_0_0,0.7333333333333333,0.7426160337552743,0.7521367521367521,0.698019801980198,0.5906040268456376,,,,,
0,Family,Parent,0,1_1_1,0.4083333333333333,0.460093896713615,0.5268817204301075,0.4306930693069307,0.29878048780487804,,,,,
0,Family,Parent,5,0_0_0,0.0,0.0,0.0,0.40594059405940597,0.0,,,,,
0,Family,Parent,5,0_0_1,0.1,0.18181818181818182,1.0,0.46534653465346537,0.1,,,,,
0,Family,Parent,5,0_1_0,0.0,0.0,0.0,0.40594059405940597,0.0,,,,,
0,Family,Parent,5,1_0_0,0.7333333333333333,0.7426160337552743,0.7521367521367521,0.698019801980198,0.5906040268456376,,,,,
0,Family,Parent,5,1_1_1,0.4083333333333333,0.460093896713615,0.5268817204301075,0.4306930693069307,0.29878048780487804,,,,,
0,Family,Parent,10,0_0_0,0.0,0.0,0.0,0.40594059405940597,0.0,,,,,
0,Family,Parent,10,0_0_1,0.1,0.18181818181818182,1.0,0.46534653465346537,0.1,,,,,
0,Family,Parent,10,0_1_0,0.0,0.0,0.0,0.40594059405940597,0.0,,,,,
0,Family,Parent,10,1_0_0,0.7333333333333333,0.7426160337552743,0.7521367521367521,0.698019801980198,0.5906040268456376,,,,,
0,Family,Parent,10,1_1_1,0.4083333333333333,0.460093896713615,0.5268817204301075,0.4306930693069307,0.29878048780487804,,,,,
0,Family,Parent,15,0_0_0,0.0,0.0,0.0,0.40594059405940597,0.0,,,,,
0,Family,Parent,15,0_0_1,0.1,0.18181818181818182,1.0,0.46534653465346537,0.1,,,,,
0,Family,Parent,15,0_1_0,0.0,0.0,0.0,0.40594059405940597,0.0,,,,,
0,Family,Parent,15,1_0_0,0.7333333333333333,0.7426160337552743,0.7521367521367521,0.698019801980198,0.5906040268456376,,,,,
0,Family,Parent,15,1_1_1,0.4083333333333333,0.460093896713615,0.5268817204301075,0.4306930693069307,0.29878048780487804,,,,,
0,Family,Parent,20,0_0_0,0.0,0.0,0.0,0.40594059405940597,0.0,,,,,
0,Family,Parent,20,0_0_1,0.1,0.18181818181818182,1.0,0.46534653465346537,0.1,,,,,
0,Family,Parent,20,0_1_0,0.0,0.0,0.0,0.40594059405940597,0.0,,,,,
0,Family,Parent,20,1_0_0,0.7333333333333333,0.7426160337552743,0.7521367521367521,0.698019801980198,0.5906040268456376,,,,,
0,Family,Parent,20,1_1_1,0.4083333333333333,0.460093896713615,0.5268817204301075,0.4306930693069307,0.29878048780487804,,,,,
0,Family,Parent,25,0_0_0,0.0,0.0,0.0,0.40594059405940597,0.0,,,,,
0,Family,Parent,25,0_0_1,0.1,0.18181818181818182,1.0,0.46534653465346537,0.1,,,,,
0,Family,Parent,25,0_1_0,0.0,0.0,0.0,0.40594059405940597,0.0,,,,,
0,Family,Parent,25,1_0_0,0.7333333333333333,0.7426160337552743,0.7521367521367521,0.698019801980198,0.5906040268456376,,,,,
0,Family,Parent,25,1_1_1,0.4083333333333333,0.460093896713615,0.5268817204301075,0.4306930693069307,0.29878048780487804,,,,,
0,Family,Parent,30,0_0_0,0.0,0.0,0.0,0.40594059405940597,0.0,,,,,
0,Family,Parent,30,0_0_1,0.1,0.18181818181818182,1.0,0.46534653465346537,0.1,,,,,
0,Family,Parent,30,0_1_0,0.0,0.0,0.0,0.40594059405940597,0.0,,,,,
0,Family,Parent,30,1_0_0,0.7333333333333333,0.7426160337552743,0.7521367521367521,0.698019801980198,0.5906040268456376,,,,,
0,Family,Parent,30,1_1_1,0.4083333333333333,0.460093896713615,0.5268817204301075,0.4306930693069307,0.29878048780487804,,,,,
0,Family,Parent,35,0_0_0,0.0,0.0,0.0,0.40594059405940597,0.0,,,,,
0,Family,Parent,35,0_0_1,0.1,0.18181818181818182,1.0,0.46534653465346537,0.1,,,,,
0,Family,Parent,35,0_1_0,0.0,0.0,0.0,0.40594059405940597,0.0,,,,,
0,Family,Parent,35,1_0_0,0.7333333333333333,0.7426160337552743,0.7521367521367521,0.698019801980198,0.5906040268456376,,,,,
0,Family,Parent,35,1_1_1,0.4083333333333333,0.460093896713615,0.5268817204301075,0.4306930693069307,0.29878048780487804,,,,,
0,Family,Parent,40,0_0_0,0.0,0.0,0.0,0.40594059405940597,0.0,,,,,
0,Family,Parent,40,0_0_1,0.1,0.18181818181818182,1.0,0.46534653465346537,0.1,,,,,
0,Family,Parent,40,0_1_0,0.0,0.0,0.0,0.40594059405940597,0.0,,,,,
0,Family,Parent,40,1_0_0,0.7333333333333333,0.7426160337552743,0.7521367521367521,0.698019801980198,0.5906040268456376,,,,,
0,Family,Parent,40,1_1_1,0.4083333333333333,0.460093896713615,0.5268817204301075,0.4306930693069307,0.29878048780487804,,,,,
0,Family,Parent,45,0_0_0,0.0,0.0,0.0,0.40594059405940597,0.0,,,,,
0,Family,Parent,45,0_0_1,0.1,0.18181818181818182,1.0,0.46534653465346537,0.1,,,,,
0,Family,Parent,45,0_1_0,0.0,0.0,0.0,0.40594059405940597,0.0,,,,,
0,Family,Parent,45,1_0_0,0.7333333333333333,0.7426160337552743,0.7521367521367521,0.698019801980198,0.5906040268456376,,,,,
0,Family,Parent,45,1_1_1,0.4083333333333333,0.460093896713615,0.5268817204301075,0.4306930693069307,0.29878048780487804,,,,,
0,Family,Parent,50,0_0_0,0.0,0.0,0.0,0.40594059405940597,0.0,,,,,
0,Family,Parent,50,0_0_1,0.1,0.18181818181818182,1.0,0.46534653465346537,0.1,,,,,
0,Family,Parent,50,0_1_0,0.0,0.0,0.0,0.40594059405940597,0.0,,,,,
0,Family,Parent,50,1_0_0,0.7333333333333333,0.7426160337552743,0.7521367521367521,0.698019801980198,0.5906040268456376,,,,,
0,Family,Parent,50,1_1_1,0.4083333333333333,0.460093896713615,0.5268817204301075,0.4306930693069307,0.29878048780487804,,,,,
0,Family,Parent,55,0_0_0,0.0,0.0,0.0,0.40594059405940597,0.0,,,,,
0,Family,Parent,55,0_0_1,0.1,0.18181818181818182,1.0,0.46534653465346537,0.1,,,,,
0,Family,Parent,55,0_1_0,0.0,0.0,0.0,0.40594059405940597,0.0,,,,,
0,Family,Parent,55,1_0_0,0.7333333333333333,0.7426160337552743,0.7521367521367521,0.698019801980198,0.5906040268456376,,,,,
0,Family,Parent,55,1_1_1,0.4083333333333333,0.460093896713615,0.5268817204301075,0.4306930693069307,0.29878048780487804,,,,,
0,Family,Parent,60,0_0_0,0.0,0.0,0.0,0.40594059405940597,0.0,,,,,
0,Family,Parent,60,0_0_1,0.1,0.18181818181818182,1.0,0.46534653465346537,0.1,,,,,
0,Family,Parent,60,0_1_0,0.0,0.0,0.0,0.40594059405940597,0.0,,,,,
0,Family,Parent,60,1_0_0,0.7333333333333333,0.7426160337552743,0.7521367521367521,0.698019801980198,0.5906040268456376,,,,,
0,Family,Parent,60,1_1_1,0.4083333333333333,0.460093896713615,0.5268817204301075,0.4306930693069307,0.29878048780487804,,,,,
0,Family,Parent,65,0_0_0,0.0,0.0,0.0,0.40594059405940597,0.0,,,,,
0,Family,Parent,65,0_0_1,0.1,0.18181818181818182,1.0,0.46534653465346537,0.1,,,,,
0,Family,Parent,65,0_1_0,0.0,0.0,0.0,0.40594059405940597,0.0,,,,,
0,Family,Parent,65,1_0_0,0.7333333333333333,0.7426160337552743,0.7521367521367521,0.698019801980198,0.5906040268456376,,,,,
0,Family,Parent,65,1_1_1,0.4083333333333333,0.460093896713615,0.5268817204301075,0.4306930693069307,0.29878048780487804,,,,,
0,Family,Parent,70,0_0_0,0.0,0.0,0.0,0.40594059405940597,0.0,,,,,
0,Family,Parent,70,0_0_1,0.1,0.18181818181818182,1.0,0.46534653465346537,0.1,,,,,
0,Family,Parent,70,0_1_0,0.0,0.0,0.0,0.40594059405940597,0.0,,,,,
0,Family,Parent,70,1_0_0,0.7333333333333333,0.7426160337552743,0.7521367521367521,0.698019801980198,0.5906040268456376,,,,,
0,Family,Parent,70,1_1_1,0.4083333333333333,0.460093896713615,0.5268817204301075,0.4306930693069307,0.29878048780487804,,,,,
0,Family,Parent,75,0_0_0,0.0,0.0,0.0,0.40594059405940597,0.0,,,,,
0,Family,Parent,75,0_0_1,0.1,0.18181818181818182,1.0,0.46534653465346537,0.1,,,,,
0,Family,Parent,75,0_1_0,0.0,0.0,0.0,0.40594059405940597,0.0,,,,,
0,Family,Parent,75,1_0_0,0.7333333333333333,0.7426160337552743,0.7521367521367521,0.698019801980198,0.5906040268456376,,,,,
0,Family,Parent,75,1_1_1,0.4083333333333333,0.460093896713615,0.5268817204301075,0.4306930693069307,0.29878048780487804,,,,,
0,Family,Parent,80,0_0_0,0.0,0.0,0.0,0.40594059405940597,0.0,,,,,
0,Family,Parent,80,0_0_1,0.1,0.18181818181818182,1.0,0.46534653465346537,0.1,,,,,
0,Family,Parent,80,0_1_0,0.0,0.0,0.0,0.40594059405940597,0.0,,,,,
0,Family,Parent,80,1_0_0,0.7333333333333333,0.7426160337552743,0.7521367521367521,0.698019801980198,0.5906040268456376,,,,,
0,Family,Parent,80,1_1_1,0.4083333333333333,0.460093896713615,0.5268817204301075,0.4306930693069307,0.29878048780487804,,,,,
0,Family,Grandchild,0,0_0_0,0.0,0.0,0.0,0.6039603960396039,0.0,,,,,
0,Family,Grandchild,0,0_0_1,0.075,0.13333333333333333,0.6,0.6138613861386139,0.07142857142857142,,,,,
0,Family,Grandchild,0,0_1_0,0.0,0.0,0.0,0.6039603960396039,0.0,,,,,
0,Family,Grandchild,0,1_0_0,0.8875,0.5419847328244275,0.3901098901098901,0.40594059405940597,0.3717277486910995,,,,,
0,Family,Grandchild,0,1_1_1,0.2875,0.2893081761006289,0.2911392405063291,0.4405940594059406,0.16911764705882354,,,,,
0,Family,Grandchild,5,0_0_0,0.0,0.0,0.0,0.6039603960396039,0.0,,,,,
0,Family,Grandchild,5,0_0_1,0.075,0.13333333333333333,0.6,0.6138613861386139,0.07142857142857142,,,,,
0,Family,Grandchild,5,0_1_0,0.0,0.0,0.0,0.6039603960396039,0.0,,,,,
0,Family,Grandchild,5,1_0_0,0.8875,0.5419847328244275,0.3901098901098901,0.40594059405940597,0.3717277486910995,,,,,
0,Family,Grandchild,5,1_1_1,0.2875,0.2893081761006289,0.2911392405063291,0.4405940594059406,0.16911764705882354,,,,,
0,Family,Grandchild,10,0_0_0,0.0,0.0,0.0,0.6039603960396039,0.0,,,,,
0,Family,Grandchild,10,0_0_1,0.075,0.13333333333333333,0.6,0.6138613861386139,0.07142857142857142,,,,,
0,Family,Grandchild,10,0_1_0,0.0,0.0,0.0,0.6039603960396039,0.0,,,,,
0,Family,Grandchild,10,1_0_0,0.8875,0.5419847328244275,0.3901098901098901,0.40594059405940597,0.3717277486910995,,,,,
0,Family,Grandchild,10,1_1_1,0.2875,0.2893081761006289,0.2911392405063291,0.4405940594059406,0.16911764705882354,,,,,
0,Family,Grandchild,15,0_0_0,0.0,0.0,0.0,0.6039603960396039,0.0,,,,,
0,Family,Grandchild,15,0_0_1,0.075,0.13333333333333333,0.6,0.6138613861386139,0.07142857142857142,,,,,
0,Family,Grandchild,15,0_1_0,0.0,0.0,0.0,0.6039603960396039,0.0,,,,,
0,Family,Grandchild,15,1_0_0,0.8875,0.5419847328244275,0.3901098901098901,0.40594059405940597,0.3717277486910995,,,,,
0,Family,Grandchild,15,1_1_1,0.2875,0.2893081761006289,0.2911392405063291,0.4405940594059406,0.16911764705882354,,,,,
0,Family,Grandchild,20,0_0_0,0.0,0.0,0.0,0.6039603960396039,0.0,,,,,
0,Family,Grandchild,20,0_0_1,0.075,0.13333333333333333,0.6,0.6138613861386139,0.07142857142857142,,,,,
0,Family,Grandchild,20,0_1_0,0.0,0.0,0.0,0.6039603960396039,0.0,,,,,
0,Family,Grandchild,20,1_0_0,0.8875,0.5419847328244275,0.3901098901098901,0.40594059405940597,0.3717277486910995,,,,,
0,Family,Grandchild,20,1_1_1,0.2875,0.2893081761006289,0.2911392405063291,0.4405940594059406,0.16911764705882354,,,,,
0,Family,Grandchild,25,0_0_0,0.0,0.0,0.0,0.6039603960396039,0.0,,,,,
0,Family,Grandchild,25,0_0_1,0.075,0.13333333333333333,0.6,0.6138613861386139,0.07142857142857142,,,,,
0,Family,Grandchild,25,0_1_0,0.0,0.0,0.0,0.6039603960396039,0.0,,,,,
0,Family,Grandchild,25,1_0_0,0.8875,0.5419847328244275,0.3901098901098901,0.40594059405940597,0.3717277486910995,,,,,
0,Family,Grandchild,25,1_1_1,0.2875,0.2893081761006289,0.2911392405063291,0.4405940594059406,0.16911764705882354,,,,,
0,Family,Grandchild,30,0_0_0,0.0,0.0,0.0,0.6039603960396039,0.0,,,,,
0,Family,Grandchild,30,0_0_1,0.075,0.13333333333333333,0.6,0.6138613861386139,0.07142857142857142,,,,,
0,Family,Grandchild,30,0_1_0,0.0,0.0,0.0,0.6039603960396039,0.0,,,,,
0,Family,Grandchild,30,1_0_0,0.8875,0.5419847328244275,0.3901098901098901,0.40594059405940597,0.3717277486910995,,,,,
0,Family,Grandchild,30,1_1_1,0.2875,0.2893081761006289,0.2911392405063291,0.4405940594059406,0.16911764705882354,,,,,
0,Family,Grandchild,35,0_0_0,0.0,0.0,0.0,0.6039603960396039,0.0,,,,,
0,Family,Grandchild,35,0_0_1,0.075,0.13333333333333333,0.6,0.6138613861386139,0.07142857142857142,,,,,
0,Family,Grandchild,35,0_1_0,0.0,0.0,0.0,0.6039603960396039,0.0,,,,,
0,Family,Grandchild,35,1_0_0,0.8875,0.5419847328244275,0.3901098901098901,0.40594059405940597,0.3717277486910995,,,,,
0,Family,Grandchild,35,1_1_1,0.2875,0.2893081761006289,0.2911392405063291,0.4405940594059406,0.16911764705882354,,,,,
0,Family,Grandchild,40,0_0_0,0.0,0.0,0.0,0.6039603960396039,0.0,,,,,
0,Family,Grandchild,40,0_0_1,0.075,0.13333333333333333,0.6,0.6138613861386139,0.07142857142857142,,,,,
0,Family,Grandchild,40,0_1_0,0.0,0.0,0.0,0.6039603960396039,0.0,,,,,
0,Family,Grandchild,40,1_0_0,0.8875,0.5419847328244275,0.3901098901098901,0.40594059405940597,0.3717277486910995,,,,,
0,Family,Grandchild,40,1_1_1,0.2875,0.2893081761006289,0.2911392405063291,0.4405940594059406,0.16911764705882354,,,,,
0,Family,Grandchild,45,0_0_0,0.0,0.0,0.0,0.6039603960396039,0.0,,,,,
0,Family,Grandchild,45,0_0_1,0.075,0.13333333333333333,0.6,0.6138613861386139,0.07142857142857142,,,,,
0,Family,Grandchild,45,0_1_0,0.0,0.0,0.0,0.6039603960396039,0.0,,,,,
0,Family,Grandchild,45,1_0_0,0.8875,0.5419847328244275,0.3901098901098901,0.40594059405940597,0.3717277486910995,,,,,
0,Family,Grandchild,45,1_1_1,0.2875,0.2893081761006289,0.2911392405063291,0.4405940594059406,0.16911764705882354,,,,,
0,Family,Grandchild,50,0_0_0,0.0,0.0,0.0,0.6039603960396039,0.0,,,,,
0,Family,Grandchild,50,0_0_1,0.075,0.13333333333333333,0.6,0.6138613861386139,0.07142857142857142,,,,,
0,Family,Grandchild,50,0_1_0,0.0,0.0,0.0,0.6039603960396039,0.0,,,,,
0,Family,Grandchild,50,1_0_0,0.8875,0.5419847328244275,0.3901098901098901,0.40594059405940597,0.3717277486910995,,,,,
0,Family,Grandchild,50,1_1_1,0.2875,0.2893081761006289,0.2911392405063291,0.4405940594059406,0.16911764705882354,,,,,
0,Family,Grandchild,55,0_0_0,0.0,0.0,0.0,0.6039603960396039,0.0,,,,,
0,Family,Grandchild,55,0_0_1,0.075,0.13333333333333333,0.6,0.6138613861386139,0.07142857142857142,,,,,
0,Family,Grandchild,55,0_1_0,0.0,0.0,0.0,0.6039603960396039,0.0,,,,,
0,Family,Grandchild,55,1_0_0,0.8875,0.5419847328244275,0.3901098901098901,0.40594059405940597,0.3717277486910995,,,,,
0,Family,Grandchild,55,1_1_1,0.2875,0.2893081761006289,0.2911392405063291,0.4405940594059406,0.16911764705882354,,,,,
0,Family,Grandchild,60,0_0_0,0.0,0.0,0.0,0.6039603960396039,0.0,,,,,
0,Family,Grandchild,60,0_0_1,0.075,0.13333333333333333,0.6,0.6138613861386139,0.07142857142857142,,,,,
0,Family,Grandchild,60,0_1_0,0.0,0.0,0.0,0.6039603960396039,0.0,,,,,
0,Family,Grandchild,60,1_0_0,0.8875,0.5419847328244275,0.3901098901098901,0.40594059405940597,0.3717277486910995,,,,,
0,Family,Grandchild,60,1_1_1,0.2875,0.2893081761006289,0.2911392405063291,0.4405940594059406,0.16911764705882354,,,,,
0,Family,Grandchild,65,0_0_0,0.0,0.0,0.0,0.6039603960396039,0.0,,,,,
0,Family,Grandchild,65,0_0_1,0.075,0.13333333333333333,0.6,0.6138613861386139,0.07142857142857142,,,,,
0,Family,Grandchild,65,0_1_0,0.0,0.0,0.0,0.6039603960396039,0.0,,,,,
0,Family,Grandchild,65,1_0_0,0.8875,0.5419847328244275,0.3901098901098901,0.40594059405940597,0.3717277486910995,,,,,
0,Family,Grandchild,65,1_1_1,0.2875,0.2893081761006289,0.2911392405063291,0.4405940594059406,0.16911764705882354,,,,,
0,Family,Grandchild,70,0_0_0,0.0,0.0,0.0,0.6039603960396039,0.0,,,,,
0,Family,Grandchild,70,0_0_1,0.075,0.13333333333333333,0.6,0.6138613861386139,0.07142857142857142,,,,,
0,Family,Grandchild,70,0_1_0,0.0,0.0,0.0,0.6039603960396039,0.0,,,,,
0,Family,Grandchild,70,1_0_0,0.8875,0.5419847328244275,0.3901098901098901,0.40594059405940597,0.3717277486910995,,,,,
0,Family,Grandchild,70,1_1_1,0.2875,0.2893081761006289,0.2911392405063291,0.4405940594059406,0.16911764705882354,,,,,
0,Family,Grandchild,75,0_0_0,0.0,0.0,0.0,0.6039603960396039,0.0,,,,,
0,Family,Grandchild,75,0_0_1,0.075,0.13333333333333333,0.6,0.6138613861386139,0.07142857142857142,,,,,
0,Family,Grandchild,75,0_1_0,0.0,0.0,0.0,0.6039603960396039,0.0,,,,,
0,Family,Grandchild,75,1_0_0,0.8875,0.5419847328244275,0.3901098901098901,0.40594059405940597,0.3717277486910995,,,,,
0,Family,Grandchild,75,1_1_1,0.2875,0.2893081761006289,0.2911392405063291,0.4405940594059406,0.16911764705882354,,,,,
0,Family,Grandchild,80,0_0_0,0.0,0.0,0.0,0.6039603960396039,0.0,,,,,
0,Family,Grandchild,80,0_0_1,0.075,0.13333333333333333,0.6,0.6138613861386139,0.07142857142857142,,,,,
0,Family,Grandchild,80,0_1_0,0.0,0.0,0.0,0.6039603960396039,0.0,,,,,
0,Family,Grandchild,80,1_0_0,0.8875,0.5419847328244275,0.3901098901098901,0.40594059405940597,0.3717277486910995,,,,,
0,Family,Grandchild,80,1_1_1,0.2875,0.2893081761006289,0.2911392405063291,0.4405940594059406,0.16911764705882354,,,,,
0,Family,Granddaughter,0,0_0_0,0.1891891891891892,0.3181818181818182,1.0,0.8514851485148515,0.1891891891891892,,,,,
0,Family,Granddaughter,0,0_0_1,1.0,0.6851851851851852,0.5211267605633803,0.8316831683168316,0.5211267605633803,,,,,
0,Family,Granddaughter,0,0_1_0,1.0,0.961038961038961,0.925,0.9851485148514851,0.925,,,,,
0,Family,Granddaughter,0,1_0_0,1.0,0.31092436974789917,0.18407960199004975,0.18811881188118812,0.18407960199004975,,,,,
0,Family,Granddaughter,0,1_1_1,0.0,0.0,0.0,0.35148514851485146,0.0,,,,,
0,Family,Granddaughter,5,0_0_0,0.05405405405405406,0.10256410256410256,1.0,0.8267326732673267,0.05405405405405406,0.0,0.0,0.0,0.0,0.0
0,Family,Granddaughter,5,0_0_1,1.0,0.7708333333333334,0.6271186440677966,0.8910891089108911,0.6271186440677966,1.0,1.0,1.0,1.0,1.0
0,Family,Granddaughter,5,0_1_0,0.972972972972973,0.9863013698630136,1.0,0.995049504950495,0.972972972972973,0.0,0.0,0.0,0.0,0.0
0,Family,Granddaughter,5,1_0_0,1.0,0.3274336283185841,0.19576719576719576,0.24752475247524752,0.19576719576719576,1.0,1.0,1.0,1.0,1.0
0,Family,Granddaughter,5,1_1_1,0.0,0.0,0.0,0.4306930693069307,0.0,0.0,0.0,0.0,0.0,0.0
0,Family,Granddaughter,10,0_0_0,0.02702702702702703,0.05263157894736842,1.0,0.8217821782178217,0.02702702702702703,0.0,0.0,0.0,0.0,0.0
0,Family,Granddaughter,10,0_0_1,1.0,0.8505747126436781,0.74,0.9356435643564357,0.74,1.0,1.0,1.0,1.0,1.0
0,Family,Granddaughter,10,0_1_0,0.972972972972973,0.8888888888888888,0.8181818181818182,0.9554455445544554,0.8,0.6666666666666666,0.8,1.0,0.6666666666666666,0.6666666666666666
0,Family,Granddaughter,10,1_0_0,1.0,0.3915343915343915,0.24342105263157895,0.4306930693069307,0.24342105263157895,1.0,1.0,1.0,1.0,1.0
0,Family,Granddaughter,10,1_1_1,0.02702702702702703,0.024096385542168676,0.021739130434782608,0.599009900990099,0.012195121951219513,0.3333333333333333,0.5,1.0,0.3333333333333333,0.3333333333333333
0,Family,Granddaughter,15,0_0_0,0.05405405405405406,0.10256410256410256,1.0,0.8267326732673267,0.05405405405405406,0.0,0.0,0.0,0.0,0.0
0,Family,Granddaughter,15,0_0_1,0.972972972972973,0.8181818181818182,0.7058823529411765,0.9207920792079208,0.6923076923076923,0.8,0.8888888888888888,1.0,0.8,0.8
0,Family,Granddaughter,15,0_1_0,0.9459459459459459,0.9210526315789473,0.8974358974358975,0.9702970297029703,0.8536585365853658,0.6,0.75,1.0,0.6,0.6
0,Family,Granddaughter,15,1_0_0,1.0,0.3756345177664975,0.23125,0.3910891089108911,0.23125,1.0,1.0,1.0,1.0,1.0
0,Family,Granddaughter,15,1_1_1,0.0,0.0,0.0,0.5099009900990099,0.0,0.0,0.0,0.0,0.0,0.0
0,Family,Granddaughter,20,0_0_0,0.05405405405405406,0.10256410256410256,1.0,0.8267326732673267,0.05405405405405406,0.0,0.0,0.0,0.0,0.0
0,Family,Granddaughter,20,0_0_1,0.9459459459459459,0.8641975308641975,0.7954545454545454,0.9455445544554455,0.7608695652173914,0.7142857142857143,0.8333333333333334,1.0,0.7142857142857143,0.7142857142857143
0,Family,Granddaughter,20,0_1_0,0.8378378378378378,0.8857142857142857,0.9393939393939394,0.9603960396039604,0.7948717948717948,0.14285714285714285,0.25,1.0,0.14285714285714285,0.14285714285714285
0,Family,Granddaughter,20,1_0_0,1.0,0.37373737373737376,0.22981366459627328,0.38613861386138615,0.22981366459627328,1.0,1.0,1.0,1.0,1.0
0,Family,Granddaughter,20,1_1_1,0.16216216216216217,0.096,0.06818181818181818,0.4405940594059406,0.05042016806722689,0.42857142857142855,0.6,1.0,0.42857142857142855,0.42857142857142855
0,Family,Granddaughter,25,0_0_0,0.05405405405405406,0.10256410256410256,1.0,0.8267326732673267,0.05405405405405406,0.0,0.0,0.0,0.0,0.0
0,Family,Granddaughter,25,0_0_1,0.9459459459459459,0.8641975308641975,0.7954545454545454,0.9455445544554455,0.7608695652173914,0.7777777777777778,0.875,1.0,0.7777777777777778,0.7777777777777778
0,Family,Granddaughter,25,0_1_0,0.8108108108108109,0.8695652173913043,0.9375,0.9554455445544554,0.7692307692307693,0.2222222222222222,0.36363636363636365,1.0,0.2222222222222222,0.2222222222222222
0,Family,Granddaughter,25,1_0_0,1.0,0.36097560975609755,0.22023809523809523,0.35148514851485146,0.22023809523809523,1.0,1.0,1.0,1.0,1.0
0,Family,Granddaughter,25,1_1_1,0.13513513513513514,0.08130081300813008,0.05813953488372093,0.4405940594059406,0.0423728813559322,0.4444444444444444,0.6153846153846154,1.0,0.4444444444444444,0.4444444444444444
0,Family,Granddaughter,30,0_0_0,0.10810810810810811,0.1951219512195122,1.0,0.8366336633663366,0.10810810810810811,0.0,0.0,0.0,0.0,0.0
0,Family,Granddaughter,30,0_0_1,0.9459459459459459,0.8333333333333334,0.7446808510638298,0.9306930693069307,0.7142857142857143,0.8181818181818182,0.9,1.0,0.8181818181818182,0.8181818181818182
0,Family,Granddaughter,30,0_1_0,0.972972972972973,0.7912087912087912,0.6666666666666666,0.905940594059406,0.6545454545454545,0.9090909090909091,0.9523809523809523,1.0,0.9090909090909091,0.9090909090909091
0,Family,Granddaughter,30,1_0_0,1.0,0.3645320197044335,0.22289156626506024,0.3613861386138614,0.22289156626506024,1.0,1.0,1.0,1.0,1.0
0,Family,Granddaughter,30,1_1_1,0.05405405405405406,0.0380952380952381,0.029411764705882353,0.5,0.019417475728155338,0.18181818181818182,0.3076923076923077,1.0,0.18181818181818182,0.18181818181818182
0,Family,Granddaughter,35,0_0_0,0.05405405405405406,0.10256410256410256,1.0,0.8267326732673267,0.05405405405405406,0.0,0.0,0.0,0.0,0.0
0,Family,Granddaughter,35,0_0_1,0.8918918918918919,0.8354430379746836,0.7857142857142857,0.9356435643564357,0.717391304347826,0.6666666666666666,0.8,1.0,0.6666666666666666,0.6666666666666666
0,Family,Granddaughter,35,0_1_0,0.8108108108108109,0.8,0.7894736842105263,0.9257425742574258,0.6666666666666666,0.4166666666666667,0.5882352941176471,1.0,0.4166666666666667,0.4166666666666667
0,Family,Granddaughter,35,1_0_0,1.0,0.34579439252336447,0.20903954802259886,0.3069306930693069,0.20903954802259886,1.0,1.0,1.0,1.0,1.0
0,Family,Granddaughter,35,1_1_1,0.10810810810810811,0.06611570247933884,0.047619047619047616,0.4405940594059406,0.03418803418803419,0.25,0.4,1.0,0.25,0.25
0,Family,Granddaughter,40,0_0_0,0.05405405405405406,0.10256410256410256,1.0,0.8267326732673267,0.05405405405405406,0.0,0.0,0.0,0.0,0.0
0,Family,Granddaughter,40,0_0_1,0.8378378378378378,0.8266666666666667,0.8157894736842105,0.9356435643564357,0.7045454545454546,0.5714285714285714,0.7272727272727273,1.0,0.5714285714285714,0.5714285714285714
0,Family,Granddaughter,40,0_1_0,0.7837837837837838,0.7945205479452054,0.8055555555555556,0.9257425742574258,0.6590909090909091,0.42857142857142855,0.6,1.0,0.42857142857142855,0.42857142857142855
0,Family,Granddaughter,40,1_0_0,1.0,0.35071090047393366,0.21264367816091953,0.3217821782178218,0.21264367816091953,1.0,1.0,1.0,1.0,1.0
0,Family,Granddaughter,40,1_1_1,0.08108108108108109,0.05042016806722689,0.036585365853658534,0.4405940594059406,0.02586206896551724,0.14285714285714285,0.25,1.0,0.14285714285714285,0.14285714285714285
0,Family,Granddaughter,45,0_0_0,0.08108108108108109,0.15,1.0,0.8316831683168316,0.08108108108108109,0.0,0.0,0.0,0.0,0.0
0,Family,Granddaughter,45,0_0_1,0.8648648648648649,0.810126582278481,0.7619047619047619,0.9257425742574258,0.6808510638297872,0.6875,0.8148148148148148,1.0,0.6875,0.6875
0,Family,Granddaughter,45,0_1_0,0.7027027027027027,0.7323943661971831,0.7647058823529411,0.905940594059406,0.5777777777777777,0.3125,0.47619047619047616,1.0,0.3125,0.3125
0,Family,Granddaughter,45,1_0_0,1.0,0.33636363636363636,0.20218579234972678,0.27722772277227725,0.20218579234972678,1.0,1.0,1.0,1.0,1.0
0,Family,Granddaughter,45,1_1_1,0.10810810810810811,0.06504065040650407,0.046511627906976744,0.4306930693069307,0.03361344537815126,0.1875,0.3157894736842105,1.0,0.1875,0.1875
0,Family,Granddaughter,50,0_0_0,0.08108108108108109,0.15,1.0,0.8316831683168316,0.08108108108108109,0.0,0.0,0.0,0.0,0.0
0,Family,Granddaughter,50,0_0_1,0.7567567567567568,0.7466666666666667,0.7368421052631579,0.905940594059406,0.5957446808510638,0.5,0.6666666666666666,1.0,0.5,0.5
0,Family,Granddaughter,50,0_1_0,0.6756756756756757,0.704225352112676,0.7352941176470589,0.8960396039603961,0.5434782608695652,0.3333333333333333,0.5,1.0,0.3333333333333333,0.3333333333333333
0,Family,Granddaughter,50,1_0_0,1.0,0.33636363636363636,0.20218579234972678,0.27722772277227725,0.20218579234972678,1.0,1.0,1.0,1.0,1.0
0,Family,Granddaughter,50,1_1_1,0.13513513513513514,0.07874015748031496,0.05555555555555555,0.4207920792079208,0.040983606557377046,0.2777777777777778,0.43478260869565216,1.0,0.2777777777777778,0.2777777777777778
0,Family,Granddaughter,55,0_0_0,0.05405405405405406,0.10256410256410256,1.0,0.8267326732673267,0.05405405405405406,0.0,0.0,0.0,0.0,0.0
0,Family,Granddaughter,55,0_0_1,0.6756756756756757,0.7246376811594203,0.78125,0.905940594059406,0.5681818181818182,0.4,0.5714285714285714,1.0,0.4,0.4
0,Family,Granddaughter,55,0_1_0,0.7027027027027027,0.611764705882353,0.5416666666666666,0.8366336633663366,0.4406779661016949,0.45,0.6206896551724138,1.0,0.45,0.45
0,Family,Granddaughter,55,1_0_0,1.0,0.3645320197044335,0.22289156626506024,0.3613861386138614,0.22289156626506024,1.0,1.0,1.0,1.0,1.0
0,Family,Granddaughter,55,1_1_1,0.08108108108108109,0.05263157894736842,0.03896103896103896,0.46534653465346537,0.02702702702702703,0.15,0.2608695652173913,1.0,0.15,0.15
0,Family,Granddaughter,60,0_0_0,0.02702702702702703,0.05263157894736842,1.0,0.8217821782178217,0.02702702702702703,0.0,0.0,0.0,0.0,0.0
0,Family,Granddaughter,60,0_0_1,0.8108108108108109,0.75,0.6976744186046512,0.900990099009901,0.6,0.6818181818181818,0.8108108108108109,1.0,0.6818181818181818,0.6818181818181818
0,Family,Granddaughter,60,0_1_0,0.6756756756756757,0.6666666666666666,0.6578947368421053,0.8762376237623762,0.5,0.45454545454545453,0.625,1.0,0.45454545454545453,0.45454545454545453
0,Family,Granddaughter,60,1_0_0,1.0,0.3681592039800995,0.22560975609756098,0.3712871287128713,0.22560975609756098,1.0,1.0,1.0,1.0,1.0
0,Family,Granddaughter,60,1_1_1,0.02702702702702703,0.017241379310344827,0.012658227848101266,0.43564356435643564,0.008695652173913044,0.045454545454545456,0.08695652173913043,1.0,0.045454545454545456,0.045454545454545456
0,Family,Granddaughter,65,0_0_0,0.02702702702702703,0.05263157894736842,1.0,0.8217821782178217,0.02702702702702703,0.0,0.0,0.0,0.0,0.0
0,Family,Granddaughter,65,0_0_1,0.40540540540540543,0.5263157894736842,0.75,0.8663366336633663,0.35714285714285715,0.08333333333333333,0.15384615384615385,1.0,0.08333333333333333,0.08333333333333333
0,Family,Granddaughter,65,0_1_0,0.4594594594594595,0.6071428571428571,0.8947368421052632,0.8910891089108911,0.4358974358974359,0.16666666666666666,0.2857142857142857,1.0,0.16666666666666666,0.16666666666666666
0,Family,Granddaughter,65,1_0_0,0.972972972972973,0.3333333333333333,0.2011173184357542,0.2871287128712871,0.2,0.9583333333333334,0.9787234042553191,1.0,0.9583333333333334,0.9583333333333334
0,Family,Granddaughter,65,1_1_1,0.0,0.0,0.0,0.5841584158415841,0.0,0.0,0.0,0.0,0.0,0.0
0,Family,Granddaughter,70,0_0_0,0.02702702702702703,0.05263157894736842,1.0,0.8217821782178217,0.02702702702702703,0.0,0.0,0.0,0.0,0.0
0,Family,Granddaughter,70,0_0_1,0.35135135135135137,0.48148148148148145,0.7647058823529411,0.8613861386138614,0.3170731707317073,0.04,0.07692307692307693,1.0,0.04,0.04
0,Family,Granddaughter,70,0_1_0,0.3783783783783784,0.5490196078431373,1.0,0.8861386138613861,0.3783783783783784,0.08,0.14814814814814814,1.0,0.08,0.08
0,Family,Granddaughter,70,1_0_0,1.0,0.33636363636363636,0.20218579234972678,0.27722772277227725,0.20218579234972678,1.0,1.0,1.0,1.0,1.0
0,Family,Granddaughter,70,1_1_1,0.0,0.0,0.0,0.5841584158415841,0.0,0.0,0.0,0.0,0.0,0.0
0,Family,Granddaughter,75,0_0_0,0.05405405405405406,0.10256410256410256,1.0,0.8267326732673267,0.05405405405405406,0.0,0.0,0.0,0.0,0.0
0,Family,Granddaughter,75,0_0_1,0.32432432432432434,0.4,0.5217391304347826,0.8217821782178217,0.25,0.07407407407407407,0.13793103448275862,1.0,0.07407407407407407,0.07407407407407407
0,Family,Granddaughter,75,0_1_0,0.40540540540540543,0.5084745762711864,0.6818181818181818,0.8564356435643564,0.3409090909090909,0.18518518518518517,0.3125,1.0,0.18518518518518517,0.18518518518518517
0,Family,Granddaughter,75,1_0_0,1.0,0.3231441048034934,0.19270833333333334,0.23267326732673269,0.19270833333333334,1.0,1.0,1.0,1.0,1.0
0,Family,Granddaughter,75,1_1_1,0.02702702702702703,0.02040816326530612,0.01639344262295082,0.5247524752475248,0.010309278350515464,0.037037037037037035,0.07142857142857142,1.0,0.037037037037037035,0.037037037037037035
0,Family,Granddaughter,80,0_0_0,0.02702702702702703,0.05263157894736842,1.0,0.8217821782178217,0.02702702702702703,0.0,0.0,0.0,0.0,0.0
0,Family,Granddaughter,80,0_0_1,0.40540540540540543,0.4411764705882353,0.4838709677419355,0.8118811881188119,0.2830188679245283,0.2413793103448276,0.3888888888888889,1.0,0.2413793103448276,0.2413793103448276
0,Family,Granddaughter,80,0_1_0,0.2702702702702703,0.38461538461538464,0.6666666666666666,0.8415841584158416,0.23809523809523808,0.06896551724137931,0.12903225806451613,1.0,0.06896551724137931,0.06896551724137931
0,Family,Granddaughter,80,1_0_0,1.0,0.36097560975609755,0.22023809523809523,0.35148514851485146,0.22023809523809523,1.0,1.0,1.0,1.0,1.0
0,Family,Granddaughter,80,1_1_1,0.10810810810810811,0.07207207207207207,0.05405405405405406,0.4900990099009901,0.037383177570093455,0.10344827586206896,0.1875,1.0,0.10344827586206896,0.10344827586206896
0,Family,Grandfather,0,0_0_0,0.6,0.75,1.0,0.9306930693069307,0.6,,,,,
0,Family,Grandfather,0,0_0_1,1.0,0.7142857142857143,0.5555555555555556,0.8613861386138614,0.5555555555555556,,,,,
0,Family,Grandfather,0,0_1_0,1.0,0.9090909090909091,0.8333333333333334,0.9653465346534653,0.8333333333333334,,,,,
0,Family,Grandfather,0,1_0_0,1.0,0.3804347826086957,0.2348993288590604,0.43564356435643564,0.2348993288590604,,,,,
0,Family,Grandfather,0,1_1_1,0.0,0.0,0.0,0.4158415841584158,0.0,,,,,
0,Family,Grandfather,5,0_0_0,0.6285714285714286,0.7719298245614035,1.0,0.9356435643564357,0.6285714285714286,0.0,0.0,0.0,0.0,0.0
0,Family,Grandfather,5,0_0_1,1.0,0.7,0.5384615384615384,0.8514851485148515,0.5384615384615384,1.0,1.0,1.0,1.0,1.0
0,Family,Grandfather,5,0_1_0,0.9714285714285714,0.8947368421052632,0.8292682926829268,0.9603960396039604,0.8095238095238095,0.0,0.0,0.0,0.0,0.0
0,Family,Grandfather,5,1_0_0,1.0,0.3723404255319149,0.22875816993464052,0.4158415841584158,0.22875816993464052,1.0,1.0,1.0,1.0,1.0
0,Family,Grandfather,5,1_1_1,0.0,0.0,0.0,0.400990099009901,0.0,0.0,0.0,0.0,0.0,0.0
0,Family,Grandfather,10,0_0_0,0.6,0.75,1.0,0.9306930693069307,0.6,0.0,0.0,0.0,0.0,0.0
0,Family,Grandfather,10,0_0_1,1.0,0.7291666666666666,0.5737704918032787,0.8712871287128713,0.5737704918032787,1.0,1.0,1.0,1.0,1.0
0,Family,Grandfather,10,0_1_0,0.9142857142857143,0.8888888888888888,0.8648648648648649,0.9603960396039604,0.8,0.0,0.0,0.0,0.0,0.0
0,Family,Grandfather,10,1_0_0,1.0,0.38461538461538464,0.23809523809523808,0.44554455445544555,0.23809523809523808,1.0,1.0,1.0,1.0,1.0
0,Family,Grandfather,10,1_1_1,0.0,0.0,0.0,0.41089108910891087,0.0,0.0,0.0,0.0,0.0,0.0
0,Family,Grandfather,15,0_0_0,0.4857142857142857,0.6538461538461539,1.0,0.9108910891089109,0.4857142857142857,0.0,0.0,0.0,0.0,0.0
0,Family,Grandfather,15,0_0_1,1.0,0.7526881720430108,0.603448275862069,0.8861386138613861,0.603448275862069,1.0,1.0,1.0,1.0,1.0
0,Family,Grandfather,15,0_1_0,0.8857142857142857,0.9253731343283582,0.96875,0.9752475247524752,0.8611111111111112,0.2,0.3333333333333333,1.0,0.2,0.2
0,Family,Grandfather,15,1_0_0,1.0,0.3645833333333333,0.2229299363057325,0.39603960396039606,0.2229299363057325,1.0,1.0,1.0,1.0,1.0
0,Family,Grandfather,15,1_1_1,0.0,0.0,0.0,0.4752475247524752,0.0,0.0,0.0,0.0,0.0,0.0
0,Family,Grandfather,20,0_0_0,0.34285714285714286,0.5106382978723404,1.0,0.8861386138613861,0.34285714285714286,0.0,0.0,0.0,0.0,0.0
0,Family,Grandfather,20,0_0_1,1.0,0.7,0.5384615384615384,0.8514851485148515,0.5384615384615384,1.0,1.0,1.0,1.0,1.0
0,Family,Grandfather,20,0_1_0,0.9714285714285714,0.8292682926829268,0.723404255319149,0.9306930693069307,0.7083333333333334,0.8571428571428571,0.9230769230769231,1.0,0.8571428571428571,0.8571428571428571
0,Family,Grandfather,20,1_0_0,1.0,0.37037037037037035,0.22727272727272727,0.41089108910891087,0.22727272727272727,1.0,1.0,1.0,1.0,1.0
0,Family,Grandfather,20,1_1_1,0.02857142857142857,0.015873015873015872,0.01098901098901099,0.38613861386138615,0.008,0.14285714285714285,0.25,1.0,0.14285714285714285,0.14285714285714285
0,Family,Grandfather,25,0_0_0,0.2857142857142857,0.4444444444444444,1.0,0.8762376237623762,0.2857142857142857,0.0,0.0,0.0,0.0,0.0
0,Family,Grandfather,25,0_0_1,1.0,0.7291666666666666,0.5737704918032787,0.8712871287128713,0.5737704918032787,1.0,1.0,1.0,1.0,1.0
0,Family,Grandfather,25,0_1_0,0.9714285714285714,0.8292682926829268,0.723404255319149,0.9306930693069307,0.7083333333333334,0.875,0.9333333333333333,1.0,0.875,0.875
0,Family,Grandfather,25,1_0_0,1.0,0.3888888888888889,0.2413793103448276,0.45544554455445546,0.2413793103448276,1.0,1.0,1.0,1.0,1.0
0,Family,Grandfather,25,1_1_1,0.05714285714285714,0.029850746268656716,0.020202020202020204,0.3564356435643564,0.015151515151515152,0.25,0.4,1.0,0.25,0.25
0,Family,Grandfather,30,0_0_0,0.2857142857142857,0.4444444444444444,1.0,0.8762376237623762,0.2857142857142857,0.0,0.0,0.0,0.0,0.0
0,Family,Grandfather,30,0_0_1,0.9714285714285714,0.7311827956989247,0.5862068965517241,0.8762376237623762,0.576271186440678,0.9,0.9473684210526315,1.0,0.9,0.9
0,Family,Grandfather,30,0_1_0,0.9142857142857143,0.8205128205128205,0.7441860465116279,0.9306930693069307,0.6956521739130435,0.7,0.8235294117647058,1.0,0.7,0.7
0,Family,Grandfather,30,1_0_0,1.0,0.3888888888888889,0.2413793103448276,0.45544554455445546,0.2413793103448276,1.0,1.0,1.0,1.0,1.0
0,Family,Grandfather,30,1_1_1,0.05714285714285714,0.03007518796992481,0.02040816326530612,0.3613861386138614,0.015267175572519083,0.2,0.3333333333333333,1.0,0.2,0.2
0,Family,Grandfather,35,0_0_0,0.0,0.0,0.0,0.8267326732673267,0.0,0.0,0.0,0.0,0.0,0.0
0,Family,Grandfather,35,0_0_1,0.9428571428571428,0.717391304347826,0.5789473684210527,0.8712871287128713,0.559322033898305,0.8333333333333334,0.9090909090909091,1.0,0.8333333333333334,0.8333333333333334
0,Family,Grandfather,35,0_1_0,0.8857142857142857,0.8732394366197183,0.8611111111111112,0.9554455445544554,0.775,0.6666666666666666,0.8,1.0,0.6666666666666666,0.6666666666666666
0,Family,Grandfather,35,1_0_0,1.0,0.3167420814479638,0.1881720430107527,0.2524752475247525,0.1881720430107527,1.0,1.0,1.0,1.0,1.0
0,Family,Grandfather,35,1_1_1,0.05714285714285714,0.03333333333333333,0.023529411764705882,0.42574257425742573,0.01694915254237288,0.16666666666666666,0.2857142857142857,1.0,0.16666666666666666,0.16666666666666666
0,Family,Grandfather,40,0_0_0,0.0,0.0,0.0,0.8267326732673267,0.0,0.0,0.0,0.0,0.0,0.0
0,Family,Grandfather,40,0_0_1,0.7714285714285715,0.675,0.6,0.8712871287128713,0.5094339622641509,0.42857142857142855,0.6,1.0,0.42857142857142855,0.42857142857142855
0,Family,Grandfather,40,0_1_0,0.6,0.7368421052631579,0.9545454545454546,0.9257425742574258,0.5833333333333334,0.0,0.0,0.0,0.0,0.0
0,Family,Grandfather,40,1_0_0,1.0,0.29535864978902954,0.17326732673267325,0.17326732673267325,0.17326732673267325,1.0,1.0,1.0,1.0,1.0
0,Family,Grandfather,40,1_1_1,0.0,0.0,0.0,0.43564356435643564,0.0,0.0,0.0,0.0,0.0,0.0
0,Family,Grandfather,45,0_0_0,0.0,0.0,0.0,0.8267326732673267,0.0,0.0,0.0,0.0,0.0,0.0
0,Family,Grandfather,45,0_0_1,0.8,0.7,0.6222222222222222,0.8811881188118812,0.5384615384615384,0.5333333333333333,0.6956521739130435,1.0,0.5333333333333333,0.5333333333333333
0,Family,Grandfather,45,0_1_0,0.5714285714285714,0.7142857142857143,0.9523809523809523,0.9207920792079208,0.5555555555555556,0.0,0.0,0.0,0.0,0.0
0,Family,Grandfather,45,1_0_0,1.0,0.29535864978902954,0.17326732673267325,0.17326732673267325,0.17326732673267325,1.0,1.0,1.0,1.0,1.0
0,Family,Grandfather,45,1_1_1,0.0,0.0,0.0,0.4405940594059406,0.0,0.0,0.0,0.0,0.0,0.0
0,Family,Grandfather,50,0_0_0,0.08571428571428572,0.15789473684210525,1.0,0.8415841584158416,0.08571428571428572,0.0,0.0,0.0,0.0,0.0
0,Family,Grandfather,50,0_0_1,0.9428571428571428,0.6285714285714286,0.4714285714285714,0.806930693069307,0.4583333333333333,0.8823529411764706,0.9375,1.0,0.8823529411764706,0.8823529411764706
0,Family,Grandfather,50,0_1_0,0.7142857142857143,0.746268656716418,0.78125,0.9158415841584159,0.5952380952380952,0.4117647058823529,0.5833333333333334,1.0,0.4117647058823529,0.4117647058823529
0,Family,Grandfather,50,1_0_0,1.0,0.29535864978902954,0.17326732673267325,0.17326732673267325,0.17326732673267325,1.0,1.0,1.0,1.0,1.0
0,Family,Grandfather,50,1_1_1,0.02857142857142857,0.016260162601626018,0.011363636363636364,0.400990099009901,0.00819672131147541,0.058823529411764705,0.1111111111111111,1.0,0.058823529411764705,0.058823529411764705
0,Family,Grandfather,55,0_0_0,0.22857142857142856,0.37209302325581395,1.0,0.8663366336633663,0.22857142857142856,0.0,0.0,0.0,0.0,0.0
0,Family,Grandfather,55,0_0_1,0.7428571428571429,0.6666666666666666,0.6046511627906976,0.8712871287128713,0.5,0.5263157894736842,0.6896551724137931,1.0,0.5263157894736842,0.5263157894736842
0,Family,Grandfather,55,0_1_0,0.5428571428571428,0.6551724137931034,0.8260869565217391,0.900990099009901,0.48717948717948717,0.15789473684210525,0.2727272727272727,1.0,0.15789473684210525,0.15789473684210525
0,Family,Grandfather,55,1_0_0,1.0,0.30303030303030304,0.17857142857142858,0.20297029702970298,0.17857142857142858,1.0,1.0,1.0,1.0,1.0
0,Family,Grandfather,55,1_1_1,0.0,0.0,0.0,0.297029702970297,0.0,0.0,0.0,0.0,0.0,0.0
0,Family,Grandfather,60,0_0_0,0.11428571428571428,0.20512820512820512,1.0,0.8465346534653465,0.11428571428571428,0.0,0.0,0.0,0.0,0.0
0,Family,Grandfather,60,0_0_1,0.8571428571428571,0.6818181818181818,0.5660377358490566,0.8613861386138614,0.5172413793103449,0.7619047619047619,0.8648648648648649,1.0,0.7619047619047619,0.7619047619047619
0,Family,Grandfather,60,0_1_0,0.6285714285714286,0.6567164179104478,0.6875,0.8861386138613861,0.4888888888888889,0.38095238095238093,0.5517241379310345,1.0,0.38095238095238093,0.38095238095238093
0,Family,Grandfather,60,1_0_0,1.0,0.3056768558951965,0.18041237113402062,0.21287128712871287,0.18041237113402062,1.0,1.0,1.0,1.0,1.0
0,Family,Grandfather,60,1_1_1,0.0,0.0,0.0,0.3217821782178218,0.0,0.0,0.0,0.0,0.0,0.0
0,Family,Grandfather,65,0_0_0,0.11428571428571428,0.20512820512820512,1.0,0.8465346534653465,0.11428571428571428,0.0,0.0,0.0,0.0,0.0
0,Family,Grandfather,65,0_0_1,0.8285714285714286,0.6373626373626373,0.5178571428571429,0.8366336633663366,0.46774193548387094,0.7272727272727273,0.8421052631578947,1.0,0.7272727272727273,0.7272727272727273
0,Family,Grandfather,65,0_1_0,0.6285714285714286,0.6666666666666666,0.7096774193548387,0.8910891089108911,0.5,0.4090909090909091,0.5806451612903226,1.0,0.4090909090909091,0.4090909090909091
0,Family,Grandfather,65,1_0_0,1.0,0.30042918454935624,0.17676767676767677,0.19306930693069307,0.17676767676767677,1.0,1.0,1.0,1.0,1.0
0,Family,Grandfather,65,1_1_1,0.0,0.0,0.0,0.3118811881188119,0.0,0.0,0.0,0.0,0.0,0.0
0,Family,Grandfather,70,0_0_0,0.14285714285714285,0.25,1.0,0.8514851485148515,0.14285714285714285,0.0,0.0,0.0,0.0,0.0
0,Family,Grandfather,70,0_0_1,0.3142857142857143,0.4782608695652174,1.0,0.8811881188118812,0.3142857142857143,0.0,0.0,0.0,0.0,0.0
0,Family,Grandfather,70,0_1_0,0.5142857142857142,0.5070422535211268,0.5,0.8267326732673267,0.33962264150943394,0.2916666666666667,0.45161290322580644,1.0,0.2916666666666667,0.2916666666666667
0,Family,Grandfather,70,1_0_0,0.8,0.45901639344262296,0.3218390804597701,0.6732673267326733,0.2978723404255319,0.7083333333333334,0.8292682926829268,1.0,0.7083333333333334,0.7083333333333334
0,Family,Grandfather,70,1_1_1,0.02857142857142857,0.014925373134328358,0.010101010101010102,0.3465346534653465,0.007518796992481203,0.041666666666666664,0.08,1.0,0.041666666666666664,0.041666666666666664
0,Family,Grandfather,75,0_0_0,0.05714285714285714,0.10810810810810811,1.0,0.8366336633663366,0.05714285714285714,0.0,0.0,0.0,0.0,0.0
0,Family,Grandfather,75,0_0_1,0.2571428571428571,0.4090909090909091,1.0,0.8712871287128713,0.2571428571428571,0.0,0.0,0.0,0.0,0.0
0,Family,Grandfather,75,0_1_0,0.4857142857142857,0.4927536231884058,0.5,0.8267326732673267,0.3269230769230769,0.3076923076923077,0.47058823529411764,1.0,0.3076923076923077,0.3076923076923077
0,Family,Grandfather,75,1_0_0,0.7428571428571429,0.43333333333333335,0.3058823529411765,0.6633663366336634,0.2765957446808511,0.6538461538461539,0.7906976744186046,1.0,0.6538461538461539,0.6538461538461539
0,Family,Grandfather,75,1_1_1,0.02857142857142857,0.015037593984962405,0.01020408163265306,0.35148514851485146,0.007575757575757576,0.038461538461538464,0.07407407407407407,1.0,0.038461538461538464,0.038461538461538464
0,Family,Grandfather,80,0_0_0,0.0,0.0,0.0,0.8267326732673267,0.0,0.0,0.0,0.0,0.0,0.0
0,Family,Grandfather,80,0_0_1,0.3142857142857143,0.44,0.7333333333333333,0.8613861386138614,0.28205128205128205,0.14285714285714285,0.25,1.0,0.14285714285714285,0.14285714285714285
0,Family,Grandfather,80,0_1_0,0.3142857142857143,0.44,0.7333333333333333,0.8613861386138614,0.28205128205128205,0.14285714285714285,0.25,1.0,0.14285714285714285,0.14285714285714285
0,Family,Grandfather,80,1_0_0,0.9142857142857143,0.5,0.34408602150537637,0.6831683168316832,0.3333333333333333,0.8928571428571429,0.9433962264150944,1.0,0.8928571428571429,0.8928571428571429
0,Family,Grandfather,80,1_1_1,1.0,0.3111111111111111,0.18421052631578946,0.23267326732673269,0.18421052631578946,1.0,1.0,1.0,1.0,1.0
0,Family,Grandparent,0,0_0_0,0.0,0.0,0.0,0.6534653465346535,0.0,,,,,
0,Family,Grandparent,0,0_0_1,0.1,0.16666666666666666,0.5,0.6534653465346535,0.09090909090909091,,,,,
0,Family,Grandparent,0,0_1_0,0.0,0.0,0.0,0.6485148514851485,0.0,,,,,
0,Family,Grandparent,0,1_0_0,1.0,0.5785123966942148,0.4069767441860465,0.49504950495049505,0.4069767441860465,,,,,
0,Family,Grandparent,0,1_1_1,0.6142857142857143,0.455026455026455,0.36134453781512604,0.4900990099009901,0.2945205479452055,,,,,
0,Family,Grandparent,5,0_0_0,0.0,0.0,0.0,0.6534653465346535,0.0,,,,,
0,Family,Grandparent,5,0_0_1,0.1,0.16666666666666666,0.5,0.6534653465346535,0.09090909090909091,,,,,
0,Family,Grandparent,5,0_1_0,0.0,0.0,0.0,0.6485148514851485,0.0,,,,,
0,Family,Grandparent,5,1_0_0,1.0,0.5785123966942148,0.4069767441860465,0.49504950495049505,0.4069767441860465,,,,,
0,Family,Grandparent,5,1_1_1,0.6142857142857143,0.455026455026455,0.36134453781512604,0.4900990099009901,0.2945205479452055,,,,,
0,Family,Grandparent,10,0_0_0,0.0,0.0,0.0,0.6534653465346535,0.0,,,,,
0,Family,Grandparent,10,0_0_1,0.1,0.16666666666666666,0.5,0.6534653465346535,0.09090909090909091,,,,,
0,Family,Grandparent,10,0_1_0,0.0,0.0,0.0,0.6485148514851485,0.0,,,,,
0,Family,Grandparent,10,1_0_0,1.0,0.5785123966942148,0.4069767441860465,0.49504950495049505,0.4069767441860465,,,,,
0,Family,Grandparent,10,1_1_1,0.6142857142857143,0.455026455026455,0.36134453781512604,0.4900990099009901,0.2945205479452055,,,,,
0,Family,Grandparent,15,0_0_0,0.0,0.0,0.0,0.6534653465346535,0.0,,,,,
0,Family,Grandparent,15,0_0_1,0.1,0.16666666666666666,0.5,0.6534653465346535,0.09090909090909091,,,,,
0,Family,Grandparent,15,0_1_0,0.0,0.0,0.0,0.6485148514851485,0.0,,,,,
0,Family,Grandparent,15,1_0_0,1.0,0.5785123966942148,0.4069767441860465,0.49504950495049505,0.4069767441860465,,,,,
0,Family,Grandparent,15,1_1_1,0.6142857142857143,0.455026455026455,0.36134453781512604,0.4900990099009901,0.2945205479452055,,,,,
0,Family,Grandparent,20,0_0_0,0.0,0.0,0.0,0.6534653465346535,0.0,,,,,
0,Family,Grandparent,20,0_0_1,0.1,0.16666666666666666,0.5,0.6534653465346535,0.09090909090909091,,,,,
0,Family,Grandparent,20,0_1_0,0.0,0.0,0.0,0.6485148514851485,0.0,,,,,
0,Family,Grandparent,20,1_0_0,1.0,0.5785123966942148,0.4069767441860465,0.49504950495049505,0.4069767441860465,,,,,
0,Family,Grandparent,20,1_1_1,0.6142857142857143,0.455026455026455,0.36134453781512604,0.4900990099009901,0.2945205479452055,,,,,
0,Family,Grandparent,25,0_0_0,0.0,0.0,0.0,0.6534653465346535,0.0,,,,,
0,Family,Grandparent,25,0_0_1,0.1,0.16666666666666666,0.5,0.6534653465346535,0.09090909090909091,,,,,
0,Family,Grandparent,25,0_1_0,0.0,0.0,0.0,0.6485148514851485,0.0,,,,,
0,Family,Grandparent,25,1_0_0,1.0,0.5785123966942148,0.4069767441860465,0.49504950495049505,0.4069767441860465,,,,,
0,Family,Grandparent,25,1_1_1,0.6142857142857143,0.455026455026455,0.36134453781512604,0.4900990099009901,0.2945205479452055,,,,,
0,Family,Grandparent,30,0_0_0,0.0,0.0,0.0,0.6534653465346535,0.0,,,,,
0,Family,Grandparent,30,0_0_1,0.1,0.16666666666666666,0.5,0.6534653465346535,0.09090909090909091,,,,,
0,Family,Grandparent,30,0_1_0,0.0,0.0,0.0,0.6485148514851485,0.0,,,,,
0,Family,Grandparent,30,1_0_0,1.0,0.5785123966942148,0.4069767441860465,0.49504950495049505,0.4069767441860465,,,,,
0,Family,Grandparent,30,1_1_1,0.6142857142857143,0.455026455026455,0.36134453781512604,0.4900990099009901,0.2945205479452055,,,,,
0,Family,Grandparent,35,0_0_0,0.0,0.0,0.0,0.6534653465346535,0.0,,,,,
0,Family,Grandparent,35,0_0_1,0.1,0.16666666666666666,0.5,0.6534653465346535,0.09090909090909091,,,,,
0,Family,Grandparent,35,0_1_0,0.0,0.0,0.0,0.6485148514851485,0.0,,,,,
0,Family,Grandparent,35,1_0_0,1.0,0.5785123966942148,0.4069767441860465,0.49504950495049505,0.4069767441860465,,,,,
0,Family,Grandparent,35,1_1_1,0.6142857142857143,0.455026455026455,0.36134453781512604,0.4900990099009901,0.2945205479452055,,,,,
0,Family,Grandparent,40,0_0_0,0.0,0.0,0.0,0.6534653465346535,0.0,,,,,
0,Family,Grandparent,40,0_0_1,0.1,0.16666666666666666,0.5,0.6534653465346535,0.09090909090909091,,,,,
0,Family,Grandparent,40,0_1_0,0.0,0.0,0.0,0.6485148514851485,0.0,,,,,
0,Family,Grandparent,40,1_0_0,1.0,0.5785123966942148,0.4069767441860465,0.49504950495049505,0.4069767441860465,,,,,
0,Family,Grandparent,40,1_1_1,0.6142857142857143,0.455026455026455,0.36134453781512604,0.4900990099009901,0.2945205479452055,,,,,
0,Family,Grandparent,45,0_0_0,0.0,0.0,0.0,0.6534653465346535,0.0,,,,,
0,Family,Grandparent,45,0_0_1,0.1,0.16666666666666666,0.5,0.6534653465346535,0.09090909090909091,,,,,
0,Family,Grandparent,45,0_1_0,0.0,0.0,0.0,0.6485148514851485,0.0,,,,,
0,Family,Grandparent,45,1_0_0,1.0,0.5785123966942148,0.4069767441860465,0.49504950495049505,0.4069767441860465,,,,,
0,Family,Grandparent,45,1_1_1,0.6142857142857143,0.455026455026455,0.36134453781512604,0.4900990099009901,0.2945205479452055,,,,,
0,Family,Grandparent,50,0_0_0,0.0,0.0,0.0,0.6534653465346535,0.0,,,,,
0,Family,Grandparent,50,0_0_1,0.1,0.16666666666666666,0.5,0.6534653465346535,0.09090909090909091,,,,,
0,Family,Grandparent,50,0_1_0,0.0,0.0,0.0,0.6485148514851485,0.0,,,,,
0,Family,Grandparent,50,1_0_0,1.0,0.5785123966942148,0.4069767441860465,0.49504950495049505,0.4069767441860465,,,,,
0,Family,Grandparent,50,1_1_1,0.6142857142857143,0.455026455026455,0.36134453781512604,0.4900990099009901,0.2945205479452055,,,,,
0,Family,Grandparent,55,0_0_0,0.0,0.0,0.0,0.6534653465346535,0.0,,,,,
0,Family,Grandparent,55,0_0_1,0.1,0.16666666666666666,0.5,0.6534653465346535,0.09090909090909091,,,,,
0,Family,Grandparent,55,0_1_0,0.0,0.0,0.0,0.6485148514851485,0.0,,,,,
0,Family,Grandparent,55,1_0_0,1.0,0.5785123966942148,0.4069767441860465,0.49504950495049505,0.4069767441860465,,,,,
0,Family,Grandparent,55,1_1_1,0.6142857142857143,0.455026455026455,0.36134453781512604,0.4900990099009901,0.2945205479452055,,,,,
0,Family,Grandparent,60,0_0_0,0.0,0.0,0.0,0.6534653465346535,0.0,,,,,
0,Family,Grandparent,60,0_0_1,0.1,0.16666666666666666,0.5,0.6534653465346535,0.09090909090909091,,,,,
0,Family,Grandparent,60,0_1_0,0.0,0.0,0.0,0.6485148514851485,0.0,,,,,
0,Family,Grandparent,60,1_0_0,1.0,0.5785123966942148,0.4069767441860465,0.49504950495049505,0.4069767441860465,,,,,
0,Family,Grandparent,60,1_1_1,0.6142857142857143,0.455026455026455,0.36134453781512604,0.4900990099009901,0.2945205479452055,,,,,
0,Family,Grandparent,65,0_0_0,0.0,0.0,0.0,0.6534653465346535,0.0,,,,,
0,Family,Grandparent,65,0_0_1,0.1,0.16666666666666666,0.5,0.6534653465346535,0.09090909090909091,,,,,
0,Family,Grandparent,65,0_1_0,0.0,0.0,0.0,0.6485148514851485,0.0,,,,,
0,Family,Grandparent,65,1_0_0,1.0,0.5785123966942148,0.4069767441860465,0.49504950495049505,0.4069767441860465,,,,,
0,Family,Grandparent,65,1_1_1,0.6142857142857143,0.455026455026455,0.36134453781512604,0.4900990099009901,0.2945205479452055,,,,,
0,Family,Grandparent,70,0_0_0,0.0,0.0,0.0,0.6534653465346535,0.0,,,,,
0,Family,Grandparent,70,0_0_1,0.1,0.16666666666666666,0.5,0.6534653465346535,0.09090909090909091,,,,,
0,Family,Grandparent,70,0_1_0,0.0,0.0,0.0,0.6485148514851485,0.0,,,,,
0,Family,Grandparent,70,1_0_0,1.0,0.5785123966942148,0.4069767441860465,0.49504950495049505,0.4069767441860465,,,,,
0,Family,Grandparent,70,1_1_1,0.6142857142857143,0.455026455026455,0.36134453781512604,0.4900990099009901,0.2945205479452055,,,,,
0,Family,Grandparent,75,0_0_0,0.0,0.0,0.0,0.6534653465346535,0.0,,,,,
0,Family,Grandparent,75,0_0_1,0.1,0.16666666666666666,0.5,0.6534653465346535,0.09090909090909091,,,,,
0,Family,Grandparent,75,0_1_0,0.0,0.0,0.0,0.6485148514851485,0.0,,,,,
0,Family,Grandparent,75,1_0_0,1.0,0.5785123966942148,0.4069767441860465,0.49504950495049505,0.4069767441860465,,,,,
0,Family,Grandparent,75,1_1_1,0.6142857142857143,0.455026455026455,0.36134453781512604,0.4900990099009901,0.2945205479452055,,,,,
0,Family,Grandparent,80,0_0_0,0.0,0.0,0.0,0.6534653465346535,0.0,,,,,
0,Family,Grandparent,80,0_0_1,0.1,0.16666666666666666,0.5,0.6534653465346535,0.09090909090909091,,,,,
0,Family,Grandparent,80,0_1_0,0.0,0.0,0.0,0.6485148514851485,0.0,,,,,
0,Family,Grandparent,80,1_0_0,1.0,0.5785123966942148,0.4069767441860465,0.49504950495049505,0.4069767441860465,,,,,
0,Family,Grandparent,80,1_1_1,0.6142857142857143,0.455026455026455,0.36134453781512604,0.4900990099009901,0.2945205479452055,,,,,
0,Family,Grandmother,0,0_0_0,0.17142857142857143,0.2926829268292683,1.0,0.8564356435643564,0.17142857142857143,,,,,
0,Family,Grandmother,0,0_0_1,1.0,0.546875,0.3763440860215054,0.7128712871287128,0.3763440860215054,,,,,
0,Family,Grandmother,0,0_1_0,1.0,0.813953488372093,0.6862745098039216,0.9207920792079208,0.6862745098039216,,,,,
0,Family,Grandmother,0,1_0_0,1.0,0.3181818181818182,0.1891891891891892,0.25742574257425743,0.1891891891891892,,,,,
0,Family,Grandmother,0,1_1_1,0.0,0.0,0.0,0.5792079207920792,0.0,,,,,
0,Family,Grandmother,5,0_0_0,0.17142857142857143,0.2926829268292683,1.0,0.8564356435643564,0.17142857142857143,0.0,0.0,0.0,0.0,0.0
0,Family,Grandmother,5,0_0_1,1.0,0.5072463768115942,0.33980582524271846,0.6633663366336634,0.33980582524271846,1.0,1.0,1.0,1.0,1.0
0,Family,Grandmother,5,0_1_0,1.0,0.8860759493670886,0.7954545454545454,0.9554455445544554,0.7954545454545454,1.0,1.0,1.0,1.0,1.0
0,Family,Grandmother,5,1_0_0,1.0,0.3056768558951965,0.18041237113402062,0.21287128712871287,0.18041237113402062,1.0,1.0,1.0,1.0,1.0
0,Family,Grandmother,5,1_1_1,0.02857142857142857,0.019417475728155338,0.014705882352941176,0.5,0.00980392156862745,0.0,0.0,0.0,0.0,0.0
0,Family,Grandmother,10,0_0_0,0.17142857142857143,0.2926829268292683,1.0,0.8564356435643564,0.17142857142857143,0.0,0.0,0.0,0.0,0.0
0,Family,Grandmother,10,0_0_1,1.0,0.5223880597014925,0.35353535353535354,0.6831683168316832,0.35353535353535354,1.0,1.0,1.0,1.0,1.0
0,Family,Grandmother,10,0_1_0,0.9428571428571428,0.868421052631579,0.8048780487804879,0.9504950495049505,0.7674418604651163,0.3333333333333333,0.5,1.0,0.3333333333333333,0.3333333333333333
0,Family,Grandmother,10,1_0_0,1.0,0.30434782608695654,0.1794871794871795,0.2079207920792079,0.1794871794871795,1.0,1.0,1.0,1.0,1.0
0,Family,Grandmother,10,1_1_1,0.08571428571428572,0.056074766355140186,0.041666666666666664,0.5,0.028846153846153848,0.0,0.0,0.0,0.0,0.0
0,Family,Grandmother,15,0_0_0,0.17142857142857143,0.2926829268292683,1.0,0.8564356435643564,0.17142857142857143,0.0,0.0,0.0,0.0,0.0
0,Family,Grandmother,15,0_0_1,1.0,0.5384615384615384,0.3684210526315789,0.7029702970297029,0.3684210526315789,1.0,1.0,1.0,1.0,1.0
0,Family,Grandmother,15,0_1_0,0.8857142857142857,0.8611111111111112,0.8378378378378378,0.9504950495049505,0.7560975609756098,0.2,0.3333333333333333,1.0,0.2,0.2
0,Family,Grandmother,15,1_0_0,1.0,0.3017241379310345,0.17766497461928935,0.19801980198019803,0.17766497461928935,1.0,1.0,1.0,1.0,1.0
0,Family,Grandmother,15,1_1_1,0.02857142857142857,0.020833333333333332,0.01639344262295082,0.5346534653465347,0.010526315789473684,0.2,0.3333333333333333,1.0,0.2,0.2
0,Family,Grandmother,20,0_0_0,0.2,0.3333333333333333,1.0,0.8613861386138614,0.2,0.0,0.0,0.0,0.0,0.0
0,Family,Grandmother,20,0_0_1,0.9714285714285714,0.6181818181818182,0.4533333333333333,0.7920792079207921,0.4473684210526316,0.8571428571428571,0.9230769230769231,1.0,0.8571428571428571,0.8571428571428571
0,Family,Grandmother,20,0_1_0,0.9142857142857143,0.8533333333333334,0.8,0.9455445544554455,0.7441860465116279,0.5714285714285714,0.7272727272727273,1.0,0.5714285714285714,0.5714285714285714
0,Family,Grandmother,20,1_0_0,1.0,0.30303030303030304,0.17857142857142858,0.20297029702970298,0.17857142857142858,1.0,1.0,1.0,1.0,1.0
0,Family,Grandmother,20,1_1_1,0.11428571428571428,0.07142857142857142,0.05194805194805195,0.48514851485148514,0.037037037037037035,0.14285714285714285,0.25,1.0,0.14285714285714285,0.14285714285714285
0,Family,Grandmother,25,0_0_0,0.17142857142857143,0.2926829268292683,1.0,0.8564356435643564,0.17142857142857143,0.0,0.0,0.0,0.0,0.0
0,Family,Grandmother,25,0_0_1,0.9142857142857143,0.5871559633027523,0.43243243243243246,0.7772277227722773,0.4155844155844156,0.625,0.7692307692307693,1.0,0.625,0.625
0,Family,Grandmother,25,0_1_0,0.8857142857142857,0.8157894736842105,0.7560975609756098,0.9306930693069307,0.6888888888888889,0.5,0.6666666666666666,1.0,0.5,0.5
0,Family,Grandmother,25,1_0_0,1.0,0.30303030303030304,0.17857142857142858,0.20297029702970298,0.17857142857142858,1.0,1.0,1.0,1.0,1.0
0,Family,Grandmother,25,1_1_1,0.05714285714285714,0.03773584905660377,0.028169014084507043,0.49504950495049505,0.019230769230769232,0.125,0.2222222222222222,1.0,0.125,0.125
0,Family,Grandmother,30,0_0_0,0.08571428571428572,0.15789473684210525,1.0,0.8415841584158416,0.08571428571428572,0.0,0.0,0.0,0.0,0.0
0,Family,Grandmother,30,0_0_1,0.9142857142857143,0.5714285714285714,0.4155844155844156,0.7623762376237624,0.4,0.7,0.8235294117647058,1.0,0.7,0.7
0,Family,Grandmother,30,0_1_0,0.8285714285714286,0.7945205479452054,0.7631578947368421,0.9257425742574258,0.6590909090909091,0.4,0.5714285714285714,1.0,0.4,0.4
0,Family,Grandmother,30,1_0_0,1.0,0.30701754385964913,0.18134715025906736,0.21782178217821782,0.18134715025906736,1.0,1.0,1.0,1.0,1.0
0,Family,Grandmother,30,1_1_1,0.11428571428571428,0.07017543859649122,0.05063291139240506,0.4752475247524752,0.03636363636363636,0.3,0.46153846153846156,1.0,0.3,0.3
0,Family,Grandmother,35,0_0_0,0.05714285714285714,0.10810810810810811,1.0,0.8366336633663366,0.05714285714285714,0.0,0.0,0.0,0.0,0.0
0,Family,Grandmother,35,0_0_1,0.8571428571428571,0.5555555555555556,0.410958904109589,0.7623762376237624,0.38461538461538464,0.5833333333333334,0.7368421052631579,1.0,0.5833333333333334,0.5833333333333334
0,Family,Grandmother,35,0_1_0,0.7428571428571429,0.7536231884057971,0.7647058823529411,0.9158415841584159,0.6046511627906976,0.25,0.4,1.0,0.25,0.25
0,Family,Grandmother,35,1_0_0,1.0,0.30701754385964913,0.18134715025906736,0.21782178217821782,0.18134715025906736,1.0,1.0,1.0,1.0,1.0
0,Family,Grandmother,35,1_1_1,0.05714285714285714,0.0392156862745098,0.029850746268656716,0.5148514851485149,0.02,0.08333333333333333,0.15384615384615385,1.0,0.08333333333333333,0.08333333333333333
0,Family,Grandmother,40,0_0_0,0.11428571428571428,0.20512820512820512,1.0,0.8465346534653465,0.11428571428571428,0.0,0.0,0.0,0.0,0.0
0,Family,Grandmother,40,0_0_1,0.8571428571428571,0.6185567010309279,0.4838709677419355,0.8168316831683168,0.44776119402985076,0.6428571428571429,0.782608695652174,1.0,0.6428571428571429,0.6428571428571429
0,Family,Grandmother,40,0_1_0,0.8285714285714286,0.7733333333333333,0.725,0.9158415841584159,0.6304347826086957,0.5714285714285714,0.7272727272727273,1.0,0.5714285714285714,0.5714285714285714
0,Family,Grandmother,40,1_0_0,1.0,0.29535864978902954,0.17326732673267325,0.17326732673267325,0.17326732673267325,1.0,1.0,1.0,1.0,1.0
0,Family,Grandmother,40,1_1_1,0.08571428571428572,0.05714285714285714,0.04285714285714286,0.5099009900990099,0.029411764705882353,0.14285714285714285,0.25,1.0,0.14285714285714285,0.14285714285714285
0,Family,Grandmother,45,0_0_0,0.05714285714285714,0.10810810810810811,1.0,0.8366336633663366,0.05714285714285714,0.0,0.0,0.0,0.0,0.0
0,Family,Grandmother,45,0_0_1,0.8857142857142857,0.5636363636363636,0.41333333333333333,0.7623762376237624,0.3924050632911392,0.7333333333333333,0.8461538461538461,1.0,0.7333333333333333,0.7333333333333333
0,Family,Grandmother,45,0_1_0,0.7714285714285715,0.6666666666666666,0.5869565217391305,0.8663366336633663,0.5,0.4666666666666667,0.6363636363636364,1.0,0.4666666666666667,0.4666666666666667
0,Family,Grandmother,45,1_0_0,1.0,0.30042918454935624,0.17676767676767677,0.19306930693069307,0.17676767676767677,1.0,1.0,1.0,1.0,1.0
0,Family,Grandmother,45,1_1_1,0.0,0.0,0.0,0.4900990099009901,0.0,0.0,0.0,0.0,0.0,0.0
0,Family,Grandmother,50,0_0_0,0.02857142857142857,0.05555555555555555,1.0,0.8316831683168316,0.02857142857142857,0.0,0.0,0.0,0.0,0.0
0,Family,Grandmother,50,0_0_1,0.8,0.5490196078431373,0.417910447761194,0.7722772277227723,0.3783783783783784,0.5882352941176471,0.7407407407407407,1.0,0.5882352941176471,0.5882352941176471
0,Family,Grandmother,50,0_1_0,0.7142857142857143,0.704225352112676,0.6944444444444444,0.8960396039603961,0.5434782608695652,0.4117647058823529,0.5833333333333334,1.0,0.4117647058823529,0.4117647058823529
0,Family,Grandmother,50,1_0_0,1.0,0.2966101694915254,0.17412935323383086,0.1782178217821782,0.17412935323383086,1.0,1.0,1.0,1.0,1.0
0,Family,Grandmother,50,1_1_1,0.02857142857142857,0.018018018018018018,0.013157894736842105,0.4603960396039604,0.00909090909090909,0.0,0.0,0.0,0.0,0.0
0,Family,Grandmother,55,0_0_0,0.05714285714285714,0.10810810810810811,1.0,0.8366336633663366,0.05714285714285714,0.0,0.0,0.0,0.0,0.0
0,Family,Grandmother,55,0_0_1,0.6285714285714286,0.4631578947368421,0.36666666666666664,0.7475247524752475,0.3013698630136986,0.3157894736842105,0.48,1.0,0.3157894736842105,0.3157894736842105
0,Family,Grandmother,55,0_1_0,0.6,0.65625,0.7241379310344828,0.8910891089108911,0.4883720930232558,0.2631578947368421,0.4166666666666667,1.0,0.2631578947368421,0.2631578947368421
0,Family,Grandmother,55,1_0_0,1.0,0.29535864978902954,0.17326732673267325,0.17326732673267325,0.17326732673267325,1.0,1.0,1.0,1.0,1.0
0,Family,Grandmother,55,1_1_1,0.08571428571428572,0.05263157894736842,0.0379746835443038,0.46534653465346537,0.02702702702702703,0.10526315789473684,0.19047619047619047,1.0,0.10526315789473684,0.10526315789473684
0,Family,Grandmother,60,0_0_0,0.05714285714285714,0.10810810810810811,1.0,0.8366336633663366,0.05714285714285714,0.0,0.0,0.0,0.0,0.0
0,Family,Grandmother,60,0_0_1,0.6571428571428571,0.4946236559139785,0.39655172413793105,0.7673267326732673,0.32857142857142857,0.42857142857142855,0.6,1.0,0.42857142857142855,0.42857142857142855
0,Family,Grandmother,60,0_1_0,0.5142857142857142,0.6,0.72,0.8811881188118812,0.42857142857142855,0.19047619047619047,0.32,1.0,0.19047619047619047,0.19047619047619047
0,Family,Grandmother,60,1_0_0,1.0,0.2978723404255319,0.175,0.18316831683168316,0.175,1.0,1.0,1.0,1.0,1.0
0,Family,Grandmother,60,1_1_1,0.17142857142857143,0.09917355371900827,0.06976744186046512,0.4603960396039604,0.05217391304347826,0.23809523809523808,0.38461538461538464,1.0,0.23809523809523808,0.23809523809523808
0,Family,Grandmother,65,0_0_0,0.05714285714285714,0.10810810810810811,1.0,0.8366336633663366,0.05714285714285714,0.0,0.0,0.0,0.0,0.0
0,Family,Grandmother,65,0_0_1,0.5714285714285714,0.43956043956043955,0.35714285714285715,0.7475247524752475,0.28169014084507044,0.3181818181818182,0.4827586206896552,1.0,0.3181818181818182,0.3181818181818182
0,Family,Grandmother,65,0_1_0,0.5142857142857142,0.6,0.72,0.8811881188118812,0.42857142857142855,0.22727272727272727,0.37037037037037035,1.0,0.22727272727272727,0.22727272727272727
0,Family,Grandmother,65,1_0_0,1.0,0.2978723404255319,0.175,0.18316831683168316,0.175,1.0,1.0,1.0,1.0,1.0
0,Family,Grandmother,65,1_1_1,0.14285714285714285,0.08547008547008547,0.06097560975609756,0.47029702970297027,0.044642857142857144,0.18181818181818182,0.3076923076923077,1.0,0.18181818181818182,0.18181818181818182
0,Family,Grandmother,70,0_0_0,0.05714285714285714,0.10810810810810811,1.0,0.8366336633663366,0.05714285714285714,0.0,0.0,0.0,0.0,0.0
0,Family,Grandmother,70,0_0_1,0.5142857142857142,0.4090909090909091,0.33962264150943394,0.7425742574257426,0.2571428571428571,0.2916666666666667,0.45161290322580644,1.0,0.2916666666666667,0.2916666666666667
0,Family,Grandmother,70,0_1_0,0.4,0.5283018867924528,0.7777777777777778,0.8762376237623762,0.358974358974359,0.125,0.2222222222222222,1.0,0.125,0.125
0,Family,Grandmother,70,1_0_0,1.0,0.29914529914529914,0.17587939698492464,0.18811881188118812,0.17587939698492464,1.0,1.0,1.0,1.0,1.0
0,Family,Grandmother,70,1_1_1,0.22857142857142856,0.11940298507462686,0.08080808080808081,0.4158415841584158,0.06349206349206349,0.2916666666666667,0.45161290322580644,1.0,0.2916666666666667,0.2916666666666667
0,Family,Grandmother,75,0_0_0,0.02857142857142857,0.05555555555555555,1.0,0.8316831683168316,0.02857142857142857,0.0,0.0,0.0,0.0,0.0
0,Family,Grandmother,75,0_0_1,0.5142857142857142,0.4186046511627907,0.35294117647058826,0.7524752475247525,0.2647058823529412,0.34615384615384615,0.5142857142857142,1.0,0.34615384615384615,0.34615384615384615
0,Family,Grandmother,75,0_1_0,0.42857142857142855,0.5555555555555556,0.7894736842105263,0.8811881188118812,0.38461538461538464,0.23076923076923078,0.375,1.0,0.23076923076923078,0.23076923076923078
0,Family,Grandmother,75,1_0_0,1.0,0.3056768558951965,0.18041237113402062,0.21287128712871287,0.18041237113402062,1.0,1.0,1.0,1.0,1.0
0,Family,Grandmother,75,1_1_1,0.2571428571428571,0.14634146341463414,0.10227272727272728,0.4801980198019802,0.07894736842105263,0.3076923076923077,0.47058823529411764,1.0,0.3076923076923077,0.3076923076923077
0,Family,Grandmother,80,0_0_0,0.02857142857142857,0.05555555555555555,1.0,0.8316831683168316,0.02857142857142857,0.0,0.0,0.0,0.0,0.0
0,Family,Grandmother,80,0_0_1,0.34285714285714286,0.3287671232876712,0.3157894736842105,0.7574257425742574,0.19672131147540983,0.17857142857142858,0.30303030303030304,1.0,0.17857142857142858,0.17857142857142858
0,Family,Grandmother,80,0_1_0,0.3142857142857143,0.43137254901960786,0.6875,0.8564356435643564,0.275,0.14285714285714285,0.25,1.0,0.14285714285714285,0.14285714285714285
0,Family,Grandmother,80,1_0_0,1.0,0.32710280373831774,0.19553072625698323,0.2871287128712871,0.19553072625698323,1.0,1.0,1.0,1.0,1.0
0,Family,Grandmother,80,1_1_1,0.08571428571428572,0.04838709677419355,0.033707865168539325,0.4158415841584158,0.024793388429752067,0.10714285714285714,0.1935483870967742,1.0,0.10714285714285714,0.10714285714285714
0,Family,Grandson,0,0_0_0,0.16279069767441862,0.28,1.0,0.8217821782178217,0.16279069767441862,,,,,
0,Family,Grandson,0,0_0_1,1.0,0.819047619047619,0.6935483870967742,0.905940594059406,0.6935483870967742,,,,,
0,Family,Grandson,0,0_1_0,1.0,0.9772727272727273,0.9555555555555556,0.9900990099009901,0.9555555555555556,,,,,
0,Family,Grandson,0,1_0_0,1.0,0.3510204081632653,0.21287128712871287,0.21287128712871287,0.21287128712871287,,,,,
0,Family,Grandson,0,1_1_1,0.11627906976744186,0.11904761904761904,0.12195121951219512,0.6336633663366337,0.06329113924050633,,,,,
0,Family,Grandson,5,0_0_0,0.16279069767441862,0.28,1.0,0.8217821782178217,0.16279069767441862,0.0,0.0,0.0,0.0,0.0
0,Family,Grandson,5,0_0_1,1.0,0.86,0.7543859649122807,0.9306930693069307,0.7543859649122807,1.0,1.0,1.0,1.0,1.0
0,Family,Grandson,5,0_1_0,0.9534883720930233,0.9534883720930233,0.9534883720930233,0.9801980198019802,0.9111111111111111,0.0,0.0,0.0,0.0,0.0
0,Family,Grandson,5,1_0_0,1.0,0.3510204081632653,0.21287128712871287,0.21287128712871287,0.21287128712871287,1.0,1.0,1.0,1.0,1.0
0,Family,Grandson,5,1_1_1,0.11627906976744186,0.11904761904761904,0.12195121951219512,0.6336633663366337,0.06329113924050633,0.0,0.0,0.0,0.0,0.0
0,Family,Grandson,10,0_0_0,0.13953488372093023,0.24489795918367346,1.0,0.8168316831683168,0.13953488372093023,0.0,0.0,0.0,0.0,0.0
0,Family,Grandson,10,0_0_1,1.0,0.8514851485148515,0.7413793103448276,0.9257425742574258,0.7413793103448276,1.0,1.0,1.0,1.0,1.0
0,Family,Grandson,10,0_1_0,0.9302325581395349,0.9411764705882353,0.9523809523809523,0.9752475247524752,0.8888888888888888,0.25,0.4,1.0,0.25,0.25
0,Family,Grandson,10,1_0_0,1.0,0.3510204081632653,0.21287128712871287,0.21287128712871287,0.21287128712871287,1.0,1.0,1.0,1.0,1.0
0,Family,Grandson,10,1_1_1,0.13953488372093023,0.1276595744680851,0.11764705882352941,0.594059405940594,0.06818181818181818,0.25,0.4,1.0,0.25,0.25
0,Family,Grandson,15,0_0_0,0.09302325581395349,0.1702127659574468,1.0,0.806930693069307,0.09302325581395349,0.0,0.0,0.0,0.0,0.0
0,Family,Grandson,15,0_0_1,0.9767441860465116,0.8076923076923077,0.6885245901639344,0.900990099009901,0.6774193548387096,0.8333333333333334,0.9090909090909091,1.0,0.8333333333333334,0.8333333333333334
0,Family,Grandson,15,0_1_0,0.9069767441860465,0.9512195121951219,1.0,0.9801980198019802,0.9069767441860465,0.3333333333333333,0.5,1.0,0.3333333333333333,0.3333333333333333
0,Family,Grandson,15,1_0_0,1.0,0.3510204081632653,0.21287128712871287,0.21287128712871287,0.21287128712871287,1.0,1.0,1.0,1.0,1.0
0,Family,Grandson,15,1_1_1,0.11627906976744186,0.10989010989010989,0.10416666666666667,0.599009900990099,0.05813953488372093,0.5,0.6666666666666666,1.0,0.5,0.5
0,Family,Grandson,20,0_0_0,0.06976744186046512,0.13043478260869565,1.0,0.801980198019802,0.06976744186046512,0.0,0.0,0.0,0.0,0.0
0,Family,Grandson,20,0_0_1,0.9767441860465116,0.8,0.6774193548387096,0.8960396039603961,0.6666666666666666,0.875,0.9333333333333333,1.0,0.875,0.875
0,Family,Grandson,20,0_1_0,0.8372093023255814,0.8888888888888888,0.9473684210526315,0.9554455445544554,0.8,0.125,0.2222222222222222,1.0,0.125,0.125
0,Family,Grandson,20,1_0_0,1.0,0.3510204081632653,0.21287128712871287,0.21287128712871287,0.21287128712871287,1.0,1.0,1.0,1.0,1.0
0,Family,Grandson,20,1_1_1,0.11627906976744186,0.0970873786407767,0.08333333333333333,0.5396039603960396,0.05102040816326531,0.375,0.5454545454545454,1.0,0.375,0.375
0,Family,Grandson,25,0_0_0,0.11627906976744186,0.20833333333333334,1.0,0.8118811881188119,0.11627906976744186,0.0,0.0,0.0,0.0,0.0
0,Family,Grandson,25,0_0_1,0.9534883720930233,0.7522935779816514,0.6212121212121212,0.8663366336633663,0.6029411764705882,0.8,0.8888888888888888,1.0,0.8,0.8
0,Family,Grandson,25,0_1_0,0.8372093023255814,0.8888888888888888,0.9473684210526315,0.9554455445544554,0.8,0.3,0.46153846153846156,1.0,0.3,0.3
0,Family,Grandson,25,1_0_0,1.0,0.3510204081632653,0.21287128712871287,0.21287128712871287,0.21287128712871287,1.0,1.0,1.0,1.0,1.0
0,Family,Grandson,25,1_1_1,0.13953488372093023,0.12903225806451613,0.12,0.599009900990099,0.06896551724137931,0.4,0.5714285714285714,1.0,0.4,0.4
0,Family,Grandson,30,0_0_0,0.11627906976744186,0.20833333333333334,1.0,0.8118811881188119,0.11627906976744186,0.0,0.0,0.0,0.0,0.0
0,Family,Grandson,30,0_0_1,0.9069767441860465,0.7155963302752294,0.5909090909090909,0.8465346534653465,0.5571428571428572,0.6666666666666666,0.8,1.0,0.6666666666666666,0.6666666666666666
0,Family,Grandson,30,0_1_0,0.813953488372093,0.875,0.9459459459459459,0.9504950495049505,0.7777777777777778,0.3333333333333333,0.5,1.0,0.3333333333333333,0.3333333333333333
0,Family,Grandson,30,1_0_0,1.0,0.3510204081632653,0.21287128712871287,0.21287128712871287,0.21287128712871287,1.0,1.0,1.0,1.0,1.0
0,Family,Grandson,30,1_1_1,0.06976744186046512,0.06451612903225806,0.06,0.5693069306930693,0.03333333333333333,0.16666666666666666,0.2857142857142857,1.0,0.16666666666666666,0.16666666666666666
0,Family,Grandson,35,0_0_0,0.13953488372093023,0.24489795918367346,1.0,0.8168316831683168,0.13953488372093023,0.0,0.0,0.0,0.0,0.0
0,Family,Grandson,35,0_0_1,0.8837209302325582,0.7835051546391752,0.7037037037037037,0.8960396039603961,0.6440677966101694,0.6666666666666666,0.8,1.0,0.6666666666666666,0.6666666666666666
0,Family,Grandson,35,0_1_0,0.6744186046511628,0.8055555555555556,1.0,0.9306930693069307,0.6744186046511628,0.06666666666666667,0.125,1.0,0.06666666666666667,0.06666666666666667
0,Family,Grandson,35,1_0_0,1.0,0.3510204081632653,0.21287128712871287,0.21287128712871287,0.21287128712871287,1.0,1.0,1.0,1.0,1.0
0,Family,Grandson,35,1_1_1,0.046511627906976744,0.04597701149425287,0.045454545454545456,0.5891089108910891,0.023529411764705882,0.06666666666666667,0.125,1.0,0.06666666666666667,0.06666666666666667
0,Family,Grandson,40,0_0_0,0.13953488372093023,0.24489795918367346,1.0,0.8168316831683168,0.13953488372093023,0.0,0.0,0.0,0.0,0.0
0,Family,Grandson,40,0_0_1,0.8837209302325582,0.7676767676767676,0.6785714285714286,0.8861386138613861,0.6229508196721312,0.7058823529411765,0.8275862068965517,1.0,0.7058823529411765,0.7058823529411765
0,Family,Grandson,40,0_1_0,0.6511627906976745,0.7887323943661971,1.0,0.9257425742574258,0.6511627906976745,0.11764705882352941,0.21052631578947367,1.0,0.11764705882352941,0.11764705882352941
0,Family,Grandson,40,1_0_0,1.0,0.3524590163934426,0.21393034825870647,0.21782178217821782,0.21393034825870647,1.0,1.0,1.0,1.0,1.0
0,Family,Grandson,40,1_1_1,0.023255813953488372,0.023255813953488372,0.023255813953488372,0.5841584158415841,0.011764705882352941,0.058823529411764705,0.1111111111111111,1.0,0.058823529411764705,0.058823529411764705
0,Family,Grandson,45,0_0_0,0.09302325581395349,0.1702127659574468,1.0,0.806930693069307,0.09302325581395349,0.0,0.0,0.0,0.0,0.0
0,Family,Grandson,45,0_0_1,0.8837209302325582,0.7676767676767676,0.6785714285714286,0.8861386138613861,0.6229508196721312,0.7368421052631579,0.8484848484848485,1.0,0.7368421052631579,0.7368421052631579
0,Family,Grandson,45,0_1_0,0.5813953488372093,0.7352941176470589,1.0,0.9108910891089109,0.5813953488372093,0.05263157894736842,0.1,1.0,0.05263157894736842,0.05263157894736842
0,Family,Grandson,45,1_0_0,1.0,0.35390946502057613,0.215,0.22277227722772278,0.215,1.0,1.0,1.0,1.0,1.0
0,Family,Grandson,45,1_1_1,0.023255813953488372,0.024390243902439025,0.02564102564102564,0.6039603960396039,0.012345679012345678,0.0,0.0,0.0,0.0,0.0
0,Family,Grandson,50,0_0_0,0.06976744186046512,0.13043478260869565,1.0,0.801980198019802,0.06976744186046512,0.0,0.0,0.0,0.0,0.0
0,Family,Grandson,50,0_0_1,0.8372093023255814,0.7578947368421053,0.6923076923076923,0.8861386138613861,0.6101694915254238,0.6666666666666666,0.8,1.0,0.6666666666666666,0.6666666666666666
0,Family,Grandson,50,0_1_0,0.5348837209302325,0.696969696969697,1.0,0.900990099009901,0.5348837209302325,0.047619047619047616,0.09090909090909091,1.0,0.047619047619047616,0.047619047619047616
0,Family,Grandson,50,1_0_0,1.0,0.3524590163934426,0.21393034825870647,0.21782178217821782,0.21393034825870647,1.0,1.0,1.0,1.0,1.0
0,Family,Grandson,50,1_1_1,0.0,0.0,0.0,0.5891089108910891,0.0,0.0,0.0,0.0,0.0,0.0
0,Family,Grandson,55,0_0_0,0.023255813953488372,0.045454545454545456,1.0,0.7920792079207921,0.023255813953488372,0.0,0.0,0.0,0.0,0.0
0,Family,Grandson,55,0_0_1,0.7441860465116279,0.7032967032967034,0.6666666666666666,0.8663366336633663,0.5423728813559322,0.5217391304347826,0.6857142857142857,1.0,0.5217391304347826,0.5217391304347826
0,Family,Grandson,55,0_1_0,0.4883720930232558,0.65625,1.0,0.8910891089108911,0.4883720930232558,0.043478260869565216,0.08333333333333333,1.0,0.043478260869565216,0.043478260869565216
0,Family,Grandson,55,1_0_0,1.0,0.35390946502057613,0.215,0.22277227722772278,0.215,1.0,1.0,1.0,1.0,1.0
0,Family,Grandson,55,1_1_1,0.023255813953488372,0.022988505747126436,0.022727272727272728,0.5792079207920792,0.011627906976744186,0.043478260869565216,0.08333333333333333,1.0,0.043478260869565216,0.043478260869565216
0,Family,Grandson,60,0_0_0,0.023255813953488372,0.045454545454545456,1.0,0.7920792079207921,0.023255813953488372,0.0,0.0,0.0,0.0,0.0
0,Family,Grandson,60,0_0_1,0.5813953488372093,0.5882352941176471,0.5952380952380952,0.8267326732673267,0.4166666666666667,0.28,0.4375,1.0,0.28,0.28
0,Family,Grandson,60,0_1_0,0.4418604651162791,0.6031746031746031,0.95,0.8762376237623762,0.4318181818181818,0.04,0.07692307692307693,1.0,0.04,0.04
0,Family,Grandson,60,1_0_0,1.0,0.35537190082644626,0.21608040201005024,0.22772277227722773,0.21608040201005024,1.0,1.0,1.0,1.0,1.0
0,Family,Grandson,60,1_1_1,0.046511627906976744,0.039603960396039604,0.034482758620689655,0.5198019801980198,0.020202020202020204,0.08,0.14814814814814814,1.0,0.08,0.08
0,Family,Grandson,65,0_0_0,0.06976744186046512,0.13043478260869565,1.0,0.801980198019802,0.06976744186046512,0.0,0.0,0.0,0.0,0.0
0,Family,Grandson,65,0_0_1,0.6511627906976745,0.5894736842105263,0.5384615384615384,0.806930693069307,0.417910447761194,0.4444444444444444,0.6153846153846154,1.0,0.4444444444444444,0.4444444444444444
0,Family,Grandson,65,0_1_0,0.5813953488372093,0.7142857142857143,0.9259259259259259,0.900990099009901,0.5555555555555556,0.3333333333333333,0.5,1.0,0.3333333333333333,0.3333333333333333
0,Family,Grandson,65,1_0_0,1.0,0.3510204081632653,0.21287128712871287,0.21287128712871287,0.21287128712871287,1.0,1.0,1.0,1.0,1.0
0,Family,Grandson,65,1_1_1,0.11627906976744186,0.07633587786259542,0.056818181818181816,0.400990099009901,0.03968253968253968,0.18518518518518517,0.3125,1.0,0.18518518518518517,0.18518518518518517
0,Family,Grandson,70,0_0_0,0.023255813953488372,0.045454545454545456,1.0,0.7920792079207921,0.023255813953488372,0.0,0.0,0.0,0.0,0.0
0,Family,Grandson,70,0_0_1,0.627906976744186,0.5869565217391305,0.5510204081632653,0.8118811881188119,0.4153846153846154,0.4666666666666667,0.6363636363636364,1.0,0.4666666666666667,0.4666666666666667
0,Family,Grandson,70,0_1_0,0.5116279069767442,0.6470588235294118,0.88,0.8811881188118812,0.4782608695652174,0.3,0.46153846153846156,1.0,0.3,0.3
0,Family,Grandson,70,1_0_0,1.0,0.3510204081632653,0.21287128712871287,0.21287128712871287,0.21287128712871287,1.0,1.0,1.0,1.0,1.0
0,Family,Grandson,70,1_1_1,0.23255813953488372,0.13986013986013987,0.1,0.3910891089108911,0.07518796992481203,0.3333333333333333,0.5,1.0,0.3333333333333333,0.3333333333333333
0,Family,Grandson,75,0_0_0,0.0,0.0,0.0,0.7871287128712872,0.0,0.0,0.0,0.0,0.0,0.0
0,Family,Grandson,75,0_0_1,0.5581395348837209,0.5274725274725275,0.5,0.7871287128712872,0.3582089552238806,0.40625,0.5777777777777777,1.0,0.40625,0.40625
0,Family,Grandson,75,0_1_0,0.4418604651162791,0.5846153846153846,0.8636363636363636,0.8663366336633663,0.41304347826086957,0.25,0.4,1.0,0.25,0.25
0,Family,Grandson,75,1_0_0,1.0,0.3510204081632653,0.21287128712871287,0.21287128712871287,0.21287128712871287,1.0,1.0,1.0,1.0,1.0
0,Family,Grandson,75,1_1_1,0.20930232558139536,0.1267605633802817,0.09090909090909091,0.38613861386138615,0.06766917293233082,0.28125,0.43902439024390244,1.0,0.28125,0.28125
0,Family,Grandson,80,0_0_0,0.0,0.0,0.0,0.7871287128712872,0.0,0.0,0.0,0.0,0.0,0.0
0,Family,Grandson,80,0_0_1,0.3953488372093023,0.425,0.4594594594594595,0.7722772277227723,0.2698412698412698,0.23529411764705882,0.38095238095238093,1.0,0.23529411764705882,0.23529411764705882
0,Family,Grandson,80,0_1_0,0.3488372093023256,0.5,0.8823529411764706,0.8514851485148515,0.3333333333333333,0.17647058823529413,0.3,1.0,0.17647058823529413,0.17647058823529413
0,Family,Grandson,80,1_0_0,1.0,0.35390946502057613,0.215,0.22277227722772278,0.215,1.0,1.0,1.0,1.0,1.0
0,Family,Grandson,80,1_1_1,0.13953488372093023,0.08275862068965517,0.058823529411764705,0.3415841584158416,0.04316546762589928,0.17647058823529413,0.3,1.0,0.17647058823529413,0.17647058823529413
0,Family,Mother,0,0_0_0,0.9333333333333333,0.9655172413793104,1.0,0.9801980198019802,0.9333333333333333,,,,,
0,Family,Mother,0,0_0_1,1.0,0.7453416149068323,0.594059405940594,0.7970297029702971,0.594059405940594,,,,,
0,Family,Mother,0,0_1_0,1.0,0.916030534351145,0.8450704225352113,0.9455445544554455,0.8450704225352113,,,,,
0,Family,Mother,0,1_0_0,1.0,0.48,0.3157894736842105,0.3564356435643564,0.3157894736842105,,,,,
0,Family,Mother,0,1_1_1,0.05,0.046153846153846156,0.04285714285714286,0.38613861386138615,0.023622047244094488,,,,,
0,Family,Mother,5,0_0_0,0.9,0.9473684210526315,1.0,0.9702970297029703,0.9,0.0,0.0,0.0,0.0,0.0
0,Family,Mother,5,0_0_1,1.0,0.7741935483870968,0.631578947368421,0.8267326732673267,0.631578947368421,1.0,1.0,1.0,1.0,1.0
0,Family,Mother,5,0_1_0,0.95,0.9661016949152542,0.9827586206896551,0.9801980198019802,0.9344262295081968,0.0,0.0,0.0,0.0,0.0
0,Family,Mother,5,1_0_0,1.0,0.4743083003952569,0.31088082901554404,0.3415841584158416,0.31088082901554404,1.0,1.0,1.0,1.0,1.0
0,Family,Mother,5,1_1_1,0.15,0.1267605633802817,0.10975609756097561,0.38613861386138615,0.06766917293233082,0.0,0.0,0.0,0.0,0.0
0,Family,Mother,10,0_0_0,0.85,0.918918918918919,1.0,0.9554455445544554,0.85,0.0,0.0,0.0,0.0,0.0
0,Family,Mother,10,0_0_1,1.0,0.8,0.6666666666666666,0.8514851485148515,0.6666666666666666,1.0,1.0,1.0,1.0,1.0
0,Family,Mother,10,0_1_0,0.9166666666666666,0.9401709401709402,0.9649122807017544,0.9653465346534653,0.8870967741935484,0.16666666666666666,0.2857142857142857,1.0,0.16666666666666666,0.16666666666666666
0,Family,Mother,10,1_0_0,1.0,0.48,0.3157894736842105,0.3564356435643564,0.3157894736842105,1.0,1.0,1.0,1.0,1.0
0,Family,Mother,10,1_1_1,0.21666666666666667,0.16560509554140126,0.13402061855670103,0.35148514851485146,0.09027777777777778,0.5,0.6666666666666666,1.0,0.5,0.5
0,Family,Mother,15,0_0_0,0.8,0.8888888888888888,1.0,0.9405940594059405,0.8,0.0,0.0,0.0,0.0,0.0
0,Family,Mother,15,0_0_1,0.9833333333333333,0.7866666666666666,0.6555555555555556,0.8415841584158416,0.6483516483516484,0.8888888888888888,0.9411764705882353,1.0,0.8888888888888888,0.8888888888888888
0,Family,Mother,15,0_1_0,0.85,0.9107142857142857,0.9807692307692307,0.9504950495049505,0.8360655737704918,0.0,0.0,0.0,0.0,0.0
0,Family,Mother,15,1_0_0,1.0,0.4897959183673469,0.32432432432432434,0.3811881188118812,0.32432432432432434,1.0,1.0,1.0,1.0,1.0
0,Family,Mother,15,1_1_1,0.36666666666666664,0.26993865030674846,0.21359223300970873,0.41089108910891087,0.15602836879432624,0.4444444444444444,0.6153846153846154,1.0,0.4444444444444444,0.4444444444444444
0,Family,Mother,20,0_0_0,0.75,0.8571428571428571,1.0,0.9257425742574258,0.75,0.0,0.0,0.0,0.0,0.0
0,Family,Mother,20,0_0_1,0.95,0.8028169014084507,0.6951219512195121,0.8613861386138614,0.6705882352941176,0.75,0.8571428571428571,1.0,0.75,0.75
0,Family,Mother,20,0_1_0,0.8,0.8888888888888888,1.0,0.9405940594059405,0.8,0.0,0.0,0.0,0.0,0.0
0,Family,Mother,20,1_0_0,1.0,0.4878048780487805,0.3225806451612903,0.37623762376237624,0.3225806451612903,1.0,1.0,1.0,1.0,1.0
0,Family,Mother,20,1_1_1,0.31666666666666665,0.2345679012345679,0.18627450980392157,0.38613861386138615,0.13286713286713286,0.5,0.6666666666666666,1.0,0.5,0.5
0,Family,Mother,25,0_0_0,0.43333333333333335,0.6046511627906976,1.0,0.8316831683168316,0.43333333333333335,0.0,0.0,0.0,0.0,0.0
0,Family,Mother,25,0_0_1,0.9666666666666667,0.7483870967741936,0.6105263157894737,0.806930693069307,0.5979381443298969,0.8666666666666667,0.9285714285714286,1.0,0.8666666666666667,0.8666666666666667
0,Family,Mother,25,0_1_0,0.75,0.8256880733944955,0.9183673469387755,0.905940594059406,0.703125,0.0,0.0,0.0,0.0,0.0
0,Family,Mother,25,1_0_0,1.0,0.46153846153846156,0.3,0.3069306930693069,0.3,1.0,1.0,1.0,1.0,1.0
0,Family,Mother,25,1_1_1,0.016666666666666666,0.015037593984962405,0.0136986301369863,0.35148514851485146,0.007575757575757576,0.0,0.0,0.0,0.0,0.0
0,Family,Mother,30,0_0_0,0.5,0.6666666666666666,1.0,0.8514851485148515,0.5,0.0,0.0,0.0,0.0,0.0
0,Family,Mother,30,0_0_1,0.7666666666666667,0.8141592920353983,0.8679245283018868,0.8960396039603961,0.6865671641791045,0.2222222222222222,0.36363636363636365,1.0,0.2222222222222222,0.2222222222222222
0,Family,Mother,30,0_1_0,0.7,0.8235294117647058,1.0,0.9108910891089109,0.7,0.0,0.0,0.0,0.0,0.0
0,Family,Mother,30,1_0_0,1.0,0.5660377358490566,0.39473684210526316,0.5445544554455446,0.39473684210526316,1.0,1.0,1.0,1.0,1.0
0,Family,Mother,30,1_1_1,0.05,0.05357142857142857,0.057692307692307696,0.4752475247524752,0.027522935779816515,0.1111111111111111,0.2,1.0,0.1111111111111111,0.1111111111111111
0,Family,Mother,35,0_0_0,0.3333333333333333,0.5,1.0,0.801980198019802,0.3333333333333333,0.0,0.0,0.0,0.0,0.0
0,Family,Mother,35,0_0_1,0.7166666666666667,0.7962962962962963,0.8958333333333334,0.8910891089108911,0.6615384615384615,0.19047619047619047,0.32,1.0,0.19047619047619047,0.19047619047619047
0,Family,Mother,35,0_1_0,0.65,0.7878787878787878,1.0,0.8960396039603961,0.65,0.0,0.0,0.0,0.0,0.0
0,Family,Mother,35,1_0_0,1.0,0.5825242718446602,0.410958904109589,0.5742574257425742,0.410958904109589,1.0,1.0,1.0,1.0,1.0
0,Family,Mother,35,1_1_1,0.1,0.10714285714285714,0.11538461538461539,0.504950495049505,0.05660377358490566,0.19047619047619047,0.32,1.0,0.19047619047619047,0.19047619047619047
0,Family,Mother,40,0_0_0,0.2,0.3333333333333333,1.0,0.7623762376237624,0.2,0.0,0.0,0.0,0.0,0.0
0,Family,Mother,40,0_0_1,0.7166666666666667,0.8269230769230769,0.9772727272727273,0.9108910891089109,0.7049180327868853,0.2916666666666667,0.45161290322580644,1.0,0.2916666666666667,0.2916666666666667
0,Family,Mother,40,0_1_0,0.6166666666666667,0.7551020408163265,0.9736842105263158,0.8811881188118812,0.6065573770491803,0.041666666666666664,0.08,1.0,0.041666666666666664,0.041666666666666664
0,Family,Mother,40,1_0_0,1.0,0.4878048780487805,0.3225806451612903,0.37623762376237624,0.3225806451612903,1.0,1.0,1.0,1.0,1.0
0,Family,Mother,40,1_1_1,0.23333333333333334,0.19718309859154928,0.17073170731707318,0.43564356435643564,0.109375,0.5,0.6666666666666666,1.0,0.5,0.5
0,Family,Mother,45,0_0_0,0.2833333333333333,0.44155844155844154,1.0,0.7871287128712872,0.2833333333333333,0.0,0.0,0.0,0.0,0.0
0,Family,Mother,45,0_0_1,0.55,0.7096774193548387,1.0,0.8663366336633663,0.55,0.0,0.0,0.0,0.0,0.0
0,Family,Mother,45,0_1_0,0.5833333333333334,0.7,0.875,0.8514851485148515,0.5384615384615384,0.07407407407407407,0.13793103448275862,1.0,0.07407407407407407,0.07407407407407407
0,Family,Mother,45,1_0_0,1.0,0.47244094488188976,0.30927835051546393,0.33663366336633666,0.30927835051546393,1.0,1.0,1.0,1.0,1.0
0,Family,Mother,45,1_1_1,0.36666666666666664,0.26666666666666666,0.20952380952380953,0.400990099009901,0.15384615384615385,0.8148148148148148,0.8979591836734694,1.0,0.8148148148148148,0.8148148148148148
0,Family,Mother,50,0_0_0,0.18333333333333332,0.30985915492957744,1.0,0.7574257425742574,0.18333333333333332,0.0,0.0,0.0,0.0,0.0
0,Family,Mother,50,0_0_1,0.6,0.6486486486486487,0.7058823529411765,0.806930693069307,0.48,0.2,0.3333333333333333,1.0,0.2,0.2
0,Family,Mother,50,0_1_0,0.6333333333333333,0.7037037037037037,0.7916666666666666,0.8415841584158416,0.5428571428571428,0.26666666666666666,0.42105263157894735,1.0,0.26666666666666666,0.26666666666666666
0,Family,Mother,50,1_0_0,0.9833333333333333,0.5700483091787439,0.4013605442176871,0.5594059405940595,0.39864864864864863,0.9666666666666667,0.9830508474576272,1.0,0.9666666666666667,0.9666666666666667
0,Family,Mother,50,1_1_1,0.08333333333333333,0.08,0.07692307692307693,0.4306930693069307,0.041666666666666664,0.13333333333333333,0.23529411764705882,1.0,0.13333333333333333,0.13333333333333333
0,Family,Mother,55,0_0_0,0.13333333333333333,0.23529411764705882,1.0,0.7425742574257426,0.13333333333333333,0.0,0.0,0.0,0.0,0.0
0,Family,Mother,55,0_0_1,0.5666666666666667,0.6238532110091743,0.6938775510204082,0.7970297029702971,0.4533333333333333,0.21212121212121213,0.35,1.0,0.21212121212121213,0.21212121212121213
0,Family,Mother,55,0_1_0,0.55,0.66,0.825,0.8316831683168316,0.4925373134328358,0.18181818181818182,0.3076923076923077,1.0,0.18181818181818182,0.18181818181818182
0,Family,Mother,55,1_0_0,0.9666666666666667,0.5858585858585859,0.42028985507246375,0.594059405940594,0.4142857142857143,0.9393939393939394,0.96875,1.0,0.9393939393939394,0.9393939393939394
0,Family,Mother,55,1_1_1,0.1,0.10084033613445378,0.1016949152542373,0.47029702970297027,0.05309734513274336,0.15151515151515152,0.2631578947368421,1.0,0.15151515151515152,0.15151515151515152
0,Family,Mother,60,0_0_0,0.18333333333333332,0.30985915492957744,1.0,0.7574257425742574,0.18333333333333332,0.0,0.0,0.0,0.0,0.0
0,Family,Mother,60,0_0_1,0.55,0.584070796460177,0.6226415094339622,0.7673267326732673,0.4125,0.25,0.4,1.0,0.25,0.25
0,Family,Mother,60,0_1_0,0.5333333333333333,0.6095238095238096,0.7111111111111111,0.7970297029702971,0.4383561643835616,0.2222222222222222,0.36363636363636365,1.0,0.2222222222222222,0.2222222222222222
0,Family,Mother,60,1_0_0,0.9666666666666667,0.5771144278606966,0.41134751773049644,0.5792079207920792,0.40559440559440557,0.9444444444444444,0.9714285714285714,1.0,0.9444444444444444,0.9444444444444444
0,Family,Mother,60,1_1_1,0.1,0.096,0.09230769230769231,0.4405940594059406,0.05042016806722689,0.16666666666666666,0.2857142857142857,1.0,0.16666666666666666,0.16666666666666666
0,Family,Mother,65,0_0_0,0.25,0.4,1.0,0.7772277227722773,0.25,0.0,0.0,0.0,0.0,0.0
0,Family,Mother,65,0_0_1,0.5166666666666667,0.6458333333333334,0.8611111111111112,0.8316831683168316,0.47692307692307695,0.2564102564102564,0.40816326530612246,1.0,0.2564102564102564,0.2564102564102564
0,Family,Mother,65,0_1_0,0.48333333333333334,0.5979381443298969,0.7837837837837838,0.806930693069307,0.4264705882352941,0.20512820512820512,0.3404255319148936,1.0,0.20512820512820512,0.20512820512820512
0,Family,Mother,65,1_0_0,1.0,0.5128205128205128,0.3448275862068966,0.43564356435643564,0.3448275862068966,1.0,1.0,1.0,1.0,1.0
0,Family,Mother,65,1_1_1,0.31666666666666665,0.20320855614973263,0.14960629921259844,0.2623762376237624,0.1130952380952381,0.358974358974359,0.5283018867924528,1.0,0.358974358974359,0.358974358974359
0,Family,Mother,70,0_0_0,0.21666666666666667,0.3561643835616438,1.0,0.7673267326732673,0.21666666666666667,0.0,0.0,0.0,0.0,0.0
0,Family,Mother,70,0_0_1,0.5,0.6521739130434783,0.9375,0.8415841584158416,0.4838709677419355,0.2857142857142857,0.4444444444444444,1.0,0.2857142857142857,0.2857142857142857
0,Family,Mother,70,0_1_0,0.43333333333333335,0.5591397849462365,0.7878787878787878,0.7970297029702971,0.3880597014925373,0.19047619047619047,0.32,1.0,0.19047619047619047,0.19047619047619047
0,Family,Mother,70,1_0_0,1.0,0.5429864253393665,0.37267080745341613,0.5,0.37267080745341613,1.0,1.0,1.0,1.0,1.0
0,Family,Mother,70,1_1_1,0.31666666666666665,0.2,0.14615384615384616,0.24752475247524752,0.1111111111111111,0.38095238095238093,0.5517241379310345,1.0,0.38095238095238093,0.38095238095238093
0,Family,Mother,75,0_0_0,0.03333333333333333,0.06451612903225806,1.0,0.7128712871287128,0.03333333333333333,0.0,0.0,0.0,0.0,0.0
0,Family,Mother,75,0_0_1,0.45,0.54,0.675,0.7722772277227723,0.3698630136986301,0.26666666666666666,0.42105263157894735,1.0,0.26666666666666666,0.26666666666666666
0,Family,Mother,75,0_1_0,0.3,0.45569620253164556,0.9473684210526315,0.7871287128712872,0.29508196721311475,0.06666666666666667,0.125,1.0,0.06666666666666667,0.06666666666666667
0,Family,Mother,75,1_0_0,0.9333333333333333,0.5833333333333334,0.42424242424242425,0.6039603960396039,0.4117647058823529,0.9111111111111111,0.9534883720930233,1.0,0.9111111111111111,0.9111111111111111
0,Family,Mother,75,1_1_1,0.23333333333333334,0.1564245810055866,0.11764705882352941,0.2524752475247525,0.08484848484848485,0.28888888888888886,0.4482758620689655,1.0,0.28888888888888886,0.28888888888888886
0,Family,Mother,80,0_0_0,0.016666666666666666,0.03278688524590164,1.0,0.7079207920792079,0.016666666666666666,0.0,0.0,0.0,0.0,0.0
0,Family,Mother,80,0_0_1,0.2,0.3333333333333333,1.0,0.7623762376237624,0.2,0.0,0.0,0.0,0.0,0.0
0,Family,Mother,80,0_1_0,0.2,0.3333333333333333,1.0,0.7623762376237624,0.2,0.0,0.0,0.0,0.0,0.0
0,Family,Mother,80,1_0_0,1.0,0.502092050209205,0.33519553072625696,0.41089108910891087,0.33519553072625696,1.0,1.0,1.0,1.0,1.0
0,Family,Mother,80,1_1_1,0.25,0.16483516483516483,0.12295081967213115,0.24752475247524752,0.08982035928143713,0.3125,0.47619047619047616,1.0,0.3125,0.3125
0,Family,Sister,0,0_0_0,0.2857142857142857,0.4444444444444444,1.0,0.8514851485148515,0.2857142857142857,,,,,
0,Family,Sister,0,0_0_1,1.0,0.6666666666666666,0.5,0.7920792079207921,0.5,,,,,
0,Family,Sister,0,0_1_0,1.0,0.9767441860465116,0.9545454545454546,0.9900990099009901,0.9545454545454546,,,,,
0,Family,Sister,0,1_0_0,1.0,0.3514644351464435,0.2131979695431472,0.23267326732673269,0.2131979695431472,,,,,
0,Family,Sister,0,1_1_1,0.0,0.0,0.0,0.41089108910891087,0.0,,,,,
0,Family,Sister,5,0_0_0,0.2619047619047619,0.41509433962264153,1.0,0.8465346534653465,0.2619047619047619,0.0,0.0,0.0,0.0,0.0
0,Family,Sister,5,0_0_1,1.0,0.6885245901639344,0.525,0.8118811881188119,0.525,1.0,1.0,1.0,1.0,1.0
0,Family,Sister,5,0_1_0,1.0,0.9545454545454546,0.9130434782608695,0.9801980198019802,0.9130434782608695,1.0,1.0,1.0,1.0,1.0
0,Family,Sister,5,1_0_0,1.0,0.3514644351464435,0.2131979695431472,0.23267326732673269,0.2131979695431472,1.0,1.0,1.0,1.0,1.0
0,Family,Sister,5,1_1_1,0.0,0.0,0.0,0.42574257425742573,0.0,0.0,0.0,0.0,0.0,0.0
0,Family,Sister,10,0_0_0,0.19047619047619047,0.32,1.0,0.8316831683168316,0.19047619047619047,0.0,0.0,0.0,0.0,0.0
0,Family,Sister,10,0_0_1,1.0,0.6942148760330579,0.5316455696202531,0.8168316831683168,0.5316455696202531,1.0,1.0,1.0,1.0,1.0
0,Family,Sister,10,0_1_0,1.0,0.9230769230769231,0.8571428571428571,0.9653465346534653,0.8571428571428571,1.0,1.0,1.0,1.0,1.0
0,Family,Sister,10,1_0_0,1.0,0.3559322033898305,0.21649484536082475,0.24752475247524752,0.21649484536082475,1.0,1.0,1.0,1.0,1.0
0,Family,Sister,10,1_1_1,0.0,0.0,0.0,0.4801980198019802,0.0,0.0,0.0,0.0,0.0,0.0
0,Family,Sister,15,0_0_0,0.19047619047619047,0.32,1.0,0.8316831683168316,0.19047619047619047,0.0,0.0,0.0,0.0,0.0
0,Family,Sister,15,0_0_1,1.0,0.711864406779661,0.5526315789473685,0.8316831683168316,0.5526315789473685,1.0,1.0,1.0,1.0,1.0
0,Family,Sister,15,0_1_0,0.9761904761904762,0.9318181818181818,0.8913043478260869,0.9702970297029703,0.8723404255319149,0.8333333333333334,0.9090909090909091,1.0,0.8333333333333334,0.8333333333333334
0,Family,Sister,15,1_0_0,1.0,0.3574468085106383,0.21761658031088082,0.2524752475247525,0.21761658031088082,1.0,1.0,1.0,1.0,1.0
0,Family,Sister,15,1_1_1,0.023809523809523808,0.019230769230769232,0.016129032258064516,0.49504950495049505,0.009708737864077669,0.16666666666666666,0.2857142857142857,1.0,0.16666666666666666,0.16666666666666666
0,Family,Sister,20,0_0_0,0.2619047619047619,0.41509433962264153,1.0,0.8465346534653465,0.2619047619047619,0.0,0.0,0.0,0.0,0.0
0,Family,Sister,20,0_0_1,1.0,0.711864406779661,0.5526315789473685,0.8316831683168316,0.5526315789473685,1.0,1.0,1.0,1.0,1.0
0,Family,Sister,20,0_1_0,0.9523809523809523,0.9195402298850575,0.8888888888888888,0.9653465346534653,0.851063829787234,0.75,0.8571428571428571,1.0,0.75,0.75
0,Family,Sister,20,1_0_0,1.0,0.3574468085106383,0.21761658031088082,0.2524752475247525,0.21761658031088082,1.0,1.0,1.0,1.0,1.0
0,Family,Sister,20,1_1_1,0.023809523809523808,0.019417475728155338,0.01639344262295082,0.5,0.00980392156862745,0.125,0.2222222222222222,1.0,0.125,0.125
0,Family,Sister,25,0_0_0,0.2857142857142857,0.4444444444444444,1.0,0.8514851485148515,0.2857142857142857,0.0,0.0,0.0,0.0,0.0
0,Family,Sister,25,0_0_1,1.0,0.7241379310344828,0.5675675675675675,0.8415841584158416,0.5675675675675675,1.0,1.0,1.0,1.0,1.0
0,Family,Sister,25,0_1_0,0.9285714285714286,0.9285714285714286,0.9285714285714286,0.9702970297029703,0.8666666666666667,0.7,0.8235294117647058,1.0,0.7,0.7
0,Family,Sister,25,1_0_0,1.0,0.3620689655172414,0.22105263157894736,0.26732673267326734,0.22105263157894736,1.0,1.0,1.0,1.0,1.0
0,Family,Sister,25,1_1_1,0.047619047619047616,0.03669724770642202,0.029850746268656716,0.4801980198019802,0.018691588785046728,0.1,0.18181818181818182,1.0,0.1,0.1
0,Family,Sister,30,0_0_0,0.2619047619047619,0.41509433962264153,1.0,0.8465346534653465,0.2619047619047619,0.0,0.0,0.0,0.0,0.0
0,Family,Sister,30,0_0_1,1.0,0.7241379310344828,0.5675675675675675,0.8415841584158416,0.5675675675675675,1.0,1.0,1.0,1.0,1.0
0,Family,Sister,30,0_1_0,0.9047619047619048,0.9156626506024096,0.926829268292683,0.9653465346534653,0.8444444444444444,0.6666666666666666,0.8,1.0,0.6666666666666666,0.6666666666666666
0,Family,Sister,30,1_0_0,1.0,0.37333333333333335,0.22950819672131148,0.30198019801980197,0.22950819672131148,1.0,1.0,1.0,1.0,1.0
0,Family,Sister,30,1_1_1,0.07142857142857142,0.05504587155963303,0.04477611940298507,0.4900990099009901,0.02830188679245283,0.16666666666666666,0.2857142857142857,1.0,0.16666666666666666,0.16666666666666666
0,Family,Sister,35,0_0_0,0.21428571428571427,0.35294117647058826,1.0,0.8366336633663366,0.21428571428571427,0.0,0.0,0.0,0.0,0.0
0,Family,Sister,35,0_0_1,0.9285714285714286,0.7090909090909091,0.5735294117647058,0.8415841584158416,0.5492957746478874,0.7857142857142857,0.88,1.0,0.7857142857142857,0.7857142857142857
0,Family,Sister,35,0_1_0,0.8571428571428571,0.8674698795180723,0.8780487804878049,0.9455445544554455,0.7659574468085106,0.5714285714285714,0.7272727272727273,1.0,0.5714285714285714,0.5714285714285714
0,Family,Sister,35,1_0_0,1.0,0.37333333333333335,0.22950819672131148,0.30198019801980197,0.22950819672131148,1.0,1.0,1.0,1.0,1.0
0,Family,Sister,35,1_1_1,0.09523809523809523,0.07142857142857142,0.05714285714285714,0.48514851485148514,0.037037037037037035,0.21428571428571427,0.35294117647058826,1.0,0.21428571428571427,0.21428571428571427
0,Family,Sister,40,0_0_0,0.023809523809523808,0.046511627906976744,1.0,0.7970297029702971,0.023809523809523808,0.0,0.0,0.0,0.0,0.0
0,Family,Sister,40,0_0_1,0.9047619047619048,0.6909090909090909,0.5588235294117647,0.8316831683168316,0.5277777777777778,0.75,0.8571428571428571,1.0,0.75,0.75
0,Family,Sister,40,0_1_0,0.7619047619047619,0.8311688311688312,0.9142857142857143,0.9356435643564357,0.7111111111111111,0.375,0.5454545454545454,1.0,0.375,0.375
0,Family,Sister,40,1_0_0,1.0,0.3888888888888889,0.2413793103448276,0.3465346534653465,0.2413793103448276,1.0,1.0,1.0,1.0,1.0
0,Family,Sister,40,1_1_1,0.09523809523809523,0.08163265306122448,0.07142857142857142,0.5544554455445545,0.0425531914893617,0.1875,0.3157894736842105,1.0,0.1875,0.1875
0,Family,Sister,45,0_0_0,0.047619047619047616,0.09090909090909091,1.0,0.801980198019802,0.047619047619047616,0.0,0.0,0.0,0.0,0.0
0,Family,Sister,45,0_0_1,0.9285714285714286,0.7647058823529411,0.65,0.8811881188118812,0.6190476190476191,0.8333333333333334,0.9090909090909091,1.0,0.8333333333333334,0.8333333333333334
0,Family,Sister,45,0_1_0,0.8333333333333334,0.8536585365853658,0.875,0.9405940594059405,0.7446808510638298,0.6111111111111112,0.7586206896551724,1.0,0.6111111111111112,0.6111111111111112
0,Family,Sister,45,1_0_0,1.0,0.4692737430167598,0.30656934306569344,0.5297029702970297,0.30656934306569344,1.0,1.0,1.0,1.0,1.0
0,Family,Sister,45,1_1_1,0.07142857142857142,0.05825242718446602,0.04918032786885246,0.5198019801980198,0.03,0.1111111111111111,0.2,1.0,0.1111111111111111,0.1111111111111111
0,Family,Sister,50,0_0_0,0.047619047619047616,0.09090909090909091,1.0,0.801980198019802,0.047619047619047616,0.0,0.0,0.0,0.0,0.0
0,Family,Sister,50,0_0_1,0.8809523809523809,0.7474747474747475,0.6491228070175439,0.8762376237623762,0.5967741935483871,0.7619047619047619,0.8648648648648649,1.0,0.7619047619047619,0.7619047619047619
0,Family,Sister,50,0_1_0,0.7619047619047619,0.8421052631578947,0.9411764705882353,0.9405940594059405,0.7272727272727273,0.5238095238095238,0.6875,1.0,0.5238095238095238,0.5238095238095238
0,Family,Sister,50,1_0_0,1.0,0.4666666666666667,0.30434782608695654,0.5247524752475248,0.30434782608695654,1.0,1.0,1.0,1.0,1.0
0,Family,Sister,50,1_1_1,0.07142857142857142,0.06521739130434782,0.06,0.5742574257425742,0.033707865168539325,0.14285714285714285,0.25,1.0,0.14285714285714285,0.14285714285714285
0,Family,Sister,55,0_0_0,0.0,0.0,0.0,0.7920792079207921,0.0,0.0,0.0,0.0,0.0,0.0
0,Family,Sister,55,0_0_1,0.47619047619047616,0.6349206349206349,0.9523809523809523,0.8861386138613861,0.46511627906976744,0.043478260869565216,0.08333333333333333,1.0,0.043478260869565216,0.043478260869565216
0,Family,Sister,55,0_1_0,0.5476190476190477,0.696969696969697,0.9583333333333334,0.900990099009901,0.5348837209302325,0.17391304347826086,0.2962962962962963,1.0,0.17391304347826086,0.17391304347826086
0,Family,Sister,55,1_0_0,1.0,0.35,0.21212121212121213,0.22772277227722773,0.21212121212121213,1.0,1.0,1.0,1.0,1.0
0,Family,Sister,55,1_1_1,0.0,0.0,0.0,0.7871287128712872,0.0,0.0,0.0,0.0,0.0,0.0
0,Family,Sister,60,0_0_0,0.09523809523809523,0.17391304347826086,1.0,0.8118811881188119,0.09523809523809523,0.0,0.0,0.0,0.0,0.0
0,Family,Sister,60,0_0_1,0.9523809523809523,0.7207207207207207,0.5797101449275363,0.8465346534653465,0.5633802816901409,0.92,0.9583333333333334,1.0,0.92,0.92
0,Family,Sister,60,0_1_0,0.4523809523809524,0.6129032258064516,0.95,0.8811881188118812,0.4418604651162791,0.08,0.14814814814814814,1.0,0.08,0.08
0,Family,Sister,60,1_0_0,1.0,0.5,0.3333333333333333,0.5841584158415841,0.3333333333333333,1.0,1.0,1.0,1.0,1.0
0,Family,Sister,60,1_1_1,0.6904761904761905,0.5370370370370371,0.4393939393939394,0.7524752475247525,0.3670886075949367,0.56,0.717948717948718,1.0,0.56,0.56
0,Family,Sister,65,0_0_0,0.07142857142857142,0.13333333333333333,1.0,0.806930693069307,0.07142857142857142,0.0,0.0,0.0,0.0,0.0
0,Family,Sister,65,0_0_1,0.5,0.5915492957746479,0.7241379310344828,0.8564356435643564,0.42,0.2222222222222222,0.36363636363636365,1.0,0.2222222222222222,0.2222222222222222
0,Family,Sister,65,0_1_0,0.5714285714285714,0.6486486486486487,0.75,0.8712871287128713,0.48,0.3333333333333333,0.5,1.0,0.3333333333333333,0.3333333333333333
0,Family,Sister,65,1_0_0,1.0,0.5153374233128835,0.34710743801652894,0.6089108910891089,0.34710743801652894,1.0,1.0,1.0,1.0,1.0
0,Family,Sister,65,1_1_1,0.6190476190476191,0.5473684210526316,0.49056603773584906,0.7871287128712872,0.37681159420289856,0.48148148148148145,0.65,1.0,0.48148148148148145,0.48148148148148145
0,Family,Sister,70,0_0_0,0.023809523809523808,0.046511627906976744,1.0,0.7970297029702971,0.023809523809523808,0.0,0.0,0.0,0.0,0.0
0,Family,Sister,70,0_0_1,0.4523809523809524,0.5428571428571428,0.6785714285714286,0.8415841584158416,0.37254901960784315,0.20689655172413793,0.34285714285714286,1.0,0.20689655172413793,0.20689655172413793
0,Family,Sister,70,0_1_0,0.5476190476190477,0.6301369863013698,0.7419354838709677,0.8663366336633663,0.46,0.3448275862068966,0.5128205128205128,1.0,0.3448275862068966,0.3448275862068966
0,Family,Sister,70,1_0_0,1.0,0.5153374233128835,0.34710743801652894,0.6089108910891089,0.34710743801652894,1.0,1.0,1.0,1.0,1.0
0,Family,Sister,70,1_1_1,0.7142857142857143,0.594059405940594,0.5084745762711864,0.7970297029702971,0.4225352112676056,0.6206896551724138,0.7659574468085106,1.0,0.6206896551724138,0.6206896551724138
0,Family,Sister,75,0_0_0,0.023809523809523808,0.046511627906976744,1.0,0.7970297029702971,0.023809523809523808,0.0,0.0,0.0,0.0,0.0
0,Family,Sister,75,0_0_1,0.40476190476190477,0.5074626865671642,0.68,0.8366336633663366,0.34,0.1935483870967742,0.32432432432432434,1.0,0.1935483870967742,0.1935483870967742
0,Family,Sister,75,0_1_0,0.5,0.5915492957746479,0.7241379310344828,0.8564356435643564,0.42,0.3225806451612903,0.4878048780487805,1.0,0.3225806451612903,0.3225806451612903
0,Family,Sister,75,1_0_0,1.0,0.5185185185185185,0.35,0.6138613861386139,0.35,1.0,1.0,1.0,1.0,1.0
0,Family,Sister,75,1_1_1,0.6904761904761905,0.5742574257425742,0.4915254237288136,0.7871287128712872,0.4027777777777778,0.5806451612903226,0.7346938775510204,1.0,0.5806451612903226,0.5806451612903226
0,Family,Sister,80,0_0_0,0.023809523809523808,0.046511627906976744,1.0,0.7970297029702971,0.023809523809523808,0.0,0.0,0.0,0.0,0.0
0,Family,Sister,80,0_0_1,0.3333333333333333,0.4444444444444444,0.6666666666666666,0.8267326732673267,0.2857142857142857,0.15151515151515152,0.2631578947368421,1.0,0.15151515151515152,0.15151515151515152
0,Family,Sister,80,0_1_0,0.40476190476190477,0.5396825396825397,0.8095238095238095,0.8564356435643564,0.3695652173913043,0.24242424242424243,0.3902439024390244,1.0,0.24242424242424243,0.24242424242424243
0,Family,Sister,80,1_0_0,1.0,0.5526315789473685,0.38181818181818183,0.6633663366336634,0.38181818181818183,1.0,1.0,1.0,1.0,1.0
0,Family,Sister,80,1_1_1,0.6904761904761905,0.58,0.5,0.7920792079207921,0.4084507042253521,0.6060606060606061,0.7547169811320755,1.0,0.6060606060606061,0.6060606060606061
0,Family,Son,0,0_0_0,0.4807692307692308,0.6493506493506493,1.0,0.8663366336633663,0.4807692307692308,,,,,
0,Family,Son,0,0_0_1,1.0,0.8253968253968254,0.7027027027027027,0.8910891089108911,0.7027027027027027,,,,,
0,Family,Son,0,0_1_0,1.0,1.0,1.0,1.0,1.0,,,,,
0,Family,Son,0,1_0_0,1.0,0.4094488188976378,0.25742574257425743,0.25742574257425743,0.25742574257425743,,,,,
0,Family,Son,0,1_1_1,0.057692307692307696,0.06,0.0625,0.5346534653465347,0.030927835051546393,,,,,
0,Family,Son,5,0_0_0,0.46153846153846156,0.631578947368421,1.0,0.8613861386138614,0.46153846153846156,0.0,0.0,0.0,0.0,0.0
0,Family,Son,5,0_0_1,1.0,0.8455284552845529,0.7323943661971831,0.905940594059406,0.7323943661971831,1.0,1.0,1.0,1.0,1.0
0,Family,Son,5,0_1_0,1.0,0.9904761904761905,0.9811320754716981,0.995049504950495,0.9811320754716981,1.0,1.0,1.0,1.0,1.0
0,Family,Son,5,1_0_0,1.0,0.41106719367588934,0.25870646766169153,0.2623762376237624,0.25870646766169153,1.0,1.0,1.0,1.0,1.0
0,Family,Son,5,1_1_1,0.038461538461538464,0.039603960396039604,0.04081632653061224,0.5198019801980198,0.020202020202020204,0.0,0.0,0.0,0.0,0.0
0,Family,Son,10,0_0_0,0.40384615384615385,0.5753424657534246,1.0,0.8465346534653465,0.40384615384615385,0.0,0.0,0.0,0.0,0.0
0,Family,Son,10,0_0_1,1.0,0.8387096774193549,0.7222222222222222,0.900990099009901,0.7222222222222222,1.0,1.0,1.0,1.0,1.0
0,Family,Son,10,0_1_0,0.9807692307692307,0.9902912621359223,1.0,0.995049504950495,0.9807692307692307,0.8,0.8888888888888888,1.0,0.8,0.8
0,Family,Son,10,1_0_0,1.0,0.41767068273092367,0.2639593908629442,0.28217821782178215,0.2639593908629442,1.0,1.0,1.0,1.0,1.0
0,Family,Son,10,1_1_1,0.038461538461538464,0.04081632653061224,0.043478260869565216,0.5346534653465347,0.020833333333333332,0.0,0.0,0.0,0.0,0.0
0,Family,Son,15,0_0_0,0.3076923076923077,0.47058823529411764,1.0,0.8217821782178217,0.3076923076923077,0.0,0.0,0.0,0.0,0.0
0,Family,Son,15,0_0_1,1.0,0.8524590163934426,0.7428571428571429,0.9108910891089109,0.7428571428571429,1.0,1.0,1.0,1.0,1.0
0,Family,Son,15,0_1_0,0.9423076923076923,0.9702970297029703,1.0,0.9851485148514851,0.9423076923076923,0.5714285714285714,0.7272727272727273,1.0,0.5714285714285714,0.5714285714285714
0,Family,Son,15,1_0_0,1.0,0.41935483870967744,0.2653061224489796,0.2871287128712871,0.2653061224489796,1.0,1.0,1.0,1.0,1.0
0,Family,Son,15,1_1_1,0.038461538461538464,0.041666666666666664,0.045454545454545456,0.5445544554455446,0.02127659574468085,0.14285714285714285,0.25,1.0,0.14285714285714285,0.14285714285714285
0,Family,Son,20,0_0_0,0.28846153846153844,0.44776119402985076,1.0,0.8168316831683168,0.28846153846153844,0.0,0.0,0.0,0.0,0.0
0,Family,Son,20,0_0_1,1.0,0.8888888888888888,0.8,0.9356435643564357,0.8,1.0,1.0,1.0,1.0,1.0
0,Family,Son,20,0_1_0,0.9230769230769231,0.9504950495049505,0.9795918367346939,0.9752475247524752,0.9056603773584906,0.6,0.75,1.0,0.6,0.6
0,Family,Son,20,1_0_0,1.0,0.416,0.26262626262626265,0.27722772277227725,0.26262626262626265,1.0,1.0,1.0,1.0,1.0
0,Family,Son,20,1_1_1,0.07692307692307693,0.08163265306122448,0.08695652173913043,0.5544554455445545,0.0425531914893617,0.1,0.18181818181818182,1.0,0.1,0.1
0,Family,Son,25,0_0_0,0.28846153846153844,0.44776119402985076,1.0,0.8168316831683168,0.28846153846153844,0.0,0.0,0.0,0.0,0.0
0,Family,Son,25,0_0_1,0.7692307692307693,0.8333333333333334,0.9090909090909091,0.9207920792079208,0.7142857142857143,0.07692307692307693,0.14285714285714285,1.0,0.07692307692307693,0.07692307692307693
0,Family,Son,25,0_1_0,0.75,0.8571428571428571,1.0,0.9356435643564357,0.75,0.0,0.0,0.0,0.0,0.0
0,Family,Son,25,1_0_0,1.0,0.49760765550239233,0.33121019108280253,0.4801980198019802,0.33121019108280253,1.0,1.0,1.0,1.0,1.0
0,Family,Son,25,1_1_1,0.40384615384615385,0.28378378378378377,0.21875,0.4752475247524752,0.16535433070866143,0.7692307692307693,0.8695652173913043,1.0,0.7692307692307693,0.7692307692307693
0,Family,Son,30,0_0_0,0.23076923076923078,0.375,1.0,0.801980198019802,0.23076923076923078,0.0,0.0,0.0,0.0,0.0
0,Family,Son,30,0_0_1,0.7115384615384616,0.8043478260869565,0.925,0.9108910891089109,0.6727272727272727,0.0,0.0,0.0,0.0,0.0
0,Family,Son,30,0_1_0,0.7115384615384616,0.8314606741573034,1.0,0.9257425742574258,0.7115384615384616,0.0,0.0,0.0,0.0,0.0
0,Family,Son,30,1_0_0,1.0,0.46846846846846846,0.3058823529411765,0.4158415841584158,0.3058823529411765,1.0,1.0,1.0,1.0,1.0
0,Family,Son,30,1_1_1,0.36538461538461536,0.2620689655172414,0.20430107526881722,0.47029702970297027,0.15079365079365079,0.7333333333333333,0.8461538461538461,1.0,0.7333333333333333,0.7333333333333333
0,Family,Son,35,0_0_0,0.2692307692307692,0.42424242424242425,1.0,0.8118811881188119,0.2692307692307692,0.0,0.0,0.0,0.0,0.0
0,Family,Son,35,0_0_1,0.6538461538461539,0.7640449438202247,0.918918918918919,0.8960396039603961,0.6181818181818182,0.0,0.0,0.0,0.0,0.0
0,Family,Son,35,0_1_0,0.6538461538461539,0.7906976744186046,1.0,0.9108910891089109,0.6538461538461539,0.0,0.0,0.0,0.0,0.0
0,Family,Son,35,1_0_0,1.0,0.4663677130044843,0.30409356725146197,0.41089108910891087,0.30409356725146197,1.0,1.0,1.0,1.0,1.0
0,Family,Son,35,1_1_1,0.4230769230769231,0.29931972789115646,0.23157894736842105,0.4900990099009901,0.176,0.7222222222222222,0.8387096774193549,1.0,0.7222222222222222,0.7222222222222222
0,Family,Son,40,0_0_0,0.3076923076923077,0.47058823529411764,1.0,0.8217821782178217,0.3076923076923077,0.0,0.0,0.0,0.0,0.0
0,Family,Son,40,0_0_1,0.9038461538461539,0.7768595041322314,0.6811594202898551,0.8663366336633663,0.6351351351351351,0.75,0.8571428571428571,1.0,0.75,0.75
0,Family,Son,40,0_1_0,0.7884615384615384,0.8817204301075269,1.0,0.9455445544554455,0.7884615384615384,0.45,0.6206896551724138,1.0,0.45,0.45
0,Family,Son,40,1_0_0,1.0,0.4094488188976378,0.25742574257425743,0.25742574257425743,0.25742574257425743,1.0,1.0,1.0,1.0,1.0
0,Family,Son,40,1_1_1,0.057692307692307696,0.0410958904109589,0.031914893617021274,0.3069306930693069,0.02097902097902098,0.15,0.2608695652173913,1.0,0.15,0.15
0,Family,Son,45,0_0_0,0.21153846153846154,0.3492063492063492,1.0,0.7970297029702971,0.21153846153846154,0.0,0.0,0.0,0.0,0.0
0,Family,Son,45,0_0_1,0.7115384615384616,0.8314606741573034,1.0,0.9257425742574258,0.7115384615384616,0.34782608695652173,0.5161290322580645,1.0,0.34782608695652173,0.34782608695652173
0,Family,Son,45,0_1_0,0.5576923076923077,0.7160493827160493,1.0,0.8861386138613861,0.5576923076923077,0.0,0.0,0.0,0.0,0.0
0,Family,Son,45,1_0_0,1.0,0.4094488188976378,0.25742574257425743,0.25742574257425743,0.25742574257425743,1.0,1.0,1.0,1.0,1.0
0,Family,Son,45,1_1_1,0.0,0.0,0.0,0.4603960396039604,0.0,0.0,0.0,0.0,0.0,0.0
0,Family,Son,50,0_0_0,0.11538461538461539,0.20689655172413793,1.0,0.7722772277227723,0.11538461538461539,0.0,0.0,0.0,0.0,0.0
0,Family,Son,50,0_0_1,0.6923076923076923,0.7659574468085106,0.8571428571428571,0.8910891089108911,0.6206896551724138,0.38461538461538464,0.5555555555555556,1.0,0.38461538461538464,0.38461538461538464
0,Family,Son,50,0_1_0,0.7307692307692307,0.7169811320754716,0.7037037037037037,0.8514851485148515,0.5588235294117647,0.46153846153846156,0.631578947368421,1.0,0.46153846153846156,0.46153846153846156
0,Family,Son,50,1_0_0,1.0,0.5714285714285714,0.4,0.6138613861386139,0.4,1.0,1.0,1.0,1.0,1.0
0,Family,Son,50,1_1_1,0.8461538461538461,0.5986394557823129,0.4631578947368421,0.7079207920792079,0.42718446601941745,0.7307692307692307,0.8444444444444444,1.0,0.7307692307692307,0.7307692307692307
0,Family,Son,55,0_0_0,0.07692307692307693,0.14285714285714285,1.0,0.7623762376237624,0.07692307692307693,0.0,0.0,0.0,0.0,0.0
0,Family,Son,55,0_0_1,0.6538461538461539,0.7640449438202247,0.918918918918919,0.8960396039603961,0.6181818181818182,0.35714285714285715,0.5263157894736842,1.0,0.35714285714285715,0.35714285714285715
0,Family,Son,55,0_1_0,0.7307692307692307,0.7238095238095238,0.7169811320754716,0.8564356435643564,0.5671641791044776,0.5,0.6666666666666666,1.0,0.5,0.5
0,Family,Son,55,1_0_0,1.0,0.5652173913043478,0.3939393939393939,0.6039603960396039,0.3939393939393939,1.0,1.0,1.0,1.0,1.0
0,Family,Son,55,1_1_1,0.6538461538461539,0.5151515151515151,0.425,0.6831683168316832,0.3469387755102041,0.5357142857142857,0.6976744186046512,1.0,0.5357142857142857,0.5357142857142857
0,Family,Son,60,0_0_0,0.019230769230769232,0.03773584905660377,1.0,0.7475247524752475,0.019230769230769232,0.0,0.0,0.0,0.0,0.0
0,Family,Son,60,0_0_1,0.5769230769230769,0.7228915662650602,0.967741935483871,0.8861386138613861,0.5660377358490566,0.2903225806451613,0.45,1.0,0.2903225806451613,0.2903225806451613
0,Family,Son,60,0_1_0,0.6730769230769231,0.7142857142857143,0.7608695652173914,0.8613861386138614,0.5555555555555556,0.45161290322580644,0.6222222222222222,1.0,0.45161290322580644,0.45161290322580644
0,Family,Son,60,1_0_0,0.9807692307692307,0.5396825396825397,0.3722627737226277,0.5693069306930693,0.3695652173913043,0.967741935483871,0.9836065573770492,1.0,0.967741935483871,0.967741935483871
0,Family,Son,60,1_1_1,0.7884615384615384,0.5503355704697986,0.422680412371134,0.6683168316831684,0.37962962962962965,0.7096774193548387,0.8301886792452831,1.0,0.7096774193548387,0.7096774193548387
0,Family,Son,65,0_0_0,0.0,0.0,0.0,0.7425742574257426,0.0,0.0,0.0,0.0,0.0,0.0
0,Family,Son,65,0_0_1,0.4423076923076923,0.5974025974025974,0.92,0.8465346534653465,0.42592592592592593,0.12121212121212122,0.21621621621621623,1.0,0.12121212121212122,0.12121212121212122
0,Family,Son,65,0_1_0,0.5961538461538461,0.6666666666666666,0.7560975609756098,0.8465346534653465,0.5,0.36363636363636365,0.5333333333333333,1.0,0.36363636363636365,0.36363636363636365
0,Family,Son,65,1_0_0,0.9230769230769231,0.5454545454545454,0.3870967741935484,0.6039603960396039,0.375,0.8787878787878788,0.9354838709677419,1.0,0.8787878787878788,0.8787878787878788
0,Family,Son,65,1_1_1,0.7115384615384616,0.5211267605633803,0.4111111111111111,0.6633663366336634,0.3523809523809524,0.5757575757575758,0.7307692307692307,1.0,0.5757575757575758,0.5757575757575758
0,Family,Son,70,0_0_0,0.019230769230769232,0.03773584905660377,1.0,0.7475247524752475,0.019230769230769232,0.0,0.0,0.0,0.0,0.0
0,Family,Son,70,0_0_1,0.5,0.6582278481012658,0.9629629629629629,0.8663366336633663,0.49056603773584906,0.2777777777777778,0.43478260869565216,1.0,0.2777777777777778,0.2777777777777778
0,Family,Son,70,0_1_0,0.6153846153846154,0.7191011235955056,0.8648648648648649,0.8762376237623762,0.5614035087719298,0.4444444444444444,0.6153846153846154,1.0,0.4444444444444444,0.4444444444444444
0,Family,Son,70,1_0_0,0.9807692307692307,0.6144578313253012,0.4473684210526316,0.6831683168316832,0.4434782608695652,0.9722222222222222,0.9859154929577465,1.0,0.9722222222222222,0.9722222222222222
0,Family,Son,70,1_1_1,0.8076923076923077,0.5454545454545454,0.4117647058823529,0.6534653465346535,0.375,0.7222222222222222,0.8387096774193549,1.0,0.7222222222222222,0.7222222222222222
0,Family,Son,75,0_0_0,0.0,0.0,0.0,0.7425742574257426,0.0,0.0,0.0,0.0,0.0,0.0
0,Family,Son,75,0_0_1,0.36538461538461536,0.5352112676056338,1.0,0.8366336633663366,0.36538461538461536,0.15384615384615385,0.26666666666666666,1.0,0.15384615384615385,0.15384615384615385
0,Family,Son,75,0_1_0,0.4423076923076923,0.6133333333333333,1.0,0.8564356435643564,0.4423076923076923,0.2564102564102564,0.40816326530612246,1.0,0.2564102564102564,0.2564102564102564
0,Family,Son,75,1_0_0,0.9615384615384616,0.6451612903225806,0.4854368932038835,0.7277227722772277,0.47619047619047616,0.9487179487179487,0.9736842105263158,1.0,0.9487179487179487,0.9487179487179487
0,Family,Son,75,1_1_1,0.6923076923076923,0.5373134328358209,0.43902439024390244,0.693069306930693,0.3673469387755102,0.6666666666666666,0.8,1.0,0.6666666666666666,0.6666666666666666
0,Family,Son,80,0_0_0,0.0,0.0,0.0,0.7425742574257426,0.0,0.0,0.0,0.0,0.0,0.0
0,Family,Son,80,0_0_1,0.3269230769230769,0.4857142857142857,0.9444444444444444,0.8217821782178217,0.32075471698113206,0.14634146341463414,0.2553191489361702,1.0,0.14634146341463414,0.14634146341463414
0,Family,Son,80,0_1_0,0.4230769230769231,0.5945945945945946,1.0,0.8514851485148515,0.4230769230769231,0.2682926829268293,0.4230769230769231,1.0,0.2682926829268293,0.2682926829268293
0,Family,Son,80,1_0_0,1.0,0.6624203821656051,0.49523809523809526,0.7376237623762376,0.49523809523809526,1.0,1.0,1.0,1.0,1.0
0,Family,Son,80,1_1_1,0.5769230769230769,0.6060606060606061,0.6382978723404256,0.806930693069307,0.43478260869565216,0.5609756097560976,0.71875,1.0,0.5609756097560976,0.5609756097560976
