run,dataset,class_name,removal,pqr,all_data_recall,all_data_f1,all_data_precision,all_data_accuracy,all_data_jaccard,removed_data_recall,removed_data_f1,removed_data_precision,removed_data_accuracy,removed_data_jaccard
0,Family,Brother,0,0_0_0,0.5666666666666667,0.723404255319149,1.0,0.9356435643564357,0.5666666666666667,,,,,
0,Family,Brother,0,0_0_1,1.0,0.6666666666666666,0.5,0.8514851485148515,0.5,,,,,
0,Family,Brother,0,0_1_0,1.0,0.49586776859504134,0.32967032967032966,0.698019801980198,0.32967032967032966,,,,,
0,Family,Brother,0,1_0_0,1.0,0.3409090909090909,0.2054794520547945,0.42574257425742573,0.2054794520547945,,,,,
0,Family,Brother,0,1_1_1,1.0,0.43795620437956206,0.2803738317757009,0.6188118811881188,0.2803738317757009,,,,,
0,Family,Brother,5,0_0_0,0.5,0.6666666666666666,1.0,0.9257425742574258,0.5,0.0,0.0,0.0,0.0,0.0
0,Family,Brother,5,0_0_1,1.0,0.7058823529411765,0.5454545454545454,0.8762376237623762,0.5454545454545454,1.0,1.0,1.0,1.0,1.0
0,Family,Brother,5,0_1_0,1.0,0.48,0.3157894736842105,0.6782178217821783,0.3157894736842105,1.0,1.0,1.0,1.0,1.0
0,Family,Brother,5,1_0_0,1.0,0.40268456375838924,0.25210084033613445,0.5594059405940595,0.25210084033613445,1.0,1.0,1.0,1.0,1.0
0,Family,Brother,5,1_1_1,0.7666666666666667,0.4946236559139785,0.36507936507936506,0.7673267326732673,0.32857142857142857,0.0,0.0,0.0,0.0,0.0
0,Family,Brother,10,0_0_0,0.1,0.18181818181818182,1.0,0.8663366336633663,0.1,0.0,0.0,0.0,0.0,0.0
0,Family,Brother,10,0_0_1,0.9666666666666667,0.5742574257425742,0.4084507042253521,0.7871287128712872,0.4027777777777778,0.6666666666666666,0.8,1.0,0.6666666666666666,0.6666666666666666
0,Family,Brother,10,0_1_0,1.0,0.49586776859504134,0.32967032967032966,0.698019801980198,0.32967032967032966,1.0,1.0,1.0,1.0,1.0
0,Family,Brother,10,1_0_0,1.0,0.26548672566371684,0.15306122448979592,0.1782178217821782,0.15306122448979592,1.0,1.0,1.0,1.0,1.0
0,Family,Brother,10,1_1_1,1.0,0.3,0.17647058823529413,0.3069306930693069,0.17647058823529413,1.0,1.0,1.0,1.0,1.0
0,Family,Brother,15,0_0_0,0.1,0.18181818181818182,1.0,0.8663366336633663,0.1,0.0,0.0,0.0,0.0,0.0
0,Family,Brother,15,0_0_1,0.9666666666666667,0.58,0.4142857142857143,0.7920792079207921,0.4084507042253521,0.75,0.8571428571428571,1.0,0.75,0.75
0,Family,Brother,15,0_1_0,1.0,0.5084745762711864,0.3409090909090909,0.7128712871287128,0.3409090909090909,1.0,1.0,1.0,1.0,1.0
0,Family,Brother,15,1_0_0,1.0,0.26666666666666666,0.15384615384615385,0.18316831683168316,0.15384615384615385,1.0,1.0,1.0,1.0,1.0
0,Family,Brother,15,1_1_1,1.0,0.2955665024630542,0.17341040462427745,0.29207920792079206,0.17341040462427745,1.0,1.0,1.0,1.0,1.0
0,Family,Brother,20,0_0_0,0.1,0.18181818181818182,1.0,0.8663366336633663,0.1,0.0,0.0,0.0,0.0,0.0
0,Family,Brother,20,0_0_1,0.9666666666666667,0.5686274509803921,0.4027777777777778,0.7821782178217822,0.3972602739726027,0.8333333333333334,0.9090909090909091,1.0,0.8333333333333334,0.8333333333333334
0,Family,Brother,20,0_1_0,1.0,0.5128205128205128,0.3448275862068966,0.7178217821782178,0.3448275862068966,1.0,1.0,1.0,1.0,1.0
0,Family,Brother,20,1_0_0,1.0,0.2702702702702703,0.15625,0.19801980198019803,0.15625,1.0,1.0,1.0,1.0,1.0
0,Family,Brother,20,1_1_1,1.0,0.3015075376884422,0.17751479289940827,0.3118811881188119,0.17751479289940827,1.0,1.0,1.0,1.0,1.0
0,Family,Brother,25,0_0_0,0.1,0.18181818181818182,1.0,0.8663366336633663,0.1,0.0,0.0,0.0,0.0,0.0
0,Family,Brother,25,0_0_1,1.0,0.5769230769230769,0.40540540540540543,0.7821782178217822,0.40540540540540543,1.0,1.0,1.0,1.0,1.0
0,Family,Brother,25,0_1_0,1.0,0.5217391304347826,0.35294117647058826,0.7277227722772277,0.35294117647058826,1.0,1.0,1.0,1.0,1.0
0,Family,Brother,25,1_0_0,1.0,0.2803738317757009,0.16304347826086957,0.2376237623762376,0.16304347826086957,1.0,1.0,1.0,1.0,1.0
0,Family,Brother,25,1_1_1,1.0,0.28708133971291866,0.16759776536312848,0.2623762376237624,0.16759776536312848,1.0,1.0,1.0,1.0,1.0
0,Family,Brother,30,0_0_0,0.1,0.18181818181818182,1.0,0.8663366336633663,0.1,0.0,0.0,0.0,0.0,0.0
0,Family,Brother,30,0_0_1,1.0,0.5660377358490566,0.39473684210526316,0.7722772277227723,0.39473684210526316,1.0,1.0,1.0,1.0,1.0
0,Family,Brother,30,0_1_0,0.9666666666666667,0.5,0.3372093023255814,0.7128712871287128,0.3333333333333333,0.8888888888888888,0.9411764705882353,1.0,0.8888888888888888,0.8888888888888888
0,Family,Brother,30,1_0_0,1.0,0.3157894736842105,0.1875,0.3564356435643564,0.1875,1.0,1.0,1.0,1.0,1.0
0,Family,Brother,30,1_1_1,1.0,0.28846153846153844,0.16853932584269662,0.26732673267326734,0.16853932584269662,1.0,1.0,1.0,1.0,1.0
0,Family,Brother,35,0_0_0,0.06666666666666667,0.125,1.0,0.8613861386138614,0.06666666666666667,0.0,0.0,0.0,0.0,0.0
0,Family,Brother,35,0_0_1,1.0,0.6,0.42857142857142855,0.801980198019802,0.42857142857142855,1.0,1.0,1.0,1.0,1.0
0,Family,Brother,35,0_1_0,0.9333333333333333,0.5045045045045045,0.345679012345679,0.7277227722772277,0.3373493975903614,0.8,0.8888888888888888,1.0,0.8,0.8
0,Family,Brother,35,1_0_0,1.0,0.30927835051546393,0.18292682926829268,0.33663366336633666,0.18292682926829268,1.0,1.0,1.0,1.0,1.0
0,Family,Brother,35,1_1_1,1.0,0.2764976958525346,0.16042780748663102,0.22277227722772278,0.16042780748663102,1.0,1.0,1.0,1.0,1.0
0,Family,Brother,40,0_0_0,0.03333333333333333,0.06451612903225806,1.0,0.8564356435643564,0.03333333333333333,0.0,0.0,0.0,0.0,0.0
0,Family,Brother,40,0_0_1,0.9,0.675,0.54,0.8712871287128713,0.5094339622641509,0.75,0.8571428571428571,1.0,0.75,0.75
0,Family,Brother,40,0_1_0,0.9333333333333333,0.5957446808510638,0.4375,0.8118811881188119,0.42424242424242425,0.8333333333333334,0.9090909090909091,1.0,0.8333333333333334,0.8333333333333334
0,Family,Brother,40,1_0_0,0.9666666666666667,0.29,0.17058823529411765,0.297029702970297,0.1695906432748538,0.9166666666666666,0.9565217391304348,1.0,0.9166666666666666,0.9166666666666666
0,Family,Brother,40,1_1_1,1.0,0.2764976958525346,0.16042780748663102,0.22277227722772278,0.16042780748663102,1.0,1.0,1.0,1.0,1.0
0,Family,Brother,45,0_0_0,0.03333333333333333,0.06451612903225806,1.0,0.8564356435643564,0.03333333333333333,0.0,0.0,0.0,0.0,0.0
0,Family,Brother,45,0_0_1,0.8666666666666667,0.65,0.52,0.8613861386138614,0.48148148148148145,0.6923076923076923,0.8181818181818182,1.0,0.6923076923076923,0.6923076923076923
0,Family,Brother,45,0_1_0,0.8666666666666667,0.5909090909090909,0.4482758620689655,0.8217821782178217,0.41935483870967744,0.6923076923076923,0.8181818181818182,1.0,0.6923076923076923,0.6923076923076923
0,Family,Brother,45,1_0_0,1.0,0.28846153846153844,0.16853932584269662,0.26732673267326734,0.16853932584269662,1.0,1.0,1.0,1.0,1.0
0,Family,Brother,45,1_1_1,1.0,0.27522935779816515,0.1595744680851064,0.21782178217821782,0.1595744680851064,1.0,1.0,1.0,1.0,1.0
0,Family,Brother,50,0_0_0,0.03333333333333333,0.06451612903225806,1.0,0.8564356435643564,0.03333333333333333,0.0,0.0,0.0,0.0,0.0
0,Family,Brother,50,0_0_1,0.8666666666666667,0.6341463414634146,0.5,0.8514851485148515,0.4642857142857143,0.7333333333333333,0.8461538461538461,1.0,0.7333333333333333,0.7333333333333333
0,Family,Brother,50,0_1_0,0.8333333333333334,0.5617977528089888,0.423728813559322,0.806930693069307,0.390625,0.6666666666666666,0.8,1.0,0.6666666666666666,0.6666666666666666
0,Family,Brother,50,1_0_0,1.0,0.2803738317757009,0.16304347826086957,0.2376237623762376,0.16304347826086957,1.0,1.0,1.0,1.0,1.0
0,Family,Brother,50,1_1_1,1.0,0.2803738317757009,0.16304347826086957,0.2376237623762376,0.16304347826086957,1.0,1.0,1.0,1.0,1.0
0,Family,Brother,55,0_0_0,0.0,0.0,0.0,0.8514851485148515,0.0,0.0,0.0,0.0,0.0,0.0
0,Family,Brother,55,0_0_1,0.8666666666666667,0.611764705882353,0.4727272727272727,0.8366336633663366,0.4406779661016949,0.75,0.8571428571428571,1.0,0.75,0.75
0,Family,Brother,55,0_1_0,0.8666666666666667,0.5360824742268041,0.3880597014925373,0.7772277227722773,0.36619718309859156,0.75,0.8571428571428571,1.0,0.75,0.75
0,Family,Brother,55,1_0_0,1.0,0.2727272727272727,0.15789473684210525,0.2079207920792079,0.15789473684210525,1.0,1.0,1.0,1.0,1.0
0,Family,Brother,55,1_1_1,1.0,0.2777777777777778,0.16129032258064516,0.22772277227722773,0.16129032258064516,1.0,1.0,1.0,1.0,1.0
0,Family,Brother,60,0_0_0,0.0,0.0,0.0,0.8514851485148515,0.0,0.0,0.0,0.0,0.0,0.0
0,Family,Brother,60,0_0_1,0.8,0.6153846153846154,0.5,0.8514851485148515,0.4444444444444444,0.6666666666666666,0.8,1.0,0.6666666666666666,0.6666666666666666
0,Family,Brother,60,0_1_0,0.7,0.5185185185185185,0.4117647058823529,0.806930693069307,0.35,0.5,0.6666666666666666,1.0,0.5,0.5
0,Family,Brother,60,1_0_0,1.0,0.273972602739726,0.15873015873015872,0.21287128712871287,0.15873015873015872,1.0,1.0,1.0,1.0,1.0
0,Family,Brother,60,1_1_1,1.0,0.26785714285714285,0.15463917525773196,0.18811881188118812,0.15463917525773196,1.0,1.0,1.0,1.0,1.0
0,Family,Brother,65,0_0_0,0.0,0.0,0.0,0.8514851485148515,0.0,0.0,0.0,0.0,0.0,0.0
0,Family,Brother,65,0_0_1,0.6666666666666666,0.5797101449275363,0.5128205128205128,0.8564356435643564,0.40816326530612246,0.47368421052631576,0.6428571428571429,1.0,0.47368421052631576,0.47368421052631576
0,Family,Brother,65,0_1_0,0.7,0.5185185185185185,0.4117647058823529,0.806930693069307,0.35,0.5263157894736842,0.6896551724137931,1.0,0.5263157894736842,0.5263157894736842
0,Family,Brother,65,1_0_0,1.0,0.2830188679245283,0.16483516483516483,0.24752475247524752,0.16483516483516483,1.0,1.0,1.0,1.0,1.0
0,Family,Brother,65,1_1_1,1.0,0.26905829596412556,0.15544041450777202,0.19306930693069307,0.15544041450777202,1.0,1.0,1.0,1.0,1.0
0,Family,Brother,70,0_0_0,0.0,0.0,0.0,0.8514851485148515,0.0,0.0,0.0,0.0,0.0,0.0
0,Family,Brother,70,0_0_1,0.6,0.5806451612903226,0.5625,0.8712871287128713,0.4090909090909091,0.42857142857142855,0.6,1.0,0.42857142857142855,0.42857142857142855
0,Family,Brother,70,0_1_0,0.7333333333333333,0.5432098765432098,0.43137254901960786,0.8168316831683168,0.3728813559322034,0.6190476190476191,0.7647058823529411,1.0,0.6190476190476191,0.6190476190476191
0,Family,Brother,70,1_0_0,0.9666666666666667,0.28292682926829266,0.1657142857142857,0.2722772277227723,0.16477272727272727,0.9523809523809523,0.975609756097561,1.0,0.9523809523809523,0.9523809523809523
0,Family,Brother,70,1_1_1,1.0,0.2643171806167401,0.15228426395939088,0.17326732673267325,0.15228426395939088,1.0,1.0,1.0,1.0,1.0
0,Family,Brother,75,0_0_0,0.0,0.0,0.0,0.8514851485148515,0.0,0.0,0.0,0.0,0.0,0.0
0,Family,Brother,75,0_0_1,0.6666666666666666,0.6153846153846154,0.5714285714285714,0.8762376237623762,0.4444444444444444,0.5454545454545454,0.7058823529411765,1.0,0.5454545454545454,0.5454545454545454
0,Family,Brother,75,0_1_0,0.7333333333333333,0.6111111111111112,0.5238095238095238,0.8613861386138614,0.44,0.6363636363636364,0.7777777777777778,1.0,0.6363636363636364,0.6363636363636364
0,Family,Brother,75,1_0_0,0.9666666666666667,0.29292929292929293,0.17261904761904762,0.3069306930693069,0.17159763313609466,0.9545454545454546,0.9767441860465116,1.0,0.9545454545454546,0.9545454545454546
0,Family,Brother,75,1_1_1,1.0,0.2764976958525346,0.16042780748663102,0.22277227722772278,0.16042780748663102,1.0,1.0,1.0,1.0,1.0
0,Family,Brother,80,0_0_0,0.0,0.0,0.0,0.8514851485148515,0.0,0.0,0.0,0.0,0.0,0.0
0,Family,Brother,80,0_0_1,0.36666666666666664,0.41509433962264153,0.4782608695652174,0.8465346534653465,0.2619047619047619,0.20833333333333334,0.3448275862068966,1.0,0.20833333333333334,0.20833333333333334
0,Family,Brother,80,0_1_0,0.5,0.5454545454545454,0.6,0.8762376237623762,0.375,0.375,0.5454545454545454,1.0,0.375,0.375
0,Family,Brother,80,1_0_0,1.0,0.32608695652173914,0.19480519480519481,0.38613861386138615,0.19480519480519481,1.0,1.0,1.0,1.0,1.0
0,Family,Brother,80,1_1_1,0.03333333333333333,0.038461538461538464,0.045454545454545456,0.7524752475247525,0.0196078431372549,0.041666666666666664,0.08,1.0,0.041666666666666664,0.041666666666666664
0,Family,Male,0,0_0_0,0.375,0.5454545454545454,1.0,0.6782178217821783,0.375,,,,,
0,Family,Male,0,0_0_1,1.0,0.9285714285714286,0.8666666666666667,0.9207920792079208,0.8666666666666667,,,,,
0,Family,Male,0,0_1_0,1.0,0.9629629629629629,0.9285714285714286,0.9603960396039604,0.9285714285714286,,,,,
0,Family,Male,0,1_0_0,1.0,0.6910299003322259,0.5279187817258884,0.5396039603960396,0.5279187817258884,,,,,
0,Family,Male,0,1_1_1,0.9615384615384616,0.9803921568627451,1.0,0.9801980198019802,0.9615384615384616,,,,,
0,Family,Male,5,0_0_0,0.3269230769230769,0.4927536231884058,1.0,0.6534653465346535,0.3269230769230769,,,,,
0,Family,Male,5,0_0_1,0.9903846153846154,0.9321266968325792,0.8803418803418803,0.9257425742574258,0.8728813559322034,,,,,
0,Family,Male,5,0_1_0,1.0,0.9811320754716981,0.9629629629629629,0.9801980198019802,0.9629629629629629,,,,,
0,Family,Male,5,1_0_0,1.0,0.7003367003367004,0.538860103626943,0.5594059405940595,0.538860103626943,,,,,
0,Family,Male,5,1_1_1,0.9903846153846154,0.9951690821256038,1.0,0.995049504950495,0.9903846153846154,,,,,
0,Family,Male,10,0_0_0,0.27884615384615385,0.43609022556390975,1.0,0.6287128712871287,0.27884615384615385,0.0,0.0,0.0,0.0,0.0
0,Family,Male,10,0_0_1,0.9711538461538461,0.9439252336448598,0.9181818181818182,0.9405940594059405,0.8938053097345132,0.0,0.0,0.0,0.0,0.0
0,Family,Male,10,0_1_0,1.0,0.9811320754716981,0.9629629629629629,0.9801980198019802,0.9629629629629629,1.0,1.0,1.0,1.0,1.0
0,Family,Male,10,1_0_0,1.0,0.7074829931972789,0.5473684210526316,0.5742574257425742,0.5473684210526316,1.0,1.0,1.0,1.0,1.0
0,Family,Male,10,1_1_1,0.9711538461538461,0.9853658536585366,1.0,0.9851485148514851,0.9711538461538461,1.0,1.0,1.0,1.0,1.0
0,Family,Male,15,0_0_0,0.22115384615384615,0.36220472440944884,1.0,0.599009900990099,0.22115384615384615,0.0,0.0,0.0,0.0,0.0
0,Family,Male,15,0_0_1,0.9711538461538461,0.9439252336448598,0.9181818181818182,0.9405940594059405,0.8938053097345132,1.0,1.0,1.0,1.0,1.0
0,Family,Male,15,0_1_0,1.0,0.985781990521327,0.9719626168224299,0.9851485148514851,0.9719626168224299,1.0,1.0,1.0,1.0,1.0
0,Family,Male,15,1_0_0,1.0,0.6887417218543046,0.5252525252525253,0.5346534653465347,0.5252525252525253,1.0,1.0,1.0,1.0,1.0
0,Family,Male,15,1_1_1,0.1346153846153846,0.15555555555555556,0.18421052631578946,0.24752475247524752,0.08433734939759036,0.0,0.0,0.0,0.0,0.0
0,Family,Male,20,0_0_0,0.14423076923076922,0.25210084033613445,1.0,0.5594059405940595,0.14423076923076922,0.0,0.0,0.0,0.0,0.0
0,Family,Male,20,0_0_1,0.9519230769230769,0.9383886255924171,0.9252336448598131,0.9356435643564357,0.8839285714285714,1.0,1.0,1.0,1.0,1.0
0,Family,Male,20,0_1_0,1.0,0.9811320754716981,0.9629629629629629,0.9801980198019802,0.9629629629629629,1.0,1.0,1.0,1.0,1.0
0,Family,Male,20,1_0_0,1.0,0.697986577181208,0.5360824742268041,0.5544554455445545,0.5360824742268041,1.0,1.0,1.0,1.0,1.0
0,Family,Male,20,1_1_1,0.20192307692307693,0.22580645161290322,0.25609756097560976,0.2871287128712871,0.12727272727272726,0.0,0.0,0.0,0.0,0.0
0,Family,Male,25,0_0_0,0.07692307692307693,0.14285714285714285,1.0,0.5247524752475248,0.07692307692307693,0.0,0.0,0.0,0.0,0.0
0,Family,Male,25,0_0_1,0.9038461538461539,0.94,0.9791666666666666,0.9405940594059405,0.8867924528301887,1.0,1.0,1.0,1.0,1.0
0,Family,Male,25,0_1_0,0.9711538461538461,0.9758454106280193,0.9805825242718447,0.9752475247524752,0.9528301886792453,0.0,0.0,0.0,0.0,0.0
0,Family,Male,25,1_0_0,1.0,0.7247386759581882,0.5683060109289617,0.6089108910891089,0.5683060109289617,1.0,1.0,1.0,1.0,1.0
0,Family,Male,25,1_1_1,0.1346153846153846,0.16184971098265896,0.2028985507246377,0.28217821782178215,0.0880503144654088,0.0,0.0,0.0,0.0,0.0
0,Family,Male,30,0_0_0,0.0673076923076923,0.12612612612612611,1.0,0.5198019801980198,0.0673076923076923,0.0,0.0,0.0,0.0,0.0
0,Family,Male,30,0_0_1,0.8942307692307693,0.9441624365482234,1.0,0.9455445544554455,0.8942307692307693,1.0,1.0,1.0,1.0,1.0
0,Family,Male,30,0_1_0,0.9807692307692307,0.9855072463768116,0.9902912621359223,0.9851485148514851,0.9714285714285714,1.0,1.0,1.0,1.0,1.0
0,Family,Male,30,1_0_0,1.0,0.7323943661971831,0.5777777777777777,0.6237623762376238,0.5777777777777777,1.0,1.0,1.0,1.0,1.0
0,Family,Male,30,1_1_1,0.14423076923076922,0.17543859649122806,0.22388059701492538,0.30198019801980197,0.09615384615384616,0.0,0.0,0.0,0.0,0.0
0,Family,Male,35,0_0_0,0.04807692307692308,0.09174311926605505,1.0,0.5099009900990099,0.04807692307692308,0.0,0.0,0.0,0.0,0.0
0,Family,Male,35,0_0_1,0.8557692307692307,0.9222797927461139,1.0,0.9257425742574258,0.8557692307692307,1.0,1.0,1.0,1.0,1.0
0,Family,Male,35,0_1_0,0.9807692307692307,0.9855072463768116,0.9902912621359223,0.9851485148514851,0.9714285714285714,0.0,0.0,0.0,0.0,0.0
0,Family,Male,35,1_0_0,1.0,0.7482014388489209,0.5977011494252874,0.6534653465346535,0.5977011494252874,1.0,1.0,1.0,1.0,1.0
0,Family,Male,35,1_1_1,0.22115384615384615,0.25136612021857924,0.2911392405063291,0.3217821782178218,0.14375,0.0,0.0,0.0,0.0,0.0
0,Family,Male,40,0_0_0,0.028846153846153848,0.056074766355140186,1.0,0.5,0.028846153846153848,0.0,0.0,0.0,0.0,0.0
0,Family,Male,40,0_0_1,0.9807692307692307,0.85,0.75,0.8217821782178217,0.7391304347826086,0.5,0.6666666666666666,1.0,0.5,0.5
0,Family,Male,40,0_1_0,0.875,0.8348623853211009,0.7982456140350878,0.8217821782178217,0.7165354330708661,0.0,0.0,0.0,0.0,0.0
0,Family,Male,40,1_0_0,1.0,0.6910299003322259,0.5279187817258884,0.5396039603960396,0.5279187817258884,1.0,1.0,1.0,1.0,1.0
0,Family,Male,40,1_1_1,0.5865384615384616,0.6666666666666666,0.7721518987341772,0.698019801980198,0.5,0.5,0.6666666666666666,1.0,0.5,0.5
0,Family,Male,45,0_0_0,0.028846153846153848,0.056074766355140186,1.0,0.5,0.028846153846153848,0.0,0.0,0.0,0.0,0.0
0,Family,Male,45,0_0_1,0.9807692307692307,0.85,0.75,0.8217821782178217,0.7391304347826086,1.0,1.0,1.0,1.0,1.0
0,Family,Male,45,0_1_0,0.8557692307692307,0.8240740740740741,0.7946428571428571,0.8118811881188119,0.7007874015748031,0.0,0.0,0.0,0.0,0.0
0,Family,Male,45,1_0_0,1.0,0.6864686468646864,0.5226130653266332,0.5297029702970297,0.5226130653266332,1.0,1.0,1.0,1.0,1.0
0,Family,Male,45,1_1_1,0.5865384615384616,0.6594594594594595,0.7530864197530864,0.6881188118811881,0.49193548387096775,0.6666666666666666,0.8,1.0,0.6666666666666666,0.6666666666666666
0,Family,Male,50,0_0_0,0.019230769230769232,0.03773584905660377,1.0,0.49504950495049505,0.019230769230769232,0.0,0.0,0.0,0.0,0.0
0,Family,Male,50,0_0_1,0.9711538461538461,0.8744588744588745,0.7952755905511811,0.8564356435643564,0.7769230769230769,0.6666666666666666,0.8,1.0,0.6666666666666666,0.6666666666666666
0,Family,Male,50,0_1_0,0.7980769230769231,0.8058252427184466,0.8137254901960784,0.801980198019802,0.6747967479674797,0.0,0.0,0.0,0.0,0.0
0,Family,Male,50,1_0_0,1.0,0.6887417218543046,0.5252525252525253,0.5346534653465347,0.5252525252525253,1.0,1.0,1.0,1.0,1.0
0,Family,Male,50,1_1_1,0.6057692307692307,0.6631578947368421,0.7325581395348837,0.6831683168316832,0.49606299212598426,0.6666666666666666,0.8,1.0,0.6666666666666666,0.6666666666666666
0,Family,Male,55,0_0_0,0.019230769230769232,0.03773584905660377,1.0,0.49504950495049505,0.019230769230769232,0.0,0.0,0.0,0.0,0.0
0,Family,Male,55,0_0_1,0.8269230769230769,0.8865979381443299,0.9555555555555556,0.8910891089108911,0.7962962962962963,0.5,0.6666666666666666,1.0,0.5,0.5
0,Family,Male,55,0_1_0,0.7980769230769231,0.8645833333333334,0.9431818181818182,0.8712871287128713,0.7614678899082569,0.25,0.4,1.0,0.25,0.25
0,Family,Male,55,1_0_0,1.0,0.7197231833910035,0.5621621621621622,0.599009900990099,0.5621621621621622,1.0,1.0,1.0,1.0,1.0
0,Family,Male,55,1_1_1,0.6442307692307693,0.6261682242990654,0.6090909090909091,0.6039603960396039,0.4557823129251701,0.5,0.6666666666666666,1.0,0.5,0.5
0,Family,Male,60,0_0_0,0.038461538461538464,0.07407407407407407,1.0,0.504950495049505,0.038461538461538464,0.0,0.0,0.0,0.0,0.0
0,Family,Male,60,0_0_1,0.41346153846153844,0.581081081081081,0.9772727272727273,0.693069306930693,0.4095238095238095,0.0,0.0,0.0,0.0,0.0
0,Family,Male,60,0_1_0,0.6730769230769231,0.7821229050279329,0.9333333333333333,0.806930693069307,0.6422018348623854,0.16666666666666666,0.2857142857142857,1.0,0.16666666666666666,0.16666666666666666
0,Family,Male,60,1_0_0,1.0,0.7172413793103448,0.5591397849462365,0.594059405940594,0.5591397849462365,1.0,1.0,1.0,1.0,1.0
0,Family,Male,60,1_1_1,0.6538461538461539,0.7351351351351352,0.8395061728395061,0.7574257425742574,0.5811965811965812,0.5,0.6666666666666666,1.0,0.5,0.5
0,Family,Male,65,0_0_0,0.057692307692307696,0.10909090909090909,1.0,0.5148514851485149,0.057692307692307696,0.0,0.0,0.0,0.0,0.0
0,Family,Male,65,0_0_1,0.36538461538461536,0.5314685314685315,0.9743589743589743,0.6683168316831684,0.3619047619047619,0.0,0.0,0.0,0.0,0.0
0,Family,Male,65,0_1_0,0.5961538461538461,0.7380952380952381,0.96875,0.7821782178217822,0.5849056603773585,0.125,0.2222222222222222,1.0,0.125,0.125
0,Family,Male,65,1_0_0,1.0,0.7197231833910035,0.5621621621621622,0.599009900990099,0.5621621621621622,1.0,1.0,1.0,1.0,1.0
0,Family,Male,65,1_1_1,0.5769230769230769,0.6629834254143646,0.7792207792207793,0.698019801980198,0.49586776859504134,0.625,0.7692307692307693,1.0,0.625,0.625
0,Family,Male,70,0_0_0,0.019230769230769232,0.03773584905660377,1.0,0.49504950495049505,0.019230769230769232,0.0,0.0,0.0,0.0,0.0
0,Family,Male,70,0_0_1,0.33653846153846156,0.5,0.9722222222222222,0.6534653465346535,0.3333333333333333,0.0,0.0,0.0,0.0,0.0
0,Family,Male,70,0_1_0,0.5865384615384616,0.7305389221556886,0.9682539682539683,0.7772277227722773,0.5754716981132075,0.09090909090909091,0.16666666666666666,1.0,0.09090909090909091,0.09090909090909091
0,Family,Male,70,1_0_0,1.0,0.7197231833910035,0.5621621621621622,0.599009900990099,0.5621621621621622,1.0,1.0,1.0,1.0,1.0
0,Family,Male,70,1_1_1,0.5288461538461539,0.6285714285714286,0.7746478873239436,0.6782178217821783,0.4583333333333333,0.5454545454545454,0.7058823529411765,1.0,0.5454545454545454,0.5454545454545454
0,Family,Male,75,0_0_0,0.0,0.0,0.0,0.48514851485148514,0.0,0.0,0.0,0.0,0.0,0.0
0,Family,Male,75,0_0_1,0.4230769230769231,0.5827814569536424,0.9361702127659575,0.6881188118811881,0.411214953271028,0.07692307692307693,0.14285714285714285,1.0,0.07692307692307693,0.07692307692307693
0,Family,Male,75,0_1_0,0.40384615384615385,0.5753424657534246,1.0,0.693069306930693,0.40384615384615385,0.0,0.0,0.0,0.0,0.0
0,Family,Male,75,1_0_0,0.9326923076923077,0.8508771929824561,0.782258064516129,0.8316831683168316,0.7404580152671756,0.8461538461538461,0.9166666666666666,1.0,0.8461538461538461,0.8461538461538461
0,Family,Male,75,1_1_1,0.33653846153846156,0.5,0.9722222222222222,0.6534653465346535,0.3333333333333333,0.07692307692307693,0.14285714285714285,1.0,0.07692307692307693,0.07692307692307693
0,Family,Male,80,0_0_0,0.0,0.0,0.0,0.48514851485148514,0.0,0.0,0.0,0.0,0.0,0.0
0,Family,Male,80,0_0_1,0.28846153846153844,0.43795620437956206,0.9090909090909091,0.6188118811881188,0.2803738317757009,0.0,0.0,0.0,0.0,0.0
0,Family,Male,80,0_1_0,0.3269230769230769,0.4892086330935252,0.9714285714285714,0.6485148514851485,0.3238095238095238,0.06666666666666667,0.125,1.0,0.06666666666666667,0.06666666666666667
0,Family,Male,80,1_0_0,0.8653846153846154,0.8372093023255814,0.8108108108108109,0.8267326732673267,0.72,0.8,0.8888888888888888,1.0,0.8,0.8
0,Family,Male,80,1_1_1,0.25961538461538464,0.4122137404580153,1.0,0.6188118811881188,0.25961538461538464,0.06666666666666667,0.125,1.0,0.06666666666666667,0.06666666666666667
0,Family,PersonWithASibling,0,0_0_0,0.0,0.0,0.0,0.6435643564356436,0.0,,,,,
0,Family,PersonWithASibling,0,0_0_1,0.041666666666666664,0.08,1.0,0.6584158415841584,0.041666666666666664,,,,,
0,Family,PersonWithASibling,0,0_1_0,0.06944444444444445,0.12195121951219512,0.5,0.6435643564356436,0.06493506493506493,,,,,
0,Family,PersonWithASibling,0,1_0_0,0.6805555555555556,0.48756218905472637,0.3798449612403101,0.4900990099009901,0.3223684210526316,,,,,
0,Family,PersonWithASibling,0,1_1_1,0.2361111111111111,0.2556390977443609,0.2786885245901639,0.5099009900990099,0.14655172413793102,,,,,
0,Family,PersonWithASibling,5,0_0_0,0.0,0.0,0.0,0.6435643564356436,0.0,,,,,
0,Family,PersonWithASibling,5,0_0_1,0.041666666666666664,0.08,1.0,0.6584158415841584,0.041666666666666664,,,,,
0,Family,PersonWithASibling,5,0_1_0,0.06944444444444445,0.12195121951219512,0.5,0.6435643564356436,0.06493506493506493,,,,,
0,Family,PersonWithASibling,5,1_0_0,0.6805555555555556,0.48756218905472637,0.3798449612403101,0.4900990099009901,0.3223684210526316,,,,,
0,Family,PersonWithASibling,5,1_1_1,0.2361111111111111,0.2556390977443609,0.2786885245901639,0.5099009900990099,0.14655172413793102,,,,,
0,Family,PersonWithASibling,10,0_0_0,0.0,0.0,0.0,0.6435643564356436,0.0,,,,,
0,Family,PersonWithASibling,10,0_0_1,0.041666666666666664,0.08,1.0,0.6584158415841584,0.041666666666666664,,,,,
0,Family,PersonWithASibling,10,0_1_0,0.06944444444444445,0.12195121951219512,0.5,0.6435643564356436,0.06493506493506493,,,,,
0,Family,PersonWithASibling,10,1_0_0,0.6805555555555556,0.48756218905472637,0.3798449612403101,0.4900990099009901,0.3223684210526316,,,,,
0,Family,PersonWithASibling,10,1_1_1,0.2361111111111111,0.2556390977443609,0.2786885245901639,0.5099009900990099,0.14655172413793102,,,,,
0,Family,PersonWithASibling,15,0_0_0,0.0,0.0,0.0,0.6435643564356436,0.0,,,,,
0,Family,PersonWithASibling,15,0_0_1,0.041666666666666664,0.08,1.0,0.6584158415841584,0.041666666666666664,,,,,
0,Family,PersonWithASibling,15,0_1_0,0.06944444444444445,0.12195121951219512,0.5,0.6435643564356436,0.06493506493506493,,,,,
0,Family,PersonWithASibling,15,1_0_0,0.6805555555555556,0.48756218905472637,0.3798449612403101,0.4900990099009901,0.3223684210526316,,,,,
0,Family,PersonWithASibling,15,1_1_1,0.2361111111111111,0.2556390977443609,0.2786885245901639,0.5099009900990099,0.14655172413793102,,,,,
0,Family,PersonWithASibling,20,0_0_0,0.0,0.0,0.0,0.6435643564356436,0.0,,,,,
0,Family,PersonWithASibling,20,0_0_1,0.041666666666666664,0.08,1.0,0.6584158415841584,0.041666666666666664,,,,,
0,Family,PersonWithASibling,20,0_1_0,0.06944444444444445,0.12195121951219512,0.5,0.6435643564356436,0.06493506493506493,,,,,
0,Family,PersonWithASibling,20,1_0_0,0.6805555555555556,0.48756218905472637,0.3798449612403101,0.4900990099009901,0.3223684210526316,,,,,
0,Family,PersonWithASibling,20,1_1_1,0.2361111111111111,0.2556390977443609,0.2786885245901639,0.5099009900990099,0.14655172413793102,,,,,
0,Family,PersonWithASibling,25,0_0_0,0.0,0.0,0.0,0.6435643564356436,0.0,,,,,
0,Family,PersonWithASibling,25,0_0_1,0.041666666666666664,0.08,1.0,0.6584158415841584,0.041666666666666664,,,,,
0,Family,PersonWithASibling,25,0_1_0,0.06944444444444445,0.12195121951219512,0.5,0.6435643564356436,0.06493506493506493,,,,,
0,Family,PersonWithASibling,25,1_0_0,0.6805555555555556,0.48756218905472637,0.3798449612403101,0.4900990099009901,0.3223684210526316,,,,,
0,Family,PersonWithASibling,25,1_1_1,0.2361111111111111,0.2556390977443609,0.2786885245901639,0.5099009900990099,0.14655172413793102,,,,,
0,Family,PersonWithASibling,30,0_0_0,0.0,0.0,0.0,0.6435643564356436,0.0,,,,,
0,Family,PersonWithASibling,30,0_0_1,0.041666666666666664,0.08,1.0,0.6584158415841584,0.041666666666666664,,,,,
0,Family,PersonWithASibling,30,0_1_0,0.06944444444444445,0.12195121951219512,0.5,0.6435643564356436,0.06493506493506493,,,,,
0,Family,PersonWithASibling,30,1_0_0,0.6805555555555556,0.48756218905472637,0.3798449612403101,0.4900990099009901,0.3223684210526316,,,,,
0,Family,PersonWithASibling,30,1_1_1,0.2361111111111111,0.2556390977443609,0.2786885245901639,0.5099009900990099,0.14655172413793102,,,,,
0,Family,PersonWithASibling,35,0_0_0,0.0,0.0,0.0,0.6435643564356436,0.0,,,,,
0,Family,PersonWithASibling,35,0_0_1,0.041666666666666664,0.08,1.0,0.6584158415841584,0.041666666666666664,,,,,
0,Family,PersonWithASibling,35,0_1_0,0.06944444444444445,0.12195121951219512,0.5,0.6435643564356436,0.06493506493506493,,,,,
0,Family,PersonWithASibling,35,1_0_0,0.6805555555555556,0.48756218905472637,0.3798449612403101,0.4900990099009901,0.3223684210526316,,,,,
0,Family,PersonWithASibling,35,1_1_1,0.2361111111111111,0.2556390977443609,0.2786885245901639,0.5099009900990099,0.14655172413793102,,,,,
0,Family,PersonWithASibling,40,0_0_0,0.0,0.0,0.0,0.6435643564356436,0.0,,,,,
0,Family,PersonWithASibling,40,0_0_1,0.041666666666666664,0.08,1.0,0.6584158415841584,0.041666666666666664,,,,,
0,Family,PersonWithASibling,40,0_1_0,0.06944444444444445,0.12195121951219512,0.5,0.6435643564356436,0.06493506493506493,,,,,
0,Family,PersonWithASibling,40,1_0_0,0.6805555555555556,0.48756218905472637,0.3798449612403101,0.4900990099009901,0.3223684210526316,,,,,
0,Family,PersonWithASibling,40,1_1_1,0.2361111111111111,0.2556390977443609,0.2786885245901639,0.5099009900990099,0.14655172413793102,,,,,
0,Family,PersonWithASibling,45,0_0_0,0.0,0.0,0.0,0.6435643564356436,0.0,,,,,
0,Family,PersonWithASibling,45,0_0_1,0.041666666666666664,0.08,1.0,0.6584158415841584,0.041666666666666664,,,,,
0,Family,PersonWithASibling,45,0_1_0,0.06944444444444445,0.12195121951219512,0.5,0.6435643564356436,0.06493506493506493,,,,,
0,Family,PersonWithASibling,45,1_0_0,0.6805555555555556,0.48756218905472637,0.3798449612403101,0.4900990099009901,0.3223684210526316,,,,,
0,Family,PersonWithASibling,45,1_1_1,0.2361111111111111,0.2556390977443609,0.2786885245901639,0.5099009900990099,0.14655172413793102,,,,,
0,Family,PersonWithASibling,50,0_0_0,0.0,0.0,0.0,0.6435643564356436,0.0,,,,,
0,Family,PersonWithASibling,50,0_0_1,0.041666666666666664,0.08,1.0,0.6584158415841584,0.041666666666666664,,,,,
0,Family,PersonWithASibling,50,0_1_0,0.06944444444444445,0.12195121951219512,0.5,0.6435643564356436,0.06493506493506493,,,,,
0,Family,PersonWithASibling,50,1_0_0,0.6805555555555556,0.48756218905472637,0.3798449612403101,0.4900990099009901,0.3223684210526316,,,,,
0,Family,PersonWithASibling,50,1_1_1,0.2361111111111111,0.2556390977443609,0.2786885245901639,0.5099009900990099,0.14655172413793102,,,,,
0,Family,PersonWithASibling,55,0_0_0,0.0,0.0,0.0,0.6435643564356436,0.0,,,,,
0,Family,PersonWithASibling,55,0_0_1,0.041666666666666664,0.08,1.0,0.6584158415841584,0.041666666666666664,,,,,
0,Family,PersonWithASibling,55,0_1_0,0.06944444444444445,0.12195121951219512,0.5,0.6435643564356436,0.06493506493506493,,,,,
0,Family,PersonWithASibling,55,1_0_0,0.6805555555555556,0.48756218905472637,0.3798449612403101,0.4900990099009901,0.3223684210526316,,,,,
0,Family,PersonWithASibling,55,1_1_1,0.2361111111111111,0.2556390977443609,0.2786885245901639,0.5099009900990099,0.14655172413793102,,,,,
0,Family,PersonWithASibling,60,0_0_0,0.0,0.0,0.0,0.6435643564356436,0.0,,,,,
0,Family,PersonWithASibling,60,0_0_1,0.041666666666666664,0.08,1.0,0.6584158415841584,0.041666666666666664,,,,,
0,Family,PersonWithASibling,60,0_1_0,0.06944444444444445,0.12195121951219512,0.5,0.6435643564356436,0.06493506493506493,,,,,
0,Family,PersonWithASibling,60,1_0_0,0.6805555555555556,0.48756218905472637,0.3798449612403101,0.4900990099009901,0.3223684210526316,,,,,
0,Family,PersonWithASibling,60,1_1_1,0.2361111111111111,0.2556390977443609,0.2786885245901639,0.5099009900990099,0.14655172413793102,,,,,
0,Family,PersonWithASibling,65,0_0_0,0.0,0.0,0.0,0.6435643564356436,0.0,,,,,
0,Family,PersonWithASibling,65,0_0_1,0.041666666666666664,0.08,1.0,0.6584158415841584,0.041666666666666664,,,,,
0,Family,PersonWithASibling,65,0_1_0,0.06944444444444445,0.12195121951219512,0.5,0.6435643564356436,0.06493506493506493,,,,,
0,Family,PersonWithASibling,65,1_0_0,0.6805555555555556,0.48756218905472637,0.3798449612403101,0.4900990099009901,0.3223684210526316,,,,,
0,Family,PersonWithASibling,65,1_1_1,0.2361111111111111,0.2556390977443609,0.2786885245901639,0.5099009900990099,0.14655172413793102,,,,,
0,Family,PersonWithASibling,70,0_0_0,0.0,0.0,0.0,0.6435643564356436,0.0,,,,,
0,Family,PersonWithASibling,70,0_0_1,0.041666666666666664,0.08,1.0,0.6584158415841584,0.041666666666666664,,,,,
0,Family,PersonWithASibling,70,0_1_0,0.06944444444444445,0.12195121951219512,0.5,0.6435643564356436,0.06493506493506493,,,,,
0,Family,PersonWithASibling,70,1_0_0,0.6805555555555556,0.48756218905472637,0.3798449612403101,0.4900990099009901,0.3223684210526316,,,,,
0,Family,PersonWithASibling,70,1_1_1,0.2361111111111111,0.2556390977443609,0.2786885245901639,0.5099009900990099,0.14655172413793102,,,,,
0,Family,PersonWithASibling,75,0_0_0,0.0,0.0,0.0,0.6435643564356436,0.0,,,,,
0,Family,PersonWithASibling,75,0_0_1,0.041666666666666664,0.08,1.0,0.6584158415841584,0.041666666666666664,,,,,
0,Family,PersonWithASibling,75,0_1_0,0.06944444444444445,0.12195121951219512,0.5,0.6435643564356436,0.06493506493506493,,,,,
0,Family,PersonWithASibling,75,1_0_0,0.6805555555555556,0.48756218905472637,0.3798449612403101,0.4900990099009901,0.3223684210526316,,,,,
0,Family,PersonWithASibling,75,1_1_1,0.2361111111111111,0.2556390977443609,0.2786885245901639,0.5099009900990099,0.14655172413793102,,,,,
0,Family,PersonWithASibling,80,0_0_0,0.0,0.0,0.0,0.6435643564356436,0.0,,,,,
0,Family,PersonWithASibling,80,0_0_1,0.041666666666666664,0.08,1.0,0.6584158415841584,0.041666666666666664,,,,,
0,Family,PersonWithASibling,80,0_1_0,0.06944444444444445,0.12195121951219512,0.5,0.6435643564356436,0.06493506493506493,,,,,
0,Family,PersonWithASibling,80,1_0_0,0.6805555555555556,0.48756218905472637,0.3798449612403101,0.4900990099009901,0.3223684210526316,,,,,
0,Family,PersonWithASibling,80,1_1_1,0.2361111111111111,0.2556390977443609,0.2786885245901639,0.5099009900990099,0.14655172413793102,,,,,
0,Family,Child,0,0_0_0,0.0,0.0,0.0,0.48514851485148514,0.0,,,,,
0,Family,Child,0,0_0_1,0.0,0.0,0.0,0.48514851485148514,0.0,,,,,
0,Family,Child,0,0_1_0,0.009615384615384616,0.018691588785046728,0.3333333333333333,0.4801980198019802,0.009433962264150943,,,,,
0,Family,Child,0,1_0_0,0.9423076923076923,0.6853146853146853,0.5384615384615384,0.5544554455445545,0.5212765957446809,,,,,
0,Family,Child,0,1_1_1,0.27884615384615385,0.3411764705882353,0.4393939393939394,0.44554455445544555,0.20567375886524822,,,,,
0,Family,Child,5,0_0_0,0.0,0.0,0.0,0.48514851485148514,0.0,,,,,
0,Family,Child,5,0_0_1,0.0,0.0,0.0,0.48514851485148514,0.0,,,,,
0,Family,Child,5,0_1_0,0.009615384615384616,0.018691588785046728,0.3333333333333333,0.4801980198019802,0.009433962264150943,,,,,
0,Family,Child,5,1_0_0,0.9423076923076923,0.6853146853146853,0.5384615384615384,0.5544554455445545,0.5212765957446809,,,,,
0,Family,Child,5,1_1_1,0.27884615384615385,0.3411764705882353,0.4393939393939394,0.44554455445544555,0.20567375886524822,,,,,
0,Family,Child,10,0_0_0,0.0,0.0,0.0,0.48514851485148514,0.0,,,,,
0,Family,Child,10,0_0_1,0.0,0.0,0.0,0.48514851485148514,0.0,,,,,
0,Family,Child,10,0_1_0,0.009615384615384616,0.018691588785046728,0.3333333333333333,0.4801980198019802,0.009433962264150943,,,,,
0,Family,Child,10,1_0_0,0.9423076923076923,0.6853146853146853,0.5384615384615384,0.5544554455445545,0.5212765957446809,,,,,
0,Family,Child,10,1_1_1,0.27884615384615385,0.3411764705882353,0.4393939393939394,0.44554455445544555,0.20567375886524822,,,,,
0,Family,Child,15,0_0_0,0.0,0.0,0.0,0.48514851485148514,0.0,,,,,
0,Family,Child,15,0_0_1,0.0,0.0,0.0,0.48514851485148514,0.0,,,,,
0,Family,Child,15,0_1_0,0.009615384615384616,0.018691588785046728,0.3333333333333333,0.4801980198019802,0.009433962264150943,,,,,
0,Family,Child,15,1_0_0,0.9423076923076923,0.6853146853146853,0.5384615384615384,0.5544554455445545,0.5212765957446809,,,,,
0,Family,Child,15,1_1_1,0.27884615384615385,0.3411764705882353,0.4393939393939394,0.44554455445544555,0.20567375886524822,,,,,
0,Family,Child,20,0_0_0,0.0,0.0,0.0,0.48514851485148514,0.0,,,,,
0,Family,Child,20,0_0_1,0.0,0.0,0.0,0.48514851485148514,0.0,,,,,
0,Family,Child,20,0_1_0,0.009615384615384616,0.018691588785046728,0.3333333333333333,0.4801980198019802,0.009433962264150943,,,,,
0,Family,Child,20,1_0_0,0.9423076923076923,0.6853146853146853,0.5384615384615384,0.5544554455445545,0.5212765957446809,,,,,
0,Family,Child,20,1_1_1,0.27884615384615385,0.3411764705882353,0.4393939393939394,0.44554455445544555,0.20567375886524822,,,,,
0,Family,Child,25,0_0_0,0.0,0.0,0.0,0.48514851485148514,0.0,,,,,
0,Family,Child,25,0_0_1,0.0,0.0,0.0,0.48514851485148514,0.0,,,,,
0,Family,Child,25,0_1_0,0.009615384615384616,0.018691588785046728,0.3333333333333333,0.4801980198019802,0.009433962264150943,,,,,
0,Family,Child,25,1_0_0,0.9423076923076923,0.6853146853146853,0.5384615384615384,0.5544554455445545,0.5212765957446809,,,,,
0,Family,Child,25,1_1_1,0.27884615384615385,0.3411764705882353,0.4393939393939394,0.44554455445544555,0.20567375886524822,,,,,
0,Family,Child,30,0_0_0,0.0,0.0,0.0,0.48514851485148514,0.0,,,,,
0,Family,Child,30,0_0_1,0.0,0.0,0.0,0.48514851485148514,0.0,,,,,
0,Family,Child,30,0_1_0,0.009615384615384616,0.018691588785046728,0.3333333333333333,0.4801980198019802,0.009433962264150943,,,,,
0,Family,Child,30,1_0_0,0.9423076923076923,0.6853146853146853,0.5384615384615384,0.5544554455445545,0.5212765957446809,,,,,
0,Family,Child,30,1_1_1,0.27884615384615385,0.3411764705882353,0.4393939393939394,0.44554455445544555,0.20567375886524822,,,,,
0,Family,Child,35,0_0_0,0.0,0.0,0.0,0.48514851485148514,0.0,,,,,
0,Family,Child,35,0_0_1,0.0,0.0,0.0,0.48514851485148514,0.0,,,,,
0,Family,Child,35,0_1_0,0.009615384615384616,0.018691588785046728,0.3333333333333333,0.4801980198019802,0.009433962264150943,,,,,
0,Family,Child,35,1_0_0,0.9423076923076923,0.6853146853146853,0.5384615384615384,0.5544554455445545,0.5212765957446809,,,,,
0,Family,Child,35,1_1_1,0.27884615384615385,0.3411764705882353,0.4393939393939394,0.44554455445544555,0.20567375886524822,,,,,
0,Family,Child,40,0_0_0,0.0,0.0,0.0,0.48514851485148514,0.0,,,,,
0,Family,Child,40,0_0_1,0.0,0.0,0.0,0.48514851485148514,0.0,,,,,
0,Family,Child,40,0_1_0,0.009615384615384616,0.018691588785046728,0.3333333333333333,0.4801980198019802,0.009433962264150943,,,,,
0,Family,Child,40,1_0_0,0.9423076923076923,0.6853146853146853,0.5384615384615384,0.5544554455445545,0.5212765957446809,,,,,
0,Family,Child,40,1_1_1,0.27884615384615385,0.3411764705882353,0.4393939393939394,0.44554455445544555,0.20567375886524822,,,,,
0,Family,Child,45,0_0_0,0.0,0.0,0.0,0.48514851485148514,0.0,,,,,
0,Family,Child,45,0_0_1,0.0,0.0,0.0,0.48514851485148514,0.0,,,,,
0,Family,Child,45,0_1_0,0.009615384615384616,0.018691588785046728,0.3333333333333333,0.4801980198019802,0.009433962264150943,,,,,
0,Family,Child,45,1_0_0,0.9423076923076923,0.6853146853146853,0.5384615384615384,0.5544554455445545,0.5212765957446809,,,,,
0,Family,Child,45,1_1_1,0.27884615384615385,0.3411764705882353,0.4393939393939394,0.44554455445544555,0.20567375886524822,,,,,
0,Family,Child,50,0_0_0,0.0,0.0,0.0,0.48514851485148514,0.0,,,,,
0,Family,Child,50,0_0_1,0.0,0.0,0.0,0.48514851485148514,0.0,,,,,
0,Family,Child,50,0_1_0,0.009615384615384616,0.018691588785046728,0.3333333333333333,0.4801980198019802,0.009433962264150943,,,,,
0,Family,Child,50,1_0_0,0.9423076923076923,0.6853146853146853,0.5384615384615384,0.5544554455445545,0.5212765957446809,,,,,
0,Family,Child,50,1_1_1,0.27884615384615385,0.3411764705882353,0.4393939393939394,0.44554455445544555,0.20567375886524822,,,,,
0,Family,Child,55,0_0_0,0.0,0.0,0.0,0.48514851485148514,0.0,,,,,
0,Family,Child,55,0_0_1,0.0,0.0,0.0,0.48514851485148514,0.0,,,,,
0,Family,Child,55,0_1_0,0.009615384615384616,0.018691588785046728,0.3333333333333333,0.4801980198019802,0.009433962264150943,,,,,
0,Family,Child,55,1_0_0,0.9423076923076923,0.6853146853146853,0.5384615384615384,0.5544554455445545,0.5212765957446809,,,,,
0,Family,Child,55,1_1_1,0.27884615384615385,0.3411764705882353,0.4393939393939394,0.44554455445544555,0.20567375886524822,,,,,
0,Family,Child,60,0_0_0,0.0,0.0,0.0,0.48514851485148514,0.0,,,,,
0,Family,Child,60,0_0_1,0.0,0.0,0.0,0.48514851485148514,0.0,,,,,
0,Family,Child,60,0_1_0,0.009615384615384616,0.018691588785046728,0.3333333333333333,0.4801980198019802,0.009433962264150943,,,,,
0,Family,Child,60,1_0_0,0.9423076923076923,0.6853146853146853,0.5384615384615384,0.5544554455445545,0.5212765957446809,,,,,
0,Family,Child,60,1_1_1,0.27884615384615385,0.3411764705882353,0.4393939393939394,0.44554455445544555,0.20567375886524822,,,,,
0,Family,Child,65,0_0_0,0.0,0.0,0.0,0.48514851485148514,0.0,,,,,
0,Family,Child,65,0_0_1,0.0,0.0,0.0,0.48514851485148514,0.0,,,,,
0,Family,Child,65,0_1_0,0.009615384615384616,0.018691588785046728,0.3333333333333333,0.4801980198019802,0.009433962264150943,,,,,
0,Family,Child,65,1_0_0,0.9423076923076923,0.6853146853146853,0.5384615384615384,0.5544554455445545,0.5212765957446809,,,,,
0,Family,Child,65,1_1_1,0.27884615384615385,0.3411764705882353,0.4393939393939394,0.44554455445544555,0.20567375886524822,,,,,
0,Family,Child,70,0_0_0,0.0,0.0,0.0,0.48514851485148514,0.0,,,,,
0,Family,Child,70,0_0_1,0.0,0.0,0.0,0.48514851485148514,0.0,,,,,
0,Family,Child,70,0_1_0,0.009615384615384616,0.018691588785046728,0.3333333333333333,0.4801980198019802,0.009433962264150943,,,,,
0,Family,Child,70,1_0_0,0.9423076923076923,0.6853146853146853,0.5384615384615384,0.5544554455445545,0.5212765957446809,,,,,
0,Family,Child,70,1_1_1,0.27884615384615385,0.3411764705882353,0.4393939393939394,0.44554455445544555,0.20567375886524822,,,,,
0,Family,Child,75,0_0_0,0.0,0.0,0.0,0.48514851485148514,0.0,,,,,
0,Family,Child,75,0_0_1,0.0,0.0,0.0,0.48514851485148514,0.0,,,,,
0,Family,Child,75,0_1_0,0.009615384615384616,0.018691588785046728,0.3333333333333333,0.4801980198019802,0.009433962264150943,,,,,
0,Family,Child,75,1_0_0,0.9423076923076923,0.6853146853146853,0.5384615384615384,0.5544554455445545,0.5212765957446809,,,,,
0,Family,Child,75,1_1_1,0.27884615384615385,0.3411764705882353,0.4393939393939394,0.44554455445544555,0.20567375886524822,,,,,
0,Family,Child,80,0_0_0,0.0,0.0,0.0,0.48514851485148514,0.0,,,,,
0,Family,Child,80,0_0_1,0.0,0.0,0.0,0.48514851485148514,0.0,,,,,
0,Family,Child,80,0_1_0,0.009615384615384616,0.018691588785046728,0.3333333333333333,0.4801980198019802,0.009433962264150943,,,,,
0,Family,Child,80,1_0_0,0.9423076923076923,0.6853146853146853,0.5384615384615384,0.5544554455445545,0.5212765957446809,,,,,
0,Family,Child,80,1_1_1,0.27884615384615385,0.3411764705882353,0.4393939393939394,0.44554455445544555,0.20567375886524822,,,,,
0,Family,Person,0,0_0_0,0.0049504950495049506,0.009852216748768473,1.0,0.0049504950495049506,0.0049504950495049506,,,,,
0,Family,Person,0,0_0_1,1.0,1.0,1.0,1.0,1.0,,,,,
0,Family,Person,0,0_1_0,1.0,1.0,1.0,1.0,1.0,,,,,
0,Family,Person,0,1_0_0,1.0,1.0,1.0,1.0,1.0,,,,,
0,Family,Person,0,1_1_1,0.4801980198019802,0.6488294314381271,1.0,0.4801980198019802,0.4801980198019802,,,,,
0,Family,Person,5,0_0_0,0.01485148514851485,0.02926829268292683,1.0,0.01485148514851485,0.01485148514851485,,,,,
0,Family,Person,5,0_0_1,0.995049504950495,0.9975186104218362,1.0,0.995049504950495,0.995049504950495,,,,,
0,Family,Person,5,0_1_0,1.0,1.0,1.0,1.0,1.0,,,,,
0,Family,Person,5,1_0_0,1.0,1.0,1.0,1.0,1.0,,,,,
0,Family,Person,5,1_1_1,0.0049504950495049506,0.009852216748768473,1.0,0.0049504950495049506,0.0049504950495049506,,,,,
0,Family,Person,10,0_0_0,0.0049504950495049506,0.009852216748768473,1.0,0.0049504950495049506,0.0049504950495049506,,,,,
0,Family,Person,10,0_0_1,0.9306930693069307,0.9641025641025641,1.0,0.9306930693069307,0.9306930693069307,,,,,
0,Family,Person,10,0_1_0,0.9108910891089109,0.9533678756476683,1.0,0.9108910891089109,0.9108910891089109,,,,,
0,Family,Person,10,1_0_0,1.0,1.0,1.0,1.0,1.0,,,,,
0,Family,Person,10,1_1_1,0.19801980198019803,0.3305785123966942,1.0,0.19801980198019803,0.19801980198019803,,,,,
0,Family,Person,15,0_0_0,0.0,0.0,0.0,0.0,0.0,,,,,
0,Family,Person,15,0_0_1,0.9900990099009901,0.9950248756218906,1.0,0.9900990099009901,0.9900990099009901,,,,,
0,Family,Person,15,0_1_0,0.9257425742574258,0.961439588688946,1.0,0.9257425742574258,0.9257425742574258,,,,,
0,Family,Person,15,1_0_0,1.0,1.0,1.0,1.0,1.0,,,,,
0,Family,Person,15,1_1_1,0.8811881188118812,0.9368421052631579,1.0,0.8811881188118812,0.8811881188118812,,,,,
0,Family,Person,20,0_0_0,0.1188118811881188,0.21238938053097345,1.0,0.1188118811881188,0.1188118811881188,,,,,
0,Family,Person,20,0_0_1,0.9900990099009901,0.9950248756218906,1.0,0.9900990099009901,0.9900990099009901,,,,,
0,Family,Person,20,0_1_0,0.8712871287128713,0.9312169312169312,1.0,0.8712871287128713,0.8712871287128713,,,,,
0,Family,Person,20,1_0_0,1.0,1.0,1.0,1.0,1.0,,,,,
0,Family,Person,20,1_1_1,0.06930693069306931,0.12962962962962962,1.0,0.06930693069306931,0.06930693069306931,,,,,
0,Family,Person,25,0_0_0,0.07425742574257425,0.1382488479262673,1.0,0.07425742574257425,0.07425742574257425,,,,,
0,Family,Person,25,0_0_1,0.905940594059406,0.9506493506493506,1.0,0.905940594059406,0.905940594059406,,,,,
0,Family,Person,25,0_1_0,0.8960396039603961,0.9451697127937336,1.0,0.8960396039603961,0.8960396039603961,,,,,
0,Family,Person,25,1_0_0,0.995049504950495,0.9975186104218362,1.0,0.995049504950495,0.995049504950495,,,,,
0,Family,Person,25,1_1_1,0.0049504950495049506,0.009852216748768473,1.0,0.0049504950495049506,0.0049504950495049506,,,,,
0,Family,Person,30,0_0_0,0.06930693069306931,0.12962962962962962,1.0,0.06930693069306931,0.06930693069306931,,,,,
0,Family,Person,30,0_0_1,0.8366336633663366,0.9110512129380054,1.0,0.8366336633663366,0.8366336633663366,,,,,
0,Family,Person,30,0_1_0,0.8712871287128713,0.9312169312169312,1.0,0.8712871287128713,0.8712871287128713,,,,,
0,Family,Person,30,1_0_0,1.0,1.0,1.0,1.0,1.0,,,,,
0,Family,Person,30,1_1_1,0.039603960396039604,0.0761904761904762,1.0,0.039603960396039604,0.039603960396039604,,,,,
0,Family,Person,35,0_0_0,0.0049504950495049506,0.009852216748768473,1.0,0.0049504950495049506,0.0049504950495049506,,,,,
0,Family,Person,35,0_0_1,0.9405940594059405,0.9693877551020408,1.0,0.9405940594059405,0.9405940594059405,,,,,
0,Family,Person,35,0_1_0,0.8811881188118812,0.9368421052631579,1.0,0.8811881188118812,0.8811881188118812,,,,,
0,Family,Person,35,1_0_0,1.0,1.0,1.0,1.0,1.0,,,,,
0,Family,Person,35,1_1_1,0.054455445544554455,0.10328638497652583,1.0,0.054455445544554455,0.054455445544554455,,,,,
0,Family,Person,40,0_0_0,0.0049504950495049506,0.009852216748768473,1.0,0.0049504950495049506,0.0049504950495049506,,,,,
0,Family,Person,40,0_0_1,0.9257425742574258,0.961439588688946,1.0,0.9257425742574258,0.9257425742574258,,,,,
0,Family,Person,40,0_1_0,0.8564356435643564,0.9226666666666666,1.0,0.8564356435643564,0.8564356435643564,,,,,
0,Family,Person,40,1_0_0,1.0,1.0,1.0,1.0,1.0,,,,,
0,Family,Person,40,1_1_1,0.06930693069306931,0.12962962962962962,1.0,0.06930693069306931,0.06930693069306931,,,,,
0,Family,Person,45,0_0_0,0.15346534653465346,0.26609442060085836,1.0,0.15346534653465346,0.15346534653465346,,,,,
0,Family,Person,45,0_0_1,0.9405940594059405,0.9693877551020408,1.0,0.9405940594059405,0.9405940594059405,,,,,
0,Family,Person,45,0_1_0,0.9306930693069307,0.9641025641025641,1.0,0.9306930693069307,0.9306930693069307,,,,,
0,Family,Person,45,1_0_0,1.0,1.0,1.0,1.0,1.0,,,,,
0,Family,Person,45,1_1_1,0.0049504950495049506,0.009852216748768473,1.0,0.0049504950495049506,0.0049504950495049506,,,,,
0,Family,Person,50,0_0_0,0.21782178217821782,0.35772357723577236,1.0,0.21782178217821782,0.21782178217821782,,,,,
0,Family,Person,50,0_0_1,0.9554455445544554,0.9772151898734177,1.0,0.9554455445544554,0.9554455445544554,,,,,
0,Family,Person,50,0_1_0,0.8811881188118812,0.9368421052631579,1.0,0.8811881188118812,0.8811881188118812,,,,,
0,Family,Person,50,1_0_0,1.0,1.0,1.0,1.0,1.0,,,,,
0,Family,Person,50,1_1_1,0.5891089108910891,0.7414330218068536,1.0,0.5891089108910891,0.5891089108910891,,,,,
0,Family,Person,55,0_0_0,0.18811881188118812,0.31666666666666665,1.0,0.18811881188118812,0.18811881188118812,,,,,
0,Family,Person,55,0_0_1,0.9158415841584159,0.9560723514211886,1.0,0.9158415841584159,0.9158415841584159,,,,,
0,Family,Person,55,0_1_0,0.8415841584158416,0.9139784946236559,1.0,0.8415841584158416,0.8415841584158416,,,,,
0,Family,Person,55,1_0_0,1.0,1.0,1.0,1.0,1.0,,,,,
0,Family,Person,55,1_1_1,0.5396039603960396,0.7009646302250804,1.0,0.5396039603960396,0.5396039603960396,,,,,
0,Family,Person,60,0_0_0,0.024752475247524754,0.04830917874396135,1.0,0.024752475247524754,0.024752475247524754,,,,,
0,Family,Person,60,0_0_1,0.7425742574257426,0.8522727272727273,1.0,0.7425742574257426,0.7425742574257426,,,,,
0,Family,Person,60,0_1_0,0.6336633663366337,0.7757575757575758,1.0,0.6336633663366337,0.6336633663366337,,,,,
0,Family,Person,60,1_0_0,1.0,1.0,1.0,1.0,1.0,,,,,
0,Family,Person,60,1_1_1,0.16336633663366337,0.28085106382978725,1.0,0.16336633663366337,0.16336633663366337,,,,,
0,Family,Person,65,0_0_0,0.06930693069306931,0.12962962962962962,1.0,0.06930693069306931,0.06930693069306931,,,,,
0,Family,Person,65,0_0_1,0.35148514851485146,0.5201465201465202,1.0,0.35148514851485146,0.35148514851485146,,,,,
0,Family,Person,65,0_1_0,0.4900990099009901,0.6578073089700996,1.0,0.4900990099009901,0.4900990099009901,,,,,
0,Family,Person,65,1_0_0,1.0,1.0,1.0,1.0,1.0,,,,,
0,Family,Person,65,1_1_1,0.4207920792079208,0.5923344947735192,1.0,0.4207920792079208,0.4207920792079208,,,,,
0,Family,Person,70,0_0_0,0.15841584158415842,0.27350427350427353,1.0,0.15841584158415842,0.15841584158415842,,,,,
0,Family,Person,70,0_0_1,0.5,0.6666666666666666,1.0,0.5,0.5,,,,,
0,Family,Person,70,0_1_0,0.4900990099009901,0.6578073089700996,1.0,0.4900990099009901,0.4900990099009901,,,,,
0,Family,Person,70,1_0_0,0.9900990099009901,0.9950248756218906,1.0,0.9900990099009901,0.9900990099009901,,,,,
0,Family,Person,70,1_1_1,0.6336633663366337,0.7757575757575758,1.0,0.6336633663366337,0.6336633663366337,,,,,
0,Family,Person,75,0_0_0,0.0,0.0,0.0,0.0,0.0,,,,,
0,Family,Person,75,0_0_1,0.7623762376237624,0.8651685393258427,1.0,0.7623762376237624,0.7623762376237624,,,,,
0,Family,Person,75,0_1_0,0.4603960396039604,0.6305084745762712,1.0,0.4603960396039604,0.4603960396039604,,,,,
0,Family,Person,75,1_0_0,1.0,1.0,1.0,1.0,1.0,,,,,
0,Family,Person,75,1_1_1,0.27722772277227725,0.43410852713178294,1.0,0.27722772277227725,0.27722772277227725,,,,,
0,Family,Person,80,0_0_0,0.039603960396039604,0.0761904761904762,1.0,0.039603960396039604,0.039603960396039604,,,,,
0,Family,Person,80,0_0_1,0.7475247524752475,0.8555240793201133,1.0,0.7475247524752475,0.7475247524752475,,,,,
0,Family,Person,80,0_1_0,0.48514851485148514,0.6533333333333333,1.0,0.48514851485148514,0.48514851485148514,,,,,
0,Family,Person,80,1_0_0,0.9801980198019802,0.99,1.0,0.9801980198019802,0.9801980198019802,,,,,
0,Family,Person,80,1_1_1,0.1485148514851485,0.25862068965517243,1.0,0.1485148514851485,0.1485148514851485,,,,,
0,Family,Daughter,0,0_0_0,0.038461538461538464,0.07407407407407407,1.0,0.7524752475247525,0.038461538461538464,,,,,
0,Family,Daughter,0,0_0_1,1.0,0.7428571428571429,0.5909090909090909,0.8217821782178217,0.5909090909090909,,,,,
0,Family,Daughter,0,0_1_0,1.0,0.7272727272727273,0.5714285714285714,0.806930693069307,0.5714285714285714,,,,,
0,Family,Daughter,0,1_0_0,1.0,0.5942857142857143,0.42276422764227645,0.6485148514851485,0.42276422764227645,,,,,
0,Family,Daughter,0,1_1_1,0.9807692307692307,0.6891891891891891,0.53125,0.7722772277227723,0.5257731958762887,,,,,
0,Family,Daughter,5,0_0_0,0.038461538461538464,0.07407407407407407,1.0,0.7524752475247525,0.038461538461538464,0.0,0.0,0.0,0.0,0.0
0,Family,Daughter,5,0_0_1,1.0,0.7375886524822695,0.5842696629213483,0.8168316831683168,0.5842696629213483,1.0,1.0,1.0,1.0,1.0
0,Family,Daughter,5,0_1_0,1.0,0.7272727272727273,0.5714285714285714,0.806930693069307,0.5714285714285714,1.0,1.0,1.0,1.0,1.0
0,Family,Daughter,5,1_0_0,1.0,0.6265060240963856,0.45614035087719296,0.693069306930693,0.45614035087719296,1.0,1.0,1.0,1.0,1.0
0,Family,Daughter,5,1_1_1,0.9230769230769231,0.6620689655172414,0.5161290322580645,0.7574257425742574,0.4948453608247423,0.0,0.0,0.0,0.0,0.0
0,Family,Daughter,10,0_0_0,0.5576923076923077,0.7160493827160493,1.0,0.8861386138613861,0.5576923076923077,0.0,0.0,0.0,0.0,0.0
0,Family,Daughter,10,0_0_1,1.0,0.697986577181208,0.5360824742268041,0.7772277227722773,0.5360824742268041,1.0,1.0,1.0,1.0,1.0
0,Family,Daughter,10,0_1_0,1.0,0.7482014388489209,0.5977011494252874,0.8267326732673267,0.5977011494252874,1.0,1.0,1.0,1.0,1.0
0,Family,Daughter,10,1_0_0,1.0,0.41767068273092367,0.2639593908629442,0.28217821782178215,0.2639593908629442,1.0,1.0,1.0,1.0,1.0
0,Family,Daughter,10,1_1_1,0.9807692307692307,0.6938775510204082,0.5368421052631579,0.7772277227722773,0.53125,0.8,0.8888888888888888,1.0,0.8,0.8
0,Family,Daughter,15,0_0_0,0.5,0.6666666666666666,1.0,0.8712871287128713,0.5,0.0,0.0,0.0,0.0,0.0
0,Family,Daughter,15,0_0_1,1.0,0.7222222222222222,0.5652173913043478,0.801980198019802,0.5652173913043478,1.0,1.0,1.0,1.0,1.0
0,Family,Daughter,15,0_1_0,1.0,0.7482014388489209,0.5977011494252874,0.8267326732673267,0.5977011494252874,1.0,1.0,1.0,1.0,1.0
0,Family,Daughter,15,1_0_0,1.0,0.42448979591836733,0.2694300518134715,0.30198019801980197,0.2694300518134715,1.0,1.0,1.0,1.0,1.0
0,Family,Daughter,15,1_1_1,0.9807692307692307,0.6938775510204082,0.5368421052631579,0.7772277227722773,0.53125,0.8571428571428571,0.9230769230769231,1.0,0.8571428571428571,0.8571428571428571
0,Family,Daughter,20,0_0_0,0.46153846153846156,0.631578947368421,1.0,0.8613861386138614,0.46153846153846156,0.0,0.0,0.0,0.0,0.0
0,Family,Daughter,20,0_0_1,1.0,0.7323943661971831,0.5777777777777777,0.8118811881188119,0.5777777777777777,1.0,1.0,1.0,1.0,1.0
0,Family,Daughter,20,0_1_0,1.0,0.7703703703703704,0.6265060240963856,0.8465346534653465,0.6265060240963856,1.0,1.0,1.0,1.0,1.0
0,Family,Daughter,20,1_0_0,1.0,0.4315352697095436,0.2751322751322751,0.3217821782178218,0.2751322751322751,1.0,1.0,1.0,1.0,1.0
0,Family,Daughter,20,1_1_1,0.9807692307692307,0.6938775510204082,0.5368421052631579,0.7772277227722773,0.53125,0.9,0.9473684210526315,1.0,0.9,0.9
0,Family,Daughter,25,0_0_0,0.40384615384615385,0.5753424657534246,1.0,0.8465346534653465,0.40384615384615385,0.0,0.0,0.0,0.0,0.0
0,Family,Daughter,25,0_0_1,1.0,0.7272727272727273,0.5714285714285714,0.806930693069307,0.5714285714285714,1.0,1.0,1.0,1.0,1.0
0,Family,Daughter,25,0_1_0,0.9807692307692307,0.796875,0.6710526315789473,0.8712871287128713,0.6623376623376623,0.9230769230769231,0.96,1.0,0.9230769230769231,0.9230769230769231
0,Family,Daughter,25,1_0_0,1.0,0.416,0.26262626262626265,0.27722772277227725,0.26262626262626265,1.0,1.0,1.0,1.0,1.0
0,Family,Daughter,25,1_1_1,0.9615384615384616,0.684931506849315,0.5319148936170213,0.7722772277227723,0.5208333333333334,0.8461538461538461,0.9166666666666666,1.0,0.8461538461538461,0.8461538461538461
0,Family,Daughter,30,0_0_0,0.40384615384615385,0.5753424657534246,1.0,0.8465346534653465,0.40384615384615385,0.0,0.0,0.0,0.0,0.0
0,Family,Daughter,30,0_0_1,1.0,0.6419753086419753,0.4727272727272727,0.7128712871287128,0.4727272727272727,1.0,1.0,1.0,1.0,1.0
0,Family,Daughter,30,0_1_0,1.0,0.7761194029850746,0.6341463414634146,0.8514851485148515,0.6341463414634146,1.0,1.0,1.0,1.0,1.0
0,Family,Daughter,30,1_0_0,1.0,0.41106719367588934,0.25870646766169153,0.2623762376237624,0.25870646766169153,1.0,1.0,1.0,1.0,1.0
0,Family,Daughter,30,1_1_1,1.0,0.7027027027027027,0.5416666666666666,0.7821782178217822,0.5416666666666666,1.0,1.0,1.0,1.0,1.0
0,Family,Daughter,35,0_0_0,0.3076923076923077,0.47058823529411764,1.0,0.8217821782178217,0.3076923076923077,0.0,0.0,0.0,0.0,0.0
0,Family,Daughter,35,0_0_1,0.7307692307692307,0.8444444444444444,1.0,0.9306930693069307,0.7307692307692307,0.2222222222222222,0.36363636363636365,1.0,0.2222222222222222,0.2222222222222222
0,Family,Daughter,35,0_1_0,0.6538461538461539,0.7906976744186046,1.0,0.9108910891089109,0.6538461538461539,0.0,0.0,0.0,0.0,0.0
0,Family,Daughter,35,1_0_0,1.0,0.6081871345029239,0.4369747899159664,0.6683168316831684,0.4369747899159664,1.0,1.0,1.0,1.0,1.0
0,Family,Daughter,35,1_1_1,0.5769230769230769,0.594059405940594,0.6122448979591837,0.7970297029702971,0.4225352112676056,0.3888888888888889,0.56,1.0,0.3888888888888889,0.3888888888888889
0,Family,Daughter,40,0_0_0,0.28846153846153844,0.44776119402985076,1.0,0.8168316831683168,0.28846153846153844,0.0,0.0,0.0,0.0,0.0
0,Family,Daughter,40,0_0_1,0.6730769230769231,0.8045977011494253,1.0,0.9158415841584159,0.6730769230769231,0.15,0.2608695652173913,1.0,0.15,0.15
0,Family,Daughter,40,0_1_0,0.6153846153846154,0.7619047619047619,1.0,0.900990099009901,0.6153846153846154,0.0,0.0,0.0,0.0,0.0
0,Family,Daughter,40,1_0_0,1.0,0.5810055865921788,0.4094488188976378,0.6287128712871287,0.4094488188976378,1.0,1.0,1.0,1.0,1.0
0,Family,Daughter,40,1_1_1,0.5769230769230769,0.5714285714285714,0.5660377358490566,0.7772277227722773,0.4,0.4,0.5714285714285714,1.0,0.4,0.4
0,Family,Daughter,45,0_0_0,0.09615384615384616,0.17543859649122806,1.0,0.7673267326732673,0.09615384615384616,0.0,0.0,0.0,0.0,0.0
0,Family,Daughter,45,0_0_1,0.8461538461538461,0.822429906542056,0.8,0.905940594059406,0.6984126984126984,0.6521739130434783,0.7894736842105263,1.0,0.6521739130434783,0.6521739130434783
0,Family,Daughter,45,0_1_0,0.8846153846153846,0.8141592920353983,0.7540983606557377,0.8960396039603961,0.6865671641791045,0.7391304347826086,0.85,1.0,0.7391304347826086,0.7391304347826086
0,Family,Daughter,45,1_0_0,1.0,0.6666666666666666,0.5,0.7425742574257426,0.5,1.0,1.0,1.0,1.0,1.0
0,Family,Daughter,45,1_1_1,0.15384615384615385,0.2191780821917808,0.38095238095238093,0.7178217821782178,0.12307692307692308,0.043478260869565216,0.08333333333333333,1.0,0.043478260869565216,0.043478260869565216
0,Family,Daughter,50,0_0_0,0.15384615384615385,0.26666666666666666,1.0,0.7821782178217822,0.15384615384615385,0.0,0.0,0.0,0.0,0.0
0,Family,Daughter,50,0_0_1,0.8076923076923077,0.8571428571428571,0.9130434782608695,0.9306930693069307,0.75,0.6153846153846154,0.7619047619047619,1.0,0.6153846153846154,0.6153846153846154
0,Family,Daughter,50,0_1_0,0.8461538461538461,0.822429906542056,0.8,0.905940594059406,0.6984126984126984,0.6923076923076923,0.8181818181818182,1.0,0.6923076923076923,0.6923076923076923
0,Family,Daughter,50,1_0_0,1.0,0.6582278481012658,0.49056603773584906,0.7326732673267327,0.49056603773584906,1.0,1.0,1.0,1.0,1.0
0,Family,Daughter,50,1_1_1,0.057692307692307696,0.08450704225352113,0.15789473684210525,0.6782178217821783,0.04411764705882353,0.038461538461538464,0.07407407407407407,1.0,0.038461538461538464,0.038461538461538464
0,Family,Daughter,55,0_0_0,0.1346153846153846,0.23728813559322035,1.0,0.7772277227722773,0.1346153846153846,0.0,0.0,0.0,0.0,0.0
0,Family,Daughter,55,0_0_1,0.7692307692307693,0.7843137254901961,0.8,0.8910891089108911,0.6451612903225806,0.5714285714285714,0.7272727272727273,1.0,0.5714285714285714,0.5714285714285714
0,Family,Daughter,55,0_1_0,0.7692307692307693,0.7843137254901961,0.8,0.8910891089108911,0.6451612903225806,0.5714285714285714,0.7272727272727273,1.0,0.5714285714285714,0.5714285714285714
0,Family,Daughter,55,1_0_0,1.0,0.6265060240963856,0.45614035087719296,0.693069306930693,0.45614035087719296,1.0,1.0,1.0,1.0,1.0
0,Family,Daughter,55,1_1_1,0.09615384615384616,0.12345679012345678,0.1724137931034483,0.6485148514851485,0.06578947368421052,0.03571428571428571,0.06896551724137931,1.0,0.03571428571428571,0.03571428571428571
0,Family,Daughter,60,0_0_0,0.09615384615384616,0.17543859649122806,1.0,0.7673267326732673,0.09615384615384616,0.0,0.0,0.0,0.0,0.0
0,Family,Daughter,60,0_0_1,0.75,0.7959183673469388,0.8478260869565217,0.900990099009901,0.6610169491525424,0.5806451612903226,0.7346938775510204,1.0,0.5806451612903226,0.5806451612903226
0,Family,Daughter,60,0_1_0,0.8269230769230769,0.8269230769230769,0.8269230769230769,0.9108910891089109,0.7049180327868853,0.7096774193548387,0.8301886792452831,1.0,0.7096774193548387,0.7096774193548387
0,Family,Daughter,60,1_0_0,1.0,0.5306122448979592,0.3611111111111111,0.5445544554455446,0.3611111111111111,1.0,1.0,1.0,1.0,1.0
0,Family,Daughter,60,1_1_1,0.11538461538461539,0.15384615384615385,0.23076923076923078,0.6732673267326733,0.08333333333333333,0.03225806451612903,0.0625,1.0,0.03225806451612903,0.03225806451612903
0,Family,Daughter,65,0_0_0,0.019230769230769232,0.03773584905660377,1.0,0.7475247524752475,0.019230769230769232,0.0,0.0,0.0,0.0,0.0
0,Family,Daughter,65,0_0_1,0.7884615384615384,0.845360824742268,0.9111111111111111,0.9257425742574258,0.7321428571428571,0.6666666666666666,0.8,1.0,0.6666666666666666,0.6666666666666666
0,Family,Daughter,65,0_1_0,0.7692307692307693,0.8080808080808081,0.851063829787234,0.905940594059406,0.6779661016949152,0.6363636363636364,0.7777777777777778,1.0,0.6363636363636364,0.6363636363636364
0,Family,Daughter,65,1_0_0,1.0,0.41434262948207173,0.2613065326633166,0.2722772277227723,0.2613065326633166,1.0,1.0,1.0,1.0,1.0
0,Family,Daughter,65,1_1_1,0.34615384615384615,0.2903225806451613,0.25,0.5643564356435643,0.16981132075471697,0.3333333333333333,0.5,1.0,0.3333333333333333,0.3333333333333333
0,Family,Daughter,70,0_0_0,0.019230769230769232,0.03773584905660377,1.0,0.7475247524752475,0.019230769230769232,0.0,0.0,0.0,0.0,0.0
0,Family,Daughter,70,0_0_1,0.4230769230769231,0.5789473684210527,0.9166666666666666,0.8415841584158416,0.4074074074074074,0.16666666666666666,0.2857142857142857,1.0,0.16666666666666666,0.16666666666666666
0,Family,Daughter,70,0_1_0,0.6346153846153846,0.7021276595744681,0.7857142857142857,0.8613861386138614,0.5409836065573771,0.4722222222222222,0.6415094339622641,1.0,0.4722222222222222,0.4722222222222222
0,Family,Daughter,70,1_0_0,1.0,0.5024154589371981,0.33548387096774196,0.4900990099009901,0.33548387096774196,1.0,1.0,1.0,1.0,1.0
0,Family,Daughter,70,1_1_1,0.15384615384615385,0.15841584158415842,0.16326530612244897,0.5792079207920792,0.08602150537634409,0.16666666666666666,0.2857142857142857,1.0,0.16666666666666666,0.16666666666666666
0,Family,Daughter,75,0_0_0,0.0,0.0,0.0,0.7425742574257426,0.0,0.0,0.0,0.0,0.0,0.0
0,Family,Daughter,75,0_0_1,0.34615384615384615,0.5,0.9,0.8217821782178217,0.3333333333333333,0.1282051282051282,0.22727272727272727,1.0,0.1282051282051282,0.1282051282051282
0,Family,Daughter,75,0_1_0,0.4807692307692308,0.6329113924050633,0.9259259259259259,0.8564356435643564,0.46296296296296297,0.3076923076923077,0.47058823529411764,1.0,0.3076923076923077,0.3076923076923077
0,Family,Daughter,75,1_0_0,0.9615384615384616,0.49019607843137253,0.32894736842105265,0.48514851485148514,0.3246753246753247,0.9487179487179487,0.9736842105263158,1.0,0.9487179487179487,0.9487179487179487
0,Family,Daughter,75,1_1_1,0.46153846153846156,0.3057324840764331,0.22857142857142856,0.4603960396039604,0.18045112781954886,0.5384615384615384,0.7,1.0,0.5384615384615384,0.5384615384615384
0,Family,Daughter,80,0_0_0,0.0,0.0,0.0,0.7425742574257426,0.0,0.0,0.0,0.0,0.0,0.0
0,Family,Daughter,80,0_0_1,0.3076923076923077,0.463768115942029,0.9411764705882353,0.8168316831683168,0.3018867924528302,0.12195121951219512,0.21739130434782608,1.0,0.12195121951219512,0.12195121951219512
0,Family,Daughter,80,0_1_0,0.4807692307692308,0.5882352941176471,0.7575757575757576,0.8267326732673267,0.4166666666666667,0.34146341463414637,0.509090909090909,1.0,0.34146341463414637,0.34146341463414637
0,Family,Daughter,80,1_0_0,0.9807692307692307,0.4788732394366197,0.3167701863354037,0.4504950495049505,0.3148148148148148,0.975609756097561,0.9876543209876543,1.0,0.975609756097561,0.975609756097561
0,Family,Daughter,80,1_1_1,0.5,0.2988505747126437,0.21311475409836064,0.39603960396039606,0.17567567567567569,0.5365853658536586,0.6984126984126984,1.0,0.5365853658536586,0.5365853658536586
0,Family,Female,0,0_0_0,0.4897959183673469,0.6575342465753424,1.0,0.7524752475247525,0.4897959183673469,,,,,
0,Family,Female,0,0_0_1,1.0,0.9514563106796117,0.9074074074074074,0.9504950495049505,0.9074074074074074,,,,,
0,Family,Female,0,0_1_0,1.0,1.0,1.0,1.0,1.0,,,,,
0,Family,Female,0,1_0_0,1.0,0.7050359712230215,0.5444444444444444,0.594059405940594,0.5444444444444444,,,,,
0,Family,Female,0,1_1_1,0.9285714285714286,0.9578947368421052,0.9891304347826086,0.9603960396039604,0.9191919191919192,,,,,
0,Family,Female,5,0_0_0,0.37755102040816324,0.5481481481481482,1.0,0.698019801980198,0.37755102040816324,,,,,
0,Family,Female,5,0_0_1,1.0,0.98,0.9607843137254902,0.9801980198019802,0.9607843137254902,,,,,
0,Family,Female,5,0_1_0,0.9897959183673469,0.9948717948717949,1.0,0.995049504950495,0.9897959183673469,,,,,
0,Family,Female,5,1_0_0,1.0,0.6950354609929078,0.532608695652174,0.5742574257425742,0.532608695652174,,,,,
0,Family,Female,5,1_1_1,0.10204081632653061,0.12195121951219512,0.15151515151515152,0.2871287128712871,0.06493506493506493,,,,,
0,Family,Female,10,0_0_0,0.3877551020408163,0.5588235294117647,1.0,0.7029702970297029,0.3877551020408163,,,,,
0,Family,Female,10,0_0_1,0.9285714285714286,0.9333333333333333,0.9381443298969072,0.9356435643564357,0.875,,,,,
0,Family,Female,10,0_1_0,1.0,0.9074074074074074,0.8305084745762712,0.900990099009901,0.8305084745762712,,,,,
0,Family,Female,10,1_0_0,1.0,0.6735395189003437,0.5077720207253886,0.5297029702970297,0.5077720207253886,,,,,
0,Family,Female,10,1_1_1,0.0,0.0,0.0,0.10396039603960396,0.0,,,,,
0,Family,Female,15,0_0_0,0.4489795918367347,0.6197183098591549,1.0,0.7326732673267327,0.4489795918367347,0.0,0.0,0.0,0.0,0.0
0,Family,Female,15,0_0_1,0.9387755102040817,0.9633507853403142,0.989247311827957,0.9653465346534653,0.9292929292929293,0.0,0.0,0.0,0.0,0.0
0,Family,Female,15,0_1_0,0.9795918367346939,0.9896907216494846,1.0,0.9900990099009901,0.9795918367346939,1.0,1.0,1.0,1.0,1.0
0,Family,Female,15,1_0_0,1.0,0.7075812274368231,0.547486033519553,0.599009900990099,0.547486033519553,1.0,1.0,1.0,1.0,1.0
0,Family,Female,15,1_1_1,0.02040816326530612,0.02666666666666667,0.038461538461538464,0.27722772277227725,0.013513513513513514,1.0,1.0,1.0,1.0,1.0
0,Family,Female,20,0_0_0,0.42857142857142855,0.6,1.0,0.7227722772277227,0.42857142857142855,0.0,0.0,0.0,0.0,0.0
0,Family,Female,20,0_0_1,0.9183673469387755,0.9424083769633508,0.967741935483871,0.9455445544554455,0.8910891089108911,0.0,0.0,0.0,0.0,0.0
0,Family,Female,20,0_1_0,0.9693877551020408,0.9844559585492227,1.0,0.9851485148514851,0.9693877551020408,1.0,1.0,1.0,1.0,1.0
0,Family,Female,20,1_0_0,1.0,0.725925925925926,0.5697674418604651,0.6336633663366337,0.5697674418604651,1.0,1.0,1.0,1.0,1.0
0,Family,Female,20,1_1_1,0.0,0.0,0.0,0.2623762376237624,0.0,0.0,0.0,0.0,0.0,0.0
0,Family,Female,25,0_0_0,0.4387755102040816,0.6099290780141844,1.0,0.7277227722772277,0.4387755102040816,0.0,0.0,0.0,0.0,0.0
0,Family,Female,25,0_0_1,0.8673469387755102,0.9139784946236559,0.9659090909090909,0.9207920792079208,0.8415841584158416,0.0,0.0,0.0,0.0,0.0
0,Family,Female,25,0_1_0,0.9285714285714286,0.9629629629629629,1.0,0.9653465346534653,0.9285714285714286,0.5,0.6666666666666666,1.0,0.5,0.5
0,Family,Female,25,1_0_0,1.0,0.7127272727272728,0.5536723163841808,0.6089108910891089,0.5536723163841808,1.0,1.0,1.0,1.0,1.0
0,Family,Female,25,1_1_1,0.01020408163265306,0.013333333333333334,0.019230769230769232,0.26732673267326734,0.006711409395973154,0.0,0.0,0.0,0.0,0.0
0,Family,Female,30,0_0_0,0.2755102040816326,0.432,1.0,0.6485148514851485,0.2755102040816326,0.0,0.0,0.0,0.0,0.0
0,Family,Female,30,0_0_1,0.7040816326530612,0.8263473053892215,1.0,0.8564356435643564,0.7040816326530612,0.0,0.0,0.0,0.0,0.0
0,Family,Female,30,0_1_0,0.7755102040816326,0.8735632183908046,1.0,0.8910891089108911,0.7755102040816326,0.0,0.0,0.0,0.0,0.0
0,Family,Female,30,1_0_0,0.9693877551020408,0.8225108225108225,0.7142857142857143,0.7970297029702971,0.6985294117647058,0.6666666666666666,0.8,1.0,0.6666666666666666,0.6666666666666666
0,Family,Female,30,1_1_1,0.02040816326530612,0.037037037037037035,0.2,0.48514851485148514,0.018867924528301886,0.0,0.0,0.0,0.0,0.0
0,Family,Female,35,0_0_0,0.3469387755102041,0.5151515151515151,1.0,0.6831683168316832,0.3469387755102041,0.0,0.0,0.0,0.0,0.0
0,Family,Female,35,0_0_1,0.7244897959183674,0.8402366863905325,1.0,0.8663366336633663,0.7244897959183674,0.0,0.0,0.0,0.0,0.0
0,Family,Female,35,0_1_0,0.7142857142857143,0.8333333333333334,1.0,0.8613861386138614,0.7142857142857143,0.0,0.0,0.0,0.0,0.0
0,Family,Female,35,1_0_0,1.0,0.6853146853146853,0.5212765957446809,0.5544554455445545,0.5212765957446809,1.0,1.0,1.0,1.0,1.0
0,Family,Female,35,1_1_1,0.14285714285714285,0.20588235294117646,0.3684210526315789,0.46534653465346537,0.11475409836065574,0.0,0.0,0.0,0.0,0.0
0,Family,Female,40,0_0_0,0.35714285714285715,0.5263157894736842,1.0,0.6881188118811881,0.35714285714285715,0.0,0.0,0.0,0.0,0.0
0,Family,Female,40,0_0_1,0.7142857142857143,0.8333333333333334,1.0,0.8613861386138614,0.7142857142857143,0.0,0.0,0.0,0.0,0.0
0,Family,Female,40,0_1_0,0.6632653061224489,0.7975460122699386,1.0,0.8366336633663366,0.6632653061224489,0.0,0.0,0.0,0.0,0.0
0,Family,Female,40,1_0_0,1.0,0.6758620689655173,0.5104166666666666,0.5346534653465347,0.5104166666666666,1.0,1.0,1.0,1.0,1.0
0,Family,Female,40,1_1_1,0.17346938775510204,0.2518518518518518,0.4594594594594595,0.5,0.1440677966101695,0.0,0.0,0.0,0.0,0.0
0,Family,Female,45,0_0_0,0.1326530612244898,0.23423423423423423,1.0,0.5792079207920792,0.1326530612244898,0.0,0.0,0.0,0.0,0.0
0,Family,Female,45,0_0_1,0.8979591836734694,0.9119170984455959,0.9263157894736842,0.9158415841584159,0.8380952380952381,0.8333333333333334,0.9090909090909091,1.0,0.8333333333333334,0.8333333333333334
0,Family,Female,45,0_1_0,0.6836734693877551,0.7928994082840237,0.9436619718309859,0.8267326732673267,0.6568627450980392,0.0,0.0,0.0,0.0,0.0
0,Family,Female,45,1_0_0,1.0,0.6621621621621622,0.494949494949495,0.504950495049505,0.494949494949495,1.0,1.0,1.0,1.0,1.0
0,Family,Female,45,1_1_1,0.2857142857142857,0.38095238095238093,0.5714285714285714,0.5495049504950495,0.23529411764705882,0.16666666666666666,0.2857142857142857,1.0,0.16666666666666666,0.16666666666666666
0,Family,Female,50,0_0_0,0.1326530612244898,0.23423423423423423,1.0,0.5792079207920792,0.1326530612244898,0.0,0.0,0.0,0.0,0.0
0,Family,Female,50,0_0_1,0.8571428571428571,0.8704663212435233,0.8842105263157894,0.8762376237623762,0.7706422018348624,0.8333333333333334,0.9090909090909091,1.0,0.8333333333333334,0.8333333333333334
0,Family,Female,50,0_1_0,0.6428571428571429,0.7682926829268293,0.9545454545454546,0.8118811881188119,0.6237623762376238,0.0,0.0,0.0,0.0,0.0
0,Family,Female,50,1_0_0,1.0,0.6644067796610169,0.49746192893401014,0.5099009900990099,0.49746192893401014,1.0,1.0,1.0,1.0,1.0
0,Family,Female,50,1_1_1,0.29591836734693877,0.3741935483870968,0.5087719298245614,0.5198019801980198,0.23015873015873015,0.16666666666666666,0.2857142857142857,1.0,0.16666666666666666,0.16666666666666666
0,Family,Female,55,0_0_0,0.1326530612244898,0.23423423423423423,1.0,0.5792079207920792,0.1326530612244898,0.0,0.0,0.0,0.0,0.0
0,Family,Female,55,0_0_1,0.826530612244898,0.8393782383419689,0.8526315789473684,0.8465346534653465,0.7232142857142857,0.8333333333333334,0.9090909090909091,1.0,0.8333333333333334,0.8333333333333334
0,Family,Female,55,0_1_0,0.6122448979591837,0.75,0.967741935483871,0.801980198019802,0.6,0.0,0.0,0.0,0.0,0.0
0,Family,Female,55,1_0_0,1.0,0.6621621621621622,0.494949494949495,0.504950495049505,0.494949494949495,1.0,1.0,1.0,1.0,1.0
0,Family,Female,55,1_1_1,0.23469387755102042,0.3262411347517731,0.5348837209302325,0.5297029702970297,0.19491525423728814,0.16666666666666666,0.2857142857142857,1.0,0.16666666666666666,0.16666666666666666
0,Family,Female,60,0_0_0,0.07142857142857142,0.13333333333333333,1.0,0.5495049504950495,0.07142857142857142,0.0,0.0,0.0,0.0,0.0
0,Family,Female,60,0_0_1,0.7244897959183674,0.8352941176470589,0.9861111111111112,0.8613861386138614,0.7171717171717171,0.5,0.6666666666666666,1.0,0.5,0.5
0,Family,Female,60,0_1_0,0.6938775510204082,0.8095238095238095,0.9714285714285714,0.8415841584158416,0.68,0.16666666666666666,0.2857142857142857,1.0,0.16666666666666666,0.16666666666666666
0,Family,Female,60,1_0_0,1.0,0.7452471482889734,0.593939393939394,0.6683168316831684,0.593939393939394,1.0,1.0,1.0,1.0,1.0
0,Family,Female,60,1_1_1,0.40816326530612246,0.4878048780487805,0.6060606060606061,0.5841584158415841,0.3225806451612903,0.3333333333333333,0.5,1.0,0.3333333333333333,0.3333333333333333
0,Family,Female,65,0_0_0,0.09183673469387756,0.16822429906542055,1.0,0.5594059405940595,0.09183673469387756,0.0,0.0,0.0,0.0,0.0
0,Family,Female,65,0_0_1,0.6938775510204082,0.8192771084337349,1.0,0.8514851485148515,0.6938775510204082,0.5714285714285714,0.7272727272727273,1.0,0.5714285714285714,0.5714285714285714
0,Family,Female,65,0_1_0,0.6530612244897959,0.7804878048780488,0.9696969696969697,0.8217821782178217,0.64,0.14285714285714285,0.25,1.0,0.14285714285714285,0.14285714285714285
0,Family,Female,65,1_0_0,1.0,0.7424242424242424,0.5903614457831325,0.6633663366336634,0.5903614457831325,1.0,1.0,1.0,1.0,1.0
0,Family,Female,65,1_1_1,0.3469387755102041,0.425,0.5483870967741935,0.5445544554455446,0.2698412698412698,0.14285714285714285,0.25,1.0,0.14285714285714285,0.14285714285714285
0,Family,Female,70,0_0_0,0.0,0.0,0.0,0.5148514851485149,0.0,0.0,0.0,0.0,0.0,0.0
0,Family,Female,70,0_0_1,0.47959183673469385,0.5838509316770186,0.746031746031746,0.6683168316831684,0.41228070175438597,0.14285714285714285,0.25,1.0,0.14285714285714285,0.14285714285714285
0,Family,Female,70,0_1_0,0.32653061224489793,0.49230769230769234,1.0,0.6732673267326733,0.32653061224489793,0.0,0.0,0.0,0.0,0.0
0,Family,Female,70,1_0_0,0.9387755102040817,0.7330677290836654,0.6013071895424836,0.6683168316831684,0.5786163522012578,1.0,1.0,1.0,1.0,1.0
0,Family,Female,70,1_1_1,0.17346938775510204,0.22666666666666666,0.3269230769230769,0.42574257425742573,0.12781954887218044,0.0,0.0,0.0,0.0,0.0
0,Family,Female,75,0_0_0,0.02040816326530612,0.04,1.0,0.5247524752475248,0.02040816326530612,0.0,0.0,0.0,0.0,0.0
0,Family,Female,75,0_0_1,0.47959183673469385,0.6482758620689655,1.0,0.7475247524752475,0.47959183673469385,0.125,0.2222222222222222,1.0,0.125,0.125
0,Family,Female,75,0_1_0,0.2857142857142857,0.4444444444444444,1.0,0.6534653465346535,0.2857142857142857,0.0,0.0,0.0,0.0,0.0
0,Family,Female,75,1_0_0,1.0,0.6621621621621622,0.494949494949495,0.504950495049505,0.494949494949495,1.0,1.0,1.0,1.0,1.0
0,Family,Female,75,1_1_1,0.25510204081632654,0.31446540880503143,0.4098360655737705,0.4603960396039604,0.1865671641791045,0.25,0.4,1.0,0.25,0.25
0,Family,Female,80,0_0_0,0.01020408163265306,0.020202020202020204,1.0,0.5198019801980198,0.01020408163265306,0.0,0.0,0.0,0.0,0.0
0,Family,Female,80,0_0_1,0.2857142857142857,0.4444444444444444,1.0,0.6534653465346535,0.2857142857142857,0.1111111111111111,0.2,1.0,0.1111111111111111,0.1111111111111111
0,Family,Female,80,0_1_0,0.23469387755102042,0.38016528925619836,1.0,0.6287128712871287,0.23469387755102042,0.0,0.0,0.0,0.0,0.0
0,Family,Female,80,1_0_0,1.0,0.6599326599326599,0.49246231155778897,0.5,0.49246231155778897,1.0,1.0,1.0,1.0,1.0
0,Family,Female,80,1_1_1,0.25510204081632654,0.3105590062111801,0.3968253968253968,0.4504950495049505,0.18382352941176472,0.2222222222222222,0.36363636363636365,1.0,0.2222222222222222,0.2222222222222222
0,Family,Father,0,0_0_0,0.6,0.75,1.0,0.8811881188118812,0.6,,,,,
0,Family,Father,0,0_0_1,1.0,0.7792207792207793,0.6382978723404256,0.8316831683168316,0.6382978723404256,,,,,
0,Family,Father,0,0_1_0,1.0,0.7792207792207793,0.6382978723404256,0.8316831683168316,0.6382978723404256,,,,,
0,Family,Father,0,1_0_0,1.0,0.5286343612334802,0.3592814371257485,0.47029702970297027,0.3592814371257485,,,,,
0,Family,Father,0,1_1_1,1.0,0.7894736842105263,0.6521739130434783,0.8415841584158416,0.6521739130434783,,,,,
0,Family,Father,5,0_0_0,0.6,0.75,1.0,0.8811881188118812,0.6,0.0,0.0,0.0,0.0,0.0
0,Family,Father,5,0_0_1,1.0,0.7317073170731707,0.5769230769230769,0.7821782178217822,0.5769230769230769,1.0,1.0,1.0,1.0,1.0
0,Family,Father,5,0_1_0,1.0,0.8108108108108109,0.6818181818181818,0.8613861386138614,0.6818181818181818,1.0,1.0,1.0,1.0,1.0
0,Family,Father,5,1_0_0,1.0,0.4580152671755725,0.297029702970297,0.297029702970297,0.297029702970297,1.0,1.0,1.0,1.0,1.0
0,Family,Father,5,1_1_1,0.5833333333333334,0.49295774647887325,0.4268292682926829,0.6435643564356436,0.32710280373831774,0.6666666666666666,0.8,1.0,0.6666666666666666,0.6666666666666666
0,Family,Father,10,0_0_0,0.5166666666666667,0.6813186813186813,1.0,0.8564356435643564,0.5166666666666667,0.0,0.0,0.0,0.0,0.0
0,Family,Father,10,0_0_1,1.0,0.6896551724137931,0.5263157894736842,0.7326732673267327,0.5263157894736842,1.0,1.0,1.0,1.0,1.0
0,Family,Father,10,0_1_0,1.0,0.7792207792207793,0.6382978723404256,0.8316831683168316,0.6382978723404256,1.0,1.0,1.0,1.0,1.0
0,Family,Father,10,1_0_0,1.0,0.4580152671755725,0.297029702970297,0.297029702970297,0.297029702970297,1.0,1.0,1.0,1.0,1.0
0,Family,Father,10,1_1_1,0.7833333333333333,0.5136612021857924,0.3821138211382114,0.5594059405940595,0.34558823529411764,0.8333333333333334,0.9090909090909091,1.0,0.8333333333333334,0.8333333333333334
0,Family,Father,15,0_0_0,0.23333333333333334,0.3783783783783784,1.0,0.7722772277227723,0.23333333333333334,0.0,0.0,0.0,0.0,0.0
0,Family,Father,15,0_0_1,1.0,0.6521739130434783,0.4838709677419355,0.6831683168316832,0.4838709677419355,1.0,1.0,1.0,1.0,1.0
0,Family,Father,15,0_1_0,1.0,0.7894736842105263,0.6521739130434783,0.8415841584158416,0.6521739130434783,1.0,1.0,1.0,1.0,1.0
0,Family,Father,15,1_0_0,1.0,0.46332046332046334,0.3015075376884422,0.3118811881188119,0.3015075376884422,1.0,1.0,1.0,1.0,1.0
0,Family,Father,15,1_1_1,0.23333333333333334,0.23529411764705882,0.23728813559322035,0.5495049504950495,0.13333333333333333,0.0,0.0,0.0,0.0,0.0
0,Family,Father,20,0_0_0,0.21666666666666667,0.3561643835616438,1.0,0.7673267326732673,0.21666666666666667,0.0,0.0,0.0,0.0,0.0
0,Family,Father,20,0_0_1,1.0,0.5970149253731343,0.425531914893617,0.599009900990099,0.425531914893617,1.0,1.0,1.0,1.0,1.0
0,Family,Father,20,0_1_0,1.0,0.7272727272727273,0.5714285714285714,0.7772277227722773,0.5714285714285714,1.0,1.0,1.0,1.0,1.0
0,Family,Father,20,1_0_0,1.0,0.4580152671755725,0.297029702970297,0.297029702970297,0.297029702970297,1.0,1.0,1.0,1.0,1.0
0,Family,Father,20,1_1_1,0.85,0.5573770491803278,0.4146341463414634,0.599009900990099,0.38636363636363635,0.6666666666666666,0.8,1.0,0.6666666666666666,0.6666666666666666
0,Family,Father,25,0_0_0,0.23333333333333334,0.3783783783783784,1.0,0.7722772277227723,0.23333333333333334,0.0,0.0,0.0,0.0,0.0
0,Family,Father,25,0_0_1,0.9833333333333333,0.6020408163265306,0.4338235294117647,0.6138613861386139,0.4306569343065693,0.9333333333333333,0.9655172413793104,1.0,0.9333333333333333,0.9333333333333333
0,Family,Father,25,0_1_0,1.0,0.7792207792207793,0.6382978723404256,0.8316831683168316,0.6382978723404256,1.0,1.0,1.0,1.0,1.0
0,Family,Father,25,1_0_0,1.0,0.4580152671755725,0.297029702970297,0.297029702970297,0.297029702970297,1.0,1.0,1.0,1.0,1.0
0,Family,Father,25,1_1_1,0.8666666666666667,0.5810055865921788,0.4369747899159664,0.6287128712871287,0.4094488188976378,0.6,0.75,1.0,0.6,0.6
0,Family,Father,30,0_0_0,0.11666666666666667,0.208955223880597,1.0,0.7376237623762376,0.11666666666666667,0.0,0.0,0.0,0.0,0.0
0,Family,Father,30,0_0_1,0.9666666666666667,0.7435897435897436,0.6041666666666666,0.801980198019802,0.5918367346938775,0.8888888888888888,0.9411764705882353,1.0,0.8888888888888888,0.8888888888888888
0,Family,Father,30,0_1_0,0.95,0.8444444444444444,0.76,0.8960396039603961,0.7307692307692307,0.8333333333333334,0.9090909090909091,1.0,0.8333333333333334,0.8333333333333334
0,Family,Father,30,1_0_0,1.0,0.46153846153846156,0.3,0.3069306930693069,0.3,1.0,1.0,1.0,1.0,1.0
0,Family,Father,30,1_1_1,0.55,0.6111111111111112,0.6875,0.7920792079207921,0.44,0.2777777777777778,0.43478260869565216,1.0,0.2777777777777778,0.2777777777777778
0,Family,Father,35,0_0_0,0.03333333333333333,0.06451612903225806,1.0,0.7128712871287128,0.03333333333333333,0.0,0.0,0.0,0.0,0.0
0,Family,Father,35,0_0_1,0.8833333333333333,0.848,0.8153846153846154,0.905940594059406,0.7361111111111112,0.6666666666666666,0.8,1.0,0.6666666666666666,0.6666666666666666
0,Family,Father,35,0_1_0,0.9,0.8372093023255814,0.782608695652174,0.8960396039603961,0.72,0.7142857142857143,0.8333333333333334,1.0,0.7142857142857143,0.7142857142857143
0,Family,Father,35,1_0_0,1.0,0.7100591715976331,0.5504587155963303,0.7574257425742574,0.5504587155963303,1.0,1.0,1.0,1.0,1.0
0,Family,Father,35,1_1_1,1.0,0.46511627906976744,0.30303030303030304,0.31683168316831684,0.30303030303030304,1.0,1.0,1.0,1.0,1.0
0,Family,Father,40,0_0_0,0.05,0.09523809523809523,1.0,0.7178217821782178,0.05,0.0,0.0,0.0,0.0,0.0
0,Family,Father,40,0_0_1,0.95,0.8260869565217391,0.7307692307692307,0.8811881188118812,0.7037037037037037,0.875,0.9333333333333333,1.0,0.875,0.875
0,Family,Father,40,0_1_0,0.9166666666666666,0.8333333333333334,0.7638888888888888,0.8910891089108911,0.7142857142857143,0.7916666666666666,0.8837209302325582,1.0,0.7916666666666666,0.7916666666666666
0,Family,Father,40,1_0_0,1.0,0.7058823529411765,0.5454545454545454,0.7524752475247525,0.5454545454545454,1.0,1.0,1.0,1.0,1.0
0,Family,Father,40,1_1_1,1.0,0.48,0.3157894736842105,0.3564356435643564,0.3157894736842105,1.0,1.0,1.0,1.0,1.0
0,Family,Father,45,0_0_0,0.03333333333333333,0.06451612903225806,1.0,0.7128712871287128,0.03333333333333333,0.0,0.0,0.0,0.0,0.0
0,Family,Father,45,0_0_1,0.9166666666666666,0.8088235294117647,0.7236842105263158,0.8712871287128713,0.6790123456790124,0.8148148148148148,0.8979591836734694,1.0,0.8148148148148148,0.8148148148148148
0,Family,Father,45,0_1_0,0.8833333333333333,0.8153846153846154,0.7571428571428571,0.8811881188118812,0.6883116883116883,0.7407407407407407,0.851063829787234,1.0,0.7407407407407407,0.7407407407407407
0,Family,Father,45,1_0_0,1.0,0.6896551724137931,0.5263157894736842,0.7326732673267327,0.5263157894736842,1.0,1.0,1.0,1.0,1.0
0,Family,Father,45,1_1_1,0.95,0.475,0.31666666666666665,0.37623762376237624,0.3114754098360656,0.9259259259259259,0.9615384615384616,1.0,0.9259259259259259,0.9259259259259259
0,Family,Father,50,0_0_0,0.2833333333333333,0.44155844155844154,1.0,0.7871287128712872,0.2833333333333333,0.0,0.0,0.0,0.0,0.0
0,Family,Father,50,0_0_1,0.8833333333333333,0.762589928057554,0.6708860759493671,0.8366336633663366,0.6162790697674418,0.7666666666666667,0.8679245283018868,1.0,0.7666666666666667,0.7666666666666667
0,Family,Father,50,0_1_0,0.8333333333333334,0.7874015748031497,0.746268656716418,0.8663366336633663,0.6493506493506493,0.6666666666666666,0.8,1.0,0.6666666666666666,0.6666666666666666
0,Family,Father,50,1_0_0,1.0,0.631578947368421,0.46153846153846156,0.6534653465346535,0.46153846153846156,1.0,1.0,1.0,1.0,1.0
0,Family,Father,50,1_1_1,0.6333333333333333,0.5,0.41304347826086957,0.6237623762376238,0.3333333333333333,0.5,0.6666666666666666,1.0,0.5,0.5
0,Family,Father,55,0_0_0,0.26666666666666666,0.42105263157894735,1.0,0.7821782178217822,0.26666666666666666,0.0,0.0,0.0,0.0,0.0
0,Family,Father,55,0_0_1,0.8833333333333333,0.7571428571428571,0.6625,0.8316831683168316,0.6091954022988506,0.7878787878787878,0.8813559322033898,1.0,0.7878787878787878,0.7878787878787878
0,Family,Father,55,0_1_0,0.7666666666666667,0.7479674796747967,0.7301587301587301,0.8465346534653465,0.5974025974025974,0.5757575757575758,0.7307692307692307,1.0,0.5757575757575758,0.5757575757575758
0,Family,Father,55,1_0_0,1.0,0.6382978723404256,0.46875,0.6633663366336634,0.46875,1.0,1.0,1.0,1.0,1.0
0,Family,Father,55,1_1_1,0.35,0.2876712328767123,0.2441860465116279,0.48514851485148514,0.168,0.06060606060606061,0.11428571428571428,1.0,0.06060606060606061,0.06060606060606061
0,Family,Father,60,0_0_0,0.23333333333333334,0.3783783783783784,1.0,0.7722772277227723,0.23333333333333334,0.0,0.0,0.0,0.0,0.0
0,Family,Father,60,0_0_1,0.5,0.6060606060606061,0.7692307692307693,0.806930693069307,0.43478260869565216,0.16666666666666666,0.2857142857142857,1.0,0.16666666666666666,0.16666666666666666
0,Family,Father,60,0_1_0,0.6,0.6728971962616822,0.7659574468085106,0.8267326732673267,0.5070422535211268,0.3333333333333333,0.5,1.0,0.3333333333333333,0.3333333333333333
0,Family,Father,60,1_0_0,0.9833333333333333,0.6145833333333334,0.44696969696969696,0.6336633663366337,0.44360902255639095,0.9722222222222222,0.9859154929577465,1.0,0.9722222222222222,0.9722222222222222
0,Family,Father,60,1_1_1,0.55,0.37714285714285717,0.28695652173913044,0.4603960396039604,0.2323943661971831,0.3888888888888889,0.56,1.0,0.3888888888888889,0.3888888888888889
0,Family,Father,65,0_0_0,0.21666666666666667,0.3561643835616438,1.0,0.7673267326732673,0.21666666666666667,0.0,0.0,0.0,0.0,0.0
0,Family,Father,65,0_0_1,0.5,0.6122448979591837,0.7894736842105263,0.8118811881188119,0.4411764705882353,0.23076923076923078,0.375,1.0,0.23076923076923078,0.23076923076923078
0,Family,Father,65,0_1_0,0.6833333333333333,0.7130434782608696,0.7454545454545455,0.8366336633663366,0.5540540540540541,0.5128205128205128,0.6779661016949152,1.0,0.5128205128205128,0.5128205128205128
0,Family,Father,65,1_0_0,1.0,0.5084745762711864,0.3409090909090909,0.42574257425742573,0.3409090909090909,1.0,1.0,1.0,1.0,1.0
0,Family,Father,65,1_1_1,0.8666666666666667,0.49056603773584906,0.34210526315789475,0.46534653465346537,0.325,0.7948717948717948,0.8857142857142857,1.0,0.7948717948717948,0.7948717948717948
0,Family,Father,70,0_0_0,0.06666666666666667,0.125,1.0,0.7227722772277227,0.06666666666666667,0.0,0.0,0.0,0.0,0.0
0,Family,Father,70,0_0_1,0.4,0.5274725274725275,0.7741935483870968,0.7871287128712872,0.3582089552238806,0.14285714285714285,0.25,1.0,0.14285714285714285,0.14285714285714285
0,Family,Father,70,0_1_0,0.5833333333333334,0.6542056074766355,0.7446808510638298,0.8168316831683168,0.4861111111111111,0.40476190476190477,0.576271186440678,1.0,0.40476190476190477,0.40476190476190477
0,Family,Father,70,1_0_0,0.9833333333333333,0.6113989637305699,0.44360902255639095,0.6287128712871287,0.44029850746268656,0.9761904761904762,0.9879518072289156,1.0,0.9761904761904762,0.9761904761904762
0,Family,Father,70,1_1_1,0.8166666666666667,0.5798816568047337,0.44954128440366975,0.6485148514851485,0.4083333333333333,0.7619047619047619,0.8648648648648649,1.0,0.7619047619047619,0.7619047619047619
0,Family,Father,75,0_0_0,0.1,0.18181818181818182,1.0,0.7326732673267327,0.1,0.0,0.0,0.0,0.0,0.0
0,Family,Father,75,0_0_1,0.31666666666666665,0.4578313253012048,0.8260869565217391,0.7772277227722773,0.296875,0.08888888888888889,0.16326530612244897,1.0,0.08888888888888889,0.08888888888888889
0,Family,Father,75,0_1_0,0.5666666666666667,0.6538461538461539,0.7727272727272727,0.8217821782178217,0.4857142857142857,0.4222222222222222,0.59375,1.0,0.4222222222222222,0.4222222222222222
0,Family,Father,75,1_0_0,0.9833333333333333,0.6276595744680851,0.4609375,0.6534653465346535,0.4573643410852713,0.9777777777777777,0.9887640449438202,1.0,0.9777777777777777,0.9777777777777777
0,Family,Father,75,1_1_1,0.7666666666666667,0.5508982035928144,0.42990654205607476,0.6287128712871287,0.38016528925619836,0.7555555555555555,0.8607594936708861,1.0,0.7555555555555555,0.7555555555555555
0,Family,Father,80,0_0_0,0.0,0.0,0.0,0.7029702970297029,0.0,0.0,0.0,0.0,0.0,0.0
0,Family,Father,80,0_0_1,0.3333333333333333,0.45977011494252873,0.7407407407407407,0.7673267326732673,0.29850746268656714,0.16666666666666666,0.2857142857142857,1.0,0.16666666666666666,0.16666666666666666
0,Family,Father,80,0_1_0,0.23333333333333334,0.3783783783783784,1.0,0.7722772277227723,0.23333333333333334,0.041666666666666664,0.08,1.0,0.041666666666666664,0.041666666666666664
0,Family,Father,80,1_0_0,1.0,0.5194805194805194,0.3508771929824561,0.4504950495049505,0.3508771929824561,1.0,1.0,1.0,1.0,1.0
0,Family,Father,80,1_1_1,0.11666666666666667,0.09210526315789473,0.07608695652173914,0.31683168316831684,0.04827586206896552,0.10416666666666667,0.18867924528301888,1.0,0.10416666666666667,0.10416666666666667
0,Family,Parent,0,0_0_0,0.0,0.0,0.0,0.40594059405940597,0.0,,,,,
0,Family,Parent,0,0_0_1,0.016666666666666666,0.032520325203252036,0.6666666666666666,0.41089108910891087,0.01652892561983471,,,,,
0,Family,Parent,0,0_1_0,0.041666666666666664,0.07874015748031496,0.7142857142857143,0.4207920792079208,0.040983606557377046,,,,,
0,Family,Parent,0,1_0_0,0.43333333333333335,0.48148148148148145,0.5416666666666666,0.44554455445544555,0.3170731707317073,,,,,
0,Family,Parent,0,1_1_1,0.325,0.48148148148148145,0.9285714285714286,0.5841584158415841,0.3170731707317073,,,,,
0,Family,Parent,5,0_0_0,0.0,0.0,0.0,0.40594059405940597,0.0,,,,,
0,Family,Parent,5,0_0_1,0.016666666666666666,0.032520325203252036,0.6666666666666666,0.41089108910891087,0.01652892561983471,,,,,
0,Family,Parent,5,0_1_0,0.041666666666666664,0.07874015748031496,0.7142857142857143,0.4207920792079208,0.040983606557377046,,,,,
0,Family,Parent,5,1_0_0,0.43333333333333335,0.48148148148148145,0.5416666666666666,0.44554455445544555,0.3170731707317073,,,,,
0,Family,Parent,5,1_1_1,0.325,0.48148148148148145,0.9285714285714286,0.5841584158415841,0.3170731707317073,,,,,
0,Family,Parent,10,0_0_0,0.0,0.0,0.0,0.40594059405940597,0.0,,,,,
0,Family,Parent,10,0_0_1,0.016666666666666666,0.032520325203252036,0.6666666666666666,0.41089108910891087,0.01652892561983471,,,,,
0,Family,Parent,10,0_1_0,0.041666666666666664,0.07874015748031496,0.7142857142857143,0.4207920792079208,0.040983606557377046,,,,,
0,Family,Parent,10,1_0_0,0.43333333333333335,0.48148148148148145,0.5416666666666666,0.44554455445544555,0.3170731707317073,,,,,
0,Family,Parent,10,1_1_1,0.325,0.48148148148148145,0.9285714285714286,0.5841584158415841,0.3170731707317073,,,,,
0,Family,Parent,15,0_0_0,0.0,0.0,0.0,0.40594059405940597,0.0,,,,,
0,Family,Parent,15,0_0_1,0.016666666666666666,0.032520325203252036,0.6666666666666666,0.41089108910891087,0.01652892561983471,,,,,
0,Family,Parent,15,0_1_0,0.041666666666666664,0.07874015748031496,0.7142857142857143,0.4207920792079208,0.040983606557377046,,,,,
0,Family,Parent,15,1_0_0,0.43333333333333335,0.48148148148148145,0.5416666666666666,0.44554455445544555,0.3170731707317073,,,,,
0,Family,Parent,15,1_1_1,0.325,0.48148148148148145,0.9285714285714286,0.5841584158415841,0.3170731707317073,,,,,
0,Family,Parent,20,0_0_0,0.0,0.0,0.0,0.40594059405940597,0.0,,,,,
0,Family,Parent,20,0_0_1,0.016666666666666666,0.032520325203252036,0.6666666666666666,0.41089108910891087,0.01652892561983471,,,,,
0,Family,Parent,20,0_1_0,0.041666666666666664,0.07874015748031496,0.7142857142857143,0.4207920792079208,0.040983606557377046,,,,,
0,Family,Parent,20,1_0_0,0.43333333333333335,0.48148148148148145,0.5416666666666666,0.44554455445544555,0.3170731707317073,,,,,
0,Family,Parent,20,1_1_1,0.325,0.48148148148148145,0.9285714285714286,0.5841584158415841,0.3170731707317073,,,,,
0,Family,Parent,25,0_0_0,0.0,0.0,0.0,0.40594059405940597,0.0,,,,,
0,Family,Parent,25,0_0_1,0.016666666666666666,0.032520325203252036,0.6666666666666666,0.41089108910891087,0.01652892561983471,,,,,
0,Family,Parent,25,0_1_0,0.041666666666666664,0.07874015748031496,0.7142857142857143,0.4207920792079208,0.040983606557377046,,,,,
0,Family,Parent,25,1_0_0,0.43333333333333335,0.48148148148148145,0.5416666666666666,0.44554455445544555,0.3170731707317073,,,,,
0,Family,Parent,25,1_1_1,0.325,0.48148148148148145,0.9285714285714286,0.5841584158415841,0.3170731707317073,,,,,
0,Family,Parent,30,0_0_0,0.0,0.0,0.0,0.40594059405940597,0.0,,,,,
0,Family,Parent,30,0_0_1,0.016666666666666666,0.032520325203252036,0.6666666666666666,0.41089108910891087,0.01652892561983471,,,,,
0,Family,Parent,30,0_1_0,0.041666666666666664,0.07874015748031496,0.7142857142857143,0.4207920792079208,0.040983606557377046,,,,,
0,Family,Parent,30,1_0_0,0.43333333333333335,0.48148148148148145,0.5416666666666666,0.44554455445544555,0.3170731707317073,,,,,
0,Family,Parent,30,1_1_1,0.325,0.48148148148148145,0.9285714285714286,0.5841584158415841,0.3170731707317073,,,,,
0,Family,Parent,35,0_0_0,0.0,0.0,0.0,0.40594059405940597,0.0,,,,,
0,Family,Parent,35,0_0_1,0.016666666666666666,0.032520325203252036,0.6666666666666666,0.41089108910891087,0.01652892561983471,,,,,
0,Family,Parent,35,0_1_0,0.041666666666666664,0.07874015748031496,0.7142857142857143,0.4207920792079208,0.040983606557377046,,,,,
0,Family,Parent,35,1_0_0,0.43333333333333335,0.48148148148148145,0.5416666666666666,0.44554455445544555,0.3170731707317073,,,,,
0,Family,Parent,35,1_1_1,0.325,0.48148148148148145,0.9285714285714286,0.5841584158415841,0.3170731707317073,,,,,
0,Family,Parent,40,0_0_0,0.0,0.0,0.0,0.40594059405940597,0.0,,,,,
0,Family,Parent,40,0_0_1,0.016666666666666666,0.032520325203252036,0.6666666666666666,0.41089108910891087,0.01652892561983471,,,,,
0,Family,Parent,40,0_1_0,0.041666666666666664,0.07874015748031496,0.7142857142857143,0.4207920792079208,0.040983606557377046,,,,,
0,Family,Parent,40,1_0_0,0.43333333333333335,0.48148148148148145,0.5416666666666666,0.44554455445544555,0.3170731707317073,,,,,
0,Family,Parent,40,1_1_1,0.325,0.48148148148148145,0.9285714285714286,0.5841584158415841,0.3170731707317073,,,,,
0,Family,Parent,45,0_0_0,0.0,0.0,0.0,0.40594059405940597,0.0,,,,,
0,Family,Parent,45,0_0_1,0.016666666666666666,0.032520325203252036,0.6666666666666666,0.41089108910891087,0.01652892561983471,,,,,
0,Family,Parent,45,0_1_0,0.041666666666666664,0.07874015748031496,0.7142857142857143,0.4207920792079208,0.040983606557377046,,,,,
0,Family,Parent,45,1_0_0,0.43333333333333335,0.48148148148148145,0.5416666666666666,0.44554455445544555,0.3170731707317073,,,,,
0,Family,Parent,45,1_1_1,0.325,0.48148148148148145,0.9285714285714286,0.5841584158415841,0.3170731707317073,,,,,
0,Family,Parent,50,0_0_0,0.0,0.0,0.0,0.40594059405940597,0.0,,,,,
0,Family,Parent,50,0_0_1,0.016666666666666666,0.032520325203252036,0.6666666666666666,0.41089108910891087,0.01652892561983471,,,,,
0,Family,Parent,50,0_1_0,0.041666666666666664,0.07874015748031496,0.7142857142857143,0.4207920792079208,0.040983606557377046,,,,,
0,Family,Parent,50,1_0_0,0.43333333333333335,0.48148148148148145,0.5416666666666666,0.44554455445544555,0.3170731707317073,,,,,
0,Family,Parent,50,1_1_1,0.325,0.48148148148148145,0.9285714285714286,0.5841584158415841,0.3170731707317073,,,,,
0,Family,Parent,55,0_0_0,0.0,0.0,0.0,0.40594059405940597,0.0,,,,,
0,Family,Parent,55,0_0_1,0.016666666666666666,0.032520325203252036,0.6666666666666666,0.41089108910891087,0.01652892561983471,,,,,
0,Family,Parent,55,0_1_0,0.041666666666666664,0.07874015748031496,0.7142857142857143,0.4207920792079208,0.040983606557377046,,,,,
0,Family,Parent,55,1_0_0,0.43333333333333335,0.48148148148148145,0.5416666666666666,0.44554455445544555,0.3170731707317073,,,,,
0,Family,Parent,55,1_1_1,0.325,0.48148148148148145,0.9285714285714286,0.5841584158415841,0.3170731707317073,,,,,
0,Family,Parent,60,0_0_0,0.0,0.0,0.0,0.40594059405940597,0.0,,,,,
0,Family,Parent,60,0_0_1,0.016666666666666666,0.032520325203252036,0.6666666666666666,0.41089108910891087,0.01652892561983471,,,,,
0,Family,Parent,60,0_1_0,0.041666666666666664,0.07874015748031496,0.7142857142857143,0.4207920792079208,0.040983606557377046,,,,,
0,Family,Parent,60,1_0_0,0.43333333333333335,0.48148148148148145,0.5416666666666666,0.44554455445544555,0.3170731707317073,,,,,
0,Family,Parent,60,1_1_1,0.325,0.48148148148148145,0.9285714285714286,0.5841584158415841,0.3170731707317073,,,,,
0,Family,Parent,65,0_0_0,0.0,0.0,0.0,0.40594059405940597,0.0,,,,,
0,Family,Parent,65,0_0_1,0.016666666666666666,0.032520325203252036,0.6666666666666666,0.41089108910891087,0.01652892561983471,,,,,
0,Family,Parent,65,0_1_0,0.041666666666666664,0.07874015748031496,0.7142857142857143,0.4207920792079208,0.040983606557377046,,,,,
0,Family,Parent,65,1_0_0,0.43333333333333335,0.48148148148148145,0.5416666666666666,0.44554455445544555,0.3170731707317073,,,,,
0,Family,Parent,65,1_1_1,0.325,0.48148148148148145,0.9285714285714286,0.5841584158415841,0.3170731707317073,,,,,
0,Family,Parent,70,0_0_0,0.0,0.0,0.0,0.40594059405940597,0.0,,,,,
0,Family,Parent,70,0_0_1,0.016666666666666666,0.032520325203252036,0.6666666666666666,0.41089108910891087,0.01652892561983471,,,,,
0,Family,Parent,70,0_1_0,0.041666666666666664,0.07874015748031496,0.7142857142857143,0.4207920792079208,0.040983606557377046,,,,,
0,Family,Parent,70,1_0_0,0.43333333333333335,0.48148148148148145,0.5416666666666666,0.44554455445544555,0.3170731707317073,,,,,
0,Family,Parent,70,1_1_1,0.325,0.48148148148148145,0.9285714285714286,0.5841584158415841,0.3170731707317073,,,,,
0,Family,Parent,75,0_0_0,0.0,0.0,0.0,0.40594059405940597,0.0,,,,,
0,Family,Parent,75,0_0_1,0.016666666666666666,0.032520325203252036,0.6666666666666666,0.41089108910891087,0.01652892561983471,,,,,
0,Family,Parent,75,0_1_0,0.041666666666666664,0.07874015748031496,0.7142857142857143,0.4207920792079208,0.040983606557377046,,,,,
0,Family,Parent,75,1_0_0,0.43333333333333335,0.48148148148148145,0.5416666666666666,0.44554455445544555,0.3170731707317073,,,,,
0,Family,Parent,75,1_1_1,0.325,0.48148148148148145,0.9285714285714286,0.5841584158415841,0.3170731707317073,,,,,
0,Family,Parent,80,0_0_0,0.0,0.0,0.0,0.40594059405940597,0.0,,,,,
0,Family,Parent,80,0_0_1,0.016666666666666666,0.032520325203252036,0.6666666666666666,0.41089108910891087,0.01652892561983471,,,,,
0,Family,Parent,80,0_1_0,0.041666666666666664,0.07874015748031496,0.7142857142857143,0.4207920792079208,0.040983606557377046,,,,,
0,Family,Parent,80,1_0_0,0.43333333333333335,0.48148148148148145,0.5416666666666666,0.44554455445544555,0.3170731707317073,,,,,
0,Family,Parent,80,1_1_1,0.325,0.48148148148148145,0.9285714285714286,0.5841584158415841,0.3170731707317073,,,,,
0,Family,Grandchild,0,0_0_0,0.0,0.0,0.0,0.6039603960396039,0.0,,,,,
0,Family,Grandchild,0,0_0_1,0.0125,0.02197802197802198,0.09090909090909091,0.5594059405940595,0.011111111111111112,,,,,
0,Family,Grandchild,0,0_1_0,0.0375,0.06315789473684211,0.2,0.5594059405940595,0.03260869565217391,,,,,
0,Family,Grandchild,0,1_0_0,0.675,0.5094339622641509,0.4090909090909091,0.48514851485148514,0.34177215189873417,,,,,
0,Family,Grandchild,0,1_1_1,0.1,0.12030075187969924,0.1509433962264151,0.4207920792079208,0.064,,,,,
0,Family,Grandchild,5,0_0_0,0.0,0.0,0.0,0.6039603960396039,0.0,,,,,
0,Family,Grandchild,5,0_0_1,0.0125,0.02197802197802198,0.09090909090909091,0.5594059405940595,0.011111111111111112,,,,,
0,Family,Grandchild,5,0_1_0,0.0375,0.06315789473684211,0.2,0.5594059405940595,0.03260869565217391,,,,,
0,Family,Grandchild,5,1_0_0,0.675,0.5094339622641509,0.4090909090909091,0.48514851485148514,0.34177215189873417,,,,,
0,Family,Grandchild,5,1_1_1,0.1,0.12030075187969924,0.1509433962264151,0.4207920792079208,0.064,,,,,
0,Family,Grandchild,10,0_0_0,0.0,0.0,0.0,0.6039603960396039,0.0,,,,,
0,Family,Grandchild,10,0_0_1,0.0125,0.02197802197802198,0.09090909090909091,0.5594059405940595,0.011111111111111112,,,,,
0,Family,Grandchild,10,0_1_0,0.0375,0.06315789473684211,0.2,0.5594059405940595,0.03260869565217391,,,,,
0,Family,Grandchild,10,1_0_0,0.675,0.5094339622641509,0.4090909090909091,0.48514851485148514,0.34177215189873417,,,,,
0,Family,Grandchild,10,1_1_1,0.1,0.12030075187969924,0.1509433962264151,0.4207920792079208,0.064,,,,,
0,Family,Grandchild,15,0_0_0,0.0,0.0,0.0,0.6039603960396039,0.0,,,,,
0,Family,Grandchild,15,0_0_1,0.0125,0.02197802197802198,0.09090909090909091,0.5594059405940595,0.011111111111111112,,,,,
0,Family,Grandchild,15,0_1_0,0.0375,0.06315789473684211,0.2,0.5594059405940595,0.03260869565217391,,,,,
0,Family,Grandchild,15,1_0_0,0.675,0.5094339622641509,0.4090909090909091,0.48514851485148514,0.34177215189873417,,,,,
0,Family,Grandchild,15,1_1_1,0.1,0.12030075187969924,0.1509433962264151,0.4207920792079208,0.064,,,,,
0,Family,Grandchild,20,0_0_0,0.0,0.0,0.0,0.6039603960396039,0.0,,,,,
0,Family,Grandchild,20,0_0_1,0.0125,0.02197802197802198,0.09090909090909091,0.5594059405940595,0.011111111111111112,,,,,
0,Family,Grandchild,20,0_1_0,0.0375,0.06315789473684211,0.2,0.5594059405940595,0.03260869565217391,,,,,
0,Family,Grandchild,20,1_0_0,0.675,0.5094339622641509,0.4090909090909091,0.48514851485148514,0.34177215189873417,,,,,
0,Family,Grandchild,20,1_1_1,0.1,0.12030075187969924,0.1509433962264151,0.4207920792079208,0.064,,,,,
0,Family,Grandchild,25,0_0_0,0.0,0.0,0.0,0.6039603960396039,0.0,,,,,
0,Family,Grandchild,25,0_0_1,0.0125,0.02197802197802198,0.09090909090909091,0.5594059405940595,0.011111111111111112,,,,,
0,Family,Grandchild,25,0_1_0,0.0375,0.06315789473684211,0.2,0.5594059405940595,0.03260869565217391,,,,,
0,Family,Grandchild,25,1_0_0,0.675,0.5094339622641509,0.4090909090909091,0.48514851485148514,0.34177215189873417,,,,,
0,Family,Grandchild,25,1_1_1,0.1,0.12030075187969924,0.1509433962264151,0.4207920792079208,0.064,,,,,
0,Family,Grandchild,30,0_0_0,0.0,0.0,0.0,0.6039603960396039,0.0,,,,,
0,Family,Grandchild,30,0_0_1,0.0125,0.02197802197802198,0.09090909090909091,0.5594059405940595,0.011111111111111112,,,,,
0,Family,Grandchild,30,0_1_0,0.0375,0.06315789473684211,0.2,0.5594059405940595,0.03260869565217391,,,,,
0,Family,Grandchild,30,1_0_0,0.675,0.5094339622641509,0.4090909090909091,0.48514851485148514,0.34177215189873417,,,,,
0,Family,Grandchild,30,1_1_1,0.1,0.12030075187969924,0.1509433962264151,0.4207920792079208,0.064,,,,,
0,Family,Grandchild,35,0_0_0,0.0,0.0,0.0,0.6039603960396039,0.0,,,,,
0,Family,Grandchild,35,0_0_1,0.0125,0.02197802197802198,0.09090909090909091,0.5594059405940595,0.011111111111111112,,,,,
0,Family,Grandchild,35,0_1_0,0.0375,0.06315789473684211,0.2,0.5594059405940595,0.03260869565217391,,,,,
0,Family,Grandchild,35,1_0_0,0.675,0.5094339622641509,0.4090909090909091,0.48514851485148514,0.34177215189873417,,,,,
0,Family,Grandchild,35,1_1_1,0.1,0.12030075187969924,0.1509433962264151,0.4207920792079208,0.064,,,,,
0,Family,Grandchild,40,0_0_0,0.0,0.0,0.0,0.6039603960396039,0.0,,,,,
0,Family,Grandchild,40,0_0_1,0.0125,0.02197802197802198,0.09090909090909091,0.5594059405940595,0.011111111111111112,,,,,
0,Family,Grandchild,40,0_1_0,0.0375,0.06315789473684211,0.2,0.5594059405940595,0.03260869565217391,,,,,
0,Family,Grandchild,40,1_0_0,0.675,0.5094339622641509,0.4090909090909091,0.48514851485148514,0.34177215189873417,,,,,
0,Family,Grandchild,40,1_1_1,0.1,0.12030075187969924,0.1509433962264151,0.4207920792079208,0.064,,,,,
0,Family,Grandchild,45,0_0_0,0.0,0.0,0.0,0.6039603960396039,0.0,,,,,
0,Family,Grandchild,45,0_0_1,0.0125,0.02197802197802198,0.09090909090909091,0.5594059405940595,0.011111111111111112,,,,,
0,Family,Grandchild,45,0_1_0,0.0375,0.06315789473684211,0.2,0.5594059405940595,0.03260869565217391,,,,,
0,Family,Grandchild,45,1_0_0,0.675,0.5094339622641509,0.4090909090909091,0.48514851485148514,0.34177215189873417,,,,,
0,Family,Grandchild,45,1_1_1,0.1,0.12030075187969924,0.1509433962264151,0.4207920792079208,0.064,,,,,
0,Family,Grandchild,50,0_0_0,0.0,0.0,0.0,0.6039603960396039,0.0,,,,,
0,Family,Grandchild,50,0_0_1,0.0125,0.02197802197802198,0.09090909090909091,0.5594059405940595,0.011111111111111112,,,,,
0,Family,Grandchild,50,0_1_0,0.0375,0.06315789473684211,0.2,0.5594059405940595,0.03260869565217391,,,,,
0,Family,Grandchild,50,1_0_0,0.675,0.5094339622641509,0.4090909090909091,0.48514851485148514,0.34177215189873417,,,,,
0,Family,Grandchild,50,1_1_1,0.1,0.12030075187969924,0.1509433962264151,0.4207920792079208,0.064,,,,,
0,Family,Grandchild,55,0_0_0,0.0,0.0,0.0,0.6039603960396039,0.0,,,,,
0,Family,Grandchild,55,0_0_1,0.0125,0.02197802197802198,0.09090909090909091,0.5594059405940595,0.011111111111111112,,,,,
0,Family,Grandchild,55,0_1_0,0.0375,0.06315789473684211,0.2,0.5594059405940595,0.03260869565217391,,,,,
0,Family,Grandchild,55,1_0_0,0.675,0.5094339622641509,0.4090909090909091,0.48514851485148514,0.34177215189873417,,,,,
0,Family,Grandchild,55,1_1_1,0.1,0.12030075187969924,0.1509433962264151,0.4207920792079208,0.064,,,,,
0,Family,Grandchild,60,0_0_0,0.0,0.0,0.0,0.6039603960396039,0.0,,,,,
0,Family,Grandchild,60,0_0_1,0.0125,0.02197802197802198,0.09090909090909091,0.5594059405940595,0.011111111111111112,,,,,
0,Family,Grandchild,60,0_1_0,0.0375,0.06315789473684211,0.2,0.5594059405940595,0.03260869565217391,,,,,
0,Family,Grandchild,60,1_0_0,0.675,0.5094339622641509,0.4090909090909091,0.48514851485148514,0.34177215189873417,,,,,
0,Family,Grandchild,60,1_1_1,0.1,0.12030075187969924,0.1509433962264151,0.4207920792079208,0.064,,,,,
0,Family,Grandchild,65,0_0_0,0.0,0.0,0.0,0.6039603960396039,0.0,,,,,
0,Family,Grandchild,65,0_0_1,0.0125,0.02197802197802198,0.09090909090909091,0.5594059405940595,0.011111111111111112,,,,,
0,Family,Grandchild,65,0_1_0,0.0375,0.06315789473684211,0.2,0.5594059405940595,0.03260869565217391,,,,,
0,Family,Grandchild,65,1_0_0,0.675,0.5094339622641509,0.4090909090909091,0.48514851485148514,0.34177215189873417,,,,,
0,Family,Grandchild,65,1_1_1,0.1,0.12030075187969924,0.1509433962264151,0.4207920792079208,0.064,,,,,
0,Family,Grandchild,70,0_0_0,0.0,0.0,0.0,0.6039603960396039,0.0,,,,,
0,Family,Grandchild,70,0_0_1,0.0125,0.02197802197802198,0.09090909090909091,0.5594059405940595,0.011111111111111112,,,,,
0,Family,Grandchild,70,0_1_0,0.0375,0.06315789473684211,0.2,0.5594059405940595,0.03260869565217391,,,,,
0,Family,Grandchild,70,1_0_0,0.675,0.5094339622641509,0.4090909090909091,0.48514851485148514,0.34177215189873417,,,,,
0,Family,Grandchild,70,1_1_1,0.1,0.12030075187969924,0.1509433962264151,0.4207920792079208,0.064,,,,,
0,Family,Grandchild,75,0_0_0,0.0,0.0,0.0,0.6039603960396039,0.0,,,,,
0,Family,Grandchild,75,0_0_1,0.0125,0.02197802197802198,0.09090909090909091,0.5594059405940595,0.011111111111111112,,,,,
0,Family,Grandchild,75,0_1_0,0.0375,0.06315789473684211,0.2,0.5594059405940595,0.03260869565217391,,,,,
0,Family,Grandchild,75,1_0_0,0.675,0.5094339622641509,0.4090909090909091,0.48514851485148514,0.34177215189873417,,,,,
0,Family,Grandchild,75,1_1_1,0.1,0.12030075187969924,0.1509433962264151,0.4207920792079208,0.064,,,,,
0,Family,Grandchild,80,0_0_0,0.0,0.0,0.0,0.6039603960396039,0.0,,,,,
0,Family,Grandchild,80,0_0_1,0.0125,0.02197802197802198,0.09090909090909091,0.5594059405940595,0.011111111111111112,,,,,
0,Family,Grandchild,80,0_1_0,0.0375,0.06315789473684211,0.2,0.5594059405940595,0.03260869565217391,,,,,
0,Family,Grandchild,80,1_0_0,0.675,0.5094339622641509,0.4090909090909091,0.48514851485148514,0.34177215189873417,,,,,
0,Family,Grandchild,80,1_1_1,0.1,0.12030075187969924,0.1509433962264151,0.4207920792079208,0.064,,,,,
0,Family,Granddaughter,0,0_0_0,0.43243243243243246,0.6037735849056604,1.0,0.8960396039603961,0.43243243243243246,,,,,
0,Family,Granddaughter,0,0_0_1,1.0,0.6727272727272727,0.5068493150684932,0.8217821782178217,0.5068493150684932,,,,,
0,Family,Granddaughter,0,0_1_0,1.0,0.6324786324786325,0.4625,0.7871287128712872,0.4625,,,,,
0,Family,Granddaughter,0,1_0_0,1.0,0.4228571428571429,0.26811594202898553,0.5,0.26811594202898553,,,,,
0,Family,Granddaughter,0,1_1_1,0.972972972972973,0.5373134328358209,0.3711340206185567,0.693069306930693,0.3673469387755102,,,,,
0,Family,Granddaughter,5,0_0_0,0.40540540540540543,0.5769230769230769,1.0,0.8910891089108911,0.40540540540540543,0.0,0.0,0.0,0.0,0.0
0,Family,Granddaughter,5,0_0_1,1.0,0.6788990825688074,0.5138888888888888,0.8267326732673267,0.5138888888888888,1.0,1.0,1.0,1.0,1.0
0,Family,Granddaughter,5,0_1_0,1.0,0.6065573770491803,0.43529411764705883,0.7623762376237624,0.43529411764705883,1.0,1.0,1.0,1.0,1.0
0,Family,Granddaughter,5,1_0_0,1.0,0.4805194805194805,0.3162393162393162,0.6039603960396039,0.3162393162393162,1.0,1.0,1.0,1.0,1.0
0,Family,Granddaughter,5,1_1_1,0.5945945945945946,0.6197183098591549,0.6470588235294118,0.8663366336633663,0.4489795918367347,1.0,1.0,1.0,1.0,1.0
0,Family,Granddaughter,10,0_0_0,0.43243243243243246,0.6037735849056604,1.0,0.8960396039603961,0.43243243243243246,0.0,0.0,0.0,0.0,0.0
0,Family,Granddaughter,10,0_0_1,1.0,0.7184466019417476,0.5606060606060606,0.8564356435643564,0.5606060606060606,1.0,1.0,1.0,1.0,1.0
0,Family,Granddaughter,10,0_1_0,1.0,0.6016260162601627,0.43023255813953487,0.7574257425742574,0.43023255813953487,1.0,1.0,1.0,1.0,1.0
0,Family,Granddaughter,10,1_0_0,1.0,0.49333333333333335,0.3274336283185841,0.6237623762376238,0.3274336283185841,1.0,1.0,1.0,1.0,1.0
0,Family,Granddaughter,10,1_1_1,0.4594594594594595,0.5230769230769231,0.6071428571428571,0.8465346534653465,0.3541666666666667,0.3333333333333333,0.5,1.0,0.3333333333333333,0.3333333333333333
0,Family,Granddaughter,15,0_0_0,0.35135135135135137,0.52,1.0,0.8811881188118812,0.35135135135135137,0.0,0.0,0.0,0.0,0.0
0,Family,Granddaughter,15,0_0_1,1.0,0.7326732673267327,0.578125,0.8663366336633663,0.578125,1.0,1.0,1.0,1.0,1.0
0,Family,Granddaughter,15,0_1_0,1.0,0.6115702479338843,0.44047619047619047,0.7673267326732673,0.44047619047619047,1.0,1.0,1.0,1.0,1.0
0,Family,Granddaughter,15,1_0_0,1.0,0.5068493150684932,0.3394495412844037,0.6435643564356436,0.3394495412844037,1.0,1.0,1.0,1.0,1.0
0,Family,Granddaughter,15,1_1_1,0.5135135135135135,0.5588235294117647,0.6129032258064516,0.8514851485148515,0.3877551020408163,0.4,0.5714285714285714,1.0,0.4,0.4
0,Family,Granddaughter,20,0_0_0,0.35135135135135137,0.52,1.0,0.8811881188118812,0.35135135135135137,0.0,0.0,0.0,0.0,0.0
0,Family,Granddaughter,20,0_0_1,0.972972972972973,0.7422680412371134,0.6,0.8762376237623762,0.5901639344262295,0.8571428571428571,0.9230769230769231,1.0,0.8571428571428571,0.8571428571428571
0,Family,Granddaughter,20,0_1_0,1.0,0.6166666666666667,0.4457831325301205,0.7722772277227723,0.4457831325301205,1.0,1.0,1.0,1.0,1.0
0,Family,Granddaughter,20,1_0_0,1.0,0.5211267605633803,0.3523809523809524,0.6633663366336634,0.3523809523809524,1.0,1.0,1.0,1.0,1.0
0,Family,Granddaughter,20,1_1_1,0.6216216216216216,0.6216216216216216,0.6216216216216216,0.8613861386138614,0.45098039215686275,0.7142857142857143,0.8333333333333334,1.0,0.7142857142857143,0.7142857142857143
0,Family,Granddaughter,25,0_0_0,0.35135135135135137,0.52,1.0,0.8811881188118812,0.35135135135135137,0.0,0.0,0.0,0.0,0.0
0,Family,Granddaughter,25,0_0_1,0.972972972972973,0.75,0.6101694915254238,0.8811881188118812,0.6,0.8888888888888888,0.9411764705882353,1.0,0.8888888888888888,0.8888888888888888
0,Family,Granddaughter,25,0_1_0,1.0,0.6016260162601627,0.43023255813953487,0.7574257425742574,0.43023255813953487,1.0,1.0,1.0,1.0,1.0
0,Family,Granddaughter,25,1_0_0,1.0,0.5441176470588235,0.37373737373737376,0.693069306930693,0.37373737373737376,1.0,1.0,1.0,1.0,1.0
0,Family,Granddaughter,25,1_1_1,0.5945945945945946,0.6027397260273972,0.6111111111111112,0.8564356435643564,0.43137254901960786,0.5555555555555556,0.7142857142857143,1.0,0.5555555555555556,0.5555555555555556
0,Family,Granddaughter,30,0_0_0,0.2972972972972973,0.4583333333333333,1.0,0.8712871287128713,0.2972972972972973,0.0,0.0,0.0,0.0,0.0
0,Family,Granddaughter,30,0_0_1,0.972972972972973,0.7346938775510204,0.5901639344262295,0.8712871287128713,0.5806451612903226,0.9090909090909091,0.9523809523809523,1.0,0.9090909090909091,0.9090909090909091
0,Family,Granddaughter,30,0_1_0,1.0,0.6065573770491803,0.43529411764705883,0.7623762376237624,0.43529411764705883,1.0,1.0,1.0,1.0,1.0
0,Family,Granddaughter,30,1_0_0,1.0,0.5323741007194245,0.3627450980392157,0.6782178217821783,0.3627450980392157,1.0,1.0,1.0,1.0,1.0
0,Family,Granddaughter,30,1_1_1,0.7297297297297297,0.5567010309278351,0.45,0.7871287128712872,0.38571428571428573,0.2727272727272727,0.42857142857142855,1.0,0.2727272727272727,0.2727272727272727
0,Family,Granddaughter,35,0_0_0,0.2702702702702703,0.425531914893617,1.0,0.8663366336633663,0.2702702702702703,0.0,0.0,0.0,0.0,0.0
0,Family,Granddaughter,35,0_0_1,0.972972972972973,0.7346938775510204,0.5901639344262295,0.8712871287128713,0.5806451612903226,0.9166666666666666,0.9565217391304348,1.0,0.9166666666666666,0.9166666666666666
0,Family,Granddaughter,35,0_1_0,1.0,0.6218487394957983,0.45121951219512196,0.7772277227722773,0.45121951219512196,1.0,1.0,1.0,1.0,1.0
0,Family,Granddaughter,35,1_0_0,1.0,0.5362318840579711,0.36633663366336633,0.6831683168316832,0.36633663366336633,1.0,1.0,1.0,1.0,1.0
0,Family,Granddaughter,35,1_1_1,0.7027027027027027,0.5473684210526316,0.4482758620689655,0.7871287128712872,0.37681159420289856,0.25,0.4,1.0,0.25,0.25
0,Family,Granddaughter,40,0_0_0,0.1891891891891892,0.3181818181818182,1.0,0.8514851485148515,0.1891891891891892,0.0,0.0,0.0,0.0,0.0
0,Family,Granddaughter,40,0_0_1,0.972972972972973,0.7578947368421053,0.6206896551724138,0.8861386138613861,0.6101694915254238,0.9285714285714286,0.9629629629629629,1.0,0.9285714285714286,0.9285714285714286
0,Family,Granddaughter,40,0_1_0,0.9459459459459459,0.6194690265486725,0.4605263157894737,0.7871287128712872,0.44871794871794873,0.8571428571428571,0.9230769230769231,1.0,0.8571428571428571,0.8571428571428571
0,Family,Granddaughter,40,1_0_0,1.0,0.524822695035461,0.3557692307692308,0.6683168316831684,0.3557692307692308,1.0,1.0,1.0,1.0,1.0
0,Family,Granddaughter,40,1_1_1,0.6216216216216216,0.48936170212765956,0.40350877192982454,0.7623762376237624,0.323943661971831,0.14285714285714285,0.25,1.0,0.14285714285714285,0.14285714285714285
0,Family,Granddaughter,45,0_0_0,0.02702702702702703,0.05263157894736842,1.0,0.8217821782178217,0.02702702702702703,0.0,0.0,0.0,0.0,0.0
0,Family,Granddaughter,45,0_0_1,1.0,0.6727272727272727,0.5068493150684932,0.8217821782178217,0.5068493150684932,1.0,1.0,1.0,1.0,1.0
0,Family,Granddaughter,45,0_1_0,0.972972972972973,0.6050420168067226,0.43902439024390244,0.7673267326732673,0.43373493975903615,0.9375,0.967741935483871,1.0,0.9375,0.9375
0,Family,Granddaughter,45,1_0_0,1.0,0.4431137724550898,0.2846153846153846,0.5396039603960396,0.2846153846153846,1.0,1.0,1.0,1.0,1.0
0,Family,Granddaughter,45,1_1_1,0.6486486486486487,0.5106382978723404,0.42105263157894735,0.7722772277227723,0.34285714285714286,0.3125,0.47619047619047616,1.0,0.3125,0.3125
0,Family,Granddaughter,50,0_0_0,0.0,0.0,0.0,0.8168316831683168,0.0,0.0,0.0,0.0,0.0,0.0
0,Family,Granddaughter,50,0_0_1,1.0,0.7047619047619048,0.5441176470588235,0.8465346534653465,0.5441176470588235,1.0,1.0,1.0,1.0,1.0
0,Family,Granddaughter,50,0_1_0,0.9459459459459459,0.603448275862069,0.4430379746835443,0.7722772277227723,0.43209876543209874,0.8888888888888888,0.9411764705882353,1.0,0.8888888888888888,0.8888888888888888
0,Family,Granddaughter,50,1_0_0,1.0,0.43529411764705883,0.2781954887218045,0.5247524752475248,0.2781954887218045,1.0,1.0,1.0,1.0,1.0
0,Family,Granddaughter,50,1_1_1,0.5945945945945946,0.4782608695652174,0.4,0.7623762376237624,0.3142857142857143,0.2777777777777778,0.43478260869565216,1.0,0.2777777777777778,0.2777777777777778
0,Family,Granddaughter,55,0_0_0,0.13513513513513514,0.23809523809523808,1.0,0.8415841584158416,0.13513513513513514,0.0,0.0,0.0,0.0,0.0
0,Family,Granddaughter,55,0_0_1,0.6756756756756757,0.7142857142857143,0.7575757575757576,0.900990099009901,0.5555555555555556,0.4,0.5714285714285714,1.0,0.4,0.4
0,Family,Granddaughter,55,0_1_0,0.4864864864864865,0.631578947368421,0.9,0.8960396039603961,0.46153846153846156,0.05,0.09523809523809523,1.0,0.05,0.05
0,Family,Granddaughter,55,1_0_0,1.0,0.45962732919254656,0.29838709677419356,0.5693069306930693,0.29838709677419356,1.0,1.0,1.0,1.0,1.0
0,Family,Granddaughter,55,1_1_1,0.2702702702702703,0.18867924528301888,0.14492753623188406,0.5742574257425742,0.10416666666666667,0.4,0.5714285714285714,1.0,0.4,0.4
0,Family,Granddaughter,60,0_0_0,0.02702702702702703,0.05263157894736842,1.0,0.8217821782178217,0.02702702702702703,0.0,0.0,0.0,0.0,0.0
0,Family,Granddaughter,60,0_0_1,0.4864864864864865,0.631578947368421,0.9,0.8960396039603961,0.46153846153846156,0.13636363636363635,0.24,1.0,0.13636363636363635,0.13636363636363635
0,Family,Granddaughter,60,0_1_0,0.43243243243243246,0.5818181818181818,0.8888888888888888,0.8861386138613861,0.41025641025641024,0.045454545454545456,0.08695652173913043,1.0,0.045454545454545456,0.045454545454545456
0,Family,Granddaughter,60,1_0_0,1.0,0.6548672566371682,0.4868421052631579,0.806930693069307,0.4868421052631579,1.0,1.0,1.0,1.0,1.0
0,Family,Granddaughter,60,1_1_1,0.02702702702702703,0.02247191011235955,0.019230769230769232,0.5693069306930693,0.011363636363636364,0.045454545454545456,0.08695652173913043,1.0,0.045454545454545456,0.045454545454545456
0,Family,Granddaughter,65,0_0_0,0.0,0.0,0.0,0.8168316831683168,0.0,0.0,0.0,0.0,0.0,0.0
0,Family,Granddaughter,65,0_0_1,0.43243243243243246,0.5818181818181818,0.8888888888888888,0.8861386138613861,0.41025641025641024,0.125,0.2222222222222222,1.0,0.125,0.125
0,Family,Granddaughter,65,0_1_0,0.3783783783783784,0.5384615384615384,0.9333333333333333,0.8811881188118812,0.3684210526315789,0.041666666666666664,0.08,1.0,0.041666666666666664,0.041666666666666664
0,Family,Granddaughter,65,1_0_0,1.0,0.49333333333333335,0.3274336283185841,0.6237623762376238,0.3274336283185841,1.0,1.0,1.0,1.0,1.0
0,Family,Granddaughter,65,1_1_1,0.21621621621621623,0.14953271028037382,0.11428571428571428,0.5495049504950495,0.08080808080808081,0.2916666666666667,0.45161290322580644,1.0,0.2916666666666667,0.2916666666666667
0,Family,Granddaughter,70,0_0_0,0.0,0.0,0.0,0.8168316831683168,0.0,0.0,0.0,0.0,0.0,0.0
0,Family,Granddaughter,70,0_0_1,0.40540540540540543,0.5555555555555556,0.8823529411764706,0.8811881188118812,0.38461538461538464,0.12,0.21428571428571427,1.0,0.12,0.12
0,Family,Granddaughter,70,0_1_0,0.35135135135135137,0.5098039215686274,0.9285714285714286,0.8762376237623762,0.34210526315789475,0.04,0.07692307692307693,1.0,0.04,0.04
0,Family,Granddaughter,70,1_0_0,0.972972972972973,0.4931506849315068,0.3302752293577982,0.6336633663366337,0.32727272727272727,0.96,0.9795918367346939,1.0,0.96,0.96
0,Family,Granddaughter,70,1_1_1,0.1891891891891892,0.12962962962962962,0.09859154929577464,0.5346534653465347,0.06930693069306931,0.24,0.3870967741935484,1.0,0.24,0.24
0,Family,Granddaughter,75,0_0_0,0.0,0.0,0.0,0.8168316831683168,0.0,0.0,0.0,0.0,0.0,0.0
0,Family,Granddaughter,75,0_0_1,0.32432432432432434,0.48,0.9230769230769231,0.8712871287128713,0.3157894736842105,0.07407407407407407,0.13793103448275862,1.0,0.07407407407407407,0.07407407407407407
0,Family,Granddaughter,75,0_1_0,0.32432432432432434,0.48,0.9230769230769231,0.8712871287128713,0.3157894736842105,0.07407407407407407,0.13793103448275862,1.0,0.07407407407407407,0.07407407407407407
0,Family,Granddaughter,75,1_0_0,1.0,0.47435897435897434,0.31092436974789917,0.594059405940594,0.31092436974789917,1.0,1.0,1.0,1.0,1.0
0,Family,Granddaughter,75,1_1_1,0.13513513513513514,0.10416666666666667,0.0847457627118644,0.5742574257425742,0.054945054945054944,0.14814814814814814,0.25806451612903225,1.0,0.14814814814814814,0.14814814814814814
0,Family,Granddaughter,80,0_0_0,0.0,0.0,0.0,0.8168316831683168,0.0,0.0,0.0,0.0,0.0,0.0
0,Family,Granddaughter,80,0_0_1,0.2972972972972973,0.44,0.8461538461538461,0.8613861386138614,0.28205128205128205,0.10344827586206896,0.1875,1.0,0.10344827586206896,0.10344827586206896
0,Family,Granddaughter,80,0_1_0,0.32432432432432434,0.47058823529411764,0.8571428571428571,0.8663366336633663,0.3076923076923077,0.13793103448275862,0.24242424242424243,1.0,0.13793103448275862,0.13793103448275862
0,Family,Granddaughter,80,1_0_0,1.0,0.49333333333333335,0.3274336283185841,0.6237623762376238,0.3274336283185841,1.0,1.0,1.0,1.0,1.0
0,Family,Granddaughter,80,1_1_1,0.2702702702702703,0.15503875968992248,0.10869565217391304,0.4603960396039604,0.08403361344537816,0.3448275862068966,0.5128205128205128,1.0,0.3448275862068966,0.3448275862068966
0,Family,Grandfather,0,0_0_0,0.45714285714285713,0.6274509803921569,1.0,0.905940594059406,0.45714285714285713,,,,,
0,Family,Grandfather,0,0_0_1,1.0,0.6796116504854369,0.5147058823529411,0.8366336633663366,0.5147058823529411,,,,,
0,Family,Grandfather,0,0_1_0,1.0,0.6666666666666666,0.5,0.8267326732673267,0.5,,,,,
0,Family,Grandfather,0,1_0_0,1.0,0.3626943005181347,0.22151898734177214,0.3910891089108911,0.22151898734177214,,,,,
0,Family,Grandfather,0,1_1_1,1.0,0.5645161290322581,0.39325842696629215,0.7326732673267327,0.39325842696629215,,,,,
0,Family,Grandfather,5,0_0_0,0.45714285714285713,0.6274509803921569,1.0,0.905940594059406,0.45714285714285713,0.0,0.0,0.0,0.0,0.0
0,Family,Grandfather,5,0_0_1,0.9714285714285714,0.6868686868686869,0.53125,0.8465346534653465,0.5230769230769231,0.0,0.0,0.0,0.0,0.0
0,Family,Grandfather,5,0_1_0,1.0,0.6666666666666666,0.5,0.8267326732673267,0.5,1.0,1.0,1.0,1.0,1.0
0,Family,Grandfather,5,1_0_0,1.0,0.36649214659685864,0.22435897435897437,0.400990099009901,0.22435897435897437,1.0,1.0,1.0,1.0,1.0
0,Family,Grandfather,5,1_1_1,1.0,0.5691056910569106,0.3977272727272727,0.7376237623762376,0.3977272727272727,1.0,1.0,1.0,1.0,1.0
0,Family,Grandfather,10,0_0_0,0.5142857142857142,0.6792452830188679,1.0,0.9158415841584159,0.5142857142857142,0.0,0.0,0.0,0.0,0.0
0,Family,Grandfather,10,0_0_1,1.0,0.6542056074766355,0.4861111111111111,0.8168316831683168,0.4861111111111111,1.0,1.0,1.0,1.0,1.0
0,Family,Grandfather,10,0_1_0,1.0,0.7368421052631579,0.5833333333333334,0.8762376237623762,0.5833333333333334,1.0,1.0,1.0,1.0,1.0
0,Family,Grandfather,10,1_0_0,1.0,0.3888888888888889,0.2413793103448276,0.45544554455445546,0.2413793103448276,1.0,1.0,1.0,1.0,1.0
0,Family,Grandfather,10,1_1_1,0.4,0.5,0.6666666666666666,0.8613861386138614,0.3333333333333333,0.0,0.0,0.0,0.0,0.0
0,Family,Grandfather,15,0_0_0,0.4,0.5714285714285714,1.0,0.8960396039603961,0.4,0.0,0.0,0.0,0.0,0.0
0,Family,Grandfather,15,0_0_1,1.0,0.660377358490566,0.49295774647887325,0.8217821782178217,0.49295774647887325,1.0,1.0,1.0,1.0,1.0
0,Family,Grandfather,15,0_1_0,1.0,0.7526881720430108,0.603448275862069,0.8861386138613861,0.603448275862069,1.0,1.0,1.0,1.0,1.0
0,Family,Grandfather,15,1_0_0,1.0,0.38461538461538464,0.23809523809523808,0.44554455445544555,0.23809523809523808,1.0,1.0,1.0,1.0,1.0
0,Family,Grandfather,15,1_1_1,0.2857142857142857,0.4166666666666667,0.7692307692307693,0.8613861386138614,0.2631578947368421,0.0,0.0,0.0,0.0,0.0
0,Family,Grandfather,20,0_0_0,0.37142857142857144,0.5416666666666666,1.0,0.8910891089108911,0.37142857142857144,0.0,0.0,0.0,0.0,0.0
0,Family,Grandfather,20,0_0_1,1.0,0.625,0.45454545454545453,0.7920792079207921,0.45454545454545453,1.0,1.0,1.0,1.0,1.0
0,Family,Grandfather,20,0_1_0,1.0,0.7446808510638298,0.5932203389830508,0.8811881188118812,0.5932203389830508,1.0,1.0,1.0,1.0,1.0
0,Family,Grandfather,20,1_0_0,1.0,0.3723404255319149,0.22875816993464052,0.4158415841584158,0.22875816993464052,1.0,1.0,1.0,1.0,1.0
0,Family,Grandfather,20,1_1_1,0.37142857142857144,0.5098039215686274,0.8125,0.8762376237623762,0.34210526315789475,0.0,0.0,0.0,0.0,0.0
0,Family,Grandfather,25,0_0_0,0.34285714285714286,0.5106382978723404,1.0,0.8861386138613861,0.34285714285714286,0.0,0.0,0.0,0.0,0.0
0,Family,Grandfather,25,0_0_1,1.0,0.6542056074766355,0.4861111111111111,0.8168316831683168,0.4861111111111111,1.0,1.0,1.0,1.0,1.0
0,Family,Grandfather,25,0_1_0,1.0,0.7692307692307693,0.625,0.8960396039603961,0.625,1.0,1.0,1.0,1.0,1.0
0,Family,Grandfather,25,1_0_0,1.0,0.3783783783783784,0.23333333333333334,0.4306930693069307,0.23333333333333334,1.0,1.0,1.0,1.0,1.0
0,Family,Grandfather,25,1_1_1,0.3142857142857143,0.4489795918367347,0.7857142857142857,0.8663366336633663,0.2894736842105263,0.0,0.0,0.0,0.0,0.0
0,Family,Grandfather,30,0_0_0,0.2,0.3333333333333333,1.0,0.8613861386138614,0.2,0.0,0.0,0.0,0.0,0.0
0,Family,Grandfather,30,0_0_1,0.9428571428571428,0.6285714285714286,0.4714285714285714,0.806930693069307,0.4583333333333333,0.8,0.8888888888888888,1.0,0.8,0.8
0,Family,Grandfather,30,0_1_0,1.0,0.7526881720430108,0.603448275862069,0.8861386138613861,0.603448275862069,1.0,1.0,1.0,1.0,1.0
0,Family,Grandfather,30,1_0_0,1.0,0.37433155080213903,0.23026315789473684,0.4207920792079208,0.23026315789473684,1.0,1.0,1.0,1.0,1.0
0,Family,Grandfather,30,1_1_1,0.2,0.3111111111111111,0.7,0.8465346534653465,0.18421052631578946,0.0,0.0,0.0,0.0,0.0
0,Family,Grandfather,35,0_0_0,0.22857142857142856,0.37209302325581395,1.0,0.8663366336633663,0.22857142857142856,0.0,0.0,0.0,0.0,0.0
0,Family,Grandfather,35,0_0_1,0.9142857142857143,0.6530612244897959,0.5079365079365079,0.8316831683168316,0.48484848484848486,0.75,0.8571428571428571,1.0,0.75,0.75
0,Family,Grandfather,35,0_1_0,0.9142857142857143,0.6530612244897959,0.5079365079365079,0.8316831683168316,0.48484848484848486,0.75,0.8571428571428571,1.0,0.75,0.75
0,Family,Grandfather,35,1_0_0,1.0,0.3684210526315789,0.22580645161290322,0.40594059405940597,0.22580645161290322,1.0,1.0,1.0,1.0,1.0
0,Family,Grandfather,35,1_1_1,0.2571428571428571,0.3829787234042553,0.75,0.8564356435643564,0.23684210526315788,0.0,0.0,0.0,0.0,0.0
0,Family,Grandfather,40,0_0_0,0.08571428571428572,0.15789473684210525,1.0,0.8415841584158416,0.08571428571428572,0.0,0.0,0.0,0.0,0.0
0,Family,Grandfather,40,0_0_1,0.9142857142857143,0.6274509803921569,0.47761194029850745,0.8118811881188119,0.45714285714285713,0.7857142857142857,0.88,1.0,0.7857142857142857,0.7857142857142857
0,Family,Grandfather,40,0_1_0,0.8571428571428571,0.6122448979591837,0.47619047619047616,0.8118811881188119,0.4411764705882353,0.6428571428571429,0.782608695652174,1.0,0.6428571428571429,0.6428571428571429
0,Family,Grandfather,40,1_0_0,1.0,0.35,0.21212121212121213,0.3564356435643564,0.21212121212121213,1.0,1.0,1.0,1.0,1.0
0,Family,Grandfather,40,1_1_1,0.2,0.3111111111111111,0.7,0.8465346534653465,0.18421052631578946,0.07142857142857142,0.13333333333333333,1.0,0.07142857142857142,0.07142857142857142
0,Family,Grandfather,45,0_0_0,0.11428571428571428,0.20512820512820512,1.0,0.8465346534653465,0.11428571428571428,0.0,0.0,0.0,0.0,0.0
0,Family,Grandfather,45,0_0_1,0.8857142857142857,0.62,0.47692307692307695,0.8118811881188119,0.4492753623188406,0.7333333333333333,0.8461538461538461,1.0,0.7333333333333333,0.7333333333333333
0,Family,Grandfather,45,0_1_0,0.9142857142857143,0.6597938144329897,0.5161290322580645,0.8366336633663366,0.49230769230769234,0.8,0.8888888888888888,1.0,0.8,0.8
0,Family,Grandfather,45,1_0_0,1.0,0.34146341463414637,0.20588235294117646,0.3316831683168317,0.20588235294117646,1.0,1.0,1.0,1.0,1.0
0,Family,Grandfather,45,1_1_1,0.2571428571428571,0.375,0.6923076923076923,0.8514851485148515,0.23076923076923078,0.06666666666666667,0.125,1.0,0.06666666666666667,0.06666666666666667
0,Family,Grandfather,50,0_0_0,0.05714285714285714,0.10810810810810811,1.0,0.8366336633663366,0.05714285714285714,0.0,0.0,0.0,0.0,0.0
0,Family,Grandfather,50,0_0_1,0.8857142857142857,0.6326530612244898,0.49206349206349204,0.8217821782178217,0.4626865671641791,0.7647058823529411,0.8666666666666667,1.0,0.7647058823529411,0.7647058823529411
0,Family,Grandfather,50,0_1_0,0.8571428571428571,0.6382978723404256,0.5084745762711864,0.8316831683168316,0.46875,0.7058823529411765,0.8275862068965517,1.0,0.7058823529411765,0.7058823529411765
0,Family,Grandfather,50,1_0_0,1.0,0.33980582524271846,0.2046783625730994,0.32673267326732675,0.2046783625730994,1.0,1.0,1.0,1.0,1.0
0,Family,Grandfather,50,1_1_1,0.08571428571428572,0.15,0.6,0.8316831683168316,0.08108108108108109,0.0,0.0,0.0,0.0,0.0
0,Family,Grandfather,55,0_0_0,0.11428571428571428,0.20512820512820512,1.0,0.8465346534653465,0.11428571428571428,0.0,0.0,0.0,0.0,0.0
0,Family,Grandfather,55,0_0_1,0.8,0.6153846153846154,0.5,0.8267326732673267,0.4444444444444444,0.631578947368421,0.7741935483870968,1.0,0.631578947368421,0.631578947368421
0,Family,Grandfather,55,0_1_0,0.8285714285714286,0.6304347826086957,0.5087719298245614,0.8316831683168316,0.4603174603174603,0.6842105263157895,0.8125,1.0,0.6842105263157895,0.6842105263157895
0,Family,Grandfather,55,1_0_0,1.0,0.35353535353535354,0.2147239263803681,0.36633663366336633,0.2147239263803681,1.0,1.0,1.0,1.0,1.0
0,Family,Grandfather,55,1_1_1,0.05714285714285714,0.10526315789473684,0.6666666666666666,0.8316831683168316,0.05555555555555555,0.0,0.0,0.0,0.0,0.0
0,Family,Grandfather,60,0_0_0,0.11428571428571428,0.20512820512820512,1.0,0.8465346534653465,0.11428571428571428,0.0,0.0,0.0,0.0,0.0
0,Family,Grandfather,60,0_0_1,0.6571428571428571,0.5974025974025974,0.5476190476190477,0.8465346534653465,0.42592592592592593,0.42857142857142855,0.6,1.0,0.42857142857142855,0.42857142857142855
0,Family,Grandfather,60,0_1_0,0.6857142857142857,0.5333333333333333,0.43636363636363634,0.7920792079207921,0.36363636363636365,0.47619047619047616,0.6451612903225806,1.0,0.47619047619047616,0.47619047619047616
0,Family,Grandfather,60,1_0_0,1.0,0.3888888888888889,0.2413793103448276,0.45544554455445546,0.2413793103448276,1.0,1.0,1.0,1.0,1.0
0,Family,Grandfather,60,1_1_1,0.05714285714285714,0.10526315789473684,0.6666666666666666,0.8316831683168316,0.05555555555555555,0.0,0.0,0.0,0.0,0.0
0,Family,Grandfather,65,0_0_0,0.0,0.0,0.0,0.8267326732673267,0.0,0.0,0.0,0.0,0.0,0.0
0,Family,Grandfather,65,0_0_1,0.7142857142857143,0.6578947368421053,0.6097560975609756,0.8712871287128713,0.49019607843137253,0.5454545454545454,0.7058823529411765,1.0,0.5454545454545454,0.5454545454545454
0,Family,Grandfather,65,0_1_0,0.7142857142857143,0.5747126436781609,0.4807692307692308,0.8168316831683168,0.4032258064516129,0.5454545454545454,0.7058823529411765,1.0,0.5454545454545454,0.5454545454545454
0,Family,Grandfather,65,1_0_0,1.0,0.4430379746835443,0.2845528455284553,0.5643564356435643,0.2845528455284553,1.0,1.0,1.0,1.0,1.0
0,Family,Grandfather,65,1_1_1,0.7428571428571429,0.3151515151515151,0.2,0.4405940594059406,0.18705035971223022,0.5909090909090909,0.7428571428571429,1.0,0.5909090909090909,0.5909090909090909
0,Family,Grandfather,70,0_0_0,0.11428571428571428,0.20512820512820512,1.0,0.8465346534653465,0.11428571428571428,0.0,0.0,0.0,0.0,0.0
0,Family,Grandfather,70,0_0_1,0.8571428571428571,0.5454545454545454,0.4,0.7524752475247525,0.375,0.7916666666666666,0.8837209302325582,1.0,0.7916666666666666,0.7916666666666666
0,Family,Grandfather,70,0_1_0,0.6857142857142857,0.6153846153846154,0.5581395348837209,0.8514851485148515,0.4444444444444444,0.5416666666666666,0.7027027027027027,1.0,0.5416666666666666,0.5416666666666666
0,Family,Grandfather,70,1_0_0,1.0,0.330188679245283,0.1977401129943503,0.297029702970297,0.1977401129943503,1.0,1.0,1.0,1.0,1.0
0,Family,Grandfather,70,1_1_1,0.0,0.0,0.0,0.5297029702970297,0.0,0.0,0.0,0.0,0.0,0.0
0,Family,Grandfather,75,0_0_0,0.08571428571428572,0.15789473684210525,1.0,0.8415841584158416,0.08571428571428572,0.0,0.0,0.0,0.0,0.0
0,Family,Grandfather,75,0_0_1,0.7142857142857143,0.5208333333333334,0.4098360655737705,0.7722772277227723,0.352112676056338,0.6153846153846154,0.7619047619047619,1.0,0.6153846153846154,0.6153846153846154
0,Family,Grandfather,75,0_1_0,0.6285714285714286,0.5945945945945946,0.5641025641025641,0.8514851485148515,0.4230769230769231,0.5,0.6666666666666666,1.0,0.5,0.5
0,Family,Grandfather,75,1_0_0,1.0,0.35353535353535354,0.2147239263803681,0.36633663366336633,0.2147239263803681,1.0,1.0,1.0,1.0,1.0
0,Family,Grandfather,75,1_1_1,0.0,0.0,0.0,0.5198019801980198,0.0,0.0,0.0,0.0,0.0,0.0
0,Family,Grandfather,80,0_0_0,0.0,0.0,0.0,0.8267326732673267,0.0,0.0,0.0,0.0,0.0,0.0
0,Family,Grandfather,80,0_0_1,0.4857142857142857,0.44155844155844154,0.40476190476190477,0.7871287128712872,0.2833333333333333,0.35714285714285715,0.5263157894736842,1.0,0.35714285714285715,0.35714285714285715
0,Family,Grandfather,80,0_1_0,0.5142857142857142,0.5714285714285714,0.6428571428571429,0.8663366336633663,0.4,0.39285714285714285,0.5641025641025641,1.0,0.39285714285714285,0.39285714285714285
0,Family,Grandfather,80,1_0_0,0.8,0.38095238095238093,0.25,0.5495049504950495,0.23529411764705882,0.75,0.8571428571428571,1.0,0.75,0.75
0,Family,Grandfather,80,1_1_1,0.0,0.0,0.0,0.5198019801980198,0.0,0.0,0.0,0.0,0.0,0.0
0,Family,Grandparent,0,0_0_0,0.0,0.0,0.0,0.6534653465346535,0.0,,,,,
0,Family,Grandparent,0,0_0_1,0.014285714285714285,0.023809523809523808,0.07142857142857142,0.594059405940594,0.012048192771084338,,,,,
0,Family,Grandparent,0,0_1_0,0.1,0.15053763440860216,0.30434782608695654,0.6089108910891089,0.08139534883720931,,,,,
0,Family,Grandparent,0,1_0_0,0.3142857142857143,0.24175824175824176,0.19642857142857142,0.31683168316831684,0.1375,,,,,
0,Family,Grandparent,0,1_1_1,0.4,0.43410852713178294,0.4745762711864407,0.6386138613861386,0.27722772277227725,,,,,
0,Family,Grandparent,5,0_0_0,0.0,0.0,0.0,0.6534653465346535,0.0,,,,,
0,Family,Grandparent,5,0_0_1,0.014285714285714285,0.023809523809523808,0.07142857142857142,0.594059405940594,0.012048192771084338,,,,,
0,Family,Grandparent,5,0_1_0,0.1,0.15053763440860216,0.30434782608695654,0.6089108910891089,0.08139534883720931,,,,,
0,Family,Grandparent,5,1_0_0,0.3142857142857143,0.24175824175824176,0.19642857142857142,0.31683168316831684,0.1375,,,,,
0,Family,Grandparent,5,1_1_1,0.4,0.43410852713178294,0.4745762711864407,0.6386138613861386,0.27722772277227725,,,,,
0,Family,Grandparent,10,0_0_0,0.0,0.0,0.0,0.6534653465346535,0.0,,,,,
0,Family,Grandparent,10,0_0_1,0.014285714285714285,0.023809523809523808,0.07142857142857142,0.594059405940594,0.012048192771084338,,,,,
0,Family,Grandparent,10,0_1_0,0.1,0.15053763440860216,0.30434782608695654,0.6089108910891089,0.08139534883720931,,,,,
0,Family,Grandparent,10,1_0_0,0.3142857142857143,0.24175824175824176,0.19642857142857142,0.31683168316831684,0.1375,,,,,
0,Family,Grandparent,10,1_1_1,0.4,0.43410852713178294,0.4745762711864407,0.6386138613861386,0.27722772277227725,,,,,
0,Family,Grandparent,15,0_0_0,0.0,0.0,0.0,0.6534653465346535,0.0,,,,,
0,Family,Grandparent,15,0_0_1,0.014285714285714285,0.023809523809523808,0.07142857142857142,0.594059405940594,0.012048192771084338,,,,,
0,Family,Grandparent,15,0_1_0,0.1,0.15053763440860216,0.30434782608695654,0.6089108910891089,0.08139534883720931,,,,,
0,Family,Grandparent,15,1_0_0,0.3142857142857143,0.24175824175824176,0.19642857142857142,0.31683168316831684,0.1375,,,,,
0,Family,Grandparent,15,1_1_1,0.4,0.43410852713178294,0.4745762711864407,0.6386138613861386,0.27722772277227725,,,,,
0,Family,Grandparent,20,0_0_0,0.0,0.0,0.0,0.6534653465346535,0.0,,,,,
0,Family,Grandparent,20,0_0_1,0.014285714285714285,0.023809523809523808,0.07142857142857142,0.594059405940594,0.012048192771084338,,,,,
0,Family,Grandparent,20,0_1_0,0.1,0.15053763440860216,0.30434782608695654,0.6089108910891089,0.08139534883720931,,,,,
0,Family,Grandparent,20,1_0_0,0.3142857142857143,0.24175824175824176,0.19642857142857142,0.31683168316831684,0.1375,,,,,
0,Family,Grandparent,20,1_1_1,0.4,0.43410852713178294,0.4745762711864407,0.6386138613861386,0.27722772277227725,,,,,
0,Family,Grandparent,25,0_0_0,0.0,0.0,0.0,0.6534653465346535,0.0,,,,,
0,Family,Grandparent,25,0_0_1,0.014285714285714285,0.023809523809523808,0.07142857142857142,0.594059405940594,0.012048192771084338,,,,,
0,Family,Grandparent,25,0_1_0,0.1,0.15053763440860216,0.30434782608695654,0.6089108910891089,0.08139534883720931,,,,,
0,Family,Grandparent,25,1_0_0,0.3142857142857143,0.24175824175824176,0.19642857142857142,0.31683168316831684,0.1375,,,,,
0,Family,Grandparent,25,1_1_1,0.4,0.43410852713178294,0.4745762711864407,0.6386138613861386,0.27722772277227725,,,,,
0,Family,Grandparent,30,0_0_0,0.0,0.0,0.0,0.6534653465346535,0.0,,,,,
0,Family,Grandparent,30,0_0_1,0.014285714285714285,0.023809523809523808,0.07142857142857142,0.594059405940594,0.012048192771084338,,,,,
0,Family,Grandparent,30,0_1_0,0.1,0.15053763440860216,0.30434782608695654,0.6089108910891089,0.08139534883720931,,,,,
0,Family,Grandparent,30,1_0_0,0.3142857142857143,0.24175824175824176,0.19642857142857142,0.31683168316831684,0.1375,,,,,
0,Family,Grandparent,30,1_1_1,0.4,0.43410852713178294,0.4745762711864407,0.6386138613861386,0.27722772277227725,,,,,
0,Family,Grandparent,35,0_0_0,0.0,0.0,0.0,0.6534653465346535,0.0,,,,,
0,Family,Grandparent,35,0_0_1,0.014285714285714285,0.023809523809523808,0.07142857142857142,0.594059405940594,0.012048192771084338,,,,,
0,Family,Grandparent,35,0_1_0,0.1,0.15053763440860216,0.30434782608695654,0.6089108910891089,0.08139534883720931,,,,,
0,Family,Grandparent,35,1_0_0,0.3142857142857143,0.24175824175824176,0.19642857142857142,0.31683168316831684,0.1375,,,,,
0,Family,Grandparent,35,1_1_1,0.4,0.43410852713178294,0.4745762711864407,0.6386138613861386,0.27722772277227725,,,,,
0,Family,Grandparent,40,0_0_0,0.0,0.0,0.0,0.6534653465346535,0.0,,,,,
0,Family,Grandparent,40,0_0_1,0.014285714285714285,0.023809523809523808,0.07142857142857142,0.594059405940594,0.012048192771084338,,,,,
0,Family,Grandparent,40,0_1_0,0.1,0.15053763440860216,0.30434782608695654,0.6089108910891089,0.08139534883720931,,,,,
0,Family,Grandparent,40,1_0_0,0.3142857142857143,0.24175824175824176,0.19642857142857142,0.31683168316831684,0.1375,,,,,
0,Family,Grandparent,40,1_1_1,0.4,0.43410852713178294,0.4745762711864407,0.6386138613861386,0.27722772277227725,,,,,
0,Family,Grandparent,45,0_0_0,0.0,0.0,0.0,0.6534653465346535,0.0,,,,,
0,Family,Grandparent,45,0_0_1,0.014285714285714285,0.023809523809523808,0.07142857142857142,0.594059405940594,0.012048192771084338,,,,,
0,Family,Grandparent,45,0_1_0,0.1,0.15053763440860216,0.30434782608695654,0.6089108910891089,0.08139534883720931,,,,,
0,Family,Grandparent,45,1_0_0,0.3142857142857143,0.24175824175824176,0.19642857142857142,0.31683168316831684,0.1375,,,,,
0,Family,Grandparent,45,1_1_1,0.4,0.43410852713178294,0.4745762711864407,0.6386138613861386,0.27722772277227725,,,,,
0,Family,Grandparent,50,0_0_0,0.0,0.0,0.0,0.6534653465346535,0.0,,,,,
0,Family,Grandparent,50,0_0_1,0.014285714285714285,0.023809523809523808,0.07142857142857142,0.594059405940594,0.012048192771084338,,,,,
0,Family,Grandparent,50,0_1_0,0.1,0.15053763440860216,0.30434782608695654,0.6089108910891089,0.08139534883720931,,,,,
0,Family,Grandparent,50,1_0_0,0.3142857142857143,0.24175824175824176,0.19642857142857142,0.31683168316831684,0.1375,,,,,
0,Family,Grandparent,50,1_1_1,0.4,0.43410852713178294,0.4745762711864407,0.6386138613861386,0.27722772277227725,,,,,
0,Family,Grandparent,55,0_0_0,0.0,0.0,0.0,0.6534653465346535,0.0,,,,,
0,Family,Grandparent,55,0_0_1,0.014285714285714285,0.023809523809523808,0.07142857142857142,0.594059405940594,0.012048192771084338,,,,,
0,Family,Grandparent,55,0_1_0,0.1,0.15053763440860216,0.30434782608695654,0.6089108910891089,0.08139534883720931,,,,,
0,Family,Grandparent,55,1_0_0,0.3142857142857143,0.24175824175824176,0.19642857142857142,0.31683168316831684,0.1375,,,,,
0,Family,Grandparent,55,1_1_1,0.4,0.43410852713178294,0.4745762711864407,0.6386138613861386,0.27722772277227725,,,,,
0,Family,Grandparent,60,0_0_0,0.0,0.0,0.0,0.6534653465346535,0.0,,,,,
0,Family,Grandparent,60,0_0_1,0.014285714285714285,0.023809523809523808,0.07142857142857142,0.594059405940594,0.012048192771084338,,,,,
0,Family,Grandparent,60,0_1_0,0.1,0.15053763440860216,0.30434782608695654,0.6089108910891089,0.08139534883720931,,,,,
0,Family,Grandparent,60,1_0_0,0.3142857142857143,0.24175824175824176,0.19642857142857142,0.31683168316831684,0.1375,,,,,
0,Family,Grandparent,60,1_1_1,0.4,0.43410852713178294,0.4745762711864407,0.6386138613861386,0.27722772277227725,,,,,
0,Family,Grandparent,65,0_0_0,0.0,0.0,0.0,0.6534653465346535,0.0,,,,,
0,Family,Grandparent,65,0_0_1,0.014285714285714285,0.023809523809523808,0.07142857142857142,0.594059405940594,0.012048192771084338,,,,,
0,Family,Grandparent,65,0_1_0,0.1,0.15053763440860216,0.30434782608695654,0.6089108910891089,0.08139534883720931,,,,,
0,Family,Grandparent,65,1_0_0,0.3142857142857143,0.24175824175824176,0.19642857142857142,0.31683168316831684,0.1375,,,,,
0,Family,Grandparent,65,1_1_1,0.4,0.43410852713178294,0.4745762711864407,0.6386138613861386,0.27722772277227725,,,,,
0,Family,Grandparent,70,0_0_0,0.0,0.0,0.0,0.6534653465346535,0.0,,,,,
0,Family,Grandparent,70,0_0_1,0.014285714285714285,0.023809523809523808,0.07142857142857142,0.594059405940594,0.012048192771084338,,,,,
0,Family,Grandparent,70,0_1_0,0.1,0.15053763440860216,0.30434782608695654,0.6089108910891089,0.08139534883720931,,,,,
0,Family,Grandparent,70,1_0_0,0.3142857142857143,0.24175824175824176,0.19642857142857142,0.31683168316831684,0.1375,,,,,
0,Family,Grandparent,70,1_1_1,0.4,0.43410852713178294,0.4745762711864407,0.6386138613861386,0.27722772277227725,,,,,
0,Family,Grandparent,75,0_0_0,0.0,0.0,0.0,0.6534653465346535,0.0,,,,,
0,Family,Grandparent,75,0_0_1,0.014285714285714285,0.023809523809523808,0.07142857142857142,0.594059405940594,0.012048192771084338,,,,,
0,Family,Grandparent,75,0_1_0,0.1,0.15053763440860216,0.30434782608695654,0.6089108910891089,0.08139534883720931,,,,,
0,Family,Grandparent,75,1_0_0,0.3142857142857143,0.24175824175824176,0.19642857142857142,0.31683168316831684,0.1375,,,,,
0,Family,Grandparent,75,1_1_1,0.4,0.43410852713178294,0.4745762711864407,0.6386138613861386,0.27722772277227725,,,,,
0,Family,Grandparent,80,0_0_0,0.0,0.0,0.0,0.6534653465346535,0.0,,,,,
0,Family,Grandparent,80,0_0_1,0.014285714285714285,0.023809523809523808,0.07142857142857142,0.594059405940594,0.012048192771084338,,,,,
0,Family,Grandparent,80,0_1_0,0.1,0.15053763440860216,0.30434782608695654,0.6089108910891089,0.08139534883720931,,,,,
0,Family,Grandparent,80,1_0_0,0.3142857142857143,0.24175824175824176,0.19642857142857142,0.31683168316831684,0.1375,,,,,
0,Family,Grandparent,80,1_1_1,0.4,0.43410852713178294,0.4745762711864407,0.6386138613861386,0.27722772277227725,,,,,
0,Family,Grandmother,0,0_0_0,0.2,0.3333333333333333,1.0,0.8613861386138614,0.2,,,,,
0,Family,Grandmother,0,0_0_1,1.0,0.7692307692307693,0.625,0.8960396039603961,0.625,,,,,
0,Family,Grandmother,0,0_1_0,1.0,0.7368421052631579,0.5833333333333334,0.8762376237623762,0.5833333333333334,,,,,
0,Family,Grandmother,0,1_0_0,1.0,0.42168674698795183,0.26717557251908397,0.5247524752475248,0.26717557251908397,,,,,
0,Family,Grandmother,0,1_1_1,1.0,0.6086956521739131,0.4375,0.7772277227722773,0.4375,,,,,
0,Family,Grandmother,5,0_0_0,0.17142857142857143,0.2926829268292683,1.0,0.8564356435643564,0.17142857142857143,0.0,0.0,0.0,0.0,0.0
0,Family,Grandmother,5,0_0_1,1.0,0.7692307692307693,0.625,0.8960396039603961,0.625,1.0,1.0,1.0,1.0,1.0
0,Family,Grandmother,5,0_1_0,1.0,0.7368421052631579,0.5833333333333334,0.8762376237623762,0.5833333333333334,1.0,1.0,1.0,1.0,1.0
0,Family,Grandmother,5,1_0_0,1.0,0.41916167664670656,0.26515151515151514,0.5198019801980198,0.26515151515151514,1.0,1.0,1.0,1.0,1.0
0,Family,Grandmother,5,1_1_1,1.0,0.6140350877192983,0.4430379746835443,0.7821782178217822,0.4430379746835443,1.0,1.0,1.0,1.0,1.0
0,Family,Grandmother,10,0_0_0,0.22857142857142856,0.37209302325581395,1.0,0.8663366336633663,0.22857142857142856,0.0,0.0,0.0,0.0,0.0
0,Family,Grandmother,10,0_0_1,1.0,0.813953488372093,0.6862745098039216,0.9207920792079208,0.6862745098039216,1.0,1.0,1.0,1.0,1.0
0,Family,Grandmother,10,0_1_0,1.0,0.7446808510638298,0.5932203389830508,0.8811881188118812,0.5932203389830508,1.0,1.0,1.0,1.0,1.0
0,Family,Grandmother,10,1_0_0,1.0,0.41916167664670656,0.26515151515151514,0.5198019801980198,0.26515151515151514,1.0,1.0,1.0,1.0,1.0
0,Family,Grandmother,10,1_1_1,0.9714285714285714,0.6355140186915887,0.4722222222222222,0.806930693069307,0.4657534246575342,0.6666666666666666,0.8,1.0,0.6666666666666666,0.6666666666666666
0,Family,Grandmother,15,0_0_0,0.22857142857142856,0.37209302325581395,1.0,0.8663366336633663,0.22857142857142856,0.0,0.0,0.0,0.0,0.0
0,Family,Grandmother,15,0_0_1,1.0,0.8235294117647058,0.7,0.9257425742574258,0.7,1.0,1.0,1.0,1.0,1.0
0,Family,Grandmother,15,0_1_0,0.9714285714285714,0.723404255319149,0.576271186440678,0.8712871287128713,0.5666666666666667,0.8,0.8888888888888888,1.0,0.8,0.8
0,Family,Grandmother,15,1_0_0,1.0,0.4093567251461988,0.25735294117647056,0.5,0.25735294117647056,1.0,1.0,1.0,1.0,1.0
0,Family,Grandmother,15,1_1_1,0.9714285714285714,0.6126126126126126,0.4473684210526316,0.7871287128712872,0.44155844155844154,0.8,0.8888888888888888,1.0,0.8,0.8
0,Family,Grandmother,20,0_0_0,0.22857142857142856,0.37209302325581395,1.0,0.8663366336633663,0.22857142857142856,0.0,0.0,0.0,0.0,0.0
0,Family,Grandmother,20,0_0_1,1.0,0.5932203389830508,0.42168674698795183,0.7623762376237624,0.42168674698795183,1.0,1.0,1.0,1.0,1.0
0,Family,Grandmother,20,0_1_0,0.9714285714285714,0.8,0.68,0.9158415841584159,0.6666666666666666,0.8571428571428571,0.9230769230769231,1.0,0.8571428571428571,0.8571428571428571
0,Family,Grandmother,20,1_0_0,1.0,0.3349282296650718,0.20114942528735633,0.3118811881188119,0.20114942528735633,1.0,1.0,1.0,1.0,1.0
0,Family,Grandmother,20,1_1_1,0.0,0.0,0.0,0.3316831683168317,0.0,0.0,0.0,0.0,0.0,0.0
0,Family,Grandmother,25,0_0_0,0.05714285714285714,0.10810810810810811,1.0,0.8366336633663366,0.05714285714285714,0.0,0.0,0.0,0.0,0.0
0,Family,Grandmother,25,0_0_1,0.9714285714285714,0.6355140186915887,0.4722222222222222,0.806930693069307,0.4657534246575342,0.875,0.9333333333333333,1.0,0.875,0.875
0,Family,Grandmother,25,0_1_0,0.9714285714285714,0.7083333333333334,0.5573770491803278,0.8613861386138614,0.5483870967741935,0.875,0.9333333333333333,1.0,0.875,0.875
0,Family,Grandmother,25,1_0_0,1.0,0.3153153153153153,0.18716577540106952,0.24752475247524752,0.18716577540106952,1.0,1.0,1.0,1.0,1.0
0,Family,Grandmother,25,1_1_1,0.0,0.0,0.0,0.41089108910891087,0.0,0.0,0.0,0.0,0.0,0.0
0,Family,Grandmother,30,0_0_0,0.05714285714285714,0.10810810810810811,1.0,0.8366336633663366,0.05714285714285714,0.0,0.0,0.0,0.0,0.0
0,Family,Grandmother,30,0_0_1,0.9428571428571428,0.6470588235294118,0.4925373134328358,0.8217821782178217,0.4782608695652174,0.8,0.8888888888888888,1.0,0.8,0.8
0,Family,Grandmother,30,0_1_0,0.9428571428571428,0.75,0.6226415094339622,0.8910891089108911,0.6,0.8,0.8888888888888888,1.0,0.8,0.8
0,Family,Grandmother,30,1_0_0,1.0,0.3211009174311927,0.1912568306010929,0.26732673267326734,0.1912568306010929,1.0,1.0,1.0,1.0,1.0
0,Family,Grandmother,30,1_1_1,0.0,0.0,0.0,0.400990099009901,0.0,0.0,0.0,0.0,0.0,0.0
0,Family,Grandmother,35,0_0_0,0.08571428571428572,0.15789473684210525,1.0,0.8415841584158416,0.08571428571428572,0.0,0.0,0.0,0.0,0.0
0,Family,Grandmother,35,0_0_1,0.9714285714285714,0.6666666666666666,0.5074626865671642,0.8316831683168316,0.5,0.9166666666666666,0.9565217391304348,1.0,0.9166666666666666,0.9166666666666666
0,Family,Grandmother,35,0_1_0,0.8857142857142857,0.7126436781609196,0.5961538461538461,0.8762376237623762,0.5535714285714286,0.6666666666666666,0.8,1.0,0.6666666666666666,0.6666666666666666
0,Family,Grandmother,35,1_0_0,1.0,0.3333333333333333,0.2,0.3069306930693069,0.2,1.0,1.0,1.0,1.0,1.0
0,Family,Grandmother,35,1_1_1,0.0,0.0,0.0,0.6831683168316832,0.0,0.0,0.0,0.0,0.0,0.0
0,Family,Grandmother,40,0_0_0,0.05714285714285714,0.10810810810810811,1.0,0.8366336633663366,0.05714285714285714,0.0,0.0,0.0,0.0,0.0
0,Family,Grandmother,40,0_0_1,0.9428571428571428,0.6534653465346535,0.5,0.8267326732673267,0.4852941176470588,0.8571428571428571,0.9230769230769231,1.0,0.8571428571428571,0.8571428571428571
0,Family,Grandmother,40,0_1_0,0.9428571428571428,0.7333333333333333,0.6,0.8811881188118812,0.5789473684210527,0.8571428571428571,0.9230769230769231,1.0,0.8571428571428571,0.8571428571428571
0,Family,Grandmother,40,1_0_0,1.0,0.37433155080213903,0.23026315789473684,0.4207920792079208,0.23026315789473684,1.0,1.0,1.0,1.0,1.0
0,Family,Grandmother,40,1_1_1,0.0,0.0,0.0,0.6732673267326733,0.0,0.0,0.0,0.0,0.0,0.0
0,Family,Grandmother,45,0_0_0,0.05714285714285714,0.10810810810810811,1.0,0.8366336633663366,0.05714285714285714,0.0,0.0,0.0,0.0,0.0
0,Family,Grandmother,45,0_0_1,0.9428571428571428,0.6407766990291263,0.4852941176470588,0.8168316831683168,0.4714285714285714,0.8666666666666667,0.9285714285714286,1.0,0.8666666666666667,0.8666666666666667
0,Family,Grandmother,45,0_1_0,0.8857142857142857,0.6888888888888889,0.5636363636363636,0.8613861386138614,0.5254237288135594,0.7333333333333333,0.8461538461538461,1.0,0.7333333333333333,0.7333333333333333
0,Family,Grandmother,45,1_0_0,1.0,0.3954802259887006,0.24647887323943662,0.47029702970297027,0.24647887323943662,1.0,1.0,1.0,1.0,1.0
0,Family,Grandmother,45,1_1_1,0.0,0.0,0.0,0.6683168316831684,0.0,0.0,0.0,0.0,0.0,0.0
0,Family,Grandmother,50,0_0_0,0.0,0.0,0.0,0.8267326732673267,0.0,0.0,0.0,0.0,0.0,0.0
0,Family,Grandmother,50,0_0_1,0.9714285714285714,0.68,0.5230769230769231,0.8415841584158416,0.5151515151515151,0.9411764705882353,0.9696969696969697,1.0,0.9411764705882353,0.9411764705882353
0,Family,Grandmother,50,0_1_0,0.9142857142857143,0.7032967032967034,0.5714285714285714,0.8663366336633663,0.5423728813559322,0.8235294117647058,0.9032258064516129,1.0,0.8235294117647058,0.8235294117647058
0,Family,Grandmother,50,1_0_0,1.0,0.38461538461538464,0.23809523809523808,0.44554455445544555,0.23809523809523808,1.0,1.0,1.0,1.0,1.0
0,Family,Grandmother,50,1_1_1,0.0,0.0,0.0,0.6386138613861386,0.0,0.0,0.0,0.0,0.0,0.0
0,Family,Grandmother,55,0_0_0,0.0,0.0,0.0,0.8267326732673267,0.0,0.0,0.0,0.0,0.0,0.0
0,Family,Grandmother,55,0_0_1,0.9428571428571428,0.717391304347826,0.5789473684210527,0.8712871287128713,0.559322033898305,0.8947368421052632,0.9444444444444444,1.0,0.8947368421052632,0.8947368421052632
0,Family,Grandmother,55,0_1_0,0.8571428571428571,0.6741573033707865,0.5555555555555556,0.8564356435643564,0.5084745762711864,0.7368421052631579,0.8484848484848485,1.0,0.7368421052631579,0.7368421052631579
0,Family,Grandmother,55,1_0_0,1.0,0.39325842696629215,0.24475524475524477,0.46534653465346537,0.24475524475524477,1.0,1.0,1.0,1.0,1.0
0,Family,Grandmother,55,1_1_1,0.0,0.0,0.0,0.6039603960396039,0.0,0.0,0.0,0.0,0.0,0.0
0,Family,Grandmother,60,0_0_0,0.02857142857142857,0.05555555555555555,1.0,0.8316831683168316,0.02857142857142857,0.0,0.0,0.0,0.0,0.0
0,Family,Grandmother,60,0_0_1,0.9142857142857143,0.7191011235955056,0.5925925925925926,0.8762376237623762,0.5614035087719298,0.8571428571428571,0.9230769230769231,1.0,0.8571428571428571,0.8571428571428571
0,Family,Grandmother,60,0_1_0,0.8571428571428571,0.6896551724137931,0.5769230769230769,0.8663366336633663,0.5263157894736842,0.7619047619047619,0.8648648648648649,1.0,0.7619047619047619,0.7619047619047619
0,Family,Grandmother,60,1_0_0,1.0,0.40229885057471265,0.2517985611510791,0.48514851485148514,0.2517985611510791,1.0,1.0,1.0,1.0,1.0
0,Family,Grandmother,60,1_1_1,0.0,0.0,0.0,0.6237623762376238,0.0,0.0,0.0,0.0,0.0,0.0
0,Family,Grandmother,65,0_0_0,0.05714285714285714,0.10810810810810811,1.0,0.8366336633663366,0.05714285714285714,0.0,0.0,0.0,0.0,0.0
0,Family,Grandmother,65,0_0_1,0.8285714285714286,0.6904761904761905,0.5918367346938775,0.8712871287128713,0.5272727272727272,0.7272727272727273,0.8421052631578947,1.0,0.7272727272727273,0.7272727272727273
0,Family,Grandmother,65,0_1_0,0.8285714285714286,0.6823529411764706,0.58,0.8663366336633663,0.5178571428571429,0.7272727272727273,0.8421052631578947,1.0,0.7272727272727273,0.7272727272727273
0,Family,Grandmother,65,1_0_0,1.0,0.4093567251461988,0.25735294117647056,0.5,0.25735294117647056,1.0,1.0,1.0,1.0,1.0
0,Family,Grandmother,65,1_1_1,0.0,0.0,0.0,0.6237623762376238,0.0,0.0,0.0,0.0,0.0,0.0
0,Family,Grandmother,70,0_0_0,0.0,0.0,0.0,0.8267326732673267,0.0,0.0,0.0,0.0,0.0,0.0
0,Family,Grandmother,70,0_0_1,0.5714285714285714,0.5263157894736842,0.4878048780487805,0.8217821782178217,0.35714285714285715,0.375,0.5454545454545454,1.0,0.375,0.375
0,Family,Grandmother,70,0_1_0,0.5142857142857142,0.5070422535211268,0.5,0.8267326732673267,0.33962264150943394,0.2916666666666667,0.45161290322580644,1.0,0.2916666666666667,0.2916666666666667
0,Family,Grandmother,70,1_0_0,0.9714285714285714,0.4358974358974359,0.2809917355371901,0.5643564356435643,0.2786885245901639,0.9583333333333334,0.9787234042553191,1.0,0.9583333333333334,0.9583333333333334
0,Family,Grandmother,70,1_1_1,0.02857142857142857,0.02702702702702703,0.02564102564102564,0.6435643564356436,0.0136986301369863,0.041666666666666664,0.08,1.0,0.041666666666666664,0.041666666666666664
0,Family,Grandmother,75,0_0_0,0.0,0.0,0.0,0.8267326732673267,0.0,0.0,0.0,0.0,0.0,0.0
0,Family,Grandmother,75,0_0_1,0.6,0.5675675675675675,0.5384615384615384,0.8415841584158416,0.39622641509433965,0.46153846153846156,0.631578947368421,1.0,0.46153846153846156,0.46153846153846156
0,Family,Grandmother,75,0_1_0,0.5428571428571428,0.5428571428571428,0.5428571428571428,0.8415841584158416,0.37254901960784315,0.38461538461538464,0.5555555555555556,1.0,0.38461538461538464,0.38461538461538464
0,Family,Grandmother,75,1_0_0,0.9714285714285714,0.40963855421686746,0.2595419847328244,0.5148514851485149,0.25757575757575757,0.9615384615384616,0.9803921568627451,1.0,0.9615384615384616,0.9615384615384616
0,Family,Grandmother,75,1_1_1,0.0,0.0,0.0,0.5544554455445545,0.0,0.0,0.0,0.0,0.0,0.0
0,Family,Grandmother,80,0_0_0,0.0,0.0,0.0,0.8267326732673267,0.0,0.0,0.0,0.0,0.0,0.0
0,Family,Grandmother,80,0_0_1,0.3142857142857143,0.46808510638297873,0.9166666666666666,0.8762376237623762,0.3055555555555556,0.14285714285714285,0.25,1.0,0.14285714285714285,0.14285714285714285
0,Family,Grandmother,80,0_1_0,0.22857142857142856,0.3404255319148936,0.6666666666666666,0.8465346534653465,0.20512820512820512,0.03571428571428571,0.06896551724137931,1.0,0.03571428571428571,0.03571428571428571
0,Family,Grandmother,80,1_0_0,1.0,0.5035971223021583,0.33653846153846156,0.6584158415841584,0.33653846153846156,1.0,1.0,1.0,1.0,1.0
0,Family,Grandmother,80,1_1_1,0.0,0.0,0.0,0.400990099009901,0.0,0.0,0.0,0.0,0.0,0.0
0,Family,Grandson,0,0_0_0,0.09302325581395349,0.1702127659574468,1.0,0.806930693069307,0.09302325581395349,,,,,
0,Family,Grandson,0,0_0_1,1.0,0.7889908256880734,0.6515151515151515,0.8861386138613861,0.6515151515151515,,,,,
0,Family,Grandson,0,0_1_0,1.0,0.6099290780141844,0.4387755102040816,0.7277227722772277,0.4387755102040816,,,,,
0,Family,Grandson,0,1_0_0,1.0,0.46994535519125685,0.30714285714285716,0.5198019801980198,0.30714285714285716,,,,,
0,Family,Grandson,0,1_1_1,0.9767441860465116,0.5753424657534246,0.4077669902912621,0.693069306930693,0.40384615384615385,,,,,
0,Family,Grandson,5,0_0_0,0.3488372093023256,0.5172413793103449,1.0,0.8613861386138614,0.3488372093023256,0.0,0.0,0.0,0.0,0.0
0,Family,Grandson,5,0_0_1,1.0,0.7350427350427351,0.581081081081081,0.8465346534653465,0.581081081081081,1.0,1.0,1.0,1.0,1.0
0,Family,Grandson,5,0_1_0,0.9767441860465116,0.8235294117647058,0.711864406779661,0.9108910891089109,0.7,0.5,0.6666666666666666,1.0,0.5,0.5
0,Family,Grandson,5,1_0_0,1.0,0.4056603773584906,0.25443786982248523,0.37623762376237624,0.25443786982248523,1.0,1.0,1.0,1.0,1.0
0,Family,Grandson,5,1_1_1,1.0,0.5771812080536913,0.4056603773584906,0.6881188118811881,0.4056603773584906,1.0,1.0,1.0,1.0,1.0
0,Family,Grandson,10,0_0_0,0.3488372093023256,0.5172413793103449,1.0,0.8613861386138614,0.3488372093023256,0.0,0.0,0.0,0.0,0.0
0,Family,Grandson,10,0_0_1,1.0,0.7678571428571429,0.6231884057971014,0.8712871287128713,0.6231884057971014,1.0,1.0,1.0,1.0,1.0
0,Family,Grandson,10,0_1_0,0.9534883720930233,0.8282828282828283,0.7321428571428571,0.9158415841584159,0.7068965517241379,0.5,0.6666666666666666,1.0,0.5,0.5
0,Family,Grandson,10,1_0_0,1.0,0.41148325358851673,0.25903614457831325,0.3910891089108911,0.25903614457831325,1.0,1.0,1.0,1.0,1.0
0,Family,Grandson,10,1_1_1,1.0,0.5771812080536913,0.4056603773584906,0.6881188118811881,0.4056603773584906,1.0,1.0,1.0,1.0,1.0
0,Family,Grandson,15,0_0_0,0.3488372093023256,0.5172413793103449,1.0,0.8613861386138614,0.3488372093023256,0.0,0.0,0.0,0.0,0.0
0,Family,Grandson,15,0_0_1,1.0,0.7678571428571429,0.6231884057971014,0.8712871287128713,0.6231884057971014,1.0,1.0,1.0,1.0,1.0
0,Family,Grandson,15,0_1_0,0.9302325581395349,0.8333333333333334,0.7547169811320755,0.9207920792079208,0.7142857142857143,0.5,0.6666666666666666,1.0,0.5,0.5
0,Family,Grandson,15,1_0_0,1.0,0.4215686274509804,0.2670807453416149,0.4158415841584158,0.2670807453416149,1.0,1.0,1.0,1.0,1.0
0,Family,Grandson,15,1_1_1,1.0,0.5695364238410596,0.39814814814814814,0.6782178217821783,0.39814814814814814,1.0,1.0,1.0,1.0,1.0
0,Family,Grandson,20,0_0_0,0.3488372093023256,0.5172413793103449,1.0,0.8613861386138614,0.3488372093023256,0.0,0.0,0.0,0.0,0.0
0,Family,Grandson,20,0_0_1,0.9767441860465116,0.7567567567567568,0.6176470588235294,0.8663366336633663,0.6086956521739131,0.875,0.9333333333333333,1.0,0.875,0.875
0,Family,Grandson,20,0_1_0,0.8837209302325582,0.7755102040816326,0.6909090909090909,0.8910891089108911,0.6333333333333333,0.375,0.5454545454545454,1.0,0.375,0.375
0,Family,Grandson,20,1_0_0,1.0,0.4236453201970443,0.26875,0.4207920792079208,0.26875,1.0,1.0,1.0,1.0,1.0
0,Family,Grandson,20,1_1_1,1.0,0.5695364238410596,0.39814814814814814,0.6782178217821783,0.39814814814814814,1.0,1.0,1.0,1.0,1.0
0,Family,Grandson,25,0_0_0,0.32558139534883723,0.49122807017543857,1.0,0.8564356435643564,0.32558139534883723,0.0,0.0,0.0,0.0,0.0
0,Family,Grandson,25,0_0_1,0.9767441860465116,0.7,0.5454545454545454,0.8217821782178217,0.5384615384615384,0.9,0.9473684210526315,1.0,0.9,0.9
0,Family,Grandson,25,0_1_0,0.813953488372093,0.7954545454545454,0.7777777777777778,0.9108910891089109,0.660377358490566,0.2,0.3333333333333333,1.0,0.2,0.2
0,Family,Grandson,25,1_0_0,1.0,0.3944954128440367,0.24571428571428572,0.3465346534653465,0.24571428571428572,1.0,1.0,1.0,1.0,1.0
0,Family,Grandson,25,1_1_1,0.8604651162790697,0.6166666666666667,0.4805194805194805,0.7722772277227723,0.4457831325301205,0.6,0.75,1.0,0.6,0.6
0,Family,Grandson,30,0_0_0,0.046511627906976744,0.08888888888888889,1.0,0.7970297029702971,0.046511627906976744,0.0,0.0,0.0,0.0,0.0
0,Family,Grandson,30,0_0_1,1.0,0.593103448275862,0.4215686274509804,0.7079207920792079,0.4215686274509804,1.0,1.0,1.0,1.0,1.0
0,Family,Grandson,30,0_1_0,0.9069767441860465,0.6782608695652174,0.5416666666666666,0.8168316831683168,0.5131578947368421,0.6666666666666666,0.8,1.0,0.6666666666666666,0.6666666666666666
0,Family,Grandson,30,1_0_0,1.0,0.38738738738738737,0.24022346368715083,0.32673267326732675,0.24022346368715083,1.0,1.0,1.0,1.0,1.0
0,Family,Grandson,30,1_1_1,1.0,0.5408805031446541,0.3706896551724138,0.6386138613861386,0.3706896551724138,1.0,1.0,1.0,1.0,1.0
0,Family,Grandson,35,0_0_0,0.06976744186046512,0.13043478260869565,1.0,0.801980198019802,0.06976744186046512,0.0,0.0,0.0,0.0,0.0
0,Family,Grandson,35,0_0_1,1.0,0.6615384615384615,0.4942528735632184,0.7821782178217822,0.4942528735632184,1.0,1.0,1.0,1.0,1.0
0,Family,Grandson,35,0_1_0,0.9302325581395349,0.7272727272727273,0.5970149253731343,0.8514851485148515,0.5714285714285714,0.8,0.8888888888888888,1.0,0.8,0.8
0,Family,Grandson,35,1_0_0,1.0,0.39814814814814814,0.24855491329479767,0.3564356435643564,0.24855491329479767,1.0,1.0,1.0,1.0,1.0
0,Family,Grandson,35,1_1_1,1.0,0.5443037974683544,0.3739130434782609,0.6435643564356436,0.3739130434782609,1.0,1.0,1.0,1.0,1.0
0,Family,Grandson,40,0_0_0,0.06976744186046512,0.13043478260869565,1.0,0.801980198019802,0.06976744186046512,0.0,0.0,0.0,0.0,0.0
0,Family,Grandson,40,0_0_1,1.0,0.6666666666666666,0.5,0.7871287128712872,0.5,1.0,1.0,1.0,1.0,1.0
0,Family,Grandson,40,0_1_0,0.9534883720930233,0.7454545454545455,0.6119402985074627,0.8613861386138614,0.5942028985507246,0.8823529411764706,0.9375,1.0,0.8823529411764706,0.8823529411764706
0,Family,Grandson,40,1_0_0,1.0,0.4075829383886256,0.25595238095238093,0.3811881188118812,0.25595238095238093,1.0,1.0,1.0,1.0,1.0
0,Family,Grandson,40,1_1_1,1.0,0.5512820512820513,0.3805309734513274,0.6534653465346535,0.3805309734513274,1.0,1.0,1.0,1.0,1.0
0,Family,Grandson,45,0_0_0,0.023255813953488372,0.045454545454545456,1.0,0.7920792079207921,0.023255813953488372,0.0,0.0,0.0,0.0,0.0
0,Family,Grandson,45,0_0_1,0.9534883720930233,0.640625,0.4823529411764706,0.7722772277227723,0.47126436781609193,0.8947368421052632,0.9444444444444444,1.0,0.8947368421052632,0.8947368421052632
0,Family,Grandson,45,0_1_0,0.9302325581395349,0.7476635514018691,0.625,0.8663366336633663,0.5970149253731343,0.8421052631578947,0.9142857142857143,1.0,0.8421052631578947,0.8421052631578947
0,Family,Grandson,45,1_0_0,1.0,0.41148325358851673,0.25903614457831325,0.3910891089108911,0.25903614457831325,1.0,1.0,1.0,1.0,1.0
0,Family,Grandson,45,1_1_1,1.0,0.5477707006369427,0.37719298245614036,0.6485148514851485,0.37719298245614036,1.0,1.0,1.0,1.0,1.0
0,Family,Grandson,50,0_0_0,0.0,0.0,0.0,0.7871287128712872,0.0,0.0,0.0,0.0,0.0,0.0
0,Family,Grandson,50,0_0_1,0.9302325581395349,0.6837606837606838,0.5405405405405406,0.8168316831683168,0.5194805194805194,0.8571428571428571,0.9230769230769231,1.0,0.8571428571428571,0.8571428571428571
0,Family,Grandson,50,0_1_0,0.8837209302325582,0.7450980392156863,0.6440677966101694,0.8712871287128713,0.59375,0.7619047619047619,0.8648648648648649,1.0,0.7619047619047619,0.7619047619047619
0,Family,Grandson,50,1_0_0,1.0,0.41346153846153844,0.2606060606060606,0.39603960396039606,0.2606060606060606,1.0,1.0,1.0,1.0,1.0
0,Family,Grandson,50,1_1_1,1.0,0.5584415584415584,0.38738738738738737,0.6633663366336634,0.38738738738738737,1.0,1.0,1.0,1.0,1.0
0,Family,Grandson,55,0_0_0,0.0,0.0,0.0,0.7871287128712872,0.0,0.0,0.0,0.0,0.0,0.0
0,Family,Grandson,55,0_0_1,0.9302325581395349,0.7017543859649122,0.5633802816901409,0.8316831683168316,0.5405405405405406,0.8695652173913043,0.9302325581395349,1.0,0.8695652173913043,0.8695652173913043
0,Family,Grandson,55,0_1_0,0.9069767441860465,0.75,0.639344262295082,0.8712871287128713,0.6,0.8260869565217391,0.9047619047619048,1.0,0.8260869565217391,0.8260869565217391
0,Family,Grandson,55,1_0_0,1.0,0.41346153846153844,0.2606060606060606,0.39603960396039606,0.2606060606060606,1.0,1.0,1.0,1.0,1.0
0,Family,Grandson,55,1_1_1,0.9534883720930233,0.5540540540540541,0.3904761904761905,0.6732673267326733,0.38317757009345793,0.9130434782608695,0.9545454545454546,1.0,0.9130434782608695,0.9130434782608695
0,Family,Grandson,60,0_0_0,0.0,0.0,0.0,0.7871287128712872,0.0,0.0,0.0,0.0,0.0,0.0
0,Family,Grandson,60,0_0_1,0.8837209302325582,0.7102803738317757,0.59375,0.8465346534653465,0.5507246376811594,0.8,0.8888888888888888,1.0,0.8,0.8
0,Family,Grandson,60,0_1_0,0.8372093023255814,0.7128712871287128,0.6206896551724138,0.8564356435643564,0.5538461538461539,0.72,0.8372093023255814,1.0,0.72,0.72
0,Family,Grandson,60,1_0_0,1.0,0.39631336405529954,0.2471264367816092,0.35148514851485146,0.2471264367816092,1.0,1.0,1.0,1.0,1.0
0,Family,Grandson,60,1_1_1,0.9534883720930233,0.5359477124183006,0.37272727272727274,0.6485148514851485,0.36607142857142855,0.92,0.9583333333333334,1.0,0.92,0.92
0,Family,Grandson,65,0_0_0,0.0,0.0,0.0,0.7871287128712872,0.0,0.0,0.0,0.0,0.0,0.0
0,Family,Grandson,65,0_0_1,0.6976744186046512,0.5405405405405406,0.4411764705882353,0.7475247524752475,0.37037037037037035,0.5185185185185185,0.6829268292682927,1.0,0.5185185185185185,0.5185185185185185
0,Family,Grandson,65,0_1_0,0.4883720930232558,0.5753424657534246,0.7,0.8465346534653465,0.40384615384615385,0.18518518518518517,0.3125,1.0,0.18518518518518517,0.18518518518518517
0,Family,Grandson,65,1_0_0,1.0,0.3598326359832636,0.2193877551020408,0.24257425742574257,0.2193877551020408,1.0,1.0,1.0,1.0,1.0
0,Family,Grandson,65,1_1_1,0.09302325581395349,0.05555555555555555,0.039603960396039604,0.32673267326732675,0.02857142857142857,0.14814814814814814,0.25806451612903225,1.0,0.14814814814814814,0.14814814814814814
0,Family,Grandson,70,0_0_0,0.0,0.0,0.0,0.7871287128712872,0.0,0.0,0.0,0.0,0.0,0.0
0,Family,Grandson,70,0_0_1,0.6744186046511628,0.5420560747663551,0.453125,0.7574257425742574,0.3717948717948718,0.5333333333333333,0.6956521739130435,1.0,0.5333333333333333,0.5333333333333333
0,Family,Grandson,70,0_1_0,0.4186046511627907,0.5373134328358209,0.75,0.8465346534653465,0.3673469387755102,0.16666666666666666,0.2857142857142857,1.0,0.16666666666666666,0.16666666666666666
0,Family,Grandson,70,1_0_0,1.0,0.36134453781512604,0.2205128205128205,0.24752475247524752,0.2205128205128205,1.0,1.0,1.0,1.0,1.0
0,Family,Grandson,70,1_1_1,0.09302325581395349,0.05555555555555555,0.039603960396039604,0.32673267326732675,0.02857142857142857,0.13333333333333333,0.23529411764705882,1.0,0.13333333333333333,0.13333333333333333
0,Family,Grandson,75,0_0_0,0.0,0.0,0.0,0.7871287128712872,0.0,0.0,0.0,0.0,0.0,0.0
0,Family,Grandson,75,0_0_1,0.5813953488372093,0.5,0.43859649122807015,0.7524752475247525,0.3333333333333333,0.4375,0.6086956521739131,1.0,0.4375,0.4375
0,Family,Grandson,75,0_1_0,0.3488372093023256,0.47619047619047616,0.75,0.8366336633663366,0.3125,0.125,0.2222222222222222,1.0,0.125,0.125
0,Family,Grandson,75,1_0_0,1.0,0.36134453781512604,0.2205128205128205,0.24752475247524752,0.2205128205128205,1.0,1.0,1.0,1.0,1.0
0,Family,Grandson,75,1_1_1,0.06976744186046512,0.041379310344827586,0.029411764705882353,0.3118811881188119,0.02112676056338028,0.09375,0.17142857142857143,1.0,0.09375,0.09375
0,Family,Grandson,80,0_0_0,0.0,0.0,0.0,0.7871287128712872,0.0,0.0,0.0,0.0,0.0,0.0
0,Family,Grandson,80,0_0_1,0.46511627906976744,0.43010752688172044,0.4,0.7376237623762376,0.273972602739726,0.3235294117647059,0.4888888888888889,1.0,0.3235294117647059,0.3235294117647059
0,Family,Grandson,80,0_1_0,0.23255813953488372,0.3448275862068966,0.6666666666666666,0.8118811881188119,0.20833333333333334,0.029411764705882353,0.05714285714285714,1.0,0.029411764705882353,0.029411764705882353
0,Family,Grandson,80,1_0_0,1.0,0.3628691983122363,0.22164948453608246,0.2524752475247525,0.22164948453608246,1.0,1.0,1.0,1.0,1.0
0,Family,Grandson,80,1_1_1,0.06976744186046512,0.04285714285714286,0.030927835051546393,0.33663366336633666,0.021897810218978103,0.08823529411764706,0.16216216216216217,1.0,0.08823529411764706,0.08823529411764706
0,Family,Mother,0,0_0_0,0.8833333333333333,0.9380530973451328,1.0,0.9653465346534653,0.8833333333333333,,,,,
0,Family,Mother,0,0_0_1,1.0,0.7547169811320755,0.6060606060606061,0.806930693069307,0.6060606060606061,,,,,
0,Family,Mother,0,0_1_0,1.0,0.8450704225352113,0.7317073170731707,0.8910891089108911,0.7317073170731707,,,,,
0,Family,Mother,0,1_0_0,1.0,0.5825242718446602,0.410958904109589,0.5742574257425742,0.410958904109589,,,,,
0,Family,Mother,0,1_1_1,1.0,0.8391608391608392,0.7228915662650602,0.8861386138613861,0.7228915662650602,,,,,
0,Family,Mother,5,0_0_0,0.8,0.8888888888888888,1.0,0.9405940594059405,0.8,0.0,0.0,0.0,0.0,0.0
0,Family,Mother,5,0_0_1,0.9833333333333333,0.7515923566878981,0.6082474226804123,0.806930693069307,0.6020408163265306,0.6666666666666666,0.8,1.0,0.6666666666666666,0.6666666666666666
0,Family,Mother,5,0_1_0,1.0,0.851063829787234,0.7407407407407407,0.8960396039603961,0.7407407407407407,1.0,1.0,1.0,1.0,1.0
0,Family,Mother,5,1_0_0,1.0,0.5911330049261084,0.4195804195804196,0.5891089108910891,0.4195804195804196,1.0,1.0,1.0,1.0,1.0
0,Family,Mother,5,1_1_1,1.0,0.8163265306122449,0.6896551724137931,0.8663366336633663,0.6896551724137931,1.0,1.0,1.0,1.0,1.0
0,Family,Mother,10,0_0_0,0.7833333333333333,0.8785046728971962,1.0,0.9356435643564357,0.7833333333333333,0.0,0.0,0.0,0.0,0.0
0,Family,Mother,10,0_0_1,0.9833333333333333,0.7662337662337663,0.6276595744680851,0.8217821782178217,0.6210526315789474,0.8333333333333334,0.9090909090909091,1.0,0.8333333333333334,0.8333333333333334
0,Family,Mother,10,0_1_0,1.0,0.8571428571428571,0.75,0.900990099009901,0.75,1.0,1.0,1.0,1.0,1.0
0,Family,Mother,10,1_0_0,1.0,0.5970149253731343,0.425531914893617,0.599009900990099,0.425531914893617,1.0,1.0,1.0,1.0,1.0
0,Family,Mother,10,1_1_1,0.9833333333333333,0.8309859154929577,0.7195121951219512,0.8811881188118812,0.7108433734939759,0.8333333333333334,0.9090909090909091,1.0,0.8333333333333334,0.8333333333333334
0,Family,Mother,15,0_0_0,0.7833333333333333,0.8785046728971962,1.0,0.9356435643564357,0.7833333333333333,0.0,0.0,0.0,0.0,0.0
0,Family,Mother,15,0_0_1,0.9833333333333333,0.9516129032258065,0.921875,0.9702970297029703,0.9076923076923077,0.8888888888888888,0.9411764705882353,1.0,0.8888888888888888,0.8888888888888888
0,Family,Mother,15,0_1_0,0.95,0.8769230769230769,0.8142857142857143,0.9207920792079208,0.7808219178082192,0.6666666666666666,0.8,1.0,0.6666666666666666,0.6666666666666666
0,Family,Mother,15,1_0_0,1.0,0.4897959183673469,0.32432432432432434,0.3811881188118812,0.32432432432432434,1.0,1.0,1.0,1.0,1.0
0,Family,Mother,15,1_1_1,0.0,0.0,0.0,0.3217821782178218,0.0,0.0,0.0,0.0,0.0,0.0
0,Family,Mother,20,0_0_0,0.75,0.8571428571428571,1.0,0.9257425742574258,0.75,0.0,0.0,0.0,0.0,0.0
0,Family,Mother,20,0_0_1,0.9666666666666667,0.9133858267716536,0.8656716417910447,0.9455445544554455,0.8405797101449275,0.8333333333333334,0.9090909090909091,1.0,0.8333333333333334,0.8333333333333334
0,Family,Mother,20,0_1_0,0.9666666666666667,0.8592592592592593,0.7733333333333333,0.905940594059406,0.7532467532467533,0.8333333333333334,0.9090909090909091,1.0,0.8333333333333334,0.8333333333333334
0,Family,Mother,20,1_0_0,1.0,0.4897959183673469,0.32432432432432434,0.3811881188118812,0.32432432432432434,1.0,1.0,1.0,1.0,1.0
0,Family,Mother,20,1_1_1,0.0,0.0,0.0,0.3118811881188119,0.0,0.0,0.0,0.0,0.0,0.0
0,Family,Mother,25,0_0_0,0.7333333333333333,0.8461538461538461,1.0,0.9207920792079208,0.7333333333333333,0.0,0.0,0.0,0.0,0.0
0,Family,Mother,25,0_0_1,0.95,0.926829268292683,0.9047619047619048,0.9554455445544554,0.8636363636363636,0.8,0.8888888888888888,1.0,0.8,0.8
0,Family,Mother,25,0_1_0,0.9166666666666666,0.8661417322834646,0.8208955223880597,0.9158415841584159,0.7638888888888888,0.6666666666666666,0.8,1.0,0.6666666666666666,0.6666666666666666
0,Family,Mother,25,1_0_0,1.0,0.5217391304347826,0.35294117647058826,0.45544554455445546,0.35294117647058826,1.0,1.0,1.0,1.0,1.0
0,Family,Mother,25,1_1_1,0.0,0.0,0.0,0.3415841584158416,0.0,0.0,0.0,0.0,0.0,0.0
0,Family,Mother,30,0_0_0,0.6833333333333333,0.8118811881188119,1.0,0.905940594059406,0.6833333333333333,0.0,0.0,0.0,0.0,0.0
0,Family,Mother,30,0_0_1,0.9333333333333333,0.9032258064516129,0.875,0.9405940594059405,0.8235294117647058,0.7777777777777778,0.875,1.0,0.7777777777777778,0.7777777777777778
0,Family,Mother,30,0_1_0,0.9,0.8571428571428571,0.8181818181818182,0.9108910891089109,0.75,0.6666666666666666,0.8,1.0,0.6666666666666666,0.6666666666666666
0,Family,Mother,30,1_0_0,1.0,0.5286343612334802,0.3592814371257485,0.47029702970297027,0.3592814371257485,1.0,1.0,1.0,1.0,1.0
0,Family,Mother,30,1_1_1,0.0,0.0,0.0,0.3465346534653465,0.0,0.0,0.0,0.0,0.0,0.0
0,Family,Mother,35,0_0_0,0.6333333333333333,0.7755102040816326,1.0,0.8910891089108911,0.6333333333333333,0.0,0.0,0.0,0.0,0.0
0,Family,Mother,35,0_0_1,0.9166666666666666,0.8943089430894309,0.873015873015873,0.9356435643564357,0.8088235294117647,0.7619047619047619,0.8648648648648649,1.0,0.7619047619047619,0.7619047619047619
0,Family,Mother,35,0_1_0,0.9166666666666666,0.88,0.8461538461538461,0.9257425742574258,0.7857142857142857,0.7619047619047619,0.8648648648648649,1.0,0.7619047619047619,0.7619047619047619
0,Family,Mother,35,1_0_0,1.0,0.5405405405405406,0.37037037037037035,0.49504950495049505,0.37037037037037035,1.0,1.0,1.0,1.0,1.0
0,Family,Mother,35,1_1_1,0.0,0.0,0.0,0.3415841584158416,0.0,0.0,0.0,0.0,0.0,0.0
0,Family,Mother,40,0_0_0,0.5833333333333334,0.7368421052631579,1.0,0.8762376237623762,0.5833333333333334,0.0,0.0,0.0,0.0,0.0
0,Family,Mother,40,0_0_1,0.85,0.864406779661017,0.8793103448275862,0.9207920792079208,0.7611940298507462,0.625,0.7692307692307693,1.0,0.625,0.625
0,Family,Mother,40,0_1_0,0.8833333333333333,0.8688524590163934,0.8548387096774194,0.9207920792079208,0.7681159420289855,0.7083333333333334,0.8292682926829268,1.0,0.7083333333333334,0.7083333333333334
0,Family,Mother,40,1_0_0,1.0,0.5741626794258373,0.40268456375838924,0.5594059405940595,0.40268456375838924,1.0,1.0,1.0,1.0,1.0
0,Family,Mother,40,1_1_1,0.0,0.0,0.0,0.3069306930693069,0.0,0.0,0.0,0.0,0.0,0.0
0,Family,Mother,45,0_0_0,0.5333333333333333,0.6956521739130435,1.0,0.8613861386138614,0.5333333333333333,0.0,0.0,0.0,0.0,0.0
0,Family,Mother,45,0_0_1,0.6833333333333333,0.7961165048543689,0.9534883720930233,0.8960396039603961,0.6612903225806451,0.2962962962962963,0.45714285714285713,1.0,0.2962962962962963,0.2962962962962963
0,Family,Mother,45,0_1_0,0.85,0.8429752066115702,0.8360655737704918,0.905940594059406,0.7285714285714285,0.6666666666666666,0.8,1.0,0.6666666666666666,0.6666666666666666
0,Family,Mother,45,1_0_0,0.9833333333333333,0.5514018691588785,0.38311688311688313,0.5247524752475248,0.38064516129032255,0.9629629629629629,0.9811320754716981,1.0,0.9629629629629629,0.9629629629629629
0,Family,Mother,45,1_1_1,0.0,0.0,0.0,0.32673267326732675,0.0,0.0,0.0,0.0,0.0,0.0
0,Family,Mother,50,0_0_0,0.1,0.18181818181818182,1.0,0.7326732673267327,0.1,0.0,0.0,0.0,0.0,0.0
0,Family,Mother,50,0_0_1,0.95,0.7450980392156863,0.6129032258064516,0.806930693069307,0.59375,0.9,0.9473684210526315,1.0,0.9,0.9
0,Family,Mother,50,0_1_0,0.9333333333333333,0.6706586826347305,0.5233644859813084,0.7277227722772277,0.5045045045045045,0.8666666666666667,0.9285714285714286,1.0,0.8666666666666667,0.8666666666666667
0,Family,Mother,50,1_0_0,0.95,0.57,0.40714285714285714,0.5742574257425742,0.3986013986013986,0.9,0.9473684210526315,1.0,0.9,0.9
0,Family,Mother,50,1_1_1,0.16666666666666666,0.15267175572519084,0.14084507042253522,0.4504950495049505,0.08264462809917356,0.16666666666666666,0.2857142857142857,1.0,0.16666666666666666,0.16666666666666666
0,Family,Mother,55,0_0_0,0.03333333333333333,0.06451612903225806,1.0,0.7128712871287128,0.03333333333333333,0.0,0.0,0.0,0.0,0.0
0,Family,Mother,55,0_0_1,0.6666666666666666,0.7692307692307693,0.9090909090909091,0.8811881188118812,0.625,0.3939393939393939,0.5652173913043478,1.0,0.3939393939393939,0.3939393939393939
0,Family,Mother,55,0_1_0,0.8333333333333334,0.7518796992481203,0.684931506849315,0.8366336633663366,0.6024096385542169,0.696969696969697,0.8214285714285714,1.0,0.696969696969697,0.696969696969697
0,Family,Mother,55,1_0_0,0.9333333333333333,0.5628140703517588,0.4028776978417266,0.5693069306930693,0.3916083916083916,0.8787878787878788,0.9354838709677419,1.0,0.8787878787878788,0.8787878787878788
0,Family,Mother,55,1_1_1,0.36666666666666664,0.2222222222222222,0.15942028985507245,0.2376237623762376,0.125,0.48484848484848486,0.6530612244897959,1.0,0.48484848484848486,0.48484848484848486
0,Family,Mother,60,0_0_0,0.05,0.09523809523809523,1.0,0.7178217821782178,0.05,0.0,0.0,0.0,0.0,0.0
0,Family,Mother,60,0_0_1,0.6166666666666667,0.6666666666666666,0.7254901960784313,0.8168316831683168,0.5,0.3611111111111111,0.5306122448979592,1.0,0.3611111111111111,0.3611111111111111
0,Family,Mother,60,0_1_0,0.8166666666666667,0.7050359712230215,0.620253164556962,0.7970297029702971,0.5444444444444444,0.6944444444444444,0.819672131147541,1.0,0.6944444444444444,0.6944444444444444
0,Family,Mother,60,1_0_0,0.9666666666666667,0.5321100917431193,0.3670886075949367,0.49504950495049505,0.3625,0.9444444444444444,0.9714285714285714,1.0,0.9444444444444444,0.9444444444444444
0,Family,Mother,60,1_1_1,0.05,0.05172413793103448,0.05357142857142857,0.45544554455445546,0.02654867256637168,0.08333333333333333,0.15384615384615385,1.0,0.08333333333333333,0.08333333333333333
0,Family,Mother,65,0_0_0,0.03333333333333333,0.06451612903225806,1.0,0.7128712871287128,0.03333333333333333,0.0,0.0,0.0,0.0,0.0
0,Family,Mother,65,0_0_1,0.48333333333333334,0.5858585858585859,0.7435897435897436,0.7970297029702971,0.4142857142857143,0.20512820512820512,0.3404255319148936,1.0,0.20512820512820512,0.20512820512820512
0,Family,Mother,65,0_1_0,0.7166666666666667,0.6615384615384615,0.6142857142857143,0.7821782178217822,0.4942528735632184,0.5641025641025641,0.7213114754098361,1.0,0.5641025641025641,0.5641025641025641
0,Family,Mother,65,1_0_0,0.9666666666666667,0.5321100917431193,0.3670886075949367,0.49504950495049505,0.3625,0.9487179487179487,0.9736842105263158,1.0,0.9487179487179487,0.9487179487179487
0,Family,Mother,65,1_1_1,0.16666666666666666,0.14492753623188406,0.1282051282051282,0.4158415841584158,0.078125,0.23076923076923078,0.375,1.0,0.23076923076923078,0.23076923076923078
0,Family,Mother,70,0_0_0,0.016666666666666666,0.03278688524590164,1.0,0.7079207920792079,0.016666666666666666,0.0,0.0,0.0,0.0,0.0
0,Family,Mother,70,0_0_1,0.36666666666666664,0.4835164835164835,0.7096774193548387,0.7673267326732673,0.3188405797101449,0.09523809523809523,0.17391304347826086,1.0,0.09523809523809523,0.09523809523809523
0,Family,Mother,70,0_1_0,0.6833333333333333,0.6507936507936508,0.6212121212121212,0.7821782178217822,0.4823529411764706,0.5476190476190477,0.7076923076923077,1.0,0.5476190476190477,0.5476190476190477
0,Family,Mother,70,1_0_0,0.95,0.5327102803738317,0.37012987012987014,0.504950495049505,0.3630573248407643,0.9285714285714286,0.9629629629629629,1.0,0.9285714285714286,0.9285714285714286
0,Family,Mother,70,1_1_1,0.18333333333333332,0.16793893129770993,0.15492957746478872,0.4603960396039604,0.09166666666666666,0.19047619047619047,0.32,1.0,0.19047619047619047,0.19047619047619047
0,Family,Mother,75,0_0_0,0.016666666666666666,0.03278688524590164,1.0,0.7079207920792079,0.016666666666666666,0.0,0.0,0.0,0.0,0.0
0,Family,Mother,75,0_0_1,0.35,0.45161290322580644,0.6363636363636364,0.7475247524752475,0.2916666666666667,0.13333333333333333,0.23529411764705882,1.0,0.13333333333333333,0.13333333333333333
0,Family,Mother,75,0_1_0,0.6666666666666666,0.6349206349206349,0.6060606060606061,0.7722772277227723,0.46511627906976744,0.5555555555555556,0.7142857142857143,1.0,0.5555555555555556,0.5555555555555556
0,Family,Mother,75,1_0_0,0.9166666666666666,0.5188679245283019,0.3618421052631579,0.49504950495049505,0.3503184713375796,0.8888888888888888,0.9411764705882353,1.0,0.8888888888888888,0.8888888888888888
0,Family,Mother,75,1_1_1,0.2833333333333333,0.23776223776223776,0.20481927710843373,0.4603960396039604,0.1349206349206349,0.35555555555555557,0.5245901639344263,1.0,0.35555555555555557,0.35555555555555557
0,Family,Mother,80,0_0_0,0.0,0.0,0.0,0.7029702970297029,0.0,0.0,0.0,0.0,0.0,0.0
0,Family,Mother,80,0_0_1,0.5166666666666667,0.5486725663716814,0.5849056603773585,0.7475247524752475,0.3780487804878049,0.3958333333333333,0.5671641791044776,1.0,0.3958333333333333,0.3958333333333333
0,Family,Mother,80,0_1_0,0.35,0.4827586206896552,0.7777777777777778,0.7772277227722773,0.3181818181818182,0.1875,0.3157894736842105,1.0,0.1875,0.1875
0,Family,Mother,80,1_0_0,0.9833333333333333,0.48760330578512395,0.3241758241758242,0.38613861386138615,0.3224043715846995,0.9791666666666666,0.9894736842105263,1.0,0.9791666666666666,0.9791666666666666
0,Family,Mother,80,1_1_1,0.06666666666666667,0.08695652173913043,0.125,0.5841584158415841,0.045454545454545456,0.08333333333333333,0.15384615384615385,1.0,0.08333333333333333,0.08333333333333333
0,Family,Sister,0,0_0_0,0.6904761904761905,0.8169014084507042,1.0,0.9356435643564357,0.6904761904761905,,,,,
0,Family,Sister,0,0_0_1,1.0,0.6942148760330579,0.5316455696202531,0.8168316831683168,0.5316455696202531,,,,,
0,Family,Sister,0,0_1_0,1.0,0.6666666666666666,0.5,0.7920792079207921,0.5,,,,,
0,Family,Sister,0,1_0_0,1.0,0.56,0.3888888888888889,0.6732673267326733,0.3888888888888889,,,,,
0,Family,Sister,0,1_1_1,0.9761904761904762,0.6119402985074627,0.44565217391304346,0.7425742574257426,0.44086021505376344,,,,,
0,Family,Sister,5,0_0_0,0.5476190476190477,0.7076923076923077,1.0,0.905940594059406,0.5476190476190477,0.0,0.0,0.0,0.0,0.0
0,Family,Sister,5,0_0_1,1.0,0.711864406779661,0.5526315789473685,0.8316831683168316,0.5526315789473685,1.0,1.0,1.0,1.0,1.0
0,Family,Sister,5,0_1_0,1.0,0.672,0.5060240963855421,0.7970297029702971,0.5060240963855421,1.0,1.0,1.0,1.0,1.0
0,Family,Sister,5,1_0_0,1.0,0.5675675675675675,0.39622641509433965,0.6831683168316832,0.39622641509433965,1.0,1.0,1.0,1.0,1.0
0,Family,Sister,5,1_1_1,1.0,0.5793103448275863,0.4077669902912621,0.698019801980198,0.4077669902912621,1.0,1.0,1.0,1.0,1.0
0,Family,Sister,10,0_0_0,0.5,0.6666666666666666,1.0,0.8960396039603961,0.5,0.0,0.0,0.0,0.0,0.0
0,Family,Sister,10,0_0_1,1.0,0.7058823529411765,0.5454545454545454,0.8267326732673267,0.5454545454545454,1.0,1.0,1.0,1.0,1.0
0,Family,Sister,10,0_1_0,1.0,0.6829268292682927,0.5185185185185185,0.806930693069307,0.5185185185185185,1.0,1.0,1.0,1.0,1.0
0,Family,Sister,10,1_0_0,1.0,0.5793103448275863,0.4077669902912621,0.698019801980198,0.4077669902912621,1.0,1.0,1.0,1.0,1.0
0,Family,Sister,10,1_1_1,0.9761904761904762,0.5815602836879432,0.41414141414141414,0.7079207920792079,0.41,1.0,1.0,1.0,1.0,1.0
0,Family,Sister,15,0_0_0,0.40476190476190477,0.576271186440678,1.0,0.8762376237623762,0.40476190476190477,0.0,0.0,0.0,0.0,0.0
0,Family,Sister,15,0_0_1,1.0,0.7433628318584071,0.5915492957746479,0.8564356435643564,0.5915492957746479,1.0,1.0,1.0,1.0,1.0
0,Family,Sister,15,0_1_0,0.9761904761904762,0.82,0.7068965517241379,0.9108910891089109,0.6949152542372882,0.8333333333333334,0.9090909090909091,1.0,0.8333333333333334,0.8333333333333334
0,Family,Sister,15,1_0_0,1.0,0.5562913907284768,0.3853211009174312,0.6683168316831684,0.3853211009174312,1.0,1.0,1.0,1.0,1.0
0,Family,Sister,15,1_1_1,0.9285714285714286,0.5,0.34210526315789475,0.6138613861386139,0.3333333333333333,0.8333333333333334,0.9090909090909091,1.0,0.8333333333333334,0.8333333333333334
0,Family,Sister,20,0_0_0,0.35714285714285715,0.5263157894736842,1.0,0.8663366336633663,0.35714285714285715,0.0,0.0,0.0,0.0,0.0
0,Family,Sister,20,0_0_1,1.0,0.7636363636363637,0.6176470588235294,0.8712871287128713,0.6176470588235294,1.0,1.0,1.0,1.0,1.0
0,Family,Sister,20,0_1_0,0.9761904761904762,0.8282828282828283,0.7192982456140351,0.9158415841584159,0.7068965517241379,0.875,0.9333333333333333,1.0,0.875,0.875
0,Family,Sister,20,1_0_0,1.0,0.5283018867924528,0.358974358974359,0.6287128712871287,0.358974358974359,1.0,1.0,1.0,1.0,1.0
0,Family,Sister,20,1_1_1,0.8809523809523809,0.5323741007194245,0.38144329896907214,0.6782178217821783,0.3627450980392157,0.625,0.7692307692307693,1.0,0.625,0.625
0,Family,Sister,25,0_0_0,0.3333333333333333,0.5,1.0,0.8613861386138614,0.3333333333333333,0.0,0.0,0.0,0.0,0.0
0,Family,Sister,25,0_0_1,1.0,0.7636363636363637,0.6176470588235294,0.8712871287128713,0.6176470588235294,1.0,1.0,1.0,1.0,1.0
0,Family,Sister,25,0_1_0,0.9285714285714286,0.8387096774193549,0.7647058823529411,0.9257425742574258,0.7222222222222222,0.7,0.8235294117647058,1.0,0.7,0.7
0,Family,Sister,25,1_0_0,1.0,0.5316455696202531,0.3620689655172414,0.6336633663366337,0.3620689655172414,1.0,1.0,1.0,1.0,1.0
0,Family,Sister,25,1_1_1,0.8809523809523809,0.5138888888888888,0.3627450980392157,0.6534653465346535,0.34579439252336447,0.6,0.75,1.0,0.6,0.6
0,Family,Sister,30,0_0_0,0.30952380952380953,0.4727272727272727,1.0,0.8564356435643564,0.30952380952380953,0.0,0.0,0.0,0.0,0.0
0,Family,Sister,30,0_0_1,1.0,0.7636363636363637,0.6176470588235294,0.8712871287128713,0.6176470588235294,1.0,1.0,1.0,1.0,1.0
0,Family,Sister,30,0_1_0,0.8809523809523809,0.8314606741573034,0.7872340425531915,0.9257425742574258,0.7115384615384616,0.5833333333333334,0.7368421052631579,1.0,0.5833333333333334,0.5833333333333334
0,Family,Sister,30,1_0_0,1.0,0.5637583892617449,0.3925233644859813,0.6782178217821783,0.3925233644859813,1.0,1.0,1.0,1.0,1.0
0,Family,Sister,30,1_1_1,0.9047619047619048,0.5428571428571428,0.3877551020408163,0.6831683168316832,0.37254901960784315,0.6666666666666666,0.8,1.0,0.6666666666666666,0.6666666666666666
0,Family,Sister,35,0_0_0,0.21428571428571427,0.35294117647058826,1.0,0.8366336633663366,0.21428571428571427,0.0,0.0,0.0,0.0,0.0
0,Family,Sister,35,0_0_1,1.0,0.7777777777777778,0.6363636363636364,0.8811881188118812,0.6363636363636364,1.0,1.0,1.0,1.0,1.0
0,Family,Sister,35,0_1_0,0.8571428571428571,0.75,0.6666666666666666,0.8811881188118812,0.6,0.5714285714285714,0.7272727272727273,1.0,0.5714285714285714,0.5714285714285714
0,Family,Sister,35,1_0_0,1.0,0.5490196078431373,0.3783783783783784,0.6584158415841584,0.3783783783783784,1.0,1.0,1.0,1.0,1.0
0,Family,Sister,35,1_1_1,0.23809523809523808,0.23529411764705882,0.23255813953488372,0.6782178217821783,0.13333333333333333,0.14285714285714285,0.25,1.0,0.14285714285714285,0.14285714285714285
0,Family,Sister,40,0_0_0,0.21428571428571427,0.35294117647058826,1.0,0.8366336633663366,0.21428571428571427,0.0,0.0,0.0,0.0,0.0
0,Family,Sister,40,0_0_1,0.9761904761904762,0.7592592592592593,0.6212121212121212,0.8712871287128713,0.6119402985074627,0.9375,0.967741935483871,1.0,0.9375,0.9375
0,Family,Sister,40,0_1_0,0.9523809523809523,0.7407407407407407,0.6060606060606061,0.8613861386138614,0.5882352941176471,0.875,0.9333333333333333,1.0,0.875,0.875
0,Family,Sister,40,1_0_0,1.0,0.5562913907284768,0.3853211009174312,0.6683168316831684,0.3853211009174312,1.0,1.0,1.0,1.0,1.0
0,Family,Sister,40,1_1_1,0.16666666666666666,0.1728395061728395,0.1794871794871795,0.6683168316831684,0.0945945945945946,0.125,0.2222222222222222,1.0,0.125,0.125
0,Family,Sister,45,0_0_0,0.16666666666666666,0.2857142857142857,1.0,0.8267326732673267,0.16666666666666666,0.0,0.0,0.0,0.0,0.0
0,Family,Sister,45,0_0_1,0.9285714285714286,0.7647058823529411,0.65,0.8811881188118812,0.6190476190476191,0.8333333333333334,0.9090909090909091,1.0,0.8333333333333334,0.8333333333333334
0,Family,Sister,45,0_1_0,0.8571428571428571,0.7058823529411765,0.6,0.8514851485148515,0.5454545454545454,0.6666666666666666,0.8,1.0,0.6666666666666666,0.6666666666666666
0,Family,Sister,45,1_0_0,1.0,0.5874125874125874,0.4158415841584158,0.7079207920792079,0.4158415841584158,1.0,1.0,1.0,1.0,1.0
0,Family,Sister,45,1_1_1,0.23809523809523808,0.2247191011235955,0.2127659574468085,0.6584158415841584,0.12658227848101267,0.2222222222222222,0.36363636363636365,1.0,0.2222222222222222,0.2222222222222222
0,Family,Sister,50,0_0_0,0.21428571428571427,0.35294117647058826,1.0,0.8366336633663366,0.21428571428571427,0.0,0.0,0.0,0.0,0.0
0,Family,Sister,50,0_0_1,0.6666666666666666,0.6666666666666666,0.6666666666666666,0.8613861386138614,0.5,0.3333333333333333,0.5,1.0,0.3333333333333333,0.3333333333333333
0,Family,Sister,50,0_1_0,0.7380952380952381,0.7294117647058823,0.7209302325581395,0.8861386138613861,0.5740740740740741,0.47619047619047616,0.6451612903225806,1.0,0.47619047619047616,0.47619047619047616
0,Family,Sister,50,1_0_0,1.0,0.45161290322580644,0.2916666666666667,0.49504950495049505,0.2916666666666667,1.0,1.0,1.0,1.0,1.0
0,Family,Sister,50,1_1_1,0.9285714285714286,0.5864661654135338,0.42857142857142855,0.7277227722772277,0.4148936170212766,0.9047619047619048,0.95,1.0,0.9047619047619048,0.9047619047619048
0,Family,Sister,55,0_0_0,0.19047619047619047,0.32,1.0,0.8316831683168316,0.19047619047619047,0.0,0.0,0.0,0.0,0.0
0,Family,Sister,55,0_0_1,0.7142857142857143,0.6818181818181818,0.6521739130434783,0.8613861386138614,0.5172413793103449,0.4782608695652174,0.6470588235294118,1.0,0.4782608695652174,0.4782608695652174
0,Family,Sister,55,0_1_0,0.6904761904761905,0.7073170731707317,0.725,0.8811881188118812,0.5471698113207547,0.43478260869565216,0.6060606060606061,1.0,0.43478260869565216,0.43478260869565216
0,Family,Sister,55,1_0_0,1.0,0.46408839779005523,0.302158273381295,0.5198019801980198,0.302158273381295,1.0,1.0,1.0,1.0,1.0
0,Family,Sister,55,1_1_1,0.0,0.0,0.0,0.47029702970297027,0.0,0.0,0.0,0.0,0.0,0.0
0,Family,Sister,60,0_0_0,0.19047619047619047,0.32,1.0,0.8316831683168316,0.19047619047619047,0.0,0.0,0.0,0.0,0.0
0,Family,Sister,60,0_0_1,0.6190476190476191,0.65,0.6842105263157895,0.8613861386138614,0.48148148148148145,0.36,0.5294117647058824,1.0,0.36,0.36
0,Family,Sister,60,0_1_0,0.6904761904761905,0.7160493827160493,0.7435897435897436,0.8861386138613861,0.5576923076923077,0.48,0.6486486486486487,1.0,0.48,0.48
0,Family,Sister,60,1_0_0,1.0,0.4692737430167598,0.30656934306569344,0.5297029702970297,0.30656934306569344,1.0,1.0,1.0,1.0,1.0
0,Family,Sister,60,1_1_1,0.0,0.0,0.0,0.5396039603960396,0.0,0.0,0.0,0.0,0.0,0.0
0,Family,Sister,65,0_0_0,0.2619047619047619,0.41509433962264153,1.0,0.8465346534653465,0.2619047619047619,0.0,0.0,0.0,0.0,0.0
0,Family,Sister,65,0_0_1,0.5952380952380952,0.6493506493506493,0.7142857142857143,0.8663366336633663,0.4807692307692308,0.37037037037037035,0.5405405405405406,1.0,0.37037037037037035,0.37037037037037035
0,Family,Sister,65,0_1_0,0.7142857142857143,0.75,0.7894736842105263,0.900990099009901,0.6,0.5555555555555556,0.7142857142857143,1.0,0.5555555555555556,0.5555555555555556
0,Family,Sister,65,1_0_0,1.0,0.48,0.3157894736842105,0.5495049504950495,0.3157894736842105,1.0,1.0,1.0,1.0,1.0
0,Family,Sister,65,1_1_1,0.14285714285714285,0.12244897959183673,0.10714285714285714,0.5742574257425742,0.06521739130434782,0.2222222222222222,0.36363636363636365,1.0,0.2222222222222222,0.2222222222222222
0,Family,Sister,70,0_0_0,0.16666666666666666,0.2857142857142857,1.0,0.8267326732673267,0.16666666666666666,0.0,0.0,0.0,0.0,0.0
0,Family,Sister,70,0_0_1,0.5476190476190477,0.6052631578947368,0.6764705882352942,0.8514851485148515,0.4339622641509434,0.3448275862068966,0.5128205128205128,1.0,0.3448275862068966,0.3448275862068966
0,Family,Sister,70,0_1_0,0.6190476190476191,0.7027027027027027,0.8125,0.8910891089108911,0.5416666666666666,0.4482758620689655,0.6190476190476191,1.0,0.4482758620689655,0.4482758620689655
0,Family,Sister,70,1_0_0,1.0,0.48554913294797686,0.32061068702290074,0.5594059405940595,0.32061068702290074,1.0,1.0,1.0,1.0,1.0
0,Family,Sister,70,1_1_1,0.047619047619047616,0.05063291139240506,0.05405405405405406,0.6287128712871287,0.025974025974025976,0.06896551724137931,0.12903225806451613,1.0,0.06896551724137931,0.06896551724137931
0,Family,Sister,75,0_0_0,0.14285714285714285,0.25,1.0,0.8217821782178217,0.14285714285714285,0.0,0.0,0.0,0.0,0.0
0,Family,Sister,75,0_0_1,0.4523809523809524,0.5846153846153846,0.8260869565217391,0.8663366336633663,0.41304347826086957,0.25806451612903225,0.41025641025641024,1.0,0.25806451612903225,0.25806451612903225
0,Family,Sister,75,0_1_0,0.6190476190476191,0.7123287671232876,0.8387096774193549,0.8960396039603961,0.5531914893617021,0.4838709677419355,0.6521739130434783,1.0,0.4838709677419355,0.4838709677419355
0,Family,Sister,75,1_0_0,1.0,0.4692737430167598,0.30656934306569344,0.5297029702970297,0.30656934306569344,1.0,1.0,1.0,1.0,1.0
0,Family,Sister,75,1_1_1,0.0,0.0,0.0,0.5792079207920792,0.0,0.0,0.0,0.0,0.0,0.0
0,Family,Sister,80,0_0_0,0.11904761904761904,0.2127659574468085,1.0,0.8168316831683168,0.11904761904761904,0.0,0.0,0.0,0.0,0.0
0,Family,Sister,80,0_0_1,0.40476190476190477,0.5230769230769231,0.7391304347826086,0.8465346534653465,0.3541666666666667,0.24242424242424243,0.3902439024390244,1.0,0.24242424242424243,0.24242424242424243
0,Family,Sister,80,0_1_0,0.5476190476190477,0.6865671641791045,0.92,0.8960396039603961,0.5227272727272727,0.42424242424242425,0.5957446808510638,1.0,0.42424242424242425,0.42424242424242425
0,Family,Sister,80,1_0_0,1.0,0.42424242424242425,0.2692307692307692,0.43564356435643564,0.2692307692307692,1.0,1.0,1.0,1.0,1.0
0,Family,Sister,80,1_1_1,0.0,0.0,0.0,0.599009900990099,0.0,0.0,0.0,0.0,0.0,0.0
0,Family,Son,0,0_0_0,0.8653846153846154,0.9278350515463918,1.0,0.9653465346534653,0.8653846153846154,,,,,
0,Family,Son,0,0_0_1,1.0,0.7647058823529411,0.6190476190476191,0.8415841584158416,0.6190476190476191,,,,,
0,Family,Son,0,0_1_0,1.0,0.6303030303030303,0.46017699115044247,0.698019801980198,0.46017699115044247,,,,,
0,Family,Son,0,1_0_0,1.0,0.48372093023255813,0.31901840490797545,0.4504950495049505,0.31901840490797545,,,,,
0,Family,Son,0,1_1_1,1.0,0.6582278481012658,0.49056603773584906,0.7326732673267327,0.49056603773584906,,,,,
0,Family,Son,5,0_0_0,0.8846153846153846,0.9387755102040817,1.0,0.9702970297029703,0.8846153846153846,0.0,0.0,0.0,0.0,0.0
0,Family,Son,5,0_0_1,1.0,0.7074829931972789,0.5473684210526316,0.7871287128712872,0.5473684210526316,1.0,1.0,1.0,1.0,1.0
0,Family,Son,5,0_1_0,1.0,0.6887417218543046,0.5252525252525253,0.7673267326732673,0.5252525252525253,1.0,1.0,1.0,1.0,1.0
0,Family,Son,5,1_0_0,1.0,0.4748858447488584,0.31137724550898205,0.4306930693069307,0.31137724550898205,1.0,1.0,1.0,1.0,1.0
0,Family,Son,5,1_1_1,0.9423076923076923,0.6577181208053692,0.5051546391752577,0.7475247524752475,0.49,0.5,0.6666666666666666,1.0,0.5,0.5
0,Family,Son,10,0_0_0,0.8269230769230769,0.9052631578947369,1.0,0.9554455445544554,0.8269230769230769,0.0,0.0,0.0,0.0,0.0
0,Family,Son,10,0_0_1,1.0,0.7123287671232876,0.5531914893617021,0.7920792079207921,0.5531914893617021,1.0,1.0,1.0,1.0,1.0
0,Family,Son,10,0_1_0,1.0,0.697986577181208,0.5360824742268041,0.7772277227722773,0.5360824742268041,1.0,1.0,1.0,1.0,1.0
0,Family,Son,10,1_0_0,1.0,0.4279835390946502,0.27225130890052357,0.3118811881188119,0.27225130890052357,1.0,1.0,1.0,1.0,1.0
0,Family,Son,10,1_1_1,0.7692307692307693,0.6201550387596899,0.5194805194805194,0.7574257425742574,0.449438202247191,0.4,0.5714285714285714,1.0,0.4,0.4
0,Family,Son,15,0_0_0,0.7884615384615384,0.8817204301075269,1.0,0.9455445544554455,0.7884615384615384,0.0,0.0,0.0,0.0,0.0
0,Family,Son,15,0_0_1,1.0,0.6797385620915033,0.5148514851485149,0.7574257425742574,0.5148514851485149,1.0,1.0,1.0,1.0,1.0
0,Family,Son,15,0_1_0,1.0,0.697986577181208,0.5360824742268041,0.7772277227722773,0.5360824742268041,1.0,1.0,1.0,1.0,1.0
0,Family,Son,15,1_0_0,1.0,0.43333333333333335,0.2765957446808511,0.32673267326732675,0.2765957446808511,1.0,1.0,1.0,1.0,1.0
0,Family,Son,15,1_1_1,0.75,0.609375,0.5131578947368421,0.7524752475247525,0.43820224719101125,0.2857142857142857,0.4444444444444444,1.0,0.2857142857142857,0.2857142857142857
0,Family,Son,20,0_0_0,0.6923076923076923,0.8181818181818182,1.0,0.9207920792079208,0.6923076923076923,0.0,0.0,0.0,0.0,0.0
0,Family,Son,20,0_0_1,1.0,0.6933333333333334,0.5306122448979592,0.7722772277227723,0.5306122448979592,1.0,1.0,1.0,1.0,1.0
0,Family,Son,20,0_1_0,1.0,0.7272727272727273,0.5714285714285714,0.806930693069307,0.5714285714285714,1.0,1.0,1.0,1.0,1.0
0,Family,Son,20,1_0_0,1.0,0.45021645021645024,0.2905027932960894,0.3712871287128713,0.2905027932960894,1.0,1.0,1.0,1.0,1.0
0,Family,Son,20,1_1_1,0.7115384615384616,0.5606060606060606,0.4625,0.7128712871287128,0.3894736842105263,0.6,0.75,1.0,0.6,0.6
0,Family,Son,25,0_0_0,0.6730769230769231,0.8045977011494253,1.0,0.9158415841584159,0.6730769230769231,0.0,0.0,0.0,0.0,0.0
0,Family,Son,25,0_0_1,1.0,0.6624203821656051,0.49523809523809526,0.7376237623762376,0.49523809523809526,1.0,1.0,1.0,1.0,1.0
0,Family,Son,25,0_1_0,1.0,0.7428571428571429,0.5909090909090909,0.8217821782178217,0.5909090909090909,1.0,1.0,1.0,1.0,1.0
0,Family,Son,25,1_0_0,1.0,0.4315352697095436,0.2751322751322751,0.3217821782178218,0.2751322751322751,1.0,1.0,1.0,1.0,1.0
0,Family,Son,25,1_1_1,0.6730769230769231,0.5691056910569106,0.49295774647887325,0.7376237623762376,0.3977272727272727,0.6153846153846154,0.7619047619047619,1.0,0.6153846153846154,0.6153846153846154
0,Family,Son,30,0_0_0,0.6923076923076923,0.8181818181818182,1.0,0.9207920792079208,0.6923076923076923,0.0,0.0,0.0,0.0,0.0
0,Family,Son,30,0_0_1,0.9807692307692307,0.6754966887417219,0.5151515151515151,0.7574257425742574,0.51,0.9333333333333333,0.9655172413793104,1.0,0.9333333333333333,0.9333333333333333
0,Family,Son,30,0_1_0,0.9807692307692307,0.723404255319149,0.5730337078651685,0.806930693069307,0.5666666666666667,0.9333333333333333,0.9655172413793104,1.0,0.9333333333333333,0.9333333333333333
0,Family,Son,30,1_0_0,1.0,0.42448979591836733,0.2694300518134715,0.30198019801980197,0.2694300518134715,1.0,1.0,1.0,1.0,1.0
0,Family,Son,30,1_1_1,0.7115384615384616,0.5692307692307692,0.47435897435897434,0.7227722772277227,0.3978494623655914,0.7333333333333333,0.8461538461538461,1.0,0.7333333333333333,0.7333333333333333
0,Family,Son,35,0_0_0,0.6346153846153846,0.7764705882352941,1.0,0.905940594059406,0.6346153846153846,0.0,0.0,0.0,0.0,0.0
0,Family,Son,35,0_0_1,0.9807692307692307,0.6375,0.4722222222222222,0.7128712871287128,0.46788990825688076,0.9444444444444444,0.9714285714285714,1.0,0.9444444444444444,0.9444444444444444
0,Family,Son,35,0_1_0,0.9615384615384616,0.6451612903225806,0.4854368932038835,0.7277227722772277,0.47619047619047616,0.8888888888888888,0.9411764705882353,1.0,0.8888888888888888,0.8888888888888888
0,Family,Son,35,1_0_0,1.0,0.42448979591836733,0.2694300518134715,0.30198019801980197,0.2694300518134715,1.0,1.0,1.0,1.0,1.0
0,Family,Son,35,1_1_1,0.0,0.0,0.0,0.4752475247524752,0.0,0.0,0.0,0.0,0.0,0.0
0,Family,Son,40,0_0_0,0.5961538461538461,0.7469879518072289,1.0,0.8960396039603961,0.5961538461538461,0.0,0.0,0.0,0.0,0.0
0,Family,Son,40,0_0_1,0.9807692307692307,0.6496815286624203,0.4857142857142857,0.7277227722772277,0.4811320754716981,0.95,0.9743589743589743,1.0,0.95,0.95
0,Family,Son,40,0_1_0,0.9615384615384616,0.6369426751592356,0.47619047619047616,0.7178217821782178,0.4672897196261682,0.9,0.9473684210526315,1.0,0.9,0.9
0,Family,Son,40,1_0_0,1.0,0.42448979591836733,0.2694300518134715,0.30198019801980197,0.2694300518134715,1.0,1.0,1.0,1.0,1.0
0,Family,Son,40,1_1_1,0.0,0.0,0.0,0.4900990099009901,0.0,0.0,0.0,0.0,0.0,0.0
0,Family,Son,45,0_0_0,0.21153846153846154,0.3492063492063492,1.0,0.7970297029702971,0.21153846153846154,0.0,0.0,0.0,0.0,0.0
0,Family,Son,45,0_0_1,0.8846153846153846,0.8363636363636363,0.7931034482758621,0.9108910891089109,0.71875,0.7391304347826086,0.85,1.0,0.7391304347826086,0.7391304347826086
0,Family,Son,45,0_1_0,0.6730769230769231,0.8045977011494253,1.0,0.9158415841584159,0.6730769230769231,0.2608695652173913,0.41379310344827586,1.0,0.2608695652173913,0.2608695652173913
0,Family,Son,45,1_0_0,1.0,0.49523809523809526,0.3291139240506329,0.4752475247524752,0.3291139240506329,1.0,1.0,1.0,1.0,1.0
0,Family,Son,45,1_1_1,0.19230769230769232,0.18867924528301888,0.18518518518518517,0.5742574257425742,0.10416666666666667,0.21739130434782608,0.35714285714285715,1.0,0.21739130434782608,0.21739130434782608
0,Family,Son,50,0_0_0,0.21153846153846154,0.3492063492063492,1.0,0.7970297029702971,0.21153846153846154,0.0,0.0,0.0,0.0,0.0
0,Family,Son,50,0_0_1,0.8653846153846154,0.7563025210084033,0.6716417910447762,0.8564356435643564,0.6081081081081081,0.7307692307692307,0.8444444444444444,1.0,0.7307692307692307,0.7307692307692307
0,Family,Son,50,0_1_0,0.6538461538461539,0.7472527472527473,0.8717948717948718,0.8861386138613861,0.5964912280701754,0.3076923076923077,0.47058823529411764,1.0,0.3076923076923077,0.3076923076923077
0,Family,Son,50,1_0_0,1.0,0.43333333333333335,0.2765957446808511,0.32673267326732675,0.2765957446808511,1.0,1.0,1.0,1.0,1.0
0,Family,Son,50,1_1_1,0.23076923076923078,0.14814814814814814,0.10909090909090909,0.31683168316831684,0.08,0.38461538461538464,0.5555555555555556,1.0,0.38461538461538464,0.38461538461538464
0,Family,Son,55,0_0_0,0.21153846153846154,0.3492063492063492,1.0,0.7970297029702971,0.21153846153846154,0.0,0.0,0.0,0.0,0.0
0,Family,Son,55,0_0_1,0.8653846153846154,0.7758620689655172,0.703125,0.8712871287128713,0.6338028169014085,0.75,0.8571428571428571,1.0,0.75,0.75
0,Family,Son,55,0_1_0,0.6153846153846154,0.7272727272727273,0.8888888888888888,0.8811881188118812,0.5714285714285714,0.2857142857142857,0.4444444444444444,1.0,0.2857142857142857,0.2857142857142857
0,Family,Son,55,1_0_0,1.0,0.45217391304347826,0.29213483146067415,0.37623762376237624,0.29213483146067415,1.0,1.0,1.0,1.0,1.0
0,Family,Son,55,1_1_1,0.11538461538461539,0.08571428571428572,0.06818181818181818,0.36633663366336633,0.04477611940298507,0.21428571428571427,0.35294117647058826,1.0,0.21428571428571427,0.21428571428571427
0,Family,Son,60,0_0_0,0.15384615384615385,0.26666666666666666,1.0,0.7821782178217822,0.15384615384615385,0.0,0.0,0.0,0.0,0.0
0,Family,Son,60,0_0_1,0.8461538461538461,0.7394957983193278,0.6567164179104478,0.8465346534653465,0.5866666666666667,0.7419354838709677,0.8518518518518519,1.0,0.7419354838709677,0.7419354838709677
0,Family,Son,60,0_1_0,0.6153846153846154,0.7191011235955056,0.8648648648648649,0.8762376237623762,0.5614035087719298,0.3548387096774194,0.5238095238095238,1.0,0.3548387096774194,0.3548387096774194
0,Family,Son,60,1_0_0,1.0,0.45217391304347826,0.29213483146067415,0.37623762376237624,0.29213483146067415,1.0,1.0,1.0,1.0,1.0
0,Family,Son,60,1_1_1,0.17307692307692307,0.12080536912751678,0.09278350515463918,0.35148514851485146,0.06428571428571428,0.2903225806451613,0.45,1.0,0.2903225806451613,0.2903225806451613
0,Family,Son,65,0_0_0,0.019230769230769232,0.03773584905660377,1.0,0.7475247524752475,0.019230769230769232,0.0,0.0,0.0,0.0,0.0
0,Family,Son,65,0_0_1,0.6346153846153846,0.6534653465346535,0.673469387755102,0.8267326732673267,0.4852941176470588,0.42424242424242425,0.5957446808510638,1.0,0.42424242424242425,0.42424242424242425
0,Family,Son,65,0_1_0,0.5961538461538461,0.7294117647058823,0.9393939393939394,0.8861386138613861,0.5740740740740741,0.36363636363636365,0.5333333333333333,1.0,0.36363636363636365,0.36363636363636365
0,Family,Son,65,1_0_0,1.0,0.4482758620689655,0.28888888888888886,0.36633663366336633,0.28888888888888886,1.0,1.0,1.0,1.0,1.0
0,Family,Son,65,1_1_1,0.0,0.0,0.0,0.6485148514851485,0.0,0.0,0.0,0.0,0.0,0.0
0,Family,Son,70,0_0_0,0.019230769230769232,0.03773584905660377,1.0,0.7475247524752475,0.019230769230769232,0.0,0.0,0.0,0.0,0.0
0,Family,Son,70,0_0_1,0.5384615384615384,0.6292134831460674,0.7567567567567568,0.8366336633663366,0.45901639344262296,0.3333333333333333,0.5,1.0,0.3333333333333333,0.3333333333333333
0,Family,Son,70,0_1_0,0.5384615384615384,0.7,1.0,0.8811881188118812,0.5384615384615384,0.3333333333333333,0.5,1.0,0.3333333333333333,0.3333333333333333
0,Family,Son,70,1_0_0,1.0,0.4622222222222222,0.30057803468208094,0.400990099009901,0.30057803468208094,1.0,1.0,1.0,1.0,1.0
0,Family,Son,70,1_1_1,0.0,0.0,0.0,0.5247524752475248,0.0,0.0,0.0,0.0,0.0,0.0
0,Family,Son,75,0_0_0,0.038461538461538464,0.07407407407407407,1.0,0.7524752475247525,0.038461538461538464,0.0,0.0,0.0,0.0,0.0
0,Family,Son,75,0_0_1,0.5,0.6341463414634146,0.8666666666666667,0.8514851485148515,0.4642857142857143,0.3333333333333333,0.5,1.0,0.3333333333333333,0.3333333333333333
0,Family,Son,75,0_1_0,0.4423076923076923,0.6133333333333333,1.0,0.8564356435643564,0.4423076923076923,0.2564102564102564,0.40816326530612246,1.0,0.2564102564102564,0.2564102564102564
0,Family,Son,75,1_0_0,1.0,0.48826291079812206,0.32298136645962733,0.4603960396039604,0.32298136645962733,1.0,1.0,1.0,1.0,1.0
0,Family,Son,75,1_1_1,0.0,0.0,0.0,0.5643564356435643,0.0,0.0,0.0,0.0,0.0,0.0
0,Family,Son,80,0_0_0,0.038461538461538464,0.07407407407407407,1.0,0.7524752475247525,0.038461538461538464,0.0,0.0,0.0,0.0,0.0
0,Family,Son,80,0_0_1,0.4230769230769231,0.5714285714285714,0.88,0.8366336633663366,0.4,0.2682926829268293,0.4230769230769231,1.0,0.2682926829268293,0.2682926829268293
0,Family,Son,80,0_1_0,0.36538461538461536,0.5352112676056338,1.0,0.8366336633663366,0.36538461538461536,0.1951219512195122,0.32653061224489793,1.0,0.1951219512195122,0.1951219512195122
0,Family,Son,80,1_0_0,1.0,0.5226130653266332,0.35374149659863946,0.5297029702970297,0.35374149659863946,1.0,1.0,1.0,1.0,1.0
0,Family,Son,80,1_1_1,0.019230769230769232,0.02531645569620253,0.037037037037037035,0.6188118811881188,0.01282051282051282,0.024390243902439025,0.047619047619047616,1.0,0.024390243902439025,0.024390243902439025
