run,dataset,class_name,removal,pqr,all_data_recall,all_data_f1,all_data_precision,all_data_accuracy,all_data_jaccard,removed_data_recall,removed_data_f1,removed_data_precision,removed_data_accuracy,removed_data_jaccard
0,Family,Brother,0,0_0_0,0.9666666666666667,0.9830508474576272,1.0,0.995049504950495,0.9666666666666667,,,,,
0,Family,Brother,0,0_0_1,1.0,0.6521739130434783,0.4838709677419355,0.8415841584158416,0.4838709677419355,,,,,
0,Family,Brother,0,0_1_0,1.0,0.46875,0.30612244897959184,0.6633663366336634,0.30612244897959184,,,,,
0,Family,Brother,0,1_0_0,1.0,0.26666666666666666,0.15384615384615385,0.18316831683168316,0.15384615384615385,,,,,
0,Family,Brother,0,1_1_1,0.3,0.10344827586206896,0.0625,0.22772277227722773,0.05454545454545454,,,,,
0,Family,Brother,5,0_0_0,0.9333333333333333,0.9655172413793104,1.0,0.9900990099009901,0.9333333333333333,0.0,0.0,0.0,0.0,0.0
0,Family,Brother,5,0_0_1,0.9666666666666667,0.6304347826086957,0.46774193548387094,0.8316831683168316,0.4603174603174603,0.0,0.0,0.0,0.0,0.0
0,Family,Brother,5,0_1_0,0.9666666666666667,0.4603174603174603,0.3020833333333333,0.6633663366336634,0.29896907216494845,0.0,0.0,0.0,0.0,0.0
0,Family,Brother,5,1_0_0,1.0,0.26548672566371684,0.15306122448979592,0.1782178217821782,0.15306122448979592,1.0,1.0,1.0,1.0,1.0
0,Family,Brother,5,1_1_1,0.4,0.13953488372093023,0.08450704225352113,0.26732673267326734,0.075,1.0,1.0,1.0,1.0,1.0
0,Family,Brother,10,0_0_0,0.8666666666666667,0.9285714285714286,1.0,0.9801980198019802,0.8666666666666667,0.0,0.0,0.0,0.0,0.0
0,Family,Brother,10,0_0_1,0.9333333333333333,0.6829268292682927,0.5384615384615384,0.8712871287128713,0.5185185185185185,0.3333333333333333,0.5,1.0,0.3333333333333333,0.3333333333333333
0,Family,Brother,10,0_1_0,0.9666666666666667,0.47540983606557374,0.31521739130434784,0.6831683168316832,0.3118279569892473,0.6666666666666666,0.8,1.0,0.6666666666666666,0.6666666666666666
0,Family,Brother,10,1_0_0,1.0,0.27522935779816515,0.1595744680851064,0.21782178217821782,0.1595744680851064,1.0,1.0,1.0,1.0,1.0
0,Family,Brother,10,1_1_1,0.4666666666666667,0.1497326203208556,0.08917197452229299,0.21287128712871287,0.08092485549132948,1.0,1.0,1.0,1.0,1.0
0,Family,Brother,15,0_0_0,0.8333333333333334,0.9090909090909091,1.0,0.9752475247524752,0.8333333333333334,0.0,0.0,0.0,0.0,0.0
0,Family,Brother,15,0_0_1,0.9333333333333333,0.6829268292682927,0.5384615384615384,0.8712871287128713,0.5185185185185185,0.5,0.6666666666666666,1.0,0.5,0.5
0,Family,Brother,15,0_1_0,0.9666666666666667,0.47540983606557374,0.31521739130434784,0.6831683168316832,0.3118279569892473,0.75,0.8571428571428571,1.0,0.75,0.75
0,Family,Brother,15,1_0_0,1.0,0.2777777777777778,0.16129032258064516,0.22772277227722773,0.16129032258064516,1.0,1.0,1.0,1.0,1.0
0,Family,Brother,15,1_1_1,0.5333333333333333,0.18285714285714286,0.1103448275862069,0.29207920792079206,0.10062893081761007,1.0,1.0,1.0,1.0,1.0
0,Family,Brother,20,0_0_0,0.7333333333333333,0.8461538461538461,1.0,0.9603960396039604,0.7333333333333333,0.0,0.0,0.0,0.0,0.0
0,Family,Brother,20,0_0_1,0.9333333333333333,0.6666666666666666,0.5185185185185185,0.8613861386138614,0.5,0.6666666666666666,0.8,1.0,0.6666666666666666,0.6666666666666666
0,Family,Brother,20,0_1_0,0.9333333333333333,0.5045045045045045,0.345679012345679,0.7277227722772277,0.3373493975903614,0.6666666666666666,0.8,1.0,0.6666666666666666,0.6666666666666666
0,Family,Brother,20,1_0_0,1.0,0.2777777777777778,0.16129032258064516,0.22772277227722773,0.16129032258064516,1.0,1.0,1.0,1.0,1.0
0,Family,Brother,20,1_1_1,0.43333333333333335,0.1368421052631579,0.08125,0.18811881188118812,0.07344632768361582,1.0,1.0,1.0,1.0,1.0
0,Family,Brother,25,0_0_0,0.7333333333333333,0.8461538461538461,1.0,0.9603960396039604,0.7333333333333333,0.0,0.0,0.0,0.0,0.0
0,Family,Brother,25,0_0_1,0.9,0.6428571428571429,0.5,0.8514851485148515,0.47368421052631576,0.5714285714285714,0.7272727272727273,1.0,0.5714285714285714,0.5714285714285714
0,Family,Brother,25,0_1_0,0.9,0.4864864864864865,0.3333333333333333,0.7178217821782178,0.32142857142857145,0.5714285714285714,0.7272727272727273,1.0,0.5714285714285714,0.5714285714285714
0,Family,Brother,25,1_0_0,1.0,0.2803738317757009,0.16304347826086957,0.2376237623762376,0.16304347826086957,1.0,1.0,1.0,1.0,1.0
0,Family,Brother,25,1_1_1,0.4666666666666667,0.14659685863874344,0.08695652173913043,0.19306930693069307,0.07909604519774012,1.0,1.0,1.0,1.0,1.0
0,Family,Brother,30,0_0_0,0.7,0.8235294117647058,1.0,0.9554455445544554,0.7,0.0,0.0,0.0,0.0,0.0
0,Family,Brother,30,0_0_1,0.8333333333333334,0.6756756756756757,0.5681818181818182,0.8811881188118812,0.5102040816326531,0.4444444444444444,0.6153846153846154,1.0,0.4444444444444444,0.4444444444444444
0,Family,Brother,30,0_1_0,0.9,0.46956521739130436,0.3176470588235294,0.698019801980198,0.3068181818181818,0.6666666666666666,0.8,1.0,0.6666666666666666,0.6666666666666666
0,Family,Brother,30,1_0_0,1.0,0.2843601895734597,0.16574585635359115,0.2524752475247525,0.16574585635359115,1.0,1.0,1.0,1.0,1.0
0,Family,Brother,30,1_1_1,0.5666666666666667,0.18478260869565216,0.11038961038961038,0.25742574257425743,0.10179640718562874,1.0,1.0,1.0,1.0,1.0
0,Family,Brother,35,0_0_0,0.6666666666666666,0.8,1.0,0.9504950495049505,0.6666666666666666,0.0,0.0,0.0,0.0,0.0
0,Family,Brother,35,0_0_1,0.8333333333333334,0.684931506849315,0.5813953488372093,0.8861386138613861,0.5208333333333334,0.5,0.6666666666666666,1.0,0.5,0.5
0,Family,Brother,35,0_1_0,0.9333333333333333,0.49557522123893805,0.3373493975903614,0.7178217821782178,0.32941176470588235,0.8,0.8888888888888888,1.0,0.8,0.8
0,Family,Brother,35,1_0_0,1.0,0.28846153846153844,0.16853932584269662,0.26732673267326734,0.16853932584269662,1.0,1.0,1.0,1.0,1.0
0,Family,Brother,35,1_1_1,0.6666666666666666,0.20725388601036268,0.12269938650306748,0.24257425742574257,0.11560693641618497,1.0,1.0,1.0,1.0,1.0
0,Family,Brother,40,0_0_0,0.6,0.75,1.0,0.9405940594059405,0.6,0.0,0.0,0.0,0.0,0.0
0,Family,Brother,40,0_0_1,0.8,0.6666666666666666,0.5714285714285714,0.8811881188118812,0.5,0.5,0.6666666666666666,1.0,0.5,0.5
0,Family,Brother,40,0_1_0,0.9,0.47368421052631576,0.32142857142857145,0.7029702970297029,0.3103448275862069,0.75,0.8571428571428571,1.0,0.75,0.75
0,Family,Brother,40,1_0_0,1.0,0.2898550724637681,0.1694915254237288,0.2722772277227723,0.1694915254237288,1.0,1.0,1.0,1.0,1.0
0,Family,Brother,40,1_1_1,0.6666666666666666,0.20512820512820512,0.12121212121212122,0.23267326732673269,0.11428571428571428,1.0,1.0,1.0,1.0,1.0
0,Family,Brother,45,0_0_0,0.5666666666666667,0.723404255319149,1.0,0.9356435643564357,0.5666666666666667,0.0,0.0,0.0,0.0,0.0
0,Family,Brother,45,0_0_1,0.7666666666666667,0.6216216216216216,0.5227272727272727,0.8613861386138614,0.45098039215686275,0.46153846153846156,0.631578947368421,1.0,0.46153846153846156,0.46153846153846156
0,Family,Brother,45,0_1_0,0.8666666666666667,0.47706422018348627,0.3291139240506329,0.7178217821782178,0.3132530120481928,0.6923076923076923,0.8181818181818182,1.0,0.6923076923076923,0.6923076923076923
0,Family,Brother,45,1_0_0,1.0,0.2912621359223301,0.17045454545454544,0.27722772277227725,0.17045454545454544,1.0,1.0,1.0,1.0,1.0
0,Family,Brother,45,1_1_1,0.7333333333333333,0.22,0.12941176470588237,0.22772277227722773,0.12359550561797752,1.0,1.0,1.0,1.0,1.0
0,Family,Brother,50,0_0_0,0.5,0.6666666666666666,1.0,0.9257425742574258,0.5,0.0,0.0,0.0,0.0,0.0
0,Family,Brother,50,0_0_1,0.7,0.5753424657534246,0.4883720930232558,0.8465346534653465,0.40384615384615385,0.4,0.5714285714285714,1.0,0.4,0.4
0,Family,Brother,50,0_1_0,0.8,0.4485981308411215,0.3116883116883117,0.7079207920792079,0.2891566265060241,0.6,0.75,1.0,0.6,0.6
0,Family,Brother,50,1_0_0,1.0,0.2898550724637681,0.1694915254237288,0.2722772277227723,0.1694915254237288,1.0,1.0,1.0,1.0,1.0
0,Family,Brother,50,1_1_1,0.7,0.21,0.12352941176470589,0.21782178217821782,0.11731843575418995,0.9333333333333333,0.9655172413793104,1.0,0.9333333333333333,0.9333333333333333
0,Family,Brother,55,0_0_0,0.4666666666666667,0.6363636363636364,1.0,0.9207920792079208,0.4666666666666667,0.0,0.0,0.0,0.0,0.0
0,Family,Brother,55,0_0_1,0.7,0.5833333333333334,0.5,0.8514851485148515,0.4117647058823529,0.4375,0.6086956521739131,1.0,0.4375,0.4375
0,Family,Brother,55,0_1_0,0.8,0.4528301886792453,0.3157894736842105,0.7128712871287128,0.2926829268292683,0.625,0.7692307692307693,1.0,0.625,0.625
0,Family,Brother,55,1_0_0,1.0,0.28708133971291866,0.16759776536312848,0.2623762376237624,0.16759776536312848,1.0,1.0,1.0,1.0,1.0
0,Family,Brother,55,1_1_1,0.7,0.208955223880597,0.12280701754385964,0.21287128712871287,0.11666666666666667,0.9375,0.967741935483871,1.0,0.9375,0.9375
0,Family,Brother,60,0_0_0,0.3333333333333333,0.5,1.0,0.900990099009901,0.3333333333333333,0.0,0.0,0.0,0.0,0.0
0,Family,Brother,60,0_0_1,0.43333333333333335,0.5652173913043478,0.8125,0.900990099009901,0.3939393939393939,0.05555555555555555,0.10526315789473684,1.0,0.05555555555555555,0.05555555555555555
0,Family,Brother,60,0_1_0,0.7,0.46153846153846156,0.3442622950819672,0.7574257425742574,0.3,0.5,0.6666666666666666,1.0,0.5,0.5
0,Family,Brother,60,1_0_0,1.0,0.2727272727272727,0.15789473684210525,0.2079207920792079,0.15789473684210525,1.0,1.0,1.0,1.0,1.0
0,Family,Brother,60,1_1_1,0.5333333333333333,0.17777777777777778,0.10666666666666667,0.26732673267326734,0.0975609756097561,0.7777777777777778,0.875,1.0,0.7777777777777778,0.7777777777777778
0,Family,Brother,65,0_0_0,0.3,0.46153846153846156,1.0,0.8960396039603961,0.3,0.0,0.0,0.0,0.0,0.0
0,Family,Brother,65,0_0_1,0.4,0.5454545454545454,0.8571428571428571,0.900990099009901,0.375,0.05263157894736842,0.1,1.0,0.05263157894736842,0.05263157894736842
0,Family,Brother,65,0_1_0,0.6666666666666666,0.449438202247191,0.3389830508474576,0.7574257425742574,0.2898550724637681,0.47368421052631576,0.6428571428571429,1.0,0.47368421052631576,0.47368421052631576
0,Family,Brother,65,1_0_0,1.0,0.273972602739726,0.15873015873015872,0.21287128712871287,0.15873015873015872,1.0,1.0,1.0,1.0,1.0
0,Family,Brother,65,1_1_1,0.5666666666666667,0.1878453038674033,0.11258278145695365,0.2722772277227723,0.10365853658536585,0.8421052631578947,0.9142857142857143,1.0,0.8421052631578947,0.8421052631578947
0,Family,Brother,70,0_0_0,0.2,0.3333333333333333,1.0,0.8811881188118812,0.2,0.0,0.0,0.0,0.0,0.0
0,Family,Brother,70,0_0_1,0.3,0.46153846153846156,1.0,0.8960396039603961,0.3,0.0,0.0,0.0,0.0,0.0
0,Family,Brother,70,0_1_0,0.0,0.0,0.0,0.8514851485148515,0.0,0.0,0.0,0.0,0.0,0.0
0,Family,Brother,70,1_0_0,0.8333333333333334,0.33112582781456956,0.2066115702479339,0.5,0.1984126984126984,0.7619047619047619,0.8648648648648649,1.0,0.7619047619047619,0.7619047619047619
0,Family,Brother,70,1_1_1,0.5333333333333333,0.21476510067114093,0.13445378151260504,0.4207920792079208,0.12030075187969924,0.6666666666666666,0.8,1.0,0.6666666666666666,0.6666666666666666
0,Family,Brother,75,0_0_0,0.13333333333333333,0.23529411764705882,1.0,0.8712871287128713,0.13333333333333333,0.0,0.0,0.0,0.0,0.0
0,Family,Brother,75,0_0_1,0.26666666666666666,0.4,0.8,0.8811881188118812,0.25,0.0,0.0,0.0,0.0,0.0
0,Family,Brother,75,0_1_0,0.0,0.0,0.0,0.8514851485148515,0.0,0.0,0.0,0.0,0.0,0.0
0,Family,Brother,75,1_0_0,0.8333333333333334,0.3225806451612903,0.2,0.4801980198019802,0.19230769230769232,0.7727272727272727,0.8717948717948718,1.0,0.7727272727272727,0.7727272727272727
0,Family,Brother,75,1_1_1,0.43333333333333335,0.1984732824427481,0.12871287128712872,0.4801980198019802,0.11016949152542373,0.5909090909090909,0.7428571428571429,1.0,0.5909090909090909,0.5909090909090909
0,Family,Brother,80,0_0_0,0.06666666666666667,0.125,1.0,0.8613861386138614,0.06666666666666667,0.0,0.0,0.0,0.0,0.0
0,Family,Brother,80,0_0_1,0.2,0.3157894736842105,0.75,0.8712871287128713,0.1875,0.0,0.0,0.0,0.0,0.0
0,Family,Brother,80,0_1_0,0.0,0.0,0.0,0.8514851485148515,0.0,0.0,0.0,0.0,0.0,0.0
0,Family,Brother,80,1_0_0,0.8666666666666667,0.2857142857142857,0.17105263157894737,0.3564356435643564,0.16666666666666666,0.8333333333333334,0.9090909090909091,1.0,0.8333333333333334,0.8333333333333334
0,Family,Brother,80,1_1_1,0.5,0.24793388429752067,0.16483516483516483,0.5495049504950495,0.14150943396226415,0.625,0.7692307692307693,1.0,0.625,0.625
0,Family,Male,0,0_0_0,0.75,0.8571428571428571,1.0,0.8712871287128713,0.75,,,,,
0,Family,Male,0,0_0_1,1.0,0.9541284403669725,0.9122807017543859,0.9504950495049505,0.9122807017543859,,,,,
0,Family,Male,0,0_1_0,1.0,0.8286852589641435,0.7074829931972789,0.7871287128712872,0.7074829931972789,,,,,
0,Family,Male,0,1_0_0,1.0,0.6819672131147541,0.5174129353233831,0.5198019801980198,0.5174129353233831,,,,,
0,Family,Male,0,1_1_1,0.057692307692307696,0.09090909090909091,0.21428571428571427,0.40594059405940597,0.047619047619047616,,,,,
0,Family,Male,5,0_0_0,0.8653846153846154,0.9278350515463918,1.0,0.9306930693069307,0.8653846153846154,,,,,
0,Family,Male,5,0_0_1,0.9519230769230769,0.9753694581280788,1.0,0.9752475247524752,0.9519230769230769,,,,,
0,Family,Male,5,0_1_0,1.0,0.8455284552845529,0.7323943661971831,0.8118811881188119,0.7323943661971831,,,,,
0,Family,Male,5,1_0_0,1.0,0.6842105263157895,0.52,0.5247524752475248,0.52,,,,,
0,Family,Male,5,1_1_1,0.1346153846153846,0.14893617021276595,0.16666666666666666,0.2079207920792079,0.08045977011494253,,,,,
0,Family,Male,10,0_0_0,0.5769230769230769,0.7317073170731707,1.0,0.7821782178217822,0.5769230769230769,0.0,0.0,0.0,0.0,0.0
0,Family,Male,10,0_0_1,0.0,0.0,0.0,0.36633663366336633,0.0,0.0,0.0,0.0,0.0,0.0
0,Family,Male,10,0_1_0,0.0,0.0,0.0,0.44554455445544555,0.0,0.0,0.0,0.0,0.0,0.0
0,Family,Male,10,1_0_0,0.019230769230769232,0.022598870056497175,0.0273972602739726,0.14356435643564355,0.011428571428571429,1.0,1.0,1.0,1.0,1.0
0,Family,Male,10,1_1_1,0.10576923076923077,0.14473684210526316,0.22916666666666666,0.3564356435643564,0.07801418439716312,0.0,0.0,0.0,0.0,0.0
0,Family,Male,15,0_0_0,0.5673076923076923,0.7239263803680982,1.0,0.7772277227722773,0.5673076923076923,0.0,0.0,0.0,0.0,0.0
0,Family,Male,15,0_0_1,0.0,0.0,0.0,0.4158415841584158,0.0,0.0,0.0,0.0,0.0,0.0
0,Family,Male,15,0_1_0,0.0,0.0,0.0,0.4603960396039604,0.0,0.0,0.0,0.0,0.0,0.0
0,Family,Male,15,1_0_0,0.009615384615384616,0.011560693641618497,0.014492753623188406,0.15346534653465346,0.005813953488372093,0.0,0.0,0.0,0.0,0.0
0,Family,Male,15,1_1_1,0.10576923076923077,0.1456953642384106,0.23404255319148937,0.3613861386138614,0.07857142857142857,0.0,0.0,0.0,0.0,0.0
0,Family,Male,20,0_0_0,0.7884615384615384,0.8817204301075269,1.0,0.8910891089108911,0.7884615384615384,0.0,0.0,0.0,0.0,0.0
0,Family,Male,20,0_0_1,0.9134615384615384,0.95,0.9895833333333334,0.9504950495049505,0.9047619047619048,0.0,0.0,0.0,0.0,0.0
0,Family,Male,20,0_1_0,0.9711538461538461,0.9528301886792453,0.9351851851851852,0.9504950495049505,0.9099099099099099,0.0,0.0,0.0,0.0,0.0
0,Family,Male,20,1_0_0,1.0,0.7323943661971831,0.5777777777777777,0.6237623762376238,0.5777777777777777,1.0,1.0,1.0,1.0,1.0
0,Family,Male,20,1_1_1,0.19230769230769232,0.2684563758389262,0.4444444444444444,0.4603960396039604,0.15503875968992248,0.0,0.0,0.0,0.0,0.0
0,Family,Male,25,0_0_0,0.7307692307692307,0.8444444444444444,1.0,0.8613861386138614,0.7307692307692307,0.0,0.0,0.0,0.0,0.0
0,Family,Male,25,0_0_1,0.8076923076923077,0.8888888888888888,0.9882352941176471,0.8960396039603961,0.8,0.0,0.0,0.0,0.0,0.0
0,Family,Male,25,0_1_0,1.0,0.9327354260089686,0.8739495798319328,0.9257425742574258,0.8739495798319328,1.0,1.0,1.0,1.0,1.0
0,Family,Male,25,1_0_0,1.0,0.7509025270758123,0.6011560693641619,0.6584158415841584,0.6011560693641619,1.0,1.0,1.0,1.0,1.0
0,Family,Male,25,1_1_1,0.17307692307692307,0.2608695652173913,0.5294117647058824,0.49504950495049505,0.15,0.0,0.0,0.0,0.0,0.0
0,Family,Male,30,0_0_0,0.6923076923076923,0.8181818181818182,1.0,0.8415841584158416,0.6923076923076923,0.0,0.0,0.0,0.0,0.0
0,Family,Male,30,0_0_1,0.7692307692307693,0.8648648648648649,0.9876543209876543,0.8762376237623762,0.7619047619047619,0.0,0.0,0.0,0.0,0.0
0,Family,Male,30,0_1_0,0.9807692307692307,0.9107142857142857,0.85,0.900990099009901,0.8360655737704918,1.0,1.0,1.0,1.0,1.0
0,Family,Male,30,1_0_0,1.0,0.7591240875912408,0.611764705882353,0.6732673267326733,0.611764705882353,1.0,1.0,1.0,1.0,1.0
0,Family,Male,30,1_1_1,0.11538461538461539,0.192,0.5714285714285714,0.5,0.10619469026548672,0.0,0.0,0.0,0.0,0.0
0,Family,Male,35,0_0_0,0.6538461538461539,0.7906976744186046,1.0,0.8217821782178217,0.6538461538461539,0.0,0.0,0.0,0.0,0.0
0,Family,Male,35,0_0_1,0.7115384615384616,0.8268156424581006,0.9866666666666667,0.8465346534653465,0.7047619047619048,0.0,0.0,0.0,0.0,0.0
0,Family,Male,35,0_1_0,0.9615384615384616,0.8968609865470852,0.8403361344537815,0.8861386138613861,0.8130081300813008,1.0,1.0,1.0,1.0,1.0
0,Family,Male,35,1_0_0,1.0,0.7790262172284644,0.6380368098159509,0.7079207920792079,0.6380368098159509,1.0,1.0,1.0,1.0,1.0
0,Family,Male,35,1_1_1,0.10576923076923077,0.176,0.5238095238095238,0.4900990099009901,0.09649122807017543,0.0,0.0,0.0,0.0,0.0
0,Family,Male,40,0_0_0,0.6057692307692307,0.7544910179640718,1.0,0.7970297029702971,0.6057692307692307,0.0,0.0,0.0,0.0,0.0
0,Family,Male,40,0_0_1,0.6826923076923077,0.8068181818181818,0.9861111111111112,0.8316831683168316,0.6761904761904762,0.5,0.6666666666666666,1.0,0.5,0.5
0,Family,Male,40,0_1_0,0.9326923076923077,0.8899082568807339,0.8508771929824561,0.8811881188118812,0.8016528925619835,1.0,1.0,1.0,1.0,1.0
0,Family,Male,40,1_0_0,1.0,0.7563636363636363,0.6081871345029239,0.6683168316831684,0.6081871345029239,1.0,1.0,1.0,1.0,1.0
0,Family,Male,40,1_1_1,0.11538461538461539,0.19047619047619047,0.5454545454545454,0.49504950495049505,0.10526315789473684,0.0,0.0,0.0,0.0,0.0
0,Family,Male,45,0_0_0,0.5576923076923077,0.7160493827160493,1.0,0.7722772277227723,0.5576923076923077,0.0,0.0,0.0,0.0,0.0
0,Family,Male,45,0_0_1,0.6153846153846154,0.757396449704142,0.9846153846153847,0.7970297029702971,0.6095238095238096,0.3333333333333333,0.5,1.0,0.3333333333333333,0.3333333333333333
0,Family,Male,45,0_1_0,0.9134615384615384,0.8837209302325582,0.8558558558558559,0.8762376237623762,0.7916666666666666,0.3333333333333333,0.5,1.0,0.3333333333333333,0.3333333333333333
0,Family,Male,45,1_0_0,0.9615384615384616,0.7547169811320755,0.6211180124223602,0.6782178217821783,0.6060606060606061,1.0,1.0,1.0,1.0,1.0
0,Family,Male,45,1_1_1,0.28846153846153844,0.3614457831325301,0.4838709677419355,0.4752475247524752,0.22058823529411764,0.6666666666666666,0.8,1.0,0.6666666666666666,0.6666666666666666
0,Family,Male,50,0_0_0,0.4807692307692308,0.6493506493506493,1.0,0.7326732673267327,0.4807692307692308,0.0,0.0,0.0,0.0,0.0
0,Family,Male,50,0_0_1,0.038461538461538464,0.050314465408805034,0.07272727272727272,0.2524752475247525,0.025806451612903226,0.0,0.0,0.0,0.0,0.0
0,Family,Male,50,0_1_0,0.0,0.0,0.0,0.4603960396039604,0.0,0.0,0.0,0.0,0.0,0.0
0,Family,Male,50,1_0_0,0.10576923076923077,0.11398963730569948,0.12359550561797752,0.15346534653465346,0.06043956043956044,0.0,0.0,0.0,0.0,0.0
0,Family,Male,50,1_1_1,0.20192307692307693,0.25925925925925924,0.3620689655172414,0.40594059405940597,0.14893617021276595,0.0,0.0,0.0,0.0,0.0
0,Family,Male,55,0_0_0,0.4326923076923077,0.6040268456375839,1.0,0.7079207920792079,0.4326923076923077,0.0,0.0,0.0,0.0,0.0
0,Family,Male,55,0_0_1,0.057692307692307696,0.07643312101910828,0.11320754716981132,0.28217821782178215,0.039735099337748346,0.0,0.0,0.0,0.0,0.0
0,Family,Male,55,0_1_0,0.0,0.0,0.0,0.4603960396039604,0.0,0.0,0.0,0.0,0.0,0.0
0,Family,Male,55,1_0_0,0.1346153846153846,0.14358974358974358,0.15384615384615385,0.17326732673267325,0.07734806629834254,0.0,0.0,0.0,0.0,0.0
0,Family,Male,55,1_1_1,0.25,0.3076923076923077,0.4,0.4207920792079208,0.18181818181818182,0.0,0.0,0.0,0.0,0.0
0,Family,Male,60,0_0_0,0.38461538461538464,0.5555555555555556,1.0,0.6831683168316832,0.38461538461538464,0.0,0.0,0.0,0.0,0.0
0,Family,Male,60,0_0_1,0.028846153846153848,0.04285714285714286,0.08333333333333333,0.33663366336633666,0.021897810218978103,0.0,0.0,0.0,0.0,0.0
0,Family,Male,60,0_1_0,0.0,0.0,0.0,0.46534653465346537,0.0,0.0,0.0,0.0,0.0,0.0
0,Family,Male,60,1_0_0,0.11538461538461539,0.12972972972972974,0.14814814814814814,0.20297029702970298,0.06936416184971098,0.3333333333333333,0.5,1.0,0.3333333333333333,0.3333333333333333
0,Family,Male,60,1_1_1,0.25961538461538464,0.31213872832369943,0.391304347826087,0.41089108910891087,0.18493150684931506,0.0,0.0,0.0,0.0,0.0
0,Family,Male,65,0_0_0,0.3173076923076923,0.48175182481751827,1.0,0.6485148514851485,0.3173076923076923,0.0,0.0,0.0,0.0,0.0
0,Family,Male,65,0_0_1,0.3557692307692308,0.524822695035461,1.0,0.6683168316831684,0.3557692307692308,0.0,0.0,0.0,0.0,0.0
0,Family,Male,65,0_1_0,0.625,0.7303370786516854,0.8783783783783784,0.7623762376237624,0.5752212389380531,0.125,0.2222222222222222,1.0,0.125,0.125
0,Family,Male,65,1_0_0,0.8365384615384616,0.7699115044247787,0.7131147540983607,0.7425742574257426,0.6258992805755396,0.875,0.9333333333333333,1.0,0.875,0.875
0,Family,Male,65,1_1_1,0.11538461538461539,0.147239263803681,0.2033898305084746,0.3118811881188119,0.07947019867549669,0.375,0.5454545454545454,1.0,0.375,0.375
0,Family,Male,70,0_0_0,0.3076923076923077,0.47058823529411764,1.0,0.6435643564356436,0.3076923076923077,0.0,0.0,0.0,0.0,0.0
0,Family,Male,70,0_0_1,0.4326923076923077,0.6,0.9782608695652174,0.7029702970297029,0.42857142857142855,0.0,0.0,0.0,0.0,0.0
0,Family,Male,70,0_1_0,0.7884615384615384,0.8497409326424871,0.9213483146067416,0.8564356435643564,0.7387387387387387,0.5454545454545454,0.7058823529411765,1.0,0.5454545454545454,0.5454545454545454
0,Family,Male,70,1_0_0,0.9711538461538461,0.7188612099644128,0.5706214689265536,0.6089108910891089,0.5611111111111111,0.7272727272727273,0.8421052631578947,1.0,0.7272727272727273,0.7272727272727273
0,Family,Male,70,1_1_1,0.04807692307692308,0.07692307692307693,0.19230769230769232,0.40594059405940597,0.04,0.0,0.0,0.0,0.0,0.0
0,Family,Male,75,0_0_0,0.20192307692307693,0.336,1.0,0.5891089108910891,0.20192307692307693,0.0,0.0,0.0,0.0,0.0
0,Family,Male,75,0_0_1,0.25,0.4,1.0,0.6138613861386139,0.25,0.0,0.0,0.0,0.0,0.0
0,Family,Male,75,0_1_0,0.3942307692307692,0.5466666666666666,0.8913043478260869,0.6633663366336634,0.3761467889908257,0.0,0.0,0.0,0.0,0.0
0,Family,Male,75,1_0_0,0.9230769230769231,0.7111111111111111,0.5783132530120482,0.6138613861386139,0.5517241379310345,0.9230769230769231,0.96,1.0,0.9230769230769231,0.9230769230769231
0,Family,Male,75,1_1_1,0.7211538461538461,0.5555555555555556,0.45180722891566266,0.40594059405940597,0.38461538461538464,1.0,1.0,1.0,1.0,1.0
0,Family,Male,80,0_0_0,0.17307692307692307,0.29508196721311475,1.0,0.5742574257425742,0.17307692307692307,0.0,0.0,0.0,0.0,0.0
0,Family,Male,80,0_0_1,0.20192307692307693,0.3333333333333333,0.9545454545454546,0.5841584158415841,0.2,0.0,0.0,0.0,0.0,0.0
0,Family,Male,80,0_1_0,0.40384615384615385,0.5419354838709678,0.8235294117647058,0.6485148514851485,0.37168141592920356,0.06666666666666667,0.125,1.0,0.06666666666666667,0.06666666666666667
0,Family,Male,80,1_0_0,0.9134615384615384,0.7364341085271318,0.6168831168831169,0.6633663366336634,0.5828220858895705,0.8666666666666667,0.9285714285714286,1.0,0.8666666666666667,0.8666666666666667
0,Family,Male,80,1_1_1,0.6346153846153846,0.5038167938931297,0.4177215189873418,0.3564356435643564,0.336734693877551,0.9333333333333333,0.9655172413793104,1.0,0.9333333333333333,0.9333333333333333
0,Family,PersonWithASibling,0,0_0_0,0.0,0.0,0.0,0.6435643564356436,0.0,,,,,
0,Family,PersonWithASibling,0,0_0_1,0.0,0.0,0.0,0.6435643564356436,0.0,,,,,
0,Family,PersonWithASibling,0,0_1_0,0.041666666666666664,0.075,0.375,0.6336633663366337,0.03896103896103896,,,,,
0,Family,PersonWithASibling,0,1_0_0,0.6944444444444444,0.45045045045045046,0.3333333333333333,0.39603960396039606,0.29069767441860467,,,,,
0,Family,PersonWithASibling,0,1_1_1,0.2361111111111111,0.26356589147286824,0.2982456140350877,0.5297029702970297,0.15178571428571427,,,,,
0,Family,PersonWithASibling,5,0_0_0,0.0,0.0,0.0,0.6435643564356436,0.0,,,,,
0,Family,PersonWithASibling,5,0_0_1,0.0,0.0,0.0,0.6435643564356436,0.0,,,,,
0,Family,PersonWithASibling,5,0_1_0,0.041666666666666664,0.075,0.375,0.6336633663366337,0.03896103896103896,,,,,
0,Family,PersonWithASibling,5,1_0_0,0.6944444444444444,0.45045045045045046,0.3333333333333333,0.39603960396039606,0.29069767441860467,,,,,
0,Family,PersonWithASibling,5,1_1_1,0.2361111111111111,0.26356589147286824,0.2982456140350877,0.5297029702970297,0.15178571428571427,,,,,
0,Family,PersonWithASibling,10,0_0_0,0.0,0.0,0.0,0.6435643564356436,0.0,,,,,
0,Family,PersonWithASibling,10,0_0_1,0.0,0.0,0.0,0.6435643564356436,0.0,,,,,
0,Family,PersonWithASibling,10,0_1_0,0.041666666666666664,0.075,0.375,0.6336633663366337,0.03896103896103896,,,,,
0,Family,PersonWithASibling,10,1_0_0,0.6944444444444444,0.45045045045045046,0.3333333333333333,0.39603960396039606,0.29069767441860467,,,,,
0,Family,PersonWithASibling,10,1_1_1,0.2361111111111111,0.26356589147286824,0.2982456140350877,0.5297029702970297,0.15178571428571427,,,,,
0,Family,PersonWithASibling,15,0_0_0,0.0,0.0,0.0,0.6435643564356436,0.0,,,,,
0,Family,PersonWithASibling,15,0_0_1,0.0,0.0,0.0,0.6435643564356436,0.0,,,,,
0,Family,PersonWithASibling,15,0_1_0,0.041666666666666664,0.075,0.375,0.6336633663366337,0.03896103896103896,,,,,
0,Family,PersonWithASibling,15,1_0_0,0.6944444444444444,0.45045045045045046,0.3333333333333333,0.39603960396039606,0.29069767441860467,,,,,
0,Family,PersonWithASibling,15,1_1_1,0.2361111111111111,0.26356589147286824,0.2982456140350877,0.5297029702970297,0.15178571428571427,,,,,
0,Family,PersonWithASibling,20,0_0_0,0.0,0.0,0.0,0.6435643564356436,0.0,,,,,
0,Family,PersonWithASibling,20,0_0_1,0.0,0.0,0.0,0.6435643564356436,0.0,,,,,
0,Family,PersonWithASibling,20,0_1_0,0.041666666666666664,0.075,0.375,0.6336633663366337,0.03896103896103896,,,,,
0,Family,PersonWithASibling,20,1_0_0,0.6944444444444444,0.45045045045045046,0.3333333333333333,0.39603960396039606,0.29069767441860467,,,,,
0,Family,PersonWithASibling,20,1_1_1,0.2361111111111111,0.26356589147286824,0.2982456140350877,0.5297029702970297,0.15178571428571427,,,,,
0,Family,PersonWithASibling,25,0_0_0,0.0,0.0,0.0,0.6435643564356436,0.0,,,,,
0,Family,PersonWithASibling,25,0_0_1,0.0,0.0,0.0,0.6435643564356436,0.0,,,,,
0,Family,PersonWithASibling,25,0_1_0,0.041666666666666664,0.075,0.375,0.6336633663366337,0.03896103896103896,,,,,
0,Family,PersonWithASibling,25,1_0_0,0.6944444444444444,0.45045045045045046,0.3333333333333333,0.39603960396039606,0.29069767441860467,,,,,
0,Family,PersonWithASibling,25,1_1_1,0.2361111111111111,0.26356589147286824,0.2982456140350877,0.5297029702970297,0.15178571428571427,,,,,
0,Family,PersonWithASibling,30,0_0_0,0.0,0.0,0.0,0.6435643564356436,0.0,,,,,
0,Family,PersonWithASibling,30,0_0_1,0.0,0.0,0.0,0.6435643564356436,0.0,,,,,
0,Family,PersonWithASibling,30,0_1_0,0.041666666666666664,0.075,0.375,0.6336633663366337,0.03896103896103896,,,,,
0,Family,PersonWithASibling,30,1_0_0,0.6944444444444444,0.45045045045045046,0.3333333333333333,0.39603960396039606,0.29069767441860467,,,,,
0,Family,PersonWithASibling,30,1_1_1,0.2361111111111111,0.26356589147286824,0.2982456140350877,0.5297029702970297,0.15178571428571427,,,,,
0,Family,PersonWithASibling,35,0_0_0,0.0,0.0,0.0,0.6435643564356436,0.0,,,,,
0,Family,PersonWithASibling,35,0_0_1,0.0,0.0,0.0,0.6435643564356436,0.0,,,,,
0,Family,PersonWithASibling,35,0_1_0,0.041666666666666664,0.075,0.375,0.6336633663366337,0.03896103896103896,,,,,
0,Family,PersonWithASibling,35,1_0_0,0.6944444444444444,0.45045045045045046,0.3333333333333333,0.39603960396039606,0.29069767441860467,,,,,
0,Family,PersonWithASibling,35,1_1_1,0.2361111111111111,0.26356589147286824,0.2982456140350877,0.5297029702970297,0.15178571428571427,,,,,
0,Family,PersonWithASibling,40,0_0_0,0.0,0.0,0.0,0.6435643564356436,0.0,,,,,
0,Family,PersonWithASibling,40,0_0_1,0.0,0.0,0.0,0.6435643564356436,0.0,,,,,
0,Family,PersonWithASibling,40,0_1_0,0.041666666666666664,0.075,0.375,0.6336633663366337,0.03896103896103896,,,,,
0,Family,PersonWithASibling,40,1_0_0,0.6944444444444444,0.45045045045045046,0.3333333333333333,0.39603960396039606,0.29069767441860467,,,,,
0,Family,PersonWithASibling,40,1_1_1,0.2361111111111111,0.26356589147286824,0.2982456140350877,0.5297029702970297,0.15178571428571427,,,,,
0,Family,PersonWithASibling,45,0_0_0,0.0,0.0,0.0,0.6435643564356436,0.0,,,,,
0,Family,PersonWithASibling,45,0_0_1,0.0,0.0,0.0,0.6435643564356436,0.0,,,,,
0,Family,PersonWithASibling,45,0_1_0,0.041666666666666664,0.075,0.375,0.6336633663366337,0.03896103896103896,,,,,
0,Family,PersonWithASibling,45,1_0_0,0.6944444444444444,0.45045045045045046,0.3333333333333333,0.39603960396039606,0.29069767441860467,,,,,
0,Family,PersonWithASibling,45,1_1_1,0.2361111111111111,0.26356589147286824,0.2982456140350877,0.5297029702970297,0.15178571428571427,,,,,
0,Family,PersonWithASibling,50,0_0_0,0.0,0.0,0.0,0.6435643564356436,0.0,,,,,
0,Family,PersonWithASibling,50,0_0_1,0.0,0.0,0.0,0.6435643564356436,0.0,,,,,
0,Family,PersonWithASibling,50,0_1_0,0.041666666666666664,0.075,0.375,0.6336633663366337,0.03896103896103896,,,,,
0,Family,PersonWithASibling,50,1_0_0,0.6944444444444444,0.45045045045045046,0.3333333333333333,0.39603960396039606,0.29069767441860467,,,,,
0,Family,PersonWithASibling,50,1_1_1,0.2361111111111111,0.26356589147286824,0.2982456140350877,0.5297029702970297,0.15178571428571427,,,,,
0,Family,PersonWithASibling,55,0_0_0,0.0,0.0,0.0,0.6435643564356436,0.0,,,,,
0,Family,PersonWithASibling,55,0_0_1,0.0,0.0,0.0,0.6435643564356436,0.0,,,,,
0,Family,PersonWithASibling,55,0_1_0,0.041666666666666664,0.075,0.375,0.6336633663366337,0.03896103896103896,,,,,
0,Family,PersonWithASibling,55,1_0_0,0.6944444444444444,0.45045045045045046,0.3333333333333333,0.39603960396039606,0.29069767441860467,,,,,
0,Family,PersonWithASibling,55,1_1_1,0.2361111111111111,0.26356589147286824,0.2982456140350877,0.5297029702970297,0.15178571428571427,,,,,
0,Family,PersonWithASibling,60,0_0_0,0.0,0.0,0.0,0.6435643564356436,0.0,,,,,
0,Family,PersonWithASibling,60,0_0_1,0.0,0.0,0.0,0.6435643564356436,0.0,,,,,
0,Family,PersonWithASibling,60,0_1_0,0.041666666666666664,0.075,0.375,0.6336633663366337,0.03896103896103896,,,,,
0,Family,PersonWithASibling,60,1_0_0,0.6944444444444444,0.45045045045045046,0.3333333333333333,0.39603960396039606,0.29069767441860467,,,,,
0,Family,PersonWithASibling,60,1_1_1,0.2361111111111111,0.26356589147286824,0.2982456140350877,0.5297029702970297,0.15178571428571427,,,,,
0,Family,PersonWithASibling,65,0_0_0,0.0,0.0,0.0,0.6435643564356436,0.0,,,,,
0,Family,PersonWithASibling,65,0_0_1,0.0,0.0,0.0,0.6435643564356436,0.0,,,,,
0,Family,PersonWithASibling,65,0_1_0,0.041666666666666664,0.075,0.375,0.6336633663366337,0.03896103896103896,,,,,
0,Family,PersonWithASibling,65,1_0_0,0.6944444444444444,0.45045045045045046,0.3333333333333333,0.39603960396039606,0.29069767441860467,,,,,
0,Family,PersonWithASibling,65,1_1_1,0.2361111111111111,0.26356589147286824,0.2982456140350877,0.5297029702970297,0.15178571428571427,,,,,
0,Family,PersonWithASibling,70,0_0_0,0.0,0.0,0.0,0.6435643564356436,0.0,,,,,
0,Family,PersonWithASibling,70,0_0_1,0.0,0.0,0.0,0.6435643564356436,0.0,,,,,
0,Family,PersonWithASibling,70,0_1_0,0.041666666666666664,0.075,0.375,0.6336633663366337,0.03896103896103896,,,,,
0,Family,PersonWithASibling,70,1_0_0,0.6944444444444444,0.45045045045045046,0.3333333333333333,0.39603960396039606,0.29069767441860467,,,,,
0,Family,PersonWithASibling,70,1_1_1,0.2361111111111111,0.26356589147286824,0.2982456140350877,0.5297029702970297,0.15178571428571427,,,,,
0,Family,PersonWithASibling,75,0_0_0,0.0,0.0,0.0,0.6435643564356436,0.0,,,,,
0,Family,PersonWithASibling,75,0_0_1,0.0,0.0,0.0,0.6435643564356436,0.0,,,,,
0,Family,PersonWithASibling,75,0_1_0,0.041666666666666664,0.075,0.375,0.6336633663366337,0.03896103896103896,,,,,
0,Family,PersonWithASibling,75,1_0_0,0.6944444444444444,0.45045045045045046,0.3333333333333333,0.39603960396039606,0.29069767441860467,,,,,
0,Family,PersonWithASibling,75,1_1_1,0.2361111111111111,0.26356589147286824,0.2982456140350877,0.5297029702970297,0.15178571428571427,,,,,
0,Family,PersonWithASibling,80,0_0_0,0.0,0.0,0.0,0.6435643564356436,0.0,,,,,
0,Family,PersonWithASibling,80,0_0_1,0.0,0.0,0.0,0.6435643564356436,0.0,,,,,
0,Family,PersonWithASibling,80,0_1_0,0.041666666666666664,0.075,0.375,0.6336633663366337,0.03896103896103896,,,,,
0,Family,PersonWithASibling,80,1_0_0,0.6944444444444444,0.45045045045045046,0.3333333333333333,0.39603960396039606,0.29069767441860467,,,,,
0,Family,PersonWithASibling,80,1_1_1,0.2361111111111111,0.26356589147286824,0.2982456140350877,0.5297029702970297,0.15178571428571427,,,,,
0,Family,Child,0,0_0_0,0.0,0.0,0.0,0.48514851485148514,0.0,,,,,
0,Family,Child,0,0_0_1,0.028846153846153848,0.05454545454545454,0.5,0.48514851485148514,0.028037383177570093,,,,,
0,Family,Child,0,0_1_0,0.0673076923076923,0.11666666666666667,0.4375,0.4752475247524752,0.061946902654867256,,,,,
0,Family,Child,0,1_0_0,0.8846153846153846,0.6548042704626335,0.519774011299435,0.5198019801980198,0.48677248677248675,,,,,
0,Family,Child,0,1_1_1,0.6153846153846154,0.5871559633027523,0.5614035087719298,0.5544554455445545,0.4155844155844156,,,,,
0,Family,Child,5,0_0_0,0.0,0.0,0.0,0.48514851485148514,0.0,,,,,
0,Family,Child,5,0_0_1,0.028846153846153848,0.05454545454545454,0.5,0.48514851485148514,0.028037383177570093,,,,,
0,Family,Child,5,0_1_0,0.0673076923076923,0.11666666666666667,0.4375,0.4752475247524752,0.061946902654867256,,,,,
0,Family,Child,5,1_0_0,0.8846153846153846,0.6548042704626335,0.519774011299435,0.5198019801980198,0.48677248677248675,,,,,
0,Family,Child,5,1_1_1,0.6153846153846154,0.5871559633027523,0.5614035087719298,0.5544554455445545,0.4155844155844156,,,,,
0,Family,Child,10,0_0_0,0.0,0.0,0.0,0.48514851485148514,0.0,,,,,
0,Family,Child,10,0_0_1,0.028846153846153848,0.05454545454545454,0.5,0.48514851485148514,0.028037383177570093,,,,,
0,Family,Child,10,0_1_0,0.0673076923076923,0.11666666666666667,0.4375,0.4752475247524752,0.061946902654867256,,,,,
0,Family,Child,10,1_0_0,0.8846153846153846,0.6548042704626335,0.519774011299435,0.5198019801980198,0.48677248677248675,,,,,
0,Family,Child,10,1_1_1,0.6153846153846154,0.5871559633027523,0.5614035087719298,0.5544554455445545,0.4155844155844156,,,,,
0,Family,Child,15,0_0_0,0.0,0.0,0.0,0.48514851485148514,0.0,,,,,
0,Family,Child,15,0_0_1,0.028846153846153848,0.05454545454545454,0.5,0.48514851485148514,0.028037383177570093,,,,,
0,Family,Child,15,0_1_0,0.0673076923076923,0.11666666666666667,0.4375,0.4752475247524752,0.061946902654867256,,,,,
0,Family,Child,15,1_0_0,0.8846153846153846,0.6548042704626335,0.519774011299435,0.5198019801980198,0.48677248677248675,,,,,
0,Family,Child,15,1_1_1,0.6153846153846154,0.5871559633027523,0.5614035087719298,0.5544554455445545,0.4155844155844156,,,,,
0,Family,Child,20,0_0_0,0.0,0.0,0.0,0.48514851485148514,0.0,,,,,
0,Family,Child,20,0_0_1,0.028846153846153848,0.05454545454545454,0.5,0.48514851485148514,0.028037383177570093,,,,,
0,Family,Child,20,0_1_0,0.0673076923076923,0.11666666666666667,0.4375,0.4752475247524752,0.061946902654867256,,,,,
0,Family,Child,20,1_0_0,0.8846153846153846,0.6548042704626335,0.519774011299435,0.5198019801980198,0.48677248677248675,,,,,
0,Family,Child,20,1_1_1,0.6153846153846154,0.5871559633027523,0.5614035087719298,0.5544554455445545,0.4155844155844156,,,,,
0,Family,Child,25,0_0_0,0.0,0.0,0.0,0.48514851485148514,0.0,,,,,
0,Family,Child,25,0_0_1,0.028846153846153848,0.05454545454545454,0.5,0.48514851485148514,0.028037383177570093,,,,,
0,Family,Child,25,0_1_0,0.0673076923076923,0.11666666666666667,0.4375,0.4752475247524752,0.061946902654867256,,,,,
0,Family,Child,25,1_0_0,0.8846153846153846,0.6548042704626335,0.519774011299435,0.5198019801980198,0.48677248677248675,,,,,
0,Family,Child,25,1_1_1,0.6153846153846154,0.5871559633027523,0.5614035087719298,0.5544554455445545,0.4155844155844156,,,,,
0,Family,Child,30,0_0_0,0.0,0.0,0.0,0.48514851485148514,0.0,,,,,
0,Family,Child,30,0_0_1,0.028846153846153848,0.05454545454545454,0.5,0.48514851485148514,0.028037383177570093,,,,,
0,Family,Child,30,0_1_0,0.0673076923076923,0.11666666666666667,0.4375,0.4752475247524752,0.061946902654867256,,,,,
0,Family,Child,30,1_0_0,0.8846153846153846,0.6548042704626335,0.519774011299435,0.5198019801980198,0.48677248677248675,,,,,
0,Family,Child,30,1_1_1,0.6153846153846154,0.5871559633027523,0.5614035087719298,0.5544554455445545,0.4155844155844156,,,,,
0,Family,Child,35,0_0_0,0.0,0.0,0.0,0.48514851485148514,0.0,,,,,
0,Family,Child,35,0_0_1,0.028846153846153848,0.05454545454545454,0.5,0.48514851485148514,0.028037383177570093,,,,,
0,Family,Child,35,0_1_0,0.0673076923076923,0.11666666666666667,0.4375,0.4752475247524752,0.061946902654867256,,,,,
0,Family,Child,35,1_0_0,0.8846153846153846,0.6548042704626335,0.519774011299435,0.5198019801980198,0.48677248677248675,,,,,
0,Family,Child,35,1_1_1,0.6153846153846154,0.5871559633027523,0.5614035087719298,0.5544554455445545,0.4155844155844156,,,,,
0,Family,Child,40,0_0_0,0.0,0.0,0.0,0.48514851485148514,0.0,,,,,
0,Family,Child,40,0_0_1,0.028846153846153848,0.05454545454545454,0.5,0.48514851485148514,0.028037383177570093,,,,,
0,Family,Child,40,0_1_0,0.0673076923076923,0.11666666666666667,0.4375,0.4752475247524752,0.061946902654867256,,,,,
0,Family,Child,40,1_0_0,0.8846153846153846,0.6548042704626335,0.519774011299435,0.5198019801980198,0.48677248677248675,,,,,
0,Family,Child,40,1_1_1,0.6153846153846154,0.5871559633027523,0.5614035087719298,0.5544554455445545,0.4155844155844156,,,,,
0,Family,Child,45,0_0_0,0.0,0.0,0.0,0.48514851485148514,0.0,,,,,
0,Family,Child,45,0_0_1,0.028846153846153848,0.05454545454545454,0.5,0.48514851485148514,0.028037383177570093,,,,,
0,Family,Child,45,0_1_0,0.0673076923076923,0.11666666666666667,0.4375,0.4752475247524752,0.061946902654867256,,,,,
0,Family,Child,45,1_0_0,0.8846153846153846,0.6548042704626335,0.519774011299435,0.5198019801980198,0.48677248677248675,,,,,
0,Family,Child,45,1_1_1,0.6153846153846154,0.5871559633027523,0.5614035087719298,0.5544554455445545,0.4155844155844156,,,,,
0,Family,Child,50,0_0_0,0.0,0.0,0.0,0.48514851485148514,0.0,,,,,
0,Family,Child,50,0_0_1,0.028846153846153848,0.05454545454545454,0.5,0.48514851485148514,0.028037383177570093,,,,,
0,Family,Child,50,0_1_0,0.0673076923076923,0.11666666666666667,0.4375,0.4752475247524752,0.061946902654867256,,,,,
0,Family,Child,50,1_0_0,0.8846153846153846,0.6548042704626335,0.519774011299435,0.5198019801980198,0.48677248677248675,,,,,
0,Family,Child,50,1_1_1,0.6153846153846154,0.5871559633027523,0.5614035087719298,0.5544554455445545,0.4155844155844156,,,,,
0,Family,Child,55,0_0_0,0.0,0.0,0.0,0.48514851485148514,0.0,,,,,
0,Family,Child,55,0_0_1,0.028846153846153848,0.05454545454545454,0.5,0.48514851485148514,0.028037383177570093,,,,,
0,Family,Child,55,0_1_0,0.0673076923076923,0.11666666666666667,0.4375,0.4752475247524752,0.061946902654867256,,,,,
0,Family,Child,55,1_0_0,0.8846153846153846,0.6548042704626335,0.519774011299435,0.5198019801980198,0.48677248677248675,,,,,
0,Family,Child,55,1_1_1,0.6153846153846154,0.5871559633027523,0.5614035087719298,0.5544554455445545,0.4155844155844156,,,,,
0,Family,Child,60,0_0_0,0.0,0.0,0.0,0.48514851485148514,0.0,,,,,
0,Family,Child,60,0_0_1,0.028846153846153848,0.05454545454545454,0.5,0.48514851485148514,0.028037383177570093,,,,,
0,Family,Child,60,0_1_0,0.0673076923076923,0.11666666666666667,0.4375,0.4752475247524752,0.061946902654867256,,,,,
0,Family,Child,60,1_0_0,0.8846153846153846,0.6548042704626335,0.519774011299435,0.5198019801980198,0.48677248677248675,,,,,
0,Family,Child,60,1_1_1,0.6153846153846154,0.5871559633027523,0.5614035087719298,0.5544554455445545,0.4155844155844156,,,,,
0,Family,Child,65,0_0_0,0.0,0.0,0.0,0.48514851485148514,0.0,,,,,
0,Family,Child,65,0_0_1,0.028846153846153848,0.05454545454545454,0.5,0.48514851485148514,0.028037383177570093,,,,,
0,Family,Child,65,0_1_0,0.0673076923076923,0.11666666666666667,0.4375,0.4752475247524752,0.061946902654867256,,,,,
0,Family,Child,65,1_0_0,0.8846153846153846,0.6548042704626335,0.519774011299435,0.5198019801980198,0.48677248677248675,,,,,
0,Family,Child,65,1_1_1,0.6153846153846154,0.5871559633027523,0.5614035087719298,0.5544554455445545,0.4155844155844156,,,,,
0,Family,Child,70,0_0_0,0.0,0.0,0.0,0.48514851485148514,0.0,,,,,
0,Family,Child,70,0_0_1,0.028846153846153848,0.05454545454545454,0.5,0.48514851485148514,0.028037383177570093,,,,,
0,Family,Child,70,0_1_0,0.0673076923076923,0.11666666666666667,0.4375,0.4752475247524752,0.061946902654867256,,,,,
0,Family,Child,70,1_0_0,0.8846153846153846,0.6548042704626335,0.519774011299435,0.5198019801980198,0.48677248677248675,,,,,
0,Family,Child,70,1_1_1,0.6153846153846154,0.5871559633027523,0.5614035087719298,0.5544554455445545,0.4155844155844156,,,,,
0,Family,Child,75,0_0_0,0.0,0.0,0.0,0.48514851485148514,0.0,,,,,
0,Family,Child,75,0_0_1,0.028846153846153848,0.05454545454545454,0.5,0.48514851485148514,0.028037383177570093,,,,,
0,Family,Child,75,0_1_0,0.0673076923076923,0.11666666666666667,0.4375,0.4752475247524752,0.061946902654867256,,,,,
0,Family,Child,75,1_0_0,0.8846153846153846,0.6548042704626335,0.519774011299435,0.5198019801980198,0.48677248677248675,,,,,
0,Family,Child,75,1_1_1,0.6153846153846154,0.5871559633027523,0.5614035087719298,0.5544554455445545,0.4155844155844156,,,,,
0,Family,Child,80,0_0_0,0.0,0.0,0.0,0.48514851485148514,0.0,,,,,
0,Family,Child,80,0_0_1,0.028846153846153848,0.05454545454545454,0.5,0.48514851485148514,0.028037383177570093,,,,,
0,Family,Child,80,0_1_0,0.0673076923076923,0.11666666666666667,0.4375,0.4752475247524752,0.061946902654867256,,,,,
0,Family,Child,80,1_0_0,0.8846153846153846,0.6548042704626335,0.519774011299435,0.5198019801980198,0.48677248677248675,,,,,
0,Family,Child,80,1_1_1,0.6153846153846154,0.5871559633027523,0.5614035087719298,0.5544554455445545,0.4155844155844156,,,,,
0,Family,Person,0,0_0_0,0.9801980198019802,0.99,1.0,0.9801980198019802,0.9801980198019802,,,,,
0,Family,Person,0,0_0_1,1.0,1.0,1.0,1.0,1.0,,,,,
0,Family,Person,0,0_1_0,1.0,1.0,1.0,1.0,1.0,,,,,
0,Family,Person,0,1_0_0,1.0,1.0,1.0,1.0,1.0,,,,,
0,Family,Person,0,1_1_1,0.009900990099009901,0.0196078431372549,1.0,0.009900990099009901,0.009900990099009901,,,,,
0,Family,Person,5,0_0_0,0.9158415841584159,0.9560723514211886,1.0,0.9158415841584159,0.9158415841584159,,,,,
0,Family,Person,5,0_0_1,0.9752475247524752,0.9874686716791979,1.0,0.9752475247524752,0.9752475247524752,,,,,
0,Family,Person,5,0_1_0,1.0,1.0,1.0,1.0,1.0,,,,,
0,Family,Person,5,1_0_0,1.0,1.0,1.0,1.0,1.0,,,,,
0,Family,Person,5,1_1_1,0.18316831683168316,0.30962343096234307,1.0,0.18316831683168316,0.18316831683168316,,,,,
0,Family,Person,10,0_0_0,0.7722772277227723,0.8715083798882681,1.0,0.7722772277227723,0.7722772277227723,,,,,
0,Family,Person,10,0_0_1,0.9257425742574258,0.961439588688946,1.0,0.9257425742574258,0.9257425742574258,,,,,
0,Family,Person,10,0_1_0,1.0,1.0,1.0,1.0,1.0,,,,,
0,Family,Person,10,1_0_0,1.0,1.0,1.0,1.0,1.0,,,,,
0,Family,Person,10,1_1_1,0.11386138613861387,0.20444444444444446,1.0,0.11386138613861387,0.11386138613861387,,,,,
0,Family,Person,15,0_0_0,0.698019801980198,0.8221574344023324,1.0,0.698019801980198,0.698019801980198,,,,,
0,Family,Person,15,0_0_1,0.8910891089108911,0.9424083769633508,1.0,0.8910891089108911,0.8910891089108911,,,,,
0,Family,Person,15,0_1_0,0.9801980198019802,0.99,1.0,0.9801980198019802,0.9801980198019802,,,,,
0,Family,Person,15,1_0_0,1.0,1.0,1.0,1.0,1.0,,,,,
0,Family,Person,15,1_1_1,0.18316831683168316,0.30962343096234307,1.0,0.18316831683168316,0.18316831683168316,,,,,
0,Family,Person,20,0_0_0,0.7326732673267327,0.8457142857142858,1.0,0.7326732673267327,0.7326732673267327,,,,,
0,Family,Person,20,0_0_1,0.8564356435643564,0.9226666666666666,1.0,0.8564356435643564,0.8564356435643564,,,,,
0,Family,Person,20,0_1_0,0.9603960396039604,0.9797979797979798,1.0,0.9603960396039604,0.9603960396039604,,,,,
0,Family,Person,20,1_0_0,1.0,1.0,1.0,1.0,1.0,,,,,
0,Family,Person,20,1_1_1,0.23267326732673269,0.37751004016064255,1.0,0.23267326732673269,0.23267326732673269,,,,,
0,Family,Person,25,0_0_0,0.6683168316831684,0.8011869436201781,1.0,0.6683168316831684,0.6683168316831684,,,,,
0,Family,Person,25,0_0_1,0.7574257425742574,0.8619718309859155,1.0,0.7574257425742574,0.7574257425742574,,,,,
0,Family,Person,25,0_1_0,0.9504950495049505,0.9746192893401016,1.0,0.9504950495049505,0.9504950495049505,,,,,
0,Family,Person,25,1_0_0,1.0,1.0,1.0,1.0,1.0,,,,,
0,Family,Person,25,1_1_1,0.2871287128712871,0.4461538461538462,1.0,0.2871287128712871,0.2871287128712871,,,,,
0,Family,Person,30,0_0_0,0.599009900990099,0.7492260061919505,1.0,0.599009900990099,0.599009900990099,,,,,
0,Family,Person,30,0_0_1,0.7425742574257426,0.8522727272727273,1.0,0.7425742574257426,0.7425742574257426,,,,,
0,Family,Person,30,0_1_0,0.7524752475247525,0.8587570621468926,1.0,0.7524752475247525,0.7524752475247525,,,,,
0,Family,Person,30,1_0_0,0.9752475247524752,0.9874686716791979,1.0,0.9752475247524752,0.9752475247524752,,,,,
0,Family,Person,30,1_1_1,0.26732673267326734,0.421875,1.0,0.26732673267326734,0.26732673267326734,,,,,
0,Family,Person,35,0_0_0,0.4207920792079208,0.5923344947735192,1.0,0.4207920792079208,0.4207920792079208,,,,,
0,Family,Person,35,0_0_1,0.6683168316831684,0.8011869436201781,1.0,0.6683168316831684,0.6683168316831684,,,,,
0,Family,Person,35,0_1_0,0.7277227722772277,0.8424068767908309,1.0,0.7277227722772277,0.7277227722772277,,,,,
0,Family,Person,35,1_0_0,1.0,1.0,1.0,1.0,1.0,,,,,
0,Family,Person,35,1_1_1,0.12376237623762376,0.22026431718061673,1.0,0.12376237623762376,0.12376237623762376,,,,,
0,Family,Person,40,0_0_0,0.4207920792079208,0.5923344947735192,1.0,0.4207920792079208,0.4207920792079208,,,,,
0,Family,Person,40,0_0_1,0.693069306930693,0.8187134502923976,1.0,0.693069306930693,0.693069306930693,,,,,
0,Family,Person,40,0_1_0,0.7920792079207921,0.8839779005524862,1.0,0.7920792079207921,0.7920792079207921,,,,,
0,Family,Person,40,1_0_0,1.0,1.0,1.0,1.0,1.0,,,,,
0,Family,Person,40,1_1_1,0.5445544554455446,0.7051282051282052,1.0,0.5445544554455446,0.5445544554455446,,,,,
0,Family,Person,45,0_0_0,0.4207920792079208,0.5923344947735192,1.0,0.4207920792079208,0.4207920792079208,,,,,
0,Family,Person,45,0_0_1,0.6732673267326733,0.8047337278106509,1.0,0.6732673267326733,0.6732673267326733,,,,,
0,Family,Person,45,0_1_0,0.7623762376237624,0.8651685393258427,1.0,0.7623762376237624,0.7623762376237624,,,,,
0,Family,Person,45,1_0_0,1.0,1.0,1.0,1.0,1.0,,,,,
0,Family,Person,45,1_1_1,0.22772277227722773,0.3709677419354839,1.0,0.22772277227722773,0.22772277227722773,,,,,
0,Family,Person,50,0_0_0,0.47029702970297027,0.6397306397306397,1.0,0.47029702970297027,0.47029702970297027,,,,,
0,Family,Person,50,0_0_1,0.5,0.6666666666666666,1.0,0.5,0.5,,,,,
0,Family,Person,50,0_1_0,0.6336633663366337,0.7757575757575758,1.0,0.6336633663366337,0.6336633663366337,,,,,
0,Family,Person,50,1_0_0,0.9900990099009901,0.9950248756218906,1.0,0.9900990099009901,0.9900990099009901,,,,,
0,Family,Person,50,1_1_1,0.1782178217821782,0.3025210084033613,1.0,0.1782178217821782,0.1782178217821782,,,,,
0,Family,Person,55,0_0_0,0.41089108910891087,0.5824561403508772,1.0,0.41089108910891087,0.41089108910891087,,,,,
0,Family,Person,55,0_0_1,0.4504950495049505,0.621160409556314,1.0,0.4504950495049505,0.4504950495049505,,,,,
0,Family,Person,55,0_1_0,0.5594059405940595,0.7174603174603175,1.0,0.5594059405940595,0.5594059405940595,,,,,
0,Family,Person,55,1_0_0,0.9653465346534653,0.982367758186398,1.0,0.9653465346534653,0.9653465346534653,,,,,
0,Family,Person,55,1_1_1,0.2079207920792079,0.3442622950819672,1.0,0.2079207920792079,0.2079207920792079,,,,,
0,Family,Person,60,0_0_0,0.36633663366336633,0.5362318840579711,1.0,0.36633663366336633,0.36633663366336633,,,,,
0,Family,Person,60,0_0_1,0.400990099009901,0.5724381625441696,1.0,0.400990099009901,0.400990099009901,,,,,
0,Family,Person,60,0_1_0,0.5,0.6666666666666666,1.0,0.5,0.5,,,,,
0,Family,Person,60,1_0_0,0.9653465346534653,0.982367758186398,1.0,0.9653465346534653,0.9653465346534653,,,,,
0,Family,Person,60,1_1_1,0.15841584158415842,0.27350427350427353,1.0,0.15841584158415842,0.15841584158415842,,,,,
0,Family,Person,65,0_0_0,0.35148514851485146,0.5201465201465202,1.0,0.35148514851485146,0.35148514851485146,,,,,
0,Family,Person,65,0_0_1,0.35148514851485146,0.5201465201465202,1.0,0.35148514851485146,0.35148514851485146,,,,,
0,Family,Person,65,0_1_0,0.6138613861386139,0.7607361963190185,1.0,0.6138613861386139,0.6138613861386139,,,,,
0,Family,Person,65,1_0_0,0.9257425742574258,0.961439588688946,1.0,0.9257425742574258,0.9257425742574258,,,,,
0,Family,Person,65,1_1_1,0.48514851485148514,0.6533333333333333,1.0,0.48514851485148514,0.48514851485148514,,,,,
0,Family,Person,70,0_0_0,0.30198019801980197,0.46387832699619774,1.0,0.30198019801980197,0.30198019801980197,,,,,
0,Family,Person,70,0_0_1,0.3118811881188119,0.47547169811320755,1.0,0.3118811881188119,0.3118811881188119,,,,,
0,Family,Person,70,0_1_0,0.5891089108910891,0.7414330218068536,1.0,0.5891089108910891,0.5891089108910891,,,,,
0,Family,Person,70,1_0_0,0.9207920792079208,0.9587628865979382,1.0,0.9207920792079208,0.9207920792079208,,,,,
0,Family,Person,70,1_1_1,0.49504950495049505,0.6622516556291391,1.0,0.49504950495049505,0.49504950495049505,,,,,
0,Family,Person,75,0_0_0,0.2524752475247525,0.4031620553359684,1.0,0.2524752475247525,0.2524752475247525,,,,,
0,Family,Person,75,0_0_1,0.2871287128712871,0.4461538461538462,1.0,0.2871287128712871,0.2871287128712871,,,,,
0,Family,Person,75,0_1_0,0.6089108910891089,0.7569230769230769,1.0,0.6089108910891089,0.6089108910891089,,,,,
0,Family,Person,75,1_0_0,0.8960396039603961,0.9451697127937336,1.0,0.8960396039603961,0.8960396039603961,,,,,
0,Family,Person,75,1_1_1,0.5396039603960396,0.7009646302250804,1.0,0.5396039603960396,0.5396039603960396,,,,,
0,Family,Person,80,0_0_0,0.20297029702970298,0.3374485596707819,1.0,0.20297029702970298,0.20297029702970298,,,,,
0,Family,Person,80,0_0_1,0.24257425742574257,0.3904382470119522,1.0,0.24257425742574257,0.24257425742574257,,,,,
0,Family,Person,80,0_1_0,0.5495049504950495,0.7092651757188498,1.0,0.5495049504950495,0.5495049504950495,,,,,
0,Family,Person,80,1_0_0,0.900990099009901,0.9479166666666666,1.0,0.900990099009901,0.900990099009901,,,,,
0,Family,Person,80,1_1_1,0.46534653465346537,0.6351351351351351,1.0,0.46534653465346537,0.46534653465346537,,,,,
0,Family,Daughter,0,0_0_0,0.9807692307692307,0.9902912621359223,1.0,0.995049504950495,0.9807692307692307,,,,,
0,Family,Daughter,0,0_0_1,1.0,0.7761194029850746,0.6341463414634146,0.8514851485148515,0.6341463414634146,,,,,
0,Family,Daughter,0,0_1_0,1.0,0.7536231884057971,0.6046511627906976,0.8316831683168316,0.6046511627906976,,,,,
0,Family,Daughter,0,1_0_0,1.0,0.41767068273092367,0.2639593908629442,0.28217821782178215,0.2639593908629442,,,,,
0,Family,Daughter,0,1_1_1,0.09615384615384616,0.07246376811594203,0.05813953488372093,0.36633663366336633,0.03759398496240601,,,,,
0,Family,Daughter,5,0_0_0,0.9230769230769231,0.96,1.0,0.9801980198019802,0.9230769230769231,0.0,0.0,0.0,0.0,0.0
0,Family,Daughter,5,0_0_1,1.0,0.7647058823529411,0.6190476190476191,0.8415841584158416,0.6190476190476191,1.0,1.0,1.0,1.0,1.0
0,Family,Daughter,5,0_1_0,1.0,0.7222222222222222,0.5652173913043478,0.801980198019802,0.5652173913043478,1.0,1.0,1.0,1.0,1.0
0,Family,Daughter,5,1_0_0,1.0,0.41434262948207173,0.2613065326633166,0.2722772277227723,0.2613065326633166,1.0,1.0,1.0,1.0,1.0
0,Family,Daughter,5,1_1_1,0.019230769230769232,0.011627906976744186,0.008333333333333333,0.15841584158415842,0.005847953216374269,0.0,0.0,0.0,0.0,0.0
0,Family,Daughter,10,0_0_0,0.7692307692307693,0.8695652173913043,1.0,0.9405940594059405,0.7692307692307693,0.0,0.0,0.0,0.0,0.0
0,Family,Daughter,10,0_0_1,0.9807692307692307,0.7727272727272727,0.6375,0.8514851485148515,0.6296296296296297,0.8,0.8888888888888888,1.0,0.8,0.8
0,Family,Daughter,10,0_1_0,1.0,0.7482014388489209,0.5977011494252874,0.8267326732673267,0.5977011494252874,1.0,1.0,1.0,1.0,1.0
0,Family,Daughter,10,1_0_0,1.0,0.4126984126984127,0.26,0.26732673267326734,0.26,1.0,1.0,1.0,1.0,1.0
0,Family,Daughter,10,1_1_1,0.038461538461538464,0.023391812865497075,0.01680672268907563,0.17326732673267325,0.011834319526627219,0.0,0.0,0.0,0.0,0.0
0,Family,Daughter,15,0_0_0,0.8269230769230769,0.9052631578947369,1.0,0.9554455445544554,0.8269230769230769,0.0,0.0,0.0,0.0,0.0
0,Family,Daughter,15,0_0_1,0.8846153846153846,0.8363636363636363,0.7931034482758621,0.9108910891089109,0.71875,0.14285714285714285,0.25,1.0,0.14285714285714285,0.14285714285714285
0,Family,Daughter,15,0_1_0,1.0,0.7222222222222222,0.5652173913043478,0.801980198019802,0.5652173913043478,1.0,1.0,1.0,1.0,1.0
0,Family,Daughter,15,1_0_0,1.0,0.4369747899159664,0.27956989247311825,0.33663366336633666,0.27956989247311825,1.0,1.0,1.0,1.0,1.0
0,Family,Daughter,15,1_1_1,0.1346153846153846,0.0958904109589041,0.07446808510638298,0.3465346534653465,0.050359712230215826,0.42857142857142855,0.6,1.0,0.42857142857142855,0.42857142857142855
0,Family,Daughter,20,0_0_0,0.7307692307692307,0.8444444444444444,1.0,0.9306930693069307,0.7307692307692307,0.0,0.0,0.0,0.0,0.0
0,Family,Daughter,20,0_0_1,0.8653846153846154,0.8333333333333334,0.8035714285714286,0.9108910891089109,0.7142857142857143,0.3,0.46153846153846156,1.0,0.3,0.3
0,Family,Daughter,20,0_1_0,1.0,0.7272727272727273,0.5714285714285714,0.806930693069307,0.5714285714285714,1.0,1.0,1.0,1.0,1.0
0,Family,Daughter,20,1_0_0,1.0,0.4388185654008439,0.2810810810810811,0.3415841584158416,0.2810810810810811,1.0,1.0,1.0,1.0,1.0
0,Family,Daughter,20,1_1_1,0.17307692307692307,0.11764705882352941,0.0891089108910891,0.3316831683168317,0.0625,0.4,0.5714285714285714,1.0,0.4,0.4
0,Family,Daughter,25,0_0_0,0.6730769230769231,0.8045977011494253,1.0,0.9158415841584159,0.6730769230769231,0.0,0.0,0.0,0.0,0.0
0,Family,Daughter,25,0_0_1,0.7884615384615384,0.7961165048543689,0.803921568627451,0.8960396039603961,0.6612903225806451,0.15384615384615385,0.26666666666666666,1.0,0.15384615384615385,0.15384615384615385
0,Family,Daughter,25,0_1_0,1.0,0.7375886524822695,0.5842696629213483,0.8168316831683168,0.5842696629213483,1.0,1.0,1.0,1.0,1.0
0,Family,Daughter,25,1_0_0,1.0,0.4482758620689655,0.28888888888888886,0.36633663366336633,0.28888888888888886,1.0,1.0,1.0,1.0,1.0
0,Family,Daughter,25,1_1_1,0.15384615384615385,0.11428571428571428,0.09090909090909091,0.38613861386138615,0.06060606060606061,0.3076923076923077,0.47058823529411764,1.0,0.3076923076923077,0.3076923076923077
0,Family,Daughter,30,0_0_0,0.6730769230769231,0.8045977011494253,1.0,0.9158415841584159,0.6730769230769231,0.0,0.0,0.0,0.0,0.0
0,Family,Daughter,30,0_0_1,0.7307692307692307,0.7524752475247525,0.7755102040816326,0.8762376237623762,0.6031746031746031,0.06666666666666667,0.125,1.0,0.06666666666666667,0.06666666666666667
0,Family,Daughter,30,0_1_0,1.0,0.7428571428571429,0.5909090909090909,0.8217821782178217,0.5909090909090909,1.0,1.0,1.0,1.0,1.0
0,Family,Daughter,30,1_0_0,1.0,0.45614035087719296,0.29545454545454547,0.38613861386138615,0.29545454545454547,1.0,1.0,1.0,1.0,1.0
0,Family,Daughter,30,1_1_1,0.17307692307692307,0.12244897959183673,0.09473684210526316,0.3613861386138614,0.06521739130434782,0.3333333333333333,0.5,1.0,0.3333333333333333,0.3333333333333333
0,Family,Daughter,35,0_0_0,0.6538461538461539,0.7906976744186046,1.0,0.9108910891089109,0.6538461538461539,0.0,0.0,0.0,0.0,0.0
0,Family,Daughter,35,0_0_1,0.0,0.0,0.0,0.7227722772277227,0.0,0.0,0.0,0.0,0.0,0.0
0,Family,Daughter,35,0_1_0,0.0,0.0,0.0,0.7277227722772277,0.0,0.0,0.0,0.0,0.0,0.0
0,Family,Daughter,35,1_0_0,0.9807692307692307,0.5284974093264249,0.3617021276595745,0.5495049504950495,0.3591549295774648,0.9444444444444444,0.9714285714285714,1.0,0.9444444444444444,0.9444444444444444
0,Family,Daughter,35,1_1_1,0.15384615384615385,0.10810810810810811,0.08333333333333333,0.3465346534653465,0.05714285714285714,0.3888888888888889,0.56,1.0,0.3888888888888889,0.3888888888888889
0,Family,Daughter,40,0_0_0,0.5961538461538461,0.7469879518072289,1.0,0.8960396039603961,0.5961538461538461,0.0,0.0,0.0,0.0,0.0
0,Family,Daughter,40,0_0_1,0.8269230769230769,0.8686868686868687,0.9148936170212766,0.9356435643564357,0.7678571428571429,0.55,0.7096774193548387,1.0,0.55,0.55
0,Family,Daughter,40,0_1_0,0.9423076923076923,0.6901408450704225,0.5444444444444444,0.7821782178217822,0.5268817204301075,0.85,0.918918918918919,1.0,0.85,0.85
0,Family,Daughter,40,1_0_0,1.0,0.43333333333333335,0.2765957446808511,0.32673267326732675,0.2765957446808511,1.0,1.0,1.0,1.0,1.0
0,Family,Daughter,40,1_1_1,0.5384615384615384,0.2641509433962264,0.175,0.22772277227722773,0.15217391304347827,0.75,0.8571428571428571,1.0,0.75,0.75
0,Family,Daughter,45,0_0_0,0.5576923076923077,0.7160493827160493,1.0,0.8861386138613861,0.5576923076923077,0.0,0.0,0.0,0.0,0.0
0,Family,Daughter,45,0_0_1,0.8076923076923077,0.8484848484848485,0.8936170212765957,0.9257425742574258,0.7368421052631579,0.5652173913043478,0.7222222222222222,1.0,0.5652173913043478,0.5652173913043478
0,Family,Daughter,45,0_1_0,0.9423076923076923,0.6853146853146853,0.5384615384615384,0.7772277227722773,0.5212765957446809,0.8695652173913043,0.9302325581395349,1.0,0.8695652173913043,0.8695652173913043
0,Family,Daughter,45,1_0_0,1.0,0.4388185654008439,0.2810810810810811,0.3415841584158416,0.2810810810810811,1.0,1.0,1.0,1.0,1.0
0,Family,Daughter,45,1_1_1,0.5384615384615384,0.2616822429906542,0.1728395061728395,0.21782178217821782,0.15053763440860216,0.7391304347826086,0.85,1.0,0.7391304347826086,0.7391304347826086
0,Family,Daughter,50,0_0_0,0.4423076923076923,0.6133333333333333,1.0,0.8564356435643564,0.4423076923076923,0.0,0.0,0.0,0.0,0.0
0,Family,Daughter,50,0_0_1,0.5576923076923077,0.6904761904761905,0.90625,0.8712871287128713,0.5272727272727272,0.11538461538461539,0.20689655172413793,1.0,0.11538461538461539,0.11538461538461539
0,Family,Daughter,50,0_1_0,0.9423076923076923,0.6950354609929078,0.550561797752809,0.7871287128712872,0.532608695652174,0.8846153846153846,0.9387755102040817,1.0,0.8846153846153846,0.8846153846153846
0,Family,Daughter,50,1_0_0,1.0,0.49056603773584906,0.325,0.46534653465346537,0.325,1.0,1.0,1.0,1.0,1.0
0,Family,Daughter,50,1_1_1,0.8461538461538461,0.3651452282157676,0.2328042328042328,0.24257425742574257,0.2233502538071066,1.0,1.0,1.0,1.0,1.0
0,Family,Daughter,55,0_0_0,0.46153846153846156,0.631578947368421,1.0,0.8613861386138614,0.46153846153846156,0.0,0.0,0.0,0.0,0.0
0,Family,Daughter,55,0_0_1,0.5961538461538461,0.62,0.6458333333333334,0.8118811881188119,0.4492753623188406,0.25,0.4,1.0,0.25,0.25
0,Family,Daughter,55,0_1_0,1.0,0.6190476190476191,0.4482758620689655,0.6831683168316832,0.4482758620689655,1.0,1.0,1.0,1.0,1.0
0,Family,Daughter,55,1_0_0,0.9807692307692307,0.42857142857142855,0.27419354838709675,0.32673267326732675,0.2727272727272727,0.9642857142857143,0.9818181818181818,1.0,0.9642857142857143,0.9642857142857143
0,Family,Daughter,55,1_1_1,0.8461538461538461,0.36213991769547327,0.23036649214659685,0.23267326732673269,0.22110552763819097,0.9642857142857143,0.9818181818181818,1.0,0.9642857142857143,0.9642857142857143
0,Family,Daughter,60,0_0_0,0.40384615384615385,0.5753424657534246,1.0,0.8465346534653465,0.40384615384615385,0.0,0.0,0.0,0.0,0.0
0,Family,Daughter,60,0_0_1,0.4807692307692308,0.5681818181818182,0.6944444444444444,0.8118811881188119,0.3968253968253968,0.12903225806451613,0.22857142857142856,1.0,0.12903225806451613,0.12903225806451613
0,Family,Daughter,60,0_1_0,0.9807692307692307,0.6335403726708074,0.46788990825688076,0.7079207920792079,0.4636363636363636,0.967741935483871,0.9836065573770492,1.0,0.967741935483871,0.967741935483871
0,Family,Daughter,60,1_0_0,0.9807692307692307,0.44541484716157204,0.288135593220339,0.3712871287128713,0.28651685393258425,0.967741935483871,0.9836065573770492,1.0,0.967741935483871,0.967741935483871
0,Family,Daughter,60,1_1_1,0.9230769230769231,0.3870967741935484,0.24489795918367346,0.24752475247524752,0.24,1.0,1.0,1.0,1.0,1.0
0,Family,Daughter,65,0_0_0,0.34615384615384615,0.5142857142857142,1.0,0.8316831683168316,0.34615384615384615,0.0,0.0,0.0,0.0,0.0
0,Family,Daughter,65,0_0_1,0.46153846153846156,0.5217391304347826,0.6,0.7821782178217822,0.35294117647058826,0.15151515151515152,0.2631578947368421,1.0,0.15151515151515152,0.15151515151515152
0,Family,Daughter,65,0_1_0,0.9230769230769231,0.6,0.4444444444444444,0.6831683168316832,0.42857142857142855,0.8787878787878788,0.9354838709677419,1.0,0.8787878787878788,0.8787878787878788
0,Family,Daughter,65,1_0_0,0.9807692307692307,0.45132743362831856,0.29310344827586204,0.38613861386138615,0.2914285714285714,0.9696969696969697,0.9846153846153847,1.0,0.9696969696969697,0.9696969696969697
0,Family,Daughter,65,1_1_1,0.8846153846153846,0.37398373983739835,0.23711340206185566,0.2376237623762376,0.23,1.0,1.0,1.0,1.0,1.0
0,Family,Daughter,70,0_0_0,0.28846153846153844,0.44776119402985076,1.0,0.8168316831683168,0.28846153846153844,0.0,0.0,0.0,0.0,0.0
0,Family,Daughter,70,0_0_1,0.38461538461538464,0.4444444444444444,0.5263157894736842,0.7524752475247525,0.2857142857142857,0.1111111111111111,0.2,1.0,0.1111111111111111,0.1111111111111111
0,Family,Daughter,70,0_1_0,0.8653846153846154,0.5769230769230769,0.4326923076923077,0.6732673267326733,0.40540540540540543,0.8055555555555556,0.8923076923076924,1.0,0.8055555555555556,0.8055555555555556
0,Family,Daughter,70,1_0_0,0.9423076923076923,0.43555555555555553,0.2832369942196532,0.3712871287128713,0.2784090909090909,0.9166666666666666,0.9565217391304348,1.0,0.9166666666666666,0.9166666666666666
0,Family,Daughter,70,1_1_1,0.9038461538461539,0.3805668016194332,0.24102564102564103,0.24257425742574257,0.235,1.0,1.0,1.0,1.0,1.0
0,Family,Daughter,75,0_0_0,0.23076923076923078,0.375,1.0,0.801980198019802,0.23076923076923078,0.0,0.0,0.0,0.0,0.0
0,Family,Daughter,75,0_0_1,0.34615384615384615,0.4444444444444444,0.6206896551724138,0.7772277227722773,0.2857142857142857,0.1282051282051282,0.22727272727272727,1.0,0.1282051282051282,0.1282051282051282
0,Family,Daughter,75,0_1_0,0.8076923076923077,0.5915492957746479,0.4666666666666667,0.7128712871287128,0.42,0.7435897435897436,0.8529411764705882,1.0,0.7435897435897436,0.7435897435897436
0,Family,Daughter,75,1_0_0,0.8461538461538461,0.4074074074074074,0.2682926829268293,0.36633663366336633,0.2558139534883721,0.7948717948717948,0.8857142857142857,1.0,0.7948717948717948,0.7948717948717948
0,Family,Daughter,75,1_1_1,0.038461538461538464,0.06896551724137931,0.3333333333333333,0.7326732673267327,0.03571428571428571,0.0,0.0,0.0,0.0,0.0
0,Family,Daughter,80,0_0_0,0.17307692307692307,0.29508196721311475,1.0,0.7871287128712872,0.17307692307692307,0.0,0.0,0.0,0.0,0.0
0,Family,Daughter,80,0_0_1,0.25,0.33766233766233766,0.52,0.7475247524752475,0.203125,0.04878048780487805,0.09302325581395349,1.0,0.04878048780487805,0.04878048780487805
0,Family,Daughter,80,0_1_0,0.6923076923076923,0.5413533834586466,0.4444444444444444,0.698019801980198,0.3711340206185567,0.6097560975609756,0.7575757575757576,1.0,0.6097560975609756,0.6097560975609756
0,Family,Daughter,80,1_0_0,0.8269230769230769,0.43,0.2905405405405405,0.43564356435643564,0.27388535031847133,0.7804878048780488,0.8767123287671232,1.0,0.7804878048780488,0.7804878048780488
0,Family,Daughter,80,1_1_1,0.038461538461538464,0.06896551724137931,0.3333333333333333,0.7326732673267327,0.03571428571428571,0.0,0.0,0.0,0.0,0.0
0,Family,Female,0,0_0_0,0.4387755102040816,0.6099290780141844,1.0,0.7277227722772277,0.4387755102040816,,,,,
0,Family,Female,0,0_0_1,1.0,0.9333333333333333,0.875,0.9306930693069307,0.875,,,,,
0,Family,Female,0,0_1_0,1.0,0.8166666666666667,0.6901408450704225,0.7821782178217822,0.6901408450704225,,,,,
0,Family,Female,0,1_0_0,1.0,0.6533333333333333,0.48514851485148514,0.48514851485148514,0.48514851485148514,,,,,
0,Family,Female,0,1_1_1,0.07142857142857142,0.11965811965811966,0.3684210526315789,0.4900990099009901,0.06363636363636363,,,,,
0,Family,Female,5,0_0_0,0.42857142857142855,0.6,1.0,0.7227722772277227,0.42857142857142855,,,,,
0,Family,Female,5,0_0_1,1.0,0.92018779342723,0.8521739130434782,0.9158415841584159,0.8521739130434782,,,,,
0,Family,Female,5,0_1_0,1.0,0.8132780082987552,0.6853146853146853,0.7772277227722773,0.6853146853146853,,,,,
0,Family,Female,5,1_0_0,1.0,0.6533333333333333,0.48514851485148514,0.48514851485148514,0.48514851485148514,,,,,
0,Family,Female,5,1_1_1,0.08163265306122448,0.13559322033898305,0.4,0.49504950495049505,0.07272727272727272,,,,,
0,Family,Female,10,0_0_0,0.4489795918367347,0.6197183098591549,1.0,0.7326732673267327,0.4489795918367347,,,,,
0,Family,Female,10,0_0_1,0.9795918367346939,0.8888888888888888,0.8135593220338984,0.8811881188118812,0.8,,,,,
0,Family,Female,10,0_1_0,1.0,0.7686274509803922,0.6242038216560509,0.7079207920792079,0.6242038216560509,,,,,
0,Family,Female,10,1_0_0,1.0,0.6533333333333333,0.48514851485148514,0.48514851485148514,0.48514851485148514,,,,,
0,Family,Female,10,1_1_1,0.42857142857142855,0.39069767441860465,0.358974358974359,0.35148514851485146,0.24277456647398843,,,,,
0,Family,Female,15,0_0_0,0.42857142857142855,0.6,1.0,0.7227722772277227,0.42857142857142855,0.0,0.0,0.0,0.0,0.0
0,Family,Female,15,0_0_1,0.9489795918367347,0.8815165876777251,0.8230088495575221,0.8762376237623762,0.788135593220339,1.0,1.0,1.0,1.0,1.0
0,Family,Female,15,0_1_0,1.0,0.7626459143968871,0.6163522012578616,0.698019801980198,0.6163522012578616,1.0,1.0,1.0,1.0,1.0
0,Family,Female,15,1_0_0,1.0,0.6533333333333333,0.48514851485148514,0.48514851485148514,0.48514851485148514,1.0,1.0,1.0,1.0,1.0
0,Family,Female,15,1_1_1,0.47959183673469385,0.4351851851851852,0.3983050847457627,0.39603960396039606,0.2781065088757396,1.0,1.0,1.0,1.0,1.0
0,Family,Female,20,0_0_0,0.3979591836734694,0.5693430656934306,1.0,0.7079207920792079,0.3979591836734694,0.0,0.0,0.0,0.0,0.0
0,Family,Female,20,0_0_1,0.9285714285714286,0.8708133971291866,0.8198198198198198,0.8663366336633663,0.7711864406779662,1.0,1.0,1.0,1.0,1.0
0,Family,Female,20,0_1_0,0.9897959183673469,0.7320754716981132,0.5808383233532934,0.6485148514851485,0.5773809523809523,1.0,1.0,1.0,1.0,1.0
0,Family,Female,20,1_0_0,1.0,0.6533333333333333,0.48514851485148514,0.48514851485148514,0.48514851485148514,1.0,1.0,1.0,1.0,1.0
0,Family,Female,20,1_1_1,0.4489795918367347,0.40930232558139534,0.37606837606837606,0.3712871287128713,0.2573099415204678,1.0,1.0,1.0,1.0,1.0
0,Family,Female,25,0_0_0,0.35714285714285715,0.5263157894736842,1.0,0.6881188118811881,0.35714285714285715,0.0,0.0,0.0,0.0,0.0
0,Family,Female,25,0_0_1,0.9489795918367347,0.8942307692307693,0.8454545454545455,0.8910891089108911,0.808695652173913,1.0,1.0,1.0,1.0,1.0
0,Family,Female,25,0_1_0,1.0,0.7396226415094339,0.5868263473053892,0.6584158415841584,0.5868263473053892,1.0,1.0,1.0,1.0,1.0
0,Family,Female,25,1_0_0,1.0,0.6577181208053692,0.49,0.49504950495049505,0.49,1.0,1.0,1.0,1.0,1.0
0,Family,Female,25,1_1_1,0.4897959183673469,0.4304932735426009,0.384,0.3712871287128713,0.2742857142857143,1.0,1.0,1.0,1.0,1.0
0,Family,Female,30,0_0_0,0.0,0.0,0.0,0.5148514851485149,0.0,0.0,0.0,0.0,0.0,0.0
0,Family,Female,30,0_0_1,0.9795918367346939,0.897196261682243,0.8275862068965517,0.8910891089108911,0.8135593220338984,1.0,1.0,1.0,1.0,1.0
0,Family,Female,30,0_1_0,1.0,0.7935222672064778,0.6577181208053692,0.7475247524752475,0.6577181208053692,1.0,1.0,1.0,1.0,1.0
0,Family,Female,30,1_0_0,1.0,0.6644067796610169,0.49746192893401014,0.5099009900990099,0.49746192893401014,1.0,1.0,1.0,1.0,1.0
0,Family,Female,30,1_1_1,0.46938775510204084,0.41818181818181815,0.3770491803278688,0.36633663366336633,0.26436781609195403,1.0,1.0,1.0,1.0,1.0
0,Family,Female,35,0_0_0,0.0,0.0,0.0,0.5148514851485149,0.0,0.0,0.0,0.0,0.0,0.0
0,Family,Female,35,0_0_1,0.9387755102040817,0.934010152284264,0.9292929292929293,0.9356435643564357,0.8761904761904762,0.75,0.8571428571428571,1.0,0.75,0.75
0,Family,Female,35,0_1_0,0.9489795918367347,0.7410358565737052,0.6078431372549019,0.6782178217821783,0.5886075949367089,1.0,1.0,1.0,1.0,1.0
0,Family,Female,35,1_0_0,1.0,0.6577181208053692,0.49,0.49504950495049505,0.49,1.0,1.0,1.0,1.0,1.0
0,Family,Female,35,1_1_1,0.22448979591836735,0.3188405797101449,0.55,0.5346534653465347,0.1896551724137931,0.25,0.4,1.0,0.25,0.25
0,Family,Female,40,0_0_0,0.030612244897959183,0.0594059405940594,1.0,0.5297029702970297,0.030612244897959183,0.0,0.0,0.0,0.0,0.0
0,Family,Female,40,0_0_1,0.826530612244898,0.84375,0.8617021276595744,0.8514851485148515,0.7297297297297297,0.6,0.75,1.0,0.6,0.6
0,Family,Female,40,0_1_0,0.9591836734693877,0.7203065134099617,0.5766871165644172,0.6386138613861386,0.562874251497006,0.6,0.75,1.0,0.6,0.6
0,Family,Female,40,1_0_0,1.0,0.7025089605734767,0.5414364640883977,0.5891089108910891,0.5414364640883977,1.0,1.0,1.0,1.0,1.0
0,Family,Female,40,1_1_1,0.08163265306122448,0.11267605633802817,0.18181818181818182,0.37623762376237624,0.05970149253731343,0.2,0.3333333333333333,1.0,0.2,0.2
0,Family,Female,45,0_0_0,0.02040816326530612,0.04,1.0,0.5247524752475248,0.02040816326530612,0.0,0.0,0.0,0.0,0.0
0,Family,Female,45,0_0_1,0.826530612244898,0.8393782383419689,0.8526315789473684,0.8465346534653465,0.7232142857142857,0.6666666666666666,0.8,1.0,0.6666666666666666,0.6666666666666666
0,Family,Female,45,0_1_0,0.9693877551020408,0.7224334600760456,0.5757575757575758,0.6386138613861386,0.5654761904761905,0.8333333333333334,0.9090909090909091,1.0,0.8333333333333334,0.8333333333333334
0,Family,Female,45,1_0_0,1.0,0.6925795053003534,0.5297297297297298,0.5693069306930693,0.5297297297297298,1.0,1.0,1.0,1.0,1.0
0,Family,Female,45,1_1_1,0.11224489795918367,0.1527777777777778,0.2391304347826087,0.39603960396039606,0.08270676691729323,0.16666666666666666,0.2857142857142857,1.0,0.16666666666666666,0.16666666666666666
0,Family,Female,50,0_0_0,0.01020408163265306,0.020202020202020204,1.0,0.5198019801980198,0.01020408163265306,0.0,0.0,0.0,0.0,0.0
0,Family,Female,50,0_0_1,0.8469387755102041,0.8383838383838383,0.83,0.8415841584158416,0.7217391304347827,0.6666666666666666,0.8,1.0,0.6666666666666666,0.6666666666666666
0,Family,Female,50,0_1_0,0.9489795918367347,0.7153846153846154,0.5740740740740741,0.6336633663366337,0.5568862275449101,0.8333333333333334,0.9090909090909091,1.0,0.8333333333333334,0.8333333333333334
0,Family,Female,50,1_0_0,1.0,0.6853146853146853,0.5212765957446809,0.5544554455445545,0.5212765957446809,1.0,1.0,1.0,1.0,1.0
0,Family,Female,50,1_1_1,0.15306122448979592,0.19736842105263158,0.2777777777777778,0.39603960396039606,0.10948905109489052,0.3333333333333333,0.5,1.0,0.3333333333333333,0.3333333333333333
0,Family,Female,55,0_0_0,0.0,0.0,0.0,0.5148514851485149,0.0,0.0,0.0,0.0,0.0,0.0
0,Family,Female,55,0_0_1,0.7551020408163265,0.7628865979381443,0.7708333333333334,0.7722772277227723,0.6166666666666667,0.5,0.6666666666666666,1.0,0.5,0.5
0,Family,Female,55,0_1_0,0.9489795918367347,0.7126436781609196,0.5705521472392638,0.6287128712871287,0.5535714285714286,0.8333333333333334,0.9090909090909091,1.0,0.8333333333333334,0.8333333333333334
0,Family,Female,55,1_0_0,1.0,0.6901408450704225,0.5268817204301075,0.5643564356435643,0.5268817204301075,1.0,1.0,1.0,1.0,1.0
0,Family,Female,55,1_1_1,0.14285714285714285,0.1917808219178082,0.2916666666666667,0.4158415841584158,0.10606060606060606,0.3333333333333333,0.5,1.0,0.3333333333333333,0.3333333333333333
0,Family,Female,60,0_0_0,0.01020408163265306,0.020202020202020204,1.0,0.5198019801980198,0.01020408163265306,0.0,0.0,0.0,0.0,0.0
0,Family,Female,60,0_0_1,0.7346938775510204,0.8,0.8780487804878049,0.8217821782178217,0.6666666666666666,0.3333333333333333,0.5,1.0,0.3333333333333333,0.3333333333333333
0,Family,Female,60,0_1_0,0.8163265306122449,0.7804878048780488,0.7476635514018691,0.7772277227722773,0.64,0.8333333333333334,0.9090909090909091,1.0,0.8333333333333334,0.8333333333333334
0,Family,Female,60,1_0_0,1.0,0.6555183946488294,0.48756218905472637,0.4900990099009901,0.48756218905472637,1.0,1.0,1.0,1.0,1.0
0,Family,Female,60,1_1_1,0.05102040816326531,0.06993006993006994,0.1111111111111111,0.3415841584158416,0.036231884057971016,0.0,0.0,0.0,0.0,0.0
0,Family,Female,65,0_0_0,0.030612244897959183,0.0594059405940594,1.0,0.5297029702970297,0.030612244897959183,0.0,0.0,0.0,0.0,0.0
0,Family,Female,65,0_0_1,0.5918367346938775,0.7160493827160493,0.90625,0.7722772277227723,0.5576923076923077,0.42857142857142855,0.6,1.0,0.42857142857142855,0.42857142857142855
0,Family,Female,65,0_1_0,0.7346938775510204,0.7783783783783784,0.8275862068965517,0.7970297029702971,0.6371681415929203,0.2857142857142857,0.4444444444444444,1.0,0.2857142857142857,0.2857142857142857
0,Family,Female,65,1_0_0,1.0,0.6577181208053692,0.49,0.49504950495049505,0.49,1.0,1.0,1.0,1.0,1.0
0,Family,Female,65,1_1_1,0.3877551020408163,0.4662576687116564,0.5846153846153846,0.5693069306930693,0.304,0.42857142857142855,0.6,1.0,0.42857142857142855,0.42857142857142855
0,Family,Female,70,0_0_0,0.02040816326530612,0.04,1.0,0.5247524752475248,0.02040816326530612,0.0,0.0,0.0,0.0,0.0
0,Family,Female,70,0_0_1,0.5714285714285714,0.7133757961783439,0.9491525423728814,0.7772277227722773,0.5544554455445545,0.5714285714285714,0.7272727272727273,1.0,0.5714285714285714,0.5714285714285714
0,Family,Female,70,0_1_0,0.6632653061224489,0.7386363636363636,0.8333333333333334,0.7722772277227723,0.5855855855855856,0.42857142857142855,0.6,1.0,0.42857142857142855,0.42857142857142855
0,Family,Female,70,1_0_0,1.0,0.6577181208053692,0.49,0.49504950495049505,0.49,1.0,1.0,1.0,1.0,1.0
0,Family,Female,70,1_1_1,0.35714285714285715,0.445859872611465,0.5932203389830508,0.5693069306930693,0.28688524590163933,0.2857142857142857,0.4444444444444444,1.0,0.2857142857142857,0.2857142857142857
0,Family,Female,75,0_0_0,0.030612244897959183,0.0594059405940594,1.0,0.5297029702970297,0.030612244897959183,0.0,0.0,0.0,0.0,0.0
0,Family,Female,75,0_0_1,0.5816326530612245,0.7080745341614907,0.9047619047619048,0.7673267326732673,0.5480769230769231,0.75,0.8571428571428571,1.0,0.75,0.75
0,Family,Female,75,0_1_0,0.6632653061224489,0.7428571428571429,0.8441558441558441,0.7772277227722773,0.5909090909090909,0.375,0.5454545454545454,1.0,0.375,0.375
0,Family,Female,75,1_0_0,1.0,0.6577181208053692,0.49,0.49504950495049505,0.49,1.0,1.0,1.0,1.0,1.0
0,Family,Female,75,1_1_1,0.29591836734693877,0.3717948717948718,0.5,0.5148514851485149,0.2283464566929134,0.25,0.4,1.0,0.25,0.25
0,Family,Female,80,0_0_0,0.030612244897959183,0.0594059405940594,1.0,0.5297029702970297,0.030612244897959183,0.0,0.0,0.0,0.0,0.0
0,Family,Female,80,0_0_1,0.4489795918367347,0.5827814569536424,0.8301886792452831,0.6881188118811881,0.411214953271028,0.5555555555555556,0.7142857142857143,1.0,0.5555555555555556,0.5555555555555556
0,Family,Female,80,0_1_0,0.5816326530612245,0.6666666666666666,0.7808219178082192,0.7178217821782178,0.5,0.4444444444444444,0.6153846153846154,1.0,0.4444444444444444,0.4444444444444444
0,Family,Female,80,1_0_0,1.0,0.6599326599326599,0.49246231155778897,0.5,0.49246231155778897,1.0,1.0,1.0,1.0,1.0
0,Family,Female,80,1_1_1,0.336734693877551,0.3905325443786982,0.4647887323943662,0.4900990099009901,0.2426470588235294,0.4444444444444444,0.6153846153846154,1.0,0.4444444444444444,0.4444444444444444
0,Family,Father,0,0_0_0,0.8166666666666667,0.8990825688073395,1.0,0.9455445544554455,0.8166666666666667,,,,,
0,Family,Father,0,0_0_1,1.0,0.7947019867549668,0.6593406593406593,0.8465346534653465,0.6593406593406593,,,,,
0,Family,Father,0,0_1_0,1.0,0.6779661016949152,0.5128205128205128,0.7178217821782178,0.5128205128205128,,,,,
0,Family,Father,0,1_0_0,1.0,0.46153846153846156,0.3,0.3069306930693069,0.3,,,,,
0,Family,Father,0,1_1_1,0.16666666666666666,0.1652892561983471,0.16393442622950818,0.5,0.09009009009009009,,,,,
0,Family,Father,5,0_0_0,0.8,0.8888888888888888,1.0,0.9405940594059405,0.8,0.0,0.0,0.0,0.0,0.0
0,Family,Father,5,0_0_1,1.0,0.8275862068965517,0.7058823529411765,0.8762376237623762,0.7058823529411765,1.0,1.0,1.0,1.0,1.0
0,Family,Father,5,0_1_0,1.0,0.6666666666666666,0.5,0.7029702970297029,0.5,1.0,1.0,1.0,1.0,1.0
0,Family,Father,5,1_0_0,1.0,0.4669260700389105,0.30456852791878175,0.3217821782178218,0.30456852791878175,1.0,1.0,1.0,1.0,1.0
0,Family,Father,5,1_1_1,0.31666666666666665,0.24836601307189543,0.20430107526881722,0.4306930693069307,0.1417910447761194,0.6666666666666666,0.8,1.0,0.6666666666666666,0.6666666666666666
0,Family,Father,10,0_0_0,0.6666666666666666,0.8,1.0,0.900990099009901,0.6666666666666666,0.0,0.0,0.0,0.0,0.0
0,Family,Father,10,0_0_1,0.9833333333333333,0.8082191780821918,0.686046511627907,0.8613861386138614,0.6781609195402298,0.8333333333333334,0.9090909090909091,1.0,0.8333333333333334,0.8333333333333334
0,Family,Father,10,0_1_0,1.0,0.6557377049180327,0.4878048780487805,0.6881188118811881,0.4878048780487805,1.0,1.0,1.0,1.0,1.0
0,Family,Father,10,1_0_0,1.0,0.4743083003952569,0.31088082901554404,0.3415841584158416,0.31088082901554404,1.0,1.0,1.0,1.0,1.0
0,Family,Father,10,1_1_1,0.18333333333333332,0.16058394160583941,0.14285714285714285,0.4306930693069307,0.0873015873015873,0.5,0.6666666666666666,1.0,0.5,0.5
0,Family,Father,15,0_0_0,0.7,0.8235294117647058,1.0,0.9108910891089109,0.7,0.0,0.0,0.0,0.0,0.0
0,Family,Father,15,0_0_1,0.0,0.0,0.0,0.44554455445544555,0.0,0.0,0.0,0.0,0.0,0.0
0,Family,Father,15,0_1_0,0.0,0.0,0.0,0.6782178217821783,0.0,0.0,0.0,0.0,0.0,0.0
0,Family,Father,15,1_0_0,0.05,0.032432432432432434,0.024,0.11386138613861387,0.016483516483516484,0.3333333333333333,0.5,1.0,0.3333333333333333,0.3333333333333333
0,Family,Father,15,1_1_1,0.0,0.0,0.0,0.7029702970297029,0.0,0.0,0.0,0.0,0.0,0.0
0,Family,Father,20,0_0_0,0.75,0.8571428571428571,1.0,0.9257425742574258,0.75,0.0,0.0,0.0,0.0,0.0
0,Family,Father,20,0_0_1,0.0,0.0,0.0,0.30198019801980197,0.0,0.0,0.0,0.0,0.0,0.0
0,Family,Father,20,0_1_0,0.0,0.0,0.0,0.5396039603960396,0.0,0.0,0.0,0.0,0.0,0.0
0,Family,Father,20,1_0_0,0.06666666666666667,0.04419889502762431,0.03305785123966942,0.14356435643564355,0.022598870056497175,0.3333333333333333,0.5,1.0,0.3333333333333333,0.3333333333333333
0,Family,Father,20,1_1_1,0.31666666666666665,0.2261904761904762,0.17592592592592593,0.3564356435643564,0.12751677852348994,0.5,0.6666666666666666,1.0,0.5,0.5
0,Family,Father,25,0_0_0,0.7166666666666667,0.8349514563106796,1.0,0.9158415841584159,0.7166666666666667,0.0,0.0,0.0,0.0,0.0
0,Family,Father,25,0_0_1,0.0,0.0,0.0,0.3118811881188119,0.0,0.0,0.0,0.0,0.0,0.0
0,Family,Father,25,0_1_0,0.0,0.0,0.0,0.5396039603960396,0.0,0.0,0.0,0.0,0.0,0.0
0,Family,Father,25,1_0_0,0.15,0.09574468085106383,0.0703125,0.15841584158415842,0.05027932960893855,0.6,0.75,1.0,0.6,0.6
0,Family,Father,25,1_1_1,0.35,0.24,0.1826086956521739,0.3415841584158416,0.13636363636363635,0.6666666666666666,0.8,1.0,0.6666666666666666,0.6666666666666666
0,Family,Father,30,0_0_0,0.5833333333333334,0.7368421052631579,1.0,0.8762376237623762,0.5833333333333334,0.0,0.0,0.0,0.0,0.0
0,Family,Father,30,0_0_1,0.0,0.0,0.0,0.297029702970297,0.0,0.0,0.0,0.0,0.0,0.0
0,Family,Father,30,0_1_0,0.0,0.0,0.0,0.5346534653465347,0.0,0.0,0.0,0.0,0.0,0.0
0,Family,Father,30,1_0_0,0.13333333333333333,0.08465608465608465,0.06201550387596899,0.14356435643564355,0.04419889502762431,0.4444444444444444,0.6153846153846154,1.0,0.4444444444444444,0.4444444444444444
0,Family,Father,30,1_1_1,0.4,0.2553191489361702,0.1875,0.3069306930693069,0.14634146341463414,0.6666666666666666,0.8,1.0,0.6666666666666666,0.6666666666666666
0,Family,Father,35,0_0_0,0.5833333333333334,0.7368421052631579,1.0,0.8762376237623762,0.5833333333333334,0.0,0.0,0.0,0.0,0.0
0,Family,Father,35,0_0_1,0.0,0.0,0.0,0.3118811881188119,0.0,0.0,0.0,0.0,0.0,0.0
0,Family,Father,35,0_1_0,0.0,0.0,0.0,0.5594059405940595,0.0,0.0,0.0,0.0,0.0,0.0
0,Family,Father,35,1_0_0,0.13333333333333333,0.08888888888888889,0.06666666666666667,0.18811881188118812,0.046511627906976744,0.38095238095238093,0.5517241379310345,1.0,0.38095238095238093,0.38095238095238093
0,Family,Father,35,1_1_1,0.48333333333333334,0.28019323671497587,0.19727891156462585,0.2623762376237624,0.16292134831460675,0.7619047619047619,0.8648648648648649,1.0,0.7619047619047619,0.7619047619047619
0,Family,Father,40,0_0_0,0.5333333333333333,0.6956521739130435,1.0,0.8613861386138614,0.5333333333333333,0.0,0.0,0.0,0.0,0.0
0,Family,Father,40,0_0_1,0.0,0.0,0.0,0.33663366336633666,0.0,0.0,0.0,0.0,0.0,0.0
0,Family,Father,40,0_1_0,0.0,0.0,0.0,0.5891089108910891,0.0,0.0,0.0,0.0,0.0,0.0
0,Family,Father,40,1_0_0,0.18333333333333332,0.11827956989247312,0.0873015873015873,0.18811881188118812,0.06285714285714286,0.4583333333333333,0.6285714285714286,1.0,0.4583333333333333,0.4583333333333333
0,Family,Father,40,1_1_1,0.5,0.28846153846153844,0.20270270270270271,0.26732673267326734,0.16853932584269662,0.7083333333333334,0.8292682926829268,1.0,0.7083333333333334,0.7083333333333334
0,Family,Father,45,0_0_0,0.48333333333333334,0.651685393258427,1.0,0.8465346534653465,0.48333333333333334,0.0,0.0,0.0,0.0,0.0
0,Family,Father,45,0_0_1,0.0,0.0,0.0,0.3564356435643564,0.0,0.0,0.0,0.0,0.0,0.0
0,Family,Father,45,0_1_0,0.0,0.0,0.0,0.594059405940594,0.0,0.0,0.0,0.0,0.0,0.0
0,Family,Father,45,1_0_0,0.21666666666666667,0.13903743315508021,0.10236220472440945,0.20297029702970298,0.07471264367816093,0.48148148148148145,0.65,1.0,0.48148148148148145,0.48148148148148145
0,Family,Father,45,1_1_1,0.5166666666666667,0.3024390243902439,0.21379310344827587,0.29207920792079206,0.1781609195402299,0.7037037037037037,0.8260869565217391,1.0,0.7037037037037037,0.7037037037037037
0,Family,Father,50,0_0_0,0.43333333333333335,0.6046511627906976,1.0,0.8316831683168316,0.43333333333333335,0.0,0.0,0.0,0.0,0.0
0,Family,Father,50,0_0_1,0.0,0.0,0.0,0.3712871287128713,0.0,0.0,0.0,0.0,0.0,0.0
0,Family,Father,50,0_1_0,0.0,0.0,0.0,0.5891089108910891,0.0,0.0,0.0,0.0,0.0,0.0
0,Family,Father,50,1_0_0,0.18333333333333332,0.11827956989247312,0.0873015873015873,0.18811881188118812,0.06285714285714286,0.36666666666666664,0.5365853658536586,1.0,0.36666666666666664,0.36666666666666664
0,Family,Father,50,1_1_1,0.4666666666666667,0.2857142857142857,0.20588235294117646,0.3069306930693069,0.16666666666666666,0.6666666666666666,0.8,1.0,0.6666666666666666,0.6666666666666666
0,Family,Father,55,0_0_0,0.4166666666666667,0.5882352941176471,1.0,0.8267326732673267,0.4166666666666667,0.0,0.0,0.0,0.0,0.0
0,Family,Father,55,0_0_1,0.016666666666666666,0.013513513513513514,0.011363636363636364,0.27722772277227725,0.006802721088435374,0.030303030303030304,0.058823529411764705,1.0,0.030303030303030304,0.030303030303030304
0,Family,Father,55,0_1_0,0.0,0.0,0.0,0.5396039603960396,0.0,0.0,0.0,0.0,0.0,0.0
0,Family,Father,55,1_0_0,0.43333333333333335,0.23636363636363636,0.1625,0.16831683168316833,0.13402061855670103,0.7878787878787878,0.8813559322033898,1.0,0.7878787878787878,0.7878787878787878
0,Family,Father,55,1_1_1,0.38333333333333336,0.24598930481283424,0.18110236220472442,0.30198019801980197,0.1402439024390244,0.5151515151515151,0.68,1.0,0.5151515151515151,0.5151515151515151
0,Family,Father,60,0_0_0,0.35,0.5185185185185185,1.0,0.806930693069307,0.35,0.0,0.0,0.0,0.0,0.0
0,Family,Father,60,0_0_1,0.0,0.0,0.0,0.3564356435643564,0.0,0.0,0.0,0.0,0.0,0.0
0,Family,Father,60,0_1_0,0.0,0.0,0.0,0.5396039603960396,0.0,0.0,0.0,0.0,0.0,0.0
0,Family,Father,60,1_0_0,0.31666666666666665,0.19,0.1357142857142857,0.19801980198019803,0.10497237569060773,0.5277777777777778,0.6909090909090909,1.0,0.5277777777777778,0.5277777777777778
0,Family,Father,60,1_1_1,0.9,0.43902439024390244,0.2903225806451613,0.31683168316831684,0.28125,0.9444444444444444,0.9714285714285714,1.0,0.9444444444444444,0.9444444444444444
0,Family,Father,65,0_0_0,0.35,0.5185185185185185,1.0,0.806930693069307,0.35,0.0,0.0,0.0,0.0,0.0
0,Family,Father,65,0_0_1,0.23333333333333334,0.16374269005847952,0.12612612612612611,0.29207920792079206,0.08917197452229299,0.358974358974359,0.5283018867924528,1.0,0.358974358974359,0.358974358974359
0,Family,Father,65,0_1_0,0.03333333333333333,0.047619047619047616,0.08333333333333333,0.6039603960396039,0.024390243902439025,0.05128205128205128,0.0975609756097561,1.0,0.05128205128205128,0.05128205128205128
0,Family,Father,65,1_0_0,0.65,0.33191489361702126,0.22285714285714286,0.22277227722772278,0.1989795918367347,0.9230769230769231,0.96,1.0,0.9230769230769231,0.9230769230769231
0,Family,Father,65,1_1_1,0.0,0.0,0.0,0.7029702970297029,0.0,0.0,0.0,0.0,0.0,0.0
0,Family,Father,70,0_0_0,0.3,0.46153846153846156,1.0,0.7920792079207921,0.3,0.0,0.0,0.0,0.0,0.0
0,Family,Father,70,0_0_1,0.2833333333333333,0.19318181818181818,0.14655172413793102,0.297029702970297,0.1069182389937107,0.40476190476190477,0.576271186440678,1.0,0.40476190476190477,0.40476190476190477
0,Family,Father,70,0_1_0,0.1,0.10526315789473684,0.1111111111111111,0.49504950495049505,0.05555555555555555,0.14285714285714285,0.25,1.0,0.14285714285714285,0.14285714285714285
0,Family,Father,70,1_0_0,0.7166666666666667,0.35537190082644626,0.23626373626373626,0.22772277227722773,0.21608040201005024,0.9523809523809523,0.975609756097561,1.0,0.9523809523809523,0.9523809523809523
0,Family,Father,70,1_1_1,0.7,0.38181818181818183,0.2625,0.32673267326732675,0.23595505617977527,0.8571428571428571,0.9230769230769231,1.0,0.8571428571428571,0.8571428571428571
0,Family,Father,75,0_0_0,0.25,0.4,1.0,0.7772277227722773,0.25,0.0,0.0,0.0,0.0,0.0
0,Family,Father,75,0_0_1,0.3,0.2926829268292683,0.2857142857142857,0.5693069306930693,0.17142857142857143,0.4,0.5714285714285714,1.0,0.4,0.4
0,Family,Father,75,0_1_0,0.06666666666666667,0.07476635514018691,0.0851063829787234,0.5099009900990099,0.038834951456310676,0.08888888888888889,0.16326530612244897,1.0,0.08888888888888889,0.08888888888888889
0,Family,Father,75,1_0_0,0.6333333333333333,0.3261802575107296,0.21965317919075145,0.22277227722772278,0.19487179487179487,0.8444444444444444,0.9156626506024096,1.0,0.8444444444444444,0.8444444444444444
0,Family,Father,75,1_1_1,0.7166666666666667,0.38565022421524664,0.26380368098159507,0.3217821782178218,0.2388888888888889,0.8888888888888888,0.9411764705882353,1.0,0.8888888888888888,0.8888888888888888
0,Family,Father,80,0_0_0,0.2,0.3333333333333333,1.0,0.7623762376237624,0.2,0.0,0.0,0.0,0.0,0.0
0,Family,Father,80,0_0_1,0.3333333333333333,0.20725388601036268,0.15037593984962405,0.24257425742574257,0.11560693641618497,0.4166666666666667,0.5882352941176471,1.0,0.4166666666666667,0.4166666666666667
0,Family,Father,80,0_1_0,0.08333333333333333,0.08695652173913043,0.09090909090909091,0.4801980198019802,0.045454545454545456,0.10416666666666667,0.18867924528301888,1.0,0.10416666666666667,0.10416666666666667
0,Family,Father,80,1_0_0,0.6833333333333333,0.3459915611814346,0.23163841807909605,0.23267326732673269,0.20918367346938777,0.8541666666666666,0.9213483146067416,1.0,0.8541666666666666,0.8541666666666666
0,Family,Father,80,1_1_1,0.7833333333333333,0.4017094017094017,0.27011494252873564,0.3069306930693069,0.25133689839572193,0.875,0.9333333333333333,1.0,0.875,0.875
0,Family,Parent,0,0_0_0,0.0,0.0,0.0,0.40594059405940597,0.0,,,,,
0,Family,Parent,0,0_0_1,0.025,0.04838709677419355,0.75,0.4158415841584158,0.024793388429752067,,,,,
0,Family,Parent,0,0_1_0,0.025,0.047244094488188976,0.42857142857142855,0.400990099009901,0.024193548387096774,,,,,
0,Family,Parent,0,1_0_0,0.9166666666666666,0.7971014492753623,0.7051282051282052,0.7227722772277227,0.6626506024096386,,,,,
0,Family,Parent,0,1_1_1,0.39166666666666666,0.4392523364485981,0.5,0.40594059405940597,0.281437125748503,,,,,
0,Family,Parent,5,0_0_0,0.0,0.0,0.0,0.40594059405940597,0.0,,,,,
0,Family,Parent,5,0_0_1,0.025,0.04838709677419355,0.75,0.4158415841584158,0.024793388429752067,,,,,
0,Family,Parent,5,0_1_0,0.025,0.047244094488188976,0.42857142857142855,0.400990099009901,0.024193548387096774,,,,,
0,Family,Parent,5,1_0_0,0.9166666666666666,0.7971014492753623,0.7051282051282052,0.7227722772277227,0.6626506024096386,,,,,
0,Family,Parent,5,1_1_1,0.39166666666666666,0.4392523364485981,0.5,0.40594059405940597,0.281437125748503,,,,,
0,Family,Parent,10,0_0_0,0.0,0.0,0.0,0.40594059405940597,0.0,,,,,
0,Family,Parent,10,0_0_1,0.025,0.04838709677419355,0.75,0.4158415841584158,0.024793388429752067,,,,,
0,Family,Parent,10,0_1_0,0.025,0.047244094488188976,0.42857142857142855,0.400990099009901,0.024193548387096774,,,,,
0,Family,Parent,10,1_0_0,0.9166666666666666,0.7971014492753623,0.7051282051282052,0.7227722772277227,0.6626506024096386,,,,,
0,Family,Parent,10,1_1_1,0.39166666666666666,0.4392523364485981,0.5,0.40594059405940597,0.281437125748503,,,,,
0,Family,Parent,15,0_0_0,0.0,0.0,0.0,0.40594059405940597,0.0,,,,,
0,Family,Parent,15,0_0_1,0.025,0.04838709677419355,0.75,0.4158415841584158,0.024793388429752067,,,,,
0,Family,Parent,15,0_1_0,0.025,0.047244094488188976,0.42857142857142855,0.400990099009901,0.024193548387096774,,,,,
0,Family,Parent,15,1_0_0,0.9166666666666666,0.7971014492753623,0.7051282051282052,0.7227722772277227,0.6626506024096386,,,,,
0,Family,Parent,15,1_1_1,0.39166666666666666,0.4392523364485981,0.5,0.40594059405940597,0.281437125748503,,,,,
0,Family,Parent,20,0_0_0,0.0,0.0,0.0,0.40594059405940597,0.0,,,,,
0,Family,Parent,20,0_0_1,0.025,0.04838709677419355,0.75,0.4158415841584158,0.024793388429752067,,,,,
0,Family,Parent,20,0_1_0,0.025,0.047244094488188976,0.42857142857142855,0.400990099009901,0.024193548387096774,,,,,
0,Family,Parent,20,1_0_0,0.9166666666666666,0.7971014492753623,0.7051282051282052,0.7227722772277227,0.6626506024096386,,,,,
0,Family,Parent,20,1_1_1,0.39166666666666666,0.4392523364485981,0.5,0.40594059405940597,0.281437125748503,,,,,
0,Family,Parent,25,0_0_0,0.0,0.0,0.0,0.40594059405940597,0.0,,,,,
0,Family,Parent,25,0_0_1,0.025,0.04838709677419355,0.75,0.4158415841584158,0.024793388429752067,,,,,
0,Family,Parent,25,0_1_0,0.025,0.047244094488188976,0.42857142857142855,0.400990099009901,0.024193548387096774,,,,,
0,Family,Parent,25,1_0_0,0.9166666666666666,0.7971014492753623,0.7051282051282052,0.7227722772277227,0.6626506024096386,,,,,
0,Family,Parent,25,1_1_1,0.39166666666666666,0.4392523364485981,0.5,0.40594059405940597,0.281437125748503,,,,,
0,Family,Parent,30,0_0_0,0.0,0.0,0.0,0.40594059405940597,0.0,,,,,
0,Family,Parent,30,0_0_1,0.025,0.04838709677419355,0.75,0.4158415841584158,0.024793388429752067,,,,,
0,Family,Parent,30,0_1_0,0.025,0.047244094488188976,0.42857142857142855,0.400990099009901,0.024193548387096774,,,,,
0,Family,Parent,30,1_0_0,0.9166666666666666,0.7971014492753623,0.7051282051282052,0.7227722772277227,0.6626506024096386,,,,,
0,Family,Parent,30,1_1_1,0.39166666666666666,0.4392523364485981,0.5,0.40594059405940597,0.281437125748503,,,,,
0,Family,Parent,35,0_0_0,0.0,0.0,0.0,0.40594059405940597,0.0,,,,,
0,Family,Parent,35,0_0_1,0.025,0.04838709677419355,0.75,0.4158415841584158,0.024793388429752067,,,,,
0,Family,Parent,35,0_1_0,0.025,0.047244094488188976,0.42857142857142855,0.400990099009901,0.024193548387096774,,,,,
0,Family,Parent,35,1_0_0,0.9166666666666666,0.7971014492753623,0.7051282051282052,0.7227722772277227,0.6626506024096386,,,,,
0,Family,Parent,35,1_1_1,0.39166666666666666,0.4392523364485981,0.5,0.40594059405940597,0.281437125748503,,,,,
0,Family,Parent,40,0_0_0,0.0,0.0,0.0,0.40594059405940597,0.0,,,,,
0,Family,Parent,40,0_0_1,0.025,0.04838709677419355,0.75,0.4158415841584158,0.024793388429752067,,,,,
0,Family,Parent,40,0_1_0,0.025,0.047244094488188976,0.42857142857142855,0.400990099009901,0.024193548387096774,,,,,
0,Family,Parent,40,1_0_0,0.9166666666666666,0.7971014492753623,0.7051282051282052,0.7227722772277227,0.6626506024096386,,,,,
0,Family,Parent,40,1_1_1,0.39166666666666666,0.4392523364485981,0.5,0.40594059405940597,0.281437125748503,,,,,
0,Family,Parent,45,0_0_0,0.0,0.0,0.0,0.40594059405940597,0.0,,,,,
0,Family,Parent,45,0_0_1,0.025,0.04838709677419355,0.75,0.4158415841584158,0.024793388429752067,,,,,
0,Family,Parent,45,0_1_0,0.025,0.047244094488188976,0.42857142857142855,0.400990099009901,0.024193548387096774,,,,,
0,Family,Parent,45,1_0_0,0.9166666666666666,0.7971014492753623,0.7051282051282052,0.7227722772277227,0.6626506024096386,,,,,
0,Family,Parent,45,1_1_1,0.39166666666666666,0.4392523364485981,0.5,0.40594059405940597,0.281437125748503,,,,,
0,Family,Parent,50,0_0_0,0.0,0.0,0.0,0.40594059405940597,0.0,,,,,
0,Family,Parent,50,0_0_1,0.025,0.04838709677419355,0.75,0.4158415841584158,0.024793388429752067,,,,,
0,Family,Parent,50,0_1_0,0.025,0.047244094488188976,0.42857142857142855,0.400990099009901,0.024193548387096774,,,,,
0,Family,Parent,50,1_0_0,0.9166666666666666,0.7971014492753623,0.7051282051282052,0.7227722772277227,0.6626506024096386,,,,,
0,Family,Parent,50,1_1_1,0.39166666666666666,0.4392523364485981,0.5,0.40594059405940597,0.281437125748503,,,,,
0,Family,Parent,55,0_0_0,0.0,0.0,0.0,0.40594059405940597,0.0,,,,,
0,Family,Parent,55,0_0_1,0.025,0.04838709677419355,0.75,0.4158415841584158,0.024793388429752067,,,,,
0,Family,Parent,55,0_1_0,0.025,0.047244094488188976,0.42857142857142855,0.400990099009901,0.024193548387096774,,,,,
0,Family,Parent,55,1_0_0,0.9166666666666666,0.7971014492753623,0.7051282051282052,0.7227722772277227,0.6626506024096386,,,,,
0,Family,Parent,55,1_1_1,0.39166666666666666,0.4392523364485981,0.5,0.40594059405940597,0.281437125748503,,,,,
0,Family,Parent,60,0_0_0,0.0,0.0,0.0,0.40594059405940597,0.0,,,,,
0,Family,Parent,60,0_0_1,0.025,0.04838709677419355,0.75,0.4158415841584158,0.024793388429752067,,,,,
0,Family,Parent,60,0_1_0,0.025,0.047244094488188976,0.42857142857142855,0.400990099009901,0.024193548387096774,,,,,
0,Family,Parent,60,1_0_0,0.9166666666666666,0.7971014492753623,0.7051282051282052,0.7227722772277227,0.6626506024096386,,,,,
0,Family,Parent,60,1_1_1,0.39166666666666666,0.4392523364485981,0.5,0.40594059405940597,0.281437125748503,,,,,
0,Family,Parent,65,0_0_0,0.0,0.0,0.0,0.40594059405940597,0.0,,,,,
0,Family,Parent,65,0_0_1,0.025,0.04838709677419355,0.75,0.4158415841584158,0.024793388429752067,,,,,
0,Family,Parent,65,0_1_0,0.025,0.047244094488188976,0.42857142857142855,0.400990099009901,0.024193548387096774,,,,,
0,Family,Parent,65,1_0_0,0.9166666666666666,0.7971014492753623,0.7051282051282052,0.7227722772277227,0.6626506024096386,,,,,
0,Family,Parent,65,1_1_1,0.39166666666666666,0.4392523364485981,0.5,0.40594059405940597,0.281437125748503,,,,,
0,Family,Parent,70,0_0_0,0.0,0.0,0.0,0.40594059405940597,0.0,,,,,
0,Family,Parent,70,0_0_1,0.025,0.04838709677419355,0.75,0.4158415841584158,0.024793388429752067,,,,,
0,Family,Parent,70,0_1_0,0.025,0.047244094488188976,0.42857142857142855,0.400990099009901,0.024193548387096774,,,,,
0,Family,Parent,70,1_0_0,0.9166666666666666,0.7971014492753623,0.7051282051282052,0.7227722772277227,0.6626506024096386,,,,,
0,Family,Parent,70,1_1_1,0.39166666666666666,0.4392523364485981,0.5,0.40594059405940597,0.281437125748503,,,,,
0,Family,Parent,75,0_0_0,0.0,0.0,0.0,0.40594059405940597,0.0,,,,,
0,Family,Parent,75,0_0_1,0.025,0.04838709677419355,0.75,0.4158415841584158,0.024793388429752067,,,,,
0,Family,Parent,75,0_1_0,0.025,0.047244094488188976,0.42857142857142855,0.400990099009901,0.024193548387096774,,,,,
0,Family,Parent,75,1_0_0,0.9166666666666666,0.7971014492753623,0.7051282051282052,0.7227722772277227,0.6626506024096386,,,,,
0,Family,Parent,75,1_1_1,0.39166666666666666,0.4392523364485981,0.5,0.40594059405940597,0.281437125748503,,,,,
0,Family,Parent,80,0_0_0,0.0,0.0,0.0,0.40594059405940597,0.0,,,,,
0,Family,Parent,80,0_0_1,0.025,0.04838709677419355,0.75,0.4158415841584158,0.024793388429752067,,,,,
0,Family,Parent,80,0_1_0,0.025,0.047244094488188976,0.42857142857142855,0.400990099009901,0.024193548387096774,,,,,
0,Family,Parent,80,1_0_0,0.9166666666666666,0.7971014492753623,0.7051282051282052,0.7227722772277227,0.6626506024096386,,,,,
0,Family,Parent,80,1_1_1,0.39166666666666666,0.4392523364485981,0.5,0.40594059405940597,0.281437125748503,,,,,
0,Family,Grandchild,0,0_0_0,0.0,0.0,0.0,0.6039603960396039,0.0,,,,,
0,Family,Grandchild,0,0_0_1,0.0,0.0,0.0,0.599009900990099,0.0,,,,,
0,Family,Grandchild,0,0_1_0,0.075,0.13636363636363635,0.75,0.6237623762376238,0.07317073170731707,,,,,
0,Family,Grandchild,0,1_0_0,0.975,0.5977011494252874,0.430939226519337,0.4801980198019802,0.4262295081967213,,,,,
0,Family,Grandchild,0,1_1_1,0.3,0.36363636363636365,0.46153846153846156,0.5841584158415841,0.2222222222222222,,,,,
0,Family,Grandchild,5,0_0_0,0.0,0.0,0.0,0.6039603960396039,0.0,,,,,
0,Family,Grandchild,5,0_0_1,0.0,0.0,0.0,0.599009900990099,0.0,,,,,
0,Family,Grandchild,5,0_1_0,0.075,0.13636363636363635,0.75,0.6237623762376238,0.07317073170731707,,,,,
0,Family,Grandchild,5,1_0_0,0.975,0.5977011494252874,0.430939226519337,0.4801980198019802,0.4262295081967213,,,,,
0,Family,Grandchild,5,1_1_1,0.3,0.36363636363636365,0.46153846153846156,0.5841584158415841,0.2222222222222222,,,,,
0,Family,Grandchild,10,0_0_0,0.0,0.0,0.0,0.6039603960396039,0.0,,,,,
0,Family,Grandchild,10,0_0_1,0.0,0.0,0.0,0.599009900990099,0.0,,,,,
0,Family,Grandchild,10,0_1_0,0.075,0.13636363636363635,0.75,0.6237623762376238,0.07317073170731707,,,,,
0,Family,Grandchild,10,1_0_0,0.975,0.5977011494252874,0.430939226519337,0.4801980198019802,0.4262295081967213,,,,,
0,Family,Grandchild,10,1_1_1,0.3,0.36363636363636365,0.46153846153846156,0.5841584158415841,0.2222222222222222,,,,,
0,Family,Grandchild,15,0_0_0,0.0,0.0,0.0,0.6039603960396039,0.0,,,,,
0,Family,Grandchild,15,0_0_1,0.0,0.0,0.0,0.599009900990099,0.0,,,,,
0,Family,Grandchild,15,0_1_0,0.075,0.13636363636363635,0.75,0.6237623762376238,0.07317073170731707,,,,,
0,Family,Grandchild,15,1_0_0,0.975,0.5977011494252874,0.430939226519337,0.4801980198019802,0.4262295081967213,,,,,
0,Family,Grandchild,15,1_1_1,0.3,0.36363636363636365,0.46153846153846156,0.5841584158415841,0.2222222222222222,,,,,
0,Family,Grandchild,20,0_0_0,0.0,0.0,0.0,0.6039603960396039,0.0,,,,,
0,Family,Grandchild,20,0_0_1,0.0,0.0,0.0,0.599009900990099,0.0,,,,,
0,Family,Grandchild,20,0_1_0,0.075,0.13636363636363635,0.75,0.6237623762376238,0.07317073170731707,,,,,
0,Family,Grandchild,20,1_0_0,0.975,0.5977011494252874,0.430939226519337,0.4801980198019802,0.4262295081967213,,,,,
0,Family,Grandchild,20,1_1_1,0.3,0.36363636363636365,0.46153846153846156,0.5841584158415841,0.2222222222222222,,,,,
0,Family,Grandchild,25,0_0_0,0.0,0.0,0.0,0.6039603960396039,0.0,,,,,
0,Family,Grandchild,25,0_0_1,0.0,0.0,0.0,0.599009900990099,0.0,,,,,
0,Family,Grandchild,25,0_1_0,0.075,0.13636363636363635,0.75,0.6237623762376238,0.07317073170731707,,,,,
0,Family,Grandchild,25,1_0_0,0.975,0.5977011494252874,0.430939226519337,0.4801980198019802,0.4262295081967213,,,,,
0,Family,Grandchild,25,1_1_1,0.3,0.36363636363636365,0.46153846153846156,0.5841584158415841,0.2222222222222222,,,,,
0,Family,Grandchild,30,0_0_0,0.0,0.0,0.0,0.6039603960396039,0.0,,,,,
0,Family,Grandchild,30,0_0_1,0.0,0.0,0.0,0.599009900990099,0.0,,,,,
0,Family,Grandchild,30,0_1_0,0.075,0.13636363636363635,0.75,0.6237623762376238,0.07317073170731707,,,,,
0,Family,Grandchild,30,1_0_0,0.975,0.5977011494252874,0.430939226519337,0.4801980198019802,0.4262295081967213,,,,,
0,Family,Grandchild,30,1_1_1,0.3,0.36363636363636365,0.46153846153846156,0.5841584158415841,0.2222222222222222,,,,,
0,Family,Grandchild,35,0_0_0,0.0,0.0,0.0,0.6039603960396039,0.0,,,,,
0,Family,Grandchild,35,0_0_1,0.0,0.0,0.0,0.599009900990099,0.0,,,,,
0,Family,Grandchild,35,0_1_0,0.075,0.13636363636363635,0.75,0.6237623762376238,0.07317073170731707,,,,,
0,Family,Grandchild,35,1_0_0,0.975,0.5977011494252874,0.430939226519337,0.4801980198019802,0.4262295081967213,,,,,
0,Family,Grandchild,35,1_1_1,0.3,0.36363636363636365,0.46153846153846156,0.5841584158415841,0.2222222222222222,,,,,
0,Family,Grandchild,40,0_0_0,0.0,0.0,0.0,0.6039603960396039,0.0,,,,,
0,Family,Grandchild,40,0_0_1,0.0,0.0,0.0,0.599009900990099,0.0,,,,,
0,Family,Grandchild,40,0_1_0,0.075,0.13636363636363635,0.75,0.6237623762376238,0.07317073170731707,,,,,
0,Family,Grandchild,40,1_0_0,0.975,0.5977011494252874,0.430939226519337,0.4801980198019802,0.4262295081967213,,,,,
0,Family,Grandchild,40,1_1_1,0.3,0.36363636363636365,0.46153846153846156,0.5841584158415841,0.2222222222222222,,,,,
0,Family,Grandchild,45,0_0_0,0.0,0.0,0.0,0.6039603960396039,0.0,,,,,
0,Family,Grandchild,45,0_0_1,0.0,0.0,0.0,0.599009900990099,0.0,,,,,
0,Family,Grandchild,45,0_1_0,0.075,0.13636363636363635,0.75,0.6237623762376238,0.07317073170731707,,,,,
0,Family,Grandchild,45,1_0_0,0.975,0.5977011494252874,0.430939226519337,0.4801980198019802,0.4262295081967213,,,,,
0,Family,Grandchild,45,1_1_1,0.3,0.36363636363636365,0.46153846153846156,0.5841584158415841,0.2222222222222222,,,,,
0,Family,Grandchild,50,0_0_0,0.0,0.0,0.0,0.6039603960396039,0.0,,,,,
0,Family,Grandchild,50,0_0_1,0.0,0.0,0.0,0.599009900990099,0.0,,,,,
0,Family,Grandchild,50,0_1_0,0.075,0.13636363636363635,0.75,0.6237623762376238,0.07317073170731707,,,,,
0,Family,Grandchild,50,1_0_0,0.975,0.5977011494252874,0.430939226519337,0.4801980198019802,0.4262295081967213,,,,,
0,Family,Grandchild,50,1_1_1,0.3,0.36363636363636365,0.46153846153846156,0.5841584158415841,0.2222222222222222,,,,,
0,Family,Grandchild,55,0_0_0,0.0,0.0,0.0,0.6039603960396039,0.0,,,,,
0,Family,Grandchild,55,0_0_1,0.0,0.0,0.0,0.599009900990099,0.0,,,,,
0,Family,Grandchild,55,0_1_0,0.075,0.13636363636363635,0.75,0.6237623762376238,0.07317073170731707,,,,,
0,Family,Grandchild,55,1_0_0,0.975,0.5977011494252874,0.430939226519337,0.4801980198019802,0.4262295081967213,,,,,
0,Family,Grandchild,55,1_1_1,0.3,0.36363636363636365,0.46153846153846156,0.5841584158415841,0.2222222222222222,,,,,
0,Family,Grandchild,60,0_0_0,0.0,0.0,0.0,0.6039603960396039,0.0,,,,,
0,Family,Grandchild,60,0_0_1,0.0,0.0,0.0,0.599009900990099,0.0,,,,,
0,Family,Grandchild,60,0_1_0,0.075,0.13636363636363635,0.75,0.6237623762376238,0.07317073170731707,,,,,
0,Family,Grandchild,60,1_0_0,0.975,0.5977011494252874,0.430939226519337,0.4801980198019802,0.4262295081967213,,,,,
0,Family,Grandchild,60,1_1_1,0.3,0.36363636363636365,0.46153846153846156,0.5841584158415841,0.2222222222222222,,,,,
0,Family,Grandchild,65,0_0_0,0.0,0.0,0.0,0.6039603960396039,0.0,,,,,
0,Family,Grandchild,65,0_0_1,0.0,0.0,0.0,0.599009900990099,0.0,,,,,
0,Family,Grandchild,65,0_1_0,0.075,0.13636363636363635,0.75,0.6237623762376238,0.07317073170731707,,,,,
0,Family,Grandchild,65,1_0_0,0.975,0.5977011494252874,0.430939226519337,0.4801980198019802,0.4262295081967213,,,,,
0,Family,Grandchild,65,1_1_1,0.3,0.36363636363636365,0.46153846153846156,0.5841584158415841,0.2222222222222222,,,,,
0,Family,Grandchild,70,0_0_0,0.0,0.0,0.0,0.6039603960396039,0.0,,,,,
0,Family,Grandchild,70,0_0_1,0.0,0.0,0.0,0.599009900990099,0.0,,,,,
0,Family,Grandchild,70,0_1_0,0.075,0.13636363636363635,0.75,0.6237623762376238,0.07317073170731707,,,,,
0,Family,Grandchild,70,1_0_0,0.975,0.5977011494252874,0.430939226519337,0.4801980198019802,0.4262295081967213,,,,,
0,Family,Grandchild,70,1_1_1,0.3,0.36363636363636365,0.46153846153846156,0.5841584158415841,0.2222222222222222,,,,,
0,Family,Grandchild,75,0_0_0,0.0,0.0,0.0,0.6039603960396039,0.0,,,,,
0,Family,Grandchild,75,0_0_1,0.0,0.0,0.0,0.599009900990099,0.0,,,,,
0,Family,Grandchild,75,0_1_0,0.075,0.13636363636363635,0.75,0.6237623762376238,0.07317073170731707,,,,,
0,Family,Grandchild,75,1_0_0,0.975,0.5977011494252874,0.430939226519337,0.4801980198019802,0.4262295081967213,,,,,
0,Family,Grandchild,75,1_1_1,0.3,0.36363636363636365,0.46153846153846156,0.5841584158415841,0.2222222222222222,,,,,
0,Family,Grandchild,80,0_0_0,0.0,0.0,0.0,0.6039603960396039,0.0,,,,,
0,Family,Grandchild,80,0_0_1,0.0,0.0,0.0,0.599009900990099,0.0,,,,,
0,Family,Grandchild,80,0_1_0,0.075,0.13636363636363635,0.75,0.6237623762376238,0.07317073170731707,,,,,
0,Family,Grandchild,80,1_0_0,0.975,0.5977011494252874,0.430939226519337,0.4801980198019802,0.4262295081967213,,,,,
0,Family,Grandchild,80,1_1_1,0.3,0.36363636363636365,0.46153846153846156,0.5841584158415841,0.2222222222222222,,,,,
0,Family,Granddaughter,0,0_0_0,0.6756756756756757,0.8064516129032258,1.0,0.9405940594059405,0.6756756756756757,,,,,
0,Family,Granddaughter,0,0_0_1,1.0,0.7115384615384616,0.5522388059701493,0.8514851485148515,0.5522388059701493,,,,,
0,Family,Granddaughter,0,0_1_0,1.0,0.6666666666666666,0.5,0.8168316831683168,0.5,,,,,
0,Family,Granddaughter,0,1_0_0,1.0,0.3490566037735849,0.21142857142857144,0.31683168316831684,0.21142857142857144,,,,,
0,Family,Granddaughter,0,1_1_1,0.32432432432432434,0.18181818181818182,0.12631578947368421,0.46534653465346537,0.1,,,,,
0,Family,Granddaughter,5,0_0_0,0.6756756756756757,0.8064516129032258,1.0,0.9405940594059405,0.6756756756756757,0.0,0.0,0.0,0.0,0.0
0,Family,Granddaughter,5,0_0_1,1.0,0.7326732673267327,0.578125,0.8663366336633663,0.578125,1.0,1.0,1.0,1.0,1.0
0,Family,Granddaughter,5,0_1_0,1.0,0.6788990825688074,0.5138888888888888,0.8267326732673267,0.5138888888888888,1.0,1.0,1.0,1.0,1.0
0,Family,Granddaughter,5,1_0_0,1.0,0.35406698564593303,0.21511627906976744,0.3316831683168317,0.21511627906976744,1.0,1.0,1.0,1.0,1.0
0,Family,Granddaughter,5,1_1_1,0.35135135135135137,0.19117647058823528,0.13131313131313133,0.45544554455445546,0.10569105691056911,1.0,1.0,1.0,1.0,1.0
0,Family,Granddaughter,10,0_0_0,0.43243243243243246,0.6037735849056604,1.0,0.8960396039603961,0.43243243243243246,0.0,0.0,0.0,0.0,0.0
0,Family,Granddaughter,10,0_0_1,0.972972972972973,0.8,0.6792452830188679,0.9108910891089109,0.6666666666666666,0.6666666666666666,0.8,1.0,0.6666666666666666,0.6666666666666666
0,Family,Granddaughter,10,0_1_0,1.0,0.6166666666666667,0.4457831325301205,0.7722772277227723,0.4457831325301205,1.0,1.0,1.0,1.0,1.0
0,Family,Granddaughter,10,1_0_0,1.0,0.36097560975609755,0.22023809523809523,0.35148514851485146,0.22023809523809523,1.0,1.0,1.0,1.0,1.0
0,Family,Granddaughter,10,1_1_1,0.05405405405405406,0.05555555555555555,0.05714285714285714,0.6633663366336634,0.02857142857142857,0.3333333333333333,0.5,1.0,0.3333333333333333,0.3333333333333333
0,Family,Granddaughter,15,0_0_0,0.3783783783783784,0.5490196078431373,1.0,0.8861386138613861,0.3783783783783784,0.0,0.0,0.0,0.0,0.0
0,Family,Granddaughter,15,0_0_1,0.918918918918919,0.8192771084337349,0.7391304347826086,0.9257425742574258,0.6938775510204082,0.4,0.5714285714285714,1.0,0.4,0.4
0,Family,Granddaughter,15,0_1_0,1.0,0.6491228070175439,0.4805194805194805,0.801980198019802,0.4805194805194805,1.0,1.0,1.0,1.0,1.0
0,Family,Granddaughter,15,1_0_0,1.0,0.37185929648241206,0.22839506172839505,0.3811881188118812,0.22839506172839505,1.0,1.0,1.0,1.0,1.0
0,Family,Granddaughter,15,1_1_1,0.13513513513513514,0.12345679012345678,0.11363636363636363,0.6485148514851485,0.06578947368421052,0.8,0.8888888888888888,1.0,0.8,0.8
0,Family,Granddaughter,20,0_0_0,0.32432432432432434,0.4897959183673469,1.0,0.8762376237623762,0.32432432432432434,0.0,0.0,0.0,0.0,0.0
0,Family,Granddaughter,20,0_0_1,0.8918918918918919,0.8048780487804879,0.7333333333333333,0.9207920792079208,0.673469387755102,0.42857142857142855,0.6,1.0,0.42857142857142855,0.42857142857142855
0,Family,Granddaughter,20,0_1_0,1.0,0.6666666666666666,0.5,0.8168316831683168,0.5,1.0,1.0,1.0,1.0,1.0
0,Family,Granddaughter,20,1_0_0,1.0,0.37948717948717947,0.23417721518987342,0.400990099009901,0.23417721518987342,1.0,1.0,1.0,1.0,1.0
0,Family,Granddaughter,20,1_1_1,0.1891891891891892,0.1686746987951807,0.15217391304347827,0.6584158415841584,0.09210526315789473,0.8571428571428571,0.9230769230769231,1.0,0.8571428571428571,0.8571428571428571
0,Family,Granddaughter,25,0_0_0,0.43243243243243246,0.6037735849056604,1.0,0.8960396039603961,0.43243243243243246,0.0,0.0,0.0,0.0,0.0
0,Family,Granddaughter,25,0_0_1,0.8648648648648649,0.7272727272727273,0.6274509803921569,0.8811881188118812,0.5714285714285714,0.4444444444444444,0.6153846153846154,1.0,0.4444444444444444,0.4444444444444444
0,Family,Granddaughter,25,0_1_0,0.972972972972973,0.5901639344262295,0.4235294117647059,0.7524752475247525,0.4186046511627907,0.8888888888888888,0.9411764705882353,1.0,0.8888888888888888,0.8888888888888888
0,Family,Granddaughter,25,1_0_0,1.0,0.3592233009708738,0.21893491124260356,0.3465346534653465,0.21893491124260356,1.0,1.0,1.0,1.0,1.0
0,Family,Granddaughter,25,1_1_1,0.21621621621621623,0.11347517730496454,0.07692307692307693,0.3811881188118812,0.06015037593984962,0.5555555555555556,0.7142857142857143,1.0,0.5555555555555556,0.5555555555555556
0,Family,Granddaughter,30,0_0_0,0.35135135135135137,0.52,1.0,0.8811881188118812,0.35135135135135137,0.0,0.0,0.0,0.0,0.0
0,Family,Granddaughter,30,0_0_1,0.8108108108108109,0.821917808219178,0.8333333333333334,0.9356435643564357,0.6976744186046512,0.36363636363636365,0.5333333333333333,1.0,0.36363636363636365,0.36363636363636365
0,Family,Granddaughter,30,0_1_0,0.8918918918918919,0.5546218487394958,0.4024390243902439,0.7376237623762376,0.38372093023255816,0.6363636363636364,0.7777777777777778,1.0,0.6363636363636364,0.6363636363636364
0,Family,Granddaughter,30,1_0_0,1.0,0.3627450980392157,0.2215568862275449,0.3564356435643564,0.2215568862275449,1.0,1.0,1.0,1.0,1.0
0,Family,Granddaughter,30,1_1_1,0.4594594594594595,0.21935483870967742,0.1440677966101695,0.400990099009901,0.12318840579710146,0.8181818181818182,0.9,1.0,0.8181818181818182,0.8181818181818182
0,Family,Granddaughter,35,0_0_0,0.35135135135135137,0.52,1.0,0.8811881188118812,0.35135135135135137,0.0,0.0,0.0,0.0,0.0
0,Family,Granddaughter,35,0_0_1,0.8108108108108109,0.8333333333333334,0.8571428571428571,0.9405940594059405,0.7142857142857143,0.4166666666666667,0.5882352941176471,1.0,0.4166666666666667,0.4166666666666667
0,Family,Granddaughter,35,0_1_0,0.8648648648648649,0.5663716814159292,0.42105263157894735,0.7574257425742574,0.3950617283950617,0.5833333333333334,0.7368421052631579,1.0,0.5833333333333334,0.5833333333333334
0,Family,Granddaughter,35,1_0_0,1.0,0.3627450980392157,0.2215568862275449,0.3564356435643564,0.2215568862275449,1.0,1.0,1.0,1.0,1.0
0,Family,Granddaughter,35,1_1_1,0.5405405405405406,0.24390243902439024,0.15748031496062992,0.38613861386138615,0.1388888888888889,0.8333333333333334,0.9090909090909091,1.0,0.8333333333333334,0.8333333333333334
0,Family,Granddaughter,40,0_0_0,0.3783783783783784,0.5490196078431373,1.0,0.8861386138613861,0.3783783783783784,0.0,0.0,0.0,0.0,0.0
0,Family,Granddaughter,40,0_0_1,0.7567567567567568,0.7272727272727273,0.7,0.8960396039603961,0.5714285714285714,0.35714285714285715,0.5263157894736842,1.0,0.35714285714285715,0.35714285714285715
0,Family,Granddaughter,40,0_1_0,0.918918918918919,0.6666666666666666,0.5230769230769231,0.8316831683168316,0.5,0.7857142857142857,0.88,1.0,0.7857142857142857,0.7857142857142857
0,Family,Granddaughter,40,1_0_0,1.0,0.34418604651162793,0.20786516853932585,0.30198019801980197,0.20786516853932585,1.0,1.0,1.0,1.0,1.0
0,Family,Granddaughter,40,1_1_1,0.1891891891891892,0.08641975308641975,0.056,0.26732673267326734,0.04516129032258064,0.21428571428571427,0.35294117647058826,1.0,0.21428571428571427,0.21428571428571427
0,Family,Granddaughter,45,0_0_0,0.2972972972972973,0.4583333333333333,1.0,0.8712871287128713,0.2972972972972973,0.0,0.0,0.0,0.0,0.0
0,Family,Granddaughter,45,0_0_1,0.6216216216216216,0.7301587301587301,0.8846153846153846,0.9158415841584159,0.575,0.125,0.2222222222222222,1.0,0.125,0.125
0,Family,Granddaughter,45,0_1_0,0.972972972972973,0.75,0.6101694915254238,0.8811881188118812,0.6,0.9375,0.967741935483871,1.0,0.9375,0.9375
0,Family,Granddaughter,45,1_0_0,1.0,0.4111111111111111,0.25874125874125875,0.4752475247524752,0.25874125874125875,1.0,1.0,1.0,1.0,1.0
0,Family,Granddaughter,45,1_1_1,0.32432432432432434,0.17647058823529413,0.12121212121212122,0.44554455445544555,0.0967741935483871,0.625,0.7692307692307693,1.0,0.625,0.625
0,Family,Granddaughter,50,0_0_0,0.32432432432432434,0.4897959183673469,1.0,0.8762376237623762,0.32432432432432434,0.0,0.0,0.0,0.0,0.0
0,Family,Granddaughter,50,0_0_1,0.6216216216216216,0.7301587301587301,0.8846153846153846,0.9158415841584159,0.575,0.2222222222222222,0.36363636363636365,1.0,0.2222222222222222,0.2222222222222222
0,Family,Granddaughter,50,0_1_0,0.8918918918918919,0.7096774193548387,0.5892857142857143,0.8663366336633663,0.55,0.7777777777777778,0.875,1.0,0.7777777777777778,0.7777777777777778
0,Family,Granddaughter,50,1_0_0,1.0,0.42045454545454547,0.26618705035971224,0.49504950495049505,0.26618705035971224,1.0,1.0,1.0,1.0,1.0
0,Family,Granddaughter,50,1_1_1,0.3783783783783784,0.1917808219178082,0.12844036697247707,0.4158415841584158,0.10606060606060606,0.6666666666666666,0.8,1.0,0.6666666666666666,0.6666666666666666
0,Family,Granddaughter,55,0_0_0,0.32432432432432434,0.4897959183673469,1.0,0.8762376237623762,0.32432432432432434,0.0,0.0,0.0,0.0,0.0
0,Family,Granddaughter,55,0_0_1,0.5675675675675675,0.6774193548387096,0.84,0.900990099009901,0.5121951219512195,0.2,0.3333333333333333,1.0,0.2,0.2
0,Family,Granddaughter,55,0_1_0,0.8918918918918919,0.7252747252747253,0.6111111111111112,0.8762376237623762,0.5689655172413793,0.8,0.8888888888888888,1.0,0.8,0.8
0,Family,Granddaughter,55,1_0_0,0.972972972972973,0.41379310344827586,0.26277372262773724,0.49504950495049505,0.2608695652173913,0.95,0.9743589743589743,1.0,0.95,0.95
0,Family,Granddaughter,55,1_1_1,0.40540540540540543,0.20833333333333334,0.14018691588785046,0.43564356435643564,0.11627906976744186,0.65,0.7878787878787878,1.0,0.65,0.65
0,Family,Granddaughter,60,0_0_0,0.3783783783783784,0.5490196078431373,1.0,0.8861386138613861,0.3783783783783784,0.0,0.0,0.0,0.0,0.0
0,Family,Granddaughter,60,0_0_1,0.6216216216216216,0.7540983606557377,0.9583333333333334,0.9257425742574258,0.6052631578947368,0.36363636363636365,0.5333333333333333,1.0,0.36363636363636365,0.36363636363636365
0,Family,Granddaughter,60,0_1_0,0.9459459459459459,0.6086956521739131,0.44871794871794873,0.7772277227722773,0.4375,0.9090909090909091,0.9523809523809523,1.0,0.9090909090909091,0.9090909090909091
0,Family,Granddaughter,60,1_0_0,1.0,0.5068493150684932,0.3394495412844037,0.6435643564356436,0.3394495412844037,1.0,1.0,1.0,1.0,1.0
0,Family,Granddaughter,60,1_1_1,0.5405405405405406,0.28368794326241137,0.19230769230769232,0.5,0.1652892561983471,0.8181818181818182,0.9,1.0,0.8181818181818182,0.8181818181818182
0,Family,Granddaughter,65,0_0_0,0.35135135135135137,0.52,1.0,0.8811881188118812,0.35135135135135137,0.0,0.0,0.0,0.0,0.0
0,Family,Granddaughter,65,0_0_1,0.3783783783783784,0.5490196078431373,1.0,0.8861386138613861,0.3783783783783784,0.041666666666666664,0.08,1.0,0.041666666666666664,0.041666666666666664
0,Family,Granddaughter,65,0_1_0,0.7027027027027027,0.6842105263157895,0.6666666666666666,0.8811881188118812,0.52,0.5416666666666666,0.7027027027027027,1.0,0.5416666666666666,0.5416666666666666
0,Family,Granddaughter,65,1_0_0,1.0,0.556390977443609,0.3854166666666667,0.7079207920792079,0.3854166666666667,1.0,1.0,1.0,1.0,1.0
0,Family,Granddaughter,65,1_1_1,0.10810810810810811,0.05333333333333334,0.035398230088495575,0.297029702970297,0.0273972602739726,0.125,0.2222222222222222,1.0,0.125,0.125
0,Family,Granddaughter,70,0_0_0,0.2702702702702703,0.425531914893617,1.0,0.8663366336633663,0.2702702702702703,0.0,0.0,0.0,0.0,0.0
0,Family,Granddaughter,70,0_0_1,0.5135135135135135,0.6129032258064516,0.76,0.8811881188118812,0.4418604651162791,0.28,0.4375,1.0,0.28,0.28
0,Family,Granddaughter,70,0_1_0,0.8378378378378378,0.6888888888888889,0.5849056603773585,0.8613861386138614,0.5254237288135594,0.76,0.8636363636363636,1.0,0.76,0.76
0,Family,Granddaughter,70,1_0_0,0.918918918918919,0.44155844155844154,0.2905982905982906,0.5742574257425742,0.2833333333333333,0.88,0.9361702127659575,1.0,0.88,0.88
0,Family,Granddaughter,70,1_1_1,0.24324324324324326,0.10909090909090909,0.0703125,0.2722772277227723,0.057692307692307696,0.36,0.5294117647058824,1.0,0.36,0.36
0,Family,Granddaughter,75,0_0_0,0.1891891891891892,0.3181818181818182,1.0,0.8514851485148515,0.1891891891891892,0.0,0.0,0.0,0.0,0.0
0,Family,Granddaughter,75,0_0_1,0.4594594594594595,0.5666666666666667,0.7391304347826086,0.8712871287128713,0.3953488372093023,0.25925925925925924,0.4117647058823529,1.0,0.25925925925925924,0.25925925925925924
0,Family,Granddaughter,75,0_1_0,0.6486486486486487,0.64,0.631578947368421,0.8663366336633663,0.47058823529411764,0.5185185185185185,0.6829268292682927,1.0,0.5185185185185185,0.5185185185185185
0,Family,Granddaughter,75,1_0_0,0.972972972972973,0.47058823529411764,0.3103448275862069,0.599009900990099,0.3076923076923077,0.9629629629629629,0.9811320754716981,1.0,0.9629629629629629,0.9629629629629629
0,Family,Granddaughter,75,1_1_1,0.2972972972972973,0.13664596273291926,0.08870967741935484,0.3118811881188119,0.07333333333333333,0.4074074074074074,0.5789473684210527,1.0,0.4074074074074074,0.4074074074074074
0,Family,Granddaughter,80,0_0_0,0.16216216216216217,0.27906976744186046,1.0,0.8465346534653465,0.16216216216216217,0.0,0.0,0.0,0.0,0.0
0,Family,Granddaughter,80,0_0_1,0.32432432432432434,0.4444444444444444,0.7058823529411765,0.8514851485148515,0.2857142857142857,0.13793103448275862,0.24242424242424243,1.0,0.13793103448275862,0.13793103448275862
0,Family,Granddaughter,80,0_1_0,0.6486486486486487,0.6486486486486487,0.6486486486486487,0.8712871287128713,0.48,0.5517241379310345,0.7111111111111111,1.0,0.5517241379310345,0.5517241379310345
0,Family,Granddaughter,80,1_0_0,0.8918918918918919,0.4583333333333333,0.308411214953271,0.6138613861386139,0.2972972972972973,0.8620689655172413,0.9259259259259259,1.0,0.8620689655172413,0.8620689655172413
0,Family,Granddaughter,80,1_1_1,0.40540540540540543,0.17543859649122806,0.11194029850746269,0.30198019801980197,0.09615384615384616,0.4827586206896552,0.6511627906976745,1.0,0.4827586206896552,0.4827586206896552
0,Family,Grandfather,0,0_0_0,0.11428571428571428,0.20512820512820512,1.0,0.8465346534653465,0.11428571428571428,,,,,
0,Family,Grandfather,0,0_0_1,1.0,0.8045977011494253,0.6730769230769231,0.9158415841584159,0.6730769230769231,,,,,
0,Family,Grandfather,0,0_1_0,1.0,0.6481481481481481,0.4794520547945205,0.8118811881188119,0.4794520547945205,,,,,
0,Family,Grandfather,0,1_0_0,1.0,0.32710280373831774,0.19553072625698323,0.2871287128712871,0.19553072625698323,,,,,
0,Family,Grandfather,0,1_1_1,0.2571428571428571,0.12080536912751678,0.07894736842105263,0.35148514851485146,0.06428571428571428,,,,,
0,Family,Grandfather,5,0_0_0,0.3142857142857143,0.4782608695652174,1.0,0.8811881188118812,0.3142857142857143,0.0,0.0,0.0,0.0,0.0
0,Family,Grandfather,5,0_0_1,1.0,0.7865168539325843,0.6481481481481481,0.905940594059406,0.6481481481481481,1.0,1.0,1.0,1.0,1.0
0,Family,Grandfather,5,0_1_0,1.0,0.7070707070707071,0.546875,0.8564356435643564,0.546875,1.0,1.0,1.0,1.0,1.0
0,Family,Grandfather,5,1_0_0,1.0,0.35175879396984927,0.21341463414634146,0.3613861386138614,0.21341463414634146,1.0,1.0,1.0,1.0,1.0
0,Family,Grandfather,5,1_1_1,0.0,0.0,0.0,0.8267326732673267,0.0,0.0,0.0,0.0,0.0,0.0
0,Family,Grandfather,10,0_0_0,0.17142857142857143,0.2926829268292683,1.0,0.8564356435643564,0.17142857142857143,0.0,0.0,0.0,0.0,0.0
0,Family,Grandfather,10,0_0_1,0.9714285714285714,0.7816091954022989,0.6538461538461539,0.905940594059406,0.6415094339622641,0.6666666666666666,0.8,1.0,0.6666666666666666,0.6666666666666666
0,Family,Grandfather,10,0_1_0,1.0,0.7,0.5384615384615384,0.8514851485148515,0.5384615384615384,1.0,1.0,1.0,1.0,1.0
0,Family,Grandfather,10,1_0_0,1.0,0.3465346534653465,0.20958083832335328,0.3465346534653465,0.20958083832335328,1.0,1.0,1.0,1.0,1.0
0,Family,Grandfather,10,1_1_1,0.0,0.0,0.0,0.8267326732673267,0.0,0.0,0.0,0.0,0.0,0.0
0,Family,Grandfather,15,0_0_0,0.14285714285714285,0.25,1.0,0.8514851485148515,0.14285714285714285,0.0,0.0,0.0,0.0,0.0
0,Family,Grandfather,15,0_0_1,0.9714285714285714,0.7816091954022989,0.6538461538461539,0.905940594059406,0.6415094339622641,0.8,0.8888888888888888,1.0,0.8,0.8
0,Family,Grandfather,15,0_1_0,1.0,0.7,0.5384615384615384,0.8514851485148515,0.5384615384615384,1.0,1.0,1.0,1.0,1.0
0,Family,Grandfather,15,1_0_0,1.0,0.37037037037037035,0.22727272727272727,0.41089108910891087,0.22727272727272727,1.0,1.0,1.0,1.0,1.0
0,Family,Grandfather,15,1_1_1,0.0,0.0,0.0,0.8267326732673267,0.0,0.0,0.0,0.0,0.0,0.0
0,Family,Grandfather,20,0_0_0,0.2,0.3333333333333333,1.0,0.8613861386138614,0.2,0.0,0.0,0.0,0.0,0.0
0,Family,Grandfather,20,0_0_1,0.9142857142857143,0.7804878048780488,0.6808510638297872,0.9108910891089109,0.64,0.5714285714285714,0.7272727272727273,1.0,0.5714285714285714,0.5714285714285714
0,Family,Grandfather,20,0_1_0,0.9714285714285714,0.6476190476190476,0.4857142857142857,0.8168316831683168,0.4788732394366197,0.8571428571428571,0.9230769230769231,1.0,0.8571428571428571,0.8571428571428571
0,Family,Grandfather,20,1_0_0,1.0,0.3211009174311927,0.1912568306010929,0.26732673267326734,0.1912568306010929,1.0,1.0,1.0,1.0,1.0
0,Family,Grandfather,20,1_1_1,0.7714285714285715,0.28272251308900526,0.17307692307692307,0.3217821782178218,0.16463414634146342,0.8571428571428571,0.9230769230769231,1.0,0.8571428571428571,0.8571428571428571
0,Family,Grandfather,25,0_0_0,0.2,0.3333333333333333,1.0,0.8613861386138614,0.2,0.0,0.0,0.0,0.0,0.0
0,Family,Grandfather,25,0_0_1,0.9142857142857143,0.7901234567901234,0.6956521739130435,0.9158415841584159,0.6530612244897959,0.625,0.7692307692307693,1.0,0.625,0.625
0,Family,Grandfather,25,0_1_0,0.9714285714285714,0.6601941747572816,0.5,0.8267326732673267,0.4927536231884058,0.875,0.9333333333333333,1.0,0.875,0.875
0,Family,Grandfather,25,1_0_0,1.0,0.3211009174311927,0.1912568306010929,0.26732673267326734,0.1912568306010929,1.0,1.0,1.0,1.0,1.0
0,Family,Grandfather,25,1_1_1,0.6857142857142857,0.2727272727272727,0.1702127659574468,0.36633663366336633,0.15789473684210525,0.75,0.8571428571428571,1.0,0.75,0.75
0,Family,Grandfather,30,0_0_0,0.45714285714285713,0.6274509803921569,1.0,0.905940594059406,0.45714285714285713,0.0,0.0,0.0,0.0,0.0
0,Family,Grandfather,30,0_0_1,0.8,0.7567567567567568,0.717948717948718,0.9108910891089109,0.6086956521739131,0.3,0.46153846153846156,1.0,0.3,0.3
0,Family,Grandfather,30,0_1_0,0.9428571428571428,0.5116279069767442,0.35106382978723405,0.6881188118811881,0.34375,0.8,0.8888888888888888,1.0,0.8,0.8
0,Family,Grandfather,30,1_0_0,1.0,0.3723404255319149,0.22875816993464052,0.4158415841584158,0.22875816993464052,1.0,1.0,1.0,1.0,1.0
0,Family,Grandfather,30,1_1_1,0.02857142857142857,0.05555555555555555,1.0,0.8316831683168316,0.02857142857142857,0.0,0.0,0.0,0.0,0.0
0,Family,Grandfather,35,0_0_0,0.45714285714285713,0.6274509803921569,1.0,0.905940594059406,0.45714285714285713,0.0,0.0,0.0,0.0,0.0
0,Family,Grandfather,35,0_0_1,0.7428571428571429,0.7123287671232876,0.6842105263157895,0.8960396039603961,0.5531914893617021,0.25,0.4,1.0,0.25,0.25
0,Family,Grandfather,35,0_1_0,0.9428571428571428,0.5116279069767442,0.35106382978723405,0.6881188118811881,0.34375,0.8333333333333334,0.9090909090909091,1.0,0.8333333333333334,0.8333333333333334
0,Family,Grandfather,35,1_0_0,1.0,0.3804347826086957,0.2348993288590604,0.43564356435643564,0.2348993288590604,1.0,1.0,1.0,1.0,1.0
0,Family,Grandfather,35,1_1_1,0.02857142857142857,0.05555555555555555,1.0,0.8316831683168316,0.02857142857142857,0.0,0.0,0.0,0.0,0.0
0,Family,Grandfather,40,0_0_0,0.37142857142857144,0.5416666666666666,1.0,0.8910891089108911,0.37142857142857144,0.0,0.0,0.0,0.0,0.0
0,Family,Grandfather,40,0_0_1,0.6857142857142857,0.6666666666666666,0.6486486486486487,0.8811881188118812,0.5,0.21428571428571427,0.35294117647058826,1.0,0.21428571428571427,0.21428571428571427
0,Family,Grandfather,40,0_1_0,0.9142857142857143,0.47761194029850745,0.32323232323232326,0.6534653465346535,0.3137254901960784,0.7857142857142857,0.88,1.0,0.7857142857142857,0.7857142857142857
0,Family,Grandfather,40,1_0_0,1.0,0.3954802259887006,0.24647887323943662,0.47029702970297027,0.24647887323943662,1.0,1.0,1.0,1.0,1.0
0,Family,Grandfather,40,1_1_1,0.02857142857142857,0.05555555555555555,1.0,0.8316831683168316,0.02857142857142857,0.0,0.0,0.0,0.0,0.0
0,Family,Grandfather,45,0_0_0,0.34285714285714286,0.5106382978723404,1.0,0.8861386138613861,0.34285714285714286,0.0,0.0,0.0,0.0,0.0
0,Family,Grandfather,45,0_0_1,0.6857142857142857,0.6486486486486487,0.6153846153846154,0.8712871287128713,0.48,0.26666666666666666,0.42105263157894735,1.0,0.26666666666666666,0.26666666666666666
0,Family,Grandfather,45,0_1_0,0.9142857142857143,0.5079365079365079,0.3516483516483517,0.693069306930693,0.3404255319148936,0.8,0.8888888888888888,1.0,0.8,0.8
0,Family,Grandfather,45,1_0_0,1.0,0.39325842696629215,0.24475524475524477,0.46534653465346537,0.24475524475524477,1.0,1.0,1.0,1.0,1.0
0,Family,Grandfather,45,1_1_1,0.0,0.0,0.0,0.8267326732673267,0.0,0.0,0.0,0.0,0.0,0.0
0,Family,Grandfather,50,0_0_0,0.3142857142857143,0.4782608695652174,1.0,0.8811881188118812,0.3142857142857143,0.0,0.0,0.0,0.0,0.0
0,Family,Grandfather,50,0_0_1,0.6571428571428571,0.6571428571428571,0.6571428571428571,0.8811881188118812,0.48936170212765956,0.29411764705882354,0.45454545454545453,1.0,0.29411764705882354,0.29411764705882354
0,Family,Grandfather,50,0_1_0,0.8,0.5233644859813084,0.3888888888888889,0.7475247524752475,0.35443037974683544,0.5882352941176471,0.7407407407407407,1.0,0.5882352941176471,0.5882352941176471
0,Family,Grandfather,50,1_0_0,1.0,0.4666666666666667,0.30434782608695654,0.6039603960396039,0.30434782608695654,1.0,1.0,1.0,1.0,1.0
0,Family,Grandfather,50,1_1_1,0.0,0.0,0.0,0.8267326732673267,0.0,0.0,0.0,0.0,0.0,0.0
0,Family,Grandfather,55,0_0_0,0.2571428571428571,0.4090909090909091,1.0,0.8712871287128713,0.2571428571428571,0.0,0.0,0.0,0.0,0.0
0,Family,Grandfather,55,0_0_1,0.5428571428571428,0.5846153846153846,0.6333333333333333,0.8663366336633663,0.41304347826086957,0.15789473684210525,0.2727272727272727,1.0,0.15789473684210525,0.15789473684210525
0,Family,Grandfather,55,0_1_0,0.7714285714285715,0.5242718446601942,0.39705882352941174,0.7574257425742574,0.35526315789473684,0.5789473684210527,0.7333333333333333,1.0,0.5789473684210527,0.5789473684210527
0,Family,Grandfather,55,1_0_0,1.0,0.48951048951048953,0.32407407407407407,0.6386138613861386,0.32407407407407407,1.0,1.0,1.0,1.0,1.0
0,Family,Grandfather,55,1_1_1,0.0,0.0,0.0,0.8267326732673267,0.0,0.0,0.0,0.0,0.0,0.0
0,Family,Grandfather,60,0_0_0,0.0,0.0,0.0,0.8267326732673267,0.0,0.0,0.0,0.0,0.0,0.0
0,Family,Grandfather,60,0_0_1,0.4857142857142857,0.6296296296296297,0.8947368421052632,0.900990099009901,0.4594594594594595,0.14285714285714285,0.25,1.0,0.14285714285714285,0.14285714285714285
0,Family,Grandfather,60,0_1_0,0.6857142857142857,0.5647058823529412,0.48,0.8168316831683168,0.39344262295081966,0.47619047619047616,0.6451612903225806,1.0,0.47619047619047616,0.47619047619047616
0,Family,Grandfather,60,1_0_0,1.0,0.3684210526315789,0.22580645161290322,0.40594059405940597,0.22580645161290322,1.0,1.0,1.0,1.0,1.0
0,Family,Grandfather,60,1_1_1,0.3142857142857143,0.13924050632911392,0.08943089430894309,0.32673267326732675,0.07482993197278912,0.42857142857142855,0.6,1.0,0.42857142857142855,0.42857142857142855
0,Family,Grandfather,65,0_0_0,0.0,0.0,0.0,0.8267326732673267,0.0,0.0,0.0,0.0,0.0,0.0
0,Family,Grandfather,65,0_0_1,0.5428571428571428,0.7037037037037037,1.0,0.9207920792079208,0.5428571428571428,0.2727272727272727,0.42857142857142855,1.0,0.2727272727272727,0.2727272727272727
0,Family,Grandfather,65,0_1_0,0.7142857142857143,0.6097560975609756,0.5319148936170213,0.8415841584158416,0.43859649122807015,0.5454545454545454,0.7058823529411765,1.0,0.5454545454545454,0.5454545454545454
0,Family,Grandfather,65,1_0_0,1.0,0.3763440860215054,0.23178807947019867,0.42574257425742573,0.23178807947019867,1.0,1.0,1.0,1.0,1.0
0,Family,Grandfather,65,1_1_1,0.34285714285714286,0.15384615384615385,0.09917355371900827,0.3465346534653465,0.08333333333333333,0.4090909090909091,0.5806451612903226,1.0,0.4090909090909091,0.4090909090909091
0,Family,Grandfather,70,0_0_0,0.05714285714285714,0.10810810810810811,1.0,0.8366336633663366,0.05714285714285714,0.0,0.0,0.0,0.0,0.0
0,Family,Grandfather,70,0_0_1,0.4,0.56,0.9333333333333333,0.8910891089108911,0.3888888888888889,0.125,0.2222222222222222,1.0,0.125,0.125
0,Family,Grandfather,70,0_1_0,0.4,0.4666666666666667,0.56,0.8415841584158416,0.30434782608695654,0.125,0.2222222222222222,1.0,0.125,0.125
0,Family,Grandfather,70,1_0_0,1.0,0.39106145251396646,0.24305555555555555,0.4603960396039604,0.24305555555555555,1.0,1.0,1.0,1.0,1.0
0,Family,Grandfather,70,1_1_1,0.45714285714285713,0.19161676646706588,0.12121212121212122,0.3316831683168317,0.10596026490066225,0.5833333333333334,0.7368421052631579,1.0,0.5833333333333334,0.5833333333333334
0,Family,Grandfather,75,0_0_0,0.08571428571428572,0.15789473684210525,1.0,0.8415841584158416,0.08571428571428572,0.0,0.0,0.0,0.0,0.0
0,Family,Grandfather,75,0_0_1,0.37142857142857144,0.5098039215686274,0.8125,0.8762376237623762,0.34210526315789475,0.15384615384615385,0.26666666666666666,1.0,0.15384615384615385,0.15384615384615385
0,Family,Grandfather,75,0_1_0,0.5428571428571428,0.4935064935064935,0.4523809523809524,0.806930693069307,0.3275862068965517,0.38461538461538464,0.5555555555555556,1.0,0.38461538461538464,0.38461538461538464
0,Family,Grandfather,75,1_0_0,1.0,0.42168674698795183,0.26717557251908397,0.5247524752475248,0.26717557251908397,1.0,1.0,1.0,1.0,1.0
0,Family,Grandfather,75,1_1_1,0.5142857142857142,0.19672131147540983,0.12162162162162163,0.2722772277227723,0.10909090909090909,0.5384615384615384,0.7,1.0,0.5384615384615384,0.5384615384615384
0,Family,Grandfather,80,0_0_0,0.14285714285714285,0.25,1.0,0.8514851485148515,0.14285714285714285,0.0,0.0,0.0,0.0,0.0
0,Family,Grandfather,80,0_0_1,0.3142857142857143,0.4489795918367347,0.7857142857142857,0.8663366336633663,0.2894736842105263,0.14285714285714285,0.25,1.0,0.14285714285714285,0.14285714285714285
0,Family,Grandfather,80,0_1_0,0.42857142857142855,0.4411764705882353,0.45454545454545453,0.8118811881188119,0.2830188679245283,0.2857142857142857,0.4444444444444444,1.0,0.2857142857142857,0.2857142857142857
0,Family,Grandfather,80,1_0_0,1.0,0.3888888888888889,0.2413793103448276,0.45544554455445546,0.2413793103448276,1.0,1.0,1.0,1.0,1.0
0,Family,Grandfather,80,1_1_1,0.4857142857142857,0.19428571428571428,0.12142857142857143,0.30198019801980197,0.10759493670886076,0.4642857142857143,0.6341463414634146,1.0,0.4642857142857143,0.4642857142857143
0,Family,Grandparent,0,0_0_0,0.0,0.0,0.0,0.6534653465346535,0.0,,,,,
0,Family,Grandparent,0,0_0_1,0.04285714285714286,0.08108108108108109,0.75,0.6633663366336634,0.04225352112676056,,,,,
0,Family,Grandparent,0,0_1_0,0.17142857142857143,0.2696629213483146,0.631578947368421,0.6782178217821783,0.15584415584415584,,,,,
0,Family,Grandparent,0,1_0_0,0.9857142857142858,0.5267175572519084,0.359375,0.38613861386138615,0.35751295336787564,,,,,
0,Family,Grandparent,0,1_1_1,0.5714285714285714,0.40816326530612246,0.31746031746031744,0.42574257425742573,0.2564102564102564,,,,,
0,Family,Grandparent,5,0_0_0,0.0,0.0,0.0,0.6534653465346535,0.0,,,,,
0,Family,Grandparent,5,0_0_1,0.04285714285714286,0.08108108108108109,0.75,0.6633663366336634,0.04225352112676056,,,,,
0,Family,Grandparent,5,0_1_0,0.17142857142857143,0.2696629213483146,0.631578947368421,0.6782178217821783,0.15584415584415584,,,,,
0,Family,Grandparent,5,1_0_0,0.9857142857142858,0.5267175572519084,0.359375,0.38613861386138615,0.35751295336787564,,,,,
0,Family,Grandparent,5,1_1_1,0.5714285714285714,0.40816326530612246,0.31746031746031744,0.42574257425742573,0.2564102564102564,,,,,
0,Family,Grandparent,10,0_0_0,0.0,0.0,0.0,0.6534653465346535,0.0,,,,,
0,Family,Grandparent,10,0_0_1,0.04285714285714286,0.08108108108108109,0.75,0.6633663366336634,0.04225352112676056,,,,,
0,Family,Grandparent,10,0_1_0,0.17142857142857143,0.2696629213483146,0.631578947368421,0.6782178217821783,0.15584415584415584,,,,,
0,Family,Grandparent,10,1_0_0,0.9857142857142858,0.5267175572519084,0.359375,0.38613861386138615,0.35751295336787564,,,,,
0,Family,Grandparent,10,1_1_1,0.5714285714285714,0.40816326530612246,0.31746031746031744,0.42574257425742573,0.2564102564102564,,,,,
0,Family,Grandparent,15,0_0_0,0.0,0.0,0.0,0.6534653465346535,0.0,,,,,
0,Family,Grandparent,15,0_0_1,0.04285714285714286,0.08108108108108109,0.75,0.6633663366336634,0.04225352112676056,,,,,
0,Family,Grandparent,15,0_1_0,0.17142857142857143,0.2696629213483146,0.631578947368421,0.6782178217821783,0.15584415584415584,,,,,
0,Family,Grandparent,15,1_0_0,0.9857142857142858,0.5267175572519084,0.359375,0.38613861386138615,0.35751295336787564,,,,,
0,Family,Grandparent,15,1_1_1,0.5714285714285714,0.40816326530612246,0.31746031746031744,0.42574257425742573,0.2564102564102564,,,,,
0,Family,Grandparent,20,0_0_0,0.0,0.0,0.0,0.6534653465346535,0.0,,,,,
0,Family,Grandparent,20,0_0_1,0.04285714285714286,0.08108108108108109,0.75,0.6633663366336634,0.04225352112676056,,,,,
0,Family,Grandparent,20,0_1_0,0.17142857142857143,0.2696629213483146,0.631578947368421,0.6782178217821783,0.15584415584415584,,,,,
0,Family,Grandparent,20,1_0_0,0.9857142857142858,0.5267175572519084,0.359375,0.38613861386138615,0.35751295336787564,,,,,
0,Family,Grandparent,20,1_1_1,0.5714285714285714,0.40816326530612246,0.31746031746031744,0.42574257425742573,0.2564102564102564,,,,,
0,Family,Grandparent,25,0_0_0,0.0,0.0,0.0,0.6534653465346535,0.0,,,,,
0,Family,Grandparent,25,0_0_1,0.04285714285714286,0.08108108108108109,0.75,0.6633663366336634,0.04225352112676056,,,,,
0,Family,Grandparent,25,0_1_0,0.17142857142857143,0.2696629213483146,0.631578947368421,0.6782178217821783,0.15584415584415584,,,,,
0,Family,Grandparent,25,1_0_0,0.9857142857142858,0.5267175572519084,0.359375,0.38613861386138615,0.35751295336787564,,,,,
0,Family,Grandparent,25,1_1_1,0.5714285714285714,0.40816326530612246,0.31746031746031744,0.42574257425742573,0.2564102564102564,,,,,
0,Family,Grandparent,30,0_0_0,0.0,0.0,0.0,0.6534653465346535,0.0,,,,,
0,Family,Grandparent,30,0_0_1,0.04285714285714286,0.08108108108108109,0.75,0.6633663366336634,0.04225352112676056,,,,,
0,Family,Grandparent,30,0_1_0,0.17142857142857143,0.2696629213483146,0.631578947368421,0.6782178217821783,0.15584415584415584,,,,,
0,Family,Grandparent,30,1_0_0,0.9857142857142858,0.5267175572519084,0.359375,0.38613861386138615,0.35751295336787564,,,,,
0,Family,Grandparent,30,1_1_1,0.5714285714285714,0.40816326530612246,0.31746031746031744,0.42574257425742573,0.2564102564102564,,,,,
0,Family,Grandparent,35,0_0_0,0.0,0.0,0.0,0.6534653465346535,0.0,,,,,
0,Family,Grandparent,35,0_0_1,0.04285714285714286,0.08108108108108109,0.75,0.6633663366336634,0.04225352112676056,,,,,
0,Family,Grandparent,35,0_1_0,0.17142857142857143,0.2696629213483146,0.631578947368421,0.6782178217821783,0.15584415584415584,,,,,
0,Family,Grandparent,35,1_0_0,0.9857142857142858,0.5267175572519084,0.359375,0.38613861386138615,0.35751295336787564,,,,,
0,Family,Grandparent,35,1_1_1,0.5714285714285714,0.40816326530612246,0.31746031746031744,0.42574257425742573,0.2564102564102564,,,,,
0,Family,Grandparent,40,0_0_0,0.0,0.0,0.0,0.6534653465346535,0.0,,,,,
0,Family,Grandparent,40,0_0_1,0.04285714285714286,0.08108108108108109,0.75,0.6633663366336634,0.04225352112676056,,,,,
0,Family,Grandparent,40,0_1_0,0.17142857142857143,0.2696629213483146,0.631578947368421,0.6782178217821783,0.15584415584415584,,,,,
0,Family,Grandparent,40,1_0_0,0.9857142857142858,0.5267175572519084,0.359375,0.38613861386138615,0.35751295336787564,,,,,
0,Family,Grandparent,40,1_1_1,0.5714285714285714,0.40816326530612246,0.31746031746031744,0.42574257425742573,0.2564102564102564,,,,,
0,Family,Grandparent,45,0_0_0,0.0,0.0,0.0,0.6534653465346535,0.0,,,,,
0,Family,Grandparent,45,0_0_1,0.04285714285714286,0.08108108108108109,0.75,0.6633663366336634,0.04225352112676056,,,,,
0,Family,Grandparent,45,0_1_0,0.17142857142857143,0.2696629213483146,0.631578947368421,0.6782178217821783,0.15584415584415584,,,,,
0,Family,Grandparent,45,1_0_0,0.9857142857142858,0.5267175572519084,0.359375,0.38613861386138615,0.35751295336787564,,,,,
0,Family,Grandparent,45,1_1_1,0.5714285714285714,0.40816326530612246,0.31746031746031744,0.42574257425742573,0.2564102564102564,,,,,
0,Family,Grandparent,50,0_0_0,0.0,0.0,0.0,0.6534653465346535,0.0,,,,,
0,Family,Grandparent,50,0_0_1,0.04285714285714286,0.08108108108108109,0.75,0.6633663366336634,0.04225352112676056,,,,,
0,Family,Grandparent,50,0_1_0,0.17142857142857143,0.2696629213483146,0.631578947368421,0.6782178217821783,0.15584415584415584,,,,,
0,Family,Grandparent,50,1_0_0,0.9857142857142858,0.5267175572519084,0.359375,0.38613861386138615,0.35751295336787564,,,,,
0,Family,Grandparent,50,1_1_1,0.5714285714285714,0.40816326530612246,0.31746031746031744,0.42574257425742573,0.2564102564102564,,,,,
0,Family,Grandparent,55,0_0_0,0.0,0.0,0.0,0.6534653465346535,0.0,,,,,
0,Family,Grandparent,55,0_0_1,0.04285714285714286,0.08108108108108109,0.75,0.6633663366336634,0.04225352112676056,,,,,
0,Family,Grandparent,55,0_1_0,0.17142857142857143,0.2696629213483146,0.631578947368421,0.6782178217821783,0.15584415584415584,,,,,
0,Family,Grandparent,55,1_0_0,0.9857142857142858,0.5267175572519084,0.359375,0.38613861386138615,0.35751295336787564,,,,,
0,Family,Grandparent,55,1_1_1,0.5714285714285714,0.40816326530612246,0.31746031746031744,0.42574257425742573,0.2564102564102564,,,,,
0,Family,Grandparent,60,0_0_0,0.0,0.0,0.0,0.6534653465346535,0.0,,,,,
0,Family,Grandparent,60,0_0_1,0.04285714285714286,0.08108108108108109,0.75,0.6633663366336634,0.04225352112676056,,,,,
0,Family,Grandparent,60,0_1_0,0.17142857142857143,0.2696629213483146,0.631578947368421,0.6782178217821783,0.15584415584415584,,,,,
0,Family,Grandparent,60,1_0_0,0.9857142857142858,0.5267175572519084,0.359375,0.38613861386138615,0.35751295336787564,,,,,
0,Family,Grandparent,60,1_1_1,0.5714285714285714,0.40816326530612246,0.31746031746031744,0.42574257425742573,0.2564102564102564,,,,,
0,Family,Grandparent,65,0_0_0,0.0,0.0,0.0,0.6534653465346535,0.0,,,,,
0,Family,Grandparent,65,0_0_1,0.04285714285714286,0.08108108108108109,0.75,0.6633663366336634,0.04225352112676056,,,,,
0,Family,Grandparent,65,0_1_0,0.17142857142857143,0.2696629213483146,0.631578947368421,0.6782178217821783,0.15584415584415584,,,,,
0,Family,Grandparent,65,1_0_0,0.9857142857142858,0.5267175572519084,0.359375,0.38613861386138615,0.35751295336787564,,,,,
0,Family,Grandparent,65,1_1_1,0.5714285714285714,0.40816326530612246,0.31746031746031744,0.42574257425742573,0.2564102564102564,,,,,
0,Family,Grandparent,70,0_0_0,0.0,0.0,0.0,0.6534653465346535,0.0,,,,,
0,Family,Grandparent,70,0_0_1,0.04285714285714286,0.08108108108108109,0.75,0.6633663366336634,0.04225352112676056,,,,,
0,Family,Grandparent,70,0_1_0,0.17142857142857143,0.2696629213483146,0.631578947368421,0.6782178217821783,0.15584415584415584,,,,,
0,Family,Grandparent,70,1_0_0,0.9857142857142858,0.5267175572519084,0.359375,0.38613861386138615,0.35751295336787564,,,,,
0,Family,Grandparent,70,1_1_1,0.5714285714285714,0.40816326530612246,0.31746031746031744,0.42574257425742573,0.2564102564102564,,,,,
0,Family,Grandparent,75,0_0_0,0.0,0.0,0.0,0.6534653465346535,0.0,,,,,
0,Family,Grandparent,75,0_0_1,0.04285714285714286,0.08108108108108109,0.75,0.6633663366336634,0.04225352112676056,,,,,
0,Family,Grandparent,75,0_1_0,0.17142857142857143,0.2696629213483146,0.631578947368421,0.6782178217821783,0.15584415584415584,,,,,
0,Family,Grandparent,75,1_0_0,0.9857142857142858,0.5267175572519084,0.359375,0.38613861386138615,0.35751295336787564,,,,,
0,Family,Grandparent,75,1_1_1,0.5714285714285714,0.40816326530612246,0.31746031746031744,0.42574257425742573,0.2564102564102564,,,,,
0,Family,Grandparent,80,0_0_0,0.0,0.0,0.0,0.6534653465346535,0.0,,,,,
0,Family,Grandparent,80,0_0_1,0.04285714285714286,0.08108108108108109,0.75,0.6633663366336634,0.04225352112676056,,,,,
0,Family,Grandparent,80,0_1_0,0.17142857142857143,0.2696629213483146,0.631578947368421,0.6782178217821783,0.15584415584415584,,,,,
0,Family,Grandparent,80,1_0_0,0.9857142857142858,0.5267175572519084,0.359375,0.38613861386138615,0.35751295336787564,,,,,
0,Family,Grandparent,80,1_1_1,0.5714285714285714,0.40816326530612246,0.31746031746031744,0.42574257425742573,0.2564102564102564,,,,,
0,Family,Grandmother,0,0_0_0,0.08571428571428572,0.15789473684210525,1.0,0.8415841584158416,0.08571428571428572,,,,,
0,Family,Grandmother,0,0_0_1,1.0,0.9333333333333333,0.875,0.9752475247524752,0.875,,,,,
0,Family,Grandmother,0,0_1_0,1.0,0.603448275862069,0.43209876543209874,0.7722772277227723,0.43209876543209874,,,,,
0,Family,Grandmother,0,1_0_0,1.0,0.3684210526315789,0.22580645161290322,0.40594059405940597,0.22580645161290322,,,,,
0,Family,Grandmother,0,1_1_1,0.3142857142857143,0.11398963730569948,0.06962025316455696,0.15346534653465346,0.06043956043956044,,,,,
0,Family,Grandmother,5,0_0_0,0.08571428571428572,0.15789473684210525,1.0,0.8415841584158416,0.08571428571428572,0.0,0.0,0.0,0.0,0.0
0,Family,Grandmother,5,0_0_1,0.9714285714285714,0.9066666666666666,0.85,0.9653465346534653,0.8292682926829268,0.0,0.0,0.0,0.0,0.0
0,Family,Grandmother,5,0_1_0,1.0,0.603448275862069,0.43209876543209874,0.7722772277227723,0.43209876543209874,1.0,1.0,1.0,1.0,1.0
0,Family,Grandmother,5,1_0_0,1.0,0.358974358974359,0.21875,0.3811881188118812,0.21875,1.0,1.0,1.0,1.0,1.0
0,Family,Grandmother,5,1_1_1,0.3142857142857143,0.11458333333333333,0.07006369426751592,0.15841584158415842,0.06077348066298342,1.0,1.0,1.0,1.0,1.0
0,Family,Grandmother,10,0_0_0,0.05714285714285714,0.10810810810810811,1.0,0.8366336633663366,0.05714285714285714,0.0,0.0,0.0,0.0,0.0
0,Family,Grandmother,10,0_0_1,0.9142857142857143,0.8767123287671232,0.8421052631578947,0.9554455445544554,0.7804878048780488,0.0,0.0,0.0,0.0,0.0
0,Family,Grandmother,10,0_1_0,1.0,0.6194690265486725,0.44871794871794873,0.7871287128712872,0.44871794871794873,1.0,1.0,1.0,1.0,1.0
0,Family,Grandmother,10,1_0_0,1.0,0.37037037037037035,0.22727272727272727,0.41089108910891087,0.22727272727272727,1.0,1.0,1.0,1.0,1.0
0,Family,Grandmother,10,1_1_1,0.3142857142857143,0.11398963730569948,0.06962025316455696,0.15346534653465346,0.06043956043956044,1.0,1.0,1.0,1.0,1.0
0,Family,Grandmother,15,0_0_0,0.05714285714285714,0.10810810810810811,1.0,0.8366336633663366,0.05714285714285714,0.0,0.0,0.0,0.0,0.0
0,Family,Grandmother,15,0_0_1,0.8571428571428571,0.8571428571428571,0.8571428571428571,0.9504950495049505,0.75,0.0,0.0,0.0,0.0,0.0
0,Family,Grandmother,15,0_1_0,0.9714285714285714,0.6238532110091743,0.4594594594594595,0.7970297029702971,0.4533333333333333,0.8,0.8888888888888888,1.0,0.8,0.8
0,Family,Grandmother,15,1_0_0,1.0,0.3825136612021858,0.23648648648648649,0.4405940594059406,0.23648648648648649,1.0,1.0,1.0,1.0,1.0
0,Family,Grandmother,15,1_1_1,0.37142857142857144,0.13333333333333333,0.08125,0.16336633663366337,0.07142857142857142,1.0,1.0,1.0,1.0,1.0
0,Family,Grandmother,20,0_0_0,0.02857142857142857,0.05555555555555555,1.0,0.8316831683168316,0.02857142857142857,0.0,0.0,0.0,0.0,0.0
0,Family,Grandmother,20,0_0_1,0.8285714285714286,0.8405797101449275,0.8529411764705882,0.9455445544554455,0.725,0.14285714285714285,0.25,1.0,0.14285714285714285,0.14285714285714285
0,Family,Grandmother,20,0_1_0,1.0,0.56,0.3888888888888889,0.7277227722772277,0.3888888888888889,1.0,1.0,1.0,1.0,1.0
0,Family,Grandmother,20,1_0_0,1.0,0.4093567251461988,0.25735294117647056,0.5,0.25735294117647056,1.0,1.0,1.0,1.0,1.0
0,Family,Grandmother,20,1_1_1,0.42857142857142855,0.15873015873015872,0.09740259740259741,0.21287128712871287,0.08620689655172414,1.0,1.0,1.0,1.0,1.0
0,Family,Grandmother,25,0_0_0,0.05714285714285714,0.10810810810810811,1.0,0.8366336633663366,0.05714285714285714,0.0,0.0,0.0,0.0,0.0
0,Family,Grandmother,25,0_0_1,0.8,0.7567567567567568,0.717948717948718,0.9108910891089109,0.6086956521739131,0.125,0.2222222222222222,1.0,0.125,0.125
0,Family,Grandmother,25,0_1_0,0.9428571428571428,0.5892857142857143,0.42857142857142855,0.7722772277227723,0.4177215189873418,0.75,0.8571428571428571,1.0,0.75,0.75
0,Family,Grandmother,25,1_0_0,1.0,0.3056768558951965,0.18041237113402062,0.21287128712871287,0.18041237113402062,1.0,1.0,1.0,1.0,1.0
0,Family,Grandmother,25,1_1_1,0.17142857142857143,0.08695652173913043,0.05825242718446602,0.37623762376237624,0.045454545454545456,0.625,0.7692307692307693,1.0,0.625,0.625
0,Family,Grandmother,30,0_0_0,0.02857142857142857,0.05555555555555555,1.0,0.8316831683168316,0.02857142857142857,0.0,0.0,0.0,0.0,0.0
0,Family,Grandmother,30,0_0_1,0.7428571428571429,0.7323943661971831,0.7222222222222222,0.905940594059406,0.5777777777777777,0.1,0.18181818181818182,1.0,0.1,0.1
0,Family,Grandmother,30,0_1_0,0.8857142857142857,0.5849056603773585,0.43661971830985913,0.7821782178217822,0.41333333333333333,0.6,0.75,1.0,0.6,0.6
0,Family,Grandmother,30,1_0_0,1.0,0.3125,0.18518518518518517,0.2376237623762376,0.18518518518518517,1.0,1.0,1.0,1.0,1.0
0,Family,Grandmother,30,1_1_1,0.2,0.09722222222222222,0.06422018348623854,0.3564356435643564,0.051094890510948905,0.6,0.75,1.0,0.6,0.6
0,Family,Grandmother,35,0_0_0,0.02857142857142857,0.05555555555555555,1.0,0.8316831683168316,0.02857142857142857,0.0,0.0,0.0,0.0,0.0
0,Family,Grandmother,35,0_0_1,0.6857142857142857,0.6666666666666666,0.6486486486486487,0.8811881188118812,0.5,0.08333333333333333,0.15384615384615385,1.0,0.08333333333333333,0.08333333333333333
0,Family,Grandmother,35,0_1_0,0.9714285714285714,0.576271186440678,0.40963855421686746,0.7524752475247525,0.40476190476190477,0.9166666666666666,0.9565217391304348,1.0,0.9166666666666666,0.9166666666666666
0,Family,Grandmother,35,1_0_0,1.0,0.31390134529147984,0.18617021276595744,0.24257425742574257,0.18617021276595744,1.0,1.0,1.0,1.0,1.0
0,Family,Grandmother,35,1_1_1,0.17142857142857143,0.08759124087591241,0.058823529411764705,0.3811881188118812,0.04580152671755725,0.3333333333333333,0.5,1.0,0.3333333333333333,0.3333333333333333
0,Family,Grandmother,40,0_0_0,0.0,0.0,0.0,0.8267326732673267,0.0,0.0,0.0,0.0,0.0,0.0
0,Family,Grandmother,40,0_0_1,0.6571428571428571,0.71875,0.7931034482758621,0.9108910891089109,0.5609756097560976,0.14285714285714285,0.25,1.0,0.14285714285714285,0.14285714285714285
0,Family,Grandmother,40,0_1_0,0.8857142857142857,0.5636363636363636,0.41333333333333333,0.7623762376237624,0.3924050632911392,0.7142857142857143,0.8333333333333334,1.0,0.7142857142857143,0.7142857142857143
0,Family,Grandmother,40,1_0_0,1.0,0.319634703196347,0.19021739130434784,0.2623762376237624,0.19021739130434784,1.0,1.0,1.0,1.0,1.0
0,Family,Grandmother,40,1_1_1,0.2,0.10144927536231885,0.06796116504854369,0.38613861386138615,0.05343511450381679,0.42857142857142855,0.6,1.0,0.42857142857142855,0.42857142857142855
0,Family,Grandmother,45,0_0_0,0.08571428571428572,0.15789473684210525,1.0,0.8415841584158416,0.08571428571428572,0.0,0.0,0.0,0.0,0.0
0,Family,Grandmother,45,0_0_1,0.7714285714285715,0.7012987012987013,0.6428571428571429,0.8861386138613861,0.54,0.4666666666666667,0.6363636363636364,1.0,0.4666666666666667,0.4666666666666667
0,Family,Grandmother,45,0_1_0,0.8571428571428571,0.5714285714285714,0.42857142857142855,0.7772277227722773,0.4,0.6666666666666666,0.8,1.0,0.6666666666666666,0.6666666666666666
0,Family,Grandmother,45,1_0_0,1.0,0.33816425120772947,0.20348837209302326,0.3217821782178218,0.20348837209302326,1.0,1.0,1.0,1.0,1.0
0,Family,Grandmother,45,1_1_1,0.2857142857142857,0.12422360248447205,0.07936507936507936,0.30198019801980197,0.06622516556291391,0.4666666666666667,0.6363636363636364,1.0,0.4666666666666667,0.4666666666666667
0,Family,Grandmother,50,0_0_0,0.37142857142857144,0.5416666666666666,1.0,0.8910891089108911,0.37142857142857144,0.0,0.0,0.0,0.0,0.0
0,Family,Grandmother,50,0_0_1,0.0,0.0,0.0,0.6831683168316832,0.0,0.0,0.0,0.0,0.0,0.0
0,Family,Grandmother,50,0_1_0,0.0,0.0,0.0,0.8267326732673267,0.0,0.0,0.0,0.0,0.0,0.0
0,Family,Grandmother,50,1_0_0,0.05714285714285714,0.024844720496894408,0.015873015873015872,0.22277227722772278,0.012578616352201259,0.11764705882352941,0.21052631578947367,1.0,0.11764705882352941,0.11764705882352941
0,Family,Grandmother,50,1_1_1,0.02857142857142857,0.05405405405405406,0.5,0.8267326732673267,0.027777777777777776,0.0,0.0,0.0,0.0,0.0
0,Family,Grandmother,55,0_0_0,0.3142857142857143,0.4782608695652174,1.0,0.8811881188118812,0.3142857142857143,0.0,0.0,0.0,0.0,0.0
0,Family,Grandmother,55,0_0_1,0.0,0.0,0.0,0.6633663366336634,0.0,0.0,0.0,0.0,0.0,0.0
0,Family,Grandmother,55,0_1_0,0.0,0.0,0.0,0.8267326732673267,0.0,0.0,0.0,0.0,0.0,0.0
0,Family,Grandmother,55,1_0_0,0.05714285714285714,0.025477707006369428,0.01639344262295082,0.24257425742574257,0.012903225806451613,0.10526315789473684,0.19047619047619047,1.0,0.10526315789473684,0.10526315789473684
0,Family,Grandmother,55,1_1_1,0.02857142857142857,0.04878048780487805,0.16666666666666666,0.806930693069307,0.025,0.0,0.0,0.0,0.0,0.0
0,Family,Grandmother,60,0_0_0,0.22857142857142856,0.37209302325581395,1.0,0.8663366336633663,0.22857142857142856,0.0,0.0,0.0,0.0,0.0
0,Family,Grandmother,60,0_0_1,0.6,0.5753424657534246,0.5526315789473685,0.8465346534653465,0.40384615384615385,0.3333333333333333,0.5,1.0,0.3333333333333333,0.3333333333333333
0,Family,Grandmother,60,0_1_0,0.8857142857142857,0.5299145299145299,0.3780487804878049,0.7277227722772277,0.36046511627906974,0.8095238095238095,0.8947368421052632,1.0,0.8095238095238095,0.8095238095238095
0,Family,Grandmother,60,1_0_0,0.9714285714285714,0.3177570093457944,0.18994413407821228,0.27722772277227725,0.18888888888888888,0.9523809523809523,0.975609756097561,1.0,0.9523809523809523,0.9523809523809523
0,Family,Grandmother,60,1_1_1,0.0,0.0,0.0,0.8267326732673267,0.0,0.0,0.0,0.0,0.0,0.0
0,Family,Grandmother,65,0_0_0,0.11428571428571428,0.20512820512820512,1.0,0.8465346534653465,0.11428571428571428,0.0,0.0,0.0,0.0,0.0
0,Family,Grandmother,65,0_0_1,0.5142857142857142,0.6,0.72,0.8811881188118812,0.42857142857142855,0.22727272727272727,0.37037037037037035,1.0,0.22727272727272727,0.22727272727272727
0,Family,Grandmother,65,0_1_0,0.6571428571428571,0.45544554455445546,0.3484848484848485,0.7277227722772277,0.2948717948717949,0.45454545454545453,0.625,1.0,0.45454545454545453,0.45454545454545453
0,Family,Grandmother,65,1_0_0,1.0,0.330188679245283,0.1977401129943503,0.297029702970297,0.1977401129943503,1.0,1.0,1.0,1.0,1.0
0,Family,Grandmother,65,1_1_1,0.2857142857142857,0.18518518518518517,0.136986301369863,0.5643564356435643,0.10204081632653061,0.45454545454545453,0.625,1.0,0.45454545454545453,0.45454545454545453
0,Family,Grandmother,70,0_0_0,0.17142857142857143,0.2926829268292683,1.0,0.8564356435643564,0.17142857142857143,0.0,0.0,0.0,0.0,0.0
0,Family,Grandmother,70,0_0_1,0.42857142857142855,0.5357142857142857,0.7142857142857143,0.8712871287128713,0.36585365853658536,0.16666666666666666,0.2857142857142857,1.0,0.16666666666666666,0.16666666666666666
0,Family,Grandmother,70,0_1_0,0.5428571428571428,0.5135135135135135,0.48717948717948717,0.8217821782178217,0.34545454545454546,0.3333333333333333,0.5,1.0,0.3333333333333333,0.3333333333333333
0,Family,Grandmother,70,1_0_0,1.0,0.3153153153153153,0.18716577540106952,0.24752475247524752,0.18716577540106952,1.0,1.0,1.0,1.0,1.0
0,Family,Grandmother,70,1_1_1,0.22857142857142856,0.14285714285714285,0.1038961038961039,0.5247524752475248,0.07692307692307693,0.3333333333333333,0.5,1.0,0.3333333333333333,0.3333333333333333
0,Family,Grandmother,75,0_0_0,0.22857142857142856,0.37209302325581395,1.0,0.8663366336633663,0.22857142857142856,0.0,0.0,0.0,0.0,0.0
0,Family,Grandmother,75,0_0_1,0.34285714285714286,0.46153846153846156,0.7058823529411765,0.8613861386138614,0.3,0.11538461538461539,0.20689655172413793,1.0,0.11538461538461539,0.11538461538461539
0,Family,Grandmother,75,0_1_0,0.45714285714285713,0.5079365079365079,0.5714285714285714,0.8465346534653465,0.3404255319148936,0.2692307692307692,0.42424242424242425,1.0,0.2692307692307692,0.2692307692307692
0,Family,Grandmother,75,1_0_0,1.0,0.37037037037037035,0.22727272727272727,0.41089108910891087,0.22727272727272727,1.0,1.0,1.0,1.0,1.0
0,Family,Grandmother,75,1_1_1,0.3142857142857143,0.19130434782608696,0.1375,0.5396039603960396,0.10576923076923077,0.4230769230769231,0.5945945945945946,1.0,0.4230769230769231,0.4230769230769231
0,Family,Grandmother,80,0_0_0,0.17142857142857143,0.2926829268292683,1.0,0.8564356435643564,0.17142857142857143,0.0,0.0,0.0,0.0,0.0
0,Family,Grandmother,80,0_0_1,0.5142857142857142,0.5806451612903226,0.6666666666666666,0.8712871287128713,0.4090909090909091,0.39285714285714285,0.5641025641025641,1.0,0.39285714285714285,0.39285714285714285
0,Family,Grandmother,80,0_1_0,0.4857142857142857,0.5483870967741935,0.6296296296296297,0.8613861386138614,0.37777777777777777,0.35714285714285715,0.5263157894736842,1.0,0.35714285714285715,0.35714285714285715
0,Family,Grandmother,80,1_0_0,0.9428571428571428,0.3384615384615385,0.20625,0.3613861386138614,0.2037037037037037,0.9285714285714286,0.9629629629629629,1.0,0.9285714285714286,0.9285714285714286
0,Family,Grandmother,80,1_1_1,0.42857142857142855,0.15873015873015872,0.09740259740259741,0.21287128712871287,0.08620689655172414,0.4642857142857143,0.6341463414634146,1.0,0.4642857142857143,0.4642857142857143
0,Family,Grandson,0,0_0_0,0.7906976744186046,0.8831168831168831,1.0,0.9554455445544554,0.7906976744186046,,,,,
0,Family,Grandson,0,0_0_1,1.0,0.7478260869565218,0.5972222222222222,0.8564356435643564,0.5972222222222222,,,,,
0,Family,Grandson,0,0_1_0,1.0,0.7610619469026548,0.6142857142857143,0.8663366336633663,0.6142857142857143,,,,,
0,Family,Grandson,0,1_0_0,1.0,0.36909871244635195,0.22631578947368422,0.2722772277227723,0.22631578947368422,,,,,
0,Family,Grandson,0,1_1_1,0.0,0.0,0.0,0.6782178217821783,0.0,,,,,
0,Family,Grandson,5,0_0_0,0.7674418604651163,0.868421052631579,1.0,0.9504950495049505,0.7674418604651163,0.0,0.0,0.0,0.0,0.0
0,Family,Grandson,5,0_0_1,1.0,0.7478260869565218,0.5972222222222222,0.8564356435643564,0.5972222222222222,1.0,1.0,1.0,1.0,1.0
0,Family,Grandson,5,0_1_0,1.0,0.7478260869565218,0.5972222222222222,0.8564356435643564,0.5972222222222222,1.0,1.0,1.0,1.0,1.0
0,Family,Grandson,5,1_0_0,1.0,0.36752136752136755,0.225130890052356,0.26732673267326734,0.225130890052356,1.0,1.0,1.0,1.0,1.0
0,Family,Grandson,5,1_1_1,0.0,0.0,0.0,0.6732673267326733,0.0,0.0,0.0,0.0,0.0,0.0
0,Family,Grandson,10,0_0_0,0.6744186046511628,0.8055555555555556,1.0,0.9306930693069307,0.6744186046511628,0.0,0.0,0.0,0.0,0.0
0,Family,Grandson,10,0_0_1,0.9767441860465116,0.75,0.6086956521739131,0.8613861386138614,0.6,0.75,0.8571428571428571,1.0,0.75,0.75
0,Family,Grandson,10,0_1_0,1.0,0.7678571428571429,0.6231884057971014,0.8712871287128713,0.6231884057971014,1.0,1.0,1.0,1.0,1.0
0,Family,Grandson,10,1_0_0,1.0,0.36909871244635195,0.22631578947368422,0.2722772277227723,0.22631578947368422,1.0,1.0,1.0,1.0,1.0
0,Family,Grandson,10,1_1_1,0.0,0.0,0.0,0.6584158415841584,0.0,0.0,0.0,0.0,0.0,0.0
0,Family,Grandson,15,0_0_0,0.6976744186046512,0.821917808219178,1.0,0.9356435643564357,0.6976744186046512,0.0,0.0,0.0,0.0,0.0
0,Family,Grandson,15,0_0_1,0.9534883720930233,0.7592592592592593,0.6307692307692307,0.8712871287128713,0.6119402985074627,0.6666666666666666,0.8,1.0,0.6666666666666666,0.6666666666666666
0,Family,Grandson,15,0_1_0,1.0,0.7747747747747747,0.6323529411764706,0.8762376237623762,0.6323529411764706,1.0,1.0,1.0,1.0,1.0
0,Family,Grandson,15,1_0_0,1.0,0.3659574468085106,0.22395833333333334,0.2623762376237624,0.22395833333333334,1.0,1.0,1.0,1.0,1.0
0,Family,Grandson,15,1_1_1,0.0,0.0,0.0,0.6435643564356436,0.0,0.0,0.0,0.0,0.0,0.0
0,Family,Grandson,20,0_0_0,0.813953488372093,0.8974358974358975,1.0,0.9603960396039604,0.813953488372093,0.0,0.0,0.0,0.0,0.0
0,Family,Grandson,20,0_0_1,0.9534883720930233,0.8367346938775511,0.7454545454545455,0.9207920792079208,0.7192982456140351,0.75,0.8571428571428571,1.0,0.75,0.75
0,Family,Grandson,20,0_1_0,0.9534883720930233,0.6356589147286822,0.47674418604651164,0.7673267326732673,0.4659090909090909,0.75,0.8571428571428571,1.0,0.75,0.75
0,Family,Grandson,20,1_0_0,1.0,0.40186915887850466,0.25146198830409355,0.36633663366336633,0.25146198830409355,1.0,1.0,1.0,1.0,1.0
0,Family,Grandson,20,1_1_1,0.20930232558139536,0.09836065573770492,0.06428571428571428,0.18316831683168316,0.05172413793103448,0.5,0.6666666666666666,1.0,0.5,0.5
0,Family,Grandson,25,0_0_0,0.7674418604651163,0.868421052631579,1.0,0.9504950495049505,0.7674418604651163,0.0,0.0,0.0,0.0,0.0
0,Family,Grandson,25,0_0_1,0.9302325581395349,0.8247422680412371,0.7407407407407407,0.9158415841584159,0.7017543859649122,0.7,0.8235294117647058,1.0,0.7,0.7
0,Family,Grandson,25,0_1_0,0.9767441860465116,0.6666666666666666,0.5060240963855421,0.7920792079207921,0.5,0.9,0.9473684210526315,1.0,0.9,0.9
0,Family,Grandson,25,1_0_0,1.0,0.40375586854460094,0.2529411764705882,0.3712871287128713,0.2529411764705882,1.0,1.0,1.0,1.0,1.0
0,Family,Grandson,25,1_1_1,0.20930232558139536,0.09836065573770492,0.06428571428571428,0.18316831683168316,0.05172413793103448,0.6,0.75,1.0,0.6,0.6
0,Family,Grandson,30,0_0_0,0.7209302325581395,0.8378378378378378,1.0,0.9405940594059405,0.7209302325581395,0.0,0.0,0.0,0.0,0.0
0,Family,Grandson,30,0_0_1,0.8837209302325582,0.8172043010752689,0.76,0.9158415841584159,0.6909090909090909,0.5833333333333334,0.7368421052631579,1.0,0.5833333333333334,0.5833333333333334
0,Family,Grandson,30,0_1_0,1.0,0.6991869918699187,0.5375,0.8168316831683168,0.5375,1.0,1.0,1.0,1.0,1.0
0,Family,Grandson,30,1_0_0,1.0,0.4236453201970443,0.26875,0.4207920792079208,0.26875,1.0,1.0,1.0,1.0,1.0
0,Family,Grandson,30,1_1_1,0.2558139534883721,0.11702127659574468,0.07586206896551724,0.1782178217821782,0.062146892655367235,0.5833333333333334,0.7368421052631579,1.0,0.5833333333333334,0.5833333333333334
0,Family,Grandson,35,0_0_0,0.627906976744186,0.7714285714285715,1.0,0.9207920792079208,0.627906976744186,0.0,0.0,0.0,0.0,0.0
0,Family,Grandson,35,0_0_1,0.9302325581395349,0.8695652173913043,0.8163265306122449,0.9405940594059405,0.7692307692307693,0.8,0.8888888888888888,1.0,0.8,0.8
0,Family,Grandson,35,0_1_0,1.0,0.7288135593220338,0.5733333333333334,0.8415841584158416,0.5733333333333334,1.0,1.0,1.0,1.0,1.0
0,Family,Grandson,35,1_0_0,1.0,0.3788546255506608,0.23369565217391305,0.30198019801980197,0.23369565217391305,1.0,1.0,1.0,1.0,1.0
0,Family,Grandson,35,1_1_1,0.27906976744186046,0.1610738255033557,0.11320754716981132,0.3811881188118812,0.08759124087591241,0.4666666666666667,0.6363636363636364,1.0,0.4666666666666667,0.4666666666666667
0,Family,Grandson,40,0_0_0,0.6046511627906976,0.7536231884057971,1.0,0.9158415841584159,0.6046511627906976,0.0,0.0,0.0,0.0,0.0
0,Family,Grandson,40,0_0_1,0.8604651162790697,0.8409090909090909,0.8222222222222222,0.9306930693069307,0.7254901960784313,0.6470588235294118,0.7857142857142857,1.0,0.6470588235294118,0.6470588235294118
0,Family,Grandson,40,0_1_0,1.0,0.688,0.524390243902439,0.806930693069307,0.524390243902439,1.0,1.0,1.0,1.0,1.0
0,Family,Grandson,40,1_0_0,1.0,0.38565022421524664,0.2388888888888889,0.3217821782178218,0.2388888888888889,1.0,1.0,1.0,1.0,1.0
0,Family,Grandson,40,1_1_1,0.23255813953488372,0.14705882352941177,0.10752688172043011,0.42574257425742573,0.07936507936507936,0.35294117647058826,0.5217391304347826,1.0,0.35294117647058826,0.35294117647058826
0,Family,Grandson,45,0_0_0,0.5581395348837209,0.7164179104477612,1.0,0.905940594059406,0.5581395348837209,0.0,0.0,0.0,0.0,0.0
0,Family,Grandson,45,0_0_1,0.6976744186046512,0.7692307692307693,0.8571428571428571,0.9108910891089109,0.625,0.3157894736842105,0.48,1.0,0.3157894736842105,0.3157894736842105
0,Family,Grandson,45,0_1_0,1.0,0.7818181818181819,0.6417910447761194,0.8811881188118812,0.6417910447761194,1.0,1.0,1.0,1.0,1.0
0,Family,Grandson,45,1_0_0,1.0,0.4942528735632184,0.3282442748091603,0.5643564356435643,0.3282442748091603,1.0,1.0,1.0,1.0,1.0
0,Family,Grandson,45,1_1_1,0.7906976744186046,0.3022222222222222,0.18681318681318682,0.22277227722772278,0.17801047120418848,0.8421052631578947,0.9142857142857143,1.0,0.8421052631578947,0.8421052631578947
0,Family,Grandson,50,0_0_0,0.5116279069767442,0.676923076923077,1.0,0.8960396039603961,0.5116279069767442,0.0,0.0,0.0,0.0,0.0
0,Family,Grandson,50,0_0_1,0.6511627906976745,0.7777777777777778,0.9655172413793104,0.9207920792079208,0.6363636363636364,0.2857142857142857,0.4444444444444444,1.0,0.2857142857142857,0.2857142857142857
0,Family,Grandson,50,0_1_0,0.9534883720930233,0.7735849056603774,0.6507936507936508,0.8811881188118812,0.6307692307692307,0.9047619047619048,0.95,1.0,0.9047619047619048,0.9047619047619048
0,Family,Grandson,50,1_0_0,1.0,0.5029239766081871,0.3359375,0.5792079207920792,0.3359375,1.0,1.0,1.0,1.0,1.0
0,Family,Grandson,50,1_1_1,0.7674418604651163,0.29596412556053814,0.18333333333333332,0.22277227722772278,0.1736842105263158,0.8095238095238095,0.8947368421052632,1.0,0.8095238095238095,0.8095238095238095
0,Family,Grandson,55,0_0_0,0.46511627906976744,0.6349206349206349,1.0,0.8861386138613861,0.46511627906976744,0.0,0.0,0.0,0.0,0.0
0,Family,Grandson,55,0_0_1,0.5813953488372093,0.704225352112676,0.8928571428571429,0.8960396039603961,0.5434782608695652,0.21739130434782608,0.35714285714285715,1.0,0.21739130434782608,0.21739130434782608
0,Family,Grandson,55,0_1_0,0.9767441860465116,0.7924528301886793,0.6666666666666666,0.8910891089108911,0.65625,0.9565217391304348,0.9777777777777777,1.0,0.9565217391304348,0.9565217391304348
0,Family,Grandson,55,1_0_0,1.0,0.48044692737430167,0.3161764705882353,0.5396039603960396,0.3161764705882353,1.0,1.0,1.0,1.0,1.0
0,Family,Grandson,55,1_1_1,0.8372093023255814,0.32,0.1978021978021978,0.24257425742574257,0.19047619047619047,0.9130434782608695,0.9545454545454546,1.0,0.9130434782608695,0.9130434782608695
0,Family,Grandson,60,0_0_0,0.4186046511627907,0.5901639344262295,1.0,0.8762376237623762,0.4186046511627907,0.0,0.0,0.0,0.0,0.0
0,Family,Grandson,60,0_0_1,0.627906976744186,0.7397260273972602,0.9,0.905940594059406,0.5869565217391305,0.36,0.5294117647058824,1.0,0.36,0.36
0,Family,Grandson,60,0_1_0,0.9302325581395349,0.7766990291262136,0.6666666666666666,0.8861386138613861,0.6349206349206349,0.88,0.9361702127659575,1.0,0.88,0.88
0,Family,Grandson,60,1_0_0,1.0,0.44559585492227977,0.2866666666666667,0.47029702970297027,0.2866666666666667,1.0,1.0,1.0,1.0,1.0
0,Family,Grandson,60,1_1_1,0.8604651162790697,0.31896551724137934,0.19576719576719576,0.21782178217821782,0.18974358974358974,0.92,0.9583333333333334,1.0,0.92,0.92
0,Family,Grandson,65,0_0_0,0.37209302325581395,0.5423728813559322,1.0,0.8663366336633663,0.37209302325581395,0.0,0.0,0.0,0.0,0.0
0,Family,Grandson,65,0_0_1,0.5581395348837209,0.6666666666666666,0.8275862068965517,0.8811881188118812,0.5,0.2962962962962963,0.45714285714285713,1.0,0.2962962962962963,0.2962962962962963
0,Family,Grandson,65,0_1_0,0.8372093023255814,0.7578947368421053,0.6923076923076923,0.8861386138613861,0.6101694915254238,0.7407407407407407,0.851063829787234,1.0,0.7407407407407407,0.7407407407407407
0,Family,Grandson,65,1_0_0,1.0,0.4365482233502538,0.2792207792207792,0.4504950495049505,0.2792207792207792,1.0,1.0,1.0,1.0,1.0
0,Family,Grandson,65,1_1_1,0.8372093023255814,0.3090128755364807,0.18947368421052632,0.20297029702970298,0.18274111675126903,0.9259259259259259,0.9615384615384616,1.0,0.9259259259259259,0.9259259259259259
0,Family,Grandson,70,0_0_0,0.11627906976744186,0.20833333333333334,1.0,0.8118811881188119,0.11627906976744186,0.0,0.0,0.0,0.0,0.0
0,Family,Grandson,70,0_0_1,0.4883720930232558,0.5833333333333334,0.7241379310344828,0.8514851485148515,0.4117647058823529,0.26666666666666666,0.42105263157894735,1.0,0.26666666666666666,0.26666666666666666
0,Family,Grandson,70,0_1_0,0.7906976744186046,0.7472527472527473,0.7083333333333334,0.8861386138613861,0.5964912280701754,0.7,0.8235294117647058,1.0,0.7,0.7
0,Family,Grandson,70,1_0_0,1.0,0.441025641025641,0.28289473684210525,0.4603960396039604,0.28289473684210525,1.0,1.0,1.0,1.0,1.0
0,Family,Grandson,70,1_1_1,0.11627906976744186,0.05319148936170213,0.034482758620689655,0.1188118811881188,0.0273224043715847,0.16666666666666666,0.2857142857142857,1.0,0.16666666666666666,0.16666666666666666
0,Family,Grandson,75,0_0_0,0.06976744186046512,0.13043478260869565,1.0,0.801980198019802,0.06976744186046512,0.0,0.0,0.0,0.0,0.0
0,Family,Grandson,75,0_0_1,0.3953488372093023,0.5151515151515151,0.7391304347826086,0.8415841584158416,0.3469387755102041,0.1875,0.3157894736842105,1.0,0.1875,0.1875
0,Family,Grandson,75,0_1_0,0.7209302325581395,0.6888888888888889,0.6595744680851063,0.8613861386138614,0.5254237288135594,0.625,0.7692307692307693,1.0,0.625,0.625
0,Family,Grandson,75,1_0_0,1.0,0.42574257425742573,0.27044025157232704,0.42574257425742573,0.27044025157232704,1.0,1.0,1.0,1.0,1.0
0,Family,Grandson,75,1_1_1,0.20930232558139536,0.09326424870466321,0.06,0.13366336633663367,0.04891304347826087,0.25,0.4,1.0,0.25,0.25
0,Family,Grandson,80,0_0_0,0.06976744186046512,0.13043478260869565,1.0,0.801980198019802,0.06976744186046512,0.0,0.0,0.0,0.0,0.0
0,Family,Grandson,80,0_0_1,0.4186046511627907,0.5454545454545454,0.782608695652174,0.8514851485148515,0.375,0.2647058823529412,0.4186046511627907,1.0,0.2647058823529412,0.2647058823529412
0,Family,Grandson,80,0_1_0,0.6744186046511628,0.6373626373626373,0.6041666666666666,0.8366336633663366,0.46774193548387094,0.5882352941176471,0.7407407407407407,1.0,0.5882352941176471,0.5882352941176471
0,Family,Grandson,80,1_0_0,0.9767441860465116,0.4097560975609756,0.25925925925925924,0.400990099009901,0.25766871165644173,0.9705882352941176,0.9850746268656716,1.0,0.9705882352941176,0.9705882352941176
0,Family,Grandson,80,1_1_1,0.6976744186046512,0.26785714285714285,0.16574585635359115,0.18811881188118812,0.15463917525773196,0.7647058823529411,0.8666666666666667,1.0,0.7647058823529411,0.7647058823529411
0,Family,Mother,0,0_0_0,0.4,0.5714285714285714,1.0,0.8217821782178217,0.4,,,,,
0,Family,Mother,0,0_0_1,1.0,0.9302325581395349,0.8695652173913043,0.9554455445544554,0.8695652173913043,,,,,
0,Family,Mother,0,0_1_0,1.0,0.7692307692307693,0.625,0.8217821782178217,0.625,,,,,
0,Family,Mother,0,1_0_0,1.0,0.5,0.3333333333333333,0.40594059405940597,0.3333333333333333,,,,,
0,Family,Mother,0,1_1_1,0.1,0.09375,0.08823529411764706,0.42574257425742573,0.04918032786885246,,,,,
0,Family,Mother,5,0_0_0,0.4666666666666667,0.6363636363636364,1.0,0.8415841584158416,0.4666666666666667,0.0,0.0,0.0,0.0,0.0
0,Family,Mother,5,0_0_1,0.9666666666666667,0.928,0.8923076923076924,0.9554455445544554,0.8656716417910447,0.3333333333333333,0.5,1.0,0.3333333333333333,0.3333333333333333
0,Family,Mother,5,0_1_0,0.9833333333333333,0.7712418300653595,0.6344086021505376,0.8267326732673267,0.6276595744680851,0.6666666666666666,0.8,1.0,0.6666666666666666,0.6666666666666666
0,Family,Mother,5,1_0_0,1.0,0.5106382978723404,0.34285714285714286,0.4306930693069307,0.34285714285714286,1.0,1.0,1.0,1.0,1.0
0,Family,Mother,5,1_1_1,0.11666666666666667,0.109375,0.10294117647058823,0.43564356435643564,0.05785123966942149,0.6666666666666666,0.8,1.0,0.6666666666666666,0.6666666666666666
0,Family,Mother,10,0_0_0,0.25,0.4,1.0,0.7772277227722773,0.25,0.0,0.0,0.0,0.0,0.0
0,Family,Mother,10,0_0_1,0.9666666666666667,0.943089430894309,0.9206349206349206,0.9653465346534653,0.8923076923076924,0.6666666666666666,0.8,1.0,0.6666666666666666,0.6666666666666666
0,Family,Mother,10,0_1_0,1.0,0.7741935483870968,0.631578947368421,0.8267326732673267,0.631578947368421,1.0,1.0,1.0,1.0,1.0
0,Family,Mother,10,1_0_0,1.0,0.5769230769230769,0.40540540540540543,0.5643564356435643,0.40540540540540543,1.0,1.0,1.0,1.0,1.0
0,Family,Mother,10,1_1_1,0.03333333333333333,0.02962962962962963,0.02666666666666667,0.35148514851485146,0.015037593984962405,0.3333333333333333,0.5,1.0,0.3333333333333333,0.3333333333333333
0,Family,Mother,15,0_0_0,0.18333333333333332,0.30985915492957744,1.0,0.7574257425742574,0.18333333333333332,0.0,0.0,0.0,0.0,0.0
0,Family,Mother,15,0_0_1,0.9166666666666666,0.9166666666666666,0.9166666666666666,0.9504950495049505,0.8461538461538461,0.4444444444444444,0.6153846153846154,1.0,0.4444444444444444,0.4444444444444444
0,Family,Mother,15,0_1_0,1.0,0.7317073170731707,0.5769230769230769,0.7821782178217822,0.5769230769230769,1.0,1.0,1.0,1.0,1.0
0,Family,Mother,15,1_0_0,1.0,0.47244094488188976,0.30927835051546393,0.33663366336633666,0.30927835051546393,1.0,1.0,1.0,1.0,1.0
0,Family,Mother,15,1_1_1,0.1,0.075,0.06,0.26732673267326734,0.03896103896103896,0.3333333333333333,0.5,1.0,0.3333333333333333,0.3333333333333333
0,Family,Mother,20,0_0_0,0.1,0.18181818181818182,1.0,0.7326732673267327,0.1,0.0,0.0,0.0,0.0,0.0
0,Family,Mother,20,0_0_1,0.85,0.8571428571428571,0.864406779661017,0.9158415841584159,0.75,0.25,0.4,1.0,0.25,0.25
0,Family,Mother,20,0_1_0,0.9666666666666667,0.8226950354609929,0.7160493827160493,0.8762376237623762,0.6987951807228916,0.8333333333333334,0.9090909090909091,1.0,0.8333333333333334,0.8333333333333334
0,Family,Mother,20,1_0_0,1.0,0.48,0.3157894736842105,0.3564356435643564,0.3157894736842105,1.0,1.0,1.0,1.0,1.0
0,Family,Mother,20,1_1_1,0.03333333333333333,0.025806451612903226,0.021052631578947368,0.2524752475247525,0.013071895424836602,0.16666666666666666,0.2857142857142857,1.0,0.16666666666666666,0.16666666666666666
0,Family,Mother,25,0_0_0,0.08333333333333333,0.15384615384615385,1.0,0.7277227722772277,0.08333333333333333,0.0,0.0,0.0,0.0,0.0
0,Family,Mother,25,0_0_1,0.85,0.8429752066115702,0.8360655737704918,0.905940594059406,0.7285714285714285,0.4,0.5714285714285714,1.0,0.4,0.4
0,Family,Mother,25,0_1_0,0.9166666666666666,0.8029197080291971,0.7142857142857143,0.8663366336633663,0.6707317073170732,0.6666666666666666,0.8,1.0,0.6666666666666666,0.6666666666666666
0,Family,Mother,25,1_0_0,1.0,0.47244094488188976,0.30927835051546393,0.33663366336633666,0.30927835051546393,1.0,1.0,1.0,1.0,1.0
0,Family,Mother,25,1_1_1,0.05,0.039735099337748346,0.03296703296703297,0.28217821782178215,0.02027027027027027,0.2,0.3333333333333333,1.0,0.2,0.2
0,Family,Mother,30,0_0_0,0.1,0.18181818181818182,1.0,0.7326732673267327,0.1,0.0,0.0,0.0,0.0,0.0
0,Family,Mother,30,0_0_1,0.7833333333333333,0.831858407079646,0.8867924528301887,0.905940594059406,0.7121212121212122,0.2777777777777778,0.43478260869565216,1.0,0.2777777777777778,0.2777777777777778
0,Family,Mother,30,0_1_0,0.9,0.8,0.72,0.8663366336633663,0.6666666666666666,0.6666666666666666,0.8,1.0,0.6666666666666666,0.6666666666666666
0,Family,Mother,30,1_0_0,1.0,0.47244094488188976,0.30927835051546393,0.33663366336633666,0.30927835051546393,1.0,1.0,1.0,1.0,1.0
0,Family,Mother,30,1_1_1,0.03333333333333333,0.026143790849673203,0.021505376344086023,0.2623762376237624,0.013245033112582781,0.1111111111111111,0.2,1.0,0.1111111111111111,0.1111111111111111
0,Family,Mother,35,0_0_0,0.016666666666666666,0.03278688524590164,1.0,0.7079207920792079,0.016666666666666666,0.0,0.0,0.0,0.0,0.0
0,Family,Mother,35,0_0_1,0.7333333333333333,0.7927927927927928,0.8627450980392157,0.8861386138613861,0.6567164179104478,0.23809523809523808,0.38461538461538464,1.0,0.23809523809523808,0.23809523809523808
0,Family,Mother,35,0_1_0,0.9,0.8120300751879699,0.7397260273972602,0.8762376237623762,0.6835443037974683,0.7142857142857143,0.8333333333333334,1.0,0.7142857142857143,0.7142857142857143
0,Family,Mother,35,1_0_0,1.0,0.48582995951417,0.32085561497326204,0.3712871287128713,0.32085561497326204,1.0,1.0,1.0,1.0,1.0
0,Family,Mother,35,1_1_1,0.08333333333333333,0.07042253521126761,0.06097560975609756,0.3465346534653465,0.0364963503649635,0.19047619047619047,0.32,1.0,0.19047619047619047,0.19047619047619047
0,Family,Mother,40,0_0_0,0.05,0.09523809523809523,1.0,0.7178217821782178,0.05,0.0,0.0,0.0,0.0,0.0
0,Family,Mother,40,0_0_1,0.6833333333333333,0.7522935779816514,0.8367346938775511,0.8663366336633663,0.6029411764705882,0.20833333333333334,0.3448275862068966,1.0,0.20833333333333334,0.20833333333333334
0,Family,Mother,40,0_1_0,0.8666666666666667,0.7428571428571429,0.65,0.8217821782178217,0.5909090909090909,0.6666666666666666,0.8,1.0,0.6666666666666666,0.6666666666666666
0,Family,Mother,40,1_0_0,1.0,0.4918032786885246,0.32608695652173914,0.38613861386138615,0.32608695652173914,1.0,1.0,1.0,1.0,1.0
0,Family,Mother,40,1_1_1,0.1,0.08823529411764706,0.07894736842105263,0.38613861386138615,0.046153846153846156,0.20833333333333334,0.3448275862068966,1.0,0.20833333333333334,0.20833333333333334
0,Family,Mother,45,0_0_0,0.016666666666666666,0.03278688524590164,1.0,0.7079207920792079,0.016666666666666666,0.0,0.0,0.0,0.0,0.0
0,Family,Mother,45,0_0_1,0.6666666666666666,0.7407407407407407,0.8333333333333334,0.8613861386138614,0.5882352941176471,0.25925925925925924,0.4117647058823529,1.0,0.25925925925925924,0.25925925925925924
0,Family,Mother,45,0_1_0,0.85,0.8225806451612904,0.796875,0.8910891089108911,0.6986301369863014,0.6666666666666666,0.8,1.0,0.6666666666666666,0.6666666666666666
0,Family,Mother,45,1_0_0,1.0,0.5,0.3333333333333333,0.40594059405940597,0.3333333333333333,1.0,1.0,1.0,1.0,1.0
0,Family,Mother,45,1_1_1,0.1,0.08955223880597014,0.08108108108108109,0.39603960396039606,0.046875,0.18518518518518517,0.3125,1.0,0.18518518518518517,0.18518518518518517
0,Family,Mother,50,0_0_0,0.016666666666666666,0.03278688524590164,1.0,0.7079207920792079,0.016666666666666666,0.0,0.0,0.0,0.0,0.0
0,Family,Mother,50,0_0_1,0.6333333333333333,0.7169811320754716,0.8260869565217391,0.8514851485148515,0.5588235294117647,0.26666666666666666,0.42105263157894735,1.0,0.26666666666666666,0.26666666666666666
0,Family,Mother,50,0_1_0,0.7166666666666667,0.7610619469026548,0.8113207547169812,0.8663366336633663,0.6142857142857143,0.43333333333333335,0.6046511627906976,1.0,0.43333333333333335,0.43333333333333335
0,Family,Mother,50,1_0_0,1.0,0.4897959183673469,0.32432432432432434,0.3811881188118812,0.32432432432432434,1.0,1.0,1.0,1.0,1.0
0,Family,Mother,50,1_1_1,0.08333333333333333,0.06756756756756757,0.056818181818181816,0.31683168316831684,0.03496503496503497,0.13333333333333333,0.23529411764705882,1.0,0.13333333333333333,0.13333333333333333
0,Family,Mother,55,0_0_0,0.13333333333333333,0.23529411764705882,1.0,0.7425742574257426,0.13333333333333333,0.0,0.0,0.0,0.0,0.0
0,Family,Mother,55,0_0_1,0.6,0.6923076923076923,0.8181818181818182,0.8415841584158416,0.5294117647058824,0.2727272727272727,0.42857142857142855,1.0,0.2727272727272727,0.2727272727272727
0,Family,Mother,55,0_1_0,0.75,0.743801652892562,0.7377049180327869,0.8465346534653465,0.5921052631578947,0.5454545454545454,0.7058823529411765,1.0,0.5454545454545454,0.5454545454545454
0,Family,Mother,55,1_0_0,0.95,0.5302325581395348,0.36774193548387096,0.5,0.36075949367088606,0.9090909090909091,0.9523809523809523,1.0,0.9090909090909091,0.9090909090909091
0,Family,Mother,55,1_1_1,0.2833333333333333,0.18579234972677597,0.13821138211382114,0.2623762376237624,0.10240963855421686,0.3333333333333333,0.5,1.0,0.3333333333333333,0.3333333333333333
0,Family,Mother,60,0_0_0,0.13333333333333333,0.23529411764705882,1.0,0.7425742574257426,0.13333333333333333,0.0,0.0,0.0,0.0,0.0
0,Family,Mother,60,0_0_1,0.5333333333333333,0.6530612244897959,0.8421052631578947,0.8316831683168316,0.48484848484848486,0.2222222222222222,0.36363636363636365,1.0,0.2222222222222222,0.2222222222222222
0,Family,Mother,60,0_1_0,0.7333333333333333,0.6984126984126984,0.6666666666666666,0.8118811881188119,0.5365853658536586,0.5555555555555556,0.7142857142857143,1.0,0.5555555555555556,0.5555555555555556
0,Family,Mother,60,1_0_0,0.9333333333333333,0.5333333333333333,0.37333333333333335,0.5148514851485149,0.36363636363636365,0.8888888888888888,0.9411764705882353,1.0,0.8888888888888888,0.8888888888888888
0,Family,Mother,60,1_1_1,0.23333333333333334,0.1564245810055866,0.11764705882352941,0.2524752475247525,0.08484848484848485,0.2222222222222222,0.36363636363636365,1.0,0.2222222222222222,0.2222222222222222
0,Family,Mother,65,0_0_0,0.15,0.2608695652173913,1.0,0.7475247524752475,0.15,0.0,0.0,0.0,0.0,0.0
0,Family,Mother,65,0_0_1,0.35,0.5121951219512195,0.9545454545454546,0.801980198019802,0.3442622950819672,0.0,0.0,0.0,0.0,0.0
0,Family,Mother,65,0_1_0,0.7666666666666667,0.7301587301587301,0.696969696969697,0.8316831683168316,0.575,0.6410256410256411,0.78125,1.0,0.6410256410256411,0.6410256410256411
0,Family,Mother,65,1_0_0,0.95,0.5112107623318386,0.3496932515337423,0.4603960396039604,0.3433734939759036,0.9230769230769231,0.96,1.0,0.9230769230769231,0.9230769230769231
0,Family,Mother,65,1_1_1,0.7,0.4421052631578947,0.3230769230769231,0.4752475247524752,0.28378378378378377,0.7692307692307693,0.8695652173913043,1.0,0.7692307692307693,0.7692307692307693
0,Family,Mother,70,0_0_0,0.2,0.3333333333333333,1.0,0.7623762376237624,0.2,0.0,0.0,0.0,0.0,0.0
0,Family,Mother,70,0_0_1,0.31666666666666665,0.475,0.95,0.7920792079207921,0.3114754098360656,0.023809523809523808,0.046511627906976744,1.0,0.023809523809523808,0.023809523809523808
0,Family,Mother,70,0_1_0,0.65,0.6666666666666666,0.6842105263157895,0.806930693069307,0.5,0.5,0.6666666666666666,1.0,0.5,0.5
0,Family,Mother,70,1_0_0,0.9333333333333333,0.5743589743589743,0.4148148148148148,0.5891089108910891,0.4028776978417266,0.9047619047619048,0.95,1.0,0.9047619047619048,0.9047619047619048
0,Family,Mother,70,1_1_1,0.5833333333333334,0.42424242424242425,0.3333333333333333,0.5297029702970297,0.2692307692307692,0.7380952380952381,0.8493150684931506,1.0,0.7380952380952381,0.7380952380952381
0,Family,Mother,75,0_0_0,0.2,0.3333333333333333,1.0,0.7623762376237624,0.2,0.0,0.0,0.0,0.0,0.0
0,Family,Mother,75,0_0_1,0.26666666666666666,0.4155844155844156,0.9411764705882353,0.7772277227722773,0.26229508196721313,0.022222222222222223,0.043478260869565216,1.0,0.022222222222222223,0.022222222222222223
0,Family,Mother,75,0_1_0,0.5333333333333333,0.5925925925925926,0.6666666666666666,0.7821782178217822,0.42105263157894735,0.37777777777777777,0.5483870967741935,1.0,0.37777777777777777,0.37777777777777777
0,Family,Mother,75,1_0_0,0.9166666666666666,0.5913978494623656,0.4365079365079365,0.6237623762376238,0.4198473282442748,0.8888888888888888,0.9411764705882353,1.0,0.8888888888888888,0.8888888888888888
0,Family,Mother,75,1_1_1,0.6166666666666667,0.4157303370786517,0.3135593220338983,0.48514851485148514,0.2624113475177305,0.7333333333333333,0.8461538461538461,1.0,0.7333333333333333,0.7333333333333333
0,Family,Mother,80,0_0_0,0.18333333333333332,0.30985915492957744,1.0,0.7574257425742574,0.18333333333333332,0.0,0.0,0.0,0.0,0.0
0,Family,Mother,80,0_0_1,0.21666666666666667,0.34210526315789475,0.8125,0.7524752475247525,0.20634920634920634,0.020833333333333332,0.04081632653061224,1.0,0.020833333333333332,0.020833333333333332
0,Family,Mother,80,0_1_0,0.48333333333333334,0.5471698113207547,0.6304347826086957,0.7623762376237624,0.37662337662337664,0.3541666666666667,0.5230769230769231,1.0,0.3541666666666667,0.3541666666666667
0,Family,Mother,80,1_0_0,0.9666666666666667,0.5888324873096447,0.4233576642335766,0.599009900990099,0.4172661870503597,0.9583333333333334,0.9787234042553191,1.0,0.9583333333333334,0.9583333333333334
0,Family,Mother,80,1_1_1,0.5833333333333334,0.4093567251461988,0.3153153153153153,0.5,0.25735294117647056,0.6458333333333334,0.7848101265822784,1.0,0.6458333333333334,0.6458333333333334
0,Family,Sister,0,0_0_0,0.07142857142857142,0.13333333333333333,1.0,0.806930693069307,0.07142857142857142,,,,,
0,Family,Sister,0,0_0_1,1.0,0.7777777777777778,0.6363636363636364,0.8811881188118812,0.6363636363636364,,,,,
0,Family,Sister,0,0_1_0,1.0,0.65625,0.4883720930232558,0.7821782178217822,0.4883720930232558,,,,,
0,Family,Sister,0,1_0_0,1.0,0.3925233644859813,0.2441860465116279,0.3564356435643564,0.2441860465116279,,,,,
0,Family,Sister,0,1_1_1,0.11904761904761904,0.06802721088435375,0.047619047619047616,0.3217821782178218,0.035211267605633804,,,,,
0,Family,Sister,5,0_0_0,0.07142857142857142,0.13333333333333333,1.0,0.806930693069307,0.07142857142857142,0.0,0.0,0.0,0.0,0.0
0,Family,Sister,5,0_0_1,1.0,0.7777777777777778,0.6363636363636364,0.8811881188118812,0.6363636363636364,1.0,1.0,1.0,1.0,1.0
0,Family,Sister,5,0_1_0,1.0,0.6885245901639344,0.525,0.8118811881188119,0.525,1.0,1.0,1.0,1.0,1.0
0,Family,Sister,5,1_0_0,1.0,0.3888888888888889,0.2413793103448276,0.3465346534653465,0.2413793103448276,1.0,1.0,1.0,1.0,1.0
0,Family,Sister,5,1_1_1,0.16666666666666666,0.09271523178807947,0.06422018348623854,0.3217821782178218,0.04861111111111111,0.5,0.6666666666666666,1.0,0.5,0.5
0,Family,Sister,10,0_0_0,0.09523809523809523,0.17391304347826086,1.0,0.8118811881188119,0.09523809523809523,0.0,0.0,0.0,0.0,0.0
0,Family,Sister,10,0_0_1,0.9761904761904762,0.7735849056603774,0.640625,0.8811881188118812,0.6307692307692307,0.75,0.8571428571428571,1.0,0.75,0.75
0,Family,Sister,10,0_1_0,1.0,0.711864406779661,0.5526315789473685,0.8316831683168316,0.5526315789473685,1.0,1.0,1.0,1.0,1.0
0,Family,Sister,10,1_0_0,1.0,0.3783783783783784,0.23333333333333334,0.31683168316831684,0.23333333333333334,1.0,1.0,1.0,1.0,1.0
0,Family,Sister,10,1_1_1,0.40476190476190477,0.18994413407821228,0.12408759124087591,0.28217821782178215,0.10493827160493827,1.0,1.0,1.0,1.0,1.0
0,Family,Sister,15,0_0_0,0.023809523809523808,0.046511627906976744,1.0,0.7970297029702971,0.023809523809523808,0.0,0.0,0.0,0.0,0.0
0,Family,Sister,15,0_0_1,0.0,0.0,0.0,0.5495049504950495,0.0,0.0,0.0,0.0,0.0,0.0
0,Family,Sister,15,0_1_0,0.0,0.0,0.0,0.7673267326732673,0.0,0.0,0.0,0.0,0.0,0.0
0,Family,Sister,15,1_0_0,0.023809523809523808,0.012903225806451613,0.008849557522123894,0.24257425742574257,0.006493506493506494,0.16666666666666666,0.2857142857142857,1.0,0.16666666666666666,0.16666666666666666
0,Family,Sister,15,1_1_1,0.14285714285714285,0.1188118811881188,0.1016949152542373,0.5594059405940595,0.06315789473684211,0.6666666666666666,0.8,1.0,0.6666666666666666,0.6666666666666666
0,Family,Sister,20,0_0_0,0.023809523809523808,0.046511627906976744,1.0,0.7970297029702971,0.023809523809523808,0.0,0.0,0.0,0.0,0.0
0,Family,Sister,20,0_0_1,0.0,0.0,0.0,0.5693069306930693,0.0,0.0,0.0,0.0,0.0,0.0
0,Family,Sister,20,0_1_0,0.0,0.0,0.0,0.7871287128712872,0.0,0.0,0.0,0.0,0.0,0.0
0,Family,Sister,20,1_0_0,0.023809523809523808,0.014084507042253521,0.01,0.3069306930693069,0.0070921985815602835,0.125,0.2222222222222222,1.0,0.125,0.125
0,Family,Sister,20,1_1_1,0.23809523809523808,0.15151515151515152,0.1111111111111111,0.44554455445544555,0.08196721311475409,0.625,0.7692307692307693,1.0,0.625,0.625
0,Family,Sister,25,0_0_0,0.023809523809523808,0.046511627906976744,1.0,0.7970297029702971,0.023809523809523808,0.0,0.0,0.0,0.0,0.0
0,Family,Sister,25,0_0_1,0.0,0.0,0.0,0.5594059405940595,0.0,0.0,0.0,0.0,0.0,0.0
0,Family,Sister,25,0_1_0,0.0,0.0,0.0,0.7821782178217822,0.0,0.0,0.0,0.0,0.0,0.0
0,Family,Sister,25,1_0_0,0.023809523809523808,0.013333333333333334,0.009259259259259259,0.26732673267326734,0.006711409395973154,0.1,0.18181818181818182,1.0,0.1,0.1
0,Family,Sister,25,1_1_1,0.2857142857142857,0.19047619047619047,0.14285714285714285,0.49504950495049505,0.10526315789473684,0.6,0.75,1.0,0.6,0.6
0,Family,Sister,30,0_0_0,0.023809523809523808,0.046511627906976744,1.0,0.7970297029702971,0.023809523809523808,0.0,0.0,0.0,0.0,0.0
0,Family,Sister,30,0_0_1,0.0,0.0,0.0,0.5198019801980198,0.0,0.0,0.0,0.0,0.0,0.0
0,Family,Sister,30,0_1_0,0.0,0.0,0.0,0.7574257425742574,0.0,0.0,0.0,0.0,0.0,0.0
0,Family,Sister,30,1_0_0,0.0,0.0,0.0,0.22772277227722773,0.0,0.0,0.0,0.0,0.0,0.0
0,Family,Sister,30,1_1_1,0.21428571428571427,0.17647058823529413,0.15,0.5841584158415841,0.0967741935483871,0.5833333333333334,0.7368421052631579,1.0,0.5833333333333334,0.5833333333333334
0,Family,Sister,35,0_0_0,0.047619047619047616,0.09090909090909091,1.0,0.801980198019802,0.047619047619047616,0.0,0.0,0.0,0.0,0.0
0,Family,Sister,35,0_0_1,0.0,0.0,0.0,0.5247524752475248,0.0,0.0,0.0,0.0,0.0,0.0
0,Family,Sister,35,0_1_0,0.0,0.0,0.0,0.7673267326732673,0.0,0.0,0.0,0.0,0.0,0.0
0,Family,Sister,35,1_0_0,0.07142857142857142,0.03488372093023256,0.023076923076923078,0.1782178217821782,0.01775147928994083,0.21428571428571427,0.35294117647058826,1.0,0.21428571428571427,0.21428571428571427
0,Family,Sister,35,1_1_1,0.07142857142857142,0.06896551724137931,0.06666666666666667,0.599009900990099,0.03571428571428571,0.21428571428571427,0.35294117647058826,1.0,0.21428571428571427,0.21428571428571427
0,Family,Sister,40,0_0_0,0.047619047619047616,0.09090909090909091,1.0,0.801980198019802,0.047619047619047616,0.0,0.0,0.0,0.0,0.0
0,Family,Sister,40,0_0_1,0.0,0.0,0.0,0.5643564356435643,0.0,0.0,0.0,0.0,0.0,0.0
0,Family,Sister,40,0_1_0,0.0,0.0,0.0,0.7277227722772277,0.0,0.0,0.0,0.0,0.0,0.0
0,Family,Sister,40,1_0_0,0.21428571428571427,0.10588235294117647,0.0703125,0.24752475247524752,0.055900621118012424,0.5625,0.72,1.0,0.5625,0.5625
0,Family,Sister,40,1_1_1,0.023809523809523808,0.045454545454545456,0.5,0.7920792079207921,0.023255813953488372,0.0,0.0,0.0,0.0,0.0
0,Family,Sister,45,0_0_0,0.023809523809523808,0.046511627906976744,1.0,0.7970297029702971,0.023809523809523808,0.0,0.0,0.0,0.0,0.0
0,Family,Sister,45,0_0_1,0.0,0.0,0.0,0.5396039603960396,0.0,0.0,0.0,0.0,0.0,0.0
0,Family,Sister,45,0_1_0,0.0,0.0,0.0,0.7326732673267327,0.0,0.0,0.0,0.0,0.0,0.0
0,Family,Sister,45,1_0_0,0.23809523809523808,0.11560693641618497,0.07633587786259542,0.24257425742574257,0.06134969325153374,0.5555555555555556,0.7142857142857143,1.0,0.5555555555555556,0.5555555555555556
0,Family,Sister,45,1_1_1,0.0,0.0,0.0,0.7871287128712872,0.0,0.0,0.0,0.0,0.0,0.0
0,Family,Sister,50,0_0_0,0.047619047619047616,0.09090909090909091,1.0,0.801980198019802,0.047619047619047616,0.0,0.0,0.0,0.0,0.0
0,Family,Sister,50,0_0_1,0.5952380952380952,0.7352941176470589,0.9615384615384616,0.9108910891089109,0.5813953488372093,0.19047619047619047,0.32,1.0,0.19047619047619047,0.19047619047619047
0,Family,Sister,50,0_1_0,0.8809523809523809,0.7326732673267327,0.6271186440677966,0.8663366336633663,0.578125,0.7619047619047619,0.8648648648648649,1.0,0.7619047619047619,0.7619047619047619
0,Family,Sister,50,1_0_0,1.0,0.45161290322580644,0.2916666666666667,0.49504950495049505,0.2916666666666667,1.0,1.0,1.0,1.0,1.0
0,Family,Sister,50,1_1_1,0.8571428571428571,0.3050847457627119,0.18556701030927836,0.18811881188118812,0.18,0.9523809523809523,0.975609756097561,1.0,0.9523809523809523,0.9523809523809523
0,Family,Sister,55,0_0_0,0.047619047619047616,0.09090909090909091,1.0,0.801980198019802,0.047619047619047616,0.0,0.0,0.0,0.0,0.0
0,Family,Sister,55,0_0_1,0.5714285714285714,0.7164179104477612,0.96,0.905940594059406,0.5581395348837209,0.21739130434782608,0.35714285714285715,1.0,0.21739130434782608,0.21739130434782608
0,Family,Sister,55,0_1_0,0.8809523809523809,0.7254901960784313,0.6166666666666667,0.8613861386138614,0.5692307692307692,0.782608695652174,0.8780487804878049,1.0,0.782608695652174,0.782608695652174
0,Family,Sister,55,1_0_0,1.0,0.46153846153846156,0.3,0.5148514851485149,0.3,1.0,1.0,1.0,1.0,1.0
0,Family,Sister,55,1_1_1,0.8809523809523809,0.3148936170212766,0.19170984455958548,0.20297029702970298,0.18686868686868688,1.0,1.0,1.0,1.0,1.0
0,Family,Sister,60,0_0_0,0.047619047619047616,0.09090909090909091,1.0,0.801980198019802,0.047619047619047616,0.0,0.0,0.0,0.0,0.0
0,Family,Sister,60,0_0_1,0.5238095238095238,0.676923076923077,0.9565217391304348,0.8960396039603961,0.5116279069767442,0.2,0.3333333333333333,1.0,0.2,0.2
0,Family,Sister,60,0_1_0,0.8571428571428571,0.7058823529411765,0.6,0.8514851485148515,0.5454545454545454,0.76,0.8636363636363636,1.0,0.76,0.76
0,Family,Sister,60,1_0_0,1.0,0.45652173913043476,0.29577464788732394,0.504950495049505,0.29577464788732394,1.0,1.0,1.0,1.0,1.0
0,Family,Sister,60,1_1_1,0.9761904761904762,0.34024896265560167,0.20603015075376885,0.21287128712871287,0.205,1.0,1.0,1.0,1.0,1.0
0,Family,Sister,65,0_0_0,0.047619047619047616,0.09090909090909091,1.0,0.801980198019802,0.047619047619047616,0.0,0.0,0.0,0.0,0.0
0,Family,Sister,65,0_0_1,0.4523809523809524,0.6129032258064516,0.95,0.8811881188118812,0.4418604651162791,0.14814814814814814,0.25806451612903225,1.0,0.14814814814814814,0.14814814814814814
0,Family,Sister,65,0_1_0,0.8095238095238095,0.6868686868686869,0.5964912280701754,0.8465346534653465,0.5230769230769231,0.7037037037037037,0.8260869565217391,1.0,0.7037037037037037,0.7037037037037037
0,Family,Sister,65,1_0_0,1.0,0.48554913294797686,0.32061068702290074,0.5594059405940595,0.32061068702290074,1.0,1.0,1.0,1.0,1.0
0,Family,Sister,65,1_1_1,0.8809523809523809,0.31223628691983124,0.18974358974358974,0.19306930693069307,0.185,0.9629629629629629,0.9811320754716981,1.0,0.9629629629629629,0.9629629629629629
0,Family,Sister,70,0_0_0,0.047619047619047616,0.09090909090909091,1.0,0.801980198019802,0.047619047619047616,0.0,0.0,0.0,0.0,0.0
0,Family,Sister,70,0_0_1,0.30952380952380953,0.4727272727272727,1.0,0.8564356435643564,0.30952380952380953,0.0,0.0,0.0,0.0,0.0
0,Family,Sister,70,0_1_0,0.6904761904761905,0.6823529411764706,0.6744186046511628,0.8663366336633663,0.5178571428571429,0.5517241379310345,0.7111111111111111,1.0,0.5517241379310345,0.5517241379310345
0,Family,Sister,70,1_0_0,1.0,0.5185185185185185,0.35,0.6138613861386139,0.35,1.0,1.0,1.0,1.0,1.0
0,Family,Sister,70,1_1_1,0.9285714285714286,0.3236514522821577,0.19597989949748743,0.19306930693069307,0.19306930693069307,0.9655172413793104,0.9824561403508771,1.0,0.9655172413793104,0.9655172413793104
0,Family,Sister,75,0_0_0,0.047619047619047616,0.09090909090909091,1.0,0.801980198019802,0.047619047619047616,0.0,0.0,0.0,0.0,0.0
0,Family,Sister,75,0_0_1,0.2619047619047619,0.41509433962264153,1.0,0.8465346534653465,0.2619047619047619,0.0,0.0,0.0,0.0,0.0
0,Family,Sister,75,0_1_0,0.6190476190476191,0.6419753086419753,0.6666666666666666,0.8564356435643564,0.4727272727272727,0.4838709677419355,0.6521739130434783,1.0,0.4838709677419355,0.4838709677419355
0,Family,Sister,75,1_0_0,0.9761904761904762,0.4581005586592179,0.29927007299270075,0.5198019801980198,0.2971014492753623,0.967741935483871,0.9836065573770492,1.0,0.967741935483871,0.967741935483871
0,Family,Sister,75,1_1_1,0.8809523809523809,0.3135593220338983,0.19072164948453607,0.19801980198019803,0.18592964824120603,0.967741935483871,0.9836065573770492,1.0,0.967741935483871,0.967741935483871
0,Family,Sister,80,0_0_0,0.047619047619047616,0.09090909090909091,1.0,0.801980198019802,0.047619047619047616,0.0,0.0,0.0,0.0,0.0
0,Family,Sister,80,0_0_1,0.21428571428571427,0.34615384615384615,0.9,0.8316831683168316,0.20930232558139536,0.0,0.0,0.0,0.0,0.0
0,Family,Sister,80,0_1_0,0.5952380952380952,0.6024096385542169,0.6097560975609756,0.8366336633663366,0.43103448275862066,0.48484848484848486,0.6530612244897959,1.0,0.48484848484848486,0.48484848484848486
0,Family,Sister,80,1_0_0,0.9523809523809523,0.4419889502762431,0.28776978417266186,0.5,0.28368794326241137,0.9393939393939394,0.96875,1.0,0.9393939393939394,0.9393939393939394
0,Family,Sister,80,1_1_1,0.9047619047619048,0.3220338983050847,0.1958762886597938,0.2079207920792079,0.1919191919191919,0.9696969696969697,0.9846153846153847,1.0,0.9696969696969697,0.9696969696969697
0,Family,Son,0,0_0_0,0.0,0.0,0.0,0.7425742574257426,0.0,,,,,
0,Family,Son,0,0_0_1,1.0,0.7878787878787878,0.65,0.8613861386138614,0.65,,,,,
0,Family,Son,0,0_1_0,1.0,0.7222222222222222,0.5652173913043478,0.801980198019802,0.5652173913043478,,,,,
0,Family,Son,0,1_0_0,1.0,0.41434262948207173,0.2613065326633166,0.2722772277227723,0.2613065326633166,,,,,
0,Family,Son,0,1_1_1,0.11538461538461539,0.12244897959183673,0.13043478260869565,0.5742574257425742,0.06521739130434782,,,,,
0,Family,Son,5,0_0_0,0.038461538461538464,0.07407407407407407,1.0,0.7524752475247525,0.038461538461538464,0.0,0.0,0.0,0.0,0.0
0,Family,Son,5,0_0_1,1.0,0.7819548872180451,0.6419753086419753,0.8564356435643564,0.6419753086419753,1.0,1.0,1.0,1.0,1.0
0,Family,Son,5,0_1_0,1.0,0.7027027027027027,0.5416666666666666,0.7821782178217822,0.5416666666666666,1.0,1.0,1.0,1.0,1.0
0,Family,Son,5,1_0_0,1.0,0.416,0.26262626262626265,0.27722772277227725,0.26262626262626265,1.0,1.0,1.0,1.0,1.0
0,Family,Son,5,1_1_1,0.09615384615384616,0.10638297872340426,0.11904761904761904,0.5841584158415841,0.056179775280898875,0.5,0.6666666666666666,1.0,0.5,0.5
0,Family,Son,10,0_0_0,0.0,0.0,0.0,0.7425742574257426,0.0,0.0,0.0,0.0,0.0,0.0
0,Family,Son,10,0_0_1,0.9807692307692307,0.7846153846153846,0.6538461538461539,0.8613861386138614,0.6455696202531646,0.8,0.8888888888888888,1.0,0.8,0.8
0,Family,Son,10,0_1_0,1.0,0.7703703703703704,0.6265060240963856,0.8465346534653465,0.6265060240963856,1.0,1.0,1.0,1.0,1.0
0,Family,Son,10,1_0_0,1.0,0.42105263157894735,0.26666666666666666,0.29207920792079206,0.26666666666666666,1.0,1.0,1.0,1.0,1.0
0,Family,Son,10,1_1_1,0.11538461538461539,0.14634146341463414,0.2,0.6534653465346535,0.07894736842105263,0.6,0.75,1.0,0.6,0.6
0,Family,Son,15,0_0_0,0.0,0.0,0.0,0.7425742574257426,0.0,0.0,0.0,0.0,0.0,0.0
0,Family,Son,15,0_0_1,0.9807692307692307,0.8225806451612904,0.7083333333333334,0.8910891089108911,0.6986301369863014,0.8571428571428571,0.9230769230769231,1.0,0.8571428571428571,0.8571428571428571
0,Family,Son,15,0_1_0,0.9807692307692307,0.7391304347826086,0.5930232558139535,0.8217821782178217,0.5862068965517241,0.8571428571428571,0.9230769230769231,1.0,0.8571428571428571,0.8571428571428571
0,Family,Son,15,1_0_0,1.0,0.4351464435146444,0.27807486631016043,0.3316831683168317,0.27807486631016043,1.0,1.0,1.0,1.0,1.0
0,Family,Son,15,1_1_1,0.038461538461538464,0.05970149253731343,0.13333333333333333,0.6881188118811881,0.03076923076923077,0.14285714285714285,0.25,1.0,0.14285714285714285,0.14285714285714285
0,Family,Son,20,0_0_0,0.0,0.0,0.0,0.7425742574257426,0.0,0.0,0.0,0.0,0.0,0.0
0,Family,Son,20,0_0_1,0.9807692307692307,0.8793103448275862,0.796875,0.9306930693069307,0.7846153846153846,0.9,0.9473684210526315,1.0,0.9,0.9
0,Family,Son,20,0_1_0,1.0,0.7074829931972789,0.5473684210526316,0.7871287128712872,0.5473684210526316,1.0,1.0,1.0,1.0,1.0
0,Family,Son,20,1_0_0,1.0,0.44635193133047213,0.287292817679558,0.3613861386138614,0.287292817679558,1.0,1.0,1.0,1.0,1.0
0,Family,Son,20,1_1_1,0.019230769230769232,0.03225806451612903,0.1,0.7029702970297029,0.01639344262295082,0.0,0.0,0.0,0.0,0.0
0,Family,Son,25,0_0_0,0.0,0.0,0.0,0.7425742574257426,0.0,0.0,0.0,0.0,0.0,0.0
0,Family,Son,25,0_0_1,0.9807692307692307,0.8360655737704918,0.7285714285714285,0.900990099009901,0.7183098591549296,0.9230769230769231,0.96,1.0,0.9230769230769231,0.9230769230769231
0,Family,Son,25,0_1_0,1.0,0.6709677419354839,0.5048543689320388,0.7475247524752475,0.5048543689320388,1.0,1.0,1.0,1.0,1.0
0,Family,Son,25,1_0_0,1.0,0.4369747899159664,0.27956989247311825,0.33663366336633666,0.27956989247311825,1.0,1.0,1.0,1.0,1.0
0,Family,Son,25,1_1_1,0.038461538461538464,0.06153846153846154,0.15384615384615385,0.698019801980198,0.031746031746031744,0.07692307692307693,0.14285714285714285,1.0,0.07692307692307693,0.07692307692307693
0,Family,Son,30,0_0_0,0.0,0.0,0.0,0.7425742574257426,0.0,0.0,0.0,0.0,0.0,0.0
0,Family,Son,30,0_0_1,0.9807692307692307,0.8360655737704918,0.7285714285714285,0.900990099009901,0.7183098591549296,0.9333333333333333,0.9655172413793104,1.0,0.9333333333333333,0.9333333333333333
0,Family,Son,30,0_1_0,1.0,0.7272727272727273,0.5714285714285714,0.806930693069307,0.5714285714285714,1.0,1.0,1.0,1.0,1.0
0,Family,Son,30,1_0_0,1.0,0.4425531914893617,0.28415300546448086,0.35148514851485146,0.28415300546448086,1.0,1.0,1.0,1.0,1.0
0,Family,Son,30,1_1_1,0.07692307692307693,0.10666666666666667,0.17391304347826086,0.6683168316831684,0.056338028169014086,0.2,0.3333333333333333,1.0,0.2,0.2
0,Family,Son,35,0_0_0,0.0,0.0,0.0,0.7425742574257426,0.0,0.0,0.0,0.0,0.0,0.0
0,Family,Son,35,0_0_1,0.9615384615384616,0.8130081300813008,0.704225352112676,0.8861386138613861,0.684931506849315,0.8888888888888888,0.9411764705882353,1.0,0.8888888888888888,0.8888888888888888
0,Family,Son,35,0_1_0,1.0,0.6933333333333334,0.5306122448979592,0.7722772277227723,0.5306122448979592,1.0,1.0,1.0,1.0,1.0
0,Family,Son,35,1_0_0,1.0,0.4388185654008439,0.2810810810810811,0.3415841584158416,0.2810810810810811,1.0,1.0,1.0,1.0,1.0
0,Family,Son,35,1_1_1,0.3269230769230769,0.2786885245901639,0.24285714285714285,0.5643564356435643,0.1619047619047619,0.7777777777777778,0.875,1.0,0.7777777777777778,0.7777777777777778
0,Family,Son,40,0_0_0,0.0,0.0,0.0,0.7425742574257426,0.0,0.0,0.0,0.0,0.0,0.0
0,Family,Son,40,0_0_1,0.9423076923076923,0.8099173553719008,0.7101449275362319,0.8861386138613861,0.6805555555555556,0.85,0.918918918918919,1.0,0.85,0.85
0,Family,Son,40,0_1_0,0.9807692307692307,0.7083333333333334,0.5543478260869565,0.7920792079207921,0.5483870967741935,0.95,0.9743589743589743,1.0,0.95,0.95
0,Family,Son,40,1_0_0,1.0,0.45217391304347826,0.29213483146067415,0.37623762376237624,0.29213483146067415,1.0,1.0,1.0,1.0,1.0
0,Family,Son,40,1_1_1,0.3269230769230769,0.2905982905982906,0.26153846153846155,0.5891089108910891,0.17,0.65,0.7878787878787878,1.0,0.65,0.65
0,Family,Son,45,0_0_0,0.0,0.0,0.0,0.7425742574257426,0.0,0.0,0.0,0.0,0.0,0.0
0,Family,Son,45,0_0_1,0.9038461538461539,0.752,0.6438356164383562,0.8465346534653465,0.6025641025641025,0.782608695652174,0.8780487804878049,1.0,0.782608695652174,0.782608695652174
0,Family,Son,45,0_1_0,0.9807692307692307,0.6986301369863014,0.5425531914893617,0.7821782178217822,0.5368421052631579,0.9565217391304348,0.9777777777777777,1.0,0.9565217391304348,0.9565217391304348
0,Family,Son,45,1_0_0,1.0,0.4482758620689655,0.28888888888888886,0.36633663366336633,0.28888888888888886,1.0,1.0,1.0,1.0,1.0
0,Family,Son,45,1_1_1,0.28846153846153844,0.2830188679245283,0.2777777777777778,0.6237623762376238,0.16483516483516483,0.5652173913043478,0.7222222222222222,1.0,0.5652173913043478,0.5652173913043478
0,Family,Son,50,0_0_0,0.0,0.0,0.0,0.7425742574257426,0.0,0.0,0.0,0.0,0.0,0.0
0,Family,Son,50,0_0_1,0.8269230769230769,0.7543859649122807,0.6935483870967742,0.8613861386138614,0.6056338028169014,0.6538461538461539,0.7906976744186046,1.0,0.6538461538461539,0.6538461538461539
0,Family,Son,50,0_1_0,0.9807692307692307,0.7034482758620689,0.5483870967741935,0.7871287128712872,0.5425531914893617,0.9615384615384616,0.9803921568627451,1.0,0.9615384615384616,0.9615384615384616
0,Family,Son,50,1_0_0,1.0,0.45021645021645024,0.2905027932960894,0.3712871287128713,0.2905027932960894,1.0,1.0,1.0,1.0,1.0
0,Family,Son,50,1_1_1,0.4423076923076923,0.2911392405063291,0.2169811320754717,0.44554455445544555,0.17037037037037037,0.8076923076923077,0.8936170212765957,1.0,0.8076923076923077,0.8076923076923077
0,Family,Son,55,0_0_0,0.0,0.0,0.0,0.7425742574257426,0.0,0.0,0.0,0.0,0.0,0.0
0,Family,Son,55,0_0_1,0.7884615384615384,0.7735849056603774,0.7592592592592593,0.8811881188118812,0.6307692307692307,0.6071428571428571,0.7555555555555555,1.0,0.6071428571428571,0.6071428571428571
0,Family,Son,55,0_1_0,0.9615384615384616,0.6993006993006993,0.5494505494505495,0.7871287128712872,0.5376344086021505,0.9285714285714286,0.9629629629629629,1.0,0.9285714285714286,0.9285714285714286
0,Family,Son,55,1_0_0,1.0,0.4482758620689655,0.28888888888888886,0.36633663366336633,0.28888888888888886,1.0,1.0,1.0,1.0,1.0
0,Family,Son,55,1_1_1,0.5,0.31901840490797545,0.23423423423423423,0.4504950495049505,0.1897810218978102,0.8214285714285714,0.9019607843137255,1.0,0.8214285714285714,0.8214285714285714
0,Family,Son,60,0_0_0,0.0,0.0,0.0,0.7425742574257426,0.0,0.0,0.0,0.0,0.0,0.0
0,Family,Son,60,0_0_1,0.7307692307692307,0.7378640776699029,0.7450980392156863,0.8663366336633663,0.5846153846153846,0.5483870967741935,0.7083333333333334,1.0,0.5483870967741935,0.5483870967741935
0,Family,Son,60,0_1_0,0.9615384615384616,0.7142857142857143,0.5681818181818182,0.801980198019802,0.5555555555555556,0.9354838709677419,0.9666666666666667,1.0,0.9354838709677419,0.9354838709677419
0,Family,Son,60,1_0_0,1.0,0.4425531914893617,0.28415300546448086,0.35148514851485146,0.28415300546448086,1.0,1.0,1.0,1.0,1.0
0,Family,Son,60,1_1_1,0.5,0.3170731707317073,0.23214285714285715,0.44554455445544555,0.18840579710144928,0.7741935483870968,0.8727272727272727,1.0,0.7741935483870968,0.7741935483870968
0,Family,Son,65,0_0_0,0.0,0.0,0.0,0.7425742574257426,0.0,0.0,0.0,0.0,0.0,0.0
0,Family,Son,65,0_0_1,0.7115384615384616,0.74,0.7708333333333334,0.8712871287128713,0.5873015873015873,0.5454545454545454,0.7058823529411765,1.0,0.5454545454545454,0.5454545454545454
0,Family,Son,65,0_1_0,0.9230769230769231,0.7441860465116279,0.6233766233766234,0.8366336633663366,0.5925925925925926,0.8787878787878788,0.9354838709677419,1.0,0.8787878787878788,0.8787878787878788
0,Family,Son,65,1_0_0,1.0,0.45021645021645024,0.2905027932960894,0.3712871287128713,0.2905027932960894,1.0,1.0,1.0,1.0,1.0
0,Family,Son,65,1_1_1,0.5384615384615384,0.32558139534883723,0.23333333333333334,0.42574257425742573,0.19444444444444445,0.7575757575757576,0.8620689655172413,1.0,0.7575757575757576,0.7575757575757576
0,Family,Son,70,0_0_0,0.057692307692307696,0.10909090909090909,1.0,0.7574257425742574,0.057692307692307696,0.0,0.0,0.0,0.0,0.0
0,Family,Son,70,0_0_1,0.7307692307692307,0.7835051546391752,0.8444444444444444,0.8960396039603961,0.6440677966101694,0.6111111111111112,0.7586206896551724,1.0,0.6111111111111112,0.6111111111111112
0,Family,Son,70,0_1_0,0.9230769230769231,0.6486486486486487,0.5,0.7425742574257426,0.48,0.8888888888888888,0.9411764705882353,1.0,0.8888888888888888,0.8888888888888888
0,Family,Son,70,1_0_0,1.0,0.42105263157894735,0.26666666666666666,0.29207920792079206,0.26666666666666666,1.0,1.0,1.0,1.0,1.0
0,Family,Son,70,1_1_1,0.5576923076923077,0.2815533980582524,0.18831168831168832,0.26732673267326734,0.1638418079096045,0.7222222222222222,0.8387096774193549,1.0,0.7222222222222222,0.7222222222222222
0,Family,Son,75,0_0_0,0.25,0.4,1.0,0.806930693069307,0.25,0.0,0.0,0.0,0.0,0.0
0,Family,Son,75,0_0_1,0.6538461538461539,0.7311827956989247,0.8292682926829268,0.8762376237623762,0.576271186440678,0.5384615384615384,0.7,1.0,0.5384615384615384,0.5384615384615384
0,Family,Son,75,0_1_0,0.9038461538461539,0.6438356164383562,0.5,0.7425742574257426,0.47474747474747475,0.8717948717948718,0.9315068493150684,1.0,0.8717948717948718,0.8717948717948718
0,Family,Son,75,1_0_0,1.0,0.4369747899159664,0.27956989247311825,0.33663366336633666,0.27956989247311825,1.0,1.0,1.0,1.0,1.0
0,Family,Son,75,1_1_1,0.9230769230769231,0.40336134453781514,0.25806451612903225,0.297029702970297,0.25263157894736843,0.9743589743589743,0.987012987012987,1.0,0.9743589743589743,0.9743589743589743
0,Family,Son,80,0_0_0,0.21153846153846154,0.3492063492063492,1.0,0.7970297029702971,0.21153846153846154,0.0,0.0,0.0,0.0,0.0
0,Family,Son,80,0_0_1,0.6346153846153846,0.7252747252747253,0.8461538461538461,0.8762376237623762,0.5689655172413793,0.5365853658536586,0.6984126984126984,1.0,0.5365853658536586,0.5365853658536586
0,Family,Son,80,0_1_0,0.9423076923076923,0.6758620689655173,0.5268817204301075,0.7673267326732673,0.5104166666666666,0.926829268292683,0.9620253164556962,1.0,0.926829268292683,0.926829268292683
0,Family,Son,80,1_0_0,1.0,0.44635193133047213,0.287292817679558,0.3613861386138614,0.287292817679558,1.0,1.0,1.0,1.0,1.0
0,Family,Son,80,1_1_1,0.8269230769230769,0.37554585152838427,0.24293785310734464,0.29207920792079206,0.23118279569892472,0.926829268292683,0.9620253164556962,1.0,0.926829268292683,0.926829268292683
run,dataset,class_name,removal,pqr,all_data_recall,all_data_f1,all_data_precision,all_data_accuracy,all_data_jaccard,removed_data_recall,removed_data_f1,removed_data_precision,removed_data_accuracy,removed_data_jaccard
0,Family,Brother,0,0_0_0,0.13333333333333333,0.23529411764705882,1.0,0.8712871287128713,0.13333333333333333,,,,,
0,Family,Brother,0,0_0_1,1.0,0.7407407407407407,0.5882352941176471,0.8960396039603961,0.5882352941176471,,,,,
0,Family,Brother,0,0_1_0,1.0,0.625,0.45454545454545453,0.8217821782178217,0.45454545454545453,,,,,
0,Family,Brother,0,1_0_0,1.0,0.30303030303030304,0.17857142857142858,0.31683168316831684,0.17857142857142858,,,,,
0,Family,Brother,0,1_1_1,0.06666666666666667,0.028368794326241134,0.018018018018018018,0.3217821782178218,0.014388489208633094,,,,,
0,Family,Brother,5,0_0_0,0.2,0.3333333333333333,1.0,0.8811881188118812,0.2,0.0,0.0,0.0,0.0,0.0
0,Family,Brother,5,0_0_1,1.0,0.7228915662650602,0.5660377358490566,0.8861386138613861,0.5660377358490566,1.0,1.0,1.0,1.0,1.0
0,Family,Brother,5,0_1_0,1.0,0.631578947368421,0.46153846153846156,0.8267326732673267,0.46153846153846156,1.0,1.0,1.0,1.0,1.0
0,Family,Brother,5,1_0_0,1.0,0.297029702970297,0.1744186046511628,0.297029702970297,0.1744186046511628,1.0,1.0,1.0,1.0,1.0
0,Family,Brother,5,1_1_1,0.2,0.07317073170731707,0.04477611940298507,0.24752475247524752,0.0379746835443038,1.0,1.0,1.0,1.0,1.0
0,Family,Brother,10,0_0_0,0.1,0.18181818181818182,1.0,0.8663366336633663,0.1,0.0,0.0,0.0,0.0,0.0
0,Family,Brother,10,0_0_1,0.9333333333333333,0.717948717948718,0.5833333333333334,0.8910891089108911,0.56,0.3333333333333333,0.5,1.0,0.3333333333333333,0.3333333333333333
0,Family,Brother,10,0_1_0,0.9333333333333333,0.5957446808510638,0.4375,0.8118811881188119,0.42424242424242425,0.3333333333333333,0.5,1.0,0.3333333333333333,0.3333333333333333
0,Family,Brother,10,1_0_0,1.0,0.3125,0.18518518518518517,0.3465346534653465,0.18518518518518517,1.0,1.0,1.0,1.0,1.0
0,Family,Brother,10,1_1_1,0.3,0.10344827586206896,0.0625,0.22772277227722773,0.05454545454545454,1.0,1.0,1.0,1.0,1.0
0,Family,Brother,15,0_0_0,0.06666666666666667,0.125,1.0,0.8613861386138614,0.06666666666666667,0.0,0.0,0.0,0.0,0.0
0,Family,Brother,15,0_0_1,0.9333333333333333,0.7088607594936709,0.5714285714285714,0.8861386138613861,0.5490196078431373,0.5,0.6666666666666666,1.0,0.5,0.5
0,Family,Brother,15,0_1_0,0.9333333333333333,0.6086956521739131,0.45161290322580644,0.8217821782178217,0.4375,0.5,0.6666666666666666,1.0,0.5,0.5
0,Family,Brother,15,1_0_0,1.0,0.30456852791878175,0.17964071856287425,0.3217821782178218,0.17964071856287425,1.0,1.0,1.0,1.0,1.0
0,Family,Brother,15,1_1_1,0.3,0.10404624277456648,0.06293706293706294,0.23267326732673269,0.054878048780487805,0.75,0.8571428571428571,1.0,0.75,0.75
0,Family,Brother,20,0_0_0,0.1,0.18181818181818182,1.0,0.8663366336633663,0.1,0.0,0.0,0.0,0.0,0.0
0,Family,Brother,20,0_0_1,0.8333333333333334,0.6756756756756757,0.5681818181818182,0.8811881188118812,0.5102040816326531,0.16666666666666666,0.2857142857142857,1.0,0.16666666666666666,0.16666666666666666
0,Family,Brother,20,0_1_0,0.9333333333333333,0.6222222222222222,0.4666666666666667,0.8316831683168316,0.45161290322580644,0.6666666666666666,0.8,1.0,0.6666666666666666,0.6666666666666666
0,Family,Brother,20,1_0_0,1.0,0.30456852791878175,0.17964071856287425,0.3217821782178218,0.17964071856287425,1.0,1.0,1.0,1.0,1.0
0,Family,Brother,20,1_1_1,0.36666666666666664,0.1286549707602339,0.07801418439716312,0.2623762376237624,0.06875,0.6666666666666666,0.8,1.0,0.6666666666666666,0.6666666666666666
0,Family,Brother,25,0_0_0,0.06666666666666667,0.125,1.0,0.8613861386138614,0.06666666666666667,0.0,0.0,0.0,0.0,0.0
0,Family,Brother,25,0_0_1,0.8,0.676056338028169,0.5853658536585366,0.8861386138613861,0.5106382978723404,0.14285714285714285,0.25,1.0,0.14285714285714285,0.14285714285714285
0,Family,Brother,25,0_1_0,0.9333333333333333,0.6153846153846154,0.45901639344262296,0.8267326732673267,0.4444444444444444,0.7142857142857143,0.8333333333333334,1.0,0.7142857142857143,0.7142857142857143
0,Family,Brother,25,1_0_0,1.0,0.3125,0.18518518518518517,0.3465346534653465,0.18518518518518517,1.0,1.0,1.0,1.0,1.0
0,Family,Brother,25,1_1_1,0.26666666666666666,0.09937888198757763,0.061068702290076333,0.28217821782178215,0.05228758169934641,0.42857142857142855,0.6,1.0,0.42857142857142855,0.42857142857142855
0,Family,Brother,30,0_0_0,0.06666666666666667,0.125,1.0,0.8613861386138614,0.06666666666666667,0.0,0.0,0.0,0.0,0.0
0,Family,Brother,30,0_0_1,0.7666666666666667,0.647887323943662,0.5609756097560976,0.8762376237623762,0.4791666666666667,0.2222222222222222,0.36363636363636365,1.0,0.2222222222222222,0.2222222222222222
0,Family,Brother,30,0_1_0,0.9,0.5934065934065934,0.4426229508196721,0.8168316831683168,0.421875,0.6666666666666666,0.8,1.0,0.6666666666666666,0.6666666666666666
0,Family,Brother,30,1_0_0,1.0,0.3,0.17647058823529413,0.3069306930693069,0.17647058823529413,1.0,1.0,1.0,1.0,1.0
0,Family,Brother,30,1_1_1,0.3,0.11538461538461539,0.07142857142857142,0.31683168316831684,0.061224489795918366,0.5555555555555556,0.7142857142857143,1.0,0.5555555555555556,0.5555555555555556
0,Family,Brother,35,0_0_0,0.03333333333333333,0.06451612903225806,1.0,0.8564356435643564,0.03333333333333333,0.0,0.0,0.0,0.0,0.0
0,Family,Brother,35,0_0_1,0.7333333333333333,0.6376811594202898,0.5641025641025641,0.8762376237623762,0.46808510638297873,0.2,0.3333333333333333,1.0,0.2,0.2
0,Family,Brother,35,0_1_0,0.9,0.6,0.45,0.8217821782178217,0.42857142857142855,0.7,0.8235294117647058,1.0,0.7,0.7
0,Family,Brother,35,1_0_0,1.0,0.30612244897959184,0.18072289156626506,0.32673267326732675,0.18072289156626506,1.0,1.0,1.0,1.0,1.0
0,Family,Brother,35,1_1_1,0.5333333333333333,0.17582417582417584,0.10526315789473684,0.25742574257425743,0.0963855421686747,0.8,0.8888888888888888,1.0,0.8,0.8
0,Family,Brother,40,0_0_0,0.0,0.0,0.0,0.8514851485148515,0.0,0.0,0.0,0.0,0.0,0.0
0,Family,Brother,40,0_0_1,0.7,0.65625,0.6176470588235294,0.8910891089108911,0.4883720930232558,0.25,0.4,1.0,0.25,0.25
0,Family,Brother,40,0_1_0,0.9,0.6206896551724138,0.47368421052631576,0.8366336633663366,0.45,0.75,0.8571428571428571,1.0,0.75,0.75
0,Family,Brother,40,1_0_0,1.0,0.3225806451612903,0.19230769230769232,0.37623762376237624,0.19230769230769232,1.0,1.0,1.0,1.0,1.0
0,Family,Brother,40,1_1_1,0.5333333333333333,0.16494845360824742,0.0975609756097561,0.19801980198019803,0.0898876404494382,0.8333333333333334,0.9090909090909091,1.0,0.8333333333333334,0.8333333333333334
0,Family,Brother,45,0_0_0,0.0,0.0,0.0,0.8514851485148515,0.0,0.0,0.0,0.0,0.0,0.0
0,Family,Brother,45,0_0_1,0.7,0.6461538461538462,0.6,0.8861386138613861,0.4772727272727273,0.3076923076923077,0.47058823529411764,1.0,0.3076923076923077,0.3076923076923077
0,Family,Brother,45,0_1_0,0.9,0.6352941176470588,0.4909090909090909,0.8465346534653465,0.46551724137931033,0.7692307692307693,0.8695652173913043,1.0,0.7692307692307693,0.7692307692307693
0,Family,Brother,45,1_0_0,1.0,0.32085561497326204,0.1910828025477707,0.3712871287128713,0.1910828025477707,1.0,1.0,1.0,1.0,1.0
0,Family,Brother,45,1_1_1,0.5333333333333333,0.16666666666666666,0.09876543209876543,0.2079207920792079,0.09090909090909091,0.7692307692307693,0.8695652173913043,1.0,0.7692307692307693,0.7692307692307693
0,Family,Brother,50,0_0_0,0.0,0.0,0.0,0.8514851485148515,0.0,0.0,0.0,0.0,0.0,0.0
0,Family,Brother,50,0_0_1,0.5666666666666667,0.6296296296296297,0.7083333333333334,0.900990099009901,0.4594594594594595,0.13333333333333333,0.23529411764705882,1.0,0.13333333333333333,0.13333333333333333
0,Family,Brother,50,0_1_0,0.7666666666666667,0.696969696969697,0.6388888888888888,0.900990099009901,0.5348837209302325,0.5333333333333333,0.6956521739130435,1.0,0.5333333333333333,0.5333333333333333
0,Family,Brother,50,1_0_0,1.0,0.32085561497326204,0.1910828025477707,0.3712871287128713,0.1910828025477707,1.0,1.0,1.0,1.0,1.0
0,Family,Brother,50,1_1_1,0.5333333333333333,0.17777777777777778,0.10666666666666667,0.26732673267326734,0.0975609756097561,0.8666666666666667,0.9285714285714286,1.0,0.8666666666666667,0.8666666666666667
0,Family,Brother,55,0_0_0,0.0,0.0,0.0,0.8514851485148515,0.0,0.0,0.0,0.0,0.0,0.0
0,Family,Brother,55,0_0_1,0.5,0.5660377358490566,0.6521739130434783,0.8861386138613861,0.39473684210526316,0.0625,0.11764705882352941,1.0,0.0625,0.0625
0,Family,Brother,55,0_1_0,0.7,0.6885245901639344,0.6774193548387096,0.905940594059406,0.525,0.4375,0.6086956521739131,1.0,0.4375,0.4375
0,Family,Brother,55,1_0_0,1.0,0.30927835051546393,0.18292682926829268,0.33663366336633666,0.18292682926829268,1.0,1.0,1.0,1.0,1.0
0,Family,Brother,55,1_1_1,0.5333333333333333,0.18497109826589594,0.11188811188811189,0.30198019801980197,0.10191082802547771,0.8125,0.896551724137931,1.0,0.8125,0.8125
0,Family,Brother,60,0_0_0,0.06666666666666667,0.125,1.0,0.8613861386138614,0.06666666666666667,0.0,0.0,0.0,0.0,0.0
0,Family,Brother,60,0_0_1,0.5333333333333333,0.5714285714285714,0.6153846153846154,0.8811881188118812,0.4,0.2222222222222222,0.36363636363636365,1.0,0.2222222222222222,0.2222222222222222
0,Family,Brother,60,0_1_0,0.6,0.5538461538461539,0.5142857142857142,0.8564356435643564,0.3829787234042553,0.3333333333333333,0.5,1.0,0.3333333333333333,0.3333333333333333
0,Family,Brother,60,1_0_0,1.0,0.3076923076923077,0.18181818181818182,0.3316831683168317,0.18181818181818182,1.0,1.0,1.0,1.0,1.0
0,Family,Brother,60,1_1_1,0.6666666666666666,0.24539877300613497,0.15037593984962405,0.3910891089108911,0.13986013986013987,0.7777777777777778,0.875,1.0,0.7777777777777778,0.7777777777777778
0,Family,Brother,65,0_0_0,0.03333333333333333,0.06451612903225806,1.0,0.8564356435643564,0.03333333333333333,0.0,0.0,0.0,0.0,0.0
0,Family,Brother,65,0_0_1,0.5333333333333333,0.5614035087719298,0.5925925925925926,0.8762376237623762,0.3902439024390244,0.2631578947368421,0.4166666666666667,1.0,0.2631578947368421,0.2631578947368421
0,Family,Brother,65,0_1_0,0.5333333333333333,0.5333333333333333,0.5333333333333333,0.8613861386138614,0.36363636363636365,0.2631578947368421,0.4166666666666667,1.0,0.2631578947368421,0.2631578947368421
0,Family,Brother,65,1_0_0,1.0,0.30612244897959184,0.18072289156626506,0.32673267326732675,0.18072289156626506,1.0,1.0,1.0,1.0,1.0
0,Family,Brother,65,1_1_1,0.6,0.23841059602649006,0.1487603305785124,0.4306930693069307,0.13533834586466165,0.631578947368421,0.7741935483870968,1.0,0.631578947368421,0.631578947368421
0,Family,Brother,70,0_0_0,0.0,0.0,0.0,0.8514851485148515,0.0,0.0,0.0,0.0,0.0,0.0
0,Family,Brother,70,0_0_1,0.4,0.5106382978723404,0.7058823529411765,0.8861386138613861,0.34285714285714286,0.14285714285714285,0.25,1.0,0.14285714285714285,0.14285714285714285
0,Family,Brother,70,0_1_0,0.4666666666666667,0.5,0.5384615384615384,0.8613861386138614,0.3333333333333333,0.23809523809523808,0.38461538461538464,1.0,0.23809523809523808,0.23809523809523808
0,Family,Brother,70,1_0_0,0.9666666666666667,0.3020833333333333,0.17901234567901234,0.33663366336633666,0.17791411042944785,0.9523809523809523,0.975609756097561,1.0,0.9523809523809523,0.9523809523809523
0,Family,Brother,70,1_1_1,0.4666666666666667,0.19444444444444445,0.12280701754385964,0.42574257425742573,0.1076923076923077,0.47619047619047616,0.6451612903225806,1.0,0.47619047619047616,0.47619047619047616
0,Family,Brother,75,0_0_0,0.0,0.0,0.0,0.8514851485148515,0.0,0.0,0.0,0.0,0.0,0.0
0,Family,Brother,75,0_0_1,0.36666666666666664,0.4888888888888889,0.7333333333333333,0.8861386138613861,0.3235294117647059,0.13636363636363635,0.24,1.0,0.13636363636363635,0.13636363636363635
0,Family,Brother,75,0_1_0,0.4666666666666667,0.4666666666666667,0.4666666666666667,0.8415841584158416,0.30434782608695654,0.2727272727272727,0.42857142857142855,1.0,0.2727272727272727,0.2727272727272727
0,Family,Brother,75,1_0_0,0.9666666666666667,0.3118279569892473,0.1858974358974359,0.36633663366336633,0.18471337579617833,0.9545454545454546,0.9767441860465116,1.0,0.9545454545454546,0.9545454545454546
0,Family,Brother,75,1_1_1,0.5333333333333333,0.18604651162790697,0.11267605633802817,0.3069306930693069,0.10256410256410256,0.6818181818181818,0.8108108108108109,1.0,0.6818181818181818,0.6818181818181818
0,Family,Brother,80,0_0_0,0.03333333333333333,0.06451612903225806,1.0,0.8564356435643564,0.03333333333333333,0.0,0.0,0.0,0.0,0.0
0,Family,Brother,80,0_0_1,0.26666666666666666,0.3902439024390244,0.7272727272727273,0.8762376237623762,0.24242424242424243,0.08333333333333333,0.15384615384615385,1.0,0.08333333333333333,0.08333333333333333
0,Family,Brother,80,0_1_0,0.4666666666666667,0.49122807017543857,0.5185185185185185,0.8564356435643564,0.32558139534883723,0.3333333333333333,0.5,1.0,0.3333333333333333,0.3333333333333333
0,Family,Brother,80,1_0_0,0.9666666666666667,0.30687830687830686,0.18238993710691823,0.35148514851485146,0.18125,0.9583333333333334,0.9787234042553191,1.0,0.9583333333333334,0.9583333333333334
0,Family,Brother,80,1_1_1,0.5,0.1935483870967742,0.12,0.3811881188118812,0.10714285714285714,0.625,0.7692307692307693,1.0,0.625,0.625
0,Family,Male,0,0_0_0,0.9711538461538461,0.9853658536585366,1.0,0.9851485148514851,0.9711538461538461,,,,,
0,Family,Male,0,0_0_1,1.0,0.9952153110047847,0.9904761904761905,0.995049504950495,0.9904761904761905,,,,,
0,Family,Male,0,0_1_0,1.0,0.9043478260869565,0.8253968253968254,0.8910891089108911,0.8253968253968254,,,,,
0,Family,Male,0,1_0_0,1.0,0.7172413793103448,0.5591397849462365,0.594059405940594,0.5591397849462365,,,,,
0,Family,Male,0,1_1_1,0.019230769230769232,0.03636363636363636,0.3333333333333333,0.4752475247524752,0.018518518518518517,,,,,
0,Family,Male,5,0_0_0,0.9519230769230769,0.9753694581280788,1.0,0.9752475247524752,0.9519230769230769,,,,,
0,Family,Male,5,0_0_1,0.9903846153846154,0.9903846153846154,0.9903846153846154,0.9900990099009901,0.9809523809523809,,,,,
0,Family,Male,5,0_1_0,0.9903846153846154,0.9035087719298246,0.8306451612903226,0.8910891089108911,0.824,,,,,
0,Family,Male,5,1_0_0,1.0,0.7536231884057971,0.6046511627906976,0.6633663366336634,0.6046511627906976,,,,,
0,Family,Male,5,1_1_1,0.0,0.0,0.0,0.4752475247524752,0.0,,,,,
0,Family,Male,10,0_0_0,0.8942307692307693,0.9441624365482234,1.0,0.9455445544554455,0.8942307692307693,0.0,0.0,0.0,0.0,0.0
0,Family,Male,10,0_0_1,0.9615384615384616,0.970873786407767,0.9803921568627451,0.9702970297029703,0.9433962264150944,1.0,1.0,1.0,1.0,1.0
0,Family,Male,10,0_1_0,0.9711538461538461,0.9099099099099099,0.8559322033898306,0.900990099009901,0.8347107438016529,1.0,1.0,1.0,1.0,1.0
0,Family,Male,10,1_0_0,1.0,0.7172413793103448,0.5591397849462365,0.594059405940594,0.5591397849462365,1.0,1.0,1.0,1.0,1.0
0,Family,Male,10,1_1_1,0.019230769230769232,0.037037037037037035,0.5,0.48514851485148514,0.018867924528301886,0.0,0.0,0.0,0.0,0.0
0,Family,Male,15,0_0_0,0.8269230769230769,0.9052631578947369,1.0,0.9108910891089109,0.8269230769230769,0.0,0.0,0.0,0.0,0.0
0,Family,Male,15,0_0_1,0.9615384615384616,0.966183574879227,0.970873786407767,0.9653465346534653,0.9345794392523364,1.0,1.0,1.0,1.0,1.0
0,Family,Male,15,0_1_0,0.9423076923076923,0.9116279069767442,0.8828828828828829,0.905940594059406,0.8376068376068376,1.0,1.0,1.0,1.0,1.0
0,Family,Male,15,1_0_0,1.0,0.7027027027027027,0.5416666666666666,0.5643564356435643,0.5416666666666666,1.0,1.0,1.0,1.0,1.0
0,Family,Male,15,1_1_1,0.125,0.2,0.5,0.48514851485148514,0.1111111111111111,0.0,0.0,0.0,0.0,0.0
0,Family,Male,20,0_0_0,0.0,0.0,0.0,0.48514851485148514,0.0,0.0,0.0,0.0,0.0,0.0
0,Family,Male,20,0_0_1,0.8076923076923077,0.8936170212765957,1.0,0.900990099009901,0.8076923076923077,0.0,0.0,0.0,0.0,0.0
0,Family,Male,20,0_1_0,0.8653846153846154,0.9278350515463918,1.0,0.9306930693069307,0.8653846153846154,0.0,0.0,0.0,0.0,0.0
0,Family,Male,20,1_0_0,1.0,0.8739495798319328,0.7761194029850746,0.8514851485148515,0.7761194029850746,1.0,1.0,1.0,1.0,1.0
0,Family,Male,20,1_1_1,0.04807692307692308,0.072992700729927,0.15151515151515152,0.3712871287128713,0.03787878787878788,0.0,0.0,0.0,0.0,0.0
0,Family,Male,25,0_0_0,0.038461538461538464,0.07407407407407407,1.0,0.504950495049505,0.038461538461538464,0.0,0.0,0.0,0.0,0.0
0,Family,Male,25,0_0_1,0.7596153846153846,0.8633879781420765,1.0,0.8762376237623762,0.7596153846153846,0.0,0.0,0.0,0.0,0.0
0,Family,Male,25,0_1_0,0.8269230769230769,0.8865979381443299,0.9555555555555556,0.8910891089108911,0.7962962962962963,0.0,0.0,0.0,0.0,0.0
0,Family,Male,25,1_0_0,1.0,0.832,0.7123287671232876,0.7920792079207921,0.7123287671232876,1.0,1.0,1.0,1.0,1.0
0,Family,Male,25,1_1_1,0.10576923076923077,0.13253012048192772,0.1774193548387097,0.2871287128712871,0.07096774193548387,0.0,0.0,0.0,0.0,0.0
0,Family,Male,30,0_0_0,0.019230769230769232,0.03773584905660377,1.0,0.49504950495049505,0.019230769230769232,0.0,0.0,0.0,0.0,0.0
0,Family,Male,30,0_0_1,0.7211538461538461,0.8379888268156425,1.0,0.8564356435643564,0.7211538461538461,0.0,0.0,0.0,0.0,0.0
0,Family,Male,30,0_1_0,0.8173076923076923,0.8808290155440415,0.9550561797752809,0.8861386138613861,0.7870370370370371,0.0,0.0,0.0,0.0,0.0
0,Family,Male,30,1_0_0,1.0,0.832,0.7123287671232876,0.7920792079207921,0.7123287671232876,1.0,1.0,1.0,1.0,1.0
0,Family,Male,30,1_1_1,0.0673076923076923,0.09523809523809523,0.16279069767441862,0.3415841584158416,0.05,0.0,0.0,0.0,0.0,0.0
0,Family,Male,35,0_0_0,0.0,0.0,0.0,0.48514851485148514,0.0,0.0,0.0,0.0,0.0,0.0
0,Family,Male,35,0_0_1,0.6538461538461539,0.7906976744186046,1.0,0.8217821782178217,0.6538461538461539,0.0,0.0,0.0,0.0,0.0
0,Family,Male,35,0_1_0,0.875,0.8161434977578476,0.7647058823529411,0.7970297029702971,0.6893939393939394,1.0,1.0,1.0,1.0,1.0
0,Family,Male,35,1_0_0,1.0,0.8387096774193549,0.7222222222222222,0.801980198019802,0.7222222222222222,1.0,1.0,1.0,1.0,1.0
0,Family,Male,35,1_1_1,0.2692307692307692,0.3076923076923077,0.358974358974359,0.37623762376237624,0.18181818181818182,0.0,0.0,0.0,0.0,0.0
0,Family,Male,40,0_0_0,0.009615384615384616,0.01904761904761905,1.0,0.4900990099009901,0.009615384615384616,0.0,0.0,0.0,0.0,0.0
0,Family,Male,40,0_0_1,0.6057692307692307,0.7544910179640718,1.0,0.7970297029702971,0.6057692307692307,0.0,0.0,0.0,0.0,0.0
0,Family,Male,40,0_1_0,0.9134615384615384,0.8407079646017699,0.7786885245901639,0.8217821782178217,0.7251908396946565,1.0,1.0,1.0,1.0,1.0
0,Family,Male,40,1_0_0,1.0,0.8666666666666667,0.7647058823529411,0.8415841584158416,0.7647058823529411,1.0,1.0,1.0,1.0,1.0
0,Family,Male,40,1_1_1,0.2692307692307692,0.32558139534883723,0.4117647058823529,0.42574257425742573,0.19444444444444445,0.5,0.6666666666666666,1.0,0.5,0.5
0,Family,Male,45,0_0_0,0.019230769230769232,0.03773584905660377,1.0,0.49504950495049505,0.019230769230769232,0.0,0.0,0.0,0.0,0.0
0,Family,Male,45,0_0_1,0.5576923076923077,0.7160493827160493,1.0,0.7722772277227723,0.5576923076923077,0.0,0.0,0.0,0.0,0.0
0,Family,Male,45,0_1_0,0.5576923076923077,0.7160493827160493,1.0,0.7722772277227723,0.5576923076923077,0.0,0.0,0.0,0.0,0.0
0,Family,Male,45,1_0_0,0.9519230769230769,0.8284518828451883,0.7333333333333333,0.7970297029702971,0.7071428571428572,0.6666666666666666,0.8,1.0,0.6666666666666666,0.6666666666666666
0,Family,Male,45,1_1_1,0.40384615384615385,0.42857142857142855,0.45652173913043476,0.44554455445544555,0.2727272727272727,1.0,1.0,1.0,1.0,1.0
0,Family,Male,50,0_0_0,0.009615384615384616,0.01904761904761905,1.0,0.4900990099009901,0.009615384615384616,0.0,0.0,0.0,0.0,0.0
0,Family,Male,50,0_0_1,0.5,0.6666666666666666,1.0,0.7425742574257426,0.5,0.0,0.0,0.0,0.0,0.0
0,Family,Male,50,0_1_0,0.5384615384615384,0.7,1.0,0.7623762376237624,0.5384615384615384,0.0,0.0,0.0,0.0,0.0
0,Family,Male,50,1_0_0,0.9423076923076923,0.8065843621399177,0.7050359712230215,0.7673267326732673,0.6758620689655173,0.6666666666666666,0.8,1.0,0.6666666666666666,0.6666666666666666
0,Family,Male,50,1_1_1,0.19230769230769232,0.27586206896551724,0.4878048780487805,0.4801980198019802,0.16,0.0,0.0,0.0,0.0,0.0
0,Family,Male,55,0_0_0,0.028846153846153848,0.056074766355140186,1.0,0.5,0.028846153846153848,0.0,0.0,0.0,0.0,0.0
0,Family,Male,55,0_0_1,0.4519230769230769,0.6225165562913907,1.0,0.7178217821782178,0.4519230769230769,0.0,0.0,0.0,0.0,0.0
0,Family,Male,55,0_1_0,0.5480769230769231,0.6951219512195121,0.95,0.7524752475247525,0.5327102803738317,0.25,0.4,1.0,0.25,0.25
0,Family,Male,55,1_0_0,0.9807692307692307,0.8395061728395061,0.7338129496402878,0.806930693069307,0.723404255319149,1.0,1.0,1.0,1.0,1.0
0,Family,Male,55,1_1_1,0.08653846153846154,0.144,0.42857142857142855,0.47029702970297027,0.07758620689655173,0.0,0.0,0.0,0.0,0.0
0,Family,Male,60,0_0_0,0.019230769230769232,0.03773584905660377,1.0,0.49504950495049505,0.019230769230769232,0.0,0.0,0.0,0.0,0.0
0,Family,Male,60,0_0_1,0.40384615384615385,0.5753424657534246,1.0,0.693069306930693,0.40384615384615385,0.0,0.0,0.0,0.0,0.0
0,Family,Male,60,0_1_0,0.5,0.6582278481012658,0.9629629629629629,0.7326732673267327,0.49056603773584906,0.16666666666666666,0.2857142857142857,1.0,0.16666666666666666,0.16666666666666666
0,Family,Male,60,1_0_0,0.9615384615384616,0.847457627118644,0.7575757575757576,0.8217821782178217,0.7352941176470589,1.0,1.0,1.0,1.0,1.0
0,Family,Male,60,1_1_1,0.09615384615384616,0.15873015873015872,0.45454545454545453,0.4752475247524752,0.08620689655172414,0.0,0.0,0.0,0.0,0.0
0,Family,Male,65,0_0_0,0.09615384615384616,0.17543859649122806,1.0,0.5346534653465347,0.09615384615384616,0.0,0.0,0.0,0.0,0.0
0,Family,Male,65,0_0_1,0.3557692307692308,0.524822695035461,1.0,0.6683168316831684,0.3557692307692308,0.0,0.0,0.0,0.0,0.0
0,Family,Male,65,0_1_0,0.38461538461538464,0.5555555555555556,1.0,0.6831683168316832,0.38461538461538464,0.0,0.0,0.0,0.0,0.0
0,Family,Male,65,1_0_0,0.8846153846153846,0.847926267281106,0.8141592920353983,0.8366336633663366,0.736,0.625,0.7692307692307693,1.0,0.625,0.625
0,Family,Male,65,1_1_1,0.3076923076923077,0.3368421052631579,0.37209302325581395,0.37623762376237624,0.20253164556962025,0.875,0.9333333333333333,1.0,0.875,0.875
0,Family,Male,70,0_0_0,0.038461538461538464,0.07407407407407407,1.0,0.504950495049505,0.038461538461538464,0.0,0.0,0.0,0.0,0.0
0,Family,Male,70,0_0_1,0.3076923076923077,0.47058823529411764,1.0,0.6435643564356436,0.3076923076923077,0.0,0.0,0.0,0.0,0.0
0,Family,Male,70,0_1_0,0.33653846153846156,0.5035971223021583,1.0,0.6584158415841584,0.33653846153846156,0.0,0.0,0.0,0.0,0.0
0,Family,Male,70,1_0_0,0.8076923076923077,0.7962085308056872,0.7850467289719626,0.7871287128712872,0.6614173228346457,0.7272727272727273,0.8421052631578947,1.0,0.7272727272727273,0.7272727272727273
0,Family,Male,70,1_1_1,0.3173076923076923,0.36666666666666664,0.4342105263157895,0.43564356435643564,0.22448979591836735,0.7272727272727273,0.8421052631578947,1.0,0.7272727272727273,0.7272727272727273
0,Family,Male,75,0_0_0,0.019230769230769232,0.03773584905660377,1.0,0.49504950495049505,0.019230769230769232,0.0,0.0,0.0,0.0,0.0
0,Family,Male,75,0_0_1,0.25961538461538464,0.4122137404580153,1.0,0.6188118811881188,0.25961538461538464,0.0,0.0,0.0,0.0,0.0
0,Family,Male,75,0_1_0,0.3076923076923077,0.47058823529411764,1.0,0.6435643564356436,0.3076923076923077,0.0,0.0,0.0,0.0,0.0
0,Family,Male,75,1_0_0,0.7692307692307693,0.8290155440414507,0.898876404494382,0.8366336633663366,0.7079646017699115,0.6153846153846154,0.7619047619047619,1.0,0.6153846153846154,0.6153846153846154
0,Family,Male,75,1_1_1,0.6153846153846154,0.5423728813559322,0.48484848484848486,0.46534653465346537,0.37209302325581395,1.0,1.0,1.0,1.0,1.0
0,Family,Male,80,0_0_0,0.028846153846153848,0.056074766355140186,1.0,0.5,0.028846153846153848,0.0,0.0,0.0,0.0,0.0
0,Family,Male,80,0_0_1,0.21153846153846154,0.3492063492063492,1.0,0.594059405940594,0.21153846153846154,0.0,0.0,0.0,0.0,0.0
0,Family,Male,80,0_1_0,0.27884615384615385,0.43609022556390975,1.0,0.6287128712871287,0.27884615384615385,0.0,0.0,0.0,0.0,0.0
0,Family,Male,80,1_0_0,0.7980769230769231,0.8258706467661692,0.8556701030927835,0.8267326732673267,0.7033898305084746,0.6,0.75,1.0,0.6,0.6
0,Family,Male,80,1_1_1,0.6057692307692307,0.5407725321888412,0.4883720930232558,0.47029702970297027,0.37058823529411766,1.0,1.0,1.0,1.0,1.0
0,Family,PersonWithASibling,0,0_0_0,0.0,0.0,0.0,0.6435643564356436,0.0,,,,,
0,Family,PersonWithASibling,0,0_0_1,0.0,0.0,0.0,0.6386138613861386,0.0,,,,,
0,Family,PersonWithASibling,0,0_1_0,0.0,0.0,0.0,0.6435643564356436,0.0,,,,,
0,Family,PersonWithASibling,0,1_0_0,0.3055555555555556,0.30344827586206896,0.3013698630136986,0.5,0.17886178861788618,,,,,
0,Family,PersonWithASibling,0,1_1_1,0.8194444444444444,0.5,0.3597560975609756,0.4158415841584158,0.3333333333333333,,,,,
0,Family,PersonWithASibling,5,0_0_0,0.0,0.0,0.0,0.6435643564356436,0.0,,,,,
0,Family,PersonWithASibling,5,0_0_1,0.0,0.0,0.0,0.6386138613861386,0.0,,,,,
0,Family,PersonWithASibling,5,0_1_0,0.0,0.0,0.0,0.6435643564356436,0.0,,,,,
0,Family,PersonWithASibling,5,1_0_0,0.3055555555555556,0.30344827586206896,0.3013698630136986,0.5,0.17886178861788618,,,,,
0,Family,PersonWithASibling,5,1_1_1,0.8194444444444444,0.5,0.3597560975609756,0.4158415841584158,0.3333333333333333,,,,,
0,Family,PersonWithASibling,10,0_0_0,0.0,0.0,0.0,0.6435643564356436,0.0,,,,,
0,Family,PersonWithASibling,10,0_0_1,0.0,0.0,0.0,0.6386138613861386,0.0,,,,,
0,Family,PersonWithASibling,10,0_1_0,0.0,0.0,0.0,0.6435643564356436,0.0,,,,,
0,Family,PersonWithASibling,10,1_0_0,0.3055555555555556,0.30344827586206896,0.3013698630136986,0.5,0.17886178861788618,,,,,
0,Family,PersonWithASibling,10,1_1_1,0.8194444444444444,0.5,0.3597560975609756,0.4158415841584158,0.3333333333333333,,,,,
0,Family,PersonWithASibling,15,0_0_0,0.0,0.0,0.0,0.6435643564356436,0.0,,,,,
0,Family,PersonWithASibling,15,0_0_1,0.0,0.0,0.0,0.6386138613861386,0.0,,,,,
0,Family,PersonWithASibling,15,0_1_0,0.0,0.0,0.0,0.6435643564356436,0.0,,,,,
0,Family,PersonWithASibling,15,1_0_0,0.3055555555555556,0.30344827586206896,0.3013698630136986,0.5,0.17886178861788618,,,,,
0,Family,PersonWithASibling,15,1_1_1,0.8194444444444444,0.5,0.3597560975609756,0.4158415841584158,0.3333333333333333,,,,,
0,Family,PersonWithASibling,20,0_0_0,0.0,0.0,0.0,0.6435643564356436,0.0,,,,,
0,Family,PersonWithASibling,20,0_0_1,0.0,0.0,0.0,0.6386138613861386,0.0,,,,,
0,Family,PersonWithASibling,20,0_1_0,0.0,0.0,0.0,0.6435643564356436,0.0,,,,,
0,Family,PersonWithASibling,20,1_0_0,0.3055555555555556,0.30344827586206896,0.3013698630136986,0.5,0.17886178861788618,,,,,
0,Family,PersonWithASibling,20,1_1_1,0.8194444444444444,0.5,0.3597560975609756,0.4158415841584158,0.3333333333333333,,,,,
0,Family,PersonWithASibling,25,0_0_0,0.0,0.0,0.0,0.6435643564356436,0.0,,,,,
0,Family,PersonWithASibling,25,0_0_1,0.0,0.0,0.0,0.6386138613861386,0.0,,,,,
0,Family,PersonWithASibling,25,0_1_0,0.0,0.0,0.0,0.6435643564356436,0.0,,,,,
0,Family,PersonWithASibling,25,1_0_0,0.3055555555555556,0.30344827586206896,0.3013698630136986,0.5,0.17886178861788618,,,,,
0,Family,PersonWithASibling,25,1_1_1,0.8194444444444444,0.5,0.3597560975609756,0.4158415841584158,0.3333333333333333,,,,,
0,Family,PersonWithASibling,30,0_0_0,0.0,0.0,0.0,0.6435643564356436,0.0,,,,,
0,Family,PersonWithASibling,30,0_0_1,0.0,0.0,0.0,0.6386138613861386,0.0,,,,,
0,Family,PersonWithASibling,30,0_1_0,0.0,0.0,0.0,0.6435643564356436,0.0,,,,,
0,Family,PersonWithASibling,30,1_0_0,0.3055555555555556,0.30344827586206896,0.3013698630136986,0.5,0.17886178861788618,,,,,
0,Family,PersonWithASibling,30,1_1_1,0.8194444444444444,0.5,0.3597560975609756,0.4158415841584158,0.3333333333333333,,,,,
0,Family,PersonWithASibling,35,0_0_0,0.0,0.0,0.0,0.6435643564356436,0.0,,,,,
0,Family,PersonWithASibling,35,0_0_1,0.0,0.0,0.0,0.6386138613861386,0.0,,,,,
0,Family,PersonWithASibling,35,0_1_0,0.0,0.0,0.0,0.6435643564356436,0.0,,,,,
0,Family,PersonWithASibling,35,1_0_0,0.3055555555555556,0.30344827586206896,0.3013698630136986,0.5,0.17886178861788618,,,,,
0,Family,PersonWithASibling,35,1_1_1,0.8194444444444444,0.5,0.3597560975609756,0.4158415841584158,0.3333333333333333,,,,,
0,Family,PersonWithASibling,40,0_0_0,0.0,0.0,0.0,0.6435643564356436,0.0,,,,,
0,Family,PersonWithASibling,40,0_0_1,0.0,0.0,0.0,0.6386138613861386,0.0,,,,,
0,Family,PersonWithASibling,40,0_1_0,0.0,0.0,0.0,0.6435643564356436,0.0,,,,,
0,Family,PersonWithASibling,40,1_0_0,0.3055555555555556,0.30344827586206896,0.3013698630136986,0.5,0.17886178861788618,,,,,
0,Family,PersonWithASibling,40,1_1_1,0.8194444444444444,0.5,0.3597560975609756,0.4158415841584158,0.3333333333333333,,,,,
0,Family,PersonWithASibling,45,0_0_0,0.0,0.0,0.0,0.6435643564356436,0.0,,,,,
0,Family,PersonWithASibling,45,0_0_1,0.0,0.0,0.0,0.6386138613861386,0.0,,,,,
0,Family,PersonWithASibling,45,0_1_0,0.0,0.0,0.0,0.6435643564356436,0.0,,,,,
0,Family,PersonWithASibling,45,1_0_0,0.3055555555555556,0.30344827586206896,0.3013698630136986,0.5,0.17886178861788618,,,,,
0,Family,PersonWithASibling,45,1_1_1,0.8194444444444444,0.5,0.3597560975609756,0.4158415841584158,0.3333333333333333,,,,,
0,Family,PersonWithASibling,50,0_0_0,0.0,0.0,0.0,0.6435643564356436,0.0,,,,,
0,Family,PersonWithASibling,50,0_0_1,0.0,0.0,0.0,0.6386138613861386,0.0,,,,,
0,Family,PersonWithASibling,50,0_1_0,0.0,0.0,0.0,0.6435643564356436,0.0,,,,,
0,Family,PersonWithASibling,50,1_0_0,0.3055555555555556,0.30344827586206896,0.3013698630136986,0.5,0.17886178861788618,,,,,
0,Family,PersonWithASibling,50,1_1_1,0.8194444444444444,0.5,0.3597560975609756,0.4158415841584158,0.3333333333333333,,,,,
0,Family,PersonWithASibling,55,0_0_0,0.0,0.0,0.0,0.6435643564356436,0.0,,,,,
0,Family,PersonWithASibling,55,0_0_1,0.0,0.0,0.0,0.6386138613861386,0.0,,,,,
0,Family,PersonWithASibling,55,0_1_0,0.0,0.0,0.0,0.6435643564356436,0.0,,,,,
0,Family,PersonWithASibling,55,1_0_0,0.3055555555555556,0.30344827586206896,0.3013698630136986,0.5,0.17886178861788618,,,,,
0,Family,PersonWithASibling,55,1_1_1,0.8194444444444444,0.5,0.3597560975609756,0.4158415841584158,0.3333333333333333,,,,,
0,Family,PersonWithASibling,60,0_0_0,0.0,0.0,0.0,0.6435643564356436,0.0,,,,,
0,Family,PersonWithASibling,60,0_0_1,0.0,0.0,0.0,0.6386138613861386,0.0,,,,,
0,Family,PersonWithASibling,60,0_1_0,0.0,0.0,0.0,0.6435643564356436,0.0,,,,,
0,Family,PersonWithASibling,60,1_0_0,0.3055555555555556,0.30344827586206896,0.3013698630136986,0.5,0.17886178861788618,,,,,
0,Family,PersonWithASibling,60,1_1_1,0.8194444444444444,0.5,0.3597560975609756,0.4158415841584158,0.3333333333333333,,,,,
0,Family,PersonWithASibling,65,0_0_0,0.0,0.0,0.0,0.6435643564356436,0.0,,,,,
0,Family,PersonWithASibling,65,0_0_1,0.0,0.0,0.0,0.6386138613861386,0.0,,,,,
0,Family,PersonWithASibling,65,0_1_0,0.0,0.0,0.0,0.6435643564356436,0.0,,,,,
0,Family,PersonWithASibling,65,1_0_0,0.3055555555555556,0.30344827586206896,0.3013698630136986,0.5,0.17886178861788618,,,,,
0,Family,PersonWithASibling,65,1_1_1,0.8194444444444444,0.5,0.3597560975609756,0.4158415841584158,0.3333333333333333,,,,,
0,Family,PersonWithASibling,70,0_0_0,0.0,0.0,0.0,0.6435643564356436,0.0,,,,,
0,Family,PersonWithASibling,70,0_0_1,0.0,0.0,0.0,0.6386138613861386,0.0,,,,,
0,Family,PersonWithASibling,70,0_1_0,0.0,0.0,0.0,0.6435643564356436,0.0,,,,,
0,Family,PersonWithASibling,70,1_0_0,0.3055555555555556,0.30344827586206896,0.3013698630136986,0.5,0.17886178861788618,,,,,
0,Family,PersonWithASibling,70,1_1_1,0.8194444444444444,0.5,0.3597560975609756,0.4158415841584158,0.3333333333333333,,,,,
0,Family,PersonWithASibling,75,0_0_0,0.0,0.0,0.0,0.6435643564356436,0.0,,,,,
0,Family,PersonWithASibling,75,0_0_1,0.0,0.0,0.0,0.6386138613861386,0.0,,,,,
0,Family,PersonWithASibling,75,0_1_0,0.0,0.0,0.0,0.6435643564356436,0.0,,,,,
0,Family,PersonWithASibling,75,1_0_0,0.3055555555555556,0.30344827586206896,0.3013698630136986,0.5,0.17886178861788618,,,,,
0,Family,PersonWithASibling,75,1_1_1,0.8194444444444444,0.5,0.3597560975609756,0.4158415841584158,0.3333333333333333,,,,,
0,Family,PersonWithASibling,80,0_0_0,0.0,0.0,0.0,0.6435643564356436,0.0,,,,,
0,Family,PersonWithASibling,80,0_0_1,0.0,0.0,0.0,0.6386138613861386,0.0,,,,,
0,Family,PersonWithASibling,80,0_1_0,0.0,0.0,0.0,0.6435643564356436,0.0,,,,,
0,Family,PersonWithASibling,80,1_0_0,0.3055555555555556,0.30344827586206896,0.3013698630136986,0.5,0.17886178861788618,,,,,
0,Family,PersonWithASibling,80,1_1_1,0.8194444444444444,0.5,0.3597560975609756,0.4158415841584158,0.3333333333333333,,,,,
0,Family,Child,0,0_0_0,0.0,0.0,0.0,0.48514851485148514,0.0,,,,,
0,Family,Child,0,0_0_1,0.0,0.0,0.0,0.4752475247524752,0.0,,,,,
0,Family,Child,0,0_1_0,0.009615384615384616,0.018867924528301886,0.5,0.48514851485148514,0.009523809523809525,,,,,
0,Family,Child,0,1_0_0,0.5480769230769231,0.4978165938864629,0.456,0.4306930693069307,0.3313953488372093,,,,,
0,Family,Child,0,1_1_1,0.4326923076923077,0.45454545454545453,0.4787234042553192,0.46534653465346537,0.29411764705882354,,,,,
0,Family,Child,5,0_0_0,0.0,0.0,0.0,0.48514851485148514,0.0,,,,,
0,Family,Child,5,0_0_1,0.0,0.0,0.0,0.4752475247524752,0.0,,,,,
0,Family,Child,5,0_1_0,0.009615384615384616,0.018867924528301886,0.5,0.48514851485148514,0.009523809523809525,,,,,
0,Family,Child,5,1_0_0,0.5480769230769231,0.4978165938864629,0.456,0.4306930693069307,0.3313953488372093,,,,,
0,Family,Child,5,1_1_1,0.4326923076923077,0.45454545454545453,0.4787234042553192,0.46534653465346537,0.29411764705882354,,,,,
0,Family,Child,10,0_0_0,0.0,0.0,0.0,0.48514851485148514,0.0,,,,,
0,Family,Child,10,0_0_1,0.0,0.0,0.0,0.4752475247524752,0.0,,,,,
0,Family,Child,10,0_1_0,0.009615384615384616,0.018867924528301886,0.5,0.48514851485148514,0.009523809523809525,,,,,
0,Family,Child,10,1_0_0,0.5480769230769231,0.4978165938864629,0.456,0.4306930693069307,0.3313953488372093,,,,,
0,Family,Child,10,1_1_1,0.4326923076923077,0.45454545454545453,0.4787234042553192,0.46534653465346537,0.29411764705882354,,,,,
0,Family,Child,15,0_0_0,0.0,0.0,0.0,0.48514851485148514,0.0,,,,,
0,Family,Child,15,0_0_1,0.0,0.0,0.0,0.4752475247524752,0.0,,,,,
0,Family,Child,15,0_1_0,0.009615384615384616,0.018867924528301886,0.5,0.48514851485148514,0.009523809523809525,,,,,
0,Family,Child,15,1_0_0,0.5480769230769231,0.4978165938864629,0.456,0.4306930693069307,0.3313953488372093,,,,,
0,Family,Child,15,1_1_1,0.4326923076923077,0.45454545454545453,0.4787234042553192,0.46534653465346537,0.29411764705882354,,,,,
0,Family,Child,20,0_0_0,0.0,0.0,0.0,0.48514851485148514,0.0,,,,,
0,Family,Child,20,0_0_1,0.0,0.0,0.0,0.4752475247524752,0.0,,,,,
0,Family,Child,20,0_1_0,0.009615384615384616,0.018867924528301886,0.5,0.48514851485148514,0.009523809523809525,,,,,
0,Family,Child,20,1_0_0,0.5480769230769231,0.4978165938864629,0.456,0.4306930693069307,0.3313953488372093,,,,,
0,Family,Child,20,1_1_1,0.4326923076923077,0.45454545454545453,0.4787234042553192,0.46534653465346537,0.29411764705882354,,,,,
0,Family,Child,25,0_0_0,0.0,0.0,0.0,0.48514851485148514,0.0,,,,,
0,Family,Child,25,0_0_1,0.0,0.0,0.0,0.4752475247524752,0.0,,,,,
0,Family,Child,25,0_1_0,0.009615384615384616,0.018867924528301886,0.5,0.48514851485148514,0.009523809523809525,,,,,
0,Family,Child,25,1_0_0,0.5480769230769231,0.4978165938864629,0.456,0.4306930693069307,0.3313953488372093,,,,,
0,Family,Child,25,1_1_1,0.4326923076923077,0.45454545454545453,0.4787234042553192,0.46534653465346537,0.29411764705882354,,,,,
0,Family,Child,30,0_0_0,0.0,0.0,0.0,0.48514851485148514,0.0,,,,,
0,Family,Child,30,0_0_1,0.0,0.0,0.0,0.4752475247524752,0.0,,,,,
0,Family,Child,30,0_1_0,0.009615384615384616,0.018867924528301886,0.5,0.48514851485148514,0.009523809523809525,,,,,
0,Family,Child,30,1_0_0,0.5480769230769231,0.4978165938864629,0.456,0.4306930693069307,0.3313953488372093,,,,,
0,Family,Child,30,1_1_1,0.4326923076923077,0.45454545454545453,0.4787234042553192,0.46534653465346537,0.29411764705882354,,,,,
0,Family,Child,35,0_0_0,0.0,0.0,0.0,0.48514851485148514,0.0,,,,,
0,Family,Child,35,0_0_1,0.0,0.0,0.0,0.4752475247524752,0.0,,,,,
0,Family,Child,35,0_1_0,0.009615384615384616,0.018867924528301886,0.5,0.48514851485148514,0.009523809523809525,,,,,
0,Family,Child,35,1_0_0,0.5480769230769231,0.4978165938864629,0.456,0.4306930693069307,0.3313953488372093,,,,,
0,Family,Child,35,1_1_1,0.4326923076923077,0.45454545454545453,0.4787234042553192,0.46534653465346537,0.29411764705882354,,,,,
0,Family,Child,40,0_0_0,0.0,0.0,0.0,0.48514851485148514,0.0,,,,,
0,Family,Child,40,0_0_1,0.0,0.0,0.0,0.4752475247524752,0.0,,,,,
0,Family,Child,40,0_1_0,0.009615384615384616,0.018867924528301886,0.5,0.48514851485148514,0.009523809523809525,,,,,
0,Family,Child,40,1_0_0,0.5480769230769231,0.4978165938864629,0.456,0.4306930693069307,0.3313953488372093,,,,,
0,Family,Child,40,1_1_1,0.4326923076923077,0.45454545454545453,0.4787234042553192,0.46534653465346537,0.29411764705882354,,,,,
0,Family,Child,45,0_0_0,0.0,0.0,0.0,0.48514851485148514,0.0,,,,,
0,Family,Child,45,0_0_1,0.0,0.0,0.0,0.4752475247524752,0.0,,,,,
0,Family,Child,45,0_1_0,0.009615384615384616,0.018867924528301886,0.5,0.48514851485148514,0.009523809523809525,,,,,
0,Family,Child,45,1_0_0,0.5480769230769231,0.4978165938864629,0.456,0.4306930693069307,0.3313953488372093,,,,,
0,Family,Child,45,1_1_1,0.4326923076923077,0.45454545454545453,0.4787234042553192,0.46534653465346537,0.29411764705882354,,,,,
0,Family,Child,50,0_0_0,0.0,0.0,0.0,0.48514851485148514,0.0,,,,,
0,Family,Child,50,0_0_1,0.0,0.0,0.0,0.4752475247524752,0.0,,,,,
0,Family,Child,50,0_1_0,0.009615384615384616,0.018867924528301886,0.5,0.48514851485148514,0.009523809523809525,,,,,
0,Family,Child,50,1_0_0,0.5480769230769231,0.4978165938864629,0.456,0.4306930693069307,0.3313953488372093,,,,,
0,Family,Child,50,1_1_1,0.4326923076923077,0.45454545454545453,0.4787234042553192,0.46534653465346537,0.29411764705882354,,,,,
0,Family,Child,55,0_0_0,0.0,0.0,0.0,0.48514851485148514,0.0,,,,,
0,Family,Child,55,0_0_1,0.0,0.0,0.0,0.4752475247524752,0.0,,,,,
0,Family,Child,55,0_1_0,0.009615384615384616,0.018867924528301886,0.5,0.48514851485148514,0.009523809523809525,,,,,
0,Family,Child,55,1_0_0,0.5480769230769231,0.4978165938864629,0.456,0.4306930693069307,0.3313953488372093,,,,,
0,Family,Child,55,1_1_1,0.4326923076923077,0.45454545454545453,0.4787234042553192,0.46534653465346537,0.29411764705882354,,,,,
0,Family,Child,60,0_0_0,0.0,0.0,0.0,0.48514851485148514,0.0,,,,,
0,Family,Child,60,0_0_1,0.0,0.0,0.0,0.4752475247524752,0.0,,,,,
0,Family,Child,60,0_1_0,0.009615384615384616,0.018867924528301886,0.5,0.48514851485148514,0.009523809523809525,,,,,
0,Family,Child,60,1_0_0,0.5480769230769231,0.4978165938864629,0.456,0.4306930693069307,0.3313953488372093,,,,,
0,Family,Child,60,1_1_1,0.4326923076923077,0.45454545454545453,0.4787234042553192,0.46534653465346537,0.29411764705882354,,,,,
0,Family,Child,65,0_0_0,0.0,0.0,0.0,0.48514851485148514,0.0,,,,,
0,Family,Child,65,0_0_1,0.0,0.0,0.0,0.4752475247524752,0.0,,,,,
0,Family,Child,65,0_1_0,0.009615384615384616,0.018867924528301886,0.5,0.48514851485148514,0.009523809523809525,,,,,
0,Family,Child,65,1_0_0,0.5480769230769231,0.4978165938864629,0.456,0.4306930693069307,0.3313953488372093,,,,,
0,Family,Child,65,1_1_1,0.4326923076923077,0.45454545454545453,0.4787234042553192,0.46534653465346537,0.29411764705882354,,,,,
0,Family,Child,70,0_0_0,0.0,0.0,0.0,0.48514851485148514,0.0,,,,,
0,Family,Child,70,0_0_1,0.0,0.0,0.0,0.4752475247524752,0.0,,,,,
0,Family,Child,70,0_1_0,0.009615384615384616,0.018867924528301886,0.5,0.48514851485148514,0.009523809523809525,,,,,
0,Family,Child,70,1_0_0,0.5480769230769231,0.4978165938864629,0.456,0.4306930693069307,0.3313953488372093,,,,,
0,Family,Child,70,1_1_1,0.4326923076923077,0.45454545454545453,0.4787234042553192,0.46534653465346537,0.29411764705882354,,,,,
0,Family,Child,75,0_0_0,0.0,0.0,0.0,0.48514851485148514,0.0,,,,,
0,Family,Child,75,0_0_1,0.0,0.0,0.0,0.4752475247524752,0.0,,,,,
0,Family,Child,75,0_1_0,0.009615384615384616,0.018867924528301886,0.5,0.48514851485148514,0.009523809523809525,,,,,
0,Family,Child,75,1_0_0,0.5480769230769231,0.4978165938864629,0.456,0.4306930693069307,0.3313953488372093,,,,,
0,Family,Child,75,1_1_1,0.4326923076923077,0.45454545454545453,0.4787234042553192,0.46534653465346537,0.29411764705882354,,,,,
0,Family,Child,80,0_0_0,0.0,0.0,0.0,0.48514851485148514,0.0,,,,,
0,Family,Child,80,0_0_1,0.0,0.0,0.0,0.4752475247524752,0.0,,,,,
0,Family,Child,80,0_1_0,0.009615384615384616,0.018867924528301886,0.5,0.48514851485148514,0.009523809523809525,,,,,
0,Family,Child,80,1_0_0,0.5480769230769231,0.4978165938864629,0.456,0.4306930693069307,0.3313953488372093,,,,,
0,Family,Child,80,1_1_1,0.4326923076923077,0.45454545454545453,0.4787234042553192,0.46534653465346537,0.29411764705882354,,,,,
0,Family,Person,0,0_0_0,0.7673267326732673,0.8683473389355743,1.0,0.7673267326732673,0.7673267326732673,,,,,
0,Family,Person,0,0_0_1,1.0,1.0,1.0,1.0,1.0,,,,,
0,Family,Person,0,0_1_0,1.0,1.0,1.0,1.0,1.0,,,,,
0,Family,Person,0,1_0_0,1.0,1.0,1.0,1.0,1.0,,,,,
0,Family,Person,0,1_1_1,0.0049504950495049506,0.009852216748768473,1.0,0.0049504950495049506,0.0049504950495049506,,,,,
0,Family,Person,5,0_0_0,0.5594059405940595,0.7174603174603175,1.0,0.5594059405940595,0.5594059405940595,,,,,
0,Family,Person,5,0_0_1,0.9504950495049505,0.9746192893401016,1.0,0.9504950495049505,0.9504950495049505,,,,,
0,Family,Person,5,0_1_0,0.9851485148514851,0.9925187032418953,1.0,0.9851485148514851,0.9851485148514851,,,,,
0,Family,Person,5,1_0_0,1.0,1.0,1.0,1.0,1.0,,,,,
0,Family,Person,5,1_1_1,0.034653465346534656,0.06698564593301436,1.0,0.034653465346534656,0.034653465346534656,,,,,
0,Family,Person,10,0_0_0,0.4306930693069307,0.6020761245674741,1.0,0.4306930693069307,0.4306930693069307,,,,,
0,Family,Person,10,0_0_1,0.905940594059406,0.9506493506493506,1.0,0.905940594059406,0.905940594059406,,,,,
0,Family,Person,10,0_1_0,0.9504950495049505,0.9746192893401016,1.0,0.9504950495049505,0.9504950495049505,,,,,
0,Family,Person,10,1_0_0,1.0,1.0,1.0,1.0,1.0,,,,,
0,Family,Person,10,1_1_1,0.04950495049504951,0.09433962264150944,1.0,0.04950495049504951,0.04950495049504951,,,,,
0,Family,Person,15,0_0_0,0.44554455445544555,0.6164383561643836,1.0,0.44554455445544555,0.44554455445544555,,,,,
0,Family,Person,15,0_0_1,0.8514851485148515,0.9197860962566845,1.0,0.8514851485148515,0.8514851485148515,,,,,
0,Family,Person,15,0_1_0,0.9158415841584159,0.9560723514211886,1.0,0.9158415841584159,0.9158415841584159,,,,,
0,Family,Person,15,1_0_0,1.0,1.0,1.0,1.0,1.0,,,,,
0,Family,Person,15,1_1_1,0.039603960396039604,0.0761904761904762,1.0,0.039603960396039604,0.039603960396039604,,,,,
0,Family,Person,20,0_0_0,0.6237623762376238,0.7682926829268293,1.0,0.6237623762376238,0.6237623762376238,,,,,
0,Family,Person,20,0_0_1,0.801980198019802,0.8901098901098901,1.0,0.801980198019802,0.801980198019802,,,,,
0,Family,Person,20,0_1_0,0.806930693069307,0.8931506849315068,1.0,0.806930693069307,0.806930693069307,,,,,
0,Family,Person,20,1_0_0,1.0,1.0,1.0,1.0,1.0,,,,,
0,Family,Person,20,1_1_1,0.0594059405940594,0.11214953271028037,1.0,0.0594059405940594,0.0594059405940594,,,,,
0,Family,Person,25,0_0_0,0.6138613861386139,0.7607361963190185,1.0,0.6138613861386139,0.6138613861386139,,,,,
0,Family,Person,25,0_0_1,0.7524752475247525,0.8587570621468926,1.0,0.7524752475247525,0.7524752475247525,,,,,
0,Family,Person,25,0_1_0,0.0,0.0,0.0,0.0,0.0,,,,,
0,Family,Person,25,1_0_0,0.995049504950495,0.9975186104218362,1.0,0.995049504950495,0.995049504950495,,,,,
0,Family,Person,25,1_1_1,0.1485148514851485,0.25862068965517243,1.0,0.1485148514851485,0.1485148514851485,,,,,
0,Family,Person,30,0_0_0,0.6534653465346535,0.7904191616766467,1.0,0.6534653465346535,0.6534653465346535,,,,,
0,Family,Person,30,0_0_1,0.0,0.0,0.0,0.0,0.0,,,,,
0,Family,Person,30,0_1_0,0.0,0.0,0.0,0.0,0.0,,,,,
0,Family,Person,30,1_0_0,0.019801980198019802,0.038834951456310676,1.0,0.019801980198019802,0.019801980198019802,,,,,
0,Family,Person,30,1_1_1,0.46534653465346537,0.6351351351351351,1.0,0.46534653465346537,0.46534653465346537,,,,,
0,Family,Person,35,0_0_0,0.3613861386138614,0.5309090909090909,1.0,0.3613861386138614,0.3613861386138614,,,,,
0,Family,Person,35,0_0_1,0.693069306930693,0.8187134502923976,1.0,0.693069306930693,0.693069306930693,,,,,
0,Family,Person,35,0_1_0,0.7079207920792079,0.8289855072463768,1.0,0.7079207920792079,0.7079207920792079,,,,,
0,Family,Person,35,1_0_0,1.0,1.0,1.0,1.0,1.0,,,,,
0,Family,Person,35,1_1_1,0.10396039603960396,0.18834080717488788,1.0,0.10396039603960396,0.10396039603960396,,,,,
0,Family,Person,40,0_0_0,0.01485148514851485,0.02926829268292683,1.0,0.01485148514851485,0.01485148514851485,,,,,
0,Family,Person,40,0_0_1,0.6039603960396039,0.7530864197530864,1.0,0.6039603960396039,0.6039603960396039,,,,,
0,Family,Person,40,0_1_0,0.8613861386138614,0.925531914893617,1.0,0.8613861386138614,0.8613861386138614,,,,,
0,Family,Person,40,1_0_0,1.0,1.0,1.0,1.0,1.0,,,,,
0,Family,Person,40,1_1_1,0.04455445544554455,0.08530805687203792,1.0,0.04455445544554455,0.04455445544554455,,,,,
0,Family,Person,45,0_0_0,0.009900990099009901,0.0196078431372549,1.0,0.009900990099009901,0.009900990099009901,,,,,
0,Family,Person,45,0_0_1,0.5544554455445545,0.7133757961783439,1.0,0.5544554455445545,0.5544554455445545,,,,,
0,Family,Person,45,0_1_0,0.7970297029702971,0.8870523415977961,1.0,0.7970297029702971,0.7970297029702971,,,,,
0,Family,Person,45,1_0_0,0.995049504950495,0.9975186104218362,1.0,0.995049504950495,0.995049504950495,,,,,
0,Family,Person,45,1_1_1,0.06930693069306931,0.12962962962962962,1.0,0.06930693069306931,0.06930693069306931,,,,,
0,Family,Person,50,0_0_0,0.45544554455445546,0.6258503401360545,1.0,0.45544554455445546,0.45544554455445546,,,,,
0,Family,Person,50,0_0_1,0.5297029702970297,0.6925566343042071,1.0,0.5297029702970297,0.5297029702970297,,,,,
0,Family,Person,50,0_1_0,0.8712871287128713,0.9312169312169312,1.0,0.8712871287128713,0.8712871287128713,,,,,
0,Family,Person,50,1_0_0,0.9851485148514851,0.9925187032418953,1.0,0.9851485148514851,0.9851485148514851,,,,,
0,Family,Person,50,1_1_1,0.08415841584158416,0.1552511415525114,1.0,0.08415841584158416,0.08415841584158416,,,,,
0,Family,Person,55,0_0_0,0.22277227722772278,0.3643724696356275,1.0,0.22277227722772278,0.22277227722772278,,,,,
0,Family,Person,55,0_0_1,0.45544554455445546,0.6258503401360545,1.0,0.45544554455445546,0.45544554455445546,,,,,
0,Family,Person,55,0_1_0,0.49504950495049505,0.6622516556291391,1.0,0.49504950495049505,0.49504950495049505,,,,,
0,Family,Person,55,1_0_0,0.9554455445544554,0.9772151898734177,1.0,0.9554455445544554,0.9554455445544554,,,,,
0,Family,Person,55,1_1_1,0.297029702970297,0.4580152671755725,1.0,0.297029702970297,0.297029702970297,,,,,
0,Family,Person,60,0_0_0,0.054455445544554455,0.10328638497652583,1.0,0.054455445544554455,0.054455445544554455,,,,,
0,Family,Person,60,0_0_1,0.40594059405940597,0.5774647887323944,1.0,0.40594059405940597,0.40594059405940597,,,,,
0,Family,Person,60,0_1_0,0.6732673267326733,0.8047337278106509,1.0,0.6732673267326733,0.6732673267326733,,,,,
0,Family,Person,60,1_0_0,0.905940594059406,0.9506493506493506,1.0,0.905940594059406,0.905940594059406,,,,,
0,Family,Person,60,1_1_1,0.26732673267326734,0.421875,1.0,0.26732673267326734,0.26732673267326734,,,,,
0,Family,Person,65,0_0_0,0.25742574257425743,0.4094488188976378,1.0,0.25742574257425743,0.25742574257425743,,,,,
0,Family,Person,65,0_0_1,0.38613861386138615,0.5571428571428572,1.0,0.38613861386138615,0.38613861386138615,,,,,
0,Family,Person,65,0_1_0,0.594059405940594,0.7453416149068323,1.0,0.594059405940594,0.594059405940594,,,,,
0,Family,Person,65,1_0_0,0.9455445544554455,0.9720101781170484,1.0,0.9455445544554455,0.9455445544554455,,,,,
0,Family,Person,65,1_1_1,0.034653465346534656,0.06698564593301436,1.0,0.034653465346534656,0.034653465346534656,,,,,
0,Family,Person,70,0_0_0,0.08415841584158416,0.1552511415525114,1.0,0.08415841584158416,0.08415841584158416,,,,,
0,Family,Person,70,0_0_1,0.30198019801980197,0.46387832699619774,1.0,0.30198019801980197,0.30198019801980197,,,,,
0,Family,Person,70,0_1_0,0.39603960396039606,0.5673758865248227,1.0,0.39603960396039606,0.39603960396039606,,,,,
0,Family,Person,70,1_0_0,0.9554455445544554,0.9772151898734177,1.0,0.9554455445544554,0.9554455445544554,,,,,
0,Family,Person,70,1_1_1,0.3613861386138614,0.5309090909090909,1.0,0.3613861386138614,0.3613861386138614,,,,,
0,Family,Person,75,0_0_0,0.19306930693069307,0.3236514522821577,1.0,0.19306930693069307,0.19306930693069307,,,,,
0,Family,Person,75,0_0_1,0.2524752475247525,0.4031620553359684,1.0,0.2524752475247525,0.2524752475247525,,,,,
0,Family,Person,75,0_1_0,0.25742574257425743,0.4094488188976378,1.0,0.25742574257425743,0.25742574257425743,,,,,
0,Family,Person,75,1_0_0,0.905940594059406,0.9506493506493506,1.0,0.905940594059406,0.905940594059406,,,,,
0,Family,Person,75,1_1_1,0.3811881188118812,0.5519713261648745,1.0,0.3811881188118812,0.3811881188118812,,,,,
0,Family,Person,80,0_0_0,0.15346534653465346,0.26609442060085836,1.0,0.15346534653465346,0.15346534653465346,,,,,
0,Family,Person,80,0_0_1,0.20297029702970298,0.3374485596707819,1.0,0.20297029702970298,0.20297029702970298,,,,,
0,Family,Person,80,0_1_0,0.4504950495049505,0.621160409556314,1.0,0.4504950495049505,0.4504950495049505,,,,,
0,Family,Person,80,1_0_0,0.9455445544554455,0.9720101781170484,1.0,0.9455445544554455,0.9455445544554455,,,,,
0,Family,Person,80,1_1_1,0.8514851485148515,0.9197860962566845,1.0,0.8514851485148515,0.8514851485148515,,,,,
0,Family,Daughter,0,0_0_0,0.46153846153846156,0.631578947368421,1.0,0.8613861386138614,0.46153846153846156,,,,,
0,Family,Daughter,0,0_0_1,1.0,0.8813559322033898,0.7878787878787878,0.9306930693069307,0.7878787878787878,,,,,
0,Family,Daughter,0,0_1_0,1.0,0.7761194029850746,0.6341463414634146,0.8514851485148515,0.6341463414634146,,,,,
0,Family,Daughter,0,1_0_0,1.0,0.45217391304347826,0.29213483146067415,0.37623762376237624,0.29213483146067415,,,,,
0,Family,Daughter,0,1_1_1,0.15384615384615385,0.13333333333333333,0.11764705882352941,0.48514851485148514,0.07142857142857142,,,,,
0,Family,Daughter,5,0_0_0,0.6538461538461539,0.7906976744186046,1.0,0.9108910891089109,0.6538461538461539,0.0,0.0,0.0,0.0,0.0
0,Family,Daughter,5,0_0_1,0.9807692307692307,0.9622641509433962,0.9444444444444444,0.9801980198019802,0.9272727272727272,0.5,0.6666666666666666,1.0,0.5,0.5
0,Family,Daughter,5,0_1_0,1.0,0.8888888888888888,0.8,0.9356435643564357,0.8,1.0,1.0,1.0,1.0,1.0
0,Family,Daughter,5,1_0_0,1.0,0.47706422018348627,0.3132530120481928,0.43564356435643564,0.3132530120481928,1.0,1.0,1.0,1.0,1.0
0,Family,Daughter,5,1_1_1,0.40384615384615385,0.25925925925925924,0.19090909090909092,0.40594059405940597,0.14893617021276595,1.0,1.0,1.0,1.0,1.0
0,Family,Daughter,10,0_0_0,0.6538461538461539,0.7906976744186046,1.0,0.9108910891089109,0.6538461538461539,0.0,0.0,0.0,0.0,0.0
0,Family,Daughter,10,0_0_1,0.9230769230769231,0.9320388349514563,0.9411764705882353,0.9653465346534653,0.8727272727272727,0.2,0.3333333333333333,1.0,0.2,0.2
0,Family,Daughter,10,0_1_0,0.9807692307692307,0.9026548672566371,0.8360655737704918,0.9455445544554455,0.8225806451612904,0.8,0.8888888888888888,1.0,0.8,0.8
0,Family,Daughter,10,1_0_0,1.0,0.49523809523809526,0.3291139240506329,0.4752475247524752,0.3291139240506329,1.0,1.0,1.0,1.0,1.0
0,Family,Daughter,10,1_1_1,0.46153846153846156,0.2823529411764706,0.2033898305084746,0.39603960396039606,0.1643835616438356,1.0,1.0,1.0,1.0,1.0
0,Family,Daughter,15,0_0_0,0.6153846153846154,0.7619047619047619,1.0,0.900990099009901,0.6153846153846154,0.0,0.0,0.0,0.0,0.0
0,Family,Daughter,15,0_0_1,0.9038461538461539,0.9306930693069307,0.9591836734693877,0.9653465346534653,0.8703703703703703,0.2857142857142857,0.4444444444444444,1.0,0.2857142857142857,0.2857142857142857
0,Family,Daughter,15,0_1_0,0.9807692307692307,0.8947368421052632,0.8225806451612904,0.9405940594059405,0.8095238095238095,0.8571428571428571,0.9230769230769231,1.0,0.8571428571428571,0.8571428571428571
0,Family,Daughter,15,1_0_0,1.0,0.5073170731707317,0.33986928104575165,0.5,0.33986928104575165,1.0,1.0,1.0,1.0,1.0
0,Family,Daughter,15,1_1_1,0.5384615384615384,0.3236994219653179,0.23140495867768596,0.4207920792079208,0.19310344827586207,1.0,1.0,1.0,1.0,1.0
0,Family,Daughter,20,0_0_0,0.5576923076923077,0.7160493827160493,1.0,0.8861386138613861,0.5576923076923077,0.0,0.0,0.0,0.0,0.0
0,Family,Daughter,20,0_0_1,0.8653846153846154,0.9183673469387755,0.9782608695652174,0.9603960396039604,0.8490566037735849,0.3,0.46153846153846156,1.0,0.3,0.3
0,Family,Daughter,20,0_1_0,0.9423076923076923,0.8828828828828829,0.8305084745762712,0.9356435643564357,0.7903225806451613,0.7,0.8235294117647058,1.0,0.7,0.7
0,Family,Daughter,20,1_0_0,1.0,0.4792626728110599,0.3151515151515151,0.4405940594059406,0.3151515151515151,1.0,1.0,1.0,1.0,1.0
0,Family,Daughter,20,1_1_1,0.46153846153846156,0.2926829268292683,0.21428571428571427,0.42574257425742573,0.17142857142857143,0.9,0.9473684210526315,1.0,0.9,0.9
0,Family,Daughter,25,0_0_0,0.4423076923076923,0.6133333333333333,1.0,0.8564356435643564,0.4423076923076923,0.0,0.0,0.0,0.0,0.0
0,Family,Daughter,25,0_0_1,0.8269230769230769,0.8958333333333334,0.9772727272727273,0.9504950495049505,0.8113207547169812,0.3076923076923077,0.47058823529411764,1.0,0.3076923076923077,0.3076923076923077
0,Family,Daughter,25,0_1_0,0.8846153846153846,0.8846153846153846,0.8846153846153846,0.9405940594059405,0.7931034482758621,0.5384615384615384,0.7,1.0,0.5384615384615384,0.5384615384615384
0,Family,Daughter,25,1_0_0,1.0,0.48372093023255813,0.31901840490797545,0.4504950495049505,0.31901840490797545,1.0,1.0,1.0,1.0,1.0
0,Family,Daughter,25,1_1_1,0.4423076923076923,0.2804878048780488,0.20535714285714285,0.4158415841584158,0.16312056737588654,0.6923076923076923,0.8181818181818182,1.0,0.6923076923076923,0.6923076923076923
0,Family,Daughter,30,0_0_0,0.4423076923076923,0.6133333333333333,1.0,0.8564356435643564,0.4423076923076923,0.0,0.0,0.0,0.0,0.0
0,Family,Daughter,30,0_0_1,0.7692307692307693,0.851063829787234,0.9523809523809523,0.9306930693069307,0.7407407407407407,0.2,0.3333333333333333,1.0,0.2,0.2
0,Family,Daughter,30,0_1_0,0.8653846153846154,0.8737864077669902,0.8823529411764706,0.9356435643564357,0.7758620689655172,0.5333333333333333,0.6956521739130435,1.0,0.5333333333333333,0.5333333333333333
0,Family,Daughter,30,1_0_0,1.0,0.48598130841121495,0.32098765432098764,0.45544554455445546,0.32098765432098764,1.0,1.0,1.0,1.0,1.0
0,Family,Daughter,30,1_1_1,0.4423076923076923,0.2822085889570552,0.2072072072072072,0.4207920792079208,0.16428571428571428,0.7333333333333333,0.8461538461538461,1.0,0.7333333333333333,0.7333333333333333
0,Family,Daughter,35,0_0_0,0.40384615384615385,0.5753424657534246,1.0,0.8465346534653465,0.40384615384615385,0.0,0.0,0.0,0.0,0.0
0,Family,Daughter,35,0_0_1,0.7307692307692307,0.8260869565217391,0.95,0.9207920792079208,0.7037037037037037,0.2222222222222222,0.36363636363636365,1.0,0.2222222222222222,0.2222222222222222
0,Family,Daughter,35,0_1_0,0.8076923076923077,0.8316831683168316,0.8571428571428571,0.9158415841584159,0.711864406779661,0.4444444444444444,0.6153846153846154,1.0,0.4444444444444444,0.4444444444444444
0,Family,Daughter,35,1_0_0,1.0,0.4622222222222222,0.30057803468208094,0.400990099009901,0.30057803468208094,1.0,1.0,1.0,1.0,1.0
0,Family,Daughter,35,1_1_1,0.4807692307692308,0.2994011976047904,0.21739130434782608,0.4207920792079208,0.176056338028169,0.7777777777777778,0.875,1.0,0.7777777777777778,0.7777777777777778
0,Family,Daughter,40,0_0_0,0.38461538461538464,0.5555555555555556,1.0,0.8415841584158416,0.38461538461538464,0.0,0.0,0.0,0.0,0.0
0,Family,Daughter,40,0_0_1,0.6730769230769231,0.7777777777777778,0.9210526315789473,0.900990099009901,0.6363636363636364,0.15,0.2608695652173913,1.0,0.15,0.15
0,Family,Daughter,40,0_1_0,0.75,0.7878787878787878,0.8297872340425532,0.8960396039603961,0.65,0.35,0.5185185185185185,1.0,0.35,0.35
0,Family,Daughter,40,1_0_0,1.0,0.46017699115044247,0.2988505747126437,0.39603960396039606,0.2988505747126437,1.0,1.0,1.0,1.0,1.0
0,Family,Daughter,40,1_1_1,0.4230769230769231,0.2716049382716049,0.2,0.4158415841584158,0.15714285714285714,0.55,0.7096774193548387,1.0,0.55,0.55
0,Family,Daughter,45,0_0_0,0.34615384615384615,0.5142857142857142,1.0,0.8316831683168316,0.34615384615384615,0.0,0.0,0.0,0.0,0.0
0,Family,Daughter,45,0_0_1,0.6153846153846154,0.7191011235955056,0.8648648648648649,0.8762376237623762,0.5614035087719298,0.13043478260869565,0.23076923076923078,1.0,0.13043478260869565,0.13043478260869565
0,Family,Daughter,45,0_1_0,0.75,0.7647058823529411,0.78,0.8811881188118812,0.6190476190476191,0.43478260869565216,0.6060606060606061,1.0,0.43478260869565216,0.43478260869565216
0,Family,Daughter,45,1_0_0,1.0,0.47706422018348627,0.3132530120481928,0.43564356435643564,0.3132530120481928,1.0,1.0,1.0,1.0,1.0
0,Family,Daughter,45,1_1_1,0.38461538461538464,0.2684563758389262,0.20618556701030927,0.4603960396039604,0.15503875968992248,0.43478260869565216,0.6060606060606061,1.0,0.43478260869565216,0.43478260869565216
0,Family,Daughter,50,0_0_0,0.34615384615384615,0.5142857142857142,1.0,0.8316831683168316,0.34615384615384615,0.0,0.0,0.0,0.0,0.0
0,Family,Daughter,50,0_0_1,0.5576923076923077,0.6823529411764706,0.8787878787878788,0.8663366336633663,0.5178571428571429,0.11538461538461539,0.20689655172413793,1.0,0.11538461538461539,0.11538461538461539
0,Family,Daughter,50,0_1_0,0.6730769230769231,0.7142857142857143,0.7608695652173914,0.8613861386138614,0.5555555555555556,0.34615384615384615,0.5142857142857142,1.0,0.34615384615384615,0.34615384615384615
0,Family,Daughter,50,1_0_0,1.0,0.48372093023255813,0.31901840490797545,0.4504950495049505,0.31901840490797545,1.0,1.0,1.0,1.0,1.0
0,Family,Daughter,50,1_1_1,0.38461538461538464,0.2631578947368421,0.2,0.44554455445544555,0.15151515151515152,0.46153846153846156,0.631578947368421,1.0,0.46153846153846156,0.46153846153846156
0,Family,Daughter,55,0_0_0,0.3269230769230769,0.4927536231884058,1.0,0.8267326732673267,0.3269230769230769,0.0,0.0,0.0,0.0,0.0
0,Family,Daughter,55,0_0_1,0.5192307692307693,0.6506024096385542,0.8709677419354839,0.8564356435643564,0.48214285714285715,0.10714285714285714,0.1935483870967742,1.0,0.10714285714285714,0.10714285714285714
0,Family,Daughter,55,0_1_0,0.5961538461538461,0.6888888888888889,0.8157894736842105,0.8613861386138614,0.5254237288135594,0.25,0.4,1.0,0.25,0.25
0,Family,Daughter,55,1_0_0,1.0,0.5024154589371981,0.33548387096774196,0.4900990099009901,0.33548387096774196,1.0,1.0,1.0,1.0,1.0
0,Family,Daughter,55,1_1_1,0.46153846153846156,0.2909090909090909,0.21238938053097345,0.4207920792079208,0.1702127659574468,0.5,0.6666666666666666,1.0,0.5,0.5
0,Family,Daughter,60,0_0_0,0.2692307692307692,0.42424242424242425,1.0,0.8118811881188119,0.2692307692307692,0.0,0.0,0.0,0.0,0.0
0,Family,Daughter,60,0_0_1,0.5,0.6582278481012658,0.9629629629629629,0.8663366336633663,0.49056603773584906,0.16129032258064516,0.2777777777777778,1.0,0.16129032258064516,0.16129032258064516
0,Family,Daughter,60,0_1_0,0.6153846153846154,0.7111111111111111,0.8421052631578947,0.8712871287128713,0.5517241379310345,0.3548387096774194,0.5238095238095238,1.0,0.3548387096774194,0.3548387096774194
0,Family,Daughter,60,1_0_0,1.0,0.5306122448979592,0.3611111111111111,0.5445544554455446,0.3611111111111111,1.0,1.0,1.0,1.0,1.0
0,Family,Daughter,60,1_1_1,0.36538461538461536,0.25,0.19,0.43564356435643564,0.14285714285714285,0.3548387096774194,0.5238095238095238,1.0,0.3548387096774194,0.3548387096774194
0,Family,Daughter,65,0_0_0,0.25,0.4,1.0,0.806930693069307,0.25,0.0,0.0,0.0,0.0,0.0
0,Family,Daughter,65,0_0_1,0.4423076923076923,0.6133333333333333,1.0,0.8564356435643564,0.4423076923076923,0.12121212121212122,0.21621621621621623,1.0,0.12121212121212122,0.12121212121212122
0,Family,Daughter,65,0_1_0,0.5384615384615384,0.6746987951807228,0.9032258064516129,0.8663366336633663,0.509090909090909,0.2727272727272727,0.42857142857142855,1.0,0.2727272727272727,0.2727272727272727
0,Family,Daughter,65,1_0_0,0.9807692307692307,0.5396825396825397,0.3722627737226277,0.5693069306930693,0.3695652173913043,0.9696969696969697,0.9846153846153847,1.0,0.9696969696969697,0.9696969696969697
0,Family,Daughter,65,1_1_1,0.3269230769230769,0.22818791946308725,0.17525773195876287,0.4306930693069307,0.12878787878787878,0.36363636363636365,0.5333333333333333,1.0,0.36363636363636365,0.36363636363636365
0,Family,Daughter,70,0_0_0,0.23076923076923078,0.375,1.0,0.801980198019802,0.23076923076923078,0.0,0.0,0.0,0.0,0.0
0,Family,Daughter,70,0_0_1,0.5576923076923077,0.6236559139784946,0.7073170731707317,0.8267326732673267,0.453125,0.3611111111111111,0.5306122448979592,1.0,0.3611111111111111,0.3611111111111111
0,Family,Daughter,70,0_1_0,0.7307692307692307,0.7037037037037037,0.6785714285714286,0.8415841584158416,0.5428571428571428,0.6111111111111112,0.7586206896551724,1.0,0.6111111111111112,0.6111111111111112
0,Family,Daughter,70,1_0_0,1.0,0.4406779661016949,0.2826086956521739,0.3465346534653465,0.2826086956521739,1.0,1.0,1.0,1.0,1.0
0,Family,Daughter,70,1_1_1,0.2692307692307692,0.1696969696969697,0.12389380530973451,0.3217821782178218,0.09271523178807947,0.3333333333333333,0.5,1.0,0.3333333333333333,0.3333333333333333
0,Family,Daughter,75,0_0_0,0.19230769230769232,0.3225806451612903,1.0,0.7920792079207921,0.19230769230769232,0.0,0.0,0.0,0.0,0.0
0,Family,Daughter,75,0_0_1,0.5,0.5909090909090909,0.7222222222222222,0.8217821782178217,0.41935483870967744,0.3333333333333333,0.5,1.0,0.3333333333333333,0.3333333333333333
0,Family,Daughter,75,0_1_0,0.7692307692307693,0.7407407407407407,0.7142857142857143,0.8613861386138614,0.5882352941176471,0.6923076923076923,0.8181818181818182,1.0,0.6923076923076923,0.6923076923076923
0,Family,Daughter,75,1_0_0,1.0,0.42448979591836733,0.2694300518134715,0.30198019801980197,0.2694300518134715,1.0,1.0,1.0,1.0,1.0
0,Family,Daughter,75,1_1_1,0.21153846153846154,0.14193548387096774,0.10679611650485436,0.3415841584158416,0.0763888888888889,0.28205128205128205,0.44,1.0,0.28205128205128205,0.28205128205128205
0,Family,Daughter,80,0_0_0,0.17307692307692307,0.29508196721311475,1.0,0.7871287128712872,0.17307692307692307,0.0,0.0,0.0,0.0,0.0
0,Family,Daughter,80,0_0_1,0.4230769230769231,0.5365853658536586,0.7333333333333333,0.8118811881188119,0.36666666666666664,0.2682926829268293,0.4230769230769231,1.0,0.2682926829268293,0.2682926829268293
0,Family,Daughter,80,0_1_0,0.7307692307692307,0.7102803738317757,0.6909090909090909,0.8465346534653465,0.5507246376811594,0.6585365853658537,0.7941176470588235,1.0,0.6585365853658537,0.6585365853658537
0,Family,Daughter,80,1_0_0,0.9807692307692307,0.42857142857142855,0.27419354838709675,0.32673267326732675,0.2727272727272727,0.975609756097561,0.9876543209876543,1.0,0.975609756097561,0.975609756097561
0,Family,Daughter,80,1_1_1,0.34615384615384615,0.21301775147928995,0.15384615384615385,0.3415841584158416,0.11920529801324503,0.43902439024390244,0.6101694915254238,1.0,0.43902439024390244,0.43902439024390244
0,Family,Female,0,0_0_0,0.5918367346938775,0.7435897435897436,1.0,0.801980198019802,0.5918367346938775,,,,,
0,Family,Female,0,0_0_1,1.0,0.9849246231155779,0.9702970297029703,0.9851485148514851,0.9702970297029703,,,,,
0,Family,Female,0,0_1_0,1.0,0.9074074074074074,0.8305084745762712,0.900990099009901,0.8305084745762712,,,,,
0,Family,Female,0,1_0_0,1.0,0.6599326599326599,0.49246231155778897,0.5,0.49246231155778897,,,,,
0,Family,Female,0,1_1_1,0.04081632653061224,0.07692307692307693,0.6666666666666666,0.5247524752475248,0.04,,,,,
0,Family,Female,5,0_0_0,0.02040816326530612,0.04,1.0,0.5247524752475248,0.02040816326530612,,,,,
0,Family,Female,5,0_0_1,0.0,0.0,0.0,0.5148514851485149,0.0,,,,,
0,Family,Female,5,0_1_0,0.0,0.0,0.0,0.5148514851485149,0.0,,,,,
0,Family,Female,5,1_0_0,0.0,0.0,0.0,0.4405940594059406,0.0,,,,,
0,Family,Female,5,1_1_1,0.23469387755102042,0.27710843373493976,0.3382352941176471,0.40594059405940597,0.16083916083916083,,,,,
0,Family,Female,10,0_0_0,0.14285714285714285,0.25,1.0,0.5841584158415841,0.14285714285714285,,,,,
0,Family,Female,10,0_0_1,0.0,0.0,0.0,0.5148514851485149,0.0,,,,,
0,Family,Female,10,0_1_0,0.0,0.0,0.0,0.5148514851485149,0.0,,,,,
0,Family,Female,10,1_0_0,0.09183673469387756,0.10975609756097561,0.13636363636363635,0.27722772277227725,0.05806451612903226,,,,,
0,Family,Female,10,1_1_1,0.061224489795918366,0.10526315789473684,0.375,0.49504950495049505,0.05555555555555555,,,,,
0,Family,Female,15,0_0_0,0.5612244897959183,0.7189542483660131,1.0,0.7871287128712872,0.5612244897959183,0.0,0.0,0.0,0.0,0.0
0,Family,Female,15,0_0_1,0.9285714285714286,0.9528795811518325,0.978494623655914,0.9554455445544554,0.91,1.0,1.0,1.0,1.0,1.0
0,Family,Female,15,0_1_0,0.9897959183673469,0.9326923076923077,0.8818181818181818,0.9306930693069307,0.8738738738738738,1.0,1.0,1.0,1.0,1.0
0,Family,Female,15,1_0_0,1.0,0.6901408450704225,0.5268817204301075,0.5643564356435643,0.5268817204301075,1.0,1.0,1.0,1.0,1.0
0,Family,Female,15,1_1_1,0.0,0.0,0.0,0.5148514851485149,0.0,0.0,0.0,0.0,0.0,0.0
0,Family,Female,20,0_0_0,0.42857142857142855,0.6,1.0,0.7227722772277227,0.42857142857142855,0.0,0.0,0.0,0.0,0.0
0,Family,Female,20,0_0_1,0.8775510204081632,0.9297297297297298,0.9885057471264368,0.9356435643564357,0.8686868686868687,0.0,0.0,0.0,0.0,0.0
0,Family,Female,20,0_1_0,1.0,0.9333333333333333,0.875,0.9306930693069307,0.875,1.0,1.0,1.0,1.0,1.0
0,Family,Female,20,1_0_0,1.0,0.6782006920415224,0.5130890052356021,0.5396039603960396,0.5130890052356021,1.0,1.0,1.0,1.0,1.0
0,Family,Female,20,1_1_1,0.7346938775510204,0.5950413223140496,0.5,0.5148514851485149,0.4235294117647059,1.0,1.0,1.0,1.0,1.0
0,Family,Female,25,0_0_0,0.4387755102040816,0.6099290780141844,1.0,0.7277227722772277,0.4387755102040816,0.0,0.0,0.0,0.0,0.0
0,Family,Female,25,0_0_1,0.9081632653061225,0.9270833333333334,0.9468085106382979,0.9306930693069307,0.8640776699029126,0.5,0.6666666666666666,1.0,0.5,0.5
0,Family,Female,25,0_1_0,0.9897959183673469,0.9282296650717703,0.8738738738738738,0.9257425742574258,0.8660714285714286,1.0,1.0,1.0,1.0,1.0
0,Family,Female,25,1_0_0,1.0,0.6644067796610169,0.49746192893401014,0.5099009900990099,0.49746192893401014,1.0,1.0,1.0,1.0,1.0
0,Family,Female,25,1_1_1,0.8571428571428571,0.6131386861313869,0.4772727272727273,0.4752475247524752,0.4421052631578947,1.0,1.0,1.0,1.0,1.0
0,Family,Female,30,0_0_0,0.1836734693877551,0.3103448275862069,1.0,0.6039603960396039,0.1836734693877551,0.0,0.0,0.0,0.0,0.0
0,Family,Female,30,0_0_1,0.7448979591836735,0.8538011695906432,1.0,0.8762376237623762,0.7448979591836735,0.3333333333333333,0.5,1.0,0.3333333333333333,0.3333333333333333
0,Family,Female,30,0_1_0,0.9591836734693877,0.8584474885844748,0.7768595041322314,0.8465346534653465,0.752,0.6666666666666666,0.8,1.0,0.6666666666666666,0.6666666666666666
0,Family,Female,30,1_0_0,1.0,0.8032786885245902,0.6712328767123288,0.7623762376237624,0.6712328767123288,1.0,1.0,1.0,1.0,1.0
0,Family,Female,30,1_1_1,0.21428571428571427,0.26582278481012656,0.35,0.42574257425742573,0.15328467153284672,0.3333333333333333,0.5,1.0,0.3333333333333333,0.3333333333333333
0,Family,Female,35,0_0_0,0.0,0.0,0.0,0.5148514851485149,0.0,0.0,0.0,0.0,0.0,0.0
0,Family,Female,35,0_0_1,0.8469387755102041,0.9171270718232044,1.0,0.9257425742574258,0.8469387755102041,0.25,0.4,1.0,0.25,0.25
0,Family,Female,35,0_1_0,0.9489795918367347,0.8985507246376812,0.8532110091743119,0.8960396039603961,0.8157894736842105,0.75,0.8571428571428571,1.0,0.75,0.75
0,Family,Female,35,1_0_0,1.0,0.6689419795221843,0.5025641025641026,0.5198019801980198,0.5025641025641026,1.0,1.0,1.0,1.0,1.0
0,Family,Female,35,1_1_1,0.20408163265306123,0.26143790849673204,0.36363636363636365,0.4405940594059406,0.15037593984962405,0.25,0.4,1.0,0.25,0.25
0,Family,Female,40,0_0_0,0.04081632653061224,0.0784313725490196,1.0,0.5346534653465347,0.04081632653061224,0.0,0.0,0.0,0.0,0.0
0,Family,Female,40,0_0_1,0.826530612244898,0.9,0.9878048780487805,0.9108910891089109,0.8181818181818182,0.4,0.5714285714285714,1.0,0.4,0.4
0,Family,Female,40,0_1_0,0.9285714285714286,0.9430051813471503,0.9578947368421052,0.9455445544554455,0.8921568627450981,0.4,0.5714285714285714,1.0,0.4,0.4
0,Family,Female,40,1_0_0,1.0,0.7567567567567568,0.6086956521739131,0.6881188118811881,0.6086956521739131,1.0,1.0,1.0,1.0,1.0
0,Family,Female,40,1_1_1,0.20408163265306123,0.27586206896551724,0.425531914893617,0.4801980198019802,0.16,0.6,0.75,1.0,0.6,0.6
0,Family,Female,45,0_0_0,0.21428571428571427,0.35294117647058826,1.0,0.6188118811881188,0.21428571428571427,0.0,0.0,0.0,0.0,0.0
0,Family,Female,45,0_0_1,0.5714285714285714,0.7225806451612903,0.9824561403508771,0.7871287128712872,0.5656565656565656,0.0,0.0,0.0,0.0,0.0
0,Family,Female,45,0_1_0,0.8367346938775511,0.9111111111111111,1.0,0.9207920792079208,0.8367346938775511,0.16666666666666666,0.2857142857142857,1.0,0.16666666666666666,0.16666666666666666
0,Family,Female,45,1_0_0,0.9897959183673469,0.7854251012145749,0.6510067114093959,0.7376237623762376,0.6466666666666666,1.0,1.0,1.0,1.0,1.0
0,Family,Female,45,1_1_1,0.21428571428571427,0.26582278481012656,0.35,0.42574257425742573,0.15328467153284672,0.5,0.6666666666666666,1.0,0.5,0.5
0,Family,Female,50,0_0_0,0.19387755102040816,0.3247863247863248,1.0,0.6089108910891089,0.19387755102040816,0.0,0.0,0.0,0.0,0.0
0,Family,Female,50,0_0_1,0.5102040816326531,0.6756756756756757,1.0,0.7623762376237624,0.5102040816326531,0.0,0.0,0.0,0.0,0.0
0,Family,Female,50,0_1_0,0.7244897959183674,0.8402366863905325,1.0,0.8663366336633663,0.7244897959183674,0.0,0.0,0.0,0.0,0.0
0,Family,Female,50,1_0_0,0.9897959183673469,0.8584070796460177,0.7578125,0.8415841584158416,0.751937984496124,1.0,1.0,1.0,1.0,1.0
0,Family,Female,50,1_1_1,0.15306122448979592,0.20689655172413793,0.3191489361702128,0.4306930693069307,0.11538461538461539,0.16666666666666666,0.2857142857142857,1.0,0.16666666666666666,0.16666666666666666
0,Family,Female,55,0_0_0,0.16326530612244897,0.2807017543859649,1.0,0.594059405940594,0.16326530612244897,0.0,0.0,0.0,0.0,0.0
0,Family,Female,55,0_0_1,0.4897959183673469,0.6575342465753424,1.0,0.7524752475247525,0.4897959183673469,0.0,0.0,0.0,0.0,0.0
0,Family,Female,55,0_1_0,0.7551020408163265,0.8604651162790697,1.0,0.8811881188118812,0.7551020408163265,0.16666666666666666,0.2857142857142857,1.0,0.16666666666666666,0.16666666666666666
0,Family,Female,55,1_0_0,0.9591836734693877,0.8392857142857143,0.746031746031746,0.8217821782178217,0.7230769230769231,1.0,1.0,1.0,1.0,1.0
0,Family,Female,55,1_1_1,0.17346938775510204,0.22972972972972974,0.34,0.43564356435643564,0.1297709923664122,0.16666666666666666,0.2857142857142857,1.0,0.16666666666666666,0.16666666666666666
0,Family,Female,60,0_0_0,0.14285714285714285,0.25,1.0,0.5841584158415841,0.14285714285714285,0.0,0.0,0.0,0.0,0.0
0,Family,Female,60,0_0_1,0.41836734693877553,0.5899280575539568,1.0,0.7178217821782178,0.41836734693877553,0.0,0.0,0.0,0.0,0.0
0,Family,Female,60,0_1_0,0.7142857142857143,0.8333333333333334,1.0,0.8613861386138614,0.7142857142857143,0.3333333333333333,0.5,1.0,0.3333333333333333,0.3333333333333333
0,Family,Female,60,1_0_0,0.9591836734693877,0.8584474885844748,0.7768595041322314,0.8465346534653465,0.752,1.0,1.0,1.0,1.0,1.0
0,Family,Female,60,1_1_1,0.1836734693877551,0.24161073825503357,0.35294117647058826,0.4405940594059406,0.13740458015267176,0.3333333333333333,0.5,1.0,0.3333333333333333,0.3333333333333333
0,Family,Female,65,0_0_0,0.0,0.0,0.0,0.5148514851485149,0.0,0.0,0.0,0.0,0.0,0.0
0,Family,Female,65,0_0_1,0.35714285714285715,0.5263157894736842,1.0,0.6881188118811881,0.35714285714285715,0.0,0.0,0.0,0.0,0.0
0,Family,Female,65,0_1_0,0.5816326530612245,0.7261146496815286,0.9661016949152542,0.7871287128712872,0.57,0.0,0.0,0.0,0.0,0.0
0,Family,Female,65,1_0_0,0.9591836734693877,0.7704918032786885,0.6438356164383562,0.7227722772277227,0.6266666666666667,0.8571428571428571,0.9230769230769231,1.0,0.8571428571428571,0.8571428571428571
0,Family,Female,65,1_1_1,0.5204081632653061,0.5,0.4811320754716981,0.49504950495049505,0.3333333333333333,0.8571428571428571,0.9230769230769231,1.0,0.8571428571428571,0.8571428571428571
0,Family,Female,70,0_0_0,0.0,0.0,0.0,0.5148514851485149,0.0,0.0,0.0,0.0,0.0,0.0
0,Family,Female,70,0_0_1,0.30612244897959184,0.46875,1.0,0.6633663366336634,0.30612244897959184,0.0,0.0,0.0,0.0,0.0
0,Family,Female,70,0_1_0,0.45918367346938777,0.6164383561643836,0.9375,0.7227722772277227,0.44554455445544555,0.0,0.0,0.0,0.0,0.0
0,Family,Female,70,1_0_0,0.9693877551020408,0.7450980392156863,0.6050955414012739,0.6782178217821783,0.59375,0.8571428571428571,0.9230769230769231,1.0,0.8571428571428571,0.8571428571428571
0,Family,Female,70,1_1_1,0.5,0.47572815533980584,0.4537037037037037,0.46534653465346537,0.31210191082802546,0.8571428571428571,0.9230769230769231,1.0,0.8571428571428571,0.8571428571428571
0,Family,Female,75,0_0_0,0.04081632653061224,0.0784313725490196,1.0,0.5346534653465347,0.04081632653061224,0.0,0.0,0.0,0.0,0.0
0,Family,Female,75,0_0_1,0.37755102040816324,0.35406698564593303,0.3333333333333333,0.3316831683168317,0.21511627906976744,0.75,0.8571428571428571,1.0,0.75,0.75
0,Family,Female,75,0_1_0,0.030612244897959183,0.04918032786885246,0.125,0.42574257425742573,0.025210084033613446,0.125,0.2222222222222222,1.0,0.125,0.125
0,Family,Female,75,1_0_0,0.673469387755102,0.528,0.4342105263157895,0.4158415841584158,0.358695652173913,1.0,1.0,1.0,1.0,1.0
0,Family,Female,75,1_1_1,0.10204081632653061,0.17094017094017094,0.5263157894736842,0.5198019801980198,0.09345794392523364,0.25,0.4,1.0,0.25,0.25
0,Family,Female,80,0_0_0,0.04081632653061224,0.0784313725490196,1.0,0.5346534653465347,0.04081632653061224,0.0,0.0,0.0,0.0,0.0
0,Family,Female,80,0_0_1,0.336734693877551,0.3283582089552239,0.32038834951456313,0.3316831683168317,0.19642857142857142,0.7777777777777778,0.875,1.0,0.7777777777777778,0.7777777777777778
0,Family,Female,80,0_1_0,0.02040816326530612,0.03418803418803419,0.10526315789473684,0.4405940594059406,0.017391304347826087,0.1111111111111111,0.2,1.0,0.1111111111111111,0.1111111111111111
0,Family,Female,80,1_0_0,0.7142857142857143,0.546875,0.4430379746835443,0.42574257425742573,0.3763440860215054,1.0,1.0,1.0,1.0,1.0
0,Family,Female,80,1_1_1,0.12244897959183673,0.1935483870967742,0.46153846153846156,0.504950495049505,0.10714285714285714,0.3333333333333333,0.5,1.0,0.3333333333333333,0.3333333333333333
0,Family,Father,0,0_0_0,0.06666666666666667,0.125,1.0,0.7227722772277227,0.06666666666666667,,,,,
0,Family,Father,0,0_0_1,1.0,0.8391608391608392,0.7228915662650602,0.8861386138613861,0.7228915662650602,,,,,
0,Family,Father,0,0_1_0,1.0,0.7947019867549668,0.6593406593406593,0.8465346534653465,0.6593406593406593,,,,,
0,Family,Father,0,1_0_0,1.0,0.5042016806722689,0.33707865168539325,0.4158415841584158,0.33707865168539325,,,,,
0,Family,Father,0,1_1_1,0.03333333333333333,0.04878048780487805,0.09090909090909091,0.6138613861386139,0.025,,,,,
0,Family,Father,5,0_0_0,0.08333333333333333,0.15384615384615385,1.0,0.7277227722772277,0.08333333333333333,0.0,0.0,0.0,0.0,0.0
0,Family,Father,5,0_0_1,0.95,0.926829268292683,0.9047619047619048,0.9554455445544554,0.8636363636363636,0.0,0.0,0.0,0.0,0.0
0,Family,Father,5,0_1_0,1.0,0.7407407407407407,0.5882352941176471,0.7920792079207921,0.5882352941176471,1.0,1.0,1.0,1.0,1.0
0,Family,Father,5,1_0_0,1.0,0.47244094488188976,0.30927835051546393,0.33663366336633666,0.30927835051546393,1.0,1.0,1.0,1.0,1.0
0,Family,Father,5,1_1_1,0.06666666666666667,0.07920792079207921,0.0975609756097561,0.5396039603960396,0.041237113402061855,0.6666666666666666,0.8,1.0,0.6666666666666666,0.6666666666666666
0,Family,Father,10,0_0_0,0.2833333333333333,0.44155844155844154,1.0,0.7871287128712872,0.2833333333333333,0.0,0.0,0.0,0.0,0.0
0,Family,Father,10,0_0_1,0.9333333333333333,0.8888888888888888,0.8484848484848485,0.9306930693069307,0.8,0.3333333333333333,0.5,1.0,0.3333333333333333,0.3333333333333333
0,Family,Father,10,0_1_0,0.9833333333333333,0.7515923566878981,0.6082474226804123,0.806930693069307,0.6020408163265306,0.8333333333333334,0.9090909090909091,1.0,0.8333333333333334,0.8333333333333334
0,Family,Father,10,1_0_0,1.0,0.46332046332046334,0.3015075376884422,0.3118811881188119,0.3015075376884422,1.0,1.0,1.0,1.0,1.0
0,Family,Father,10,1_1_1,0.36666666666666664,0.44,0.55,0.7227722772277227,0.28205128205128205,0.0,0.0,0.0,0.0,0.0
0,Family,Father,15,0_0_0,0.2833333333333333,0.44155844155844154,1.0,0.7871287128712872,0.2833333333333333,0.0,0.0,0.0,0.0,0.0
0,Family,Father,15,0_0_1,0.9333333333333333,0.9032258064516129,0.875,0.9405940594059405,0.8235294117647058,0.5555555555555556,0.7142857142857143,1.0,0.5555555555555556,0.5555555555555556
0,Family,Father,15,0_1_0,0.9833333333333333,0.7564102564102564,0.6145833333333334,0.8118811881188119,0.6082474226804123,0.8888888888888888,0.9411764705882353,1.0,0.8888888888888888,0.8888888888888888
0,Family,Father,15,1_0_0,1.0,0.6122448979591837,0.4411764705882353,0.6237623762376238,0.4411764705882353,1.0,1.0,1.0,1.0,1.0
0,Family,Father,15,1_1_1,0.5833333333333334,0.6862745098039216,0.8333333333333334,0.8415841584158416,0.5223880597014925,0.1111111111111111,0.2,1.0,0.1111111111111111,0.1111111111111111
0,Family,Father,20,0_0_0,0.3333333333333333,0.5,1.0,0.801980198019802,0.3333333333333333,0.0,0.0,0.0,0.0,0.0
0,Family,Father,20,0_0_1,0.8333333333333334,0.8403361344537815,0.847457627118644,0.905940594059406,0.7246376811594203,0.16666666666666666,0.2857142857142857,1.0,0.16666666666666666,0.16666666666666666
0,Family,Father,20,0_1_0,0.95,0.7307692307692307,0.59375,0.7920792079207921,0.5757575757575758,0.75,0.8571428571428571,1.0,0.75,0.75
0,Family,Father,20,1_0_0,1.0,0.5454545454545454,0.375,0.504950495049505,0.375,1.0,1.0,1.0,1.0,1.0
0,Family,Father,20,1_1_1,0.16666666666666666,0.2702702702702703,0.7142857142857143,0.7326732673267327,0.15625,0.08333333333333333,0.15384615384615385,1.0,0.08333333333333333,0.08333333333333333
0,Family,Father,25,0_0_0,0.3,0.46153846153846156,1.0,0.7920792079207921,0.3,0.0,0.0,0.0,0.0,0.0
0,Family,Father,25,0_0_1,0.7833333333333333,0.8468468468468469,0.9215686274509803,0.9158415841584159,0.734375,0.13333333333333333,0.23529411764705882,1.0,0.13333333333333333,0.13333333333333333
0,Family,Father,25,0_1_0,0.9833333333333333,0.7468354430379747,0.6020408163265306,0.801980198019802,0.5959595959595959,0.9333333333333333,0.9655172413793104,1.0,0.9333333333333333,0.9333333333333333
0,Family,Father,25,1_0_0,1.0,0.5633802816901409,0.39215686274509803,0.5396039603960396,0.39215686274509803,1.0,1.0,1.0,1.0,1.0
0,Family,Father,25,1_1_1,0.4,0.2742857142857143,0.20869565217391303,0.3712871287128713,0.15894039735099338,0.3333333333333333,0.5,1.0,0.3333333333333333,0.3333333333333333
0,Family,Father,30,0_0_0,0.08333333333333333,0.15384615384615385,1.0,0.7277227722772277,0.08333333333333333,0.0,0.0,0.0,0.0,0.0
0,Family,Father,30,0_0_1,0.7,0.8155339805825242,0.9767441860465116,0.905940594059406,0.6885245901639344,0.0,0.0,0.0,0.0,0.0
0,Family,Father,30,0_1_0,0.95,0.6514285714285715,0.4956521739130435,0.698019801980198,0.4830508474576271,0.8333333333333334,0.9090909090909091,1.0,0.8333333333333334,0.8333333333333334
0,Family,Father,30,1_0_0,1.0,0.6153846153846154,0.4444444444444444,0.6287128712871287,0.4444444444444444,1.0,1.0,1.0,1.0,1.0
0,Family,Father,30,1_1_1,0.26666666666666666,0.25,0.23529411764705882,0.5247524752475248,0.14285714285714285,0.5555555555555556,0.7142857142857143,1.0,0.5555555555555556,0.5555555555555556
0,Family,Father,35,0_0_0,0.05,0.09523809523809523,1.0,0.7178217821782178,0.05,0.0,0.0,0.0,0.0,0.0
0,Family,Father,35,0_0_1,0.65,0.78,0.975,0.8910891089108911,0.639344262295082,0.0,0.0,0.0,0.0,0.0
0,Family,Father,35,0_1_0,0.9333333333333333,0.6511627906976745,0.5,0.7029702970297029,0.4827586206896552,0.8095238095238095,0.8947368421052632,1.0,0.8095238095238095,0.8095238095238095
0,Family,Father,35,1_0_0,0.9833333333333333,0.5784313725490197,0.4097222222222222,0.5742574257425742,0.4068965517241379,0.9523809523809523,0.975609756097561,1.0,0.9523809523809523,0.9523809523809523
0,Family,Father,35,1_1_1,0.35,0.3088235294117647,0.27631578947368424,0.5346534653465347,0.1826086956521739,0.6666666666666666,0.8,1.0,0.6666666666666666,0.6666666666666666
0,Family,Father,40,0_0_0,0.03333333333333333,0.06451612903225806,1.0,0.7128712871287128,0.03333333333333333,0.0,0.0,0.0,0.0,0.0
0,Family,Father,40,0_0_1,0.6,0.7422680412371134,0.972972972972973,0.8762376237623762,0.5901639344262295,0.0,0.0,0.0,0.0,0.0
0,Family,Father,40,0_1_0,0.9166666666666666,0.6285714285714286,0.4782608695652174,0.6782178217821783,0.4583333333333333,0.7916666666666666,0.8837209302325582,1.0,0.7916666666666666,0.7916666666666666
0,Family,Father,40,1_0_0,0.9833333333333333,0.5645933014354066,0.3959731543624161,0.5495049504950495,0.3933333333333333,0.9583333333333334,0.9787234042553191,1.0,0.9583333333333334,0.9583333333333334
0,Family,Father,40,1_1_1,0.35,0.3157894736842105,0.2876712328767123,0.5495049504950495,0.1875,0.625,0.7692307692307693,1.0,0.625,0.625
0,Family,Father,45,0_0_0,0.08333333333333333,0.15384615384615385,1.0,0.7277227722772277,0.08333333333333333,0.0,0.0,0.0,0.0,0.0
0,Family,Father,45,0_0_1,0.55,0.7021276595744681,0.9705882352941176,0.8613861386138614,0.5409836065573771,0.0,0.0,0.0,0.0,0.0
0,Family,Father,45,0_1_0,0.9,0.6242774566473989,0.4778761061946903,0.6782178217821783,0.453781512605042,0.7777777777777778,0.875,1.0,0.7777777777777778,0.7777777777777778
0,Family,Father,45,1_0_0,0.9833333333333333,0.5514018691588785,0.38311688311688313,0.5247524752475248,0.38064516129032255,0.9629629629629629,0.9811320754716981,1.0,0.9629629629629629,0.9629629629629629
0,Family,Father,45,1_1_1,0.38333333333333336,0.32167832167832167,0.27710843373493976,0.5198019801980198,0.19166666666666668,0.6296296296296297,0.7727272727272727,1.0,0.6296296296296297,0.6296296296296297
0,Family,Father,50,0_0_0,0.11666666666666667,0.208955223880597,1.0,0.7376237623762376,0.11666666666666667,0.0,0.0,0.0,0.0,0.0
0,Family,Father,50,0_0_1,0.0,0.0,0.0,0.6386138613861386,0.0,0.0,0.0,0.0,0.0,0.0
0,Family,Father,50,0_1_0,0.0,0.0,0.0,0.6683168316831684,0.0,0.0,0.0,0.0,0.0,0.0
0,Family,Father,50,1_0_0,0.016666666666666666,0.018018018018018018,0.0196078431372549,0.4603960396039604,0.00909090909090909,0.03333333333333333,0.06451612903225806,1.0,0.03333333333333333,0.03333333333333333
0,Family,Father,50,1_1_1,0.43333333333333335,0.2988505747126437,0.22807017543859648,0.39603960396039606,0.17567567567567569,0.6333333333333333,0.7755102040816326,1.0,0.6333333333333333,0.6333333333333333
0,Family,Father,55,0_0_0,0.016666666666666666,0.03278688524590164,1.0,0.7079207920792079,0.016666666666666666,0.0,0.0,0.0,0.0,0.0
0,Family,Father,55,0_0_1,0.5,0.6666666666666666,1.0,0.8514851485148515,0.5,0.09090909090909091,0.16666666666666666,1.0,0.09090909090909091,0.09090909090909091
0,Family,Father,55,0_1_0,0.85,0.7445255474452555,0.6623376623376623,0.8267326732673267,0.5930232558139535,0.7272727272727273,0.8421052631578947,1.0,0.7272727272727273,0.7272727272727273
0,Family,Father,55,1_0_0,1.0,0.5825242718446602,0.410958904109589,0.5742574257425742,0.410958904109589,1.0,1.0,1.0,1.0,1.0
0,Family,Father,55,1_1_1,0.13333333333333333,0.15384615384615385,0.18181818181818182,0.5643564356435643,0.08333333333333333,0.24242424242424243,0.3902439024390244,1.0,0.24242424242424243,0.24242424242424243
0,Family,Father,60,0_0_0,0.0,0.0,0.0,0.7029702970297029,0.0,0.0,0.0,0.0,0.0,0.0
0,Family,Father,60,0_0_1,0.4166666666666667,0.5813953488372093,0.9615384615384616,0.8217821782178217,0.4098360655737705,0.027777777777777776,0.05405405405405406,1.0,0.027777777777777776,0.027777777777777776
0,Family,Father,60,0_1_0,0.8333333333333334,0.684931506849315,0.5813953488372093,0.7722772277227723,0.5208333333333334,0.7222222222222222,0.8387096774193549,1.0,0.7222222222222222,0.7222222222222222
0,Family,Father,60,1_0_0,0.9833333333333333,0.5042735042735043,0.3390804597701149,0.42574257425742573,0.33714285714285713,0.9722222222222222,0.9859154929577465,1.0,0.9722222222222222,0.9722222222222222
0,Family,Father,60,1_1_1,0.4166666666666667,0.27932960893854747,0.21008403361344538,0.3613861386138614,0.16233766233766234,0.6111111111111112,0.7586206896551724,1.0,0.6111111111111112,0.6111111111111112
0,Family,Father,65,0_0_0,0.016666666666666666,0.03278688524590164,1.0,0.7079207920792079,0.016666666666666666,0.0,0.0,0.0,0.0,0.0
0,Family,Father,65,0_0_1,0.0,0.0,0.0,0.6782178217821783,0.0,0.0,0.0,0.0,0.0,0.0
0,Family,Father,65,0_1_0,0.0,0.0,0.0,0.698019801980198,0.0,0.0,0.0,0.0,0.0,0.0
0,Family,Father,65,1_0_0,0.03333333333333333,0.03125,0.029411764705882353,0.38613861386138615,0.015873015873015872,0.05128205128205128,0.0975609756097561,1.0,0.05128205128205128,0.05128205128205128
0,Family,Father,65,1_1_1,0.36666666666666664,0.28205128205128205,0.22916666666666666,0.44554455445544555,0.16417910447761194,0.5641025641025641,0.7213114754098361,1.0,0.5641025641025641,0.5641025641025641
0,Family,Father,70,0_0_0,0.016666666666666666,0.03278688524590164,1.0,0.7079207920792079,0.016666666666666666,0.0,0.0,0.0,0.0,0.0
0,Family,Father,70,0_0_1,0.0,0.0,0.0,0.6782178217821783,0.0,0.0,0.0,0.0,0.0,0.0
0,Family,Father,70,0_1_0,0.0,0.0,0.0,0.698019801980198,0.0,0.0,0.0,0.0,0.0,0.0
0,Family,Father,70,1_0_0,0.06666666666666667,0.06299212598425197,0.05970149253731343,0.41089108910891087,0.032520325203252036,0.09523809523809523,0.17391304347826086,1.0,0.09523809523809523,0.09523809523809523
0,Family,Father,70,1_1_1,0.38333333333333336,0.2893081761006289,0.23232323232323232,0.4405940594059406,0.16911764705882354,0.5238095238095238,0.6875,1.0,0.5238095238095238,0.5238095238095238
0,Family,Father,75,0_0_0,0.03333333333333333,0.06451612903225806,1.0,0.7128712871287128,0.03333333333333333,0.0,0.0,0.0,0.0,0.0
0,Family,Father,75,0_0_1,0.0,0.0,0.0,0.6732673267326733,0.0,0.0,0.0,0.0,0.0,0.0
0,Family,Father,75,0_1_0,0.0,0.0,0.0,0.7029702970297029,0.0,0.0,0.0,0.0,0.0,0.0
0,Family,Father,75,1_0_0,0.15,0.13333333333333333,0.12,0.4207920792079208,0.07142857142857142,0.2,0.3333333333333333,1.0,0.2,0.2
0,Family,Father,75,1_1_1,0.5,0.36585365853658536,0.28846153846153844,0.48514851485148514,0.22388059701492538,0.6222222222222222,0.7671232876712328,1.0,0.6222222222222222,0.6222222222222222
0,Family,Father,80,0_0_0,0.016666666666666666,0.03278688524590164,1.0,0.7079207920792079,0.016666666666666666,0.0,0.0,0.0,0.0,0.0
0,Family,Father,80,0_0_1,0.0,0.0,0.0,0.6485148514851485,0.0,0.0,0.0,0.0,0.0,0.0
0,Family,Father,80,0_1_0,0.016666666666666666,0.031746031746031744,0.3333333333333333,0.698019801980198,0.016129032258064516,0.020833333333333332,0.04081632653061224,1.0,0.020833333333333332,0.020833333333333332
0,Family,Father,80,1_0_0,0.18333333333333332,0.1506849315068493,0.12790697674418605,0.38613861386138615,0.08148148148148149,0.22916666666666666,0.3728813559322034,1.0,0.22916666666666666,0.22916666666666666
0,Family,Father,80,1_1_1,0.4666666666666667,0.3236994219653179,0.24778761061946902,0.4207920792079208,0.19310344827586207,0.5625,0.72,1.0,0.5625,0.5625
0,Family,Parent,0,0_0_0,0.0,0.0,0.0,0.40594059405940597,0.0,,,,,
0,Family,Parent,0,0_0_1,0.058333333333333334,0.11023622047244094,1.0,0.4405940594059406,0.058333333333333334,,,,,
0,Family,Parent,0,0_1_0,0.008333333333333333,0.01652892561983471,1.0,0.41089108910891087,0.008333333333333333,,,,,
0,Family,Parent,0,1_0_0,0.4583333333333333,0.5365853658536586,0.6470588235294118,0.5297029702970297,0.36666666666666664,,,,,
0,Family,Parent,0,1_1_1,0.9166666666666666,0.7166123778501629,0.5882352941176471,0.5693069306930693,0.5583756345177665,,,,,
0,Family,Parent,5,0_0_0,0.0,0.0,0.0,0.40594059405940597,0.0,,,,,
0,Family,Parent,5,0_0_1,0.058333333333333334,0.11023622047244094,1.0,0.4405940594059406,0.058333333333333334,,,,,
0,Family,Parent,5,0_1_0,0.008333333333333333,0.01652892561983471,1.0,0.41089108910891087,0.008333333333333333,,,,,
0,Family,Parent,5,1_0_0,0.4583333333333333,0.5365853658536586,0.6470588235294118,0.5297029702970297,0.36666666666666664,,,,,
0,Family,Parent,5,1_1_1,0.9166666666666666,0.7166123778501629,0.5882352941176471,0.5693069306930693,0.5583756345177665,,,,,
0,Family,Parent,10,0_0_0,0.0,0.0,0.0,0.40594059405940597,0.0,,,,,
0,Family,Parent,10,0_0_1,0.058333333333333334,0.11023622047244094,1.0,0.4405940594059406,0.058333333333333334,,,,,
0,Family,Parent,10,0_1_0,0.008333333333333333,0.01652892561983471,1.0,0.41089108910891087,0.008333333333333333,,,,,
0,Family,Parent,10,1_0_0,0.4583333333333333,0.5365853658536586,0.6470588235294118,0.5297029702970297,0.36666666666666664,,,,,
0,Family,Parent,10,1_1_1,0.9166666666666666,0.7166123778501629,0.5882352941176471,0.5693069306930693,0.5583756345177665,,,,,
0,Family,Parent,15,0_0_0,0.0,0.0,0.0,0.40594059405940597,0.0,,,,,
0,Family,Parent,15,0_0_1,0.058333333333333334,0.11023622047244094,1.0,0.4405940594059406,0.058333333333333334,,,,,
0,Family,Parent,15,0_1_0,0.008333333333333333,0.01652892561983471,1.0,0.41089108910891087,0.008333333333333333,,,,,
0,Family,Parent,15,1_0_0,0.4583333333333333,0.5365853658536586,0.6470588235294118,0.5297029702970297,0.36666666666666664,,,,,
0,Family,Parent,15,1_1_1,0.9166666666666666,0.7166123778501629,0.5882352941176471,0.5693069306930693,0.5583756345177665,,,,,
0,Family,Parent,20,0_0_0,0.0,0.0,0.0,0.40594059405940597,0.0,,,,,
0,Family,Parent,20,0_0_1,0.058333333333333334,0.11023622047244094,1.0,0.4405940594059406,0.058333333333333334,,,,,
0,Family,Parent,20,0_1_0,0.008333333333333333,0.01652892561983471,1.0,0.41089108910891087,0.008333333333333333,,,,,
0,Family,Parent,20,1_0_0,0.4583333333333333,0.5365853658536586,0.6470588235294118,0.5297029702970297,0.36666666666666664,,,,,
0,Family,Parent,20,1_1_1,0.9166666666666666,0.7166123778501629,0.5882352941176471,0.5693069306930693,0.5583756345177665,,,,,
0,Family,Parent,25,0_0_0,0.0,0.0,0.0,0.40594059405940597,0.0,,,,,
0,Family,Parent,25,0_0_1,0.058333333333333334,0.11023622047244094,1.0,0.4405940594059406,0.058333333333333334,,,,,
0,Family,Parent,25,0_1_0,0.008333333333333333,0.01652892561983471,1.0,0.41089108910891087,0.008333333333333333,,,,,
0,Family,Parent,25,1_0_0,0.4583333333333333,0.5365853658536586,0.6470588235294118,0.5297029702970297,0.36666666666666664,,,,,
0,Family,Parent,25,1_1_1,0.9166666666666666,0.7166123778501629,0.5882352941176471,0.5693069306930693,0.5583756345177665,,,,,
0,Family,Parent,30,0_0_0,0.0,0.0,0.0,0.40594059405940597,0.0,,,,,
0,Family,Parent,30,0_0_1,0.058333333333333334,0.11023622047244094,1.0,0.4405940594059406,0.058333333333333334,,,,,
0,Family,Parent,30,0_1_0,0.008333333333333333,0.01652892561983471,1.0,0.41089108910891087,0.008333333333333333,,,,,
0,Family,Parent,30,1_0_0,0.4583333333333333,0.5365853658536586,0.6470588235294118,0.5297029702970297,0.36666666666666664,,,,,
0,Family,Parent,30,1_1_1,0.9166666666666666,0.7166123778501629,0.5882352941176471,0.5693069306930693,0.5583756345177665,,,,,
0,Family,Parent,35,0_0_0,0.0,0.0,0.0,0.40594059405940597,0.0,,,,,
0,Family,Parent,35,0_0_1,0.058333333333333334,0.11023622047244094,1.0,0.4405940594059406,0.058333333333333334,,,,,
0,Family,Parent,35,0_1_0,0.008333333333333333,0.01652892561983471,1.0,0.41089108910891087,0.008333333333333333,,,,,
0,Family,Parent,35,1_0_0,0.4583333333333333,0.5365853658536586,0.6470588235294118,0.5297029702970297,0.36666666666666664,,,,,
0,Family,Parent,35,1_1_1,0.9166666666666666,0.7166123778501629,0.5882352941176471,0.5693069306930693,0.5583756345177665,,,,,
0,Family,Parent,40,0_0_0,0.0,0.0,0.0,0.40594059405940597,0.0,,,,,
0,Family,Parent,40,0_0_1,0.058333333333333334,0.11023622047244094,1.0,0.4405940594059406,0.058333333333333334,,,,,
0,Family,Parent,40,0_1_0,0.008333333333333333,0.01652892561983471,1.0,0.41089108910891087,0.008333333333333333,,,,,
0,Family,Parent,40,1_0_0,0.4583333333333333,0.5365853658536586,0.6470588235294118,0.5297029702970297,0.36666666666666664,,,,,
0,Family,Parent,40,1_1_1,0.9166666666666666,0.7166123778501629,0.5882352941176471,0.5693069306930693,0.5583756345177665,,,,,
0,Family,Parent,45,0_0_0,0.0,0.0,0.0,0.40594059405940597,0.0,,,,,
0,Family,Parent,45,0_0_1,0.058333333333333334,0.11023622047244094,1.0,0.4405940594059406,0.058333333333333334,,,,,
0,Family,Parent,45,0_1_0,0.008333333333333333,0.01652892561983471,1.0,0.41089108910891087,0.008333333333333333,,,,,
0,Family,Parent,45,1_0_0,0.4583333333333333,0.5365853658536586,0.6470588235294118,0.5297029702970297,0.36666666666666664,,,,,
0,Family,Parent,45,1_1_1,0.9166666666666666,0.7166123778501629,0.5882352941176471,0.5693069306930693,0.5583756345177665,,,,,
0,Family,Parent,50,0_0_0,0.0,0.0,0.0,0.40594059405940597,0.0,,,,,
0,Family,Parent,50,0_0_1,0.058333333333333334,0.11023622047244094,1.0,0.4405940594059406,0.058333333333333334,,,,,
0,Family,Parent,50,0_1_0,0.008333333333333333,0.01652892561983471,1.0,0.41089108910891087,0.008333333333333333,,,,,
0,Family,Parent,50,1_0_0,0.4583333333333333,0.5365853658536586,0.6470588235294118,0.5297029702970297,0.36666666666666664,,,,,
0,Family,Parent,50,1_1_1,0.9166666666666666,0.7166123778501629,0.5882352941176471,0.5693069306930693,0.5583756345177665,,,,,
0,Family,Parent,55,0_0_0,0.0,0.0,0.0,0.40594059405940597,0.0,,,,,
0,Family,Parent,55,0_0_1,0.058333333333333334,0.11023622047244094,1.0,0.4405940594059406,0.058333333333333334,,,,,
0,Family,Parent,55,0_1_0,0.008333333333333333,0.01652892561983471,1.0,0.41089108910891087,0.008333333333333333,,,,,
0,Family,Parent,55,1_0_0,0.4583333333333333,0.5365853658536586,0.6470588235294118,0.5297029702970297,0.36666666666666664,,,,,
0,Family,Parent,55,1_1_1,0.9166666666666666,0.7166123778501629,0.5882352941176471,0.5693069306930693,0.5583756345177665,,,,,
0,Family,Parent,60,0_0_0,0.0,0.0,0.0,0.40594059405940597,0.0,,,,,
0,Family,Parent,60,0_0_1,0.058333333333333334,0.11023622047244094,1.0,0.4405940594059406,0.058333333333333334,,,,,
0,Family,Parent,60,0_1_0,0.008333333333333333,0.01652892561983471,1.0,0.41089108910891087,0.008333333333333333,,,,,
0,Family,Parent,60,1_0_0,0.4583333333333333,0.5365853658536586,0.6470588235294118,0.5297029702970297,0.36666666666666664,,,,,
0,Family,Parent,60,1_1_1,0.9166666666666666,0.7166123778501629,0.5882352941176471,0.5693069306930693,0.5583756345177665,,,,,
0,Family,Parent,65,0_0_0,0.0,0.0,0.0,0.40594059405940597,0.0,,,,,
0,Family,Parent,65,0_0_1,0.058333333333333334,0.11023622047244094,1.0,0.4405940594059406,0.058333333333333334,,,,,
0,Family,Parent,65,0_1_0,0.008333333333333333,0.01652892561983471,1.0,0.41089108910891087,0.008333333333333333,,,,,
0,Family,Parent,65,1_0_0,0.4583333333333333,0.5365853658536586,0.6470588235294118,0.5297029702970297,0.36666666666666664,,,,,
0,Family,Parent,65,1_1_1,0.9166666666666666,0.7166123778501629,0.5882352941176471,0.5693069306930693,0.5583756345177665,,,,,
0,Family,Parent,70,0_0_0,0.0,0.0,0.0,0.40594059405940597,0.0,,,,,
0,Family,Parent,70,0_0_1,0.058333333333333334,0.11023622047244094,1.0,0.4405940594059406,0.058333333333333334,,,,,
0,Family,Parent,70,0_1_0,0.008333333333333333,0.01652892561983471,1.0,0.41089108910891087,0.008333333333333333,,,,,
0,Family,Parent,70,1_0_0,0.4583333333333333,0.5365853658536586,0.6470588235294118,0.5297029702970297,0.36666666666666664,,,,,
0,Family,Parent,70,1_1_1,0.9166666666666666,0.7166123778501629,0.5882352941176471,0.5693069306930693,0.5583756345177665,,,,,
0,Family,Parent,75,0_0_0,0.0,0.0,0.0,0.40594059405940597,0.0,,,,,
0,Family,Parent,75,0_0_1,0.058333333333333334,0.11023622047244094,1.0,0.4405940594059406,0.058333333333333334,,,,,
0,Family,Parent,75,0_1_0,0.008333333333333333,0.01652892561983471,1.0,0.41089108910891087,0.008333333333333333,,,,,
0,Family,Parent,75,1_0_0,0.4583333333333333,0.5365853658536586,0.6470588235294118,0.5297029702970297,0.36666666666666664,,,,,
0,Family,Parent,75,1_1_1,0.9166666666666666,0.7166123778501629,0.5882352941176471,0.5693069306930693,0.5583756345177665,,,,,
0,Family,Parent,80,0_0_0,0.0,0.0,0.0,0.40594059405940597,0.0,,,,,
0,Family,Parent,80,0_0_1,0.058333333333333334,0.11023622047244094,1.0,0.4405940594059406,0.058333333333333334,,,,,
0,Family,Parent,80,0_1_0,0.008333333333333333,0.01652892561983471,1.0,0.41089108910891087,0.008333333333333333,,,,,
0,Family,Parent,80,1_0_0,0.4583333333333333,0.5365853658536586,0.6470588235294118,0.5297029702970297,0.36666666666666664,,,,,
0,Family,Parent,80,1_1_1,0.9166666666666666,0.7166123778501629,0.5882352941176471,0.5693069306930693,0.5583756345177665,,,,,
0,Family,Grandchild,0,0_0_0,0.0,0.0,0.0,0.6039603960396039,0.0,,,,,
0,Family,Grandchild,0,0_0_1,0.0125,0.024691358024691357,1.0,0.6089108910891089,0.0125,,,,,
0,Family,Grandchild,0,0_1_0,0.1,0.16666666666666666,0.5,0.6039603960396039,0.09090909090909091,,,,,
0,Family,Grandchild,0,1_0_0,0.625,0.6024096385542169,0.5813953488372093,0.6732673267326733,0.43103448275862066,,,,,
0,Family,Grandchild,0,1_1_1,0.9375,0.5555555555555556,0.39473684210526316,0.40594059405940597,0.38461538461538464,,,,,
0,Family,Grandchild,5,0_0_0,0.0,0.0,0.0,0.6039603960396039,0.0,,,,,
0,Family,Grandchild,5,0_0_1,0.0125,0.024691358024691357,1.0,0.6089108910891089,0.0125,,,,,
0,Family,Grandchild,5,0_1_0,0.1,0.16666666666666666,0.5,0.6039603960396039,0.09090909090909091,,,,,
0,Family,Grandchild,5,1_0_0,0.625,0.6024096385542169,0.5813953488372093,0.6732673267326733,0.43103448275862066,,,,,
0,Family,Grandchild,5,1_1_1,0.9375,0.5555555555555556,0.39473684210526316,0.40594059405940597,0.38461538461538464,,,,,
0,Family,Grandchild,10,0_0_0,0.0,0.0,0.0,0.6039603960396039,0.0,,,,,
0,Family,Grandchild,10,0_0_1,0.0125,0.024691358024691357,1.0,0.6089108910891089,0.0125,,,,,
0,Family,Grandchild,10,0_1_0,0.1,0.16666666666666666,0.5,0.6039603960396039,0.09090909090909091,,,,,
0,Family,Grandchild,10,1_0_0,0.625,0.6024096385542169,0.5813953488372093,0.6732673267326733,0.43103448275862066,,,,,
0,Family,Grandchild,10,1_1_1,0.9375,0.5555555555555556,0.39473684210526316,0.40594059405940597,0.38461538461538464,,,,,
0,Family,Grandchild,15,0_0_0,0.0,0.0,0.0,0.6039603960396039,0.0,,,,,
0,Family,Grandchild,15,0_0_1,0.0125,0.024691358024691357,1.0,0.6089108910891089,0.0125,,,,,
0,Family,Grandchild,15,0_1_0,0.1,0.16666666666666666,0.5,0.6039603960396039,0.09090909090909091,,,,,
0,Family,Grandchild,15,1_0_0,0.625,0.6024096385542169,0.5813953488372093,0.6732673267326733,0.43103448275862066,,,,,
0,Family,Grandchild,15,1_1_1,0.9375,0.5555555555555556,0.39473684210526316,0.40594059405940597,0.38461538461538464,,,,,
0,Family,Grandchild,20,0_0_0,0.0,0.0,0.0,0.6039603960396039,0.0,,,,,
0,Family,Grandchild,20,0_0_1,0.0125,0.024691358024691357,1.0,0.6089108910891089,0.0125,,,,,
0,Family,Grandchild,20,0_1_0,0.1,0.16666666666666666,0.5,0.6039603960396039,0.09090909090909091,,,,,
0,Family,Grandchild,20,1_0_0,0.625,0.6024096385542169,0.5813953488372093,0.6732673267326733,0.43103448275862066,,,,,
0,Family,Grandchild,20,1_1_1,0.9375,0.5555555555555556,0.39473684210526316,0.40594059405940597,0.38461538461538464,,,,,
0,Family,Grandchild,25,0_0_0,0.0,0.0,0.0,0.6039603960396039,0.0,,,,,
0,Family,Grandchild,25,0_0_1,0.0125,0.024691358024691357,1.0,0.6089108910891089,0.0125,,,,,
0,Family,Grandchild,25,0_1_0,0.1,0.16666666666666666,0.5,0.6039603960396039,0.09090909090909091,,,,,
0,Family,Grandchild,25,1_0_0,0.625,0.6024096385542169,0.5813953488372093,0.6732673267326733,0.43103448275862066,,,,,
0,Family,Grandchild,25,1_1_1,0.9375,0.5555555555555556,0.39473684210526316,0.40594059405940597,0.38461538461538464,,,,,
0,Family,Grandchild,30,0_0_0,0.0,0.0,0.0,0.6039603960396039,0.0,,,,,
0,Family,Grandchild,30,0_0_1,0.0125,0.024691358024691357,1.0,0.6089108910891089,0.0125,,,,,
0,Family,Grandchild,30,0_1_0,0.1,0.16666666666666666,0.5,0.6039603960396039,0.09090909090909091,,,,,
0,Family,Grandchild,30,1_0_0,0.625,0.6024096385542169,0.5813953488372093,0.6732673267326733,0.43103448275862066,,,,,
0,Family,Grandchild,30,1_1_1,0.9375,0.5555555555555556,0.39473684210526316,0.40594059405940597,0.38461538461538464,,,,,
0,Family,Grandchild,35,0_0_0,0.0,0.0,0.0,0.6039603960396039,0.0,,,,,
0,Family,Grandchild,35,0_0_1,0.0125,0.024691358024691357,1.0,0.6089108910891089,0.0125,,,,,
0,Family,Grandchild,35,0_1_0,0.1,0.16666666666666666,0.5,0.6039603960396039,0.09090909090909091,,,,,
0,Family,Grandchild,35,1_0_0,0.625,0.6024096385542169,0.5813953488372093,0.6732673267326733,0.43103448275862066,,,,,
0,Family,Grandchild,35,1_1_1,0.9375,0.5555555555555556,0.39473684210526316,0.40594059405940597,0.38461538461538464,,,,,
0,Family,Grandchild,40,0_0_0,0.0,0.0,0.0,0.6039603960396039,0.0,,,,,
0,Family,Grandchild,40,0_0_1,0.0125,0.024691358024691357,1.0,0.6089108910891089,0.0125,,,,,
0,Family,Grandchild,40,0_1_0,0.1,0.16666666666666666,0.5,0.6039603960396039,0.09090909090909091,,,,,
0,Family,Grandchild,40,1_0_0,0.625,0.6024096385542169,0.5813953488372093,0.6732673267326733,0.43103448275862066,,,,,
0,Family,Grandchild,40,1_1_1,0.9375,0.5555555555555556,0.39473684210526316,0.40594059405940597,0.38461538461538464,,,,,
0,Family,Grandchild,45,0_0_0,0.0,0.0,0.0,0.6039603960396039,0.0,,,,,
0,Family,Grandchild,45,0_0_1,0.0125,0.024691358024691357,1.0,0.6089108910891089,0.0125,,,,,
0,Family,Grandchild,45,0_1_0,0.1,0.16666666666666666,0.5,0.6039603960396039,0.09090909090909091,,,,,
0,Family,Grandchild,45,1_0_0,0.625,0.6024096385542169,0.5813953488372093,0.6732673267326733,0.43103448275862066,,,,,
0,Family,Grandchild,45,1_1_1,0.9375,0.5555555555555556,0.39473684210526316,0.40594059405940597,0.38461538461538464,,,,,
0,Family,Grandchild,50,0_0_0,0.0,0.0,0.0,0.6039603960396039,0.0,,,,,
0,Family,Grandchild,50,0_0_1,0.0125,0.024691358024691357,1.0,0.6089108910891089,0.0125,,,,,
0,Family,Grandchild,50,0_1_0,0.1,0.16666666666666666,0.5,0.6039603960396039,0.09090909090909091,,,,,
0,Family,Grandchild,50,1_0_0,0.625,0.6024096385542169,0.5813953488372093,0.6732673267326733,0.43103448275862066,,,,,
0,Family,Grandchild,50,1_1_1,0.9375,0.5555555555555556,0.39473684210526316,0.40594059405940597,0.38461538461538464,,,,,
0,Family,Grandchild,55,0_0_0,0.0,0.0,0.0,0.6039603960396039,0.0,,,,,
0,Family,Grandchild,55,0_0_1,0.0125,0.024691358024691357,1.0,0.6089108910891089,0.0125,,,,,
0,Family,Grandchild,55,0_1_0,0.1,0.16666666666666666,0.5,0.6039603960396039,0.09090909090909091,,,,,
0,Family,Grandchild,55,1_0_0,0.625,0.6024096385542169,0.5813953488372093,0.6732673267326733,0.43103448275862066,,,,,
0,Family,Grandchild,55,1_1_1,0.9375,0.5555555555555556,0.39473684210526316,0.40594059405940597,0.38461538461538464,,,,,
0,Family,Grandchild,60,0_0_0,0.0,0.0,0.0,0.6039603960396039,0.0,,,,,
0,Family,Grandchild,60,0_0_1,0.0125,0.024691358024691357,1.0,0.6089108910891089,0.0125,,,,,
0,Family,Grandchild,60,0_1_0,0.1,0.16666666666666666,0.5,0.6039603960396039,0.09090909090909091,,,,,
0,Family,Grandchild,60,1_0_0,0.625,0.6024096385542169,0.5813953488372093,0.6732673267326733,0.43103448275862066,,,,,
0,Family,Grandchild,60,1_1_1,0.9375,0.5555555555555556,0.39473684210526316,0.40594059405940597,0.38461538461538464,,,,,
0,Family,Grandchild,65,0_0_0,0.0,0.0,0.0,0.6039603960396039,0.0,,,,,
0,Family,Grandchild,65,0_0_1,0.0125,0.024691358024691357,1.0,0.6089108910891089,0.0125,,,,,
0,Family,Grandchild,65,0_1_0,0.1,0.16666666666666666,0.5,0.6039603960396039,0.09090909090909091,,,,,
0,Family,Grandchild,65,1_0_0,0.625,0.6024096385542169,0.5813953488372093,0.6732673267326733,0.43103448275862066,,,,,
0,Family,Grandchild,65,1_1_1,0.9375,0.5555555555555556,0.39473684210526316,0.40594059405940597,0.38461538461538464,,,,,
0,Family,Grandchild,70,0_0_0,0.0,0.0,0.0,0.6039603960396039,0.0,,,,,
0,Family,Grandchild,70,0_0_1,0.0125,0.024691358024691357,1.0,0.6089108910891089,0.0125,,,,,
0,Family,Grandchild,70,0_1_0,0.1,0.16666666666666666,0.5,0.6039603960396039,0.09090909090909091,,,,,
0,Family,Grandchild,70,1_0_0,0.625,0.6024096385542169,0.5813953488372093,0.6732673267326733,0.43103448275862066,,,,,
0,Family,Grandchild,70,1_1_1,0.9375,0.5555555555555556,0.39473684210526316,0.40594059405940597,0.38461538461538464,,,,,
0,Family,Grandchild,75,0_0_0,0.0,0.0,0.0,0.6039603960396039,0.0,,,,,
0,Family,Grandchild,75,0_0_1,0.0125,0.024691358024691357,1.0,0.6089108910891089,0.0125,,,,,
0,Family,Grandchild,75,0_1_0,0.1,0.16666666666666666,0.5,0.6039603960396039,0.09090909090909091,,,,,
0,Family,Grandchild,75,1_0_0,0.625,0.6024096385542169,0.5813953488372093,0.6732673267326733,0.43103448275862066,,,,,
0,Family,Grandchild,75,1_1_1,0.9375,0.5555555555555556,0.39473684210526316,0.40594059405940597,0.38461538461538464,,,,,
0,Family,Grandchild,80,0_0_0,0.0,0.0,0.0,0.6039603960396039,0.0,,,,,
0,Family,Grandchild,80,0_0_1,0.0125,0.024691358024691357,1.0,0.6089108910891089,0.0125,,,,,
0,Family,Grandchild,80,0_1_0,0.1,0.16666666666666666,0.5,0.6039603960396039,0.09090909090909091,,,,,
0,Family,Grandchild,80,1_0_0,0.625,0.6024096385542169,0.5813953488372093,0.6732673267326733,0.43103448275862066,,,,,
0,Family,Grandchild,80,1_1_1,0.9375,0.5555555555555556,0.39473684210526316,0.40594059405940597,0.38461538461538464,,,,,
0,Family,Granddaughter,0,0_0_0,0.0,0.0,0.0,0.8168316831683168,0.0,,,,,
0,Family,Granddaughter,0,0_0_1,1.0,0.8604651162790697,0.7551020408163265,0.9405940594059405,0.7551020408163265,,,,,
0,Family,Granddaughter,0,0_1_0,1.0,0.7708333333333334,0.6271186440677966,0.8910891089108911,0.6271186440677966,,,,,
0,Family,Granddaughter,0,1_0_0,1.0,0.39361702127659576,0.24503311258278146,0.43564356435643564,0.24503311258278146,,,,,
0,Family,Granddaughter,0,1_1_1,0.1891891891891892,0.08917197452229299,0.058333333333333334,0.29207920792079206,0.04666666666666667,,,,,
0,Family,Granddaughter,5,0_0_0,0.0,0.0,0.0,0.8168316831683168,0.0,0.0,0.0,0.0,0.0,0.0
0,Family,Granddaughter,5,0_0_1,1.0,0.8505747126436781,0.74,0.9356435643564357,0.74,1.0,1.0,1.0,1.0,1.0
0,Family,Granddaughter,5,0_1_0,0.972972972972973,0.7578947368421053,0.6206896551724138,0.8861386138613861,0.6101694915254238,0.0,0.0,0.0,0.0,0.0
0,Family,Granddaughter,5,1_0_0,1.0,0.3894736842105263,0.24183006535947713,0.42574257425742573,0.24183006535947713,1.0,1.0,1.0,1.0,1.0
0,Family,Granddaughter,5,1_1_1,0.1891891891891892,0.09523809523809523,0.06363636363636363,0.3415841584158416,0.05,1.0,1.0,1.0,1.0,1.0
0,Family,Granddaughter,10,0_0_0,0.0,0.0,0.0,0.8168316831683168,0.0,0.0,0.0,0.0,0.0,0.0
0,Family,Granddaughter,10,0_0_1,0.9459459459459459,0.9722222222222222,1.0,0.9900990099009901,0.9459459459459459,0.3333333333333333,0.5,1.0,0.3333333333333333,0.3333333333333333
0,Family,Granddaughter,10,0_1_0,0.972972972972973,0.8275862068965517,0.72,0.9257425742574258,0.7058823529411765,0.6666666666666666,0.8,1.0,0.6666666666666666,0.6666666666666666
0,Family,Granddaughter,10,1_0_0,1.0,0.4157303370786517,0.2624113475177305,0.48514851485148514,0.2624113475177305,1.0,1.0,1.0,1.0,1.0
0,Family,Granddaughter,10,1_1_1,0.21621621621621623,0.3018867924528302,0.5,0.8168316831683168,0.17777777777777778,0.0,0.0,0.0,0.0,0.0
0,Family,Granddaughter,15,0_0_0,0.0,0.0,0.0,0.8168316831683168,0.0,0.0,0.0,0.0,0.0,0.0
0,Family,Granddaughter,15,0_0_1,0.8648648648648649,0.927536231884058,1.0,0.9752475247524752,0.8648648648648649,0.0,0.0,0.0,0.0,0.0
0,Family,Granddaughter,15,0_1_0,0.918918918918919,0.7472527472527473,0.6296296296296297,0.8861386138613861,0.5964912280701754,0.4,0.5714285714285714,1.0,0.4,0.4
0,Family,Granddaughter,15,1_0_0,1.0,0.43023255813953487,0.2740740740740741,0.5148514851485149,0.2740740740740741,1.0,1.0,1.0,1.0,1.0
0,Family,Granddaughter,15,1_1_1,0.21621621621621623,0.3018867924528302,0.5,0.8168316831683168,0.17777777777777778,0.0,0.0,0.0,0.0,0.0
0,Family,Granddaughter,20,0_0_0,0.0,0.0,0.0,0.8168316831683168,0.0,0.0,0.0,0.0,0.0,0.0
0,Family,Granddaughter,20,0_0_1,0.8378378378378378,0.9117647058823529,1.0,0.9702970297029703,0.8378378378378378,0.14285714285714285,0.25,1.0,0.14285714285714285,0.14285714285714285
0,Family,Granddaughter,20,0_1_0,0.8918918918918919,0.7586206896551724,0.66,0.8960396039603961,0.6111111111111112,0.42857142857142855,0.6,1.0,0.42857142857142855,0.42857142857142855
0,Family,Granddaughter,20,1_0_0,1.0,0.43023255813953487,0.2740740740740741,0.5148514851485149,0.2740740740740741,1.0,1.0,1.0,1.0,1.0
0,Family,Granddaughter,20,1_1_1,0.21621621621621623,0.3018867924528302,0.5,0.8168316831683168,0.17777777777777778,0.0,0.0,0.0,0.0,0.0
0,Family,Granddaughter,25,0_0_0,0.0,0.0,0.0,0.8168316831683168,0.0,0.0,0.0,0.0,0.0,0.0
0,Family,Granddaughter,25,0_0_1,0.7837837837837838,0.8787878787878788,1.0,0.9603960396039604,0.7837837837837838,0.1111111111111111,0.2,1.0,0.1111111111111111,0.1111111111111111
0,Family,Granddaughter,25,0_1_0,0.8378378378378378,0.775,0.7209302325581395,0.9108910891089109,0.6326530612244898,0.3333333333333333,0.5,1.0,0.3333333333333333,0.3333333333333333
0,Family,Granddaughter,25,1_0_0,1.0,0.4378698224852071,0.2803030303030303,0.5297029702970297,0.2803030303030303,1.0,1.0,1.0,1.0,1.0
0,Family,Granddaughter,25,1_1_1,0.21621621621621623,0.2909090909090909,0.4444444444444444,0.806930693069307,0.1702127659574468,0.0,0.0,0.0,0.0,0.0
0,Family,Granddaughter,30,0_0_0,0.0,0.0,0.0,0.8168316831683168,0.0,0.0,0.0,0.0,0.0,0.0
0,Family,Granddaughter,30,0_0_1,0.7297297297297297,0.84375,1.0,0.9504950495049505,0.7297297297297297,0.09090909090909091,0.16666666666666666,1.0,0.09090909090909091,0.09090909090909091
0,Family,Granddaughter,30,0_1_0,0.7567567567567568,0.7,0.6511627906976745,0.8811881188118812,0.5384615384615384,0.18181818181818182,0.3076923076923077,1.0,0.18181818181818182,0.18181818181818182
0,Family,Granddaughter,30,1_0_0,1.0,0.4567901234567901,0.296,0.5643564356435643,0.296,1.0,1.0,1.0,1.0,1.0
0,Family,Granddaughter,30,1_1_1,0.21621621621621623,0.2857142857142857,0.42105263157894735,0.801980198019802,0.16666666666666666,0.09090909090909091,0.16666666666666666,1.0,0.09090909090909091,0.09090909090909091
0,Family,Granddaughter,35,0_0_0,0.0,0.0,0.0,0.8168316831683168,0.0,0.0,0.0,0.0,0.0,0.0
0,Family,Granddaughter,35,0_0_1,0.6756756756756757,0.8064516129032258,1.0,0.9405940594059405,0.6756756756756757,0.0,0.0,0.0,0.0,0.0
0,Family,Granddaughter,35,0_1_0,0.7567567567567568,0.691358024691358,0.6363636363636364,0.8762376237623762,0.5283018867924528,0.25,0.4,1.0,0.25,0.25
0,Family,Granddaughter,35,1_0_0,1.0,0.4567901234567901,0.296,0.5643564356435643,0.296,1.0,1.0,1.0,1.0,1.0
0,Family,Granddaughter,35,1_1_1,0.21621621621621623,0.2909090909090909,0.4444444444444444,0.806930693069307,0.1702127659574468,0.08333333333333333,0.15384615384615385,1.0,0.08333333333333333,0.08333333333333333
0,Family,Granddaughter,40,0_0_0,0.0,0.0,0.0,0.8168316831683168,0.0,0.0,0.0,0.0,0.0,0.0
0,Family,Granddaughter,40,0_0_1,0.6486486486486487,0.7619047619047619,0.9230769230769231,0.9257425742574258,0.6153846153846154,0.07142857142857142,0.13333333333333333,1.0,0.07142857142857142,0.07142857142857142
0,Family,Granddaughter,40,0_1_0,0.7027027027027027,0.6842105263157895,0.6666666666666666,0.8811881188118812,0.52,0.21428571428571427,0.35294117647058826,1.0,0.21428571428571427,0.21428571428571427
0,Family,Granddaughter,40,1_0_0,1.0,0.4,0.25,0.4504950495049505,0.25,1.0,1.0,1.0,1.0,1.0
0,Family,Granddaughter,40,1_1_1,0.02702702702702703,0.05,0.3333333333333333,0.8118811881188119,0.02564102564102564,0.0,0.0,0.0,0.0,0.0
0,Family,Granddaughter,45,0_0_0,0.0,0.0,0.0,0.8168316831683168,0.0,0.0,0.0,0.0,0.0,0.0
0,Family,Granddaughter,45,0_0_1,0.0,0.0,0.0,0.49504950495049505,0.0,0.0,0.0,0.0,0.0,0.0
0,Family,Granddaughter,45,0_1_0,0.0,0.0,0.0,0.7821782178217822,0.0,0.0,0.0,0.0,0.0,0.0
0,Family,Granddaughter,45,1_0_0,0.10810810810810811,0.045714285714285714,0.028985507246376812,0.17326732673267325,0.023391812865497075,0.25,0.4,1.0,0.25,0.25
0,Family,Granddaughter,45,1_1_1,0.4594594594594595,0.2073170731707317,0.13385826771653545,0.3564356435643564,0.11564625850340136,0.6875,0.8148148148148148,1.0,0.6875,0.6875
0,Family,Granddaughter,50,0_0_0,0.0,0.0,0.0,0.8168316831683168,0.0,0.0,0.0,0.0,0.0,0.0
0,Family,Granddaughter,50,0_0_1,0.0,0.0,0.0,0.48514851485148514,0.0,0.0,0.0,0.0,0.0,0.0
0,Family,Granddaughter,50,0_1_0,0.0,0.0,0.0,0.7821782178217822,0.0,0.0,0.0,0.0,0.0,0.0
0,Family,Granddaughter,50,1_0_0,0.02702702702702703,0.011764705882352941,0.007518796992481203,0.16831683168316833,0.005917159763313609,0.05555555555555555,0.10526315789473684,1.0,0.05555555555555555,0.05555555555555555
0,Family,Granddaughter,50,1_1_1,0.5135135135135135,0.2222222222222222,0.1417910447761194,0.3415841584158416,0.125,0.7777777777777778,0.875,1.0,0.7777777777777778,0.7777777777777778
0,Family,Granddaughter,55,0_0_0,0.0,0.0,0.0,0.8168316831683168,0.0,0.0,0.0,0.0,0.0,0.0
0,Family,Granddaughter,55,0_0_1,0.0,0.0,0.0,0.28217821782178215,0.0,0.0,0.0,0.0,0.0,0.0
0,Family,Granddaughter,55,0_1_0,0.0,0.0,0.0,0.6633663366336634,0.0,0.0,0.0,0.0,0.0,0.0
0,Family,Granddaughter,55,1_0_0,0.05405405405405406,0.023809523809523808,0.015267175572519083,0.18811881188118812,0.012048192771084338,0.1,0.18181818181818182,1.0,0.1,0.1
0,Family,Granddaughter,55,1_1_1,0.40540540540540543,0.1694915254237288,0.10714285714285714,0.2722772277227723,0.09259259259259259,0.65,0.7878787878787878,1.0,0.65,0.65
0,Family,Granddaughter,60,0_0_0,0.0,0.0,0.0,0.8168316831683168,0.0,0.0,0.0,0.0,0.0,0.0
0,Family,Granddaughter,60,0_0_1,0.0,0.0,0.0,0.30198019801980197,0.0,0.0,0.0,0.0,0.0,0.0
0,Family,Granddaughter,60,0_1_0,0.0,0.0,0.0,0.7128712871287128,0.0,0.0,0.0,0.0,0.0,0.0
0,Family,Granddaughter,60,1_0_0,0.08108108108108109,0.03550295857988166,0.022727272727272728,0.19306930693069307,0.018072289156626505,0.13636363636363635,0.24,1.0,0.13636363636363635,0.13636363636363635
0,Family,Granddaughter,60,1_1_1,0.5135135135135135,0.2122905027932961,0.13380281690140844,0.30198019801980197,0.11875,0.6818181818181818,0.8108108108108109,1.0,0.6818181818181818,0.6818181818181818
0,Family,Granddaughter,65,0_0_0,0.10810810810810811,0.1951219512195122,1.0,0.8366336633663366,0.10810810810810811,0.0,0.0,0.0,0.0,0.0
0,Family,Granddaughter,65,0_0_1,0.0,0.0,0.0,0.5891089108910891,0.0,0.0,0.0,0.0,0.0,0.0
0,Family,Granddaughter,65,0_1_0,0.0,0.0,0.0,0.7871287128712872,0.0,0.0,0.0,0.0,0.0,0.0
0,Family,Granddaughter,65,1_0_0,0.08108108108108109,0.037037037037037035,0.024,0.22772277227722773,0.018867924528301886,0.125,0.2222222222222222,1.0,0.125,0.125
0,Family,Granddaughter,65,1_1_1,0.40540540540540543,0.21428571428571427,0.14563106796116504,0.45544554455445546,0.12,0.5833333333333334,0.7368421052631579,1.0,0.5833333333333334,0.5833333333333334
0,Family,Granddaughter,70,0_0_0,0.08108108108108109,0.15,1.0,0.8316831683168316,0.08108108108108109,0.0,0.0,0.0,0.0,0.0
0,Family,Granddaughter,70,0_0_1,0.0,0.0,0.0,0.6336633663366337,0.0,0.0,0.0,0.0,0.0,0.0
0,Family,Granddaughter,70,0_1_0,0.0,0.0,0.0,0.7970297029702971,0.0,0.0,0.0,0.0,0.0,0.0
0,Family,Granddaughter,70,1_0_0,0.10810810810810811,0.05,0.032520325203252036,0.24752475247524752,0.02564102564102564,0.16,0.27586206896551724,1.0,0.16,0.16
0,Family,Granddaughter,70,1_1_1,0.43243243243243246,0.22857142857142856,0.1553398058252427,0.46534653465346537,0.12903225806451613,0.6,0.75,1.0,0.6,0.6
0,Family,Granddaughter,75,0_0_0,0.02702702702702703,0.05263157894736842,1.0,0.8217821782178217,0.02702702702702703,0.0,0.0,0.0,0.0,0.0
0,Family,Granddaughter,75,0_0_1,0.0,0.0,0.0,0.599009900990099,0.0,0.0,0.0,0.0,0.0,0.0
0,Family,Granddaughter,75,0_1_0,0.0,0.0,0.0,0.806930693069307,0.0,0.0,0.0,0.0,0.0,0.0
0,Family,Granddaughter,75,1_0_0,0.08108108108108109,0.03614457831325301,0.023255813953488372,0.2079207920792079,0.018404907975460124,0.1111111111111111,0.2,1.0,0.1111111111111111,0.1111111111111111
0,Family,Granddaughter,75,1_1_1,0.5135135135135135,0.25675675675675674,0.17117117117117117,0.45544554455445546,0.14728682170542637,0.6666666666666666,0.8,1.0,0.6666666666666666,0.6666666666666666
0,Family,Granddaughter,80,0_0_0,0.08108108108108109,0.15,1.0,0.8316831683168316,0.08108108108108109,0.0,0.0,0.0,0.0,0.0
0,Family,Granddaughter,80,0_0_1,0.0,0.0,0.0,0.6633663366336634,0.0,0.0,0.0,0.0,0.0,0.0
0,Family,Granddaughter,80,0_1_0,0.0,0.0,0.0,0.8118811881188119,0.0,0.0,0.0,0.0,0.0,0.0
0,Family,Granddaughter,80,1_0_0,0.16216216216216217,0.08053691275167785,0.05357142857142857,0.3217821782178218,0.04195804195804196,0.20689655172413793,0.34285714285714286,1.0,0.20689655172413793,0.20689655172413793
0,Family,Granddaughter,80,1_1_1,0.5945945945945946,0.3013698630136986,0.2018348623853211,0.49504950495049505,0.1774193548387097,0.7241379310344828,0.84,1.0,0.7241379310344828,0.7241379310344828
0,Family,Grandfather,0,0_0_0,0.6,0.75,1.0,0.9306930693069307,0.6,,,,,
0,Family,Grandfather,0,0_0_1,1.0,0.8235294117647058,0.7,0.9257425742574258,0.7,,,,,
0,Family,Grandfather,0,0_1_0,1.0,0.6730769230769231,0.5072463768115942,0.8316831683168316,0.5072463768115942,,,,,
0,Family,Grandfather,0,1_0_0,1.0,0.3553299492385787,0.21604938271604937,0.3712871287128713,0.21604938271604937,,,,,
0,Family,Grandfather,0,1_1_1,0.0,0.0,0.0,0.7128712871287128,0.0,,,,,
0,Family,Grandfather,5,0_0_0,0.6571428571428571,0.7931034482758621,1.0,0.9405940594059405,0.6571428571428571,0.0,0.0,0.0,0.0,0.0
0,Family,Grandfather,5,0_0_1,1.0,0.8235294117647058,0.7,0.9257425742574258,0.7,1.0,1.0,1.0,1.0,1.0
0,Family,Grandfather,5,0_1_0,1.0,0.7216494845360825,0.5645161290322581,0.8663366336633663,0.5645161290322581,1.0,1.0,1.0,1.0,1.0
0,Family,Grandfather,5,1_0_0,1.0,0.3553299492385787,0.21604938271604937,0.3712871287128713,0.21604938271604937,1.0,1.0,1.0,1.0,1.0
0,Family,Grandfather,5,1_1_1,0.0,0.0,0.0,0.7079207920792079,0.0,0.0,0.0,0.0,0.0,0.0
0,Family,Grandfather,10,0_0_0,0.34285714285714286,0.5106382978723404,1.0,0.8861386138613861,0.34285714285714286,0.0,0.0,0.0,0.0,0.0
0,Family,Grandfather,10,0_0_1,0.9714285714285714,0.9444444444444444,0.918918918918919,0.9801980198019802,0.8947368421052632,0.6666666666666666,0.8,1.0,0.6666666666666666,0.6666666666666666
0,Family,Grandfather,10,0_1_0,0.9428571428571428,0.8354430379746836,0.75,0.9356435643564357,0.717391304347826,0.3333333333333333,0.5,1.0,0.3333333333333333,0.3333333333333333
0,Family,Grandfather,10,1_0_0,1.0,0.3684210526315789,0.22580645161290322,0.40594059405940597,0.22580645161290322,1.0,1.0,1.0,1.0,1.0
0,Family,Grandfather,10,1_1_1,0.14285714285714285,0.09009009009009009,0.06578947368421052,0.5,0.04716981132075472,0.6666666666666666,0.8,1.0,0.6666666666666666,0.6666666666666666
0,Family,Grandfather,15,0_0_0,0.2857142857142857,0.4444444444444444,1.0,0.8762376237623762,0.2857142857142857,0.0,0.0,0.0,0.0,0.0
0,Family,Grandfather,15,0_0_1,0.9142857142857143,0.9142857142857143,0.9142857142857143,0.9702970297029703,0.8421052631578947,0.4,0.5714285714285714,1.0,0.4,0.4
0,Family,Grandfather,15,0_1_0,0.8857142857142857,0.8493150684931506,0.8157894736842105,0.9455445544554455,0.7380952380952381,0.2,0.3333333333333333,1.0,0.2,0.2
0,Family,Grandfather,15,1_0_0,1.0,0.3684210526315789,0.22580645161290322,0.40594059405940597,0.22580645161290322,1.0,1.0,1.0,1.0,1.0
0,Family,Grandfather,15,1_1_1,0.22857142857142856,0.128,0.08888888888888889,0.4603960396039604,0.06837606837606838,0.8,0.8888888888888888,1.0,0.8,0.8
0,Family,Grandfather,20,0_0_0,0.2571428571428571,0.4090909090909091,1.0,0.8712871287128713,0.2571428571428571,0.0,0.0,0.0,0.0,0.0
0,Family,Grandfather,20,0_0_1,0.8857142857142857,0.8857142857142857,0.8857142857142857,0.9603960396039604,0.7948717948717948,0.42857142857142855,0.6,1.0,0.42857142857142855,0.42857142857142855
0,Family,Grandfather,20,0_1_0,0.8857142857142857,0.8493150684931506,0.8157894736842105,0.9455445544554455,0.7380952380952381,0.42857142857142855,0.6,1.0,0.42857142857142855,0.42857142857142855
0,Family,Grandfather,20,1_0_0,1.0,0.3763440860215054,0.23178807947019867,0.42574257425742573,0.23178807947019867,1.0,1.0,1.0,1.0,1.0
0,Family,Grandfather,20,1_1_1,0.37142857142857144,0.1984732824427481,0.13541666666666666,0.4801980198019802,0.11016949152542373,0.5714285714285714,0.7272727272727273,1.0,0.5714285714285714,0.5714285714285714
0,Family,Grandfather,25,0_0_0,0.2857142857142857,0.4444444444444444,1.0,0.8762376237623762,0.2857142857142857,0.0,0.0,0.0,0.0,0.0
0,Family,Grandfather,25,0_0_1,0.8571428571428571,0.8695652173913043,0.8823529411764706,0.9554455445544554,0.7692307692307693,0.375,0.5454545454545454,1.0,0.375,0.375
0,Family,Grandfather,25,0_1_0,0.8285714285714286,0.8529411764705882,0.8787878787878788,0.9504950495049505,0.7435897435897436,0.25,0.4,1.0,0.25,0.25
0,Family,Grandfather,25,1_0_0,1.0,0.3783783783783784,0.23333333333333334,0.4306930693069307,0.23333333333333334,1.0,1.0,1.0,1.0,1.0
0,Family,Grandfather,25,1_1_1,0.34285714285714286,0.18461538461538463,0.12631578947368421,0.4752475247524752,0.1016949152542373,0.625,0.7692307692307693,1.0,0.625,0.625
0,Family,Grandfather,30,0_0_0,0.05714285714285714,0.10810810810810811,1.0,0.8366336633663366,0.05714285714285714,0.0,0.0,0.0,0.0,0.0
0,Family,Grandfather,30,0_0_1,0.7428571428571429,0.8,0.8666666666666667,0.9356435643564357,0.6666666666666666,0.1,0.18181818181818182,1.0,0.1,0.1
0,Family,Grandfather,30,0_1_0,0.8,0.8484848484848485,0.9032258064516129,0.9504950495049505,0.7368421052631579,0.3,0.46153846153846156,1.0,0.3,0.3
0,Family,Grandfather,30,1_0_0,1.0,0.3888888888888889,0.2413793103448276,0.45544554455445546,0.2413793103448276,1.0,1.0,1.0,1.0,1.0
0,Family,Grandfather,30,1_1_1,0.34285714285714286,0.17142857142857143,0.11428571428571428,0.42574257425742573,0.09375,0.5,0.6666666666666666,1.0,0.5,0.5
0,Family,Grandfather,35,0_0_0,0.02857142857142857,0.05555555555555555,1.0,0.8316831683168316,0.02857142857142857,0.0,0.0,0.0,0.0,0.0
0,Family,Grandfather,35,0_0_1,0.6571428571428571,0.7540983606557377,0.8846153846153846,0.9257425742574258,0.6052631578947368,0.0,0.0,0.0,0.0,0.0
0,Family,Grandfather,35,0_1_0,0.7428571428571429,0.7878787878787878,0.8387096774193549,0.9306930693069307,0.65,0.25,0.4,1.0,0.25,0.25
0,Family,Grandfather,35,1_0_0,1.0,0.3804347826086957,0.2348993288590604,0.43564356435643564,0.2348993288590604,1.0,1.0,1.0,1.0,1.0
0,Family,Grandfather,35,1_1_1,0.5142857142857142,0.2222222222222222,0.14173228346456693,0.37623762376237624,0.125,0.5833333333333334,0.7368421052631579,1.0,0.5833333333333334,0.5833333333333334
0,Family,Grandfather,40,0_0_0,0.02857142857142857,0.05555555555555555,1.0,0.8316831683168316,0.02857142857142857,0.0,0.0,0.0,0.0,0.0
0,Family,Grandfather,40,0_0_1,0.6,0.7241379310344828,0.9130434782608695,0.9207920792079208,0.5675675675675675,0.0,0.0,0.0,0.0,0.0
0,Family,Grandfather,40,0_1_0,0.6857142857142857,0.7619047619047619,0.8571428571428571,0.9257425742574258,0.6153846153846154,0.21428571428571427,0.35294117647058826,1.0,0.21428571428571427,0.21428571428571427
0,Family,Grandfather,40,1_0_0,1.0,0.39325842696629215,0.24475524475524477,0.46534653465346537,0.24475524475524477,1.0,1.0,1.0,1.0,1.0
0,Family,Grandfather,40,1_1_1,0.42857142857142855,0.189873417721519,0.12195121951219512,0.36633663366336633,0.1048951048951049,0.6428571428571429,0.782608695652174,1.0,0.6428571428571429,0.6428571428571429
0,Family,Grandfather,45,0_0_0,0.05714285714285714,0.10810810810810811,1.0,0.8366336633663366,0.05714285714285714,0.0,0.0,0.0,0.0,0.0
0,Family,Grandfather,45,0_0_1,0.6,0.7241379310344828,0.9130434782608695,0.9207920792079208,0.5675675675675675,0.06666666666666667,0.125,1.0,0.06666666666666667,0.06666666666666667
0,Family,Grandfather,45,0_1_0,0.6857142857142857,0.7619047619047619,0.8571428571428571,0.9257425742574258,0.6153846153846154,0.26666666666666666,0.42105263157894735,1.0,0.26666666666666666,0.26666666666666666
0,Family,Grandfather,45,1_0_0,1.0,0.43478260869565216,0.2777777777777778,0.5495049504950495,0.2777777777777778,1.0,1.0,1.0,1.0,1.0
0,Family,Grandfather,45,1_1_1,0.4857142857142857,0.20987654320987653,0.13385826771653545,0.36633663366336633,0.11724137931034483,0.7333333333333333,0.8461538461538461,1.0,0.7333333333333333,0.7333333333333333
0,Family,Grandfather,50,0_0_0,0.08571428571428572,0.15789473684210525,1.0,0.8415841584158416,0.08571428571428572,0.0,0.0,0.0,0.0,0.0
0,Family,Grandfather,50,0_0_1,0.6,0.65625,0.7241379310344828,0.8910891089108911,0.4883720930232558,0.17647058823529413,0.3,1.0,0.17647058823529413,0.17647058823529413
0,Family,Grandfather,50,0_1_0,0.9428571428571428,0.7857142857142857,0.673469387755102,0.9108910891089109,0.6470588235294118,0.8823529411764706,0.9375,1.0,0.8823529411764706,0.8823529411764706
0,Family,Grandfather,50,1_0_0,1.0,0.36649214659685864,0.22435897435897437,0.400990099009901,0.22435897435897437,1.0,1.0,1.0,1.0,1.0
0,Family,Grandfather,50,1_1_1,0.45714285714285713,0.27586206896551724,0.19753086419753085,0.5841584158415841,0.16,0.7647058823529411,0.8666666666666667,1.0,0.7647058823529411,0.7647058823529411
0,Family,Grandfather,55,0_0_0,0.08571428571428572,0.15789473684210525,1.0,0.8415841584158416,0.08571428571428572,0.0,0.0,0.0,0.0,0.0
0,Family,Grandfather,55,0_0_1,0.5428571428571428,0.6440677966101694,0.7916666666666666,0.8960396039603961,0.475,0.15789473684210525,0.2727272727272727,1.0,0.15789473684210525,0.15789473684210525
0,Family,Grandfather,55,0_1_0,0.8857142857142857,0.7380952380952381,0.6326530612244898,0.8910891089108911,0.5849056603773585,0.7894736842105263,0.8823529411764706,1.0,0.7894736842105263,0.7894736842105263
0,Family,Grandfather,55,1_0_0,1.0,0.3825136612021858,0.23648648648648649,0.4405940594059406,0.23648648648648649,1.0,1.0,1.0,1.0,1.0
0,Family,Grandfather,55,1_1_1,0.4,0.24561403508771928,0.17721518987341772,0.5742574257425742,0.14,0.631578947368421,0.7741935483870968,1.0,0.631578947368421,0.631578947368421
0,Family,Grandfather,60,0_0_0,0.08571428571428572,0.15789473684210525,1.0,0.8415841584158416,0.08571428571428572,0.0,0.0,0.0,0.0,0.0
0,Family,Grandfather,60,0_0_1,0.5142857142857142,0.5901639344262295,0.6923076923076923,0.8762376237623762,0.4186046511627907,0.19047619047619047,0.32,1.0,0.19047619047619047,0.19047619047619047
0,Family,Grandfather,60,0_1_0,0.8857142857142857,0.7126436781609196,0.5961538461538461,0.8762376237623762,0.5535714285714286,0.8095238095238095,0.8947368421052632,1.0,0.8095238095238095,0.8095238095238095
0,Family,Grandfather,60,1_0_0,1.0,0.3645833333333333,0.2229299363057325,0.39603960396039606,0.2229299363057325,1.0,1.0,1.0,1.0,1.0
0,Family,Grandfather,60,1_1_1,0.4,0.25,0.18181818181818182,0.5841584158415841,0.14285714285714285,0.5714285714285714,0.7272727272727273,1.0,0.5714285714285714,0.5714285714285714
0,Family,Grandfather,65,0_0_0,0.05714285714285714,0.10810810810810811,1.0,0.8366336633663366,0.05714285714285714,0.0,0.0,0.0,0.0,0.0
0,Family,Grandfather,65,0_0_1,0.4857142857142857,0.5483870967741935,0.6296296296296297,0.8613861386138614,0.37777777777777777,0.18181818181818182,0.3076923076923077,1.0,0.18181818181818182,0.18181818181818182
0,Family,Grandfather,65,0_1_0,0.8857142857142857,0.7560975609756098,0.6595744680851063,0.900990099009901,0.6078431372549019,0.8181818181818182,0.9,1.0,0.8181818181818182,0.8181818181818182
0,Family,Grandfather,65,1_0_0,1.0,0.37433155080213903,0.23026315789473684,0.4207920792079208,0.23026315789473684,1.0,1.0,1.0,1.0,1.0
0,Family,Grandfather,65,1_1_1,0.4857142857142857,0.2809917355371901,0.19767441860465115,0.5693069306930693,0.16346153846153846,0.5909090909090909,0.7428571428571429,1.0,0.5909090909090909,0.5909090909090909
0,Family,Grandfather,70,0_0_0,0.0,0.0,0.0,0.8267326732673267,0.0,0.0,0.0,0.0,0.0,0.0
0,Family,Grandfather,70,0_0_1,0.42857142857142855,0.5084745762711864,0.625,0.8564356435643564,0.3409090909090909,0.16666666666666666,0.2857142857142857,1.0,0.16666666666666666,0.16666666666666666
0,Family,Grandfather,70,0_1_0,0.7428571428571429,0.7027027027027027,0.6666666666666666,0.8910891089108911,0.5416666666666666,0.625,0.7692307692307693,1.0,0.625,0.625
0,Family,Grandfather,70,1_0_0,1.0,0.37433155080213903,0.23026315789473684,0.4207920792079208,0.23026315789473684,1.0,1.0,1.0,1.0,1.0
0,Family,Grandfather,70,1_1_1,0.4857142857142857,0.2857142857142857,0.20238095238095238,0.5792079207920792,0.16666666666666666,0.5833333333333334,0.7368421052631579,1.0,0.5833333333333334,0.5833333333333334
0,Family,Grandfather,75,0_0_0,0.0,0.0,0.0,0.8267326732673267,0.0,0.0,0.0,0.0,0.0,0.0
0,Family,Grandfather,75,0_0_1,0.3142857142857143,0.4583333333333333,0.8461538461538461,0.8712871287128713,0.2972972972972973,0.07692307692307693,0.14285714285714285,1.0,0.07692307692307693,0.07692307692307693
0,Family,Grandfather,75,0_1_0,0.6857142857142857,0.676056338028169,0.6666666666666666,0.8861386138613861,0.5106382978723404,0.5769230769230769,0.7317073170731707,1.0,0.5769230769230769,0.5769230769230769
0,Family,Grandfather,75,1_0_0,1.0,0.3804347826086957,0.2348993288590604,0.43564356435643564,0.2348993288590604,1.0,1.0,1.0,1.0,1.0
0,Family,Grandfather,75,1_1_1,0.4,0.2545454545454545,0.18666666666666668,0.594059405940594,0.14583333333333334,0.5,0.6666666666666666,1.0,0.5,0.5
0,Family,Grandfather,80,0_0_0,0.0,0.0,0.0,0.8267326732673267,0.0,0.0,0.0,0.0,0.0,0.0
0,Family,Grandfather,80,0_0_1,0.2571428571428571,0.375,0.6923076923076923,0.8514851485148515,0.23076923076923078,0.07142857142857142,0.13333333333333333,1.0,0.07142857142857142,0.07142857142857142
0,Family,Grandfather,80,0_1_0,0.6,0.6268656716417911,0.65625,0.8762376237623762,0.45652173913043476,0.5,0.6666666666666666,1.0,0.5,0.5
0,Family,Grandfather,80,1_0_0,1.0,0.3723404255319149,0.22875816993464052,0.4158415841584158,0.22875816993464052,1.0,1.0,1.0,1.0,1.0
0,Family,Grandfather,80,1_1_1,0.4857142857142857,0.2956521739130435,0.2125,0.599009900990099,0.17346938775510204,0.5714285714285714,0.7272727272727273,1.0,0.5714285714285714,0.5714285714285714
0,Family,Grandparent,0,0_0_0,0.0,0.0,0.0,0.6534653465346535,0.0,,,,,
0,Family,Grandparent,0,0_0_1,0.07142857142857142,0.13157894736842105,0.8333333333333334,0.6732673267326733,0.07042253521126761,,,,,
0,Family,Grandparent,0,0_1_0,0.014285714285714285,0.027777777777777776,0.5,0.6534653465346535,0.014084507042253521,,,,,
0,Family,Grandparent,0,1_0_0,0.6571428571428571,0.4791666666666667,0.3770491803278688,0.504950495049505,0.3150684931506849,,,,,
0,Family,Grandparent,0,1_1_1,0.8714285714285714,0.5041322314049587,0.3546511627906977,0.40594059405940597,0.3370165745856354,,,,,
0,Family,Grandparent,5,0_0_0,0.0,0.0,0.0,0.6534653465346535,0.0,,,,,
0,Family,Grandparent,5,0_0_1,0.07142857142857142,0.13157894736842105,0.8333333333333334,0.6732673267326733,0.07042253521126761,,,,,
0,Family,Grandparent,5,0_1_0,0.014285714285714285,0.027777777777777776,0.5,0.6534653465346535,0.014084507042253521,,,,,
0,Family,Grandparent,5,1_0_0,0.6571428571428571,0.4791666666666667,0.3770491803278688,0.504950495049505,0.3150684931506849,,,,,
0,Family,Grandparent,5,1_1_1,0.8714285714285714,0.5041322314049587,0.3546511627906977,0.40594059405940597,0.3370165745856354,,,,,
0,Family,Grandparent,10,0_0_0,0.0,0.0,0.0,0.6534653465346535,0.0,,,,,
0,Family,Grandparent,10,0_0_1,0.07142857142857142,0.13157894736842105,0.8333333333333334,0.6732673267326733,0.07042253521126761,,,,,
0,Family,Grandparent,10,0_1_0,0.014285714285714285,0.027777777777777776,0.5,0.6534653465346535,0.014084507042253521,,,,,
0,Family,Grandparent,10,1_0_0,0.6571428571428571,0.4791666666666667,0.3770491803278688,0.504950495049505,0.3150684931506849,,,,,
0,Family,Grandparent,10,1_1_1,0.8714285714285714,0.5041322314049587,0.3546511627906977,0.40594059405940597,0.3370165745856354,,,,,
0,Family,Grandparent,15,0_0_0,0.0,0.0,0.0,0.6534653465346535,0.0,,,,,
0,Family,Grandparent,15,0_0_1,0.07142857142857142,0.13157894736842105,0.8333333333333334,0.6732673267326733,0.07042253521126761,,,,,
0,Family,Grandparent,15,0_1_0,0.014285714285714285,0.027777777777777776,0.5,0.6534653465346535,0.014084507042253521,,,,,
0,Family,Grandparent,15,1_0_0,0.6571428571428571,0.4791666666666667,0.3770491803278688,0.504950495049505,0.3150684931506849,,,,,
0,Family,Grandparent,15,1_1_1,0.8714285714285714,0.5041322314049587,0.3546511627906977,0.40594059405940597,0.3370165745856354,,,,,
0,Family,Grandparent,20,0_0_0,0.0,0.0,0.0,0.6534653465346535,0.0,,,,,
0,Family,Grandparent,20,0_0_1,0.07142857142857142,0.13157894736842105,0.8333333333333334,0.6732673267326733,0.07042253521126761,,,,,
0,Family,Grandparent,20,0_1_0,0.014285714285714285,0.027777777777777776,0.5,0.6534653465346535,0.014084507042253521,,,,,
0,Family,Grandparent,20,1_0_0,0.6571428571428571,0.4791666666666667,0.3770491803278688,0.504950495049505,0.3150684931506849,,,,,
0,Family,Grandparent,20,1_1_1,0.8714285714285714,0.5041322314049587,0.3546511627906977,0.40594059405940597,0.3370165745856354,,,,,
0,Family,Grandparent,25,0_0_0,0.0,0.0,0.0,0.6534653465346535,0.0,,,,,
0,Family,Grandparent,25,0_0_1,0.07142857142857142,0.13157894736842105,0.8333333333333334,0.6732673267326733,0.07042253521126761,,,,,
0,Family,Grandparent,25,0_1_0,0.014285714285714285,0.027777777777777776,0.5,0.6534653465346535,0.014084507042253521,,,,,
0,Family,Grandparent,25,1_0_0,0.6571428571428571,0.4791666666666667,0.3770491803278688,0.504950495049505,0.3150684931506849,,,,,
0,Family,Grandparent,25,1_1_1,0.8714285714285714,0.5041322314049587,0.3546511627906977,0.40594059405940597,0.3370165745856354,,,,,
0,Family,Grandparent,30,0_0_0,0.0,0.0,0.0,0.6534653465346535,0.0,,,,,
0,Family,Grandparent,30,0_0_1,0.07142857142857142,0.13157894736842105,0.8333333333333334,0.6732673267326733,0.07042253521126761,,,,,
0,Family,Grandparent,30,0_1_0,0.014285714285714285,0.027777777777777776,0.5,0.6534653465346535,0.014084507042253521,,,,,
0,Family,Grandparent,30,1_0_0,0.6571428571428571,0.4791666666666667,0.3770491803278688,0.504950495049505,0.3150684931506849,,,,,
0,Family,Grandparent,30,1_1_1,0.8714285714285714,0.5041322314049587,0.3546511627906977,0.40594059405940597,0.3370165745856354,,,,,
0,Family,Grandparent,35,0_0_0,0.0,0.0,0.0,0.6534653465346535,0.0,,,,,
0,Family,Grandparent,35,0_0_1,0.07142857142857142,0.13157894736842105,0.8333333333333334,0.6732673267326733,0.07042253521126761,,,,,
0,Family,Grandparent,35,0_1_0,0.014285714285714285,0.027777777777777776,0.5,0.6534653465346535,0.014084507042253521,,,,,
0,Family,Grandparent,35,1_0_0,0.6571428571428571,0.4791666666666667,0.3770491803278688,0.504950495049505,0.3150684931506849,,,,,
0,Family,Grandparent,35,1_1_1,0.8714285714285714,0.5041322314049587,0.3546511627906977,0.40594059405940597,0.3370165745856354,,,,,
0,Family,Grandparent,40,0_0_0,0.0,0.0,0.0,0.6534653465346535,0.0,,,,,
0,Family,Grandparent,40,0_0_1,0.07142857142857142,0.13157894736842105,0.8333333333333334,0.6732673267326733,0.07042253521126761,,,,,
0,Family,Grandparent,40,0_1_0,0.014285714285714285,0.027777777777777776,0.5,0.6534653465346535,0.014084507042253521,,,,,
0,Family,Grandparent,40,1_0_0,0.6571428571428571,0.4791666666666667,0.3770491803278688,0.504950495049505,0.3150684931506849,,,,,
0,Family,Grandparent,40,1_1_1,0.8714285714285714,0.5041322314049587,0.3546511627906977,0.40594059405940597,0.3370165745856354,,,,,
0,Family,Grandparent,45,0_0_0,0.0,0.0,0.0,0.6534653465346535,0.0,,,,,
0,Family,Grandparent,45,0_0_1,0.07142857142857142,0.13157894736842105,0.8333333333333334,0.6732673267326733,0.07042253521126761,,,,,
0,Family,Grandparent,45,0_1_0,0.014285714285714285,0.027777777777777776,0.5,0.6534653465346535,0.014084507042253521,,,,,
0,Family,Grandparent,45,1_0_0,0.6571428571428571,0.4791666666666667,0.3770491803278688,0.504950495049505,0.3150684931506849,,,,,
0,Family,Grandparent,45,1_1_1,0.8714285714285714,0.5041322314049587,0.3546511627906977,0.40594059405940597,0.3370165745856354,,,,,
0,Family,Grandparent,50,0_0_0,0.0,0.0,0.0,0.6534653465346535,0.0,,,,,
0,Family,Grandparent,50,0_0_1,0.07142857142857142,0.13157894736842105,0.8333333333333334,0.6732673267326733,0.07042253521126761,,,,,
0,Family,Grandparent,50,0_1_0,0.014285714285714285,0.027777777777777776,0.5,0.6534653465346535,0.014084507042253521,,,,,
0,Family,Grandparent,50,1_0_0,0.6571428571428571,0.4791666666666667,0.3770491803278688,0.504950495049505,0.3150684931506849,,,,,
0,Family,Grandparent,50,1_1_1,0.8714285714285714,0.5041322314049587,0.3546511627906977,0.40594059405940597,0.3370165745856354,,,,,
0,Family,Grandparent,55,0_0_0,0.0,0.0,0.0,0.6534653465346535,0.0,,,,,
0,Family,Grandparent,55,0_0_1,0.07142857142857142,0.13157894736842105,0.8333333333333334,0.6732673267326733,0.07042253521126761,,,,,
0,Family,Grandparent,55,0_1_0,0.014285714285714285,0.027777777777777776,0.5,0.6534653465346535,0.014084507042253521,,,,,
0,Family,Grandparent,55,1_0_0,0.6571428571428571,0.4791666666666667,0.3770491803278688,0.504950495049505,0.3150684931506849,,,,,
0,Family,Grandparent,55,1_1_1,0.8714285714285714,0.5041322314049587,0.3546511627906977,0.40594059405940597,0.3370165745856354,,,,,
0,Family,Grandparent,60,0_0_0,0.0,0.0,0.0,0.6534653465346535,0.0,,,,,
0,Family,Grandparent,60,0_0_1,0.07142857142857142,0.13157894736842105,0.8333333333333334,0.6732673267326733,0.07042253521126761,,,,,
0,Family,Grandparent,60,0_1_0,0.014285714285714285,0.027777777777777776,0.5,0.6534653465346535,0.014084507042253521,,,,,
0,Family,Grandparent,60,1_0_0,0.6571428571428571,0.4791666666666667,0.3770491803278688,0.504950495049505,0.3150684931506849,,,,,
0,Family,Grandparent,60,1_1_1,0.8714285714285714,0.5041322314049587,0.3546511627906977,0.40594059405940597,0.3370165745856354,,,,,
0,Family,Grandparent,65,0_0_0,0.0,0.0,0.0,0.6534653465346535,0.0,,,,,
0,Family,Grandparent,65,0_0_1,0.07142857142857142,0.13157894736842105,0.8333333333333334,0.6732673267326733,0.07042253521126761,,,,,
0,Family,Grandparent,65,0_1_0,0.014285714285714285,0.027777777777777776,0.5,0.6534653465346535,0.014084507042253521,,,,,
0,Family,Grandparent,65,1_0_0,0.6571428571428571,0.4791666666666667,0.3770491803278688,0.504950495049505,0.3150684931506849,,,,,
0,Family,Grandparent,65,1_1_1,0.8714285714285714,0.5041322314049587,0.3546511627906977,0.40594059405940597,0.3370165745856354,,,,,
0,Family,Grandparent,70,0_0_0,0.0,0.0,0.0,0.6534653465346535,0.0,,,,,
0,Family,Grandparent,70,0_0_1,0.07142857142857142,0.13157894736842105,0.8333333333333334,0.6732673267326733,0.07042253521126761,,,,,
0,Family,Grandparent,70,0_1_0,0.014285714285714285,0.027777777777777776,0.5,0.6534653465346535,0.014084507042253521,,,,,
0,Family,Grandparent,70,1_0_0,0.6571428571428571,0.4791666666666667,0.3770491803278688,0.504950495049505,0.3150684931506849,,,,,
0,Family,Grandparent,70,1_1_1,0.8714285714285714,0.5041322314049587,0.3546511627906977,0.40594059405940597,0.3370165745856354,,,,,
0,Family,Grandparent,75,0_0_0,0.0,0.0,0.0,0.6534653465346535,0.0,,,,,
0,Family,Grandparent,75,0_0_1,0.07142857142857142,0.13157894736842105,0.8333333333333334,0.6732673267326733,0.07042253521126761,,,,,
0,Family,Grandparent,75,0_1_0,0.014285714285714285,0.027777777777777776,0.5,0.6534653465346535,0.014084507042253521,,,,,
0,Family,Grandparent,75,1_0_0,0.6571428571428571,0.4791666666666667,0.3770491803278688,0.504950495049505,0.3150684931506849,,,,,
0,Family,Grandparent,75,1_1_1,0.8714285714285714,0.5041322314049587,0.3546511627906977,0.40594059405940597,0.3370165745856354,,,,,
0,Family,Grandparent,80,0_0_0,0.0,0.0,0.0,0.6534653465346535,0.0,,,,,
0,Family,Grandparent,80,0_0_1,0.07142857142857142,0.13157894736842105,0.8333333333333334,0.6732673267326733,0.07042253521126761,,,,,
0,Family,Grandparent,80,0_1_0,0.014285714285714285,0.027777777777777776,0.5,0.6534653465346535,0.014084507042253521,,,,,
0,Family,Grandparent,80,1_0_0,0.6571428571428571,0.4791666666666667,0.3770491803278688,0.504950495049505,0.3150684931506849,,,,,
0,Family,Grandparent,80,1_1_1,0.8714285714285714,0.5041322314049587,0.3546511627906977,0.40594059405940597,0.3370165745856354,,,,,
0,Family,Grandmother,0,0_0_0,0.14285714285714285,0.25,1.0,0.8514851485148515,0.14285714285714285,,,,,
0,Family,Grandmother,0,0_0_1,1.0,0.8045977011494253,0.6730769230769231,0.9158415841584159,0.6730769230769231,,,,,
0,Family,Grandmother,0,0_1_0,1.0,0.6422018348623854,0.47297297297297297,0.806930693069307,0.47297297297297297,,,,,
0,Family,Grandmother,0,1_0_0,1.0,0.330188679245283,0.1977401129943503,0.297029702970297,0.1977401129943503,,,,,
0,Family,Grandmother,0,1_1_1,0.9142857142857143,0.28193832599118945,0.16666666666666666,0.19306930693069307,0.1641025641025641,,,,,
0,Family,Grandmother,5,0_0_0,0.2,0.3333333333333333,1.0,0.8613861386138614,0.2,0.0,0.0,0.0,0.0,0.0
0,Family,Grandmother,5,0_0_1,0.9714285714285714,0.7906976744186046,0.6666666666666666,0.9108910891089109,0.6538461538461539,0.0,0.0,0.0,0.0,0.0
0,Family,Grandmother,5,0_1_0,1.0,0.6481481481481481,0.4794520547945205,0.8118811881188119,0.4794520547945205,1.0,1.0,1.0,1.0,1.0
0,Family,Grandmother,5,1_0_0,1.0,0.3333333333333333,0.2,0.3069306930693069,0.2,1.0,1.0,1.0,1.0,1.0
0,Family,Grandmother,5,1_1_1,0.8571428571428571,0.27149321266968324,0.16129032258064516,0.20297029702970298,0.15706806282722513,1.0,1.0,1.0,1.0,1.0
0,Family,Grandmother,10,0_0_0,0.17142857142857143,0.2926829268292683,1.0,0.8564356435643564,0.17142857142857143,0.0,0.0,0.0,0.0,0.0
0,Family,Grandmother,10,0_0_1,0.9714285714285714,0.8095238095238095,0.6938775510204082,0.9207920792079208,0.68,0.6666666666666666,0.8,1.0,0.6666666666666666,0.6666666666666666
0,Family,Grandmother,10,0_1_0,1.0,0.6666666666666666,0.5,0.8267326732673267,0.5,1.0,1.0,1.0,1.0,1.0
0,Family,Grandmother,10,1_0_0,1.0,0.33653846153846156,0.2023121387283237,0.31683168316831684,0.2023121387283237,1.0,1.0,1.0,1.0,1.0
0,Family,Grandmother,10,1_1_1,0.9428571428571428,0.2894736842105263,0.17098445595854922,0.19801980198019803,0.16923076923076924,1.0,1.0,1.0,1.0,1.0
0,Family,Grandmother,15,0_0_0,0.05714285714285714,0.10810810810810811,1.0,0.8366336633663366,0.05714285714285714,0.0,0.0,0.0,0.0,0.0
0,Family,Grandmother,15,0_0_1,0.9714285714285714,0.7727272727272727,0.6415094339622641,0.900990099009901,0.6296296296296297,0.8,0.8888888888888888,1.0,0.8,0.8
0,Family,Grandmother,15,0_1_0,1.0,0.660377358490566,0.49295774647887325,0.8217821782178217,0.49295774647887325,1.0,1.0,1.0,1.0,1.0
0,Family,Grandmother,15,1_0_0,1.0,0.3349282296650718,0.20114942528735633,0.3118811881188119,0.20114942528735633,1.0,1.0,1.0,1.0,1.0
0,Family,Grandmother,15,1_1_1,0.9428571428571428,0.2857142857142857,0.1683673469387755,0.18316831683168316,0.16666666666666666,1.0,1.0,1.0,1.0,1.0
0,Family,Grandmother,20,0_0_0,0.2,0.3333333333333333,1.0,0.8613861386138614,0.2,0.0,0.0,0.0,0.0,0.0
0,Family,Grandmother,20,0_0_1,0.8857142857142857,0.7848101265822784,0.7045454545454546,0.9158415841584159,0.6458333333333334,0.42857142857142855,0.6,1.0,0.42857142857142855,0.42857142857142855
0,Family,Grandmother,20,0_1_0,1.0,0.6730769230769231,0.5072463768115942,0.8316831683168316,0.5072463768115942,1.0,1.0,1.0,1.0,1.0
0,Family,Grandmother,20,1_0_0,1.0,0.3448275862068966,0.20833333333333334,0.3415841584158416,0.20833333333333334,1.0,1.0,1.0,1.0,1.0
0,Family,Grandmother,20,1_1_1,0.9142857142857143,0.2807017543859649,0.16580310880829016,0.18811881188118812,0.16326530612244897,1.0,1.0,1.0,1.0,1.0
0,Family,Grandmother,25,0_0_0,0.2,0.3333333333333333,1.0,0.8613861386138614,0.2,0.0,0.0,0.0,0.0,0.0
0,Family,Grandmother,25,0_0_1,0.8285714285714286,0.7435897435897436,0.6744186046511628,0.900990099009901,0.5918367346938775,0.25,0.4,1.0,0.25,0.25
0,Family,Grandmother,25,0_1_0,1.0,0.6481481481481481,0.4794520547945205,0.8118811881188119,0.4794520547945205,1.0,1.0,1.0,1.0,1.0
0,Family,Grandmother,25,1_0_0,1.0,0.3448275862068966,0.20833333333333334,0.3415841584158416,0.20833333333333334,1.0,1.0,1.0,1.0,1.0
0,Family,Grandmother,25,1_1_1,0.9428571428571428,0.2894736842105263,0.17098445595854922,0.19801980198019803,0.16923076923076924,1.0,1.0,1.0,1.0,1.0
0,Family,Grandmother,30,0_0_0,0.2,0.3333333333333333,1.0,0.8613861386138614,0.2,0.0,0.0,0.0,0.0,0.0
0,Family,Grandmother,30,0_0_1,0.8285714285714286,0.7837837837837838,0.7435897435897436,0.9207920792079208,0.6444444444444445,0.4,0.5714285714285714,1.0,0.4,0.4
0,Family,Grandmother,30,0_1_0,0.9714285714285714,0.6868686868686869,0.53125,0.8465346534653465,0.5230769230769231,0.9,0.9473684210526315,1.0,0.9,0.9
0,Family,Grandmother,30,1_0_0,1.0,0.33980582524271846,0.2046783625730994,0.32673267326732675,0.2046783625730994,1.0,1.0,1.0,1.0,1.0
0,Family,Grandmother,30,1_1_1,0.6857142857142857,0.23300970873786409,0.14035087719298245,0.21782178217821782,0.13186813186813187,0.8,0.8888888888888888,1.0,0.8,0.8
0,Family,Grandmother,35,0_0_0,0.17142857142857143,0.2926829268292683,1.0,0.8564356435643564,0.17142857142857143,0.0,0.0,0.0,0.0,0.0
0,Family,Grandmother,35,0_0_1,0.7428571428571429,0.7323943661971831,0.7222222222222222,0.905940594059406,0.5777777777777777,0.25,0.4,1.0,0.25,0.25
0,Family,Grandmother,35,0_1_0,0.9428571428571428,0.6666666666666666,0.515625,0.8366336633663366,0.5,0.8333333333333334,0.9090909090909091,1.0,0.8333333333333334,0.8333333333333334
0,Family,Grandmother,35,1_0_0,1.0,0.35175879396984927,0.21341463414634146,0.3613861386138614,0.21341463414634146,1.0,1.0,1.0,1.0,1.0
0,Family,Grandmother,35,1_1_1,0.7142857142857143,0.24154589371980675,0.14534883720930233,0.22277227722772278,0.13736263736263737,0.9166666666666666,0.9565217391304348,1.0,0.9166666666666666,0.9166666666666666
0,Family,Grandmother,40,0_0_0,0.2,0.3333333333333333,1.0,0.8613861386138614,0.2,0.0,0.0,0.0,0.0,0.0
0,Family,Grandmother,40,0_0_1,0.6285714285714286,0.676923076923077,0.7333333333333333,0.8960396039603961,0.5116279069767442,0.07142857142857142,0.13333333333333333,1.0,0.07142857142857142,0.07142857142857142
0,Family,Grandmother,40,0_1_0,0.8857142857142857,0.6326530612244898,0.49206349206349204,0.8217821782178217,0.4626865671641791,0.7142857142857143,0.8333333333333334,1.0,0.7142857142857143,0.7142857142857143
0,Family,Grandmother,40,1_0_0,1.0,0.36082474226804123,0.22012578616352202,0.38613861386138615,0.22012578616352202,1.0,1.0,1.0,1.0,1.0
0,Family,Grandmother,40,1_1_1,0.9142857142857143,0.2782608695652174,0.1641025641025641,0.1782178217821782,0.16161616161616163,0.9285714285714286,0.9629629629629629,1.0,0.9285714285714286,0.9285714285714286
0,Family,Grandmother,45,0_0_0,0.17142857142857143,0.2926829268292683,1.0,0.8564356435643564,0.17142857142857143,0.0,0.0,0.0,0.0,0.0
0,Family,Grandmother,45,0_0_1,0.6285714285714286,0.6666666666666666,0.7096774193548387,0.8910891089108911,0.5,0.13333333333333333,0.23529411764705882,1.0,0.13333333333333333,0.13333333333333333
0,Family,Grandmother,45,0_1_0,0.8571428571428571,0.631578947368421,0.5,0.8267326732673267,0.46153846153846156,0.6666666666666666,0.8,1.0,0.6666666666666666,0.6666666666666666
0,Family,Grandmother,45,1_0_0,1.0,0.3482587064676617,0.21084337349397592,0.35148514851485146,0.21084337349397592,1.0,1.0,1.0,1.0,1.0
0,Family,Grandmother,45,1_1_1,0.9428571428571428,0.28820960698689957,0.17010309278350516,0.19306930693069307,0.1683673469387755,0.9333333333333333,0.9655172413793104,1.0,0.9333333333333333,0.9333333333333333
0,Family,Grandmother,50,0_0_0,0.2,0.3333333333333333,1.0,0.8613861386138614,0.2,0.0,0.0,0.0,0.0,0.0
0,Family,Grandmother,50,0_0_1,0.6,0.65625,0.7241379310344828,0.8910891089108911,0.4883720930232558,0.17647058823529413,0.3,1.0,0.17647058823529413,0.17647058823529413
0,Family,Grandmother,50,0_1_0,0.8571428571428571,0.6451612903225806,0.5172413793103449,0.8366336633663366,0.47619047619047616,0.7058823529411765,0.8275862068965517,1.0,0.7058823529411765,0.7058823529411765
0,Family,Grandmother,50,1_0_0,1.0,0.35,0.21212121212121213,0.3564356435643564,0.21212121212121213,1.0,1.0,1.0,1.0,1.0
0,Family,Grandmother,50,1_1_1,0.9428571428571428,0.28820960698689957,0.17010309278350516,0.19306930693069307,0.1683673469387755,1.0,1.0,1.0,1.0,1.0
0,Family,Grandmother,55,0_0_0,0.17142857142857143,0.2926829268292683,1.0,0.8564356435643564,0.17142857142857143,0.0,0.0,0.0,0.0,0.0
0,Family,Grandmother,55,0_0_1,0.5142857142857142,0.6101694915254238,0.75,0.8861386138613861,0.43902439024390244,0.10526315789473684,0.19047619047619047,1.0,0.10526315789473684,0.10526315789473684
0,Family,Grandmother,55,0_1_0,0.7428571428571429,0.6190476190476191,0.5306122448979592,0.8415841584158416,0.4482758620689655,0.5263157894736842,0.6896551724137931,1.0,0.5263157894736842,0.5263157894736842
0,Family,Grandmother,55,1_0_0,1.0,0.3465346534653465,0.20958083832335328,0.3465346534653465,0.20958083832335328,1.0,1.0,1.0,1.0,1.0
0,Family,Grandmother,55,1_1_1,0.8857142857142857,0.27802690582959644,0.16489361702127658,0.20297029702970298,0.16145833333333334,0.9473684210526315,0.972972972972973,1.0,0.9473684210526315,0.9473684210526315
0,Family,Grandmother,60,0_0_0,0.2,0.3333333333333333,1.0,0.8613861386138614,0.2,0.0,0.0,0.0,0.0,0.0
0,Family,Grandmother,60,0_0_1,0.45714285714285713,0.5423728813559322,0.6666666666666666,0.8663366336633663,0.37209302325581395,0.09523809523809523,0.17391304347826086,1.0,0.09523809523809523,0.09523809523809523
0,Family,Grandmother,60,0_1_0,0.6857142857142857,0.5714285714285714,0.4897959183673469,0.8217821782178217,0.4,0.47619047619047616,0.6451612903225806,1.0,0.47619047619047616,0.47619047619047616
0,Family,Grandmother,60,1_0_0,1.0,0.35353535353535354,0.2147239263803681,0.36633663366336633,0.2147239263803681,1.0,1.0,1.0,1.0,1.0
0,Family,Grandmother,60,1_1_1,1.0,0.29914529914529914,0.17587939698492464,0.18811881188118812,0.17587939698492464,1.0,1.0,1.0,1.0,1.0
0,Family,Grandmother,65,0_0_0,0.0,0.0,0.0,0.8267326732673267,0.0,0.0,0.0,0.0,0.0,0.0
0,Family,Grandmother,65,0_0_1,0.42857142857142855,0.5555555555555556,0.7894736842105263,0.8811881188118812,0.38461538461538464,0.09090909090909091,0.16666666666666666,1.0,0.09090909090909091,0.09090909090909091
0,Family,Grandmother,65,0_1_0,0.8571428571428571,0.75,0.6666666666666666,0.900990099009901,0.6,0.7727272727272727,0.8717948717948718,1.0,0.7727272727272727,0.7727272727272727
0,Family,Grandmother,65,1_0_0,0.9714285714285714,0.4927536231884058,0.3300970873786408,0.6534653465346535,0.3269230769230769,0.9545454545454546,0.9767441860465116,1.0,0.9545454545454546,0.9545454545454546
0,Family,Grandmother,65,1_1_1,0.8285714285714286,0.25663716814159293,0.1518324607329843,0.16831683168316833,0.14720812182741116,0.9545454545454546,0.9767441860465116,1.0,0.9545454545454546,0.9545454545454546
0,Family,Grandmother,70,0_0_0,0.0,0.0,0.0,0.8267326732673267,0.0,0.0,0.0,0.0,0.0,0.0
0,Family,Grandmother,70,0_0_1,0.34285714285714286,0.4897959183673469,0.8571428571428571,0.8762376237623762,0.32432432432432434,0.041666666666666664,0.08,1.0,0.041666666666666664,0.041666666666666664
0,Family,Grandmother,70,0_1_0,0.8,0.6829268292682927,0.5957446808510638,0.8712871287128713,0.5185185185185185,0.7083333333333334,0.8292682926829268,1.0,0.7083333333333334,0.7083333333333334
0,Family,Grandmother,70,1_0_0,0.9142857142857143,0.460431654676259,0.3076923076923077,0.6287128712871287,0.29906542056074764,0.875,0.9333333333333333,1.0,0.875,0.875
0,Family,Grandmother,70,1_1_1,0.37142857142857144,0.16149068322981366,0.10317460317460317,0.3316831683168317,0.08783783783783784,0.4583333333333333,0.6285714285714286,1.0,0.4583333333333333,0.4583333333333333
0,Family,Grandmother,75,0_0_0,0.0,0.0,0.0,0.8267326732673267,0.0,0.0,0.0,0.0,0.0,0.0
0,Family,Grandmother,75,0_0_1,0.2857142857142857,0.425531914893617,0.8333333333333334,0.8663366336633663,0.2702702702702703,0.038461538461538464,0.07407407407407407,1.0,0.038461538461538464,0.038461538461538464
0,Family,Grandmother,75,0_1_0,0.8,0.6511627906976745,0.5490196078431373,0.8514851485148515,0.4827586206896552,0.7307692307692307,0.8444444444444444,1.0,0.7307692307692307,0.7307692307692307
0,Family,Grandmother,75,1_0_0,0.9142857142857143,0.4413793103448276,0.2909090909090909,0.599009900990099,0.2831858407079646,0.8846153846153846,0.9387755102040817,1.0,0.8846153846153846,0.8846153846153846
0,Family,Grandmother,75,1_1_1,0.45714285714285713,0.20253164556962025,0.13008130081300814,0.37623762376237624,0.11267605633802817,0.5769230769230769,0.7317073170731707,1.0,0.5769230769230769,0.5769230769230769
0,Family,Grandmother,80,0_0_0,0.0,0.0,0.0,0.8267326732673267,0.0,0.0,0.0,0.0,0.0,0.0
0,Family,Grandmother,80,0_0_1,0.22857142857142856,0.35555555555555557,0.8,0.8564356435643564,0.21621621621621623,0.03571428571428571,0.06896551724137931,1.0,0.03571428571428571,0.03571428571428571
0,Family,Grandmother,80,0_1_0,0.8285714285714286,0.7073170731707317,0.6170212765957447,0.8811881188118812,0.5471698113207547,0.7857142857142857,0.88,1.0,0.7857142857142857,0.7857142857142857
0,Family,Grandmother,80,1_0_0,0.8857142857142857,0.44285714285714284,0.29523809523809524,0.6138613861386139,0.28440366972477066,0.8571428571428571,0.9230769230769231,1.0,0.8571428571428571,0.8571428571428571
0,Family,Grandmother,80,1_1_1,0.45714285714285713,0.2,0.128,0.36633663366336633,0.1111111111111111,0.5,0.6666666666666666,1.0,0.5,0.5
0,Family,Grandson,0,0_0_0,0.0,0.0,0.0,0.7871287128712872,0.0,,,,,
0,Family,Grandson,0,0_0_1,1.0,0.9052631578947369,0.8269230769230769,0.9554455445544554,0.8269230769230769,,,,,
0,Family,Grandson,0,0_1_0,1.0,0.86,0.7543859649122807,0.9306930693069307,0.7543859649122807,,,,,
0,Family,Grandson,0,1_0_0,1.0,0.4174757281553398,0.26380368098159507,0.40594059405940597,0.26380368098159507,,,,,
0,Family,Grandson,0,1_1_1,0.5581395348837209,0.22535211267605634,0.1411764705882353,0.18316831683168316,0.12698412698412698,,,,,
0,Family,Grandson,5,0_0_0,0.0,0.0,0.0,0.7871287128712872,0.0,0.0,0.0,0.0,0.0,0.0
0,Family,Grandson,5,0_0_1,1.0,0.9347826086956522,0.8775510204081632,0.9702970297029703,0.8775510204081632,1.0,1.0,1.0,1.0,1.0
0,Family,Grandson,5,0_1_0,1.0,0.8686868686868687,0.7678571428571429,0.9356435643564357,0.7678571428571429,1.0,1.0,1.0,1.0,1.0
0,Family,Grandson,5,1_0_0,1.0,0.441025641025641,0.28289473684210525,0.4603960396039604,0.28289473684210525,1.0,1.0,1.0,1.0,1.0
0,Family,Grandson,5,1_1_1,0.5581395348837209,0.2318840579710145,0.14634146341463414,0.21287128712871287,0.13114754098360656,0.5,0.6666666666666666,1.0,0.5,0.5
0,Family,Grandson,10,0_0_0,0.0,0.0,0.0,0.7871287128712872,0.0,0.0,0.0,0.0,0.0,0.0
0,Family,Grandson,10,0_0_1,1.0,0.9347826086956522,0.8775510204081632,0.9702970297029703,0.8775510204081632,1.0,1.0,1.0,1.0,1.0
0,Family,Grandson,10,0_1_0,1.0,0.86,0.7543859649122807,0.9306930693069307,0.7543859649122807,1.0,1.0,1.0,1.0,1.0
0,Family,Grandson,10,1_0_0,1.0,0.4365482233502538,0.2792207792207792,0.4504950495049505,0.2792207792207792,1.0,1.0,1.0,1.0,1.0
0,Family,Grandson,10,1_1_1,0.4418604651162791,0.19895287958115182,0.12837837837837837,0.24257425742574257,0.11046511627906977,0.5,0.6666666666666666,1.0,0.5,0.5
0,Family,Grandson,15,0_0_0,0.0,0.0,0.0,0.7871287128712872,0.0,0.0,0.0,0.0,0.0,0.0
0,Family,Grandson,15,0_0_1,0.9767441860465116,0.9545454545454546,0.9333333333333333,0.9801980198019802,0.9130434782608695,0.8333333333333334,0.9090909090909091,1.0,0.8333333333333334,0.8333333333333334
0,Family,Grandson,15,0_1_0,0.9767441860465116,0.8571428571428571,0.7636363636363637,0.9306930693069307,0.75,0.8333333333333334,0.9090909090909091,1.0,0.8333333333333334,0.8333333333333334
0,Family,Grandson,15,1_0_0,1.0,0.45989304812834225,0.2986111111111111,0.5,0.2986111111111111,1.0,1.0,1.0,1.0,1.0
0,Family,Grandson,15,1_1_1,0.46511627906976744,0.21390374331550802,0.1388888888888889,0.2722772277227723,0.11976047904191617,0.6666666666666666,0.8,1.0,0.6666666666666666,0.6666666666666666
0,Family,Grandson,20,0_0_0,0.0,0.0,0.0,0.7871287128712872,0.0,0.0,0.0,0.0,0.0,0.0
0,Family,Grandson,20,0_0_1,0.9302325581395349,0.9302325581395349,0.9302325581395349,0.9702970297029703,0.8695652173913043,0.625,0.7692307692307693,1.0,0.625,0.625
0,Family,Grandson,20,0_1_0,0.9534883720930233,0.8723404255319149,0.803921568627451,0.9405940594059405,0.7735849056603774,0.75,0.8571428571428571,1.0,0.75,0.75
0,Family,Grandson,20,1_0_0,1.0,0.45989304812834225,0.2986111111111111,0.5,0.2986111111111111,1.0,1.0,1.0,1.0,1.0
0,Family,Grandson,20,1_1_1,0.627906976744186,0.2559241706161137,0.16071428571428573,0.22277227722772278,0.14673913043478262,0.875,0.9333333333333333,1.0,0.875,0.875
0,Family,Grandson,25,0_0_0,0.0,0.0,0.0,0.7871287128712872,0.0,0.0,0.0,0.0,0.0,0.0
0,Family,Grandson,25,0_0_1,0.8604651162790697,0.891566265060241,0.925,0.9554455445544554,0.8043478260869565,0.4,0.5714285714285714,1.0,0.4,0.4
0,Family,Grandson,25,0_1_0,0.8372093023255814,0.8470588235294118,0.8571428571428571,0.9356435643564357,0.7346938775510204,0.3,0.46153846153846156,1.0,0.3,0.3
0,Family,Grandson,25,1_0_0,1.0,0.524390243902439,0.35537190082644626,0.6138613861386139,0.35537190082644626,1.0,1.0,1.0,1.0,1.0
0,Family,Grandson,25,1_1_1,0.06976744186046512,0.05084745762711865,0.04,0.44554455445544555,0.02608695652173913,0.2,0.3333333333333333,1.0,0.2,0.2
0,Family,Grandson,30,0_0_0,0.0,0.0,0.0,0.7871287128712872,0.0,0.0,0.0,0.0,0.0,0.0
0,Family,Grandson,30,0_0_1,0.813953488372093,0.875,0.9459459459459459,0.9504950495049505,0.7777777777777778,0.3333333333333333,0.5,1.0,0.3333333333333333,0.3333333333333333
0,Family,Grandson,30,0_1_0,0.7906976744186046,0.85,0.918918918918919,0.9405940594059405,0.7391304347826086,0.25,0.4,1.0,0.25,0.25
0,Family,Grandson,30,1_0_0,1.0,0.5443037974683544,0.3739130434782609,0.6435643564356436,0.3739130434782609,1.0,1.0,1.0,1.0,1.0
0,Family,Grandson,30,1_1_1,0.18604651162790697,0.1095890410958904,0.07766990291262135,0.3564356435643564,0.057971014492753624,0.5,0.6666666666666666,1.0,0.5,0.5
0,Family,Grandson,35,0_0_0,0.0,0.0,0.0,0.7871287128712872,0.0,0.0,0.0,0.0,0.0,0.0
0,Family,Grandson,35,0_0_1,0.9069767441860465,0.9069767441860465,0.9069767441860465,0.9603960396039604,0.8297872340425532,0.7333333333333333,0.8461538461538461,1.0,0.7333333333333333,0.7333333333333333
0,Family,Grandson,35,0_1_0,0.7209302325581395,0.7560975609756098,0.7948717948717948,0.900990099009901,0.6078431372549019,0.2,0.3333333333333333,1.0,0.2,0.2
0,Family,Grandson,35,1_0_0,1.0,0.455026455026455,0.2945205479452055,0.4900990099009901,0.2945205479452055,1.0,1.0,1.0,1.0,1.0
0,Family,Grandson,35,1_1_1,0.5116279069767442,0.2682926829268293,0.18181818181818182,0.40594059405940597,0.15492957746478872,0.6666666666666666,0.8,1.0,0.6666666666666666,0.6666666666666666
0,Family,Grandson,40,0_0_0,0.0,0.0,0.0,0.7871287128712872,0.0,0.0,0.0,0.0,0.0,0.0
0,Family,Grandson,40,0_0_1,0.9302325581395349,0.9302325581395349,0.9302325581395349,0.9702970297029703,0.8695652173913043,0.8235294117647058,0.9032258064516129,1.0,0.8235294117647058,0.8235294117647058
0,Family,Grandson,40,0_1_0,0.7209302325581395,0.7654320987654321,0.8157894736842105,0.905940594059406,0.62,0.29411764705882354,0.45454545454545453,1.0,0.29411764705882354,0.29411764705882354
0,Family,Grandson,40,1_0_0,1.0,0.4236453201970443,0.26875,0.4207920792079208,0.26875,1.0,1.0,1.0,1.0,1.0
0,Family,Grandson,40,1_1_1,0.6511627906976745,0.27860696517412936,0.17721518987341772,0.28217821782178215,0.16184971098265896,0.9411764705882353,0.9696969696969697,1.0,0.9411764705882353,0.9411764705882353
0,Family,Grandson,45,0_0_0,0.0,0.0,0.0,0.7871287128712872,0.0,0.0,0.0,0.0,0.0,0.0
0,Family,Grandson,45,0_0_1,0.8372093023255814,0.8780487804878049,0.9230769230769231,0.9504950495049505,0.782608695652174,0.631578947368421,0.7741935483870968,1.0,0.631578947368421,0.631578947368421
0,Family,Grandson,45,0_1_0,0.6511627906976745,0.7272727272727273,0.8235294117647058,0.8960396039603961,0.5714285714285714,0.21052631578947367,0.34782608695652173,1.0,0.21052631578947367,0.21052631578947367
0,Family,Grandson,45,1_0_0,1.0,0.450261780104712,0.2905405405405405,0.4801980198019802,0.2905405405405405,1.0,1.0,1.0,1.0,1.0
0,Family,Grandson,45,1_1_1,0.627906976744186,0.27835051546391754,0.17880794701986755,0.3069306930693069,0.16167664670658682,0.9473684210526315,0.972972972972973,1.0,0.9473684210526315,0.9473684210526315
0,Family,Grandson,50,0_0_0,0.0,0.0,0.0,0.7871287128712872,0.0,0.0,0.0,0.0,0.0,0.0
0,Family,Grandson,50,0_0_1,0.6976744186046512,0.6741573033707865,0.6521739130434783,0.8564356435643564,0.5084745762711864,0.38095238095238093,0.5517241379310345,1.0,0.38095238095238093,0.38095238095238093
0,Family,Grandson,50,0_1_0,0.6976744186046512,0.6896551724137931,0.6818181818181818,0.8663366336633663,0.5263157894736842,0.38095238095238093,0.5517241379310345,1.0,0.38095238095238093,0.38095238095238093
0,Family,Grandson,50,1_0_0,1.0,0.4725274725274725,0.30935251798561153,0.5247524752475248,0.30935251798561153,1.0,1.0,1.0,1.0,1.0
0,Family,Grandson,50,1_1_1,0.37209302325581395,0.22535211267605634,0.16161616161616163,0.45544554455445546,0.12698412698412698,0.7619047619047619,0.8648648648648649,1.0,0.7619047619047619,0.7619047619047619
0,Family,Grandson,55,0_0_0,0.0,0.0,0.0,0.7871287128712872,0.0,0.0,0.0,0.0,0.0,0.0
0,Family,Grandson,55,0_0_1,0.6976744186046512,0.6818181818181818,0.6666666666666666,0.8613861386138614,0.5172413793103449,0.43478260869565216,0.6060606060606061,1.0,0.43478260869565216,0.43478260869565216
0,Family,Grandson,55,0_1_0,0.6046511627906976,0.6265060240963856,0.65,0.8465346534653465,0.45614035087719296,0.2608695652173913,0.41379310344827586,1.0,0.2608695652173913,0.2608695652173913
0,Family,Grandson,55,1_0_0,1.0,0.49710982658959535,0.33076923076923076,0.5693069306930693,0.33076923076923076,1.0,1.0,1.0,1.0,1.0
0,Family,Grandson,55,1_1_1,0.4418604651162791,0.25,0.1743119266055046,0.43564356435643564,0.14285714285714285,0.8260869565217391,0.9047619047619048,1.0,0.8260869565217391,0.8260869565217391
0,Family,Grandson,60,0_0_0,0.0,0.0,0.0,0.7871287128712872,0.0,0.0,0.0,0.0,0.0,0.0
0,Family,Grandson,60,0_0_1,0.6046511627906976,0.6265060240963856,0.65,0.8465346534653465,0.45614035087719296,0.32,0.48484848484848486,1.0,0.32,0.32
0,Family,Grandson,60,0_1_0,0.5581395348837209,0.5853658536585366,0.6153846153846154,0.8316831683168316,0.41379310344827586,0.24,0.3870967741935484,1.0,0.24,0.24
0,Family,Grandson,60,1_0_0,1.0,0.49142857142857144,0.32575757575757575,0.5594059405940595,0.32575757575757575,1.0,1.0,1.0,1.0,1.0
0,Family,Grandson,60,1_1_1,0.4883720930232558,0.2781456953642384,0.19444444444444445,0.4603960396039604,0.16153846153846155,0.84,0.9130434782608695,1.0,0.84,0.84
0,Family,Grandson,65,0_0_0,0.0,0.0,0.0,0.7871287128712872,0.0,0.0,0.0,0.0,0.0,0.0
0,Family,Grandson,65,0_0_1,0.6046511627906976,0.6341463414634146,0.6666666666666666,0.8514851485148515,0.4642857142857143,0.37037037037037035,0.5405405405405406,1.0,0.37037037037037035,0.37037037037037035
0,Family,Grandson,65,0_1_0,0.5581395348837209,0.5853658536585366,0.6153846153846154,0.8316831683168316,0.41379310344827586,0.2962962962962963,0.45714285714285713,1.0,0.2962962962962963,0.2962962962962963
0,Family,Grandson,65,1_0_0,1.0,0.4942528735632184,0.3282442748091603,0.5643564356435643,0.3282442748091603,1.0,1.0,1.0,1.0,1.0
0,Family,Grandson,65,1_1_1,0.4883720930232558,0.2641509433962264,0.1810344827586207,0.4207920792079208,0.15217391304347827,0.7777777777777778,0.875,1.0,0.7777777777777778,0.7777777777777778
0,Family,Grandson,70,0_0_0,0.0,0.0,0.0,0.7871287128712872,0.0,0.0,0.0,0.0,0.0,0.0
0,Family,Grandson,70,0_0_1,0.5348837209302325,0.6052631578947368,0.696969696969697,0.8514851485148515,0.4339622641509434,0.3333333333333333,0.5,1.0,0.3333333333333333,0.3333333333333333
0,Family,Grandson,70,0_1_0,0.4883720930232558,0.5185185185185185,0.5526315789473685,0.806930693069307,0.35,0.26666666666666666,0.42105263157894735,1.0,0.26666666666666666,0.26666666666666666
0,Family,Grandson,70,1_0_0,1.0,0.5212121212121212,0.3524590163934426,0.6089108910891089,0.3524590163934426,1.0,1.0,1.0,1.0,1.0
0,Family,Grandson,70,1_1_1,0.5348837209302325,0.2857142857142857,0.19491525423728814,0.4306930693069307,0.16666666666666666,0.7333333333333333,0.8461538461538461,1.0,0.7333333333333333,0.7333333333333333
0,Family,Grandson,75,0_0_0,0.046511627906976744,0.08888888888888889,1.0,0.7970297029702971,0.046511627906976744,0.0,0.0,0.0,0.0,0.0
0,Family,Grandson,75,0_0_1,0.5348837209302325,0.575,0.6216216216216216,0.8316831683168316,0.40350877192982454,0.375,0.5454545454545454,1.0,0.375,0.375
0,Family,Grandson,75,0_1_0,0.4883720930232558,0.5526315789473685,0.6363636363636364,0.8316831683168316,0.38181818181818183,0.3125,0.47619047619047616,1.0,0.3125,0.3125
0,Family,Grandson,75,1_0_0,1.0,0.5119047619047619,0.344,0.594059405940594,0.344,1.0,1.0,1.0,1.0,1.0
0,Family,Grandson,75,1_1_1,0.6744186046511628,0.3020833333333333,0.19463087248322147,0.33663366336633666,0.17791411042944785,0.84375,0.9152542372881356,1.0,0.84375,0.84375
0,Family,Grandson,80,0_0_0,0.11627906976744186,0.20833333333333334,1.0,0.8118811881188119,0.11627906976744186,0.0,0.0,0.0,0.0,0.0
0,Family,Grandson,80,0_0_1,0.5116279069767442,0.5641025641025641,0.6285714285714286,0.8316831683168316,0.39285714285714285,0.38235294117647056,0.5531914893617021,1.0,0.38235294117647056,0.38235294117647056
0,Family,Grandson,80,0_1_0,0.4186046511627907,0.4675324675324675,0.5294117647058824,0.7970297029702971,0.3050847457627119,0.2647058823529412,0.4186046511627907,1.0,0.2647058823529412,0.2647058823529412
0,Family,Grandson,80,1_0_0,1.0,0.5119047619047619,0.344,0.594059405940594,0.344,1.0,1.0,1.0,1.0,1.0
0,Family,Grandson,80,1_1_1,0.6511627906976745,0.3128491620111732,0.20588235294117646,0.3910891089108911,0.18543046357615894,0.8235294117647058,0.9032258064516129,1.0,0.8235294117647058,0.8235294117647058
0,Family,Mother,0,0_0_0,0.9833333333333333,0.9915966386554622,1.0,0.995049504950495,0.9833333333333333,,,,,
0,Family,Mother,0,0_0_1,1.0,0.821917808219178,0.6976744186046512,0.8712871287128713,0.6976744186046512,,,,,
0,Family,Mother,0,0_1_0,1.0,0.7547169811320755,0.6060606060606061,0.806930693069307,0.6060606060606061,,,,,
0,Family,Mother,0,1_0_0,1.0,0.46153846153846156,0.3,0.3069306930693069,0.3,,,,,
0,Family,Mother,0,1_1_1,0.75,0.391304347826087,0.2647058823529412,0.3069306930693069,0.24324324324324326,,,,,
0,Family,Mother,5,0_0_0,0.95,0.9743589743589743,1.0,0.9851485148514851,0.95,0.0,0.0,0.0,0.0,0.0
0,Family,Mother,5,0_0_1,0.9833333333333333,0.8489208633093526,0.7468354430379747,0.8960396039603961,0.7375,0.6666666666666666,0.8,1.0,0.6666666666666666,0.6666666666666666
0,Family,Mother,5,0_1_0,1.0,0.8,0.6666666666666666,0.8514851485148515,0.6666666666666666,1.0,1.0,1.0,1.0,1.0
0,Family,Mother,5,1_0_0,1.0,0.47619047619047616,0.3125,0.3465346534653465,0.3125,1.0,1.0,1.0,1.0,1.0
0,Family,Mother,5,1_1_1,0.38333333333333336,0.2893081761006289,0.23232323232323232,0.4405940594059406,0.16911764705882354,1.0,1.0,1.0,1.0,1.0
0,Family,Mother,10,0_0_0,0.8833333333333333,0.9380530973451328,1.0,0.9653465346534653,0.8833333333333333,0.0,0.0,0.0,0.0,0.0
0,Family,Mother,10,0_0_1,0.9166666666666666,0.9016393442622951,0.8870967741935484,0.9405940594059405,0.8208955223880597,0.16666666666666666,0.2857142857142857,1.0,0.16666666666666666,0.16666666666666666
0,Family,Mother,10,0_1_0,0.9833333333333333,0.8194444444444444,0.7023809523809523,0.8712871287128713,0.6941176470588235,0.8333333333333334,0.9090909090909091,1.0,0.8333333333333334,0.8333333333333334
0,Family,Mother,10,1_0_0,1.0,0.5128205128205128,0.3448275862068966,0.43564356435643564,0.3448275862068966,1.0,1.0,1.0,1.0,1.0
0,Family,Mother,10,1_1_1,0.23333333333333334,0.21212121212121213,0.19444444444444445,0.48514851485148514,0.11864406779661017,0.6666666666666666,0.8,1.0,0.6666666666666666,0.6666666666666666
0,Family,Mother,15,0_0_0,0.85,0.918918918918919,1.0,0.9554455445544554,0.85,0.0,0.0,0.0,0.0,0.0
0,Family,Mother,15,0_0_1,0.8666666666666667,0.8739495798319328,0.8813559322033898,0.9257425742574258,0.7761194029850746,0.1111111111111111,0.2,1.0,0.1111111111111111,0.1111111111111111
0,Family,Mother,15,0_1_0,0.9833333333333333,0.8027210884353742,0.6781609195402298,0.8564356435643564,0.6704545454545454,0.8888888888888888,0.9411764705882353,1.0,0.8888888888888888,0.8888888888888888
0,Family,Mother,15,1_0_0,1.0,0.5194805194805194,0.3508771929824561,0.4504950495049505,0.3508771929824561,1.0,1.0,1.0,1.0,1.0
0,Family,Mother,15,1_1_1,0.25,0.21428571428571427,0.1875,0.45544554455445546,0.12,0.5555555555555556,0.7142857142857143,1.0,0.5555555555555556,0.5555555555555556
0,Family,Mother,20,0_0_0,0.8,0.8888888888888888,1.0,0.9405940594059405,0.8,0.0,0.0,0.0,0.0,0.0
0,Family,Mother,20,0_0_1,0.8166666666666667,0.8448275862068966,0.875,0.9108910891089109,0.7313432835820896,0.08333333333333333,0.15384615384615385,1.0,0.08333333333333333,0.08333333333333333
0,Family,Mother,20,0_1_0,0.9666666666666667,0.8055555555555556,0.6904761904761905,0.8613861386138614,0.6744186046511628,0.8333333333333334,0.9090909090909091,1.0,0.8333333333333334,0.8333333333333334
0,Family,Mother,20,1_0_0,1.0,0.5263157894736842,0.35714285714285715,0.46534653465346537,0.35714285714285715,1.0,1.0,1.0,1.0,1.0
0,Family,Mother,20,1_1_1,0.23333333333333334,0.2222222222222222,0.21212121212121213,0.5148514851485149,0.125,0.5833333333333334,0.7368421052631579,1.0,0.5833333333333334,0.5833333333333334
0,Family,Mother,25,0_0_0,0.75,0.8571428571428571,1.0,0.9257425742574258,0.75,0.0,0.0,0.0,0.0,0.0
0,Family,Mother,25,0_0_1,0.8333333333333334,0.7936507936507936,0.7575757575757576,0.8712871287128713,0.6578947368421053,0.3333333333333333,0.5,1.0,0.3333333333333333,0.3333333333333333
0,Family,Mother,25,0_1_0,0.9333333333333333,0.835820895522388,0.7567567567567568,0.8910891089108911,0.717948717948718,0.7333333333333333,0.8461538461538461,1.0,0.7333333333333333,0.7333333333333333
0,Family,Mother,25,1_0_0,1.0,0.5555555555555556,0.38461538461538464,0.5247524752475248,0.38461538461538464,1.0,1.0,1.0,1.0,1.0
0,Family,Mother,25,1_1_1,0.31666666666666665,0.2345679012345679,0.18627450980392157,0.38613861386138615,0.13286713286713286,0.4666666666666667,0.6363636363636364,1.0,0.4666666666666667,0.4666666666666667
0,Family,Mother,30,0_0_0,0.7,0.8235294117647058,1.0,0.9108910891089109,0.7,0.0,0.0,0.0,0.0,0.0
0,Family,Mother,30,0_0_1,0.75,0.7964601769911505,0.8490566037735849,0.8861386138613861,0.6617647058823529,0.16666666666666666,0.2857142857142857,1.0,0.16666666666666666,0.16666666666666666
0,Family,Mother,30,0_1_0,0.8666666666666667,0.7819548872180451,0.7123287671232876,0.8564356435643564,0.6419753086419753,0.5555555555555556,0.7142857142857143,1.0,0.5555555555555556,0.5555555555555556
0,Family,Mother,30,1_0_0,1.0,0.4979253112033195,0.3314917127071823,0.400990099009901,0.3314917127071823,1.0,1.0,1.0,1.0,1.0
0,Family,Mother,30,1_1_1,0.18333333333333332,0.1732283464566929,0.16417910447761194,0.4801980198019802,0.09482758620689655,0.2777777777777778,0.43478260869565216,1.0,0.2777777777777778,0.2777777777777778
0,Family,Mother,35,0_0_0,0.65,0.7878787878787878,1.0,0.8960396039603961,0.65,0.0,0.0,0.0,0.0,0.0
0,Family,Mother,35,0_0_1,0.7333333333333333,0.8148148148148148,0.9166666666666666,0.900990099009901,0.6875,0.23809523809523808,0.38461538461538464,1.0,0.23809523809523808,0.23809523809523808
0,Family,Mother,35,0_1_0,1.0,0.7843137254901961,0.6451612903225806,0.8366336633663366,0.6451612903225806,1.0,1.0,1.0,1.0,1.0
0,Family,Mother,35,1_0_0,1.0,0.6153846153846154,0.4444444444444444,0.6287128712871287,0.4444444444444444,1.0,1.0,1.0,1.0,1.0
0,Family,Mother,35,1_1_1,0.55,0.308411214953271,0.21428571428571427,0.26732673267326734,0.18232044198895028,0.8095238095238095,0.8947368421052632,1.0,0.8095238095238095,0.8095238095238095
0,Family,Mother,40,0_0_0,0.5833333333333334,0.7368421052631579,1.0,0.8762376237623762,0.5833333333333334,0.0,0.0,0.0,0.0,0.0
0,Family,Mother,40,0_0_1,0.8,0.8571428571428571,0.9230769230769231,0.9207920792079208,0.75,0.5,0.6666666666666666,1.0,0.5,0.5
0,Family,Mother,40,0_1_0,0.95,0.8321167883211679,0.7402597402597403,0.8861386138613861,0.7125,0.875,0.9333333333333333,1.0,0.875,0.875
0,Family,Mother,40,1_0_0,0.9833333333333333,0.5673076923076923,0.39864864864864863,0.5544554455445545,0.3959731543624161,0.9583333333333334,0.9787234042553191,1.0,0.9583333333333334,0.9583333333333334
0,Family,Mother,40,1_1_1,0.05,0.05309734513274336,0.05660377358490566,0.47029702970297027,0.02727272727272727,0.125,0.2222222222222222,1.0,0.125,0.125
0,Family,Mother,45,0_0_0,0.5333333333333333,0.6956521739130435,1.0,0.8613861386138614,0.5333333333333333,0.0,0.0,0.0,0.0,0.0
0,Family,Mother,45,0_0_1,0.7333333333333333,0.8073394495412844,0.8979591836734694,0.8960396039603961,0.676923076923077,0.4074074074074074,0.5789473684210527,1.0,0.4074074074074074,0.4074074074074074
0,Family,Mother,45,0_1_0,0.9166666666666666,0.8208955223880597,0.7432432432432432,0.8811881188118812,0.6962025316455697,0.8148148148148148,0.8979591836734694,1.0,0.8148148148148148,0.8148148148148148
0,Family,Mother,45,1_0_0,0.9833333333333333,0.5566037735849056,0.3881578947368421,0.5346534653465347,0.38562091503267976,0.9629629629629629,0.9811320754716981,1.0,0.9629629629629629,0.9629629629629629
0,Family,Mother,45,1_1_1,0.08333333333333333,0.08695652173913043,0.09090909090909091,0.4801980198019802,0.045454545454545456,0.18518518518518517,0.3125,1.0,0.18518518518518517,0.18518518518518517
0,Family,Mother,50,0_0_0,0.48333333333333334,0.651685393258427,1.0,0.8465346534653465,0.48333333333333334,0.0,0.0,0.0,0.0,0.0
0,Family,Mother,50,0_0_1,0.7166666666666667,0.8113207547169812,0.9347826086956522,0.900990099009901,0.6825396825396826,0.43333333333333335,0.6046511627906976,1.0,0.43333333333333335,0.43333333333333335
0,Family,Mother,50,0_1_0,0.9333333333333333,0.8484848484848485,0.7777777777777778,0.900990099009901,0.7368421052631579,0.8666666666666667,0.9285714285714286,1.0,0.8666666666666667,0.8666666666666667
0,Family,Mother,50,1_0_0,0.9666666666666667,0.5576923076923077,0.3918918918918919,0.5445544554455446,0.38666666666666666,0.9333333333333333,0.9655172413793104,1.0,0.9333333333333333,0.9333333333333333
0,Family,Mother,50,1_1_1,0.06666666666666667,0.06722689075630252,0.06779661016949153,0.4504950495049505,0.034782608695652174,0.13333333333333333,0.23529411764705882,1.0,0.13333333333333333,0.13333333333333333
0,Family,Mother,55,0_0_0,0.36666666666666664,0.5365853658536586,1.0,0.8118811881188119,0.36666666666666664,0.0,0.0,0.0,0.0,0.0
0,Family,Mother,55,0_0_1,0.7,0.8076923076923077,0.9545454545454546,0.900990099009901,0.6774193548387096,0.45454545454545453,0.625,1.0,0.45454545454545453,0.45454545454545453
0,Family,Mother,55,0_1_0,0.8833333333333333,0.8617886178861789,0.8412698412698413,0.9158415841584159,0.7571428571428571,0.7878787878787878,0.8813559322033898,1.0,0.7878787878787878,0.7878787878787878
0,Family,Mother,55,1_0_0,0.9833333333333333,0.6020408163265306,0.4338235294117647,0.6138613861386139,0.4306569343065693,0.9696969696969697,0.9846153846153847,1.0,0.9696969696969697,0.9696969696969697
0,Family,Mother,55,1_1_1,0.3333333333333333,0.23255813953488372,0.17857142857142858,0.3465346534653465,0.13157894736842105,0.5454545454545454,0.7058823529411765,1.0,0.5454545454545454,0.5454545454545454
0,Family,Mother,60,0_0_0,0.2,0.3333333333333333,1.0,0.7623762376237624,0.2,0.0,0.0,0.0,0.0,0.0
0,Family,Mother,60,0_0_1,0.45,0.6206896551724138,1.0,0.8366336633663366,0.45,0.08333333333333333,0.15384615384615385,1.0,0.08333333333333333,0.08333333333333333
0,Family,Mother,60,0_1_0,0.65,0.7155963302752294,0.7959183673469388,0.8465346534653465,0.5571428571428572,0.4166666666666667,0.5882352941176471,1.0,0.4166666666666667,0.4166666666666667
0,Family,Mother,60,1_0_0,0.9833333333333333,0.5592417061611374,0.39072847682119205,0.5396039603960396,0.3881578947368421,0.9722222222222222,0.9859154929577465,1.0,0.9722222222222222,0.9722222222222222
0,Family,Mother,60,1_1_1,0.7833333333333333,0.3868312757201646,0.2568306010928962,0.2623762376237624,0.23979591836734693,0.9722222222222222,0.9859154929577465,1.0,0.9722222222222222,0.9722222222222222
0,Family,Mother,65,0_0_0,0.35,0.5185185185185185,1.0,0.806930693069307,0.35,0.0,0.0,0.0,0.0,0.0
0,Family,Mother,65,0_0_1,0.38333333333333336,0.5348837209302325,0.8846153846153846,0.801980198019802,0.36507936507936506,0.05128205128205128,0.0975609756097561,1.0,0.05128205128205128,0.05128205128205128
0,Family,Mother,65,0_1_0,0.6,0.6792452830188679,0.782608695652174,0.8316831683168316,0.5142857142857142,0.38461538461538464,0.5555555555555556,1.0,0.38461538461538464,0.38461538461538464
0,Family,Mother,65,1_0_0,0.9833333333333333,0.5728155339805825,0.4041095890410959,0.5643564356435643,0.4013605442176871,0.9743589743589743,0.987012987012987,1.0,0.9743589743589743,0.9743589743589743
0,Family,Mother,65,1_1_1,0.7,0.3684210526315789,0.25,0.2871287128712871,0.22580645161290322,0.9230769230769231,0.96,1.0,0.9230769230769231,0.9230769230769231
0,Family,Mother,70,0_0_0,0.3,0.46153846153846156,1.0,0.7920792079207921,0.3,0.0,0.0,0.0,0.0,0.0
0,Family,Mother,70,0_0_1,0.3,0.46153846153846156,1.0,0.7920792079207921,0.3,0.0,0.0,0.0,0.0,0.0
0,Family,Mother,70,0_1_0,0.55,0.6055045871559633,0.673469387755102,0.7871287128712872,0.4342105263157895,0.35714285714285715,0.5263157894736842,1.0,0.35714285714285715,0.35714285714285715
0,Family,Mother,70,1_0_0,0.9,0.5966850828729282,0.4462809917355372,0.6386138613861386,0.4251968503937008,0.8571428571428571,0.9230769230769231,1.0,0.8571428571428571,0.8571428571428571
0,Family,Mother,70,1_1_1,0.25,0.19607843137254902,0.16129032258064516,0.3910891089108911,0.10869565217391304,0.35714285714285715,0.5263157894736842,1.0,0.35714285714285715,0.35714285714285715
0,Family,Mother,75,0_0_0,0.25,0.4,1.0,0.7772277227722773,0.25,0.0,0.0,0.0,0.0,0.0
0,Family,Mother,75,0_0_1,0.25,0.4,1.0,0.7772277227722773,0.25,0.0,0.0,0.0,0.0,0.0
0,Family,Mother,75,0_1_0,0.6,0.631578947368421,0.6666666666666666,0.7920792079207921,0.46153846153846156,0.4666666666666667,0.6363636363636364,1.0,0.4666666666666667,0.4666666666666667
0,Family,Mother,75,1_0_0,0.8833333333333333,0.572972972972973,0.424,0.6089108910891089,0.4015151515151515,0.8444444444444444,0.9156626506024096,1.0,0.8444444444444444,0.8444444444444444
0,Family,Mother,75,1_1_1,0.2833333333333333,0.2125,0.17,0.37623762376237624,0.11888111888111888,0.37777777777777777,0.5483870967741935,1.0,0.37777777777777777,0.37777777777777777
0,Family,Mother,80,0_0_0,0.15,0.2608695652173913,1.0,0.7475247524752475,0.15,0.0,0.0,0.0,0.0,0.0
0,Family,Mother,80,0_0_1,0.21666666666666667,0.3561643835616438,1.0,0.7673267326732673,0.21666666666666667,0.020833333333333332,0.04081632653061224,1.0,0.020833333333333332,0.020833333333333332
0,Family,Mother,80,0_1_0,0.5333333333333333,0.5925925925925926,0.6666666666666666,0.7821782178217822,0.42105263157894735,0.4166666666666667,0.5882352941176471,1.0,0.4166666666666667,0.4166666666666667
0,Family,Mother,80,1_0_0,0.9,0.5684210526315789,0.4153846153846154,0.594059405940594,0.39705882352941174,0.875,0.9333333333333333,1.0,0.875,0.875
0,Family,Mother,80,1_1_1,0.21666666666666667,0.18439716312056736,0.16049382716049382,0.4306930693069307,0.1015625,0.2708333333333333,0.4262295081967213,1.0,0.2708333333333333,0.2708333333333333
0,Family,Sister,0,0_0_0,0.5476190476190477,0.7076923076923077,1.0,0.905940594059406,0.5476190476190477,,,,,
0,Family,Sister,0,0_0_1,1.0,0.8842105263157894,0.7924528301886793,0.9455445544554455,0.7924528301886793,,,,,
0,Family,Sister,0,0_1_0,1.0,0.8235294117647058,0.7,0.9108910891089109,0.7,,,,,
0,Family,Sister,0,1_0_0,1.0,0.417910447761194,0.2641509433962264,0.4207920792079208,0.2641509433962264,,,,,
0,Family,Sister,0,1_1_1,0.0,0.0,0.0,0.7673267326732673,0.0,,,,,
0,Family,Sister,5,0_0_0,0.5714285714285714,0.7272727272727273,1.0,0.9108910891089109,0.5714285714285714,0.0,0.0,0.0,0.0,0.0
0,Family,Sister,5,0_0_1,0.9761904761904762,0.8631578947368421,0.7735849056603774,0.9356435643564357,0.7592592592592593,0.5,0.6666666666666666,1.0,0.5,0.5
0,Family,Sister,5,0_1_0,0.9761904761904762,0.82,0.7068965517241379,0.9108910891089109,0.6949152542372882,0.5,0.6666666666666666,1.0,0.5,0.5
0,Family,Sister,5,1_0_0,1.0,0.42,0.26582278481012656,0.42574257425742573,0.26582278481012656,1.0,1.0,1.0,1.0,1.0
0,Family,Sister,5,1_1_1,0.0,0.0,0.0,0.7475247524752475,0.0,0.0,0.0,0.0,0.0,0.0
0,Family,Sister,10,0_0_0,0.5238095238095238,0.6875,1.0,0.900990099009901,0.5238095238095238,0.0,0.0,0.0,0.0,0.0
0,Family,Sister,10,0_0_1,0.9523809523809523,0.851063829787234,0.7692307692307693,0.9306930693069307,0.7407407407407407,0.5,0.6666666666666666,1.0,0.5,0.5
0,Family,Sister,10,0_1_0,0.9761904761904762,0.8118811881188119,0.6949152542372882,0.905940594059406,0.6833333333333333,0.75,0.8571428571428571,1.0,0.75,0.75
0,Family,Sister,10,1_0_0,1.0,0.4158415841584158,0.2625,0.4158415841584158,0.2625,1.0,1.0,1.0,1.0,1.0
0,Family,Sister,10,1_1_1,0.0,0.0,0.0,0.7178217821782178,0.0,0.0,0.0,0.0,0.0,0.0
0,Family,Sister,15,0_0_0,0.4523809523809524,0.6229508196721312,1.0,0.8861386138613861,0.4523809523809524,0.0,0.0,0.0,0.0,0.0
0,Family,Sister,15,0_0_1,0.9523809523809523,0.8888888888888888,0.8333333333333334,0.9504950495049505,0.8,0.6666666666666666,0.8,1.0,0.6666666666666666,0.6666666666666666
0,Family,Sister,15,0_1_0,0.9761904761904762,0.8282828282828283,0.7192982456140351,0.9158415841584159,0.7068965517241379,0.8333333333333334,0.9090909090909091,1.0,0.8333333333333334,0.8333333333333334
0,Family,Sister,15,1_0_0,1.0,0.43523316062176165,0.2781456953642384,0.4603960396039604,0.2781456953642384,1.0,1.0,1.0,1.0,1.0
0,Family,Sister,15,1_1_1,0.0,0.0,0.0,0.7376237623762376,0.0,0.0,0.0,0.0,0.0,0.0
0,Family,Sister,20,0_0_0,0.35714285714285715,0.5263157894736842,1.0,0.8663366336633663,0.35714285714285715,0.0,0.0,0.0,0.0,0.0
0,Family,Sister,20,0_0_1,0.9523809523809523,0.8695652173913043,0.8,0.9405940594059405,0.7692307692307693,0.75,0.8571428571428571,1.0,0.75,0.75
0,Family,Sister,20,0_1_0,0.9523809523809523,0.8080808080808081,0.7017543859649122,0.905940594059406,0.6779661016949152,0.75,0.8571428571428571,1.0,0.75,0.75
0,Family,Sister,20,1_0_0,1.0,0.4397905759162304,0.28187919463087246,0.47029702970297027,0.28187919463087246,1.0,1.0,1.0,1.0,1.0
0,Family,Sister,20,1_1_1,0.0,0.0,0.0,0.7376237623762376,0.0,0.0,0.0,0.0,0.0,0.0
0,Family,Sister,25,0_0_0,0.38095238095238093,0.5517241379310345,1.0,0.8712871287128713,0.38095238095238093,0.0,0.0,0.0,0.0,0.0
0,Family,Sister,25,0_0_1,0.9285714285714286,0.896551724137931,0.8666666666666667,0.9554455445544554,0.8125,0.7,0.8235294117647058,1.0,0.7,0.7
0,Family,Sister,25,0_1_0,0.9285714285714286,0.7959183673469388,0.6964285714285714,0.900990099009901,0.6610169491525424,0.7,0.8235294117647058,1.0,0.7,0.7
0,Family,Sister,25,1_0_0,1.0,0.46153846153846156,0.3,0.5148514851485149,0.3,1.0,1.0,1.0,1.0,1.0
0,Family,Sister,25,1_1_1,0.023809523809523808,0.038461538461538464,0.1,0.7524752475247525,0.0196078431372549,0.1,0.18181818181818182,1.0,0.1,0.1
0,Family,Sister,30,0_0_0,0.35714285714285715,0.5263157894736842,1.0,0.8663366336633663,0.35714285714285715,0.0,0.0,0.0,0.0,0.0
0,Family,Sister,30,0_0_1,0.9047619047619048,0.8636363636363636,0.8260869565217391,0.9405940594059405,0.76,0.6666666666666666,0.8,1.0,0.6666666666666666,0.6666666666666666
0,Family,Sister,30,0_1_0,0.9047619047619048,0.8,0.7169811320754716,0.905940594059406,0.6666666666666666,0.6666666666666666,0.8,1.0,0.6666666666666666,0.6666666666666666
0,Family,Sister,30,1_0_0,1.0,0.48554913294797686,0.32061068702290074,0.5594059405940595,0.32061068702290074,1.0,1.0,1.0,1.0,1.0
0,Family,Sister,30,1_1_1,0.047619047619047616,0.06349206349206349,0.09523809523809523,0.7079207920792079,0.03278688524590164,0.16666666666666666,0.2857142857142857,1.0,0.16666666666666666,0.16666666666666666
0,Family,Sister,35,0_0_0,0.3333333333333333,0.5,1.0,0.8613861386138614,0.3333333333333333,0.0,0.0,0.0,0.0,0.0
0,Family,Sister,35,0_0_1,0.8571428571428571,0.8275862068965517,0.8,0.9257425742574258,0.7058823529411765,0.5714285714285714,0.7272727272727273,1.0,0.5714285714285714,0.5714285714285714
0,Family,Sister,35,0_1_0,0.8809523809523809,0.8043478260869565,0.74,0.9108910891089109,0.6727272727272727,0.6428571428571429,0.782608695652174,1.0,0.6428571428571429,0.6428571428571429
0,Family,Sister,35,1_0_0,1.0,0.4970414201183432,0.33070866141732286,0.5792079207920792,0.33070866141732286,1.0,1.0,1.0,1.0,1.0
0,Family,Sister,35,1_1_1,0.11904761904761904,0.12987012987012986,0.14285714285714285,0.6683168316831684,0.06944444444444445,0.35714285714285715,0.5263157894736842,1.0,0.35714285714285715,0.35714285714285715
0,Family,Sister,40,0_0_0,0.30952380952380953,0.4727272727272727,1.0,0.8564356435643564,0.30952380952380953,0.0,0.0,0.0,0.0,0.0
0,Family,Sister,40,0_0_1,0.7619047619047619,0.7804878048780488,0.8,0.9108910891089109,0.64,0.375,0.5454545454545454,1.0,0.375,0.375
0,Family,Sister,40,0_1_0,0.8809523809523809,0.8043478260869565,0.74,0.9108910891089109,0.6727272727272727,0.6875,0.8148148148148148,1.0,0.6875,0.6875
0,Family,Sister,40,1_0_0,1.0,0.49411764705882355,0.328125,0.5742574257425742,0.328125,1.0,1.0,1.0,1.0,1.0
0,Family,Sister,40,1_1_1,0.07142857142857142,0.09836065573770492,0.15789473684210525,0.7277227722772277,0.05172413793103448,0.125,0.2222222222222222,1.0,0.125,0.125
0,Family,Sister,45,0_0_0,0.30952380952380953,0.4727272727272727,1.0,0.8564356435643564,0.30952380952380953,0.0,0.0,0.0,0.0,0.0
0,Family,Sister,45,0_0_1,0.7380952380952381,0.8051948051948052,0.8857142857142857,0.9257425742574258,0.6739130434782609,0.3888888888888889,0.56,1.0,0.3888888888888889,0.3888888888888889
0,Family,Sister,45,0_1_0,0.8333333333333334,0.7865168539325843,0.7446808510638298,0.905940594059406,0.6481481481481481,0.6111111111111112,0.7586206896551724,1.0,0.6111111111111112,0.6111111111111112
0,Family,Sister,45,1_0_0,1.0,0.4970414201183432,0.33070866141732286,0.5792079207920792,0.33070866141732286,1.0,1.0,1.0,1.0,1.0
0,Family,Sister,45,1_1_1,0.07142857142857142,0.0967741935483871,0.15,0.7227722772277227,0.05084745762711865,0.1111111111111111,0.2,1.0,0.1111111111111111,0.1111111111111111
0,Family,Sister,50,0_0_0,0.047619047619047616,0.09090909090909091,1.0,0.801980198019802,0.047619047619047616,0.0,0.0,0.0,0.0,0.0
0,Family,Sister,50,0_0_1,0.5952380952380952,0.6944444444444444,0.8333333333333334,0.8910891089108911,0.5319148936170213,0.19047619047619047,0.32,1.0,0.19047619047619047,0.19047619047619047
0,Family,Sister,50,0_1_0,0.5714285714285714,0.6857142857142857,0.8571428571428571,0.8910891089108911,0.5217391304347826,0.14285714285714285,0.25,1.0,0.14285714285714285,0.14285714285714285
0,Family,Sister,50,1_0_0,1.0,0.45161290322580644,0.2916666666666667,0.49504950495049505,0.2916666666666667,1.0,1.0,1.0,1.0,1.0
0,Family,Sister,50,1_1_1,0.40476190476190477,0.20118343195266272,0.13385826771653545,0.3316831683168317,0.1118421052631579,0.6666666666666666,0.8,1.0,0.6666666666666666,0.6666666666666666
0,Family,Sister,55,0_0_0,0.023809523809523808,0.046511627906976744,1.0,0.7970297029702971,0.023809523809523808,0.0,0.0,0.0,0.0,0.0
0,Family,Sister,55,0_0_1,0.5714285714285714,0.676056338028169,0.8275862068965517,0.8861386138613861,0.5106382978723404,0.21739130434782608,0.35714285714285715,1.0,0.21739130434782608,0.21739130434782608
0,Family,Sister,55,0_1_0,0.5238095238095238,0.6567164179104478,0.88,0.8861386138613861,0.4888888888888889,0.13043478260869565,0.23076923076923078,1.0,0.13043478260869565,0.13043478260869565
0,Family,Sister,55,1_0_0,1.0,0.4444444444444444,0.2857142857142857,0.4801980198019802,0.2857142857142857,1.0,1.0,1.0,1.0,1.0
0,Family,Sister,55,1_1_1,0.35714285714285715,0.18518518518518517,0.125,0.3465346534653465,0.10204081632653061,0.5652173913043478,0.7222222222222222,1.0,0.5652173913043478,0.5652173913043478
0,Family,Sister,60,0_0_0,0.09523809523809523,0.17391304347826086,1.0,0.8118811881188119,0.09523809523809523,0.0,0.0,0.0,0.0,0.0
0,Family,Sister,60,0_0_1,0.47619047619047616,0.625,0.9090909090909091,0.8811881188118812,0.45454545454545453,0.12,0.21428571428571427,1.0,0.12,0.12
0,Family,Sister,60,0_1_0,0.5238095238095238,0.6376811594202898,0.8148148148148148,0.8762376237623762,0.46808510638297873,0.2,0.3333333333333333,1.0,0.2,0.2
0,Family,Sister,60,1_0_0,1.0,0.4158415841584158,0.2625,0.4158415841584158,0.2625,1.0,1.0,1.0,1.0,1.0
0,Family,Sister,60,1_1_1,0.4523809523809524,0.2159090909090909,0.1417910447761194,0.31683168316831684,0.12101910828025478,0.64,0.7804878048780488,1.0,0.64,0.64
0,Family,Sister,65,0_0_0,0.16666666666666666,0.2857142857142857,1.0,0.8267326732673267,0.16666666666666666,0.0,0.0,0.0,0.0,0.0
0,Family,Sister,65,0_0_1,0.40476190476190477,0.5573770491803278,0.8947368421052632,0.8663366336633663,0.38636363636363635,0.07407407407407407,0.13793103448275862,1.0,0.07407407407407407,0.07407407407407407
0,Family,Sister,65,0_1_0,0.4523809523809524,0.5846153846153846,0.8260869565217391,0.8663366336633663,0.41304347826086957,0.14814814814814814,0.25806451612903225,1.0,0.14814814814814814,0.14814814814814814
0,Family,Sister,65,1_0_0,1.0,0.417910447761194,0.2641509433962264,0.4207920792079208,0.2641509433962264,1.0,1.0,1.0,1.0,1.0
0,Family,Sister,65,1_1_1,0.40476190476190477,0.19653179190751446,0.1297709923664122,0.3118811881188119,0.10897435897435898,0.5185185185185185,0.6829268292682927,1.0,0.5185185185185185,0.5185185185185185
0,Family,Sister,70,0_0_0,0.19047619047619047,0.32,1.0,0.8316831683168316,0.19047619047619047,0.0,0.0,0.0,0.0,0.0
0,Family,Sister,70,0_0_1,0.38095238095238093,0.5333333333333333,0.8888888888888888,0.8613861386138614,0.36363636363636365,0.10344827586206896,0.1875,1.0,0.10344827586206896,0.10344827586206896
0,Family,Sister,70,0_1_0,0.42857142857142855,0.5714285714285714,0.8571428571428571,0.8663366336633663,0.4,0.1724137931034483,0.29411764705882354,1.0,0.1724137931034483,0.1724137931034483
0,Family,Sister,70,1_0_0,1.0,0.4307692307692308,0.27450980392156865,0.4504950495049505,0.27450980392156865,1.0,1.0,1.0,1.0,1.0
0,Family,Sister,70,1_1_1,0.40476190476190477,0.2125,0.1440677966101695,0.37623762376237624,0.11888111888111888,0.5172413793103449,0.6818181818181818,1.0,0.5172413793103449,0.5172413793103449
0,Family,Sister,75,0_0_0,0.21428571428571427,0.35294117647058826,1.0,0.8366336633663366,0.21428571428571427,0.0,0.0,0.0,0.0,0.0
0,Family,Sister,75,0_0_1,0.3333333333333333,0.4827586206896552,0.875,0.8514851485148515,0.3181818181818182,0.0967741935483871,0.17647058823529413,1.0,0.0967741935483871,0.0967741935483871
0,Family,Sister,75,0_1_0,0.35714285714285715,0.5,0.8333333333333334,0.8514851485148515,0.3333333333333333,0.12903225806451613,0.22857142857142856,1.0,0.12903225806451613,0.12903225806451613
0,Family,Sister,75,1_0_0,1.0,0.42424242424242425,0.2692307692307692,0.43564356435643564,0.2692307692307692,1.0,1.0,1.0,1.0,1.0
0,Family,Sister,75,1_1_1,0.2857142857142857,0.1702127659574468,0.12121212121212122,0.4207920792079208,0.09302325581395349,0.3225806451612903,0.4878048780487805,1.0,0.3225806451612903,0.3225806451612903
0,Family,Sister,80,0_0_0,0.14285714285714285,0.25,1.0,0.8217821782178217,0.14285714285714285,0.0,0.0,0.0,0.0,0.0
0,Family,Sister,80,0_0_1,0.21428571428571427,0.35294117647058826,1.0,0.8366336633663366,0.21428571428571427,0.0,0.0,0.0,0.0,0.0
0,Family,Sister,80,0_1_0,0.30952380952380953,0.4406779661016949,0.7647058823529411,0.8366336633663366,0.2826086956521739,0.12121212121212122,0.21621621621621623,1.0,0.12121212121212122,0.12121212121212122
0,Family,Sister,80,1_0_0,1.0,0.42,0.26582278481012656,0.42574257425742573,0.26582278481012656,1.0,1.0,1.0,1.0,1.0
0,Family,Sister,80,1_1_1,0.3333333333333333,0.1728395061728395,0.11666666666666667,0.33663366336633666,0.0945945945945946,0.36363636363636365,0.5333333333333333,1.0,0.36363636363636365,0.36363636363636365
0,Family,Son,0,0_0_0,0.46153846153846156,0.631578947368421,1.0,0.8613861386138614,0.46153846153846156,,,,,
0,Family,Son,0,0_0_1,1.0,0.7878787878787878,0.65,0.8613861386138614,0.65,,,,,
0,Family,Son,0,0_1_0,1.0,0.6887417218543046,0.5252525252525253,0.7673267326732673,0.5252525252525253,,,,,
0,Family,Son,0,1_0_0,1.0,0.4748858447488584,0.31137724550898205,0.4306930693069307,0.31137724550898205,,,,,
0,Family,Son,0,1_1_1,0.15384615384615385,0.10062893081761007,0.07476635514018691,0.29207920792079206,0.052980132450331126,,,,,
0,Family,Son,5,0_0_0,0.38461538461538464,0.5555555555555556,1.0,0.8415841584158416,0.38461538461538464,0.0,0.0,0.0,0.0,0.0
0,Family,Son,5,0_0_1,1.0,0.7647058823529411,0.6190476190476191,0.8415841584158416,0.6190476190476191,1.0,1.0,1.0,1.0,1.0
0,Family,Son,5,0_1_0,1.0,0.6887417218543046,0.5252525252525253,0.7673267326732673,0.5252525252525253,1.0,1.0,1.0,1.0,1.0
0,Family,Son,5,1_0_0,1.0,0.44635193133047213,0.287292817679558,0.3613861386138614,0.287292817679558,1.0,1.0,1.0,1.0,1.0
0,Family,Son,5,1_1_1,0.11538461538461539,0.07894736842105263,0.06,0.3069306930693069,0.0410958904109589,0.0,0.0,0.0,0.0,0.0
0,Family,Son,10,0_0_0,0.36538461538461536,0.5352112676056338,1.0,0.8366336633663366,0.36538461538461536,0.0,0.0,0.0,0.0,0.0
0,Family,Son,10,0_0_1,1.0,0.7938931297709924,0.6582278481012658,0.8663366336633663,0.6582278481012658,1.0,1.0,1.0,1.0,1.0
0,Family,Son,10,0_1_0,1.0,0.697986577181208,0.5360824742268041,0.7772277227722773,0.5360824742268041,1.0,1.0,1.0,1.0,1.0
0,Family,Son,10,1_0_0,1.0,0.48826291079812206,0.32298136645962733,0.4603960396039604,0.32298136645962733,1.0,1.0,1.0,1.0,1.0
0,Family,Son,10,1_1_1,0.25,0.1452513966480447,0.10236220472440945,0.24257425742574257,0.0783132530120482,0.6,0.75,1.0,0.6,0.6
0,Family,Son,15,0_0_0,0.3076923076923077,0.47058823529411764,1.0,0.8217821782178217,0.3076923076923077,0.0,0.0,0.0,0.0,0.0
0,Family,Son,15,0_0_1,0.9615384615384616,0.8849557522123894,0.819672131147541,0.9356435643564357,0.7936507936507936,0.7142857142857143,0.8333333333333334,1.0,0.7142857142857143,0.7142857142857143
0,Family,Son,15,0_1_0,1.0,0.5591397849462365,0.3880597014925373,0.594059405940594,0.3880597014925373,1.0,1.0,1.0,1.0,1.0
0,Family,Son,15,1_0_0,1.0,0.6081871345029239,0.4369747899159664,0.6683168316831684,0.4369747899159664,1.0,1.0,1.0,1.0,1.0
0,Family,Son,15,1_1_1,0.07692307692307693,0.0851063829787234,0.09523809523809523,0.5742574257425742,0.044444444444444446,0.2857142857142857,0.4444444444444444,1.0,0.2857142857142857,0.2857142857142857
0,Family,Son,20,0_0_0,0.46153846153846156,0.631578947368421,1.0,0.8613861386138614,0.46153846153846156,0.0,0.0,0.0,0.0,0.0
0,Family,Son,20,0_0_1,0.8846153846153846,0.9019607843137255,0.92,0.9504950495049505,0.8214285714285714,0.4,0.5714285714285714,1.0,0.4,0.4
0,Family,Son,20,0_1_0,1.0,0.65,0.48148148148148145,0.7227722772277227,0.48148148148148145,1.0,1.0,1.0,1.0,1.0
0,Family,Son,20,1_0_0,1.0,0.6265060240963856,0.45614035087719296,0.693069306930693,0.45614035087719296,1.0,1.0,1.0,1.0,1.0
0,Family,Son,20,1_1_1,0.09615384615384616,0.09803921568627451,0.1,0.5445544554455446,0.05154639175257732,0.2,0.3333333333333333,1.0,0.2,0.2
0,Family,Son,25,0_0_0,0.0,0.0,0.0,0.7425742574257426,0.0,0.0,0.0,0.0,0.0,0.0
0,Family,Son,25,0_0_1,0.7692307692307693,0.8602150537634409,0.975609756097561,0.9356435643564357,0.7547169811320755,0.07692307692307693,0.14285714285714285,1.0,0.07692307692307693,0.07692307692307693
0,Family,Son,25,0_1_0,1.0,0.5810055865921788,0.4094488188976378,0.6287128712871287,0.4094488188976378,1.0,1.0,1.0,1.0,1.0
0,Family,Son,25,1_0_0,1.0,0.5148514851485149,0.3466666666666667,0.5148514851485149,0.3466666666666667,1.0,1.0,1.0,1.0,1.0
0,Family,Son,25,1_1_1,0.6538461538461539,0.3953488372093023,0.2833333333333333,0.48514851485148514,0.2463768115942029,0.8461538461538461,0.9166666666666666,1.0,0.8461538461538461,0.8461538461538461
0,Family,Son,30,0_0_0,0.019230769230769232,0.03773584905660377,1.0,0.7475247524752475,0.019230769230769232,0.0,0.0,0.0,0.0,0.0
0,Family,Son,30,0_0_1,0.7884615384615384,0.8367346938775511,0.8913043478260869,0.9207920792079208,0.7192982456140351,0.26666666666666666,0.42105263157894735,1.0,0.26666666666666666,0.26666666666666666
0,Family,Son,30,0_1_0,1.0,0.6380368098159509,0.46846846846846846,0.7079207920792079,0.46846846846846846,1.0,1.0,1.0,1.0,1.0
0,Family,Son,30,1_0_0,1.0,0.4928909952606635,0.3270440251572327,0.47029702970297027,0.3270440251572327,1.0,1.0,1.0,1.0,1.0
0,Family,Son,30,1_1_1,0.7884615384615384,0.3961352657004831,0.2645161290322581,0.3811881188118812,0.2469879518072289,0.8666666666666667,0.9285714285714286,1.0,0.8666666666666667,0.8666666666666667
0,Family,Son,35,0_0_0,0.0,0.0,0.0,0.7425742574257426,0.0,0.0,0.0,0.0,0.0,0.0
0,Family,Son,35,0_0_1,0.8269230769230769,0.8269230769230769,0.8269230769230769,0.9108910891089109,0.7049180327868853,0.5,0.6666666666666666,1.0,0.5,0.5
0,Family,Son,35,0_1_0,0.9615384615384616,0.7092198581560284,0.5617977528089888,0.7970297029702971,0.5494505494505495,0.8888888888888888,0.9411764705882353,1.0,0.8888888888888888,0.8888888888888888
0,Family,Son,35,1_0_0,1.0,0.48826291079812206,0.32298136645962733,0.4603960396039604,0.32298136645962733,1.0,1.0,1.0,1.0,1.0
0,Family,Son,35,1_1_1,0.5,0.30952380952380953,0.22413793103448276,0.42574257425742573,0.18309859154929578,0.6111111111111112,0.7586206896551724,1.0,0.6111111111111112,0.6111111111111112
0,Family,Son,40,0_0_0,0.0,0.0,0.0,0.7425742574257426,0.0,0.0,0.0,0.0,0.0,0.0
0,Family,Son,40,0_0_1,0.6153846153846154,0.7619047619047619,1.0,0.900990099009901,0.6153846153846154,0.0,0.0,0.0,0.0,0.0
0,Family,Son,40,0_1_0,1.0,0.6540880503144654,0.48598130841121495,0.7277227722772277,0.48598130841121495,1.0,1.0,1.0,1.0,1.0
0,Family,Son,40,1_0_0,1.0,0.5777777777777777,0.40625,0.6237623762376238,0.40625,1.0,1.0,1.0,1.0,1.0
0,Family,Son,40,1_1_1,0.9615384615384616,0.398406374501992,0.25125628140703515,0.2524752475247525,0.24875621890547264,1.0,1.0,1.0,1.0,1.0
0,Family,Son,45,0_0_0,0.0,0.0,0.0,0.7425742574257426,0.0,0.0,0.0,0.0,0.0,0.0
0,Family,Son,45,0_0_1,0.5769230769230769,0.7058823529411765,0.9090909090909091,0.8762376237623762,0.5454545454545454,0.043478260869565216,0.08333333333333333,1.0,0.043478260869565216,0.043478260869565216
0,Family,Son,45,0_1_0,0.8461538461538461,0.88,0.9166666666666666,0.9405940594059405,0.7857142857142857,0.6521739130434783,0.7894736842105263,1.0,0.6521739130434783,0.6521739130434783
0,Family,Son,45,1_0_0,1.0,0.5123152709359606,0.3443708609271523,0.5099009900990099,0.3443708609271523,1.0,1.0,1.0,1.0,1.0
0,Family,Son,45,1_1_1,0.8846153846153846,0.39148936170212767,0.25136612021857924,0.29207920792079206,0.24338624338624337,0.9130434782608695,0.9545454545454546,1.0,0.9130434782608695,0.9130434782608695
0,Family,Son,50,0_0_0,0.0,0.0,0.0,0.7425742574257426,0.0,0.0,0.0,0.0,0.0,0.0
0,Family,Son,50,0_0_1,0.5192307692307693,0.6835443037974683,1.0,0.8762376237623762,0.5192307692307693,0.038461538461538464,0.07407407407407407,1.0,0.038461538461538464,0.038461538461538464
0,Family,Son,50,0_1_0,0.5576923076923077,0.6666666666666666,0.8285714285714286,0.8564356435643564,0.5,0.11538461538461539,0.20689655172413793,1.0,0.11538461538461539,0.11538461538461539
0,Family,Son,50,1_0_0,1.0,0.5842696629213483,0.4126984126984127,0.6336633663366337,0.4126984126984127,1.0,1.0,1.0,1.0,1.0
0,Family,Son,50,1_1_1,0.38461538461538464,0.1941747572815534,0.12987012987012986,0.1782178217821782,0.10752688172043011,0.5,0.6666666666666666,1.0,0.5,0.5
0,Family,Son,55,0_0_0,0.0,0.0,0.0,0.7425742574257426,0.0,0.0,0.0,0.0,0.0,0.0
0,Family,Son,55,0_0_1,0.46153846153846156,0.631578947368421,1.0,0.8613861386138614,0.46153846153846156,0.0,0.0,0.0,0.0,0.0
0,Family,Son,55,0_1_0,0.6538461538461539,0.7083333333333334,0.7727272727272727,0.8613861386138614,0.5483870967741935,0.35714285714285715,0.5263157894736842,1.0,0.35714285714285715,0.35714285714285715
0,Family,Son,55,1_0_0,1.0,0.5810055865921788,0.4094488188976378,0.6287128712871287,0.4094488188976378,1.0,1.0,1.0,1.0,1.0
0,Family,Son,55,1_1_1,0.4230769230769231,0.21674876847290642,0.1456953642384106,0.21287128712871287,0.12154696132596685,0.6785714285714286,0.8085106382978723,1.0,0.6785714285714286,0.6785714285714286
0,Family,Son,60,0_0_0,0.0,0.0,0.0,0.7425742574257426,0.0,0.0,0.0,0.0,0.0,0.0
0,Family,Son,60,0_0_1,0.40384615384615385,0.5753424657534246,1.0,0.8465346534653465,0.40384615384615385,0.0,0.0,0.0,0.0,0.0
0,Family,Son,60,0_1_0,0.6346153846153846,0.6875,0.75,0.8514851485148515,0.5238095238095238,0.3870967741935484,0.5581395348837209,1.0,0.3870967741935484,0.3870967741935484
0,Family,Son,60,1_0_0,1.0,0.5561497326203209,0.3851851851851852,0.5891089108910891,0.3851851851851852,1.0,1.0,1.0,1.0,1.0
0,Family,Son,60,1_1_1,0.46153846153846156,0.23880597014925373,0.1610738255033557,0.24257425742574257,0.13559322033898305,0.6129032258064516,0.76,1.0,0.6129032258064516,0.6129032258064516
0,Family,Son,65,0_0_0,0.0,0.0,0.0,0.7425742574257426,0.0,0.0,0.0,0.0,0.0,0.0
0,Family,Son,65,0_0_1,0.36538461538461536,0.5352112676056338,1.0,0.8366336633663366,0.36538461538461536,0.0,0.0,0.0,0.0,0.0
0,Family,Son,65,0_1_0,0.5769230769230769,0.631578947368421,0.6976744186046512,0.8267326732673267,0.46153846153846156,0.3333333333333333,0.5,1.0,0.3333333333333333,0.3333333333333333
0,Family,Son,65,1_0_0,0.9807692307692307,0.6,0.4322033898305085,0.6633663366336634,0.42857142857142855,0.9696969696969697,0.9846153846153847,1.0,0.9696969696969697,0.9696969696969697
0,Family,Son,65,1_1_1,0.46153846153846156,0.23414634146341465,0.1568627450980392,0.22277227722772278,0.13259668508287292,0.5757575757575758,0.7307692307692307,1.0,0.5757575757575758,0.5757575757575758
0,Family,Son,70,0_0_0,0.019230769230769232,0.03773584905660377,1.0,0.7475247524752475,0.019230769230769232,0.0,0.0,0.0,0.0,0.0
0,Family,Son,70,0_0_1,0.3076923076923077,0.47058823529411764,1.0,0.8217821782178217,0.3076923076923077,0.0,0.0,0.0,0.0,0.0
0,Family,Son,70,0_1_0,0.5384615384615384,0.6086956521739131,0.7,0.8217821782178217,0.4375,0.3333333333333333,0.5,1.0,0.3333333333333333,0.3333333333333333
0,Family,Son,70,1_0_0,1.0,0.5531914893617021,0.38235294117647056,0.5841584158415841,0.38235294117647056,1.0,1.0,1.0,1.0,1.0
0,Family,Son,70,1_1_1,0.21153846153846154,0.13580246913580246,0.1,0.3069306930693069,0.0728476821192053,0.3055555555555556,0.46808510638297873,1.0,0.3055555555555556,0.3055555555555556
0,Family,Son,75,0_0_0,0.019230769230769232,0.03773584905660377,1.0,0.7475247524752475,0.019230769230769232,0.0,0.0,0.0,0.0,0.0
0,Family,Son,75,0_0_1,0.25,0.4,1.0,0.806930693069307,0.25,0.0,0.0,0.0,0.0,0.0
0,Family,Son,75,0_1_0,0.38461538461538464,0.5063291139240507,0.7407407407407407,0.806930693069307,0.3389830508474576,0.1794871794871795,0.30434782608695654,1.0,0.1794871794871795,0.1794871794871795
0,Family,Son,75,1_0_0,0.9807692307692307,0.56353591160221,0.3953488372093023,0.6089108910891089,0.3923076923076923,0.9743589743589743,0.987012987012987,1.0,0.9743589743589743,0.9743589743589743
0,Family,Son,75,1_1_1,0.057692307692307696,0.1016949152542373,0.42857142857142855,0.7376237623762376,0.05357142857142857,0.02564102564102564,0.05,1.0,0.02564102564102564,0.02564102564102564
0,Family,Son,80,0_0_0,0.0,0.0,0.0,0.7425742574257426,0.0,0.0,0.0,0.0,0.0,0.0
0,Family,Son,80,0_0_1,0.21153846153846154,0.3492063492063492,1.0,0.7970297029702971,0.21153846153846154,0.0,0.0,0.0,0.0,0.0
0,Family,Son,80,0_1_0,0.3269230769230769,0.4473684210526316,0.7083333333333334,0.7920792079207921,0.288135593220339,0.14634146341463414,0.2553191489361702,1.0,0.14634146341463414,0.14634146341463414
0,Family,Son,80,1_0_0,0.9615384615384616,0.5649717514124294,0.4,0.6188118811881188,0.3937007874015748,0.9512195121951219,0.975,1.0,0.9512195121951219,0.9512195121951219
0,Family,Son,80,1_1_1,0.038461538461538464,0.07272727272727272,0.6666666666666666,0.7475247524752475,0.03773584905660377,0.0,0.0,0.0,0.0,0.0
