run,dataset,class_name,removal,pqr,all_data_recall,all_data_f1,all_data_precision,all_data_accuracy,all_data_jaccard,removed_data_recall,removed_data_f1,removed_data_precision,removed_data_accuracy,removed_data_jaccard
0,Family,Brother,0,0_0_0,0.8,0.8888888888888888,1.0,0.9702970297029703,0.8,,,,,
0,Family,Brother,0,0_0_1,1.0,0.6741573033707865,0.5084745762711864,0.8564356435643564,0.5084745762711864,,,,,
0,Family,Brother,0,0_1_0,1.0,0.5882352941176471,0.4166666666666667,0.7920792079207921,0.4166666666666667,,,,,
0,Family,Brother,0,1_0_0,1.0,0.3191489361702128,0.189873417721519,0.36633663366336633,0.189873417721519,,,,,
0,Family,Brother,0,1_1_1,0.8666666666666667,0.40310077519379844,0.26262626262626265,0.6188118811881188,0.2524271844660194,,,,,
0,Family,Brother,5,0_0_0,0.7333333333333333,0.8461538461538461,1.0,0.9603960396039604,0.7333333333333333,0.0,0.0,0.0,0.0,0.0
0,Family,Brother,5,0_0_1,1.0,0.7407407407407407,0.5882352941176471,0.8960396039603961,0.5882352941176471,1.0,1.0,1.0,1.0,1.0
0,Family,Brother,5,0_1_0,1.0,0.6122448979591837,0.4411764705882353,0.8118811881188119,0.4411764705882353,1.0,1.0,1.0,1.0,1.0
0,Family,Brother,5,1_0_0,1.0,0.31413612565445026,0.18633540372670807,0.35148514851485146,0.18633540372670807,1.0,1.0,1.0,1.0,1.0
0,Family,Brother,5,1_1_1,0.23333333333333334,0.2028985507246377,0.1794871794871795,0.7277227722772277,0.11290322580645161,0.0,0.0,0.0,0.0,0.0
0,Family,Brother,10,0_0_0,0.6666666666666666,0.8,1.0,0.9504950495049505,0.6666666666666666,0.0,0.0,0.0,0.0,0.0
0,Family,Brother,10,0_0_1,0.9333333333333333,0.7088607594936709,0.5714285714285714,0.8861386138613861,0.5490196078431373,0.3333333333333333,0.5,1.0,0.3333333333333333,0.3333333333333333
0,Family,Brother,10,0_1_0,0.9666666666666667,0.5686274509803921,0.4027777777777778,0.7821782178217822,0.3972602739726027,0.6666666666666666,0.8,1.0,0.6666666666666666,0.6666666666666666
0,Family,Brother,10,1_0_0,1.0,0.2926829268292683,0.17142857142857143,0.28217821782178215,0.17142857142857143,1.0,1.0,1.0,1.0,1.0
0,Family,Brother,10,1_1_1,0.2,0.17391304347826086,0.15384615384615385,0.7178217821782178,0.09523809523809523,0.0,0.0,0.0,0.0,0.0
0,Family,Brother,15,0_0_0,0.7666666666666667,0.8679245283018868,1.0,0.9653465346534653,0.7666666666666667,0.0,0.0,0.0,0.0,0.0
0,Family,Brother,15,0_0_1,0.9666666666666667,0.5686274509803921,0.4027777777777778,0.7821782178217822,0.3972602739726027,0.75,0.8571428571428571,1.0,0.75,0.75
0,Family,Brother,15,0_1_0,0.9333333333333333,0.4375,0.2857142857142857,0.6435643564356436,0.28,0.5,0.6666666666666666,1.0,0.5,0.5
0,Family,Brother,15,1_0_0,1.0,0.31746031746031744,0.18867924528301888,0.3613861386138614,0.18867924528301888,1.0,1.0,1.0,1.0,1.0
0,Family,Brother,15,1_1_1,0.9333333333333333,0.3393939393939394,0.2074074074074074,0.4603960396039604,0.20437956204379562,0.75,0.8571428571428571,1.0,0.75,0.75
0,Family,Brother,20,0_0_0,0.6,0.75,1.0,0.9405940594059405,0.6,0.0,0.0,0.0,0.0,0.0
0,Family,Brother,20,0_0_1,0.9333333333333333,0.6746987951807228,0.5283018867924528,0.8663366336633663,0.509090909090909,0.6666666666666666,0.8,1.0,0.6666666666666666,0.6666666666666666
0,Family,Brother,20,0_1_0,0.9666666666666667,0.6304347826086957,0.46774193548387094,0.8316831683168316,0.4603174603174603,0.8333333333333334,0.9090909090909091,1.0,0.8333333333333334,0.8333333333333334
0,Family,Brother,20,1_0_0,1.0,0.31413612565445026,0.18633540372670807,0.35148514851485146,0.18633540372670807,1.0,1.0,1.0,1.0,1.0
0,Family,Brother,20,1_1_1,1.0,0.2702702702702703,0.15625,0.19801980198019803,0.15625,1.0,1.0,1.0,1.0,1.0
0,Family,Brother,25,0_0_0,0.6,0.75,1.0,0.9405940594059405,0.6,0.0,0.0,0.0,0.0,0.0
0,Family,Brother,25,0_0_1,0.9333333333333333,0.6086956521739131,0.45161290322580644,0.8217821782178217,0.4375,0.7142857142857143,0.8333333333333334,1.0,0.7142857142857143,0.7142857142857143
0,Family,Brother,25,0_1_0,0.9333333333333333,0.6746987951807228,0.5283018867924528,0.8663366336633663,0.509090909090909,0.7142857142857143,0.8333333333333334,1.0,0.7142857142857143,0.7142857142857143
0,Family,Brother,25,1_0_0,1.0,0.3,0.17647058823529413,0.3069306930693069,0.17647058823529413,1.0,1.0,1.0,1.0,1.0
0,Family,Brother,25,1_1_1,1.0,0.3409090909090909,0.2054794520547945,0.42574257425742573,0.2054794520547945,1.0,1.0,1.0,1.0,1.0
0,Family,Brother,30,0_0_0,0.5666666666666667,0.723404255319149,1.0,0.9356435643564357,0.5666666666666667,0.0,0.0,0.0,0.0,0.0
0,Family,Brother,30,0_0_1,0.9333333333333333,0.7466666666666667,0.6222222222222222,0.905940594059406,0.5957446808510638,0.7777777777777778,0.875,1.0,0.7777777777777778,0.7777777777777778
0,Family,Brother,30,0_1_0,0.9,0.6585365853658537,0.5192307692307693,0.8613861386138614,0.4909090909090909,0.6666666666666666,0.8,1.0,0.6666666666666666,0.6666666666666666
0,Family,Brother,30,1_0_0,1.0,0.28169014084507044,0.16393442622950818,0.24257425742574257,0.16393442622950818,1.0,1.0,1.0,1.0,1.0
0,Family,Brother,30,1_1_1,1.0,0.37037037037037035,0.22727272727272727,0.49504950495049505,0.22727272727272727,1.0,1.0,1.0,1.0,1.0
0,Family,Brother,35,0_0_0,0.5333333333333333,0.6956521739130435,1.0,0.9306930693069307,0.5333333333333333,0.0,0.0,0.0,0.0,0.0
0,Family,Brother,35,0_0_1,0.9666666666666667,0.8055555555555556,0.6904761904761905,0.9306930693069307,0.6744186046511628,0.9,0.9473684210526315,1.0,0.9,0.9
0,Family,Brother,35,0_1_0,0.9,0.6666666666666666,0.5294117647058824,0.8663366336633663,0.5,0.7,0.8235294117647058,1.0,0.7,0.7
0,Family,Brother,35,1_0_0,1.0,0.28169014084507044,0.16393442622950818,0.24257425742574257,0.16393442622950818,1.0,1.0,1.0,1.0,1.0
0,Family,Brother,35,1_1_1,1.0,0.37267080745341613,0.22900763358778625,0.5,0.22900763358778625,1.0,1.0,1.0,1.0,1.0
0,Family,Brother,40,0_0_0,0.5,0.6666666666666666,1.0,0.9257425742574258,0.5,0.0,0.0,0.0,0.0,0.0
0,Family,Brother,40,0_0_1,0.9,0.782608695652174,0.6923076923076923,0.9257425742574258,0.6428571428571429,0.75,0.8571428571428571,1.0,0.75,0.75
0,Family,Brother,40,0_1_0,0.9,0.6835443037974683,0.5510204081632653,0.8762376237623762,0.5192307692307693,0.75,0.8571428571428571,1.0,0.75,0.75
0,Family,Brother,40,1_0_0,1.0,0.2843601895734597,0.16574585635359115,0.2524752475247525,0.16574585635359115,1.0,1.0,1.0,1.0,1.0
0,Family,Brother,40,1_1_1,1.0,0.3592814371257485,0.21897810218978103,0.47029702970297027,0.21897810218978103,1.0,1.0,1.0,1.0,1.0
0,Family,Brother,45,0_0_0,0.43333333333333335,0.6046511627906976,1.0,0.9158415841584159,0.43333333333333335,0.0,0.0,0.0,0.0,0.0
0,Family,Brother,45,0_0_1,0.8666666666666667,0.7878787878787878,0.7222222222222222,0.9306930693069307,0.65,0.6923076923076923,0.8181818181818182,1.0,0.6923076923076923,0.6923076923076923
0,Family,Brother,45,0_1_0,0.9,0.6585365853658537,0.5192307692307693,0.8613861386138614,0.4909090909090909,0.7692307692307693,0.8695652173913043,1.0,0.7692307692307693,0.7692307692307693
0,Family,Brother,45,1_0_0,1.0,0.28169014084507044,0.16393442622950818,0.24257425742574257,0.16393442622950818,1.0,1.0,1.0,1.0,1.0
0,Family,Brother,45,1_1_1,1.0,0.3488372093023256,0.2112676056338028,0.44554455445544555,0.2112676056338028,1.0,1.0,1.0,1.0,1.0
0,Family,Brother,50,0_0_0,0.26666666666666666,0.42105263157894735,1.0,0.8910891089108911,0.26666666666666666,0.0,0.0,0.0,0.0,0.0
0,Family,Brother,50,0_0_1,0.8,0.8,0.8,0.9405940594059405,0.6666666666666666,0.6,0.75,1.0,0.6,0.6
0,Family,Brother,50,0_1_0,0.8333333333333334,0.6944444444444444,0.5952380952380952,0.8910891089108911,0.5319148936170213,0.6666666666666666,0.8,1.0,0.6666666666666666,0.6666666666666666
0,Family,Brother,50,1_0_0,1.0,0.3,0.17647058823529413,0.3069306930693069,0.17647058823529413,1.0,1.0,1.0,1.0,1.0
0,Family,Brother,50,1_1_1,1.0,0.33519553072625696,0.20134228187919462,0.41089108910891087,0.20134228187919462,1.0,1.0,1.0,1.0,1.0
0,Family,Brother,55,0_0_0,0.23333333333333334,0.3783783783783784,1.0,0.8861386138613861,0.23333333333333334,0.0,0.0,0.0,0.0,0.0
0,Family,Brother,55,0_0_1,0.8333333333333334,0.819672131147541,0.8064516129032258,0.9455445544554455,0.6944444444444444,0.6875,0.8148148148148148,1.0,0.6875,0.6875
0,Family,Brother,55,0_1_0,0.8333333333333334,0.7142857142857143,0.625,0.900990099009901,0.5555555555555556,0.6875,0.8148148148148148,1.0,0.6875,0.6875
0,Family,Brother,55,1_0_0,1.0,0.3015075376884422,0.17751479289940827,0.3118811881188119,0.17751479289940827,1.0,1.0,1.0,1.0,1.0
0,Family,Brother,55,1_1_1,1.0,0.35502958579881655,0.2158273381294964,0.4603960396039604,0.2158273381294964,1.0,1.0,1.0,1.0,1.0
0,Family,Brother,60,0_0_0,0.23333333333333334,0.3783783783783784,1.0,0.8861386138613861,0.23333333333333334,0.0,0.0,0.0,0.0,0.0
0,Family,Brother,60,0_0_1,0.7333333333333333,0.7457627118644068,0.7586206896551724,0.9257425742574258,0.5945945945945946,0.5555555555555556,0.7142857142857143,1.0,0.5555555555555556,0.5555555555555556
0,Family,Brother,60,0_1_0,0.8333333333333334,0.7142857142857143,0.625,0.900990099009901,0.5555555555555556,0.7222222222222222,0.8387096774193549,1.0,0.7222222222222222,0.7222222222222222
0,Family,Brother,60,1_0_0,1.0,0.3225806451612903,0.19230769230769232,0.37623762376237624,0.19230769230769232,1.0,1.0,1.0,1.0,1.0
0,Family,Brother,60,1_1_1,1.0,0.3488372093023256,0.2112676056338028,0.44554455445544555,0.2112676056338028,1.0,1.0,1.0,1.0,1.0
0,Family,Brother,65,0_0_0,0.13333333333333333,0.23529411764705882,1.0,0.8712871287128713,0.13333333333333333,0.0,0.0,0.0,0.0,0.0
0,Family,Brother,65,0_0_1,0.6666666666666666,0.7017543859649122,0.7407407407407407,0.9158415841584159,0.5405405405405406,0.47368421052631576,0.6428571428571429,1.0,0.47368421052631576,0.47368421052631576
0,Family,Brother,65,0_1_0,0.8333333333333334,0.7692307692307693,0.7142857142857143,0.9257425742574258,0.625,0.7368421052631579,0.8484848484848485,1.0,0.7368421052631579,0.7368421052631579
0,Family,Brother,65,1_0_0,1.0,0.3125,0.18518518518518517,0.3465346534653465,0.18518518518518517,1.0,1.0,1.0,1.0,1.0
0,Family,Brother,65,1_1_1,1.0,0.35714285714285715,0.21739130434782608,0.46534653465346537,0.21739130434782608,1.0,1.0,1.0,1.0,1.0
0,Family,Brother,70,0_0_0,0.13333333333333333,0.23529411764705882,1.0,0.8712871287128713,0.13333333333333333,0.0,0.0,0.0,0.0,0.0
0,Family,Brother,70,0_0_1,0.5666666666666667,0.6538461538461539,0.7727272727272727,0.9108910891089109,0.4857142857142857,0.38095238095238093,0.5517241379310345,1.0,0.38095238095238093,0.38095238095238093
0,Family,Brother,70,0_1_0,0.7666666666666667,0.7666666666666667,0.7666666666666667,0.9306930693069307,0.6216216216216216,0.6666666666666666,0.8,1.0,0.6666666666666666,0.6666666666666666
0,Family,Brother,70,1_0_0,1.0,0.32786885245901637,0.19607843137254902,0.3910891089108911,0.19607843137254902,1.0,1.0,1.0,1.0,1.0
0,Family,Brother,70,1_1_1,1.0,0.35502958579881655,0.2158273381294964,0.4603960396039604,0.2158273381294964,1.0,1.0,1.0,1.0,1.0
0,Family,Brother,75,0_0_0,0.13333333333333333,0.23529411764705882,1.0,0.8712871287128713,0.13333333333333333,0.0,0.0,0.0,0.0,0.0
0,Family,Brother,75,0_0_1,0.4666666666666667,0.5714285714285714,0.7368421052631579,0.8960396039603961,0.4,0.2727272727272727,0.42857142857142855,1.0,0.2727272727272727,0.2727272727272727
0,Family,Brother,75,0_1_0,0.7666666666666667,0.7666666666666667,0.7666666666666667,0.9306930693069307,0.6216216216216216,0.6818181818181818,0.8108108108108109,1.0,0.6818181818181818,0.6818181818181818
0,Family,Brother,75,1_0_0,1.0,0.34285714285714286,0.20689655172413793,0.4306930693069307,0.20689655172413793,1.0,1.0,1.0,1.0,1.0
0,Family,Brother,75,1_1_1,1.0,0.3314917127071823,0.1986754966887417,0.400990099009901,0.1986754966887417,1.0,1.0,1.0,1.0,1.0
0,Family,Brother,80,0_0_0,0.03333333333333333,0.06451612903225806,1.0,0.8564356435643564,0.03333333333333333,0.0,0.0,0.0,0.0,0.0
0,Family,Brother,80,0_0_1,0.36666666666666664,0.4888888888888889,0.7333333333333333,0.8861386138613861,0.3235294117647059,0.20833333333333334,0.3448275862068966,1.0,0.20833333333333334,0.20833333333333334
0,Family,Brother,80,0_1_0,0.5666666666666667,0.5862068965517241,0.6071428571428571,0.8811881188118812,0.4146341463414634,0.4583333333333333,0.6285714285714286,1.0,0.4583333333333333,0.4583333333333333
0,Family,Brother,80,1_0_0,1.0,0.35502958579881655,0.2158273381294964,0.4603960396039604,0.2158273381294964,1.0,1.0,1.0,1.0,1.0
0,Family,Brother,80,1_1_1,1.0,0.30303030303030304,0.17857142857142858,0.31683168316831684,0.17857142857142858,1.0,1.0,1.0,1.0,1.0
0,Family,Male,0,0_0_0,0.5673076923076923,0.7239263803680982,1.0,0.7772277227722773,0.5673076923076923,,,,,
0,Family,Male,0,0_0_1,1.0,0.9454545454545454,0.896551724137931,0.9405940594059405,0.896551724137931,,,,,
0,Family,Male,0,0_1_0,1.0,0.9811320754716981,0.9629629629629629,0.9801980198019802,0.9629629629629629,,,,,
0,Family,Male,0,1_0_0,1.0,0.7402135231316725,0.5875706214689266,0.6386138613861386,0.5875706214689266,,,,,
0,Family,Male,0,1_1_1,0.8076923076923077,0.8195121951219512,0.8316831683168316,0.8168316831683168,0.6942148760330579,,,,,
0,Family,Male,5,0_0_0,0.7884615384615384,0.8817204301075269,1.0,0.8910891089108911,0.7884615384615384,,,,,
0,Family,Male,5,0_0_1,1.0,0.8353413654618473,0.7172413793103448,0.7970297029702971,0.7172413793103448,,,,,
0,Family,Male,5,0_1_0,1.0,0.9497716894977168,0.9043478260869565,0.9455445544554455,0.9043478260869565,,,,,
0,Family,Male,5,1_0_0,1.0,0.7003367003367004,0.538860103626943,0.5594059405940595,0.538860103626943,,,,,
0,Family,Male,5,1_1_1,0.5865384615384616,0.7393939393939394,1.0,0.7871287128712872,0.5865384615384616,,,,,
0,Family,Male,10,0_0_0,0.6730769230769231,0.8045977011494253,1.0,0.8316831683168316,0.6730769230769231,0.0,0.0,0.0,0.0,0.0
0,Family,Male,10,0_0_1,1.0,0.8559670781893004,0.7482014388489209,0.8267326732673267,0.7482014388489209,1.0,1.0,1.0,1.0,1.0
0,Family,Male,10,0_1_0,1.0,0.985781990521327,0.9719626168224299,0.9851485148514851,0.9719626168224299,1.0,1.0,1.0,1.0,1.0
0,Family,Male,10,1_0_0,1.0,0.7027027027027027,0.5416666666666666,0.5643564356435643,0.5416666666666666,1.0,1.0,1.0,1.0,1.0
0,Family,Male,10,1_1_1,0.6538461538461539,0.7906976744186046,1.0,0.8217821782178217,0.6538461538461539,1.0,1.0,1.0,1.0,1.0
0,Family,Male,15,0_0_0,0.6057692307692307,0.7544910179640718,1.0,0.7970297029702971,0.6057692307692307,0.0,0.0,0.0,0.0,0.0
0,Family,Male,15,0_0_1,1.0,0.8739495798319328,0.7761194029850746,0.8514851485148515,0.7761194029850746,1.0,1.0,1.0,1.0,1.0
0,Family,Male,15,0_1_0,0.9903846153846154,0.9716981132075472,0.9537037037037037,0.9702970297029703,0.944954128440367,1.0,1.0,1.0,1.0,1.0
0,Family,Male,15,1_0_0,1.0,0.6933333333333334,0.5306122448979592,0.5445544554455446,0.5306122448979592,1.0,1.0,1.0,1.0,1.0
0,Family,Male,15,1_1_1,0.6826923076923077,0.8068181818181818,0.9861111111111112,0.8316831683168316,0.6761904761904762,1.0,1.0,1.0,1.0,1.0
0,Family,Male,20,0_0_0,0.5480769230769231,0.7080745341614907,1.0,0.7673267326732673,0.5480769230769231,0.0,0.0,0.0,0.0,0.0
0,Family,Male,20,0_0_1,1.0,0.8927038626609443,0.8062015503875969,0.8762376237623762,0.8062015503875969,1.0,1.0,1.0,1.0,1.0
0,Family,Male,20,0_1_0,0.9903846153846154,0.976303317535545,0.9626168224299065,0.9752475247524752,0.9537037037037037,1.0,1.0,1.0,1.0,1.0
0,Family,Male,20,1_0_0,1.0,0.6910299003322259,0.5279187817258884,0.5396039603960396,0.5279187817258884,1.0,1.0,1.0,1.0,1.0
0,Family,Male,20,1_1_1,0.6923076923076923,0.8181818181818182,1.0,0.8415841584158416,0.6923076923076923,1.0,1.0,1.0,1.0,1.0
0,Family,Male,25,0_0_0,0.2692307692307692,0.42424242424242425,1.0,0.6237623762376238,0.2692307692307692,0.0,0.0,0.0,0.0,0.0
0,Family,Male,25,0_0_1,0.9038461538461539,0.8909952606635071,0.8785046728971962,0.8861386138613861,0.8034188034188035,0.0,0.0,0.0,0.0,0.0
0,Family,Male,25,0_1_0,0.9615384615384616,0.966183574879227,0.970873786407767,0.9653465346534653,0.9345794392523364,0.0,0.0,0.0,0.0,0.0
0,Family,Male,25,1_0_0,1.0,0.6797385620915033,0.5148514851485149,0.5148514851485149,0.5148514851485149,1.0,1.0,1.0,1.0,1.0
0,Family,Male,25,1_1_1,0.21153846153846154,0.24719101123595505,0.2972972972972973,0.33663366336633666,0.14102564102564102,0.0,0.0,0.0,0.0,0.0
0,Family,Male,30,0_0_0,0.2403846153846154,0.3875968992248062,1.0,0.6089108910891089,0.2403846153846154,0.0,0.0,0.0,0.0,0.0
0,Family,Male,30,0_0_1,0.7307692307692307,0.8444444444444444,1.0,0.8613861386138614,0.7307692307692307,0.0,0.0,0.0,0.0,0.0
0,Family,Male,30,0_1_0,0.9519230769230769,0.9124423963133641,0.8761061946902655,0.905940594059406,0.8389830508474576,1.0,1.0,1.0,1.0,1.0
0,Family,Male,30,1_0_0,1.0,0.7098976109215017,0.5502645502645502,0.5792079207920792,0.5502645502645502,1.0,1.0,1.0,1.0,1.0
0,Family,Male,30,1_1_1,0.0,0.0,0.0,0.2376237623762376,0.0,0.0,0.0,0.0,0.0,0.0
0,Family,Male,35,0_0_0,0.19230769230769232,0.3225806451612903,1.0,0.5841584158415841,0.19230769230769232,0.0,0.0,0.0,0.0,0.0
0,Family,Male,35,0_0_1,0.6634615384615384,0.7976878612716763,1.0,0.8267326732673267,0.6634615384615384,0.0,0.0,0.0,0.0,0.0
0,Family,Male,35,0_1_0,0.6634615384615384,0.7976878612716763,1.0,0.8267326732673267,0.6634615384615384,0.0,0.0,0.0,0.0,0.0
0,Family,Male,35,1_0_0,1.0,0.6864686468646864,0.5226130653266332,0.5297029702970297,0.5226130653266332,1.0,1.0,1.0,1.0,1.0
0,Family,Male,35,1_1_1,0.019230769230769232,0.021621621621621623,0.024691358024691357,0.10396039603960396,0.01092896174863388,0.0,0.0,0.0,0.0,0.0
0,Family,Male,40,0_0_0,0.34615384615384615,0.5142857142857142,1.0,0.6633663366336634,0.34615384615384615,0.0,0.0,0.0,0.0,0.0
0,Family,Male,40,0_0_1,0.0,0.0,0.0,0.41089108910891087,0.0,0.0,0.0,0.0,0.0,0.0
0,Family,Male,40,0_1_0,0.0,0.0,0.0,0.48514851485148514,0.0,0.0,0.0,0.0,0.0,0.0
0,Family,Male,40,1_0_0,0.009615384615384616,0.013157894736842105,0.020833333333333332,0.25742574257425743,0.006622516556291391,0.0,0.0,0.0,0.0,0.0
0,Family,Male,40,1_1_1,0.25,0.3561643835616438,0.6190476190476191,0.5346534653465347,0.21666666666666667,0.5,0.6666666666666666,1.0,0.5,0.5
0,Family,Male,45,0_0_0,0.2980769230769231,0.45925925925925926,1.0,0.6386138613861386,0.2980769230769231,0.0,0.0,0.0,0.0,0.0
0,Family,Male,45,0_0_1,0.0,0.0,0.0,0.39603960396039606,0.0,0.0,0.0,0.0,0.0,0.0
0,Family,Male,45,0_1_0,0.0,0.0,0.0,0.4752475247524752,0.0,0.0,0.0,0.0,0.0,0.0
0,Family,Male,45,1_0_0,0.0,0.0,0.0,0.26732673267326734,0.0,0.0,0.0,0.0,0.0,0.0
0,Family,Male,45,1_1_1,0.07692307692307693,0.13675213675213677,0.6153846153846154,0.5,0.07339449541284404,0.0,0.0,0.0,0.0,0.0
0,Family,Male,50,0_0_0,0.25961538461538464,0.4122137404580153,1.0,0.6188118811881188,0.25961538461538464,0.0,0.0,0.0,0.0,0.0
0,Family,Male,50,0_0_1,0.0,0.0,0.0,0.3564356435643564,0.0,0.0,0.0,0.0,0.0,0.0
0,Family,Male,50,0_1_0,0.0,0.0,0.0,0.45544554455445546,0.0,0.0,0.0,0.0,0.0,0.0
0,Family,Male,50,1_0_0,0.009615384615384616,0.013605442176870748,0.023255813953488372,0.28217821782178215,0.00684931506849315,0.0,0.0,0.0,0.0,0.0
0,Family,Male,50,1_1_1,0.08653846153846154,0.15126050420168066,0.6,0.5,0.08181818181818182,0.0,0.0,0.0,0.0,0.0
0,Family,Male,55,0_0_0,0.2403846153846154,0.3875968992248062,1.0,0.6089108910891089,0.2403846153846154,0.0,0.0,0.0,0.0,0.0
0,Family,Male,55,0_0_1,0.0,0.0,0.0,0.41089108910891087,0.0,0.0,0.0,0.0,0.0,0.0
0,Family,Male,55,0_1_0,0.0,0.0,0.0,0.4306930693069307,0.0,0.0,0.0,0.0,0.0,0.0
0,Family,Male,55,1_0_0,0.028846153846153848,0.04477611940298507,0.1,0.36633663366336633,0.022900763358778626,0.0,0.0,0.0,0.0,0.0
0,Family,Male,55,1_1_1,0.5865384615384616,0.6130653266331658,0.6421052631578947,0.6188118811881188,0.4420289855072464,0.75,0.8571428571428571,1.0,0.75,0.75
0,Family,Male,60,0_0_0,0.038461538461538464,0.07407407407407407,1.0,0.504950495049505,0.038461538461538464,0.0,0.0,0.0,0.0,0.0
0,Family,Male,60,0_0_1,0.0,0.0,0.0,0.37623762376237624,0.0,0.0,0.0,0.0,0.0,0.0
0,Family,Male,60,0_1_0,0.0,0.0,0.0,0.47029702970297027,0.0,0.0,0.0,0.0,0.0,0.0
0,Family,Male,60,1_0_0,0.9903846153846154,0.8547717842323651,0.7518248175182481,0.8267326732673267,0.7463768115942029,1.0,1.0,1.0,1.0,1.0
0,Family,Male,60,1_1_1,0.27884615384615385,0.30526315789473685,0.3372093023255814,0.3465346534653465,0.18012422360248448,0.6666666666666666,0.8,1.0,0.6666666666666666,0.6666666666666666
0,Family,Male,65,0_0_0,0.009615384615384616,0.01904761904761905,1.0,0.4900990099009901,0.009615384615384616,0.0,0.0,0.0,0.0,0.0
0,Family,Male,65,0_0_1,0.0,0.0,0.0,0.36633663366336633,0.0,0.0,0.0,0.0,0.0,0.0
0,Family,Male,65,0_1_0,0.0,0.0,0.0,0.45544554455445546,0.0,0.0,0.0,0.0,0.0,0.0
0,Family,Male,65,1_0_0,0.9903846153846154,0.8841201716738197,0.7984496124031008,0.8663366336633663,0.7923076923076923,1.0,1.0,1.0,1.0,1.0
0,Family,Male,65,1_1_1,0.25961538461538464,0.28125,0.3068181818181818,0.31683168316831684,0.16363636363636364,0.5,0.6666666666666666,1.0,0.5,0.5
0,Family,Male,70,0_0_0,0.009615384615384616,0.01904761904761905,1.0,0.4900990099009901,0.009615384615384616,0.0,0.0,0.0,0.0,0.0
0,Family,Male,70,0_0_1,0.0,0.0,0.0,0.42574257425742573,0.0,0.0,0.0,0.0,0.0,0.0
0,Family,Male,70,0_1_0,0.0,0.0,0.0,0.43564356435643564,0.0,0.0,0.0,0.0,0.0,0.0
0,Family,Male,70,1_0_0,0.125,0.16560509554140126,0.24528301886792453,0.35148514851485146,0.09027777777777778,0.18181818181818182,0.3076923076923077,1.0,0.18181818181818182,0.18181818181818182
0,Family,Male,70,1_1_1,0.34615384615384615,0.3380281690140845,0.3302752293577982,0.30198019801980197,0.2033898305084746,0.36363636363636365,0.5333333333333333,1.0,0.36363636363636365,0.36363636363636365
0,Family,Male,75,0_0_0,0.009615384615384616,0.01904761904761905,1.0,0.4900990099009901,0.009615384615384616,0.0,0.0,0.0,0.0,0.0
0,Family,Male,75,0_0_1,0.0,0.0,0.0,0.4306930693069307,0.0,0.0,0.0,0.0,0.0,0.0
0,Family,Male,75,0_1_0,0.0,0.0,0.0,0.43564356435643564,0.0,0.0,0.0,0.0,0.0,0.0
0,Family,Male,75,1_0_0,0.14423076923076922,0.19736842105263158,0.3125,0.39603960396039606,0.10948905109489052,0.23076923076923078,0.375,1.0,0.23076923076923078,0.23076923076923078
0,Family,Male,75,1_1_1,0.18269230769230768,0.18811881188118812,0.19387755102040816,0.18811881188118812,0.10382513661202186,0.3076923076923077,0.47058823529411764,1.0,0.3076923076923077,0.3076923076923077
0,Family,Male,80,0_0_0,0.009615384615384616,0.01904761904761905,1.0,0.4900990099009901,0.009615384615384616,0.0,0.0,0.0,0.0,0.0
0,Family,Male,80,0_0_1,0.3269230769230769,0.4892086330935252,0.9714285714285714,0.6485148514851485,0.3238095238095238,0.06666666666666667,0.125,1.0,0.06666666666666667,0.06666666666666667
0,Family,Male,80,0_1_0,0.27884615384615385,0.42962962962962964,0.9354838709677419,0.6188118811881188,0.27358490566037735,0.0,0.0,0.0,0.0,0.0
0,Family,Male,80,1_0_0,1.0,0.6887417218543046,0.5252525252525253,0.5346534653465347,0.5252525252525253,1.0,1.0,1.0,1.0,1.0
0,Family,Male,80,1_1_1,0.19230769230769232,0.24096385542168675,0.3225806451612903,0.37623762376237624,0.136986301369863,0.3333333333333333,0.5,1.0,0.3333333333333333,0.3333333333333333
0,Family,PersonWithASibling,0,0_0_0,0.0,0.0,0.0,0.6435643564356436,0.0,,,,,
0,Family,PersonWithASibling,0,0_0_1,0.041666666666666664,0.08,1.0,0.6584158415841584,0.041666666666666664,,,,,
0,Family,PersonWithASibling,0,0_1_0,0.0,0.0,0.0,0.6435643564356436,0.0,,,,,
0,Family,PersonWithASibling,0,1_0_0,0.4444444444444444,0.5663716814159292,0.7804878048780488,0.7574257425742574,0.3950617283950617,,,,,
0,Family,PersonWithASibling,0,1_1_1,0.5416666666666666,0.582089552238806,0.6290322580645161,0.7227722772277227,0.4105263157894737,,,,,
0,Family,PersonWithASibling,5,0_0_0,0.0,0.0,0.0,0.6435643564356436,0.0,,,,,
0,Family,PersonWithASibling,5,0_0_1,0.041666666666666664,0.08,1.0,0.6584158415841584,0.041666666666666664,,,,,
0,Family,PersonWithASibling,5,0_1_0,0.0,0.0,0.0,0.6435643564356436,0.0,,,,,
0,Family,PersonWithASibling,5,1_0_0,0.4444444444444444,0.5663716814159292,0.7804878048780488,0.7574257425742574,0.3950617283950617,,,,,
0,Family,PersonWithASibling,5,1_1_1,0.5416666666666666,0.582089552238806,0.6290322580645161,0.7227722772277227,0.4105263157894737,,,,,
0,Family,PersonWithASibling,10,0_0_0,0.0,0.0,0.0,0.6435643564356436,0.0,,,,,
0,Family,PersonWithASibling,10,0_0_1,0.041666666666666664,0.08,1.0,0.6584158415841584,0.041666666666666664,,,,,
0,Family,PersonWithASibling,10,0_1_0,0.0,0.0,0.0,0.6435643564356436,0.0,,,,,
0,Family,PersonWithASibling,10,1_0_0,0.4444444444444444,0.5663716814159292,0.7804878048780488,0.7574257425742574,0.3950617283950617,,,,,
0,Family,PersonWithASibling,10,1_1_1,0.5416666666666666,0.582089552238806,0.6290322580645161,0.7227722772277227,0.4105263157894737,,,,,
0,Family,PersonWithASibling,15,0_0_0,0.0,0.0,0.0,0.6435643564356436,0.0,,,,,
0,Family,PersonWithASibling,15,0_0_1,0.041666666666666664,0.08,1.0,0.6584158415841584,0.041666666666666664,,,,,
0,Family,PersonWithASibling,15,0_1_0,0.0,0.0,0.0,0.6435643564356436,0.0,,,,,
0,Family,PersonWithASibling,15,1_0_0,0.4444444444444444,0.5663716814159292,0.7804878048780488,0.7574257425742574,0.3950617283950617,,,,,
0,Family,PersonWithASibling,15,1_1_1,0.5416666666666666,0.582089552238806,0.6290322580645161,0.7227722772277227,0.4105263157894737,,,,,
0,Family,PersonWithASibling,20,0_0_0,0.0,0.0,0.0,0.6435643564356436,0.0,,,,,
0,Family,PersonWithASibling,20,0_0_1,0.041666666666666664,0.08,1.0,0.6584158415841584,0.041666666666666664,,,,,
0,Family,PersonWithASibling,20,0_1_0,0.0,0.0,0.0,0.6435643564356436,0.0,,,,,
0,Family,PersonWithASibling,20,1_0_0,0.4444444444444444,0.5663716814159292,0.7804878048780488,0.7574257425742574,0.3950617283950617,,,,,
0,Family,PersonWithASibling,20,1_1_1,0.5416666666666666,0.582089552238806,0.6290322580645161,0.7227722772277227,0.4105263157894737,,,,,
0,Family,PersonWithASibling,25,0_0_0,0.0,0.0,0.0,0.6435643564356436,0.0,,,,,
0,Family,PersonWithASibling,25,0_0_1,0.041666666666666664,0.08,1.0,0.6584158415841584,0.041666666666666664,,,,,
0,Family,PersonWithASibling,25,0_1_0,0.0,0.0,0.0,0.6435643564356436,0.0,,,,,
0,Family,PersonWithASibling,25,1_0_0,0.4444444444444444,0.5663716814159292,0.7804878048780488,0.7574257425742574,0.3950617283950617,,,,,
0,Family,PersonWithASibling,25,1_1_1,0.5416666666666666,0.582089552238806,0.6290322580645161,0.7227722772277227,0.4105263157894737,,,,,
0,Family,PersonWithASibling,30,0_0_0,0.0,0.0,0.0,0.6435643564356436,0.0,,,,,
0,Family,PersonWithASibling,30,0_0_1,0.041666666666666664,0.08,1.0,0.6584158415841584,0.041666666666666664,,,,,
0,Family,PersonWithASibling,30,0_1_0,0.0,0.0,0.0,0.6435643564356436,0.0,,,,,
0,Family,PersonWithASibling,30,1_0_0,0.4444444444444444,0.5663716814159292,0.7804878048780488,0.7574257425742574,0.3950617283950617,,,,,
0,Family,PersonWithASibling,30,1_1_1,0.5416666666666666,0.582089552238806,0.6290322580645161,0.7227722772277227,0.4105263157894737,,,,,
0,Family,PersonWithASibling,35,0_0_0,0.0,0.0,0.0,0.6435643564356436,0.0,,,,,
0,Family,PersonWithASibling,35,0_0_1,0.041666666666666664,0.08,1.0,0.6584158415841584,0.041666666666666664,,,,,
0,Family,PersonWithASibling,35,0_1_0,0.0,0.0,0.0,0.6435643564356436,0.0,,,,,
0,Family,PersonWithASibling,35,1_0_0,0.4444444444444444,0.5663716814159292,0.7804878048780488,0.7574257425742574,0.3950617283950617,,,,,
0,Family,PersonWithASibling,35,1_1_1,0.5416666666666666,0.582089552238806,0.6290322580645161,0.7227722772277227,0.4105263157894737,,,,,
0,Family,PersonWithASibling,40,0_0_0,0.0,0.0,0.0,0.6435643564356436,0.0,,,,,
0,Family,PersonWithASibling,40,0_0_1,0.041666666666666664,0.08,1.0,0.6584158415841584,0.041666666666666664,,,,,
0,Family,PersonWithASibling,40,0_1_0,0.0,0.0,0.0,0.6435643564356436,0.0,,,,,
0,Family,PersonWithASibling,40,1_0_0,0.4444444444444444,0.5663716814159292,0.7804878048780488,0.7574257425742574,0.3950617283950617,,,,,
0,Family,PersonWithASibling,40,1_1_1,0.5416666666666666,0.582089552238806,0.6290322580645161,0.7227722772277227,0.4105263157894737,,,,,
0,Family,PersonWithASibling,45,0_0_0,0.0,0.0,0.0,0.6435643564356436,0.0,,,,,
0,Family,PersonWithASibling,45,0_0_1,0.041666666666666664,0.08,1.0,0.6584158415841584,0.041666666666666664,,,,,
0,Family,PersonWithASibling,45,0_1_0,0.0,0.0,0.0,0.6435643564356436,0.0,,,,,
0,Family,PersonWithASibling,45,1_0_0,0.4444444444444444,0.5663716814159292,0.7804878048780488,0.7574257425742574,0.3950617283950617,,,,,
0,Family,PersonWithASibling,45,1_1_1,0.5416666666666666,0.582089552238806,0.6290322580645161,0.7227722772277227,0.4105263157894737,,,,,
0,Family,PersonWithASibling,50,0_0_0,0.0,0.0,0.0,0.6435643564356436,0.0,,,,,
0,Family,PersonWithASibling,50,0_0_1,0.041666666666666664,0.08,1.0,0.6584158415841584,0.041666666666666664,,,,,
0,Family,PersonWithASibling,50,0_1_0,0.0,0.0,0.0,0.6435643564356436,0.0,,,,,
0,Family,PersonWithASibling,50,1_0_0,0.4444444444444444,0.5663716814159292,0.7804878048780488,0.7574257425742574,0.3950617283950617,,,,,
0,Family,PersonWithASibling,50,1_1_1,0.5416666666666666,0.582089552238806,0.6290322580645161,0.7227722772277227,0.4105263157894737,,,,,
0,Family,PersonWithASibling,55,0_0_0,0.0,0.0,0.0,0.6435643564356436,0.0,,,,,
0,Family,PersonWithASibling,55,0_0_1,0.041666666666666664,0.08,1.0,0.6584158415841584,0.041666666666666664,,,,,
0,Family,PersonWithASibling,55,0_1_0,0.0,0.0,0.0,0.6435643564356436,0.0,,,,,
0,Family,PersonWithASibling,55,1_0_0,0.4444444444444444,0.5663716814159292,0.7804878048780488,0.7574257425742574,0.3950617283950617,,,,,
0,Family,PersonWithASibling,55,1_1_1,0.5416666666666666,0.582089552238806,0.6290322580645161,0.7227722772277227,0.4105263157894737,,,,,
0,Family,PersonWithASibling,60,0_0_0,0.0,0.0,0.0,0.6435643564356436,0.0,,,,,
0,Family,PersonWithASibling,60,0_0_1,0.041666666666666664,0.08,1.0,0.6584158415841584,0.041666666666666664,,,,,
0,Family,PersonWithASibling,60,0_1_0,0.0,0.0,0.0,0.6435643564356436,0.0,,,,,
0,Family,PersonWithASibling,60,1_0_0,0.4444444444444444,0.5663716814159292,0.7804878048780488,0.7574257425742574,0.3950617283950617,,,,,
0,Family,PersonWithASibling,60,1_1_1,0.5416666666666666,0.582089552238806,0.6290322580645161,0.7227722772277227,0.4105263157894737,,,,,
0,Family,PersonWithASibling,65,0_0_0,0.0,0.0,0.0,0.6435643564356436,0.0,,,,,
0,Family,PersonWithASibling,65,0_0_1,0.041666666666666664,0.08,1.0,0.6584158415841584,0.041666666666666664,,,,,
0,Family,PersonWithASibling,65,0_1_0,0.0,0.0,0.0,0.6435643564356436,0.0,,,,,
0,Family,PersonWithASibling,65,1_0_0,0.4444444444444444,0.5663716814159292,0.7804878048780488,0.7574257425742574,0.3950617283950617,,,,,
0,Family,PersonWithASibling,65,1_1_1,0.5416666666666666,0.582089552238806,0.6290322580645161,0.7227722772277227,0.4105263157894737,,,,,
0,Family,PersonWithASibling,70,0_0_0,0.0,0.0,0.0,0.6435643564356436,0.0,,,,,
0,Family,PersonWithASibling,70,0_0_1,0.041666666666666664,0.08,1.0,0.6584158415841584,0.041666666666666664,,,,,
0,Family,PersonWithASibling,70,0_1_0,0.0,0.0,0.0,0.6435643564356436,0.0,,,,,
0,Family,PersonWithASibling,70,1_0_0,0.4444444444444444,0.5663716814159292,0.7804878048780488,0.7574257425742574,0.3950617283950617,,,,,
0,Family,PersonWithASibling,70,1_1_1,0.5416666666666666,0.582089552238806,0.6290322580645161,0.7227722772277227,0.4105263157894737,,,,,
0,Family,PersonWithASibling,75,0_0_0,0.0,0.0,0.0,0.6435643564356436,0.0,,,,,
0,Family,PersonWithASibling,75,0_0_1,0.041666666666666664,0.08,1.0,0.6584158415841584,0.041666666666666664,,,,,
0,Family,PersonWithASibling,75,0_1_0,0.0,0.0,0.0,0.6435643564356436,0.0,,,,,
0,Family,PersonWithASibling,75,1_0_0,0.4444444444444444,0.5663716814159292,0.7804878048780488,0.7574257425742574,0.3950617283950617,,,,,
0,Family,PersonWithASibling,75,1_1_1,0.5416666666666666,0.582089552238806,0.6290322580645161,0.7227722772277227,0.4105263157894737,,,,,
0,Family,PersonWithASibling,80,0_0_0,0.0,0.0,0.0,0.6435643564356436,0.0,,,,,
0,Family,PersonWithASibling,80,0_0_1,0.041666666666666664,0.08,1.0,0.6584158415841584,0.041666666666666664,,,,,
0,Family,PersonWithASibling,80,0_1_0,0.0,0.0,0.0,0.6435643564356436,0.0,,,,,
0,Family,PersonWithASibling,80,1_0_0,0.4444444444444444,0.5663716814159292,0.7804878048780488,0.7574257425742574,0.3950617283950617,,,,,
0,Family,PersonWithASibling,80,1_1_1,0.5416666666666666,0.582089552238806,0.6290322580645161,0.7227722772277227,0.4105263157894737,,,,,
0,Family,Child,0,0_0_0,0.0,0.0,0.0,0.48514851485148514,0.0,,,,,
0,Family,Child,0,0_0_1,0.10576923076923077,0.1896551724137931,0.9166666666666666,0.5346534653465347,0.10476190476190476,,,,,
0,Family,Child,0,0_1_0,0.009615384615384616,0.01904761904761905,1.0,0.4900990099009901,0.009615384615384616,,,,,
0,Family,Child,0,1_0_0,0.7980769230769231,0.8177339901477833,0.8383838383838383,0.8168316831683168,0.6916666666666667,,,,,
0,Family,Child,0,1_1_1,0.5,0.5561497326203209,0.6265060240963856,0.5891089108910891,0.3851851851851852,,,,,
0,Family,Child,5,0_0_0,0.0,0.0,0.0,0.48514851485148514,0.0,,,,,
0,Family,Child,5,0_0_1,0.10576923076923077,0.1896551724137931,0.9166666666666666,0.5346534653465347,0.10476190476190476,,,,,
0,Family,Child,5,0_1_0,0.009615384615384616,0.01904761904761905,1.0,0.4900990099009901,0.009615384615384616,,,,,
0,Family,Child,5,1_0_0,0.7980769230769231,0.8177339901477833,0.8383838383838383,0.8168316831683168,0.6916666666666667,,,,,
0,Family,Child,5,1_1_1,0.5,0.5561497326203209,0.6265060240963856,0.5891089108910891,0.3851851851851852,,,,,
0,Family,Child,10,0_0_0,0.0,0.0,0.0,0.48514851485148514,0.0,,,,,
0,Family,Child,10,0_0_1,0.10576923076923077,0.1896551724137931,0.9166666666666666,0.5346534653465347,0.10476190476190476,,,,,
0,Family,Child,10,0_1_0,0.009615384615384616,0.01904761904761905,1.0,0.4900990099009901,0.009615384615384616,,,,,
0,Family,Child,10,1_0_0,0.7980769230769231,0.8177339901477833,0.8383838383838383,0.8168316831683168,0.6916666666666667,,,,,
0,Family,Child,10,1_1_1,0.5,0.5561497326203209,0.6265060240963856,0.5891089108910891,0.3851851851851852,,,,,
0,Family,Child,15,0_0_0,0.0,0.0,0.0,0.48514851485148514,0.0,,,,,
0,Family,Child,15,0_0_1,0.10576923076923077,0.1896551724137931,0.9166666666666666,0.5346534653465347,0.10476190476190476,,,,,
0,Family,Child,15,0_1_0,0.009615384615384616,0.01904761904761905,1.0,0.4900990099009901,0.009615384615384616,,,,,
0,Family,Child,15,1_0_0,0.7980769230769231,0.8177339901477833,0.8383838383838383,0.8168316831683168,0.6916666666666667,,,,,
0,Family,Child,15,1_1_1,0.5,0.5561497326203209,0.6265060240963856,0.5891089108910891,0.3851851851851852,,,,,
0,Family,Child,20,0_0_0,0.0,0.0,0.0,0.48514851485148514,0.0,,,,,
0,Family,Child,20,0_0_1,0.10576923076923077,0.1896551724137931,0.9166666666666666,0.5346534653465347,0.10476190476190476,,,,,
0,Family,Child,20,0_1_0,0.009615384615384616,0.01904761904761905,1.0,0.4900990099009901,0.009615384615384616,,,,,
0,Family,Child,20,1_0_0,0.7980769230769231,0.8177339901477833,0.8383838383838383,0.8168316831683168,0.6916666666666667,,,,,
0,Family,Child,20,1_1_1,0.5,0.5561497326203209,0.6265060240963856,0.5891089108910891,0.3851851851851852,,,,,
0,Family,Child,25,0_0_0,0.0,0.0,0.0,0.48514851485148514,0.0,,,,,
0,Family,Child,25,0_0_1,0.10576923076923077,0.1896551724137931,0.9166666666666666,0.5346534653465347,0.10476190476190476,,,,,
0,Family,Child,25,0_1_0,0.009615384615384616,0.01904761904761905,1.0,0.4900990099009901,0.009615384615384616,,,,,
0,Family,Child,25,1_0_0,0.7980769230769231,0.8177339901477833,0.8383838383838383,0.8168316831683168,0.6916666666666667,,,,,
0,Family,Child,25,1_1_1,0.5,0.5561497326203209,0.6265060240963856,0.5891089108910891,0.3851851851851852,,,,,
0,Family,Child,30,0_0_0,0.0,0.0,0.0,0.48514851485148514,0.0,,,,,
0,Family,Child,30,0_0_1,0.10576923076923077,0.1896551724137931,0.9166666666666666,0.5346534653465347,0.10476190476190476,,,,,
0,Family,Child,30,0_1_0,0.009615384615384616,0.01904761904761905,1.0,0.4900990099009901,0.009615384615384616,,,,,
0,Family,Child,30,1_0_0,0.7980769230769231,0.8177339901477833,0.8383838383838383,0.8168316831683168,0.6916666666666667,,,,,
0,Family,Child,30,1_1_1,0.5,0.5561497326203209,0.6265060240963856,0.5891089108910891,0.3851851851851852,,,,,
0,Family,Child,35,0_0_0,0.0,0.0,0.0,0.48514851485148514,0.0,,,,,
0,Family,Child,35,0_0_1,0.10576923076923077,0.1896551724137931,0.9166666666666666,0.5346534653465347,0.10476190476190476,,,,,
0,Family,Child,35,0_1_0,0.009615384615384616,0.01904761904761905,1.0,0.4900990099009901,0.009615384615384616,,,,,
0,Family,Child,35,1_0_0,0.7980769230769231,0.8177339901477833,0.8383838383838383,0.8168316831683168,0.6916666666666667,,,,,
0,Family,Child,35,1_1_1,0.5,0.5561497326203209,0.6265060240963856,0.5891089108910891,0.3851851851851852,,,,,
0,Family,Child,40,0_0_0,0.0,0.0,0.0,0.48514851485148514,0.0,,,,,
0,Family,Child,40,0_0_1,0.10576923076923077,0.1896551724137931,0.9166666666666666,0.5346534653465347,0.10476190476190476,,,,,
0,Family,Child,40,0_1_0,0.009615384615384616,0.01904761904761905,1.0,0.4900990099009901,0.009615384615384616,,,,,
0,Family,Child,40,1_0_0,0.7980769230769231,0.8177339901477833,0.8383838383838383,0.8168316831683168,0.6916666666666667,,,,,
0,Family,Child,40,1_1_1,0.5,0.5561497326203209,0.6265060240963856,0.5891089108910891,0.3851851851851852,,,,,
0,Family,Child,45,0_0_0,0.0,0.0,0.0,0.48514851485148514,0.0,,,,,
0,Family,Child,45,0_0_1,0.10576923076923077,0.1896551724137931,0.9166666666666666,0.5346534653465347,0.10476190476190476,,,,,
0,Family,Child,45,0_1_0,0.009615384615384616,0.01904761904761905,1.0,0.4900990099009901,0.009615384615384616,,,,,
0,Family,Child,45,1_0_0,0.7980769230769231,0.8177339901477833,0.8383838383838383,0.8168316831683168,0.6916666666666667,,,,,
0,Family,Child,45,1_1_1,0.5,0.5561497326203209,0.6265060240963856,0.5891089108910891,0.3851851851851852,,,,,
0,Family,Child,50,0_0_0,0.0,0.0,0.0,0.48514851485148514,0.0,,,,,
0,Family,Child,50,0_0_1,0.10576923076923077,0.1896551724137931,0.9166666666666666,0.5346534653465347,0.10476190476190476,,,,,
0,Family,Child,50,0_1_0,0.009615384615384616,0.01904761904761905,1.0,0.4900990099009901,0.009615384615384616,,,,,
0,Family,Child,50,1_0_0,0.7980769230769231,0.8177339901477833,0.8383838383838383,0.8168316831683168,0.6916666666666667,,,,,
0,Family,Child,50,1_1_1,0.5,0.5561497326203209,0.6265060240963856,0.5891089108910891,0.3851851851851852,,,,,
0,Family,Child,55,0_0_0,0.0,0.0,0.0,0.48514851485148514,0.0,,,,,
0,Family,Child,55,0_0_1,0.10576923076923077,0.1896551724137931,0.9166666666666666,0.5346534653465347,0.10476190476190476,,,,,
0,Family,Child,55,0_1_0,0.009615384615384616,0.01904761904761905,1.0,0.4900990099009901,0.009615384615384616,,,,,
0,Family,Child,55,1_0_0,0.7980769230769231,0.8177339901477833,0.8383838383838383,0.8168316831683168,0.6916666666666667,,,,,
0,Family,Child,55,1_1_1,0.5,0.5561497326203209,0.6265060240963856,0.5891089108910891,0.3851851851851852,,,,,
0,Family,Child,60,0_0_0,0.0,0.0,0.0,0.48514851485148514,0.0,,,,,
0,Family,Child,60,0_0_1,0.10576923076923077,0.1896551724137931,0.9166666666666666,0.5346534653465347,0.10476190476190476,,,,,
0,Family,Child,60,0_1_0,0.009615384615384616,0.01904761904761905,1.0,0.4900990099009901,0.009615384615384616,,,,,
0,Family,Child,60,1_0_0,0.7980769230769231,0.8177339901477833,0.8383838383838383,0.8168316831683168,0.6916666666666667,,,,,
0,Family,Child,60,1_1_1,0.5,0.5561497326203209,0.6265060240963856,0.5891089108910891,0.3851851851851852,,,,,
0,Family,Child,65,0_0_0,0.0,0.0,0.0,0.48514851485148514,0.0,,,,,
0,Family,Child,65,0_0_1,0.10576923076923077,0.1896551724137931,0.9166666666666666,0.5346534653465347,0.10476190476190476,,,,,
0,Family,Child,65,0_1_0,0.009615384615384616,0.01904761904761905,1.0,0.4900990099009901,0.009615384615384616,,,,,
0,Family,Child,65,1_0_0,0.7980769230769231,0.8177339901477833,0.8383838383838383,0.8168316831683168,0.6916666666666667,,,,,
0,Family,Child,65,1_1_1,0.5,0.5561497326203209,0.6265060240963856,0.5891089108910891,0.3851851851851852,,,,,
0,Family,Child,70,0_0_0,0.0,0.0,0.0,0.48514851485148514,0.0,,,,,
0,Family,Child,70,0_0_1,0.10576923076923077,0.1896551724137931,0.9166666666666666,0.5346534653465347,0.10476190476190476,,,,,
0,Family,Child,70,0_1_0,0.009615384615384616,0.01904761904761905,1.0,0.4900990099009901,0.009615384615384616,,,,,
0,Family,Child,70,1_0_0,0.7980769230769231,0.8177339901477833,0.8383838383838383,0.8168316831683168,0.6916666666666667,,,,,
0,Family,Child,70,1_1_1,0.5,0.5561497326203209,0.6265060240963856,0.5891089108910891,0.3851851851851852,,,,,
0,Family,Child,75,0_0_0,0.0,0.0,0.0,0.48514851485148514,0.0,,,,,
0,Family,Child,75,0_0_1,0.10576923076923077,0.1896551724137931,0.9166666666666666,0.5346534653465347,0.10476190476190476,,,,,
0,Family,Child,75,0_1_0,0.009615384615384616,0.01904761904761905,1.0,0.4900990099009901,0.009615384615384616,,,,,
0,Family,Child,75,1_0_0,0.7980769230769231,0.8177339901477833,0.8383838383838383,0.8168316831683168,0.6916666666666667,,,,,
0,Family,Child,75,1_1_1,0.5,0.5561497326203209,0.6265060240963856,0.5891089108910891,0.3851851851851852,,,,,
0,Family,Child,80,0_0_0,0.0,0.0,0.0,0.48514851485148514,0.0,,,,,
0,Family,Child,80,0_0_1,0.10576923076923077,0.1896551724137931,0.9166666666666666,0.5346534653465347,0.10476190476190476,,,,,
0,Family,Child,80,0_1_0,0.009615384615384616,0.01904761904761905,1.0,0.4900990099009901,0.009615384615384616,,,,,
0,Family,Child,80,1_0_0,0.7980769230769231,0.8177339901477833,0.8383838383838383,0.8168316831683168,0.6916666666666667,,,,,
0,Family,Child,80,1_1_1,0.5,0.5561497326203209,0.6265060240963856,0.5891089108910891,0.3851851851851852,,,,,
0,Family,Person,0,0_0_0,0.8712871287128713,0.9312169312169312,1.0,0.8712871287128713,0.8712871287128713,,,,,
0,Family,Person,0,0_0_1,1.0,1.0,1.0,1.0,1.0,,,,,
0,Family,Person,0,0_1_0,1.0,1.0,1.0,1.0,1.0,,,,,
0,Family,Person,0,1_0_0,1.0,1.0,1.0,1.0,1.0,,,,,
0,Family,Person,0,1_1_1,0.6089108910891089,0.7569230769230769,1.0,0.6089108910891089,0.6089108910891089,,,,,
0,Family,Person,5,0_0_0,0.3465346534653465,0.5147058823529411,1.0,0.3465346534653465,0.3465346534653465,,,,,
0,Family,Person,5,0_0_1,0.9702970297029703,0.9849246231155779,1.0,0.9702970297029703,0.9702970297029703,,,,,
0,Family,Person,5,0_1_0,1.0,1.0,1.0,1.0,1.0,,,,,
0,Family,Person,5,1_0_0,1.0,1.0,1.0,1.0,1.0,,,,,
0,Family,Person,5,1_1_1,0.5099009900990099,0.6754098360655738,1.0,0.5099009900990099,0.5099009900990099,,,,,
0,Family,Person,10,0_0_0,0.29207920792079206,0.4521072796934866,1.0,0.29207920792079206,0.29207920792079206,,,,,
0,Family,Person,10,0_0_1,0.995049504950495,0.9975186104218362,1.0,0.995049504950495,0.995049504950495,,,,,
0,Family,Person,10,0_1_0,0.9752475247524752,0.9874686716791979,1.0,0.9752475247524752,0.9752475247524752,,,,,
0,Family,Person,10,1_0_0,1.0,1.0,1.0,1.0,1.0,,,,,
0,Family,Person,10,1_1_1,0.32673267326732675,0.4925373134328358,1.0,0.32673267326732675,0.32673267326732675,,,,,
0,Family,Person,15,0_0_0,0.7326732673267327,0.8457142857142858,1.0,0.7326732673267327,0.7326732673267327,,,,,
0,Family,Person,15,0_0_1,0.9702970297029703,0.9849246231155779,1.0,0.9702970297029703,0.9702970297029703,,,,,
0,Family,Person,15,0_1_0,0.9603960396039604,0.9797979797979798,1.0,0.9603960396039604,0.9603960396039604,,,,,
0,Family,Person,15,1_0_0,1.0,1.0,1.0,1.0,1.0,,,,,
0,Family,Person,15,1_1_1,0.28217821782178215,0.44015444015444016,1.0,0.28217821782178215,0.28217821782178215,,,,,
0,Family,Person,20,0_0_0,0.504950495049505,0.6710526315789473,1.0,0.504950495049505,0.504950495049505,,,,,
0,Family,Person,20,0_0_1,0.9801980198019802,0.99,1.0,0.9801980198019802,0.9801980198019802,,,,,
0,Family,Person,20,0_1_0,0.9702970297029703,0.9849246231155779,1.0,0.9702970297029703,0.9702970297029703,,,,,
0,Family,Person,20,1_0_0,1.0,1.0,1.0,1.0,1.0,,,,,
0,Family,Person,20,1_1_1,0.22772277227722773,0.3709677419354839,1.0,0.22772277227722773,0.22772277227722773,,,,,
0,Family,Person,25,0_0_0,0.4504950495049505,0.621160409556314,1.0,0.4504950495049505,0.4504950495049505,,,,,
0,Family,Person,25,0_0_1,0.7524752475247525,0.8587570621468926,1.0,0.7524752475247525,0.7524752475247525,,,,,
0,Family,Person,25,0_1_0,0.7524752475247525,0.8587570621468926,1.0,0.7524752475247525,0.7524752475247525,,,,,
0,Family,Person,25,1_0_0,1.0,1.0,1.0,1.0,1.0,,,,,
0,Family,Person,25,1_1_1,0.0,0.0,0.0,0.0,0.0,,,,,
0,Family,Person,30,0_0_0,0.009900990099009901,0.0196078431372549,1.0,0.009900990099009901,0.009900990099009901,,,,,
0,Family,Person,30,0_0_1,0.7128712871287128,0.8323699421965318,1.0,0.7128712871287128,0.7128712871287128,,,,,
0,Family,Person,30,0_1_0,0.7722772277227723,0.8715083798882681,1.0,0.7722772277227723,0.7722772277227723,,,,,
0,Family,Person,30,1_0_0,1.0,1.0,1.0,1.0,1.0,,,,,
0,Family,Person,30,1_1_1,0.21287128712871287,0.3510204081632653,1.0,0.21287128712871287,0.21287128712871287,,,,,
0,Family,Person,35,0_0_0,0.0049504950495049506,0.009852216748768473,1.0,0.0049504950495049506,0.0049504950495049506,,,,,
0,Family,Person,35,0_0_1,0.6881188118811881,0.8152492668621701,1.0,0.6881188118811881,0.6881188118811881,,,,,
0,Family,Person,35,0_1_0,0.9257425742574258,0.961439588688946,1.0,0.9257425742574258,0.9257425742574258,,,,,
0,Family,Person,35,1_0_0,1.0,1.0,1.0,1.0,1.0,,,,,
0,Family,Person,35,1_1_1,0.400990099009901,0.5724381625441696,1.0,0.400990099009901,0.400990099009901,,,,,
0,Family,Person,40,0_0_0,0.009900990099009901,0.0196078431372549,1.0,0.009900990099009901,0.009900990099009901,,,,,
0,Family,Person,40,0_0_1,0.9405940594059405,0.9693877551020408,1.0,0.9405940594059405,0.9405940594059405,,,,,
0,Family,Person,40,0_1_0,0.6485148514851485,0.7867867867867868,1.0,0.6485148514851485,0.6485148514851485,,,,,
0,Family,Person,40,1_0_0,1.0,1.0,1.0,1.0,1.0,,,,,
0,Family,Person,40,1_1_1,0.2871287128712871,0.4461538461538462,1.0,0.2871287128712871,0.2871287128712871,,,,,
0,Family,Person,45,0_0_0,0.04455445544554455,0.08530805687203792,1.0,0.04455445544554455,0.04455445544554455,,,,,
0,Family,Person,45,0_0_1,0.7326732673267327,0.8457142857142858,1.0,0.7326732673267327,0.7326732673267327,,,,,
0,Family,Person,45,0_1_0,0.6089108910891089,0.7569230769230769,1.0,0.6089108910891089,0.6089108910891089,,,,,
0,Family,Person,45,1_0_0,1.0,1.0,1.0,1.0,1.0,,,,,
0,Family,Person,45,1_1_1,0.2871287128712871,0.4461538461538462,1.0,0.2871287128712871,0.2871287128712871,,,,,
0,Family,Person,50,0_0_0,0.13861386138613863,0.24347826086956523,1.0,0.13861386138613863,0.13861386138613863,,,,,
0,Family,Person,50,0_0_1,0.5594059405940595,0.7174603174603175,1.0,0.5594059405940595,0.5594059405940595,,,,,
0,Family,Person,50,0_1_0,0.9207920792079208,0.9587628865979382,1.0,0.9207920792079208,0.9207920792079208,,,,,
0,Family,Person,50,1_0_0,1.0,1.0,1.0,1.0,1.0,,,,,
0,Family,Person,50,1_1_1,0.7376237623762376,0.8490028490028491,1.0,0.7376237623762376,0.7376237623762376,,,,,
0,Family,Person,55,0_0_0,0.0594059405940594,0.11214953271028037,1.0,0.0594059405940594,0.0594059405940594,,,,,
0,Family,Person,55,0_0_1,0.45544554455445546,0.6258503401360545,1.0,0.45544554455445546,0.45544554455445546,,,,,
0,Family,Person,55,0_1_0,0.7178217821782178,0.8357348703170029,1.0,0.7178217821782178,0.7178217821782178,,,,,
0,Family,Person,55,1_0_0,1.0,1.0,1.0,1.0,1.0,,,,,
0,Family,Person,55,1_1_1,0.297029702970297,0.4580152671755725,1.0,0.297029702970297,0.297029702970297,,,,,
0,Family,Person,60,0_0_0,0.18316831683168316,0.30962343096234307,1.0,0.18316831683168316,0.18316831683168316,,,,,
0,Family,Person,60,0_0_1,0.42574257425742573,0.5972222222222222,1.0,0.42574257425742573,0.42574257425742573,,,,,
0,Family,Person,60,0_1_0,0.7722772277227723,0.8715083798882681,1.0,0.7722772277227723,0.7722772277227723,,,,,
0,Family,Person,60,1_0_0,0.9900990099009901,0.9950248756218906,1.0,0.9900990099009901,0.9900990099009901,,,,,
0,Family,Person,60,1_1_1,0.7178217821782178,0.8357348703170029,1.0,0.7178217821782178,0.7178217821782178,,,,,
0,Family,Person,65,0_0_0,0.20297029702970298,0.3374485596707819,1.0,0.20297029702970298,0.20297029702970298,,,,,
0,Family,Person,65,0_0_1,0.4158415841584158,0.5874125874125874,1.0,0.4158415841584158,0.4158415841584158,,,,,
0,Family,Person,65,0_1_0,0.6188118811881188,0.764525993883792,1.0,0.6188118811881188,0.6188118811881188,,,,,
0,Family,Person,65,1_0_0,0.9900990099009901,0.9950248756218906,1.0,0.9900990099009901,0.9900990099009901,,,,,
0,Family,Person,65,1_1_1,0.400990099009901,0.5724381625441696,1.0,0.400990099009901,0.400990099009901,,,,,
0,Family,Person,70,0_0_0,0.04455445544554455,0.08530805687203792,1.0,0.04455445544554455,0.04455445544554455,,,,,
0,Family,Person,70,0_0_1,0.3217821782178218,0.4868913857677903,1.0,0.3217821782178218,0.3217821782178218,,,,,
0,Family,Person,70,0_1_0,0.30198019801980197,0.46387832699619774,1.0,0.30198019801980197,0.30198019801980197,,,,,
0,Family,Person,70,1_0_0,0.9752475247524752,0.9874686716791979,1.0,0.9752475247524752,0.9752475247524752,,,,,
0,Family,Person,70,1_1_1,0.38613861386138615,0.5571428571428572,1.0,0.38613861386138615,0.38613861386138615,,,,,
0,Family,Person,75,0_0_0,0.01485148514851485,0.02926829268292683,1.0,0.01485148514851485,0.01485148514851485,,,,,
0,Family,Person,75,0_0_1,0.2524752475247525,0.4031620553359684,1.0,0.2524752475247525,0.2524752475247525,,,,,
0,Family,Person,75,0_1_0,0.25742574257425743,0.4094488188976378,1.0,0.25742574257425743,0.25742574257425743,,,,,
0,Family,Person,75,1_0_0,1.0,1.0,1.0,1.0,1.0,,,,,
0,Family,Person,75,1_1_1,0.6831683168316832,0.8117647058823529,1.0,0.6831683168316832,0.6831683168316832,,,,,
0,Family,Person,80,0_0_0,0.0049504950495049506,0.009852216748768473,1.0,0.0049504950495049506,0.0049504950495049506,,,,,
0,Family,Person,80,0_0_1,0.20297029702970298,0.3374485596707819,1.0,0.20297029702970298,0.20297029702970298,,,,,
0,Family,Person,80,0_1_0,0.20297029702970298,0.3374485596707819,1.0,0.20297029702970298,0.20297029702970298,,,,,
0,Family,Person,80,1_0_0,0.6683168316831684,0.8011869436201781,1.0,0.6683168316831684,0.6683168316831684,,,,,
0,Family,Person,80,1_1_1,0.4207920792079208,0.5923344947735192,1.0,0.4207920792079208,0.4207920792079208,,,,,
0,Family,Daughter,0,0_0_0,0.8653846153846154,0.9278350515463918,1.0,0.9653465346534653,0.8653846153846154,,,,,
0,Family,Daughter,0,0_0_1,1.0,0.7647058823529411,0.6190476190476191,0.8415841584158416,0.6190476190476191,,,,,
0,Family,Daughter,0,0_1_0,1.0,0.859504132231405,0.7536231884057971,0.9158415841584159,0.7536231884057971,,,,,
0,Family,Daughter,0,1_0_0,1.0,0.4094488188976378,0.25742574257425743,0.25742574257425743,0.25742574257425743,,,,,
0,Family,Daughter,0,1_1_1,1.0,0.5445026178010471,0.37410071942446044,0.5693069306930693,0.37410071942446044,,,,,
0,Family,Daughter,5,0_0_0,0.8653846153846154,0.9278350515463918,1.0,0.9653465346534653,0.8653846153846154,0.0,0.0,0.0,0.0,0.0
0,Family,Daughter,5,0_0_1,1.0,0.7878787878787878,0.65,0.8613861386138614,0.65,1.0,1.0,1.0,1.0,1.0
0,Family,Daughter,5,0_1_0,1.0,0.8739495798319328,0.7761194029850746,0.9257425742574258,0.7761194029850746,1.0,1.0,1.0,1.0,1.0
0,Family,Daughter,5,1_0_0,1.0,0.4094488188976378,0.25742574257425743,0.25742574257425743,0.25742574257425743,1.0,1.0,1.0,1.0,1.0
0,Family,Daughter,5,1_1_1,0.9230769230769231,0.5133689839572193,0.35555555555555557,0.5495049504950495,0.34532374100719426,0.0,0.0,0.0,0.0,0.0
0,Family,Daughter,10,0_0_0,0.7884615384615384,0.8817204301075269,1.0,0.9455445544554455,0.7884615384615384,0.0,0.0,0.0,0.0,0.0
0,Family,Daughter,10,0_0_1,1.0,0.8062015503875969,0.6753246753246753,0.8762376237623762,0.6753246753246753,1.0,1.0,1.0,1.0,1.0
0,Family,Daughter,10,0_1_0,1.0,0.8888888888888888,0.8,0.9356435643564357,0.8,1.0,1.0,1.0,1.0,1.0
0,Family,Daughter,10,1_0_0,1.0,0.4126984126984127,0.26,0.26732673267326734,0.26,1.0,1.0,1.0,1.0,1.0
0,Family,Daughter,10,1_1_1,0.9423076923076923,0.5077720207253886,0.3475177304964539,0.5297029702970297,0.3402777777777778,0.6,0.75,1.0,0.6,0.6
0,Family,Daughter,15,0_0_0,0.7115384615384616,0.8314606741573034,1.0,0.9257425742574258,0.7115384615384616,0.0,0.0,0.0,0.0,0.0
0,Family,Daughter,15,0_0_1,0.9807692307692307,0.8429752066115702,0.7391304347826086,0.905940594059406,0.7285714285714285,0.8571428571428571,0.9230769230769231,1.0,0.8571428571428571,0.8571428571428571
0,Family,Daughter,15,0_1_0,1.0,0.9043478260869565,0.8253968253968254,0.9455445544554455,0.8253968253968254,1.0,1.0,1.0,1.0,1.0
0,Family,Daughter,15,1_0_0,1.0,0.41434262948207173,0.2613065326633166,0.2722772277227723,0.2613065326633166,1.0,1.0,1.0,1.0,1.0
0,Family,Daughter,15,1_1_1,0.9423076923076923,0.5185185185185185,0.35766423357664234,0.5495049504950495,0.35,0.7142857142857143,0.8333333333333334,1.0,0.7142857142857143,0.7142857142857143
0,Family,Daughter,20,0_0_0,0.7307692307692307,0.8444444444444444,1.0,0.9306930693069307,0.7307692307692307,0.0,0.0,0.0,0.0,0.0
0,Family,Daughter,20,0_0_1,0.9807692307692307,0.8793103448275862,0.796875,0.9306930693069307,0.7846153846153846,0.9,0.9473684210526315,1.0,0.9,0.9
0,Family,Daughter,20,0_1_0,1.0,0.5777777777777777,0.40625,0.6237623762376238,0.40625,1.0,1.0,1.0,1.0,1.0
0,Family,Daughter,20,1_0_0,1.0,0.41767068273092367,0.2639593908629442,0.28217821782178215,0.2639593908629442,1.0,1.0,1.0,1.0,1.0
0,Family,Daughter,20,1_1_1,0.9807692307692307,0.4788732394366197,0.3167701863354037,0.4504950495049505,0.3148148148148148,0.9,0.9473684210526315,1.0,0.9,0.9
0,Family,Daughter,25,0_0_0,0.7115384615384616,0.8314606741573034,1.0,0.9257425742574258,0.7115384615384616,0.0,0.0,0.0,0.0,0.0
0,Family,Daughter,25,0_0_1,0.9615384615384616,0.9259259259259259,0.8928571428571429,0.9603960396039604,0.8620689655172413,0.8461538461538461,0.9166666666666666,1.0,0.8461538461538461,0.8461538461538461
0,Family,Daughter,25,0_1_0,1.0,0.6540880503144654,0.48598130841121495,0.7277227722772277,0.48598130841121495,1.0,1.0,1.0,1.0,1.0
0,Family,Daughter,25,1_0_0,1.0,0.416,0.26262626262626265,0.27722772277227725,0.26262626262626265,1.0,1.0,1.0,1.0,1.0
0,Family,Daughter,25,1_1_1,0.7692307692307693,0.6299212598425197,0.5333333333333333,0.7673267326732673,0.45977011494252873,0.6923076923076923,0.8181818181818182,1.0,0.6923076923076923,0.6923076923076923
0,Family,Daughter,30,0_0_0,0.6153846153846154,0.7619047619047619,1.0,0.900990099009901,0.6153846153846154,0.0,0.0,0.0,0.0,0.0
0,Family,Daughter,30,0_0_1,0.8846153846153846,0.8288288288288288,0.7796610169491526,0.905940594059406,0.7076923076923077,0.6,0.75,1.0,0.6,0.6
0,Family,Daughter,30,0_1_0,1.0,0.7536231884057971,0.6046511627906976,0.8316831683168316,0.6046511627906976,1.0,1.0,1.0,1.0,1.0
0,Family,Daughter,30,1_0_0,1.0,0.4279835390946502,0.27225130890052357,0.3118811881188119,0.27225130890052357,1.0,1.0,1.0,1.0,1.0
0,Family,Daughter,30,1_1_1,0.5769230769230769,0.5454545454545454,0.5172413793103449,0.7524752475247525,0.375,0.26666666666666666,0.42105263157894735,1.0,0.26666666666666666,0.26666666666666666
0,Family,Daughter,35,0_0_0,0.5769230769230769,0.7317073170731707,1.0,0.8910891089108911,0.5769230769230769,0.0,0.0,0.0,0.0,0.0
0,Family,Daughter,35,0_0_1,0.7692307692307693,0.7692307692307693,0.7692307692307693,0.8811881188118812,0.625,0.3333333333333333,0.5,1.0,0.3333333333333333,0.3333333333333333
0,Family,Daughter,35,0_1_0,0.9807692307692307,0.7611940298507462,0.6219512195121951,0.8415841584158416,0.6144578313253012,0.9444444444444444,0.9714285714285714,1.0,0.9444444444444444,0.9444444444444444
0,Family,Daughter,35,1_0_0,1.0,0.4262295081967213,0.2708333333333333,0.3069306930693069,0.2708333333333333,1.0,1.0,1.0,1.0,1.0
0,Family,Daughter,35,1_1_1,0.5769230769230769,0.5357142857142857,0.5,0.7425742574257426,0.36585365853658536,0.3333333333333333,0.5,1.0,0.3333333333333333,0.3333333333333333
0,Family,Daughter,40,0_0_0,0.5576923076923077,0.7160493827160493,1.0,0.8861386138613861,0.5576923076923077,0.0,0.0,0.0,0.0,0.0
0,Family,Daughter,40,0_0_1,0.6923076923076923,0.782608695652174,0.9,0.900990099009901,0.6428571428571429,0.2,0.3333333333333333,1.0,0.2,0.2
0,Family,Daughter,40,0_1_0,0.8461538461538461,0.8543689320388349,0.8627450980392157,0.9257425742574258,0.7457627118644068,0.6,0.75,1.0,0.6,0.6
0,Family,Daughter,40,1_0_0,1.0,0.5048543689320388,0.33766233766233766,0.49504950495049505,0.33766233766233766,1.0,1.0,1.0,1.0,1.0
0,Family,Daughter,40,1_1_1,0.4807692307692308,0.4672897196261682,0.45454545454545453,0.7178217821782178,0.3048780487804878,0.2,0.3333333333333333,1.0,0.2,0.2
0,Family,Daughter,45,0_0_0,0.5192307692307693,0.6835443037974683,1.0,0.8762376237623762,0.5192307692307693,0.0,0.0,0.0,0.0,0.0
0,Family,Daughter,45,0_0_1,0.6538461538461539,0.7727272727272727,0.9444444444444444,0.900990099009901,0.6296296296296297,0.21739130434782608,0.35714285714285715,1.0,0.21739130434782608,0.21739130434782608
0,Family,Daughter,45,0_1_0,0.8653846153846154,0.8737864077669902,0.8823529411764706,0.9356435643564357,0.7758620689655172,0.6956521739130435,0.8205128205128205,1.0,0.6956521739130435,0.6956521739130435
0,Family,Daughter,45,1_0_0,1.0,0.5,0.3333333333333333,0.48514851485148514,0.3333333333333333,1.0,1.0,1.0,1.0,1.0
0,Family,Daughter,45,1_1_1,0.40384615384615385,0.42,0.4375,0.7128712871287128,0.26582278481012656,0.13043478260869565,0.23076923076923078,1.0,0.13043478260869565,0.13043478260869565
0,Family,Daughter,50,0_0_0,0.4230769230769231,0.5945945945945946,1.0,0.8514851485148515,0.4230769230769231,0.0,0.0,0.0,0.0,0.0
0,Family,Daughter,50,0_0_1,0.7692307692307693,0.8333333333333334,0.9090909090909091,0.9207920792079208,0.7142857142857143,0.5384615384615384,0.7,1.0,0.5384615384615384,0.5384615384615384
0,Family,Daughter,50,0_1_0,0.8653846153846154,0.8823529411764706,0.9,0.9405940594059405,0.7894736842105263,0.7307692307692307,0.8444444444444444,1.0,0.7307692307692307,0.7307692307692307
0,Family,Daughter,50,1_0_0,1.0,0.538860103626943,0.36879432624113473,0.5594059405940595,0.36879432624113473,1.0,1.0,1.0,1.0,1.0
0,Family,Daughter,50,1_1_1,0.15384615384615385,0.23880597014925373,0.5333333333333333,0.7475247524752475,0.13559322033898305,0.038461538461538464,0.07407407407407407,1.0,0.038461538461538464,0.038461538461538464
0,Family,Daughter,55,0_0_0,0.40384615384615385,0.5753424657534246,1.0,0.8465346534653465,0.40384615384615385,0.0,0.0,0.0,0.0,0.0
0,Family,Daughter,55,0_0_1,0.7692307692307693,0.8333333333333334,0.9090909090909091,0.9207920792079208,0.7142857142857143,0.5714285714285714,0.7272727272727273,1.0,0.5714285714285714,0.5714285714285714
0,Family,Daughter,55,0_1_0,0.8461538461538461,0.8543689320388349,0.8627450980392157,0.9257425742574258,0.7457627118644068,0.7142857142857143,0.8333333333333334,1.0,0.7142857142857143,0.7142857142857143
0,Family,Daughter,55,1_0_0,1.0,0.5333333333333333,0.36363636363636365,0.5495049504950495,0.36363636363636365,1.0,1.0,1.0,1.0,1.0
0,Family,Daughter,55,1_1_1,0.09615384615384616,0.15384615384615385,0.38461538461538464,0.7277227722772277,0.08333333333333333,0.03571428571428571,0.06896551724137931,1.0,0.03571428571428571,0.03571428571428571
0,Family,Daughter,60,0_0_0,0.38461538461538464,0.5555555555555556,1.0,0.8415841584158416,0.38461538461538464,0.0,0.0,0.0,0.0,0.0
0,Family,Daughter,60,0_0_1,0.9807692307692307,0.75,0.6071428571428571,0.8316831683168316,0.6,0.967741935483871,0.9836065573770492,1.0,0.967741935483871,0.967741935483871
0,Family,Daughter,60,0_1_0,0.9615384615384616,0.78125,0.6578947368421053,0.8613861386138614,0.6410256410256411,0.9354838709677419,0.9666666666666667,1.0,0.9354838709677419,0.9354838709677419
0,Family,Daughter,60,1_0_0,1.0,0.5073170731707317,0.33986928104575165,0.5,0.33986928104575165,1.0,1.0,1.0,1.0,1.0
0,Family,Daughter,60,1_1_1,0.07692307692307693,0.12698412698412698,0.36363636363636365,0.7277227722772277,0.06779661016949153,0.0,0.0,0.0,0.0,0.0
0,Family,Daughter,65,0_0_0,0.36538461538461536,0.5352112676056338,1.0,0.8366336633663366,0.36538461538461536,0.0,0.0,0.0,0.0,0.0
0,Family,Daughter,65,0_0_1,0.5769230769230769,0.7142857142857143,0.9375,0.8811881188118812,0.5555555555555556,0.3333333333333333,0.5,1.0,0.3333333333333333,0.3333333333333333
0,Family,Daughter,65,0_1_0,0.8269230769230769,0.8686868686868687,0.9148936170212766,0.9356435643564357,0.7678571428571429,0.7272727272727273,0.8421052631578947,1.0,0.7272727272727273,0.7272727272727273
0,Family,Daughter,65,1_0_0,1.0,0.4351464435146444,0.27807486631016043,0.3316831683168317,0.27807486631016043,1.0,1.0,1.0,1.0,1.0
0,Family,Daughter,65,1_1_1,0.07692307692307693,0.14035087719298245,0.8,0.7574257425742574,0.07547169811320754,0.030303030303030304,0.058823529411764705,1.0,0.030303030303030304,0.030303030303030304
0,Family,Daughter,70,0_0_0,0.3076923076923077,0.47058823529411764,1.0,0.8217821782178217,0.3076923076923077,0.0,0.0,0.0,0.0,0.0
0,Family,Daughter,70,0_0_1,0.4423076923076923,0.6052631578947368,0.9583333333333334,0.8514851485148515,0.4339622641509434,0.19444444444444445,0.32558139534883723,1.0,0.19444444444444445,0.19444444444444445
0,Family,Daughter,70,0_1_0,0.7115384615384616,0.8043478260869565,0.925,0.9108910891089109,0.6727272727272727,0.5833333333333334,0.7368421052631579,1.0,0.5833333333333334,0.5833333333333334
0,Family,Daughter,70,1_0_0,1.0,0.45021645021645024,0.2905027932960894,0.3712871287128713,0.2905027932960894,1.0,1.0,1.0,1.0,1.0
0,Family,Daughter,70,1_1_1,0.057692307692307696,0.10714285714285714,0.75,0.7524752475247525,0.05660377358490566,0.05555555555555555,0.10526315789473684,1.0,0.05555555555555555,0.05555555555555555
0,Family,Daughter,75,0_0_0,0.25,0.4,1.0,0.806930693069307,0.25,0.0,0.0,0.0,0.0,0.0
0,Family,Daughter,75,0_0_1,0.36538461538461536,0.5205479452054794,0.9047619047619048,0.8267326732673267,0.35185185185185186,0.15384615384615385,0.26666666666666666,1.0,0.15384615384615385,0.15384615384615385
0,Family,Daughter,75,0_1_0,0.5961538461538461,0.7209302325581395,0.9117647058823529,0.8811881188118812,0.5636363636363636,0.46153846153846156,0.631578947368421,1.0,0.46153846153846156,0.46153846153846156
0,Family,Daughter,75,1_0_0,1.0,0.48148148148148145,0.3170731707317073,0.44554455445544555,0.3170731707317073,1.0,1.0,1.0,1.0,1.0
0,Family,Daughter,75,1_1_1,0.038461538461538464,0.07272727272727272,0.6666666666666666,0.7475247524752475,0.03773584905660377,0.05128205128205128,0.0975609756097561,1.0,0.05128205128205128,0.05128205128205128
0,Family,Daughter,80,0_0_0,0.21153846153846154,0.3492063492063492,1.0,0.7970297029702971,0.21153846153846154,0.0,0.0,0.0,0.0,0.0
0,Family,Daughter,80,0_0_1,0.3269230769230769,0.4788732394366197,0.8947368421052632,0.8168316831683168,0.3148148148148148,0.14634146341463414,0.2553191489361702,1.0,0.14634146341463414,0.14634146341463414
0,Family,Daughter,80,0_1_0,0.6153846153846154,0.735632183908046,0.9142857142857143,0.8861386138613861,0.5818181818181818,0.5121951219512195,0.6774193548387096,1.0,0.5121951219512195,0.5121951219512195
0,Family,Daughter,80,1_0_0,1.0,0.48148148148148145,0.3170731707317073,0.44554455445544555,0.3170731707317073,1.0,1.0,1.0,1.0,1.0
0,Family,Daughter,80,1_1_1,0.019230769230769232,0.03571428571428571,0.25,0.7326732673267327,0.01818181818181818,0.024390243902439025,0.047619047619047616,1.0,0.024390243902439025,0.024390243902439025
0,Family,Female,0,0_0_0,0.673469387755102,0.8048780487804879,1.0,0.8415841584158416,0.673469387755102,,,,,
0,Family,Female,0,0_0_1,1.0,0.8990825688073395,0.8166666666666667,0.8910891089108911,0.8166666666666667,,,,,
0,Family,Female,0,0_1_0,1.0,0.98989898989899,0.98,0.9900990099009901,0.98,,,,,
0,Family,Female,0,1_0_0,1.0,0.6533333333333333,0.48514851485148514,0.48514851485148514,0.48514851485148514,,,,,
0,Family,Female,0,1_1_1,0.9081632653061225,0.777292576419214,0.6793893129770993,0.7475247524752475,0.6357142857142857,,,,,
0,Family,Female,5,0_0_0,0.7653061224489796,0.8670520231213873,1.0,0.8861386138613861,0.7653061224489796,,,,,
0,Family,Female,5,0_0_1,0.9897959183673469,0.9797979797979798,0.97,0.9801980198019802,0.9603960396039604,,,,,
0,Family,Female,5,0_1_0,0.9897959183673469,0.9948717948717949,1.0,0.995049504950495,0.9897959183673469,,,,,
0,Family,Female,5,1_0_0,1.0,0.6555183946488294,0.48756218905472637,0.4900990099009901,0.48756218905472637,,,,,
0,Family,Female,5,1_1_1,0.7551020408163265,0.6981132075471698,0.6491228070175439,0.6831683168316832,0.5362318840579711,,,,,
0,Family,Female,10,0_0_0,0.6632653061224489,0.7975460122699386,1.0,0.8366336633663366,0.6632653061224489,,,,,
0,Family,Female,10,0_0_1,0.9795918367346939,0.9504950495049505,0.9230769230769231,0.9504950495049505,0.9056603773584906,,,,,
0,Family,Female,10,0_1_0,0.9693877551020408,0.8796296296296297,0.8050847457627118,0.8712871287128713,0.7851239669421488,,,,,
0,Family,Female,10,1_0_0,1.0,0.6599326599326599,0.49246231155778897,0.5,0.49246231155778897,,,,,
0,Family,Female,10,1_1_1,0.30612244897959184,0.40540540540540543,0.6,0.5643564356435643,0.2542372881355932,,,,,
0,Family,Female,15,0_0_0,0.5714285714285714,0.7272727272727273,1.0,0.7920792079207921,0.5714285714285714,0.0,0.0,0.0,0.0,0.0
0,Family,Female,15,0_0_1,0.9489795918367347,0.9738219895287958,1.0,0.9752475247524752,0.9489795918367347,0.0,0.0,0.0,0.0,0.0
0,Family,Female,15,0_1_0,0.9285714285714286,0.9054726368159204,0.883495145631068,0.905940594059406,0.8272727272727273,1.0,1.0,1.0,1.0,1.0
0,Family,Female,15,1_0_0,1.0,0.6712328767123288,0.5051546391752577,0.5247524752475248,0.5051546391752577,1.0,1.0,1.0,1.0,1.0
0,Family,Female,15,1_1_1,0.9897959183673469,0.6666666666666666,0.5025906735751295,0.5198019801980198,0.5,1.0,1.0,1.0,1.0,1.0
0,Family,Female,20,0_0_0,0.47959183673469385,0.6482758620689655,1.0,0.7475247524752475,0.47959183673469385,0.0,0.0,0.0,0.0,0.0
0,Family,Female,20,0_0_1,0.9081632653061225,0.9518716577540107,1.0,0.9554455445544554,0.9081632653061225,1.0,1.0,1.0,1.0,1.0
0,Family,Female,20,0_1_0,0.9387755102040817,0.9633507853403142,0.989247311827957,0.9653465346534653,0.9292929292929293,1.0,1.0,1.0,1.0,1.0
0,Family,Female,20,1_0_0,1.0,0.6533333333333333,0.48514851485148514,0.48514851485148514,0.48514851485148514,1.0,1.0,1.0,1.0,1.0
0,Family,Female,20,1_1_1,0.9897959183673469,0.6510067114093959,0.485,0.48514851485148514,0.48258706467661694,1.0,1.0,1.0,1.0,1.0
0,Family,Female,25,0_0_0,0.4387755102040816,0.6099290780141844,1.0,0.7277227722772277,0.4387755102040816,0.0,0.0,0.0,0.0,0.0
0,Family,Female,25,0_0_1,0.8571428571428571,0.9032258064516129,0.9545454545454546,0.9108910891089109,0.8235294117647058,0.0,0.0,0.0,0.0,0.0
0,Family,Female,25,0_1_0,0.9285714285714286,0.9381443298969072,0.9479166666666666,0.9405940594059405,0.883495145631068,0.0,0.0,0.0,0.0,0.0
0,Family,Female,25,1_0_0,1.0,0.6577181208053692,0.49,0.49504950495049505,0.49,1.0,1.0,1.0,1.0,1.0
0,Family,Female,25,1_1_1,0.5204081632653061,0.6666666666666666,0.9272727272727272,0.7475247524752475,0.5,0.0,0.0,0.0,0.0,0.0
0,Family,Female,30,0_0_0,0.5612244897959183,0.7189542483660131,1.0,0.7871287128712872,0.5612244897959183,0.0,0.0,0.0,0.0,0.0
0,Family,Female,30,0_0_1,0.0,0.0,0.0,0.43564356435643564,0.0,0.0,0.0,0.0,0.0,0.0
0,Family,Female,30,0_1_0,0.0,0.0,0.0,0.5099009900990099,0.0,0.0,0.0,0.0,0.0,0.0
0,Family,Female,30,1_0_0,0.0,0.0,0.0,0.23267326732673269,0.0,0.0,0.0,0.0,0.0,0.0
0,Family,Female,30,1_1_1,0.5306122448979592,0.5714285714285714,0.6190476190476191,0.6138613861386139,0.4,0.0,0.0,0.0,0.0,0.0
0,Family,Female,35,0_0_0,0.5510204081632653,0.7105263157894737,1.0,0.7821782178217822,0.5510204081632653,0.0,0.0,0.0,0.0,0.0
0,Family,Female,35,0_0_1,0.0,0.0,0.0,0.35148514851485146,0.0,0.0,0.0,0.0,0.0,0.0
0,Family,Female,35,0_1_0,0.0,0.0,0.0,0.3910891089108911,0.0,0.0,0.0,0.0,0.0,0.0
0,Family,Female,35,1_0_0,0.0,0.0,0.0,0.15346534653465346,0.0,0.0,0.0,0.0,0.0,0.0
0,Family,Female,35,1_1_1,0.45918367346938777,0.5172413793103449,0.5921052631578947,0.5841584158415841,0.3488372093023256,0.0,0.0,0.0,0.0,0.0
0,Family,Female,40,0_0_0,0.47959183673469385,0.6482758620689655,1.0,0.7475247524752475,0.47959183673469385,0.0,0.0,0.0,0.0,0.0
0,Family,Female,40,0_0_1,0.6632653061224489,0.7878787878787878,0.9701492537313433,0.8267326732673267,0.65,0.0,0.0,0.0,0.0,0.0
0,Family,Female,40,0_1_0,0.7755102040816326,0.8444444444444444,0.926829268292683,0.8613861386138614,0.7307692307692307,0.4,0.5714285714285714,1.0,0.4,0.4
0,Family,Female,40,1_0_0,1.0,0.6689419795221843,0.5025641025641026,0.5198019801980198,0.5025641025641026,1.0,1.0,1.0,1.0,1.0
0,Family,Female,40,1_1_1,0.0,0.0,0.0,0.0594059405940594,0.0,0.0,0.0,0.0,0.0,0.0
0,Family,Female,45,0_0_0,0.3979591836734694,0.5693430656934306,1.0,0.7079207920792079,0.3979591836734694,0.0,0.0,0.0,0.0,0.0
0,Family,Female,45,0_0_1,0.5816326530612245,0.7169811320754716,0.9344262295081968,0.7772277227722773,0.5588235294117647,0.0,0.0,0.0,0.0,0.0
0,Family,Female,45,0_1_0,0.7244897959183674,0.8114285714285714,0.922077922077922,0.8366336633663366,0.6826923076923077,0.3333333333333333,0.5,1.0,0.3333333333333333,0.3333333333333333
0,Family,Female,45,1_0_0,0.9489795918367347,0.6619217081850534,0.5081967213114754,0.5297029702970297,0.4946808510638298,1.0,1.0,1.0,1.0,1.0
0,Family,Female,45,1_1_1,0.0,0.0,0.0,0.04455445544554455,0.0,0.0,0.0,0.0,0.0,0.0
0,Family,Female,50,0_0_0,0.3469387755102041,0.5151515151515151,1.0,0.6831683168316832,0.3469387755102041,0.0,0.0,0.0,0.0,0.0
0,Family,Female,50,0_0_1,0.5816326530612245,0.7261146496815286,0.9661016949152542,0.7871287128712872,0.57,0.16666666666666666,0.2857142857142857,1.0,0.16666666666666666,0.16666666666666666
0,Family,Female,50,0_1_0,0.6326530612244898,0.7560975609756098,0.9393939393939394,0.801980198019802,0.6078431372549019,0.3333333333333333,0.5,1.0,0.3333333333333333,0.3333333333333333
0,Family,Female,50,1_0_0,0.8877551020408163,0.6718146718146718,0.5403726708074534,0.5792079207920792,0.5058139534883721,1.0,1.0,1.0,1.0,1.0
0,Family,Female,50,1_1_1,0.0,0.0,0.0,0.07920792079207921,0.0,0.0,0.0,0.0,0.0,0.0
0,Family,Female,55,0_0_0,0.3163265306122449,0.4806201550387597,1.0,0.6683168316831684,0.3163265306122449,0.0,0.0,0.0,0.0,0.0
0,Family,Female,55,0_0_1,0.5204081632653061,0.68,0.9807692307692307,0.7623762376237624,0.5151515151515151,0.16666666666666666,0.2857142857142857,1.0,0.16666666666666666,0.16666666666666666
0,Family,Female,55,0_1_0,0.6224489795918368,0.7393939393939394,0.9104477611940298,0.7871287128712872,0.5865384615384616,0.3333333333333333,0.5,1.0,0.3333333333333333,0.3333333333333333
0,Family,Female,55,1_0_0,0.9081632653061225,0.6472727272727272,0.5028248587570622,0.5198019801980198,0.478494623655914,1.0,1.0,1.0,1.0,1.0
0,Family,Female,55,1_1_1,0.0,0.0,0.0,0.0891089108910891,0.0,0.0,0.0,0.0,0.0,0.0
0,Family,Female,60,0_0_0,0.2653061224489796,0.41935483870967744,1.0,0.6435643564356436,0.2653061224489796,0.0,0.0,0.0,0.0,0.0
0,Family,Female,60,0_0_1,0.4489795918367347,0.6153846153846154,0.9777777777777777,0.7277227722772277,0.4444444444444444,0.16666666666666666,0.2857142857142857,1.0,0.16666666666666666,0.16666666666666666
0,Family,Female,60,0_1_0,0.5918367346938775,0.725,0.9354838709677419,0.7821782178217822,0.5686274509803921,0.3333333333333333,0.5,1.0,0.3333333333333333,0.3333333333333333
0,Family,Female,60,1_0_0,0.7755102040816326,0.658008658008658,0.5714285714285714,0.6089108910891089,0.49032258064516127,1.0,1.0,1.0,1.0,1.0
0,Family,Female,60,1_1_1,0.0,0.0,0.0,0.15346534653465346,0.0,0.0,0.0,0.0,0.0,0.0
0,Family,Female,65,0_0_0,0.23469387755102042,0.38016528925619836,1.0,0.6287128712871287,0.23469387755102042,0.0,0.0,0.0,0.0,0.0
0,Family,Female,65,0_0_1,0.5306122448979592,0.6887417218543046,0.9811320754716981,0.7673267326732673,0.5252525252525253,0.0,0.0,0.0,0.0,0.0
0,Family,Female,65,0_1_0,0.46938775510204084,0.6388888888888888,1.0,0.7425742574257426,0.46938775510204084,0.0,0.0,0.0,0.0,0.0
0,Family,Female,65,1_0_0,1.0,0.6666666666666666,0.5,0.5148514851485149,0.5,1.0,1.0,1.0,1.0,1.0
0,Family,Female,65,1_1_1,0.08163265306122448,0.13675213675213677,0.42105263157894735,0.5,0.07339449541284404,0.0,0.0,0.0,0.0,0.0
0,Family,Female,70,0_0_0,0.19387755102040816,0.3247863247863248,1.0,0.6089108910891089,0.19387755102040816,0.0,0.0,0.0,0.0,0.0
0,Family,Female,70,0_0_1,0.5102040816326531,0.6756756756756757,1.0,0.7623762376237624,0.5102040816326531,0.0,0.0,0.0,0.0,0.0
0,Family,Female,70,0_1_0,0.3673469387755102,0.5373134328358209,1.0,0.693069306930693,0.3673469387755102,0.0,0.0,0.0,0.0,0.0
0,Family,Female,70,1_0_0,0.9387755102040817,0.6943396226415094,0.5508982035928144,0.599009900990099,0.5317919075144508,0.7142857142857143,0.8333333333333334,1.0,0.7142857142857143,0.7142857142857143
0,Family,Female,70,1_1_1,0.8877551020408163,0.6062717770034843,0.4603174603174603,0.4405940594059406,0.435,1.0,1.0,1.0,1.0,1.0
0,Family,Female,75,0_0_0,0.17346938775510204,0.2956521739130435,1.0,0.599009900990099,0.17346938775510204,0.0,0.0,0.0,0.0,0.0
0,Family,Female,75,0_0_1,0.37755102040816324,0.5481481481481482,1.0,0.698019801980198,0.37755102040816324,0.0,0.0,0.0,0.0,0.0
0,Family,Female,75,0_1_0,0.3163265306122449,0.4806201550387597,1.0,0.6683168316831684,0.3163265306122449,0.0,0.0,0.0,0.0,0.0
0,Family,Female,75,1_0_0,0.9693877551020408,0.7450980392156863,0.6050955414012739,0.6782178217821783,0.59375,0.875,0.9333333333333333,1.0,0.875,0.875
0,Family,Female,75,1_1_1,0.9285714285714286,0.621160409556314,0.4666666666666667,0.4504950495049505,0.4504950495049505,1.0,1.0,1.0,1.0,1.0
0,Family,Female,80,0_0_0,0.1326530612244898,0.23423423423423423,1.0,0.5792079207920792,0.1326530612244898,0.0,0.0,0.0,0.0,0.0
0,Family,Female,80,0_0_1,0.3469387755102041,0.5112781954887218,0.9714285714285714,0.6782178217821783,0.3434343434343434,0.0,0.0,0.0,0.0,0.0
0,Family,Female,80,0_1_0,0.24489795918367346,0.3902439024390244,0.96,0.6287128712871287,0.24242424242424243,0.0,0.0,0.0,0.0,0.0
0,Family,Female,80,1_0_0,0.8979591836734694,0.701195219123506,0.5751633986928104,0.6287128712871287,0.5398773006134969,0.7777777777777778,0.875,1.0,0.7777777777777778,0.7777777777777778
0,Family,Female,80,1_1_1,0.8775510204081632,0.5993031358885017,0.455026455026455,0.4306930693069307,0.42786069651741293,1.0,1.0,1.0,1.0,1.0
0,Family,Father,0,0_0_0,0.43333333333333335,0.6046511627906976,1.0,0.8316831683168316,0.43333333333333335,,,,,
0,Family,Father,0,0_0_1,1.0,0.7741935483870968,0.631578947368421,0.8267326732673267,0.631578947368421,,,,,
0,Family,Father,0,0_1_0,1.0,0.8,0.6666666666666666,0.8514851485148515,0.6666666666666666,,,,,
0,Family,Father,0,1_0_0,1.0,0.4819277108433735,0.31746031746031744,0.3613861386138614,0.31746031746031744,,,,,
0,Family,Father,0,1_1_1,0.6333333333333333,0.5984251968503937,0.5671641791044776,0.7475247524752475,0.42696629213483145,,,,,
0,Family,Father,5,0_0_0,0.4,0.5714285714285714,1.0,0.8217821782178217,0.4,0.0,0.0,0.0,0.0,0.0
0,Family,Father,5,0_0_1,1.0,0.7792207792207793,0.6382978723404256,0.8316831683168316,0.6382978723404256,1.0,1.0,1.0,1.0,1.0
0,Family,Father,5,0_1_0,1.0,0.8053691275167785,0.6741573033707865,0.8564356435643564,0.6741573033707865,1.0,1.0,1.0,1.0,1.0
0,Family,Father,5,1_0_0,1.0,0.4897959183673469,0.32432432432432434,0.3811881188118812,0.32432432432432434,1.0,1.0,1.0,1.0,1.0
0,Family,Father,5,1_1_1,0.6,0.5538461538461539,0.5142857142857142,0.7128712871287128,0.3829787234042553,0.3333333333333333,0.5,1.0,0.3333333333333333,0.3333333333333333
0,Family,Father,10,0_0_0,0.36666666666666664,0.5365853658536586,1.0,0.8118811881188119,0.36666666666666664,0.0,0.0,0.0,0.0,0.0
0,Family,Father,10,0_0_1,1.0,0.8163265306122449,0.6896551724137931,0.8663366336633663,0.6896551724137931,1.0,1.0,1.0,1.0,1.0
0,Family,Father,10,0_1_0,0.9833333333333333,0.7763157894736842,0.6413043478260869,0.8316831683168316,0.6344086021505376,0.8333333333333334,0.9090909090909091,1.0,0.8333333333333334,0.8333333333333334
0,Family,Father,10,1_0_0,1.0,0.49586776859504134,0.32967032967032966,0.39603960396039606,0.32967032967032966,1.0,1.0,1.0,1.0,1.0
0,Family,Father,10,1_1_1,0.55,0.5076923076923077,0.4714285714285714,0.6831683168316832,0.3402061855670103,0.0,0.0,0.0,0.0,0.0
0,Family,Father,15,0_0_0,0.31666666666666665,0.4810126582278481,1.0,0.7970297029702971,0.31666666666666665,0.0,0.0,0.0,0.0,0.0
0,Family,Father,15,0_0_1,0.9833333333333333,0.8251748251748252,0.7108433734939759,0.8762376237623762,0.7023809523809523,0.8888888888888888,0.9411764705882353,1.0,0.8888888888888888,0.8888888888888888
0,Family,Father,15,0_1_0,0.95,0.76,0.6333333333333333,0.8217821782178217,0.6129032258064516,0.6666666666666666,0.8,1.0,0.6666666666666666,0.6666666666666666
0,Family,Father,15,1_0_0,1.0,0.5042016806722689,0.33707865168539325,0.4158415841584158,0.33707865168539325,1.0,1.0,1.0,1.0,1.0
0,Family,Father,15,1_1_1,0.5333333333333333,0.5079365079365079,0.48484848484848486,0.693069306930693,0.3404255319148936,0.2222222222222222,0.36363636363636365,1.0,0.2222222222222222,0.2222222222222222
0,Family,Father,20,0_0_0,0.31666666666666665,0.4810126582278481,1.0,0.7970297029702971,0.31666666666666665,0.0,0.0,0.0,0.0,0.0
0,Family,Father,20,0_0_1,0.9833333333333333,0.8428571428571429,0.7375,0.8910891089108911,0.7283950617283951,0.9166666666666666,0.9565217391304348,1.0,0.9166666666666666,0.9166666666666666
0,Family,Father,20,0_1_0,0.95,0.7808219178082192,0.6627906976744186,0.8415841584158416,0.6404494382022472,0.75,0.8571428571428571,1.0,0.75,0.75
0,Family,Father,20,1_0_0,1.0,0.5333333333333333,0.36363636363636365,0.4801980198019802,0.36363636363636365,1.0,1.0,1.0,1.0,1.0
0,Family,Father,20,1_1_1,0.6,0.549618320610687,0.5070422535211268,0.7079207920792079,0.37894736842105264,0.3333333333333333,0.5,1.0,0.3333333333333333,0.3333333333333333
0,Family,Father,25,0_0_0,0.2833333333333333,0.44155844155844154,1.0,0.7871287128712872,0.2833333333333333,0.0,0.0,0.0,0.0,0.0
0,Family,Father,25,0_0_1,0.8166666666666667,0.8672566371681416,0.9245283018867925,0.9257425742574258,0.765625,0.26666666666666666,0.42105263157894735,1.0,0.26666666666666666,0.26666666666666666
0,Family,Father,25,0_1_0,0.8666666666666667,0.8062015503875969,0.7536231884057971,0.8762376237623762,0.6753246753246753,0.4666666666666667,0.6363636363636364,1.0,0.4666666666666667,0.4666666666666667
0,Family,Father,25,1_0_0,1.0,0.6185567010309279,0.44776119402985076,0.6336633663366337,0.44776119402985076,1.0,1.0,1.0,1.0,1.0
0,Family,Father,25,1_1_1,1.0,0.5714285714285714,0.4,0.5544554455445545,0.4,1.0,1.0,1.0,1.0,1.0
0,Family,Father,30,0_0_0,0.26666666666666666,0.42105263157894735,1.0,0.7821782178217822,0.26666666666666666,0.0,0.0,0.0,0.0,0.0
0,Family,Father,30,0_0_1,0.7666666666666667,0.8141592920353983,0.8679245283018868,0.8960396039603961,0.6865671641791045,0.2222222222222222,0.36363636363636365,1.0,0.2222222222222222,0.2222222222222222
0,Family,Father,30,0_1_0,0.8333333333333334,0.7352941176470589,0.6578947368421053,0.8217821782178217,0.5813953488372093,0.4444444444444444,0.6153846153846154,1.0,0.4444444444444444,0.4444444444444444
0,Family,Father,30,1_0_0,1.0,0.6217616580310881,0.45112781954887216,0.6386138613861386,0.45112781954887216,1.0,1.0,1.0,1.0,1.0
0,Family,Father,30,1_1_1,1.0,0.5769230769230769,0.40540540540540543,0.5643564356435643,0.40540540540540543,1.0,1.0,1.0,1.0,1.0
0,Family,Father,35,0_0_0,0.18333333333333332,0.30985915492957744,1.0,0.7574257425742574,0.18333333333333332,0.0,0.0,0.0,0.0,0.0
0,Family,Father,35,0_0_1,0.7333333333333333,0.7787610619469026,0.8301886792452831,0.8762376237623762,0.6376811594202898,0.23809523809523808,0.38461538461538464,1.0,0.23809523809523808,0.23809523809523808
0,Family,Father,35,0_1_0,0.7833333333333333,0.752,0.7230769230769231,0.8465346534653465,0.6025641025641025,0.38095238095238093,0.5517241379310345,1.0,0.38095238095238093,0.38095238095238093
0,Family,Father,35,1_0_0,1.0,0.6451612903225806,0.47619047619047616,0.6732673267326733,0.47619047619047616,1.0,1.0,1.0,1.0,1.0
0,Family,Father,35,1_1_1,1.0,0.5504587155963303,0.379746835443038,0.5148514851485149,0.379746835443038,1.0,1.0,1.0,1.0,1.0
0,Family,Father,40,0_0_0,0.23333333333333334,0.3783783783783784,1.0,0.7722772277227723,0.23333333333333334,0.0,0.0,0.0,0.0,0.0
0,Family,Father,40,0_0_1,0.6833333333333333,0.7522935779816514,0.8367346938775511,0.8663366336633663,0.6029411764705882,0.20833333333333334,0.3448275862068966,1.0,0.20833333333333334,0.20833333333333334
0,Family,Father,40,0_1_0,0.8166666666666667,0.7538461538461538,0.7,0.8415841584158416,0.6049382716049383,0.5416666666666666,0.7027027027027027,1.0,0.5416666666666666,0.5416666666666666
0,Family,Father,40,1_0_0,1.0,0.6417112299465241,0.47244094488188976,0.6683168316831684,0.47244094488188976,1.0,1.0,1.0,1.0,1.0
0,Family,Father,40,1_1_1,1.0,0.631578947368421,0.46153846153846156,0.6534653465346535,0.46153846153846156,1.0,1.0,1.0,1.0,1.0
0,Family,Father,45,0_0_0,0.23333333333333334,0.3783783783783784,1.0,0.7722772277227723,0.23333333333333334,0.0,0.0,0.0,0.0,0.0
0,Family,Father,45,0_0_1,0.6333333333333333,0.7378640776699029,0.8837209302325582,0.8663366336633663,0.5846153846153846,0.18518518518518517,0.3125,1.0,0.18518518518518517,0.18518518518518517
0,Family,Father,45,0_1_0,0.6833333333333333,0.7256637168141593,0.7735849056603774,0.8465346534653465,0.5694444444444444,0.2962962962962963,0.45714285714285713,1.0,0.2962962962962963,0.2962962962962963
0,Family,Father,45,1_0_0,1.0,0.6593406593406593,0.4918032786885246,0.693069306930693,0.4918032786885246,1.0,1.0,1.0,1.0,1.0
0,Family,Father,45,1_1_1,1.0,0.5970149253731343,0.425531914893617,0.599009900990099,0.425531914893617,1.0,1.0,1.0,1.0,1.0
0,Family,Father,50,0_0_0,0.25,0.4,1.0,0.7772277227722773,0.25,0.0,0.0,0.0,0.0,0.0
0,Family,Father,50,0_0_1,0.6333333333333333,0.7450980392156863,0.9047619047619048,0.8712871287128713,0.59375,0.26666666666666666,0.42105263157894735,1.0,0.26666666666666666,0.26666666666666666
0,Family,Father,50,0_1_0,0.9,0.7941176470588235,0.7105263157894737,0.8613861386138614,0.6585365853658537,0.8,0.8888888888888888,1.0,0.8,0.8
0,Family,Father,50,1_0_0,1.0,0.6779661016949152,0.5128205128205128,0.7178217821782178,0.5128205128205128,1.0,1.0,1.0,1.0,1.0
0,Family,Father,50,1_1_1,1.0,0.5853658536585366,0.41379310344827586,0.5792079207920792,0.41379310344827586,1.0,1.0,1.0,1.0,1.0
0,Family,Father,55,0_0_0,0.31666666666666665,0.4810126582278481,1.0,0.7970297029702971,0.31666666666666665,0.0,0.0,0.0,0.0,0.0
0,Family,Father,55,0_0_1,0.5333333333333333,0.6530612244897959,0.8421052631578947,0.8316831683168316,0.48484848484848486,0.15151515151515152,0.2631578947368421,1.0,0.15151515151515152,0.15151515151515152
0,Family,Father,55,0_1_0,0.85,0.796875,0.75,0.8712871287128713,0.6623376623376623,0.7272727272727273,0.8421052631578947,1.0,0.7272727272727273,0.7272727272727273
0,Family,Father,55,1_0_0,1.0,0.7100591715976331,0.5504587155963303,0.7574257425742574,0.5504587155963303,1.0,1.0,1.0,1.0,1.0
0,Family,Father,55,1_1_1,1.0,0.6060606060606061,0.43478260869565216,0.6138613861386139,0.43478260869565216,1.0,1.0,1.0,1.0,1.0
0,Family,Father,60,0_0_0,0.23333333333333334,0.3783783783783784,1.0,0.7722772277227723,0.23333333333333334,0.0,0.0,0.0,0.0,0.0
0,Family,Father,60,0_0_1,0.48333333333333334,0.6170212765957447,0.8529411764705882,0.8217821782178217,0.4461538461538462,0.1388888888888889,0.24390243902439024,1.0,0.1388888888888889,0.1388888888888889
0,Family,Father,60,0_1_0,0.8,0.732824427480916,0.676056338028169,0.8267326732673267,0.5783132530120482,0.6666666666666666,0.8,1.0,0.6666666666666666,0.6666666666666666
0,Family,Father,60,1_0_0,1.0,0.7228915662650602,0.5660377358490566,0.7722772277227723,0.5660377358490566,1.0,1.0,1.0,1.0,1.0
0,Family,Father,60,1_1_1,1.0,0.5970149253731343,0.425531914893617,0.599009900990099,0.425531914893617,1.0,1.0,1.0,1.0,1.0
0,Family,Father,65,0_0_0,0.21666666666666667,0.3561643835616438,1.0,0.7673267326732673,0.21666666666666667,0.0,0.0,0.0,0.0,0.0
0,Family,Father,65,0_0_1,0.4166666666666667,0.5555555555555556,0.8333333333333334,0.801980198019802,0.38461538461538464,0.10256410256410256,0.18604651162790697,1.0,0.10256410256410256,0.10256410256410256
0,Family,Father,65,0_1_0,0.65,0.6842105263157895,0.7222222222222222,0.8217821782178217,0.52,0.46153846153846156,0.631578947368421,1.0,0.46153846153846156,0.46153846153846156
0,Family,Father,65,1_0_0,1.0,0.7228915662650602,0.5660377358490566,0.7722772277227723,0.5660377358490566,1.0,1.0,1.0,1.0,1.0
0,Family,Father,65,1_1_1,1.0,0.5970149253731343,0.425531914893617,0.599009900990099,0.425531914893617,1.0,1.0,1.0,1.0,1.0
0,Family,Father,70,0_0_0,0.21666666666666667,0.3561643835616438,1.0,0.7673267326732673,0.21666666666666667,0.0,0.0,0.0,0.0,0.0
0,Family,Father,70,0_0_1,0.35,0.4827586206896552,0.7777777777777778,0.7772277227722773,0.3181818181818182,0.07142857142857142,0.13333333333333333,1.0,0.07142857142857142,0.07142857142857142
0,Family,Father,70,0_1_0,0.55,0.616822429906542,0.7021276595744681,0.7970297029702971,0.44594594594594594,0.35714285714285715,0.5263157894736842,1.0,0.35714285714285715,0.35714285714285715
0,Family,Father,70,1_0_0,1.0,0.7228915662650602,0.5660377358490566,0.7722772277227723,0.5660377358490566,1.0,1.0,1.0,1.0,1.0
0,Family,Father,70,1_1_1,1.0,0.5911330049261084,0.4195804195804196,0.5891089108910891,0.4195804195804196,1.0,1.0,1.0,1.0,1.0
0,Family,Father,75,0_0_0,0.13333333333333333,0.23529411764705882,1.0,0.7425742574257426,0.13333333333333333,0.0,0.0,0.0,0.0,0.0
0,Family,Father,75,0_0_1,0.5166666666666667,0.6262626262626263,0.7948717948717948,0.8168316831683168,0.45588235294117646,0.35555555555555557,0.5245901639344263,1.0,0.35555555555555557,0.35555555555555557
0,Family,Father,75,0_1_0,0.6333333333333333,0.6666666666666666,0.7037037037037037,0.8118811881188119,0.5,0.5111111111111111,0.6764705882352942,1.0,0.5111111111111111,0.5111111111111111
0,Family,Father,75,1_0_0,1.0,0.47808764940239046,0.31413612565445026,0.35148514851485146,0.31413612565445026,1.0,1.0,1.0,1.0,1.0
0,Family,Father,75,1_1_1,0.6833333333333333,0.47126436781609193,0.35964912280701755,0.5445544554455446,0.3082706766917293,0.5777777777777777,0.7323943661971831,1.0,0.5777777777777777,0.5777777777777777
0,Family,Father,80,0_0_0,0.1,0.18181818181818182,1.0,0.7326732673267327,0.1,0.0,0.0,0.0,0.0,0.0
0,Family,Father,80,0_0_1,0.5333333333333333,0.6464646464646465,0.8205128205128205,0.8267326732673267,0.47761194029850745,0.4166666666666667,0.5882352941176471,1.0,0.4166666666666667,0.4166666666666667
0,Family,Father,80,0_1_0,0.4666666666666667,0.5436893203883495,0.6511627906976745,0.7673267326732673,0.37333333333333335,0.3333333333333333,0.5,1.0,0.3333333333333333,0.3333333333333333
0,Family,Father,80,1_0_0,1.0,0.49586776859504134,0.32967032967032966,0.39603960396039606,0.32967032967032966,1.0,1.0,1.0,1.0,1.0
0,Family,Father,80,1_1_1,0.43333333333333335,0.40625,0.38235294117647056,0.6237623762376238,0.2549019607843137,0.375,0.5454545454545454,1.0,0.375,0.375
0,Family,Parent,0,0_0_0,0.0,0.0,0.0,0.40594059405940597,0.0,,,,,
0,Family,Parent,0,0_0_1,0.008333333333333333,0.016,0.2,0.3910891089108911,0.008064516129032258,,,,,
0,Family,Parent,0,0_1_0,0.0,0.0,0.0,0.39603960396039606,0.0,,,,,
0,Family,Parent,0,1_0_0,0.24166666666666667,0.2871287128712871,0.35365853658536583,0.2871287128712871,0.1676300578034682,,,,,
0,Family,Parent,0,1_1_1,0.5083333333333333,0.5191489361702127,0.5304347826086957,0.4405940594059406,0.3505747126436782,,,,,
0,Family,Parent,5,0_0_0,0.0,0.0,0.0,0.40594059405940597,0.0,,,,,
0,Family,Parent,5,0_0_1,0.008333333333333333,0.016,0.2,0.3910891089108911,0.008064516129032258,,,,,
0,Family,Parent,5,0_1_0,0.0,0.0,0.0,0.39603960396039606,0.0,,,,,
0,Family,Parent,5,1_0_0,0.24166666666666667,0.2871287128712871,0.35365853658536583,0.2871287128712871,0.1676300578034682,,,,,
0,Family,Parent,5,1_1_1,0.5083333333333333,0.5191489361702127,0.5304347826086957,0.4405940594059406,0.3505747126436782,,,,,
0,Family,Parent,10,0_0_0,0.0,0.0,0.0,0.40594059405940597,0.0,,,,,
0,Family,Parent,10,0_0_1,0.008333333333333333,0.016,0.2,0.3910891089108911,0.008064516129032258,,,,,
0,Family,Parent,10,0_1_0,0.0,0.0,0.0,0.39603960396039606,0.0,,,,,
0,Family,Parent,10,1_0_0,0.24166666666666667,0.2871287128712871,0.35365853658536583,0.2871287128712871,0.1676300578034682,,,,,
0,Family,Parent,10,1_1_1,0.5083333333333333,0.5191489361702127,0.5304347826086957,0.4405940594059406,0.3505747126436782,,,,,
0,Family,Parent,15,0_0_0,0.0,0.0,0.0,0.40594059405940597,0.0,,,,,
0,Family,Parent,15,0_0_1,0.008333333333333333,0.016,0.2,0.3910891089108911,0.008064516129032258,,,,,
0,Family,Parent,15,0_1_0,0.0,0.0,0.0,0.39603960396039606,0.0,,,,,
0,Family,Parent,15,1_0_0,0.24166666666666667,0.2871287128712871,0.35365853658536583,0.2871287128712871,0.1676300578034682,,,,,
0,Family,Parent,15,1_1_1,0.5083333333333333,0.5191489361702127,0.5304347826086957,0.4405940594059406,0.3505747126436782,,,,,
0,Family,Parent,20,0_0_0,0.0,0.0,0.0,0.40594059405940597,0.0,,,,,
0,Family,Parent,20,0_0_1,0.008333333333333333,0.016,0.2,0.3910891089108911,0.008064516129032258,,,,,
0,Family,Parent,20,0_1_0,0.0,0.0,0.0,0.39603960396039606,0.0,,,,,
0,Family,Parent,20,1_0_0,0.24166666666666667,0.2871287128712871,0.35365853658536583,0.2871287128712871,0.1676300578034682,,,,,
0,Family,Parent,20,1_1_1,0.5083333333333333,0.5191489361702127,0.5304347826086957,0.4405940594059406,0.3505747126436782,,,,,
0,Family,Parent,25,0_0_0,0.0,0.0,0.0,0.40594059405940597,0.0,,,,,
0,Family,Parent,25,0_0_1,0.008333333333333333,0.016,0.2,0.3910891089108911,0.008064516129032258,,,,,
0,Family,Parent,25,0_1_0,0.0,0.0,0.0,0.39603960396039606,0.0,,,,,
0,Family,Parent,25,1_0_0,0.24166666666666667,0.2871287128712871,0.35365853658536583,0.2871287128712871,0.1676300578034682,,,,,
0,Family,Parent,25,1_1_1,0.5083333333333333,0.5191489361702127,0.5304347826086957,0.4405940594059406,0.3505747126436782,,,,,
0,Family,Parent,30,0_0_0,0.0,0.0,0.0,0.40594059405940597,0.0,,,,,
0,Family,Parent,30,0_0_1,0.008333333333333333,0.016,0.2,0.3910891089108911,0.008064516129032258,,,,,
0,Family,Parent,30,0_1_0,0.0,0.0,0.0,0.39603960396039606,0.0,,,,,
0,Family,Parent,30,1_0_0,0.24166666666666667,0.2871287128712871,0.35365853658536583,0.2871287128712871,0.1676300578034682,,,,,
0,Family,Parent,30,1_1_1,0.5083333333333333,0.5191489361702127,0.5304347826086957,0.4405940594059406,0.3505747126436782,,,,,
0,Family,Parent,35,0_0_0,0.0,0.0,0.0,0.40594059405940597,0.0,,,,,
0,Family,Parent,35,0_0_1,0.008333333333333333,0.016,0.2,0.3910891089108911,0.008064516129032258,,,,,
0,Family,Parent,35,0_1_0,0.0,0.0,0.0,0.39603960396039606,0.0,,,,,
0,Family,Parent,35,1_0_0,0.24166666666666667,0.2871287128712871,0.35365853658536583,0.2871287128712871,0.1676300578034682,,,,,
0,Family,Parent,35,1_1_1,0.5083333333333333,0.5191489361702127,0.5304347826086957,0.4405940594059406,0.3505747126436782,,,,,
0,Family,Parent,40,0_0_0,0.0,0.0,0.0,0.40594059405940597,0.0,,,,,
0,Family,Parent,40,0_0_1,0.008333333333333333,0.016,0.2,0.3910891089108911,0.008064516129032258,,,,,
0,Family,Parent,40,0_1_0,0.0,0.0,0.0,0.39603960396039606,0.0,,,,,
0,Family,Parent,40,1_0_0,0.24166666666666667,0.2871287128712871,0.35365853658536583,0.2871287128712871,0.1676300578034682,,,,,
0,Family,Parent,40,1_1_1,0.5083333333333333,0.5191489361702127,0.5304347826086957,0.4405940594059406,0.3505747126436782,,,,,
0,Family,Parent,45,0_0_0,0.0,0.0,0.0,0.40594059405940597,0.0,,,,,
0,Family,Parent,45,0_0_1,0.008333333333333333,0.016,0.2,0.3910891089108911,0.008064516129032258,,,,,
0,Family,Parent,45,0_1_0,0.0,0.0,0.0,0.39603960396039606,0.0,,,,,
0,Family,Parent,45,1_0_0,0.24166666666666667,0.2871287128712871,0.35365853658536583,0.2871287128712871,0.1676300578034682,,,,,
0,Family,Parent,45,1_1_1,0.5083333333333333,0.5191489361702127,0.5304347826086957,0.4405940594059406,0.3505747126436782,,,,,
0,Family,Parent,50,0_0_0,0.0,0.0,0.0,0.40594059405940597,0.0,,,,,
0,Family,Parent,50,0_0_1,0.008333333333333333,0.016,0.2,0.3910891089108911,0.008064516129032258,,,,,
0,Family,Parent,50,0_1_0,0.0,0.0,0.0,0.39603960396039606,0.0,,,,,
0,Family,Parent,50,1_0_0,0.24166666666666667,0.2871287128712871,0.35365853658536583,0.2871287128712871,0.1676300578034682,,,,,
0,Family,Parent,50,1_1_1,0.5083333333333333,0.5191489361702127,0.5304347826086957,0.4405940594059406,0.3505747126436782,,,,,
0,Family,Parent,55,0_0_0,0.0,0.0,0.0,0.40594059405940597,0.0,,,,,
0,Family,Parent,55,0_0_1,0.008333333333333333,0.016,0.2,0.3910891089108911,0.008064516129032258,,,,,
0,Family,Parent,55,0_1_0,0.0,0.0,0.0,0.39603960396039606,0.0,,,,,
0,Family,Parent,55,1_0_0,0.24166666666666667,0.2871287128712871,0.35365853658536583,0.2871287128712871,0.1676300578034682,,,,,
0,Family,Parent,55,1_1_1,0.5083333333333333,0.5191489361702127,0.5304347826086957,0.4405940594059406,0.3505747126436782,,,,,
0,Family,Parent,60,0_0_0,0.0,0.0,0.0,0.40594059405940597,0.0,,,,,
0,Family,Parent,60,0_0_1,0.008333333333333333,0.016,0.2,0.3910891089108911,0.008064516129032258,,,,,
0,Family,Parent,60,0_1_0,0.0,0.0,0.0,0.39603960396039606,0.0,,,,,
0,Family,Parent,60,1_0_0,0.24166666666666667,0.2871287128712871,0.35365853658536583,0.2871287128712871,0.1676300578034682,,,,,
0,Family,Parent,60,1_1_1,0.5083333333333333,0.5191489361702127,0.5304347826086957,0.4405940594059406,0.3505747126436782,,,,,
0,Family,Parent,65,0_0_0,0.0,0.0,0.0,0.40594059405940597,0.0,,,,,
0,Family,Parent,65,0_0_1,0.008333333333333333,0.016,0.2,0.3910891089108911,0.008064516129032258,,,,,
0,Family,Parent,65,0_1_0,0.0,0.0,0.0,0.39603960396039606,0.0,,,,,
0,Family,Parent,65,1_0_0,0.24166666666666667,0.2871287128712871,0.35365853658536583,0.2871287128712871,0.1676300578034682,,,,,
0,Family,Parent,65,1_1_1,0.5083333333333333,0.5191489361702127,0.5304347826086957,0.4405940594059406,0.3505747126436782,,,,,
0,Family,Parent,70,0_0_0,0.0,0.0,0.0,0.40594059405940597,0.0,,,,,
0,Family,Parent,70,0_0_1,0.008333333333333333,0.016,0.2,0.3910891089108911,0.008064516129032258,,,,,
0,Family,Parent,70,0_1_0,0.0,0.0,0.0,0.39603960396039606,0.0,,,,,
0,Family,Parent,70,1_0_0,0.24166666666666667,0.2871287128712871,0.35365853658536583,0.2871287128712871,0.1676300578034682,,,,,
0,Family,Parent,70,1_1_1,0.5083333333333333,0.5191489361702127,0.5304347826086957,0.4405940594059406,0.3505747126436782,,,,,
0,Family,Parent,75,0_0_0,0.0,0.0,0.0,0.40594059405940597,0.0,,,,,
0,Family,Parent,75,0_0_1,0.008333333333333333,0.016,0.2,0.3910891089108911,0.008064516129032258,,,,,
0,Family,Parent,75,0_1_0,0.0,0.0,0.0,0.39603960396039606,0.0,,,,,
0,Family,Parent,75,1_0_0,0.24166666666666667,0.2871287128712871,0.35365853658536583,0.2871287128712871,0.1676300578034682,,,,,
0,Family,Parent,75,1_1_1,0.5083333333333333,0.5191489361702127,0.5304347826086957,0.4405940594059406,0.3505747126436782,,,,,
0,Family,Parent,80,0_0_0,0.0,0.0,0.0,0.40594059405940597,0.0,,,,,
0,Family,Parent,80,0_0_1,0.008333333333333333,0.016,0.2,0.3910891089108911,0.008064516129032258,,,,,
0,Family,Parent,80,0_1_0,0.0,0.0,0.0,0.39603960396039606,0.0,,,,,
0,Family,Parent,80,1_0_0,0.24166666666666667,0.2871287128712871,0.35365853658536583,0.2871287128712871,0.1676300578034682,,,,,
0,Family,Parent,80,1_1_1,0.5083333333333333,0.5191489361702127,0.5304347826086957,0.4405940594059406,0.3505747126436782,,,,,
0,Family,Grandchild,0,0_0_0,0.0,0.0,0.0,0.6039603960396039,0.0,,,,,
0,Family,Grandchild,0,0_0_1,0.05,0.08695652173913043,0.3333333333333333,0.5841584158415841,0.045454545454545456,,,,,
0,Family,Grandchild,0,0_1_0,0.0,0.0,0.0,0.594059405940594,0.0,,,,,
0,Family,Grandchild,0,1_0_0,0.6,0.5647058823529412,0.5333333333333333,0.6336633663366337,0.39344262295081966,,,,,
0,Family,Grandchild,0,1_1_1,0.625,0.5154639175257731,0.43859649122807015,0.5346534653465347,0.3472222222222222,,,,,
0,Family,Grandchild,5,0_0_0,0.0,0.0,0.0,0.6039603960396039,0.0,,,,,
0,Family,Grandchild,5,0_0_1,0.05,0.08695652173913043,0.3333333333333333,0.5841584158415841,0.045454545454545456,,,,,
0,Family,Grandchild,5,0_1_0,0.0,0.0,0.0,0.594059405940594,0.0,,,,,
0,Family,Grandchild,5,1_0_0,0.6,0.5647058823529412,0.5333333333333333,0.6336633663366337,0.39344262295081966,,,,,
0,Family,Grandchild,5,1_1_1,0.625,0.5154639175257731,0.43859649122807015,0.5346534653465347,0.3472222222222222,,,,,
0,Family,Grandchild,10,0_0_0,0.0,0.0,0.0,0.6039603960396039,0.0,,,,,
0,Family,Grandchild,10,0_0_1,0.05,0.08695652173913043,0.3333333333333333,0.5841584158415841,0.045454545454545456,,,,,
0,Family,Grandchild,10,0_1_0,0.0,0.0,0.0,0.594059405940594,0.0,,,,,
0,Family,Grandchild,10,1_0_0,0.6,0.5647058823529412,0.5333333333333333,0.6336633663366337,0.39344262295081966,,,,,
0,Family,Grandchild,10,1_1_1,0.625,0.5154639175257731,0.43859649122807015,0.5346534653465347,0.3472222222222222,,,,,
0,Family,Grandchild,15,0_0_0,0.0,0.0,0.0,0.6039603960396039,0.0,,,,,
0,Family,Grandchild,15,0_0_1,0.05,0.08695652173913043,0.3333333333333333,0.5841584158415841,0.045454545454545456,,,,,
0,Family,Grandchild,15,0_1_0,0.0,0.0,0.0,0.594059405940594,0.0,,,,,
0,Family,Grandchild,15,1_0_0,0.6,0.5647058823529412,0.5333333333333333,0.6336633663366337,0.39344262295081966,,,,,
0,Family,Grandchild,15,1_1_1,0.625,0.5154639175257731,0.43859649122807015,0.5346534653465347,0.3472222222222222,,,,,
0,Family,Grandchild,20,0_0_0,0.0,0.0,0.0,0.6039603960396039,0.0,,,,,
0,Family,Grandchild,20,0_0_1,0.05,0.08695652173913043,0.3333333333333333,0.5841584158415841,0.045454545454545456,,,,,
0,Family,Grandchild,20,0_1_0,0.0,0.0,0.0,0.594059405940594,0.0,,,,,
0,Family,Grandchild,20,1_0_0,0.6,0.5647058823529412,0.5333333333333333,0.6336633663366337,0.39344262295081966,,,,,
0,Family,Grandchild,20,1_1_1,0.625,0.5154639175257731,0.43859649122807015,0.5346534653465347,0.3472222222222222,,,,,
0,Family,Grandchild,25,0_0_0,0.0,0.0,0.0,0.6039603960396039,0.0,,,,,
0,Family,Grandchild,25,0_0_1,0.05,0.08695652173913043,0.3333333333333333,0.5841584158415841,0.045454545454545456,,,,,
0,Family,Grandchild,25,0_1_0,0.0,0.0,0.0,0.594059405940594,0.0,,,,,
0,Family,Grandchild,25,1_0_0,0.6,0.5647058823529412,0.5333333333333333,0.6336633663366337,0.39344262295081966,,,,,
0,Family,Grandchild,25,1_1_1,0.625,0.5154639175257731,0.43859649122807015,0.5346534653465347,0.3472222222222222,,,,,
0,Family,Grandchild,30,0_0_0,0.0,0.0,0.0,0.6039603960396039,0.0,,,,,
0,Family,Grandchild,30,0_0_1,0.05,0.08695652173913043,0.3333333333333333,0.5841584158415841,0.045454545454545456,,,,,
0,Family,Grandchild,30,0_1_0,0.0,0.0,0.0,0.594059405940594,0.0,,,,,
0,Family,Grandchild,30,1_0_0,0.6,0.5647058823529412,0.5333333333333333,0.6336633663366337,0.39344262295081966,,,,,
0,Family,Grandchild,30,1_1_1,0.625,0.5154639175257731,0.43859649122807015,0.5346534653465347,0.3472222222222222,,,,,
0,Family,Grandchild,35,0_0_0,0.0,0.0,0.0,0.6039603960396039,0.0,,,,,
0,Family,Grandchild,35,0_0_1,0.05,0.08695652173913043,0.3333333333333333,0.5841584158415841,0.045454545454545456,,,,,
0,Family,Grandchild,35,0_1_0,0.0,0.0,0.0,0.594059405940594,0.0,,,,,
0,Family,Grandchild,35,1_0_0,0.6,0.5647058823529412,0.5333333333333333,0.6336633663366337,0.39344262295081966,,,,,
0,Family,Grandchild,35,1_1_1,0.625,0.5154639175257731,0.43859649122807015,0.5346534653465347,0.3472222222222222,,,,,
0,Family,Grandchild,40,0_0_0,0.0,0.0,0.0,0.6039603960396039,0.0,,,,,
0,Family,Grandchild,40,0_0_1,0.05,0.08695652173913043,0.3333333333333333,0.5841584158415841,0.045454545454545456,,,,,
0,Family,Grandchild,40,0_1_0,0.0,0.0,0.0,0.594059405940594,0.0,,,,,
0,Family,Grandchild,40,1_0_0,0.6,0.5647058823529412,0.5333333333333333,0.6336633663366337,0.39344262295081966,,,,,
0,Family,Grandchild,40,1_1_1,0.625,0.5154639175257731,0.43859649122807015,0.5346534653465347,0.3472222222222222,,,,,
0,Family,Grandchild,45,0_0_0,0.0,0.0,0.0,0.6039603960396039,0.0,,,,,
0,Family,Grandchild,45,0_0_1,0.05,0.08695652173913043,0.3333333333333333,0.5841584158415841,0.045454545454545456,,,,,
0,Family,Grandchild,45,0_1_0,0.0,0.0,0.0,0.594059405940594,0.0,,,,,
0,Family,Grandchild,45,1_0_0,0.6,0.5647058823529412,0.5333333333333333,0.6336633663366337,0.39344262295081966,,,,,
0,Family,Grandchild,45,1_1_1,0.625,0.5154639175257731,0.43859649122807015,0.5346534653465347,0.3472222222222222,,,,,
0,Family,Grandchild,50,0_0_0,0.0,0.0,0.0,0.6039603960396039,0.0,,,,,
0,Family,Grandchild,50,0_0_1,0.05,0.08695652173913043,0.3333333333333333,0.5841584158415841,0.045454545454545456,,,,,
0,Family,Grandchild,50,0_1_0,0.0,0.0,0.0,0.594059405940594,0.0,,,,,
0,Family,Grandchild,50,1_0_0,0.6,0.5647058823529412,0.5333333333333333,0.6336633663366337,0.39344262295081966,,,,,
0,Family,Grandchild,50,1_1_1,0.625,0.5154639175257731,0.43859649122807015,0.5346534653465347,0.3472222222222222,,,,,
0,Family,Grandchild,55,0_0_0,0.0,0.0,0.0,0.6039603960396039,0.0,,,,,
0,Family,Grandchild,55,0_0_1,0.05,0.08695652173913043,0.3333333333333333,0.5841584158415841,0.045454545454545456,,,,,
0,Family,Grandchild,55,0_1_0,0.0,0.0,0.0,0.594059405940594,0.0,,,,,
0,Family,Grandchild,55,1_0_0,0.6,0.5647058823529412,0.5333333333333333,0.6336633663366337,0.39344262295081966,,,,,
0,Family,Grandchild,55,1_1_1,0.625,0.5154639175257731,0.43859649122807015,0.5346534653465347,0.3472222222222222,,,,,
0,Family,Grandchild,60,0_0_0,0.0,0.0,0.0,0.6039603960396039,0.0,,,,,
0,Family,Grandchild,60,0_0_1,0.05,0.08695652173913043,0.3333333333333333,0.5841584158415841,0.045454545454545456,,,,,
0,Family,Grandchild,60,0_1_0,0.0,0.0,0.0,0.594059405940594,0.0,,,,,
0,Family,Grandchild,60,1_0_0,0.6,0.5647058823529412,0.5333333333333333,0.6336633663366337,0.39344262295081966,,,,,
0,Family,Grandchild,60,1_1_1,0.625,0.5154639175257731,0.43859649122807015,0.5346534653465347,0.3472222222222222,,,,,
0,Family,Grandchild,65,0_0_0,0.0,0.0,0.0,0.6039603960396039,0.0,,,,,
0,Family,Grandchild,65,0_0_1,0.05,0.08695652173913043,0.3333333333333333,0.5841584158415841,0.045454545454545456,,,,,
0,Family,Grandchild,65,0_1_0,0.0,0.0,0.0,0.594059405940594,0.0,,,,,
0,Family,Grandchild,65,1_0_0,0.6,0.5647058823529412,0.5333333333333333,0.6336633663366337,0.39344262295081966,,,,,
0,Family,Grandchild,65,1_1_1,0.625,0.5154639175257731,0.43859649122807015,0.5346534653465347,0.3472222222222222,,,,,
0,Family,Grandchild,70,0_0_0,0.0,0.0,0.0,0.6039603960396039,0.0,,,,,
0,Family,Grandchild,70,0_0_1,0.05,0.08695652173913043,0.3333333333333333,0.5841584158415841,0.045454545454545456,,,,,
0,Family,Grandchild,70,0_1_0,0.0,0.0,0.0,0.594059405940594,0.0,,,,,
0,Family,Grandchild,70,1_0_0,0.6,0.5647058823529412,0.5333333333333333,0.6336633663366337,0.39344262295081966,,,,,
0,Family,Grandchild,70,1_1_1,0.625,0.5154639175257731,0.43859649122807015,0.5346534653465347,0.3472222222222222,,,,,
0,Family,Grandchild,75,0_0_0,0.0,0.0,0.0,0.6039603960396039,0.0,,,,,
0,Family,Grandchild,75,0_0_1,0.05,0.08695652173913043,0.3333333333333333,0.5841584158415841,0.045454545454545456,,,,,
0,Family,Grandchild,75,0_1_0,0.0,0.0,0.0,0.594059405940594,0.0,,,,,
0,Family,Grandchild,75,1_0_0,0.6,0.5647058823529412,0.5333333333333333,0.6336633663366337,0.39344262295081966,,,,,
0,Family,Grandchild,75,1_1_1,0.625,0.5154639175257731,0.43859649122807015,0.5346534653465347,0.3472222222222222,,,,,
0,Family,Grandchild,80,0_0_0,0.0,0.0,0.0,0.6039603960396039,0.0,,,,,
0,Family,Grandchild,80,0_0_1,0.05,0.08695652173913043,0.3333333333333333,0.5841584158415841,0.045454545454545456,,,,,
0,Family,Grandchild,80,0_1_0,0.0,0.0,0.0,0.594059405940594,0.0,,,,,
0,Family,Grandchild,80,1_0_0,0.6,0.5647058823529412,0.5333333333333333,0.6336633663366337,0.39344262295081966,,,,,
0,Family,Grandchild,80,1_1_1,0.625,0.5154639175257731,0.43859649122807015,0.5346534653465347,0.3472222222222222,,,,,
0,Family,Granddaughter,0,0_0_0,0.8648648648648649,0.927536231884058,1.0,0.9752475247524752,0.8648648648648649,,,,,
0,Family,Granddaughter,0,0_0_1,1.0,0.7956989247311828,0.6607142857142857,0.905940594059406,0.6607142857142857,,,,,
0,Family,Granddaughter,0,0_1_0,1.0,0.8505747126436781,0.74,0.9356435643564357,0.74,,,,,
0,Family,Granddaughter,0,1_0_0,1.0,0.3135593220338983,0.18592964824120603,0.19801980198019803,0.18592964824120603,,,,,
0,Family,Granddaughter,0,1_1_1,0.972972972972973,0.39344262295081966,0.2465753424657534,0.4504950495049505,0.24489795918367346,,,,,
0,Family,Granddaughter,5,0_0_0,0.8648648648648649,0.927536231884058,1.0,0.9752475247524752,0.8648648648648649,0.0,0.0,0.0,0.0,0.0
0,Family,Granddaughter,5,0_0_1,1.0,0.8043478260869565,0.6727272727272727,0.9108910891089109,0.6727272727272727,1.0,1.0,1.0,1.0,1.0
0,Family,Granddaughter,5,0_1_0,1.0,0.8604651162790697,0.7551020408163265,0.9405940594059405,0.7551020408163265,1.0,1.0,1.0,1.0,1.0
0,Family,Granddaughter,5,1_0_0,1.0,0.3148936170212766,0.18686868686868688,0.20297029702970298,0.18686868686868688,1.0,1.0,1.0,1.0,1.0
0,Family,Granddaughter,5,1_1_1,0.9459459459459459,0.3783783783783784,0.23648648648648649,0.4306930693069307,0.23333333333333334,1.0,1.0,1.0,1.0,1.0
0,Family,Granddaughter,10,0_0_0,0.7027027027027027,0.8253968253968254,1.0,0.9455445544554455,0.7027027027027027,0.0,0.0,0.0,0.0,0.0
0,Family,Granddaughter,10,0_0_1,0.972972972972973,0.8780487804878049,0.8,0.9504950495049505,0.782608695652174,0.6666666666666666,0.8,1.0,0.6666666666666666,0.6666666666666666
0,Family,Granddaughter,10,0_1_0,1.0,0.8409090909090909,0.7254901960784313,0.9306930693069307,0.7254901960784313,1.0,1.0,1.0,1.0,1.0
0,Family,Granddaughter,10,1_0_0,1.0,0.31896551724137934,0.18974358974358974,0.21782178217821782,0.18974358974358974,1.0,1.0,1.0,1.0,1.0
0,Family,Granddaughter,10,1_1_1,1.0,0.33035714285714285,0.19786096256684493,0.25742574257425743,0.19786096256684493,1.0,1.0,1.0,1.0,1.0
0,Family,Granddaughter,15,0_0_0,0.6756756756756757,0.8064516129032258,1.0,0.9405940594059405,0.6756756756756757,0.0,0.0,0.0,0.0,0.0
0,Family,Granddaughter,15,0_0_1,0.9459459459459459,0.8974358974358975,0.8536585365853658,0.9603960396039604,0.813953488372093,0.6,0.75,1.0,0.6,0.6
0,Family,Granddaughter,15,0_1_0,0.972972972972973,0.8571428571428571,0.7659574468085106,0.9405940594059405,0.75,0.8,0.8888888888888888,1.0,0.8,0.8
0,Family,Granddaughter,15,1_0_0,1.0,0.31759656652360513,0.18877551020408162,0.21287128712871287,0.18877551020408162,1.0,1.0,1.0,1.0,1.0
0,Family,Granddaughter,15,1_1_1,1.0,0.3274336283185841,0.19576719576719576,0.24752475247524752,0.19576719576719576,1.0,1.0,1.0,1.0,1.0
0,Family,Granddaughter,20,0_0_0,0.5945945945945946,0.7457627118644068,1.0,0.9257425742574258,0.5945945945945946,0.0,0.0,0.0,0.0,0.0
0,Family,Granddaughter,20,0_0_1,0.918918918918919,0.8717948717948718,0.8292682926829268,0.9504950495049505,0.7727272727272727,0.5714285714285714,0.7272727272727273,1.0,0.5714285714285714,0.5714285714285714
0,Family,Granddaughter,20,0_1_0,0.918918918918919,0.8607594936708861,0.8095238095238095,0.9455445544554455,0.7555555555555555,0.5714285714285714,0.7272727272727273,1.0,0.5714285714285714,0.5714285714285714
0,Family,Granddaughter,20,1_0_0,1.0,0.33035714285714285,0.19786096256684493,0.25742574257425743,0.19786096256684493,1.0,1.0,1.0,1.0,1.0
0,Family,Granddaughter,20,1_1_1,1.0,0.3288888888888889,0.19680851063829788,0.2524752475247525,0.19680851063829788,1.0,1.0,1.0,1.0,1.0
0,Family,Granddaughter,25,0_0_0,0.5405405405405406,0.7017543859649122,1.0,0.9158415841584159,0.5405405405405406,0.0,0.0,0.0,0.0,0.0
0,Family,Granddaughter,25,0_0_1,0.8378378378378378,0.8611111111111112,0.8857142857142857,0.9504950495049505,0.7560975609756098,0.3333333333333333,0.5,1.0,0.3333333333333333,0.3333333333333333
0,Family,Granddaughter,25,0_1_0,0.918918918918919,0.8192771084337349,0.7391304347826086,0.9257425742574258,0.6938775510204082,0.6666666666666666,0.8,1.0,0.6666666666666666,0.6666666666666666
0,Family,Granddaughter,25,1_0_0,1.0,0.3523809523809524,0.2138728323699422,0.32673267326732675,0.2138728323699422,1.0,1.0,1.0,1.0,1.0
0,Family,Granddaughter,25,1_1_1,1.0,0.3333333333333333,0.2,0.26732673267326734,0.2,1.0,1.0,1.0,1.0,1.0
0,Family,Granddaughter,30,0_0_0,0.4594594594594595,0.6296296296296297,1.0,0.900990099009901,0.4594594594594595,0.0,0.0,0.0,0.0,0.0
0,Family,Granddaughter,30,0_0_1,0.8108108108108109,0.8108108108108109,0.8108108108108109,0.9306930693069307,0.6818181818181818,0.36363636363636365,0.5333333333333333,1.0,0.36363636363636365,0.36363636363636365
0,Family,Granddaughter,30,0_1_0,0.8378378378378378,0.775,0.7209302325581395,0.9108910891089109,0.6326530612244898,0.45454545454545453,0.625,1.0,0.45454545454545453,0.45454545454545453
0,Family,Granddaughter,30,1_0_0,1.0,0.3474178403755869,0.21022727272727273,0.3118811881188119,0.21022727272727273,1.0,1.0,1.0,1.0,1.0
0,Family,Granddaughter,30,1_1_1,1.0,0.3394495412844037,0.20441988950276244,0.2871287128712871,0.20441988950276244,1.0,1.0,1.0,1.0,1.0
0,Family,Granddaughter,35,0_0_0,0.43243243243243246,0.6037735849056604,1.0,0.8960396039603961,0.43243243243243246,0.0,0.0,0.0,0.0,0.0
0,Family,Granddaughter,35,0_0_1,0.8108108108108109,0.8108108108108109,0.8108108108108109,0.9306930693069307,0.6818181818181818,0.4166666666666667,0.5882352941176471,1.0,0.4166666666666667,0.4166666666666667
0,Family,Granddaughter,35,0_1_0,0.8378378378378378,0.775,0.7209302325581395,0.9108910891089109,0.6326530612244898,0.5,0.6666666666666666,1.0,0.5,0.5
0,Family,Granddaughter,35,1_0_0,1.0,0.35071090047393366,0.21264367816091953,0.3217821782178218,0.21264367816091953,1.0,1.0,1.0,1.0,1.0
0,Family,Granddaughter,35,1_1_1,1.0,0.33035714285714285,0.19786096256684493,0.25742574257425743,0.19786096256684493,1.0,1.0,1.0,1.0,1.0
0,Family,Granddaughter,40,0_0_0,0.40540540540540543,0.5769230769230769,1.0,0.8910891089108911,0.40540540540540543,0.0,0.0,0.0,0.0,0.0
0,Family,Granddaughter,40,0_0_1,0.7837837837837838,0.7837837837837838,0.7837837837837838,0.9207920792079208,0.6444444444444445,0.42857142857142855,0.6,1.0,0.42857142857142855,0.42857142857142855
0,Family,Granddaughter,40,0_1_0,0.8378378378378378,0.775,0.7209302325581395,0.9108910891089109,0.6326530612244898,0.5714285714285714,0.7272727272727273,1.0,0.5714285714285714,0.5714285714285714
0,Family,Granddaughter,40,1_0_0,1.0,0.3557692307692308,0.21637426900584794,0.33663366336633666,0.21637426900584794,1.0,1.0,1.0,1.0,1.0
0,Family,Granddaughter,40,1_1_1,1.0,0.3288888888888889,0.19680851063829788,0.2524752475247525,0.19680851063829788,1.0,1.0,1.0,1.0,1.0
0,Family,Granddaughter,45,0_0_0,0.3783783783783784,0.5490196078431373,1.0,0.8861386138613861,0.3783783783783784,0.0,0.0,0.0,0.0,0.0
0,Family,Granddaughter,45,0_0_1,0.7567567567567568,0.8115942028985508,0.875,0.9356435643564357,0.6829268292682927,0.4375,0.6086956521739131,1.0,0.4375,0.4375
0,Family,Granddaughter,45,0_1_0,0.7567567567567568,0.7671232876712328,0.7777777777777778,0.9158415841584159,0.6222222222222222,0.4375,0.6086956521739131,1.0,0.4375,0.4375
0,Family,Granddaughter,45,1_0_0,1.0,0.3627450980392157,0.2215568862275449,0.3564356435643564,0.2215568862275449,1.0,1.0,1.0,1.0,1.0
0,Family,Granddaughter,45,1_1_1,0.8918918918918919,0.34196891191709844,0.21153846153846154,0.3712871287128713,0.20625,0.875,0.9333333333333333,1.0,0.875,0.875
0,Family,Granddaughter,50,0_0_0,0.35135135135135137,0.52,1.0,0.8811881188118812,0.35135135135135137,0.0,0.0,0.0,0.0,0.0
0,Family,Granddaughter,50,0_0_1,0.7297297297297297,0.782608695652174,0.84375,0.9257425742574258,0.6428571428571429,0.4444444444444444,0.6153846153846154,1.0,0.4444444444444444,0.4444444444444444
0,Family,Granddaughter,50,0_1_0,0.7567567567567568,0.7671232876712328,0.7777777777777778,0.9158415841584159,0.6222222222222222,0.5,0.6666666666666666,1.0,0.5,0.5
0,Family,Granddaughter,50,1_0_0,1.0,0.34101382488479265,0.20555555555555555,0.29207920792079206,0.20555555555555555,1.0,1.0,1.0,1.0,1.0
0,Family,Granddaughter,50,1_1_1,0.918918918918919,0.3177570093457944,0.192090395480226,0.27722772277227725,0.18888888888888888,0.8888888888888888,0.9411764705882353,1.0,0.8888888888888888,0.8888888888888888
0,Family,Granddaughter,55,0_0_0,0.2702702702702703,0.425531914893617,1.0,0.8663366336633663,0.2702702702702703,0.0,0.0,0.0,0.0,0.0
0,Family,Granddaughter,55,0_0_1,0.6756756756756757,0.7575757575757576,0.8620689655172413,0.9207920792079208,0.6097560975609756,0.4,0.5714285714285714,1.0,0.4,0.4
0,Family,Granddaughter,55,0_1_0,0.7297297297297297,0.75,0.7714285714285715,0.9108910891089109,0.6,0.5,0.6666666666666666,1.0,0.5,0.5
0,Family,Granddaughter,55,1_0_0,1.0,0.34579439252336447,0.20903954802259886,0.3069306930693069,0.20903954802259886,1.0,1.0,1.0,1.0,1.0
0,Family,Granddaughter,55,1_1_1,0.9459459459459459,0.33980582524271846,0.20710059171597633,0.32673267326732675,0.2046783625730994,0.9,0.9473684210526315,1.0,0.9,0.9
0,Family,Granddaughter,60,0_0_0,0.24324324324324326,0.391304347826087,1.0,0.8613861386138614,0.24324324324324326,0.0,0.0,0.0,0.0,0.0
0,Family,Granddaughter,60,0_0_1,0.5945945945945946,0.6470588235294118,0.7096774193548387,0.8811881188118812,0.4782608695652174,0.3181818181818182,0.4827586206896552,1.0,0.3181818181818182,0.3181818181818182
0,Family,Granddaughter,60,0_1_0,0.7567567567567568,0.7671232876712328,0.7777777777777778,0.9158415841584159,0.6222222222222222,0.5909090909090909,0.7428571428571429,1.0,0.5909090909090909,0.5909090909090909
0,Family,Granddaughter,60,1_0_0,1.0,0.3756345177664975,0.23125,0.3910891089108911,0.23125,1.0,1.0,1.0,1.0,1.0
0,Family,Granddaughter,60,1_1_1,0.8108108108108109,0.2955665024630542,0.18072289156626506,0.29207920792079206,0.17341040462427745,0.8181818181818182,0.9,1.0,0.8181818181818182,0.8181818181818182
0,Family,Granddaughter,65,0_0_0,0.2702702702702703,0.425531914893617,1.0,0.8663366336633663,0.2702702702702703,0.0,0.0,0.0,0.0,0.0
0,Family,Granddaughter,65,0_0_1,0.5405405405405406,0.6349206349206349,0.7692307692307693,0.8861386138613861,0.46511627906976744,0.2916666666666667,0.45161290322580644,1.0,0.2916666666666667,0.2916666666666667
0,Family,Granddaughter,65,0_1_0,0.7027027027027027,0.7647058823529411,0.8387096774193549,0.9207920792079208,0.6190476190476191,0.5416666666666666,0.7027027027027027,1.0,0.5416666666666666,0.5416666666666666
0,Family,Granddaughter,65,1_0_0,1.0,0.3894736842105263,0.24183006535947713,0.42574257425742573,0.24183006535947713,1.0,1.0,1.0,1.0,1.0
0,Family,Granddaughter,65,1_1_1,0.5945945945945946,0.275,0.17886178861788618,0.42574257425742573,0.15942028985507245,0.625,0.7692307692307693,1.0,0.625,0.625
0,Family,Granddaughter,70,0_0_0,0.21621621621621623,0.35555555555555557,1.0,0.8564356435643564,0.21621621621621623,0.0,0.0,0.0,0.0,0.0
0,Family,Granddaughter,70,0_0_1,0.5135135135135135,0.6333333333333333,0.8260869565217391,0.8910891089108911,0.4634146341463415,0.28,0.4375,1.0,0.28,0.28
0,Family,Granddaughter,70,0_1_0,0.6756756756756757,0.7246376811594203,0.78125,0.905940594059406,0.5681818181818182,0.52,0.6842105263157895,1.0,0.52,0.52
0,Family,Granddaughter,70,1_0_0,1.0,0.4065934065934066,0.25517241379310346,0.46534653465346537,0.25517241379310346,1.0,1.0,1.0,1.0,1.0
0,Family,Granddaughter,70,1_1_1,0.2702702702702703,0.15748031496062992,0.1111111111111111,0.47029702970297027,0.08547008547008547,0.28,0.4375,1.0,0.28,0.28
0,Family,Granddaughter,75,0_0_0,0.16216216216216217,0.27906976744186046,1.0,0.8465346534653465,0.16216216216216217,0.0,0.0,0.0,0.0,0.0
0,Family,Granddaughter,75,0_0_1,0.5135135135135135,0.6229508196721312,0.7916666666666666,0.8861386138613861,0.4523809523809524,0.3333333333333333,0.5,1.0,0.3333333333333333,0.3333333333333333
0,Family,Granddaughter,75,0_1_0,0.6756756756756757,0.7352941176470589,0.8064516129032258,0.9108910891089109,0.5813953488372093,0.5555555555555556,0.7142857142857143,1.0,0.5555555555555556,0.5555555555555556
0,Family,Granddaughter,75,1_0_0,1.0,0.42528735632183906,0.27007299270072993,0.504950495049505,0.27007299270072993,1.0,1.0,1.0,1.0,1.0
0,Family,Granddaughter,75,1_1_1,0.40540540540540543,0.2112676056338028,0.14285714285714285,0.44554455445544555,0.11811023622047244,0.4444444444444444,0.6153846153846154,1.0,0.4444444444444444,0.4444444444444444
0,Family,Granddaughter,80,0_0_0,0.10810810810810811,0.1951219512195122,1.0,0.8366336633663366,0.10810810810810811,0.0,0.0,0.0,0.0,0.0
0,Family,Granddaughter,80,0_0_1,0.35135135135135137,0.4642857142857143,0.6842105263157895,0.8514851485148515,0.3023255813953488,0.1724137931034483,0.29411764705882354,1.0,0.1724137931034483,0.1724137931034483
0,Family,Granddaughter,80,0_1_0,0.4864864864864865,0.6101694915254238,0.8181818181818182,0.8861386138613861,0.43902439024390244,0.3448275862068966,0.5128205128205128,1.0,0.3448275862068966,0.3448275862068966
0,Family,Granddaughter,80,1_0_0,0.972972972972973,0.4235294117647059,0.2706766917293233,0.5148514851485149,0.26865671641791045,0.9655172413793104,0.9824561403508771,1.0,0.9655172413793104,0.9655172413793104
0,Family,Granddaughter,80,1_1_1,0.35135135135135137,0.2,0.13978494623655913,0.48514851485148514,0.1111111111111111,0.2413793103448276,0.3888888888888889,1.0,0.2413793103448276,0.2413793103448276
0,Family,Grandfather,0,0_0_0,0.7714285714285715,0.8709677419354839,1.0,0.9603960396039604,0.7714285714285715,,,,,
0,Family,Grandfather,0,0_0_1,1.0,0.625,0.45454545454545453,0.7920792079207921,0.45454545454545453,,,,,
0,Family,Grandfather,0,0_1_0,1.0,0.7291666666666666,0.5737704918032787,0.8712871287128713,0.5737704918032787,,,,,
0,Family,Grandfather,0,1_0_0,1.0,0.3181818181818182,0.1891891891891892,0.25742574257425743,0.1891891891891892,,,,,
0,Family,Grandfather,0,1_1_1,0.5714285714285714,0.40816326530612246,0.31746031746031744,0.7128712871287128,0.2564102564102564,,,,,
0,Family,Grandfather,5,0_0_0,0.6285714285714286,0.7719298245614035,1.0,0.9356435643564357,0.6285714285714286,0.0,0.0,0.0,0.0,0.0
0,Family,Grandfather,5,0_0_1,1.0,0.6194690265486725,0.44871794871794873,0.7871287128712872,0.44871794871794873,1.0,1.0,1.0,1.0,1.0
0,Family,Grandfather,5,0_1_0,1.0,0.7368421052631579,0.5833333333333334,0.8762376237623762,0.5833333333333334,1.0,1.0,1.0,1.0,1.0
0,Family,Grandfather,5,1_0_0,1.0,0.319634703196347,0.19021739130434784,0.2623762376237624,0.19021739130434784,1.0,1.0,1.0,1.0,1.0
0,Family,Grandfather,5,1_1_1,0.5714285714285714,0.40816326530612246,0.31746031746031744,0.7128712871287128,0.2564102564102564,1.0,1.0,1.0,1.0,1.0
0,Family,Grandfather,10,0_0_0,0.6285714285714286,0.7719298245614035,1.0,0.9356435643564357,0.6285714285714286,0.0,0.0,0.0,0.0,0.0
0,Family,Grandfather,10,0_0_1,1.0,0.6194690265486725,0.44871794871794873,0.7871287128712872,0.44871794871794873,1.0,1.0,1.0,1.0,1.0
0,Family,Grandfather,10,0_1_0,1.0,0.7692307692307693,0.625,0.8960396039603961,0.625,1.0,1.0,1.0,1.0,1.0
0,Family,Grandfather,10,1_0_0,1.0,0.32710280373831774,0.19553072625698323,0.2871287128712871,0.19553072625698323,1.0,1.0,1.0,1.0,1.0
0,Family,Grandfather,10,1_1_1,0.6571428571428571,0.46,0.35384615384615387,0.7326732673267327,0.2987012987012987,0.3333333333333333,0.5,1.0,0.3333333333333333,0.3333333333333333
0,Family,Grandfather,15,0_0_0,0.6,0.75,1.0,0.9306930693069307,0.6,0.0,0.0,0.0,0.0,0.0
0,Family,Grandfather,15,0_0_1,1.0,0.6306306306306306,0.4605263157894737,0.7970297029702971,0.4605263157894737,1.0,1.0,1.0,1.0,1.0
0,Family,Grandfather,15,0_1_0,1.0,0.7368421052631579,0.5833333333333334,0.8762376237623762,0.5833333333333334,1.0,1.0,1.0,1.0,1.0
0,Family,Grandfather,15,1_0_0,1.0,0.33175355450236965,0.19886363636363635,0.30198019801980197,0.19886363636363635,1.0,1.0,1.0,1.0,1.0
0,Family,Grandfather,15,1_1_1,0.5428571428571428,0.40425531914893614,0.3220338983050847,0.7227722772277227,0.25333333333333335,0.4,0.5714285714285714,1.0,0.4,0.4
0,Family,Grandfather,20,0_0_0,0.5428571428571428,0.7037037037037037,1.0,0.9207920792079208,0.5428571428571428,0.0,0.0,0.0,0.0,0.0
0,Family,Grandfather,20,0_0_1,1.0,0.6422018348623854,0.47297297297297297,0.806930693069307,0.47297297297297297,1.0,1.0,1.0,1.0,1.0
0,Family,Grandfather,20,0_1_0,0.9714285714285714,0.7816091954022989,0.6538461538461539,0.905940594059406,0.6415094339622641,0.8571428571428571,0.9230769230769231,1.0,0.8571428571428571,0.8571428571428571
0,Family,Grandfather,20,1_0_0,1.0,0.32710280373831774,0.19553072625698323,0.2871287128712871,0.19553072625698323,1.0,1.0,1.0,1.0,1.0
0,Family,Grandfather,20,1_1_1,0.6,0.4077669902912621,0.3088235294117647,0.698019801980198,0.25609756097560976,0.2857142857142857,0.4444444444444444,1.0,0.2857142857142857,0.2857142857142857
0,Family,Grandfather,25,0_0_0,0.5142857142857142,0.6792452830188679,1.0,0.9158415841584159,0.5142857142857142,0.0,0.0,0.0,0.0,0.0
0,Family,Grandfather,25,0_0_1,1.0,0.6306306306306306,0.4605263157894737,0.7970297029702971,0.4605263157894737,1.0,1.0,1.0,1.0,1.0
0,Family,Grandfather,25,0_1_0,0.9142857142857143,0.7901234567901234,0.6956521739130435,0.9158415841584159,0.6530612244897959,0.625,0.7692307692307693,1.0,0.625,0.625
0,Family,Grandfather,25,1_0_0,1.0,0.32710280373831774,0.19553072625698323,0.2871287128712871,0.19553072625698323,1.0,1.0,1.0,1.0,1.0
0,Family,Grandfather,25,1_1_1,0.6285714285714286,0.4,0.29333333333333333,0.6732673267326733,0.25,0.5,0.6666666666666666,1.0,0.5,0.5
0,Family,Grandfather,30,0_0_0,0.5428571428571428,0.7037037037037037,1.0,0.9207920792079208,0.5428571428571428,0.0,0.0,0.0,0.0,0.0
0,Family,Grandfather,30,0_0_1,0.9428571428571428,0.6346153846153846,0.4782608695652174,0.8118811881188119,0.4647887323943662,0.8,0.8888888888888888,1.0,0.8,0.8
0,Family,Grandfather,30,0_1_0,0.8571428571428571,0.759493670886076,0.6818181818181818,0.905940594059406,0.6122448979591837,0.5,0.6666666666666666,1.0,0.5,0.5
0,Family,Grandfather,30,1_0_0,1.0,0.330188679245283,0.1977401129943503,0.297029702970297,0.1977401129943503,1.0,1.0,1.0,1.0,1.0
0,Family,Grandfather,30,1_1_1,0.6857142857142857,0.41739130434782606,0.3,0.6683168316831684,0.26373626373626374,0.6,0.75,1.0,0.6,0.6
0,Family,Grandfather,35,0_0_0,0.4857142857142857,0.6538461538461539,1.0,0.9108910891089109,0.4857142857142857,0.0,0.0,0.0,0.0,0.0
0,Family,Grandfather,35,0_0_1,0.9428571428571428,0.6470588235294118,0.4925373134328358,0.8217821782178217,0.4782608695652174,0.8333333333333334,0.9090909090909091,1.0,0.8333333333333334,0.8333333333333334
0,Family,Grandfather,35,0_1_0,0.8571428571428571,0.7894736842105263,0.7317073170731707,0.9207920792079208,0.6521739130434783,0.5833333333333334,0.7368421052631579,1.0,0.5833333333333334,0.5833333333333334
0,Family,Grandfather,35,1_0_0,1.0,0.33175355450236965,0.19886363636363635,0.30198019801980197,0.19886363636363635,1.0,1.0,1.0,1.0,1.0
0,Family,Grandfather,35,1_1_1,0.6857142857142857,0.4444444444444444,0.3287671232876712,0.7029702970297029,0.2857142857142857,0.6666666666666666,0.8,1.0,0.6666666666666666,0.6666666666666666
0,Family,Grandfather,40,0_0_0,0.4857142857142857,0.6538461538461539,1.0,0.9108910891089109,0.4857142857142857,0.0,0.0,0.0,0.0,0.0
0,Family,Grandfather,40,0_0_1,0.9142857142857143,0.64,0.49230769230769234,0.8217821782178217,0.47058823529411764,0.7857142857142857,0.88,1.0,0.7857142857142857,0.7857142857142857
0,Family,Grandfather,40,0_1_0,0.7428571428571429,0.7222222222222222,0.7027027027027027,0.900990099009901,0.5652173913043478,0.35714285714285715,0.5263157894736842,1.0,0.35714285714285715,0.35714285714285715
0,Family,Grandfather,40,1_0_0,1.0,0.33653846153846156,0.2023121387283237,0.31683168316831684,0.2023121387283237,1.0,1.0,1.0,1.0,1.0
0,Family,Grandfather,40,1_1_1,0.5428571428571428,0.36893203883495146,0.27941176470588236,0.6782178217821783,0.2261904761904762,0.5714285714285714,0.7272727272727273,1.0,0.5714285714285714,0.5714285714285714
0,Family,Grandfather,45,0_0_0,0.4857142857142857,0.6538461538461539,1.0,0.9108910891089109,0.4857142857142857,0.0,0.0,0.0,0.0,0.0
0,Family,Grandfather,45,0_0_1,0.9142857142857143,0.6274509803921569,0.47761194029850745,0.8118811881188119,0.45714285714285713,0.8,0.8888888888888888,1.0,0.8,0.8
0,Family,Grandfather,45,0_1_0,0.7714285714285715,0.72,0.675,0.8960396039603961,0.5625,0.4666666666666667,0.6363636363636364,1.0,0.4666666666666667,0.4666666666666667
0,Family,Grandfather,45,1_0_0,1.0,0.33175355450236965,0.19886363636363635,0.30198019801980197,0.19886363636363635,1.0,1.0,1.0,1.0,1.0
0,Family,Grandfather,45,1_1_1,0.4857142857142857,0.3269230769230769,0.2463768115942029,0.6534653465346535,0.19540229885057472,0.6,0.75,1.0,0.6,0.6
0,Family,Grandfather,50,0_0_0,0.42857142857142855,0.6,1.0,0.900990099009901,0.42857142857142855,0.0,0.0,0.0,0.0,0.0
0,Family,Grandfather,50,0_0_1,0.7714285714285715,0.574468085106383,0.4576271186440678,0.801980198019802,0.40298507462686567,0.5294117647058824,0.6923076923076923,1.0,0.5294117647058824,0.5294117647058824
0,Family,Grandfather,50,0_1_0,0.6857142857142857,0.6666666666666666,0.6486486486486487,0.8811881188118812,0.5,0.35294117647058826,0.5217391304347826,1.0,0.35294117647058826,0.35294117647058826
0,Family,Grandfather,50,1_0_0,1.0,0.3333333333333333,0.2,0.3069306930693069,0.2,1.0,1.0,1.0,1.0,1.0
0,Family,Grandfather,50,1_1_1,0.45714285714285713,0.32989690721649484,0.25806451612903225,0.6782178217821783,0.19753086419753085,0.5882352941176471,0.7407407407407407,1.0,0.5882352941176471,0.5882352941176471
0,Family,Grandfather,55,0_0_0,0.37142857142857144,0.5416666666666666,1.0,0.8910891089108911,0.37142857142857144,0.0,0.0,0.0,0.0,0.0
0,Family,Grandfather,55,0_0_1,0.7142857142857143,0.5681818181818182,0.4716981132075472,0.8118811881188119,0.3968253968253968,0.47368421052631576,0.6428571428571429,1.0,0.47368421052631576,0.47368421052631576
0,Family,Grandfather,55,0_1_0,0.6,0.6666666666666666,0.75,0.8960396039603961,0.5,0.2631578947368421,0.4166666666666667,1.0,0.2631578947368421,0.2631578947368421
0,Family,Grandfather,55,1_0_0,1.0,0.3333333333333333,0.2,0.3069306930693069,0.2,1.0,1.0,1.0,1.0,1.0
0,Family,Grandfather,55,1_1_1,0.4857142857142857,0.3238095238095238,0.24285714285714285,0.6485148514851485,0.19318181818181818,0.5263157894736842,0.6896551724137931,1.0,0.5263157894736842,0.5263157894736842
0,Family,Grandfather,60,0_0_0,0.3142857142857143,0.4782608695652174,1.0,0.8811881188118812,0.3142857142857143,0.0,0.0,0.0,0.0,0.0
0,Family,Grandfather,60,0_0_1,0.6285714285714286,0.4888888888888889,0.4,0.7722772277227723,0.3235294117647059,0.38095238095238093,0.5517241379310345,1.0,0.38095238095238093,0.38095238095238093
0,Family,Grandfather,60,0_1_0,0.5428571428571428,0.6129032258064516,0.7037037037037037,0.8811881188118812,0.4418604651162791,0.23809523809523808,0.38461538461538464,1.0,0.23809523809523808,0.23809523809523808
0,Family,Grandfather,60,1_0_0,1.0,0.3225806451612903,0.19230769230769232,0.2722772277227723,0.19230769230769232,1.0,1.0,1.0,1.0,1.0
0,Family,Grandfather,60,1_1_1,0.45714285714285713,0.2909090909090909,0.21333333333333335,0.6138613861386139,0.1702127659574468,0.5238095238095238,0.6875,1.0,0.5238095238095238,0.5238095238095238
0,Family,Grandfather,65,0_0_0,0.2857142857142857,0.4444444444444444,1.0,0.8762376237623762,0.2857142857142857,0.0,0.0,0.0,0.0,0.0
0,Family,Grandfather,65,0_0_1,0.5714285714285714,0.45454545454545453,0.37735849056603776,0.7623762376237624,0.29411764705882354,0.3181818181818182,0.4827586206896552,1.0,0.3181818181818182,0.3181818181818182
0,Family,Grandfather,65,0_1_0,0.5428571428571428,0.5846153846153846,0.6333333333333333,0.8663366336633663,0.41304347826086957,0.2727272727272727,0.42857142857142855,1.0,0.2727272727272727,0.2727272727272727
0,Family,Grandfather,65,1_0_0,1.0,0.32407407407407407,0.19337016574585636,0.27722772277227725,0.19337016574585636,1.0,1.0,1.0,1.0,1.0
0,Family,Grandfather,65,1_1_1,0.5142857142857142,0.3025210084033613,0.21428571428571427,0.5891089108910891,0.1782178217821782,0.5454545454545454,0.7058823529411765,1.0,0.5454545454545454,0.5454545454545454
0,Family,Grandfather,70,0_0_0,0.2571428571428571,0.4090909090909091,1.0,0.8712871287128713,0.2571428571428571,0.0,0.0,0.0,0.0,0.0
0,Family,Grandfather,70,0_0_1,0.5142857142857142,0.46153846153846156,0.4186046511627907,0.7920792079207921,0.3,0.2916666666666667,0.45161290322580644,1.0,0.2916666666666667,0.2916666666666667
0,Family,Grandfather,70,0_1_0,0.5142857142857142,0.5454545454545454,0.5806451612903226,0.8514851485148515,0.375,0.2916666666666667,0.45161290322580644,1.0,0.2916666666666667,0.2916666666666667
0,Family,Grandfather,70,1_0_0,1.0,0.3111111111111111,0.18421052631578946,0.23267326732673269,0.18421052631578946,1.0,1.0,1.0,1.0,1.0
0,Family,Grandfather,70,1_1_1,0.45714285714285713,0.2962962962962963,0.2191780821917808,0.6237623762376238,0.17391304347826086,0.5,0.6666666666666666,1.0,0.5,0.5
0,Family,Grandfather,75,0_0_0,0.2,0.3333333333333333,1.0,0.8613861386138614,0.2,0.0,0.0,0.0,0.0,0.0
0,Family,Grandfather,75,0_0_1,0.5142857142857142,0.4675324675324675,0.42857142857142855,0.7970297029702971,0.3050847457627119,0.34615384615384615,0.5142857142857142,1.0,0.34615384615384615,0.34615384615384615
0,Family,Grandfather,75,0_1_0,0.4857142857142857,0.5230769230769231,0.5666666666666667,0.8465346534653465,0.3541666666666667,0.3076923076923077,0.47058823529411764,1.0,0.3076923076923077,0.3076923076923077
0,Family,Grandfather,75,1_0_0,1.0,0.31390134529147984,0.18617021276595744,0.24257425742574257,0.18617021276595744,1.0,1.0,1.0,1.0,1.0
0,Family,Grandfather,75,1_1_1,0.45714285714285713,0.2807017543859649,0.20253164556962025,0.594059405940594,0.16326530612244897,0.46153846153846156,0.631578947368421,1.0,0.46153846153846156,0.46153846153846156
0,Family,Grandfather,80,0_0_0,0.17142857142857143,0.2926829268292683,1.0,0.8564356435643564,0.17142857142857143,0.0,0.0,0.0,0.0,0.0
0,Family,Grandfather,80,0_0_1,0.45714285714285713,0.41025641025641024,0.37209302325581395,0.7722772277227723,0.25806451612903225,0.32142857142857145,0.4864864864864865,1.0,0.32142857142857145,0.32142857142857145
0,Family,Grandfather,80,0_1_0,0.37142857142857144,0.4482758620689655,0.5652173913043478,0.8415841584158416,0.28888888888888886,0.21428571428571427,0.35294117647058826,1.0,0.21428571428571427,0.21428571428571427
0,Family,Grandfather,80,1_0_0,0.9714285714285714,0.3076923076923077,0.1827956989247312,0.24257425742574257,0.18181818181818182,0.9642857142857143,0.9818181818181818,1.0,0.9642857142857143,0.9642857142857143
0,Family,Grandfather,80,1_1_1,0.42857142857142855,0.2777777777777778,0.2054794520547945,0.6138613861386139,0.16129032258064516,0.4642857142857143,0.6341463414634146,1.0,0.4642857142857143,0.4642857142857143
0,Family,Grandparent,0,0_0_0,0.0,0.0,0.0,0.6534653465346535,0.0,,,,,
0,Family,Grandparent,0,0_0_1,0.0,0.0,0.0,0.6386138613861386,0.0,,,,,
0,Family,Grandparent,0,0_1_0,0.02857142857142857,0.05333333333333334,0.4,0.6485148514851485,0.0273972602739726,,,,,
0,Family,Grandparent,0,1_0_0,0.22857142857142856,0.19875776397515527,0.17582417582417584,0.3613861386138614,0.1103448275862069,,,,,
0,Family,Grandparent,0,1_1_1,0.44285714285714284,0.3522727272727273,0.29245283018867924,0.43564356435643564,0.21379310344827587,,,,,
0,Family,Grandparent,5,0_0_0,0.0,0.0,0.0,0.6534653465346535,0.0,,,,,
0,Family,Grandparent,5,0_0_1,0.0,0.0,0.0,0.6386138613861386,0.0,,,,,
0,Family,Grandparent,5,0_1_0,0.02857142857142857,0.05333333333333334,0.4,0.6485148514851485,0.0273972602739726,,,,,
0,Family,Grandparent,5,1_0_0,0.22857142857142856,0.19875776397515527,0.17582417582417584,0.3613861386138614,0.1103448275862069,,,,,
0,Family,Grandparent,5,1_1_1,0.44285714285714284,0.3522727272727273,0.29245283018867924,0.43564356435643564,0.21379310344827587,,,,,
0,Family,Grandparent,10,0_0_0,0.0,0.0,0.0,0.6534653465346535,0.0,,,,,
0,Family,Grandparent,10,0_0_1,0.0,0.0,0.0,0.6386138613861386,0.0,,,,,
0,Family,Grandparent,10,0_1_0,0.02857142857142857,0.05333333333333334,0.4,0.6485148514851485,0.0273972602739726,,,,,
0,Family,Grandparent,10,1_0_0,0.22857142857142856,0.19875776397515527,0.17582417582417584,0.3613861386138614,0.1103448275862069,,,,,
0,Family,Grandparent,10,1_1_1,0.44285714285714284,0.3522727272727273,0.29245283018867924,0.43564356435643564,0.21379310344827587,,,,,
0,Family,Grandparent,15,0_0_0,0.0,0.0,0.0,0.6534653465346535,0.0,,,,,
0,Family,Grandparent,15,0_0_1,0.0,0.0,0.0,0.6386138613861386,0.0,,,,,
0,Family,Grandparent,15,0_1_0,0.02857142857142857,0.05333333333333334,0.4,0.6485148514851485,0.0273972602739726,,,,,
0,Family,Grandparent,15,1_0_0,0.22857142857142856,0.19875776397515527,0.17582417582417584,0.3613861386138614,0.1103448275862069,,,,,
0,Family,Grandparent,15,1_1_1,0.44285714285714284,0.3522727272727273,0.29245283018867924,0.43564356435643564,0.21379310344827587,,,,,
0,Family,Grandparent,20,0_0_0,0.0,0.0,0.0,0.6534653465346535,0.0,,,,,
0,Family,Grandparent,20,0_0_1,0.0,0.0,0.0,0.6386138613861386,0.0,,,,,
0,Family,Grandparent,20,0_1_0,0.02857142857142857,0.05333333333333334,0.4,0.6485148514851485,0.0273972602739726,,,,,
0,Family,Grandparent,20,1_0_0,0.22857142857142856,0.19875776397515527,0.17582417582417584,0.3613861386138614,0.1103448275862069,,,,,
0,Family,Grandparent,20,1_1_1,0.44285714285714284,0.3522727272727273,0.29245283018867924,0.43564356435643564,0.21379310344827587,,,,,
0,Family,Grandparent,25,0_0_0,0.0,0.0,0.0,0.6534653465346535,0.0,,,,,
0,Family,Grandparent,25,0_0_1,0.0,0.0,0.0,0.6386138613861386,0.0,,,,,
0,Family,Grandparent,25,0_1_0,0.02857142857142857,0.05333333333333334,0.4,0.6485148514851485,0.0273972602739726,,,,,
0,Family,Grandparent,25,1_0_0,0.22857142857142856,0.19875776397515527,0.17582417582417584,0.3613861386138614,0.1103448275862069,,,,,
0,Family,Grandparent,25,1_1_1,0.44285714285714284,0.3522727272727273,0.29245283018867924,0.43564356435643564,0.21379310344827587,,,,,
0,Family,Grandparent,30,0_0_0,0.0,0.0,0.0,0.6534653465346535,0.0,,,,,
0,Family,Grandparent,30,0_0_1,0.0,0.0,0.0,0.6386138613861386,0.0,,,,,
0,Family,Grandparent,30,0_1_0,0.02857142857142857,0.05333333333333334,0.4,0.6485148514851485,0.0273972602739726,,,,,
0,Family,Grandparent,30,1_0_0,0.22857142857142856,0.19875776397515527,0.17582417582417584,0.3613861386138614,0.1103448275862069,,,,,
0,Family,Grandparent,30,1_1_1,0.44285714285714284,0.3522727272727273,0.29245283018867924,0.43564356435643564,0.21379310344827587,,,,,
0,Family,Grandparent,35,0_0_0,0.0,0.0,0.0,0.6534653465346535,0.0,,,,,
0,Family,Grandparent,35,0_0_1,0.0,0.0,0.0,0.6386138613861386,0.0,,,,,
0,Family,Grandparent,35,0_1_0,0.02857142857142857,0.05333333333333334,0.4,0.6485148514851485,0.0273972602739726,,,,,
0,Family,Grandparent,35,1_0_0,0.22857142857142856,0.19875776397515527,0.17582417582417584,0.3613861386138614,0.1103448275862069,,,,,
0,Family,Grandparent,35,1_1_1,0.44285714285714284,0.3522727272727273,0.29245283018867924,0.43564356435643564,0.21379310344827587,,,,,
0,Family,Grandparent,40,0_0_0,0.0,0.0,0.0,0.6534653465346535,0.0,,,,,
0,Family,Grandparent,40,0_0_1,0.0,0.0,0.0,0.6386138613861386,0.0,,,,,
0,Family,Grandparent,40,0_1_0,0.02857142857142857,0.05333333333333334,0.4,0.6485148514851485,0.0273972602739726,,,,,
0,Family,Grandparent,40,1_0_0,0.22857142857142856,0.19875776397515527,0.17582417582417584,0.3613861386138614,0.1103448275862069,,,,,
0,Family,Grandparent,40,1_1_1,0.44285714285714284,0.3522727272727273,0.29245283018867924,0.43564356435643564,0.21379310344827587,,,,,
0,Family,Grandparent,45,0_0_0,0.0,0.0,0.0,0.6534653465346535,0.0,,,,,
0,Family,Grandparent,45,0_0_1,0.0,0.0,0.0,0.6386138613861386,0.0,,,,,
0,Family,Grandparent,45,0_1_0,0.02857142857142857,0.05333333333333334,0.4,0.6485148514851485,0.0273972602739726,,,,,
0,Family,Grandparent,45,1_0_0,0.22857142857142856,0.19875776397515527,0.17582417582417584,0.3613861386138614,0.1103448275862069,,,,,
0,Family,Grandparent,45,1_1_1,0.44285714285714284,0.3522727272727273,0.29245283018867924,0.43564356435643564,0.21379310344827587,,,,,
0,Family,Grandparent,50,0_0_0,0.0,0.0,0.0,0.6534653465346535,0.0,,,,,
0,Family,Grandparent,50,0_0_1,0.0,0.0,0.0,0.6386138613861386,0.0,,,,,
0,Family,Grandparent,50,0_1_0,0.02857142857142857,0.05333333333333334,0.4,0.6485148514851485,0.0273972602739726,,,,,
0,Family,Grandparent,50,1_0_0,0.22857142857142856,0.19875776397515527,0.17582417582417584,0.3613861386138614,0.1103448275862069,,,,,
0,Family,Grandparent,50,1_1_1,0.44285714285714284,0.3522727272727273,0.29245283018867924,0.43564356435643564,0.21379310344827587,,,,,
0,Family,Grandparent,55,0_0_0,0.0,0.0,0.0,0.6534653465346535,0.0,,,,,
0,Family,Grandparent,55,0_0_1,0.0,0.0,0.0,0.6386138613861386,0.0,,,,,
0,Family,Grandparent,55,0_1_0,0.02857142857142857,0.05333333333333334,0.4,0.6485148514851485,0.0273972602739726,,,,,
0,Family,Grandparent,55,1_0_0,0.22857142857142856,0.19875776397515527,0.17582417582417584,0.3613861386138614,0.1103448275862069,,,,,
0,Family,Grandparent,55,1_1_1,0.44285714285714284,0.3522727272727273,0.29245283018867924,0.43564356435643564,0.21379310344827587,,,,,
0,Family,Grandparent,60,0_0_0,0.0,0.0,0.0,0.6534653465346535,0.0,,,,,
0,Family,Grandparent,60,0_0_1,0.0,0.0,0.0,0.6386138613861386,0.0,,,,,
0,Family,Grandparent,60,0_1_0,0.02857142857142857,0.05333333333333334,0.4,0.6485148514851485,0.0273972602739726,,,,,
0,Family,Grandparent,60,1_0_0,0.22857142857142856,0.19875776397515527,0.17582417582417584,0.3613861386138614,0.1103448275862069,,,,,
0,Family,Grandparent,60,1_1_1,0.44285714285714284,0.3522727272727273,0.29245283018867924,0.43564356435643564,0.21379310344827587,,,,,
0,Family,Grandparent,65,0_0_0,0.0,0.0,0.0,0.6534653465346535,0.0,,,,,
0,Family,Grandparent,65,0_0_1,0.0,0.0,0.0,0.6386138613861386,0.0,,,,,
0,Family,Grandparent,65,0_1_0,0.02857142857142857,0.05333333333333334,0.4,0.6485148514851485,0.0273972602739726,,,,,
0,Family,Grandparent,65,1_0_0,0.22857142857142856,0.19875776397515527,0.17582417582417584,0.3613861386138614,0.1103448275862069,,,,,
0,Family,Grandparent,65,1_1_1,0.44285714285714284,0.3522727272727273,0.29245283018867924,0.43564356435643564,0.21379310344827587,,,,,
0,Family,Grandparent,70,0_0_0,0.0,0.0,0.0,0.6534653465346535,0.0,,,,,
0,Family,Grandparent,70,0_0_1,0.0,0.0,0.0,0.6386138613861386,0.0,,,,,
0,Family,Grandparent,70,0_1_0,0.02857142857142857,0.05333333333333334,0.4,0.6485148514851485,0.0273972602739726,,,,,
0,Family,Grandparent,70,1_0_0,0.22857142857142856,0.19875776397515527,0.17582417582417584,0.3613861386138614,0.1103448275862069,,,,,
0,Family,Grandparent,70,1_1_1,0.44285714285714284,0.3522727272727273,0.29245283018867924,0.43564356435643564,0.21379310344827587,,,,,
0,Family,Grandparent,75,0_0_0,0.0,0.0,0.0,0.6534653465346535,0.0,,,,,
0,Family,Grandparent,75,0_0_1,0.0,0.0,0.0,0.6386138613861386,0.0,,,,,
0,Family,Grandparent,75,0_1_0,0.02857142857142857,0.05333333333333334,0.4,0.6485148514851485,0.0273972602739726,,,,,
0,Family,Grandparent,75,1_0_0,0.22857142857142856,0.19875776397515527,0.17582417582417584,0.3613861386138614,0.1103448275862069,,,,,
0,Family,Grandparent,75,1_1_1,0.44285714285714284,0.3522727272727273,0.29245283018867924,0.43564356435643564,0.21379310344827587,,,,,
0,Family,Grandparent,80,0_0_0,0.0,0.0,0.0,0.6534653465346535,0.0,,,,,
0,Family,Grandparent,80,0_0_1,0.0,0.0,0.0,0.6386138613861386,0.0,,,,,
0,Family,Grandparent,80,0_1_0,0.02857142857142857,0.05333333333333334,0.4,0.6485148514851485,0.0273972602739726,,,,,
0,Family,Grandparent,80,1_0_0,0.22857142857142856,0.19875776397515527,0.17582417582417584,0.3613861386138614,0.1103448275862069,,,,,
0,Family,Grandparent,80,1_1_1,0.44285714285714284,0.3522727272727273,0.29245283018867924,0.43564356435643564,0.21379310344827587,,,,,
0,Family,Grandmother,0,0_0_0,0.45714285714285713,0.6274509803921569,1.0,0.905940594059406,0.45714285714285713,,,,,
0,Family,Grandmother,0,0_0_1,1.0,0.6140350877192983,0.4430379746835443,0.7821782178217822,0.4430379746835443,,,,,
0,Family,Grandmother,0,0_1_0,1.0,0.6086956521739131,0.4375,0.7772277227722773,0.4375,,,,,
0,Family,Grandmother,0,1_0_0,1.0,0.2978723404255319,0.175,0.18316831683168316,0.175,,,,,
0,Family,Grandmother,0,1_1_1,1.0,0.36649214659685864,0.22435897435897437,0.400990099009901,0.22435897435897437,,,,,
0,Family,Grandmother,5,0_0_0,0.4,0.5714285714285714,1.0,0.8960396039603961,0.4,0.0,0.0,0.0,0.0,0.0
0,Family,Grandmother,5,0_0_1,1.0,0.6422018348623854,0.47297297297297297,0.806930693069307,0.47297297297297297,1.0,1.0,1.0,1.0,1.0
0,Family,Grandmother,5,0_1_0,1.0,0.6140350877192983,0.4430379746835443,0.7821782178217822,0.4430379746835443,1.0,1.0,1.0,1.0,1.0
0,Family,Grandmother,5,1_0_0,1.0,0.2978723404255319,0.175,0.18316831683168316,0.175,1.0,1.0,1.0,1.0,1.0
0,Family,Grandmother,5,1_1_1,0.9142857142857143,0.35555555555555557,0.2206896551724138,0.42574257425742573,0.21621621621621623,0.0,0.0,0.0,0.0,0.0
0,Family,Grandmother,10,0_0_0,0.4,0.5714285714285714,1.0,0.8960396039603961,0.4,0.0,0.0,0.0,0.0,0.0
0,Family,Grandmother,10,0_0_1,1.0,0.6140350877192983,0.4430379746835443,0.7821782178217822,0.4430379746835443,1.0,1.0,1.0,1.0,1.0
0,Family,Grandmother,10,0_1_0,0.9714285714285714,0.5811965811965812,0.4146341463414634,0.7574257425742574,0.40963855421686746,0.6666666666666666,0.8,1.0,0.6666666666666666,0.6666666666666666
0,Family,Grandmother,10,1_0_0,1.0,0.2978723404255319,0.175,0.18316831683168316,0.175,1.0,1.0,1.0,1.0,1.0
0,Family,Grandmother,10,1_1_1,0.9142857142857143,0.34972677595628415,0.21621621621621623,0.41089108910891087,0.2119205298013245,0.6666666666666666,0.8,1.0,0.6666666666666666,0.6666666666666666
0,Family,Grandmother,15,0_0_0,0.2857142857142857,0.4444444444444444,1.0,0.8762376237623762,0.2857142857142857,0.0,0.0,0.0,0.0,0.0
0,Family,Grandmother,15,0_0_1,0.9714285714285714,0.6415094339622641,0.4788732394366197,0.8118811881188119,0.4722222222222222,0.8,0.8888888888888888,1.0,0.8,0.8
0,Family,Grandmother,15,0_1_0,0.9428571428571428,0.6111111111111112,0.4520547945205479,0.7920792079207921,0.44,0.6,0.75,1.0,0.6,0.6
0,Family,Grandmother,15,1_0_0,1.0,0.29914529914529914,0.17587939698492464,0.18811881188118812,0.17587939698492464,1.0,1.0,1.0,1.0,1.0
0,Family,Grandmother,15,1_1_1,0.8857142857142857,0.3425414364640884,0.21232876712328766,0.41089108910891087,0.20666666666666667,0.6,0.75,1.0,0.6,0.6
0,Family,Grandmother,20,0_0_0,0.45714285714285713,0.6274509803921569,1.0,0.905940594059406,0.45714285714285713,0.0,0.0,0.0,0.0,0.0
0,Family,Grandmother,20,0_0_1,0.9142857142857143,0.6095238095238096,0.45714285714285713,0.7970297029702971,0.4383561643835616,0.5714285714285714,0.7272727272727273,1.0,0.5714285714285714,0.5714285714285714
0,Family,Grandmother,20,0_1_0,0.9428571428571428,0.5739130434782609,0.4125,0.7574257425742574,0.4024390243902439,0.7142857142857143,0.8333333333333334,1.0,0.7142857142857143,0.7142857142857143
0,Family,Grandmother,20,1_0_0,1.0,0.30042918454935624,0.17676767676767677,0.19306930693069307,0.17676767676767677,1.0,1.0,1.0,1.0,1.0
0,Family,Grandmother,20,1_1_1,0.8857142857142857,0.34831460674157305,0.21678321678321677,0.42574257425742573,0.2108843537414966,0.8571428571428571,0.9230769230769231,1.0,0.8571428571428571,0.8571428571428571
0,Family,Grandmother,25,0_0_0,0.42857142857142855,0.6,1.0,0.900990099009901,0.42857142857142855,0.0,0.0,0.0,0.0,0.0
0,Family,Grandmother,25,0_0_1,0.7714285714285715,0.8571428571428571,0.9642857142857143,0.9554455445544554,0.75,0.0,0.0,0.0,0.0,0.0
0,Family,Grandmother,25,0_1_0,0.8571428571428571,0.6451612903225806,0.5172413793103449,0.8366336633663366,0.47619047619047616,0.375,0.5454545454545454,1.0,0.375,0.375
0,Family,Grandmother,25,1_0_0,1.0,0.4430379746835443,0.2845528455284553,0.5643564356435643,0.2845528455284553,1.0,1.0,1.0,1.0,1.0
0,Family,Grandmother,25,1_1_1,1.0,0.3553299492385787,0.21604938271604937,0.3712871287128713,0.21604938271604937,1.0,1.0,1.0,1.0,1.0
0,Family,Grandmother,30,0_0_0,0.34285714285714286,0.5106382978723404,1.0,0.8861386138613861,0.34285714285714286,0.0,0.0,0.0,0.0,0.0
0,Family,Grandmother,30,0_0_1,0.7428571428571429,0.8387096774193549,0.9629629629629629,0.9504950495049505,0.7222222222222222,0.1,0.18181818181818182,1.0,0.1,0.1
0,Family,Grandmother,30,0_1_0,0.8,0.6746987951807228,0.5833333333333334,0.8663366336633663,0.509090909090909,0.3,0.46153846153846156,1.0,0.3,0.3
0,Family,Grandmother,30,1_0_0,1.0,0.46357615894039733,0.3017241379310345,0.599009900990099,0.3017241379310345,1.0,1.0,1.0,1.0,1.0
0,Family,Grandmother,30,1_1_1,1.0,0.3763440860215054,0.23178807947019867,0.42574257425742573,0.23178807947019867,1.0,1.0,1.0,1.0,1.0
0,Family,Grandmother,35,0_0_0,0.22857142857142856,0.37209302325581395,1.0,0.8663366336633663,0.22857142857142856,0.0,0.0,0.0,0.0,0.0
0,Family,Grandmother,35,0_0_1,0.6857142857142857,0.8135593220338984,1.0,0.9455445544554455,0.6857142857142857,0.08333333333333333,0.15384615384615385,1.0,0.08333333333333333,0.08333333333333333
0,Family,Grandmother,35,0_1_0,0.7428571428571429,0.6419753086419753,0.5652173913043478,0.8564356435643564,0.4727272727272727,0.25,0.4,1.0,0.25,0.25
0,Family,Grandmother,35,1_0_0,1.0,0.4697986577181208,0.30701754385964913,0.6089108910891089,0.30701754385964913,1.0,1.0,1.0,1.0,1.0
0,Family,Grandmother,35,1_1_1,1.0,0.3723404255319149,0.22875816993464052,0.4158415841584158,0.22875816993464052,1.0,1.0,1.0,1.0,1.0
0,Family,Grandmother,40,0_0_0,0.17142857142857143,0.2926829268292683,1.0,0.8564356435643564,0.17142857142857143,0.0,0.0,0.0,0.0,0.0
0,Family,Grandmother,40,0_0_1,0.6285714285714286,0.7719298245614035,1.0,0.9356435643564357,0.6285714285714286,0.07142857142857142,0.13333333333333333,1.0,0.07142857142857142,0.07142857142857142
0,Family,Grandmother,40,0_1_0,0.7428571428571429,0.65,0.5777777777777777,0.8613861386138614,0.48148148148148145,0.35714285714285715,0.5263157894736842,1.0,0.35714285714285715,0.35714285714285715
0,Family,Grandmother,40,1_0_0,1.0,0.4794520547945205,0.3153153153153153,0.6237623762376238,0.3153153153153153,1.0,1.0,1.0,1.0,1.0
0,Family,Grandmother,40,1_1_1,1.0,0.3825136612021858,0.23648648648648649,0.4405940594059406,0.23648648648648649,1.0,1.0,1.0,1.0,1.0
0,Family,Grandmother,45,0_0_0,0.22857142857142856,0.37209302325581395,1.0,0.8663366336633663,0.22857142857142856,0.0,0.0,0.0,0.0,0.0
0,Family,Grandmother,45,0_0_1,0.6571428571428571,0.6388888888888888,0.6216216216216216,0.8712871287128713,0.46938775510204084,0.2,0.3333333333333333,1.0,0.2,0.2
0,Family,Grandmother,45,0_1_0,0.9714285714285714,0.7391304347826086,0.5964912280701754,0.8811881188118812,0.5862068965517241,0.9333333333333333,0.9655172413793104,1.0,0.9333333333333333,0.9333333333333333
0,Family,Grandmother,45,1_0_0,1.0,0.30303030303030304,0.17857142857142858,0.20297029702970298,0.17857142857142858,1.0,1.0,1.0,1.0,1.0
0,Family,Grandmother,45,1_1_1,0.6,0.4375,0.3442622950819672,0.7326732673267327,0.28,0.26666666666666666,0.42105263157894735,1.0,0.26666666666666666,0.26666666666666666
0,Family,Grandmother,50,0_0_0,0.42857142857142855,0.6,1.0,0.900990099009901,0.42857142857142855,0.0,0.0,0.0,0.0,0.0
0,Family,Grandmother,50,0_0_1,0.5714285714285714,0.6779661016949152,0.8333333333333334,0.905940594059406,0.5128205128205128,0.11764705882352941,0.21052631578947367,1.0,0.11764705882352941,0.11764705882352941
0,Family,Grandmother,50,0_1_0,0.8285714285714286,0.7532467532467533,0.6904761904761905,0.905940594059406,0.6041666666666666,0.6470588235294118,0.7857142857142857,1.0,0.6470588235294118,0.6470588235294118
0,Family,Grandmother,50,1_0_0,1.0,0.4069767441860465,0.25547445255474455,0.49504950495049505,0.25547445255474455,1.0,1.0,1.0,1.0,1.0
0,Family,Grandmother,50,1_1_1,0.8857142857142857,0.38509316770186336,0.24603174603174602,0.5099009900990099,0.23846153846153847,0.7647058823529411,0.8666666666666667,1.0,0.7647058823529411,0.7647058823529411
0,Family,Grandmother,55,0_0_0,0.2857142857142857,0.4444444444444444,1.0,0.8762376237623762,0.2857142857142857,0.0,0.0,0.0,0.0,0.0
0,Family,Grandmother,55,0_0_1,0.5428571428571428,0.6666666666666666,0.8636363636363636,0.905940594059406,0.5,0.15789473684210525,0.2727272727272727,1.0,0.15789473684210525,0.15789473684210525
0,Family,Grandmother,55,0_1_0,0.7428571428571429,0.7027027027027027,0.6666666666666666,0.8910891089108911,0.5416666666666666,0.5263157894736842,0.6896551724137931,1.0,0.5263157894736842,0.5263157894736842
0,Family,Grandmother,55,1_0_0,1.0,0.43209876543209874,0.2755905511811024,0.5445544554455446,0.2755905511811024,1.0,1.0,1.0,1.0,1.0
0,Family,Grandmother,55,1_1_1,0.7714285714285715,0.35526315789473684,0.23076923076923078,0.5148514851485149,0.216,0.6842105263157895,0.8125,1.0,0.6842105263157895,0.6842105263157895
0,Family,Grandmother,60,0_0_0,0.2857142857142857,0.4444444444444444,1.0,0.8762376237623762,0.2857142857142857,0.0,0.0,0.0,0.0,0.0
0,Family,Grandmother,60,0_0_1,0.5142857142857142,0.6545454545454545,0.9,0.905940594059406,0.4864864864864865,0.19047619047619047,0.32,1.0,0.19047619047619047,0.19047619047619047
0,Family,Grandmother,60,0_1_0,0.7142857142857143,0.7142857142857143,0.7142857142857143,0.900990099009901,0.5555555555555556,0.5238095238095238,0.6875,1.0,0.5238095238095238,0.5238095238095238
0,Family,Grandmother,60,1_0_0,0.9714285714285714,0.4444444444444444,0.288135593220339,0.5792079207920792,0.2857142857142857,0.9523809523809523,0.975609756097561,1.0,0.9523809523809523,0.9523809523809523
0,Family,Grandmother,60,1_1_1,0.5714285714285714,0.31007751937984496,0.2127659574468085,0.5594059405940595,0.1834862385321101,0.47619047619047616,0.6451612903225806,1.0,0.47619047619047616,0.47619047619047616
0,Family,Grandmother,65,0_0_0,0.22857142857142856,0.37209302325581395,1.0,0.8663366336633663,0.22857142857142856,0.0,0.0,0.0,0.0,0.0
0,Family,Grandmother,65,0_0_1,0.4857142857142857,0.5964912280701754,0.7727272727272727,0.8861386138613861,0.425,0.18181818181818182,0.3076923076923077,1.0,0.18181818181818182,0.18181818181818182
0,Family,Grandmother,65,0_1_0,0.6285714285714286,0.6285714285714286,0.6285714285714286,0.8712871287128713,0.4583333333333333,0.4090909090909091,0.5806451612903226,1.0,0.4090909090909091,0.4090909090909091
0,Family,Grandmother,65,1_0_0,0.9714285714285714,0.4444444444444444,0.288135593220339,0.5792079207920792,0.2857142857142857,0.9545454545454546,0.9767441860465116,1.0,0.9545454545454546,0.9545454545454546
0,Family,Grandmother,65,1_1_1,0.6857142857142857,0.3310344827586207,0.21818181818181817,0.5198019801980198,0.19834710743801653,0.5909090909090909,0.7428571428571429,1.0,0.5909090909090909,0.5909090909090909
0,Family,Grandmother,70,0_0_0,0.17142857142857143,0.2926829268292683,1.0,0.8564356435643564,0.17142857142857143,0.0,0.0,0.0,0.0,0.0
0,Family,Grandmother,70,0_0_1,0.5142857142857142,0.6206896551724138,0.782608695652174,0.8910891089108911,0.45,0.2916666666666667,0.45161290322580644,1.0,0.2916666666666667,0.2916666666666667
0,Family,Grandmother,70,0_1_0,0.5714285714285714,0.6060606060606061,0.6451612903225806,0.8712871287128713,0.43478260869565216,0.375,0.5454545454545454,1.0,0.375,0.375
0,Family,Grandmother,70,1_0_0,0.9142857142857143,0.423841059602649,0.27586206896551724,0.5693069306930693,0.2689075630252101,0.875,0.9333333333333333,1.0,0.875,0.875
0,Family,Grandmother,70,1_1_1,0.7428571428571429,0.3333333333333333,0.21487603305785125,0.48514851485148514,0.2,0.7083333333333334,0.8292682926829268,1.0,0.7083333333333334,0.7083333333333334
0,Family,Grandmother,75,0_0_0,0.14285714285714285,0.25,1.0,0.8514851485148515,0.14285714285714285,0.0,0.0,0.0,0.0,0.0
0,Family,Grandmother,75,0_0_1,0.4,0.509090909090909,0.7,0.8663366336633663,0.34146341463414637,0.19230769230769232,0.3225806451612903,1.0,0.19230769230769232,0.19230769230769232
0,Family,Grandmother,75,0_1_0,0.6,0.6363636363636364,0.6774193548387096,0.8811881188118812,0.4666666666666667,0.46153846153846156,0.631578947368421,1.0,0.46153846153846156,0.46153846153846156
0,Family,Grandmother,75,1_0_0,0.9714285714285714,0.4358974358974359,0.2809917355371901,0.5643564356435643,0.2786885245901639,0.9615384615384616,0.9803921568627451,1.0,0.9615384615384616,0.9615384615384616
0,Family,Grandmother,75,1_1_1,0.7142857142857143,0.3546099290780142,0.2358490566037736,0.5495049504950495,0.21551724137931033,0.6538461538461539,0.7906976744186046,1.0,0.6538461538461539,0.6538461538461539
0,Family,Grandmother,80,0_0_0,0.02857142857142857,0.05555555555555555,1.0,0.8316831683168316,0.02857142857142857,0.0,0.0,0.0,0.0,0.0
0,Family,Grandmother,80,0_0_1,0.3142857142857143,0.44,0.7333333333333333,0.8613861386138614,0.28205128205128205,0.14285714285714285,0.25,1.0,0.14285714285714285,0.14285714285714285
0,Family,Grandmother,80,0_1_0,0.2857142857142857,0.4444444444444444,1.0,0.8762376237623762,0.2857142857142857,0.10714285714285714,0.1935483870967742,1.0,0.10714285714285714,0.10714285714285714
0,Family,Grandmother,80,1_0_0,1.0,0.3888888888888889,0.2413793103448276,0.45544554455445546,0.2413793103448276,1.0,1.0,1.0,1.0,1.0
0,Family,Grandmother,80,1_1_1,0.34285714285714286,0.32,0.3,0.7475247524752475,0.19047619047619047,0.21428571428571427,0.35294117647058826,1.0,0.21428571428571427,0.21428571428571427
0,Family,Grandson,0,0_0_0,0.16279069767441862,0.28,1.0,0.8217821782178217,0.16279069767441862,,,,,
0,Family,Grandson,0,0_0_1,1.0,0.7413793103448276,0.589041095890411,0.8514851485148515,0.589041095890411,,,,,
0,Family,Grandson,0,0_1_0,1.0,0.7288135593220338,0.5733333333333334,0.8415841584158416,0.5733333333333334,,,,,
0,Family,Grandson,0,1_0_0,1.0,0.37554585152838427,0.23118279569892472,0.29207920792079206,0.23118279569892472,,,,,
0,Family,Grandson,0,1_1_1,1.0,0.5408805031446541,0.3706896551724138,0.6386138613861386,0.3706896551724138,,,,,
0,Family,Grandson,5,0_0_0,0.18604651162790697,0.3137254901960784,1.0,0.8267326732673267,0.18604651162790697,0.0,0.0,0.0,0.0,0.0
0,Family,Grandson,5,0_0_1,0.9534883720930233,0.7387387387387387,0.6029411764705882,0.8564356435643564,0.5857142857142857,0.0,0.0,0.0,0.0,0.0
0,Family,Grandson,5,0_1_0,1.0,0.7166666666666667,0.5584415584415584,0.8316831683168316,0.5584415584415584,1.0,1.0,1.0,1.0,1.0
0,Family,Grandson,5,1_0_0,1.0,0.3891402714932127,0.24157303370786518,0.3316831683168317,0.24157303370786518,1.0,1.0,1.0,1.0,1.0
0,Family,Grandson,5,1_1_1,1.0,0.5375,0.36752136752136755,0.6336633663366337,0.36752136752136755,1.0,1.0,1.0,1.0,1.0
0,Family,Grandson,10,0_0_0,0.18604651162790697,0.3137254901960784,1.0,0.8267326732673267,0.18604651162790697,0.0,0.0,0.0,0.0,0.0
0,Family,Grandson,10,0_0_1,0.9534883720930233,0.7454545454545455,0.6119402985074627,0.8613861386138614,0.5942028985507246,0.5,0.6666666666666666,1.0,0.5,0.5
0,Family,Grandson,10,0_1_0,1.0,0.7413793103448276,0.589041095890411,0.8514851485148515,0.589041095890411,1.0,1.0,1.0,1.0,1.0
0,Family,Grandson,10,1_0_0,1.0,0.39631336405529954,0.2471264367816092,0.35148514851485146,0.2471264367816092,1.0,1.0,1.0,1.0,1.0
0,Family,Grandson,10,1_1_1,1.0,0.5276073619631901,0.35833333333333334,0.6188118811881188,0.35833333333333334,1.0,1.0,1.0,1.0,1.0
0,Family,Grandson,15,0_0_0,0.16279069767441862,0.28,1.0,0.8217821782178217,0.16279069767441862,0.0,0.0,0.0,0.0,0.0
0,Family,Grandson,15,0_0_1,0.9534883720930233,0.780952380952381,0.6612903225806451,0.8861386138613861,0.640625,0.6666666666666666,0.8,1.0,0.6666666666666666,0.6666666666666666
0,Family,Grandson,15,0_1_0,0.9767441860465116,0.7636363636363637,0.6268656716417911,0.8712871287128713,0.6176470588235294,0.8333333333333334,0.9090909090909091,1.0,0.8333333333333334,0.8333333333333334
0,Family,Grandson,15,1_0_0,1.0,0.3944954128440367,0.24571428571428572,0.3465346534653465,0.24571428571428572,1.0,1.0,1.0,1.0,1.0
0,Family,Grandson,15,1_1_1,0.9767441860465116,0.5121951219512195,0.34710743801652894,0.6039603960396039,0.3442622950819672,0.8333333333333334,0.9090909090909091,1.0,0.8333333333333334,0.8333333333333334
0,Family,Grandson,20,0_0_0,0.09302325581395349,0.1702127659574468,1.0,0.806930693069307,0.09302325581395349,0.0,0.0,0.0,0.0,0.0
0,Family,Grandson,20,0_0_1,0.9302325581395349,0.7843137254901961,0.6779661016949152,0.8910891089108911,0.6451612903225806,0.625,0.7692307692307693,1.0,0.625,0.625
0,Family,Grandson,20,0_1_0,0.9767441860465116,0.8076923076923077,0.6885245901639344,0.900990099009901,0.6774193548387096,0.875,0.9333333333333333,1.0,0.875,0.875
0,Family,Grandson,20,1_0_0,1.0,0.39814814814814814,0.24855491329479767,0.3564356435643564,0.24855491329479767,1.0,1.0,1.0,1.0,1.0
0,Family,Grandson,20,1_1_1,0.9534883720930233,0.5061728395061729,0.3445378151260504,0.6039603960396039,0.33884297520661155,0.75,0.8571428571428571,1.0,0.75,0.75
0,Family,Grandson,25,0_0_0,0.16279069767441862,0.28,1.0,0.8217821782178217,0.16279069767441862,0.0,0.0,0.0,0.0,0.0
0,Family,Grandson,25,0_0_1,0.9302325581395349,0.7547169811320755,0.6349206349206349,0.8712871287128713,0.6060606060606061,0.7,0.8235294117647058,1.0,0.7,0.7
0,Family,Grandson,25,0_1_0,0.9767441860465116,0.865979381443299,0.7777777777777778,0.9356435643564357,0.7636363636363637,0.9,0.9473684210526315,1.0,0.9,0.9
0,Family,Grandson,25,1_0_0,1.0,0.40375586854460094,0.2529411764705882,0.3712871287128713,0.2529411764705882,1.0,1.0,1.0,1.0,1.0
0,Family,Grandson,25,1_1_1,0.9534883720930233,0.49101796407185627,0.33064516129032256,0.5792079207920792,0.3253968253968254,0.8,0.8888888888888888,1.0,0.8,0.8
0,Family,Grandson,30,0_0_0,0.0,0.0,0.0,0.7871287128712872,0.0,0.0,0.0,0.0,0.0,0.0
0,Family,Grandson,30,0_0_1,0.9069767441860465,0.78,0.6842105263157895,0.8910891089108911,0.639344262295082,0.6666666666666666,0.8,1.0,0.6666666666666666,0.6666666666666666
0,Family,Grandson,30,0_1_0,0.9302325581395349,0.8421052631578947,0.7692307692307693,0.9257425742574258,0.7272727272727273,0.75,0.8571428571428571,1.0,0.75,0.75
0,Family,Grandson,30,1_0_0,1.0,0.38392857142857145,0.23756906077348067,0.31683168316831684,0.23756906077348067,1.0,1.0,1.0,1.0,1.0
0,Family,Grandson,30,1_1_1,0.813953488372093,0.4861111111111111,0.3465346534653465,0.6336633663366337,0.3211009174311927,0.6666666666666666,0.8,1.0,0.6666666666666666,0.6666666666666666
0,Family,Grandson,35,0_0_0,0.0,0.0,0.0,0.7871287128712872,0.0,0.0,0.0,0.0,0.0,0.0
0,Family,Grandson,35,0_0_1,0.813953488372093,0.7368421052631579,0.6730769230769231,0.8762376237623762,0.5833333333333334,0.4666666666666667,0.6363636363636364,1.0,0.4666666666666667,0.4666666666666667
0,Family,Grandson,35,0_1_0,0.9069767441860465,0.8210526315789474,0.75,0.9158415841584159,0.6964285714285714,0.7333333333333333,0.8461538461538461,1.0,0.7333333333333333,0.7333333333333333
0,Family,Grandson,35,1_0_0,1.0,0.4,0.25,0.3613861386138614,0.25,1.0,1.0,1.0,1.0,1.0
0,Family,Grandson,35,1_1_1,0.7674418604651163,0.46153846153846156,0.33,0.6188118811881188,0.3,0.6,0.75,1.0,0.6,0.6
0,Family,Grandson,40,0_0_0,0.023255813953488372,0.045454545454545456,1.0,0.7920792079207921,0.023255813953488372,0.0,0.0,0.0,0.0,0.0
0,Family,Grandson,40,0_0_1,0.9069767441860465,0.7222222222222222,0.6,0.8514851485148515,0.5652173913043478,0.7647058823529411,0.8666666666666667,1.0,0.7647058823529411,0.7647058823529411
0,Family,Grandson,40,0_1_0,0.9534883720930233,0.6949152542372882,0.5466666666666666,0.8217821782178217,0.5324675324675324,0.8823529411764706,0.9375,1.0,0.8823529411764706,0.8823529411764706
0,Family,Grandson,40,1_0_0,1.0,0.3944954128440367,0.24571428571428572,0.3465346534653465,0.24571428571428572,1.0,1.0,1.0,1.0,1.0
0,Family,Grandson,40,1_1_1,0.23255813953488372,0.17699115044247787,0.14285714285714285,0.5396039603960396,0.0970873786407767,0.17647058823529413,0.3,1.0,0.17647058823529413,0.17647058823529413
0,Family,Grandson,45,0_0_0,0.023255813953488372,0.045454545454545456,1.0,0.7920792079207921,0.023255813953488372,0.0,0.0,0.0,0.0,0.0
0,Family,Grandson,45,0_0_1,0.8837209302325582,0.7238095238095238,0.6129032258064516,0.8564356435643564,0.5671641791044776,0.7368421052631579,0.8484848484848485,1.0,0.7368421052631579,0.7368421052631579
0,Family,Grandson,45,0_1_0,0.9302325581395349,0.6557377049180327,0.5063291139240507,0.7920792079207921,0.4878048780487805,0.8421052631578947,0.9142857142857143,1.0,0.8421052631578947,0.8421052631578947
0,Family,Grandson,45,1_0_0,1.0,0.3926940639269406,0.24431818181818182,0.3415841584158416,0.24431818181818182,1.0,1.0,1.0,1.0,1.0
0,Family,Grandson,45,1_1_1,0.2558139534883721,0.2037037037037037,0.16923076923076924,0.5742574257425742,0.1134020618556701,0.15789473684210525,0.2727272727272727,1.0,0.15789473684210525,0.15789473684210525
0,Family,Grandson,50,0_0_0,0.046511627906976744,0.08888888888888889,1.0,0.7970297029702971,0.046511627906976744,0.0,0.0,0.0,0.0,0.0
0,Family,Grandson,50,0_0_1,0.7906976744186046,0.6415094339622641,0.5396825396825397,0.8118811881188119,0.4722222222222222,0.5714285714285714,0.7272727272727273,1.0,0.5714285714285714,0.5714285714285714
0,Family,Grandson,50,0_1_0,0.9302325581395349,0.6666666666666666,0.5194805194805194,0.801980198019802,0.5,0.8571428571428571,0.9230769230769231,1.0,0.8571428571428571,0.8571428571428571
0,Family,Grandson,50,1_0_0,1.0,0.38565022421524664,0.2388888888888889,0.3217821782178218,0.2388888888888889,1.0,1.0,1.0,1.0,1.0
0,Family,Grandson,50,1_1_1,0.2558139534883721,0.20754716981132076,0.1746031746031746,0.5841584158415841,0.11578947368421053,0.14285714285714285,0.25,1.0,0.14285714285714285,0.14285714285714285
0,Family,Grandson,55,0_0_0,0.0,0.0,0.0,0.7871287128712872,0.0,0.0,0.0,0.0,0.0,0.0
0,Family,Grandson,55,0_0_1,0.7674418604651163,0.6804123711340206,0.6111111111111112,0.8465346534653465,0.515625,0.5652173913043478,0.7222222222222222,1.0,0.5652173913043478,0.5652173913043478
0,Family,Grandson,55,0_1_0,0.8372093023255814,0.6101694915254238,0.48,0.7722772277227723,0.43902439024390244,0.6956521739130435,0.8205128205128205,1.0,0.6956521739130435,0.6956521739130435
0,Family,Grandson,55,1_0_0,1.0,0.38738738738738737,0.24022346368715083,0.32673267326732675,0.24022346368715083,1.0,1.0,1.0,1.0,1.0
0,Family,Grandson,55,1_1_1,0.2558139534883721,0.2018348623853211,0.16666666666666666,0.5693069306930693,0.11224489795918367,0.13043478260869565,0.23076923076923078,1.0,0.13043478260869565,0.13043478260869565
0,Family,Grandson,60,0_0_0,0.023255813953488372,0.045454545454545456,1.0,0.7920792079207921,0.023255813953488372,0.0,0.0,0.0,0.0,0.0
0,Family,Grandson,60,0_0_1,0.7674418604651163,0.6947368421052632,0.6346153846153846,0.8564356435643564,0.532258064516129,0.6,0.75,1.0,0.6,0.6
0,Family,Grandson,60,0_1_0,0.813953488372093,0.5737704918032787,0.4430379746835443,0.7425742574257426,0.40229885057471265,0.68,0.8095238095238095,1.0,0.68,0.68
0,Family,Grandson,60,1_0_0,1.0,0.42786069651741293,0.2721518987341772,0.4306930693069307,0.2721518987341772,1.0,1.0,1.0,1.0,1.0
0,Family,Grandson,60,1_1_1,0.23255813953488372,0.1834862385321101,0.15151515151515152,0.5594059405940595,0.10101010101010101,0.08,0.14814814814814814,1.0,0.08,0.08
0,Family,Grandson,65,0_0_0,0.023255813953488372,0.045454545454545456,1.0,0.7920792079207921,0.023255813953488372,0.0,0.0,0.0,0.0,0.0
0,Family,Grandson,65,0_0_1,0.6976744186046512,0.6451612903225806,0.6,0.8366336633663366,0.47619047619047616,0.5185185185185185,0.6829268292682927,1.0,0.5185185185185185,0.5185185185185185
0,Family,Grandson,65,0_1_0,0.7674418604651163,0.5546218487394958,0.4342105263157895,0.7376237623762376,0.38372093023255816,0.6296296296296297,0.7727272727272727,1.0,0.6296296296296297,0.6296296296296297
0,Family,Grandson,65,1_0_0,1.0,0.4479166666666667,0.28859060402684567,0.4752475247524752,0.28859060402684567,1.0,1.0,1.0,1.0,1.0
0,Family,Grandson,65,1_1_1,0.18604651162790697,0.18181818181818182,0.17777777777777778,0.6435643564356436,0.1,0.07407407407407407,0.13793103448275862,1.0,0.07407407407407407,0.07407407407407407
0,Family,Grandson,70,0_0_0,0.023255813953488372,0.045454545454545456,1.0,0.7920792079207921,0.023255813953488372,0.0,0.0,0.0,0.0,0.0
0,Family,Grandson,70,0_0_1,0.6511627906976745,0.6436781609195402,0.6363636363636364,0.8465346534653465,0.4745762711864407,0.5,0.6666666666666666,1.0,0.5,0.5
0,Family,Grandson,70,0_1_0,0.813953488372093,0.5785123966942148,0.44871794871794873,0.7475247524752475,0.4069767441860465,0.7333333333333333,0.8461538461538461,1.0,0.7333333333333333,0.7333333333333333
0,Family,Grandson,70,1_0_0,1.0,0.41545893719806765,0.2621951219512195,0.400990099009901,0.2621951219512195,1.0,1.0,1.0,1.0,1.0
0,Family,Grandson,70,1_1_1,0.20930232558139536,0.16981132075471697,0.14285714285714285,0.5643564356435643,0.09278350515463918,0.16666666666666666,0.2857142857142857,1.0,0.16666666666666666,0.16666666666666666
0,Family,Grandson,75,0_0_0,0.06976744186046512,0.13043478260869565,1.0,0.801980198019802,0.06976744186046512,0.0,0.0,0.0,0.0,0.0
0,Family,Grandson,75,0_0_1,0.4186046511627907,0.5,0.6206896551724138,0.8217821782178217,0.3333333333333333,0.21875,0.358974358974359,1.0,0.21875,0.21875
0,Family,Grandson,75,0_1_0,0.7209302325581395,0.6739130434782609,0.6326530612244898,0.8514851485148515,0.5081967213114754,0.625,0.7692307692307693,1.0,0.625,0.625
0,Family,Grandson,75,1_0_0,0.9534883720930233,0.5093167701863354,0.3474576271186441,0.6089108910891089,0.3416666666666667,0.9375,0.967741935483871,1.0,0.9375,0.9375
0,Family,Grandson,75,1_1_1,0.13953488372093023,0.14634146341463414,0.15384615384615385,0.6534653465346535,0.07894736842105263,0.09375,0.17142857142857143,1.0,0.09375,0.09375
0,Family,Grandson,80,0_0_0,0.09302325581395349,0.1702127659574468,1.0,0.806930693069307,0.09302325581395349,0.0,0.0,0.0,0.0,0.0
0,Family,Grandson,80,0_0_1,0.3023255813953488,0.43333333333333335,0.7647058823529411,0.8316831683168316,0.2765957446808511,0.11764705882352941,0.21052631578947367,1.0,0.11764705882352941,0.11764705882352941
0,Family,Grandson,80,0_1_0,0.6976744186046512,0.6521739130434783,0.6122448979591837,0.8415841584158416,0.4838709677419355,0.6176470588235294,0.7636363636363637,1.0,0.6176470588235294,0.6176470588235294
0,Family,Grandson,80,1_0_0,0.9534883720930233,0.5290322580645161,0.36607142857142855,0.6386138613861386,0.35964912280701755,0.9411764705882353,0.9696969696969697,1.0,0.9411764705882353,0.9411764705882353
0,Family,Grandson,80,1_1_1,0.09302325581395349,0.11940298507462686,0.16666666666666666,0.7079207920792079,0.06349206349206349,0.058823529411764705,0.1111111111111111,1.0,0.058823529411764705,0.058823529411764705
0,Family,Mother,0,0_0_0,0.6833333333333333,0.8118811881188119,1.0,0.905940594059406,0.6833333333333333,,,,,
0,Family,Mother,0,0_0_1,1.0,0.7228915662650602,0.5660377358490566,0.7722772277227723,0.5660377358490566,,,,,
0,Family,Mother,0,0_1_0,1.0,0.7692307692307693,0.625,0.8217821782178217,0.625,,,,,
0,Family,Mother,0,1_0_0,1.0,0.4580152671755725,0.297029702970297,0.297029702970297,0.297029702970297,,,,,
0,Family,Mother,0,1_1_1,0.9166666666666666,0.5729166666666666,0.4166666666666667,0.594059405940594,0.40145985401459855,,,,,
0,Family,Mother,5,0_0_0,0.8666666666666667,0.9285714285714286,1.0,0.9603960396039604,0.8666666666666667,0.0,0.0,0.0,0.0,0.0
0,Family,Mother,5,0_0_1,1.0,0.5970149253731343,0.425531914893617,0.599009900990099,0.425531914893617,1.0,1.0,1.0,1.0,1.0
0,Family,Mother,5,0_1_0,0.9833333333333333,0.8939393939393939,0.8194444444444444,0.9306930693069307,0.8082191780821918,0.6666666666666666,0.8,1.0,0.6666666666666666,0.6666666666666666
0,Family,Mother,5,1_0_0,1.0,0.46153846153846156,0.3,0.3069306930693069,0.3,1.0,1.0,1.0,1.0,1.0
0,Family,Mother,5,1_1_1,0.6666666666666666,0.6106870229007634,0.5633802816901409,0.7475247524752475,0.43956043956043955,0.3333333333333333,0.5,1.0,0.3333333333333333,0.3333333333333333
0,Family,Mother,10,0_0_0,0.6,0.75,1.0,0.8811881188118812,0.6,0.0,0.0,0.0,0.0,0.0
0,Family,Mother,10,0_0_1,1.0,0.7361963190184049,0.5825242718446602,0.7871287128712872,0.5825242718446602,1.0,1.0,1.0,1.0,1.0
0,Family,Mother,10,0_1_0,1.0,0.7317073170731707,0.5769230769230769,0.7821782178217822,0.5769230769230769,1.0,1.0,1.0,1.0,1.0
0,Family,Mother,10,1_0_0,1.0,0.4580152671755725,0.297029702970297,0.297029702970297,0.297029702970297,1.0,1.0,1.0,1.0,1.0
0,Family,Mother,10,1_1_1,0.7333333333333333,0.676923076923077,0.6285714285714286,0.7920792079207921,0.5116279069767442,0.16666666666666666,0.2857142857142857,1.0,0.16666666666666666,0.16666666666666666
0,Family,Mother,15,0_0_0,0.7666666666666667,0.8679245283018868,1.0,0.9306930693069307,0.7666666666666667,0.0,0.0,0.0,0.0,0.0
0,Family,Mother,15,0_0_1,0.9666666666666667,0.8592592592592593,0.7733333333333333,0.905940594059406,0.7532467532467533,0.7777777777777778,0.875,1.0,0.7777777777777778,0.7777777777777778
0,Family,Mother,15,0_1_0,0.9833333333333333,0.7375,0.59,0.7920792079207921,0.5841584158415841,0.8888888888888888,0.9411764705882353,1.0,0.8888888888888888,0.8888888888888888
0,Family,Mother,15,1_0_0,1.0,0.5063291139240507,0.3389830508474576,0.4207920792079208,0.3389830508474576,1.0,1.0,1.0,1.0,1.0
0,Family,Mother,15,1_1_1,0.0,0.0,0.0,0.7029702970297029,0.0,0.0,0.0,0.0,0.0,0.0
0,Family,Mother,20,0_0_0,0.7166666666666667,0.8349514563106796,1.0,0.9158415841584159,0.7166666666666667,0.0,0.0,0.0,0.0,0.0
0,Family,Mother,20,0_0_1,0.9333333333333333,0.8484848484848485,0.7777777777777778,0.900990099009901,0.7368421052631579,0.6666666666666666,0.8,1.0,0.6666666666666666,0.6666666666666666
0,Family,Mother,20,0_1_0,0.9833333333333333,0.7564102564102564,0.6145833333333334,0.8118811881188119,0.6082474226804123,0.9166666666666666,0.9565217391304348,1.0,0.9166666666666666,0.9166666666666666
0,Family,Mother,20,1_0_0,1.0,0.4743083003952569,0.31088082901554404,0.3415841584158416,0.31088082901554404,1.0,1.0,1.0,1.0,1.0
0,Family,Mother,20,1_1_1,0.016666666666666666,0.03278688524590164,1.0,0.7079207920792079,0.016666666666666666,0.0,0.0,0.0,0.0,0.0
0,Family,Mother,25,0_0_0,0.6,0.75,1.0,0.8811881188118812,0.6,0.0,0.0,0.0,0.0,0.0
0,Family,Mother,25,0_0_1,0.95,0.76,0.6333333333333333,0.8217821782178217,0.6129032258064516,0.8,0.8888888888888888,1.0,0.8,0.8
0,Family,Mother,25,0_1_0,0.95,0.890625,0.8382352941176471,0.9306930693069307,0.8028169014084507,0.8,0.8888888888888888,1.0,0.8,0.8
0,Family,Mother,25,1_0_0,1.0,0.47808764940239046,0.31413612565445026,0.35148514851485146,0.31413612565445026,1.0,1.0,1.0,1.0,1.0
0,Family,Mother,25,1_1_1,0.2833333333333333,0.2537313432835821,0.22972972972972974,0.504950495049505,0.1452991452991453,0.06666666666666667,0.125,1.0,0.06666666666666667,0.06666666666666667
0,Family,Mother,30,0_0_0,0.5666666666666667,0.723404255319149,1.0,0.8712871287128713,0.5666666666666667,0.0,0.0,0.0,0.0,0.0
0,Family,Mother,30,0_0_1,0.9666666666666667,0.8169014084507042,0.7073170731707317,0.8712871287128713,0.6904761904761905,0.8888888888888888,0.9411764705882353,1.0,0.8888888888888888,0.8888888888888888
0,Family,Mother,30,0_1_0,0.9166666666666666,0.8333333333333334,0.7638888888888888,0.8910891089108911,0.7142857142857143,0.7222222222222222,0.8387096774193549,1.0,0.7222222222222222,0.7222222222222222
0,Family,Mother,30,1_0_0,1.0,0.5217391304347826,0.35294117647058826,0.45544554455445546,0.35294117647058826,1.0,1.0,1.0,1.0,1.0
0,Family,Mother,30,1_1_1,0.2833333333333333,0.25,0.2236842105263158,0.49504950495049505,0.14285714285714285,0.16666666666666666,0.2857142857142857,1.0,0.16666666666666666,0.16666666666666666
0,Family,Mother,35,0_0_0,0.5333333333333333,0.6956521739130435,1.0,0.8613861386138614,0.5333333333333333,0.0,0.0,0.0,0.0,0.0
0,Family,Mother,35,0_0_1,0.7833333333333333,0.7704918032786885,0.7580645161290323,0.8613861386138614,0.6266666666666667,0.38095238095238093,0.5517241379310345,1.0,0.38095238095238093,0.38095238095238093
0,Family,Mother,35,0_1_0,0.95,0.6063829787234043,0.4453125,0.6336633663366337,0.4351145038167939,0.8571428571428571,0.9230769230769231,1.0,0.8571428571428571,0.8571428571428571
0,Family,Mother,35,1_0_0,1.0,0.46153846153846156,0.3,0.3069306930693069,0.3,1.0,1.0,1.0,1.0,1.0
0,Family,Mother,35,1_1_1,0.1,0.13636363636363635,0.21428571428571427,0.6237623762376238,0.07317073170731707,0.19047619047619047,0.32,1.0,0.19047619047619047,0.19047619047619047
0,Family,Mother,40,0_0_0,0.5333333333333333,0.6956521739130435,1.0,0.8613861386138614,0.5333333333333333,0.0,0.0,0.0,0.0,0.0
0,Family,Mother,40,0_0_1,0.6666666666666666,0.7272727272727273,0.8,0.8514851485148515,0.5714285714285714,0.16666666666666666,0.2857142857142857,1.0,0.16666666666666666,0.16666666666666666
0,Family,Mother,40,0_1_0,0.9666666666666667,0.6203208556149733,0.4566929133858268,0.6485148514851485,0.4496124031007752,0.9166666666666666,0.9565217391304348,1.0,0.9166666666666666,0.9166666666666666
0,Family,Mother,40,1_0_0,1.0,0.47058823529411764,0.3076923076923077,0.3316831683168317,0.3076923076923077,1.0,1.0,1.0,1.0,1.0
0,Family,Mother,40,1_1_1,0.1,0.13953488372093023,0.23076923076923078,0.6336633663366337,0.075,0.16666666666666666,0.2857142857142857,1.0,0.16666666666666666,0.16666666666666666
0,Family,Mother,45,0_0_0,0.48333333333333334,0.651685393258427,1.0,0.8465346534653465,0.48333333333333334,0.0,0.0,0.0,0.0,0.0
0,Family,Mother,45,0_0_1,0.6333333333333333,0.7102803738317757,0.8085106382978723,0.8465346534653465,0.5507246376811594,0.18518518518518517,0.3125,1.0,0.18518518518518517,0.18518518518518517
0,Family,Mother,45,0_1_0,0.9666666666666667,0.6236559139784946,0.4603174603174603,0.6534653465346535,0.453125,0.9259259259259259,0.9615384615384616,1.0,0.9259259259259259,0.9259259259259259
0,Family,Mother,45,1_0_0,1.0,0.47058823529411764,0.3076923076923077,0.3316831683168317,0.3076923076923077,1.0,1.0,1.0,1.0,1.0
0,Family,Mother,45,1_1_1,0.1,0.14285714285714285,0.25,0.6435643564356436,0.07692307692307693,0.14814814814814814,0.25806451612903225,1.0,0.14814814814814814,0.14814814814814814
0,Family,Mother,50,0_0_0,0.38333333333333336,0.5542168674698795,1.0,0.8168316831683168,0.38333333333333336,0.0,0.0,0.0,0.0,0.0
0,Family,Mother,50,0_0_1,0.6,0.6605504587155964,0.7346938775510204,0.8168316831683168,0.4931506849315068,0.2,0.3333333333333333,1.0,0.2,0.2
0,Family,Mother,50,0_1_0,0.95,0.6298342541436464,0.47107438016528924,0.6683168316831684,0.4596774193548387,0.9,0.9473684210526315,1.0,0.9,0.9
0,Family,Mother,50,1_0_0,1.0,0.4669260700389105,0.30456852791878175,0.3217821782178218,0.30456852791878175,1.0,1.0,1.0,1.0,1.0
0,Family,Mother,50,1_1_1,0.18333333333333332,0.2391304347826087,0.34375,0.6534653465346535,0.13580246913580246,0.3,0.46153846153846156,1.0,0.3,0.3
0,Family,Mother,55,0_0_0,0.3333333333333333,0.5,1.0,0.801980198019802,0.3333333333333333,0.0,0.0,0.0,0.0,0.0
0,Family,Mother,55,0_0_1,0.6166666666666667,0.6666666666666666,0.7254901960784313,0.8168316831683168,0.5,0.30303030303030304,0.46511627906976744,1.0,0.30303030303030304,0.30303030303030304
0,Family,Mother,55,0_1_0,0.9333333333333333,0.6086956521739131,0.45161290322580644,0.6435643564356436,0.4375,0.8787878787878788,0.9354838709677419,1.0,0.8787878787878788,0.8787878787878788
0,Family,Mother,55,1_0_0,1.0,0.47244094488188976,0.30927835051546393,0.33663366336633666,0.30927835051546393,1.0,1.0,1.0,1.0,1.0
0,Family,Mother,55,1_1_1,0.1,0.14457831325301204,0.2608695652173913,0.6485148514851485,0.07792207792207792,0.12121212121212122,0.21621621621621623,1.0,0.12121212121212122,0.12121212121212122
0,Family,Mother,60,0_0_0,0.25,0.4,1.0,0.7772277227722773,0.25,0.0,0.0,0.0,0.0,0.0
0,Family,Mother,60,0_0_1,0.6166666666666667,0.7474747474747475,0.9487179487179487,0.8762376237623762,0.5967741935483871,0.3611111111111111,0.5306122448979592,1.0,0.3611111111111111,0.3611111111111111
0,Family,Mother,60,0_1_0,0.75,0.6,0.5,0.7029702970297029,0.42857142857142855,0.5833333333333334,0.7368421052631579,1.0,0.5833333333333334,0.5833333333333334
0,Family,Mother,60,1_0_0,1.0,0.5333333333333333,0.36363636363636365,0.4801980198019802,0.36363636363636365,1.0,1.0,1.0,1.0,1.0
0,Family,Mother,60,1_1_1,0.03333333333333333,0.05333333333333334,0.13333333333333333,0.6485148514851485,0.0273972602739726,0.05555555555555555,0.10526315789473684,1.0,0.05555555555555555,0.05555555555555555
0,Family,Mother,65,0_0_0,0.16666666666666666,0.2857142857142857,1.0,0.7524752475247525,0.16666666666666666,0.0,0.0,0.0,0.0,0.0
0,Family,Mother,65,0_0_1,0.43333333333333335,0.5531914893617021,0.7647058823529411,0.7920792079207921,0.38235294117647056,0.1282051282051282,0.22727272727272727,1.0,0.1282051282051282,0.1282051282051282
0,Family,Mother,65,0_1_0,0.8333333333333334,0.5882352941176471,0.45454545454545453,0.6534653465346535,0.4166666666666667,0.7435897435897436,0.8529411764705882,1.0,0.7435897435897436,0.7435897435897436
0,Family,Mother,65,1_0_0,1.0,0.5309734513274337,0.3614457831325301,0.4752475247524752,0.3614457831325301,1.0,1.0,1.0,1.0,1.0
0,Family,Mother,65,1_1_1,0.06666666666666667,0.10256410256410256,0.2222222222222222,0.6534653465346535,0.05405405405405406,0.10256410256410256,0.18604651162790697,1.0,0.10256410256410256,0.10256410256410256
0,Family,Mother,70,0_0_0,0.08333333333333333,0.15384615384615385,1.0,0.7277227722772277,0.08333333333333333,0.0,0.0,0.0,0.0,0.0
0,Family,Mother,70,0_0_1,0.31666666666666665,0.475,0.95,0.7920792079207921,0.3114754098360656,0.023809523809523808,0.046511627906976744,1.0,0.023809523809523808,0.023809523809523808
0,Family,Mother,70,0_1_0,0.75,0.5921052631578947,0.4891304347826087,0.693069306930693,0.4205607476635514,0.6428571428571429,0.782608695652174,1.0,0.6428571428571429,0.6428571428571429
0,Family,Mother,70,1_0_0,0.9833333333333333,0.49166666666666664,0.3277777777777778,0.39603960396039606,0.3259668508287293,0.9761904761904762,0.9879518072289156,1.0,0.9761904761904762,0.9761904761904762
0,Family,Mother,70,1_1_1,0.11666666666666667,0.15730337078651685,0.2413793103448276,0.6287128712871287,0.08536585365853659,0.16666666666666666,0.2857142857142857,1.0,0.16666666666666666,0.16666666666666666
0,Family,Mother,75,0_0_0,0.15,0.2608695652173913,1.0,0.7475247524752475,0.15,0.0,0.0,0.0,0.0,0.0
0,Family,Mother,75,0_0_1,0.25,0.4,1.0,0.7772277227722773,0.25,0.0,0.0,0.0,0.0,0.0
0,Family,Mother,75,0_1_0,0.43333333333333335,0.5306122448979592,0.6842105263157895,0.7722772277227723,0.3611111111111111,0.24444444444444444,0.39285714285714285,1.0,0.24444444444444444,0.24444444444444444
0,Family,Mother,75,1_0_0,0.9833333333333333,0.5566037735849056,0.3881578947368421,0.5346534653465347,0.38562091503267976,0.9777777777777777,0.9887640449438202,1.0,0.9777777777777777,0.9777777777777777
0,Family,Mother,75,1_1_1,0.36666666666666664,0.32116788321167883,0.2857142857142857,0.5396039603960396,0.19130434782608696,0.3333333333333333,0.5,1.0,0.3333333333333333,0.3333333333333333
0,Family,Mother,80,0_0_0,0.11666666666666667,0.208955223880597,1.0,0.7376237623762376,0.11666666666666667,0.0,0.0,0.0,0.0,0.0
0,Family,Mother,80,0_0_1,0.2,0.3333333333333333,1.0,0.7623762376237624,0.2,0.0,0.0,0.0,0.0,0.0
0,Family,Mother,80,0_1_0,0.2833333333333333,0.4358974358974359,0.9444444444444444,0.7821782178217822,0.2786885245901639,0.10416666666666667,0.18867924528301888,1.0,0.10416666666666667,0.10416666666666667
0,Family,Mother,80,1_0_0,0.9333333333333333,0.5,0.34146341463414637,0.44554455445544555,0.3333333333333333,0.9166666666666666,0.9565217391304348,1.0,0.9166666666666666,0.9166666666666666
0,Family,Mother,80,1_1_1,0.36666666666666664,0.41509433962264153,0.4782608695652174,0.693069306930693,0.2619047619047619,0.3333333333333333,0.5,1.0,0.3333333333333333,0.3333333333333333
0,Family,Sister,0,0_0_0,0.19047619047619047,0.32,1.0,0.8316831683168316,0.19047619047619047,,,,,
0,Family,Sister,0,0_0_1,1.0,0.7567567567567568,0.6086956521739131,0.8663366336633663,0.6086956521739131,,,,,
0,Family,Sister,0,0_1_0,1.0,0.8076923076923077,0.6774193548387096,0.900990099009901,0.6774193548387096,,,,,
0,Family,Sister,0,1_0_0,1.0,0.345679012345679,0.208955223880597,0.21287128712871287,0.208955223880597,,,,,
0,Family,Sister,0,1_1_1,0.9285714285714286,0.42391304347826086,0.2746478873239437,0.4752475247524752,0.2689655172413793,,,,,
0,Family,Sister,5,0_0_0,0.23809523809523808,0.38461538461538464,1.0,0.8415841584158416,0.23809523809523808,0.0,0.0,0.0,0.0,0.0
0,Family,Sister,5,0_0_1,1.0,0.7850467289719626,0.6461538461538462,0.8861386138613861,0.6461538461538462,1.0,1.0,1.0,1.0,1.0
0,Family,Sister,5,0_1_0,1.0,0.8316831683168316,0.711864406779661,0.9158415841584159,0.711864406779661,1.0,1.0,1.0,1.0,1.0
0,Family,Sister,5,1_0_0,1.0,0.34710743801652894,0.21,0.21782178217821782,0.21,1.0,1.0,1.0,1.0,1.0
0,Family,Sister,5,1_1_1,0.9047619047619048,0.41530054644808745,0.2695035460992908,0.47029702970297027,0.2620689655172414,0.5,0.6666666666666666,1.0,0.5,0.5
0,Family,Sister,10,0_0_0,0.23809523809523808,0.38461538461538464,1.0,0.8415841584158416,0.23809523809523808,0.0,0.0,0.0,0.0,0.0
0,Family,Sister,10,0_0_1,1.0,0.8155339805825242,0.6885245901639344,0.905940594059406,0.6885245901639344,1.0,1.0,1.0,1.0,1.0
0,Family,Sister,10,0_1_0,1.0,0.84,0.7241379310344828,0.9207920792079208,0.7241379310344828,1.0,1.0,1.0,1.0,1.0
0,Family,Sister,10,1_0_0,1.0,0.34854771784232363,0.21105527638190955,0.22277227722772278,0.21105527638190955,1.0,1.0,1.0,1.0,1.0
0,Family,Sister,10,1_1_1,0.9523809523809523,0.42328042328042326,0.272108843537415,0.4603960396039604,0.2684563758389262,0.75,0.8571428571428571,1.0,0.75,0.75
0,Family,Sister,15,0_0_0,0.2857142857142857,0.4444444444444444,1.0,0.8514851485148515,0.2857142857142857,0.0,0.0,0.0,0.0,0.0
0,Family,Sister,15,0_0_1,1.0,0.8076923076923077,0.6774193548387096,0.900990099009901,0.6774193548387096,1.0,1.0,1.0,1.0,1.0
0,Family,Sister,15,0_1_0,1.0,0.8316831683168316,0.711864406779661,0.9158415841584159,0.711864406779661,1.0,1.0,1.0,1.0,1.0
0,Family,Sister,15,1_0_0,1.0,0.34710743801652894,0.21,0.21782178217821782,0.21,1.0,1.0,1.0,1.0,1.0
0,Family,Sister,15,1_1_1,0.9761904761904762,0.43617021276595747,0.2808219178082192,0.4752475247524752,0.2789115646258503,1.0,1.0,1.0,1.0,1.0
0,Family,Sister,20,0_0_0,0.23809523809523808,0.38461538461538464,1.0,0.8415841584158416,0.23809523809523808,0.0,0.0,0.0,0.0,0.0
0,Family,Sister,20,0_0_1,1.0,0.7924528301886793,0.65625,0.8910891089108911,0.65625,1.0,1.0,1.0,1.0,1.0
0,Family,Sister,20,0_1_0,1.0,0.8235294117647058,0.7,0.9108910891089109,0.7,1.0,1.0,1.0,1.0,1.0
0,Family,Sister,20,1_0_0,1.0,0.34710743801652894,0.21,0.21782178217821782,0.21,1.0,1.0,1.0,1.0,1.0
0,Family,Sister,20,1_1_1,0.9761904761904762,0.4293193717277487,0.2751677852348993,0.4603960396039604,0.2733333333333333,1.0,1.0,1.0,1.0,1.0
0,Family,Sister,25,0_0_0,0.2619047619047619,0.41509433962264153,1.0,0.8465346534653465,0.2619047619047619,0.0,0.0,0.0,0.0,0.0
0,Family,Sister,25,0_0_1,1.0,0.8,0.6666666666666666,0.8960396039603961,0.6666666666666666,1.0,1.0,1.0,1.0,1.0
0,Family,Sister,25,0_1_0,0.9761904761904762,0.8118811881188119,0.6949152542372882,0.905940594059406,0.6833333333333333,0.9,0.9473684210526315,1.0,0.9,0.9
0,Family,Sister,25,1_0_0,1.0,0.34854771784232363,0.21105527638190955,0.22277227722772278,0.21105527638190955,1.0,1.0,1.0,1.0,1.0
0,Family,Sister,25,1_1_1,0.9523809523809523,0.41025641025641024,0.26143790849673204,0.4306930693069307,0.25806451612903225,1.0,1.0,1.0,1.0,1.0
0,Family,Sister,30,0_0_0,0.2619047619047619,0.41509433962264153,1.0,0.8465346534653465,0.2619047619047619,0.0,0.0,0.0,0.0,0.0
0,Family,Sister,30,0_0_1,1.0,0.8155339805825242,0.6885245901639344,0.905940594059406,0.6885245901639344,1.0,1.0,1.0,1.0,1.0
0,Family,Sister,30,0_1_0,0.9523809523809523,0.8247422680412371,0.7272727272727273,0.9158415841584159,0.7017543859649122,0.8333333333333334,0.9090909090909091,1.0,0.8333333333333334,0.8333333333333334
0,Family,Sister,30,1_0_0,1.0,0.3605150214592275,0.2198952879581152,0.2623762376237624,0.2198952879581152,1.0,1.0,1.0,1.0,1.0
0,Family,Sister,30,1_1_1,0.9047619047619048,0.40425531914893614,0.2602739726027397,0.44554455445544555,0.25333333333333335,1.0,1.0,1.0,1.0,1.0
0,Family,Sister,35,0_0_0,0.16666666666666666,0.2857142857142857,1.0,0.8267326732673267,0.16666666666666666,0.0,0.0,0.0,0.0,0.0
0,Family,Sister,35,0_0_1,0.9523809523809523,0.8247422680412371,0.7272727272727273,0.9158415841584159,0.7017543859649122,0.8571428571428571,0.9230769230769231,1.0,0.8571428571428571,0.8571428571428571
0,Family,Sister,35,0_1_0,0.8809523809523809,0.8131868131868132,0.7551020408163265,0.9158415841584159,0.6851851851851852,0.6428571428571429,0.782608695652174,1.0,0.6428571428571429,0.6428571428571429
0,Family,Sister,35,1_0_0,1.0,0.3700440528634361,0.22702702702702704,0.29207920792079206,0.22702702702702704,1.0,1.0,1.0,1.0,1.0
0,Family,Sister,35,1_1_1,0.9285714285714286,0.39593908629441626,0.25161290322580643,0.41089108910891087,0.2468354430379747,0.9285714285714286,0.9629629629629629,1.0,0.9285714285714286,0.9285714285714286
0,Family,Sister,40,0_0_0,0.19047619047619047,0.32,1.0,0.8316831683168316,0.19047619047619047,0.0,0.0,0.0,0.0,0.0
0,Family,Sister,40,0_0_1,0.9285714285714286,0.8571428571428571,0.7959183673469388,0.9356435643564357,0.75,0.8125,0.896551724137931,1.0,0.8125,0.8125
0,Family,Sister,40,0_1_0,0.8571428571428571,0.8,0.75,0.9108910891089109,0.6666666666666666,0.625,0.7692307692307693,1.0,0.625,0.625
0,Family,Sister,40,1_0_0,1.0,0.36363636363636365,0.2222222222222222,0.2722772277227723,0.2222222222222222,1.0,1.0,1.0,1.0,1.0
0,Family,Sister,40,1_1_1,0.9047619047619048,0.38578680203045684,0.24516129032258063,0.400990099009901,0.2389937106918239,0.9375,0.967741935483871,1.0,0.9375,0.9375
0,Family,Sister,45,0_0_0,0.14285714285714285,0.25,1.0,0.8217821782178217,0.14285714285714285,0.0,0.0,0.0,0.0,0.0
0,Family,Sister,45,0_0_1,0.8809523809523809,0.7872340425531915,0.7115384615384616,0.900990099009901,0.6491228070175439,0.7222222222222222,0.8387096774193549,1.0,0.7222222222222222,0.7222222222222222
0,Family,Sister,45,0_1_0,0.8571428571428571,0.8,0.75,0.9108910891089109,0.6666666666666666,0.6666666666666666,0.8,1.0,0.6666666666666666,0.6666666666666666
0,Family,Sister,45,1_0_0,1.0,0.3684210526315789,0.22580645161290322,0.2871287128712871,0.22580645161290322,1.0,1.0,1.0,1.0,1.0
0,Family,Sister,45,1_1_1,0.9047619047619048,0.3671497584541063,0.23030303030303031,0.35148514851485146,0.22485207100591717,0.9444444444444444,0.9714285714285714,1.0,0.9444444444444444,0.9444444444444444
0,Family,Sister,50,0_0_0,0.16666666666666666,0.2857142857142857,1.0,0.8267326732673267,0.16666666666666666,0.0,0.0,0.0,0.0,0.0
0,Family,Sister,50,0_0_1,0.8571428571428571,0.782608695652174,0.72,0.900990099009901,0.6428571428571429,0.7142857142857143,0.8333333333333334,1.0,0.7142857142857143,0.7142857142857143
0,Family,Sister,50,0_1_0,0.7857142857142857,0.7586206896551724,0.7333333333333333,0.8960396039603961,0.6111111111111112,0.5714285714285714,0.7272727272727273,1.0,0.5714285714285714,0.5714285714285714
0,Family,Sister,50,1_0_0,1.0,0.36363636363636365,0.2222222222222222,0.2722772277227723,0.2222222222222222,1.0,1.0,1.0,1.0,1.0
0,Family,Sister,50,1_1_1,0.9523809523809523,0.37209302325581395,0.23121387283236994,0.3316831683168317,0.22857142857142856,0.9523809523809523,0.975609756097561,1.0,0.9523809523809523,0.9523809523809523
0,Family,Sister,55,0_0_0,0.19047619047619047,0.32,1.0,0.8316831683168316,0.19047619047619047,0.0,0.0,0.0,0.0,0.0
0,Family,Sister,55,0_0_1,0.8571428571428571,0.7578947368421053,0.6792452830188679,0.8861386138613861,0.6101694915254238,0.7391304347826086,0.85,1.0,0.7391304347826086,0.7391304347826086
0,Family,Sister,55,0_1_0,0.8095238095238095,0.7640449438202247,0.723404255319149,0.8960396039603961,0.6181818181818182,0.6521739130434783,0.7894736842105263,1.0,0.6521739130434783,0.6521739130434783
0,Family,Sister,55,1_0_0,1.0,0.3700440528634361,0.22702702702702704,0.29207920792079206,0.22702702702702704,1.0,1.0,1.0,1.0,1.0
0,Family,Sister,55,1_1_1,0.9761904761904762,0.3942307692307692,0.2469879518072289,0.37623762376237624,0.24550898203592814,0.9565217391304348,0.9777777777777777,1.0,0.9565217391304348,0.9565217391304348
0,Family,Sister,60,0_0_0,0.19047619047619047,0.32,1.0,0.8316831683168316,0.19047619047619047,0.0,0.0,0.0,0.0,0.0
0,Family,Sister,60,0_0_1,0.7857142857142857,0.7333333333333333,0.6875,0.8811881188118812,0.5789473684210527,0.64,0.7804878048780488,1.0,0.64,0.64
0,Family,Sister,60,0_1_0,0.8571428571428571,0.7741935483870968,0.7058823529411765,0.8960396039603961,0.631578947368421,0.76,0.8636363636363636,1.0,0.76,0.76
0,Family,Sister,60,1_0_0,1.0,0.375,0.23076923076923078,0.3069306930693069,0.23076923076923078,1.0,1.0,1.0,1.0,1.0
0,Family,Sister,60,1_1_1,0.9285714285714286,0.37320574162679426,0.23353293413173654,0.35148514851485146,0.22941176470588234,0.92,0.9583333333333334,1.0,0.92,0.92
0,Family,Sister,65,0_0_0,0.0,0.0,0.0,0.7920792079207921,0.0,0.0,0.0,0.0,0.0,0.0
0,Family,Sister,65,0_0_1,0.8809523809523809,0.6981132075471698,0.578125,0.8415841584158416,0.5362318840579711,0.8148148148148148,0.8979591836734694,1.0,0.8148148148148148,0.8148148148148148
0,Family,Sister,65,0_1_0,0.8571428571428571,0.7578947368421053,0.6792452830188679,0.8861386138613861,0.6101694915254238,0.7777777777777778,0.875,1.0,0.7777777777777778,0.7777777777777778
0,Family,Sister,65,1_0_0,1.0,0.3700440528634361,0.22702702702702704,0.29207920792079206,0.22702702702702704,1.0,1.0,1.0,1.0,1.0
0,Family,Sister,65,1_1_1,0.11904761904761904,0.15151515151515152,0.20833333333333334,0.7227722772277227,0.08196721311475409,0.14814814814814814,0.25806451612903225,1.0,0.14814814814814814,0.14814814814814814
0,Family,Sister,70,0_0_0,0.023809523809523808,0.046511627906976744,1.0,0.7970297029702971,0.023809523809523808,0.0,0.0,0.0,0.0,0.0
0,Family,Sister,70,0_0_1,0.8333333333333334,0.693069306930693,0.5932203389830508,0.8465346534653465,0.5303030303030303,0.7586206896551724,0.8627450980392157,1.0,0.7586206896551724,0.7586206896551724
0,Family,Sister,70,0_1_0,0.7857142857142857,0.7415730337078652,0.7021276595744681,0.8861386138613861,0.5892857142857143,0.6896551724137931,0.8163265306122449,1.0,0.6896551724137931,0.6896551724137931
0,Family,Sister,70,1_0_0,1.0,0.3652173913043478,0.22340425531914893,0.27722772277227725,0.22340425531914893,1.0,1.0,1.0,1.0,1.0
0,Family,Sister,70,1_1_1,0.21428571428571427,0.2535211267605634,0.3103448275862069,0.7376237623762376,0.14516129032258066,0.13793103448275862,0.24242424242424243,1.0,0.13793103448275862,0.13793103448275862
0,Family,Sister,75,0_0_0,0.023809523809523808,0.046511627906976744,1.0,0.7970297029702971,0.023809523809523808,0.0,0.0,0.0,0.0,0.0
0,Family,Sister,75,0_0_1,0.8809523809523809,0.7254901960784313,0.6166666666666667,0.8613861386138614,0.5692307692307692,0.8387096774193549,0.9122807017543859,1.0,0.8387096774193549,0.8387096774193549
0,Family,Sister,75,0_1_0,0.7619047619047619,0.7441860465116279,0.7272727272727273,0.8910891089108911,0.5925925925925926,0.6774193548387096,0.8076923076923077,1.0,0.6774193548387096,0.6774193548387096
0,Family,Sister,75,1_0_0,1.0,0.3652173913043478,0.22340425531914893,0.27722772277227725,0.22340425531914893,1.0,1.0,1.0,1.0,1.0
0,Family,Sister,75,1_1_1,0.30952380952380953,0.3132530120481928,0.3170731707317073,0.7178217821782178,0.18571428571428572,0.22580645161290322,0.3684210526315789,1.0,0.22580645161290322,0.22580645161290322
0,Family,Sister,80,0_0_0,0.023809523809523808,0.046511627906976744,1.0,0.7970297029702971,0.023809523809523808,0.0,0.0,0.0,0.0,0.0
0,Family,Sister,80,0_0_1,0.8333333333333334,0.7216494845360825,0.6363636363636364,0.8663366336633663,0.5645161290322581,0.7878787878787878,0.8813559322033898,1.0,0.7878787878787878,0.7878787878787878
0,Family,Sister,80,0_1_0,0.7857142857142857,0.7764705882352941,0.7674418604651163,0.905940594059406,0.6346153846153846,0.7272727272727273,0.8421052631578947,1.0,0.7272727272727273,0.7272727272727273
0,Family,Sister,80,1_0_0,1.0,0.38009049773755654,0.2346368715083799,0.3217821782178218,0.2346368715083799,1.0,1.0,1.0,1.0,1.0
0,Family,Sister,80,1_1_1,0.5238095238095238,0.3826086956521739,0.3013698630136986,0.6485148514851485,0.23655913978494625,0.42424242424242425,0.5957446808510638,1.0,0.42424242424242425,0.42424242424242425
0,Family,Son,0,0_0_0,0.8653846153846154,0.9278350515463918,1.0,0.9653465346534653,0.8653846153846154,,,,,
0,Family,Son,0,0_0_1,1.0,0.7272727272727273,0.5714285714285714,0.806930693069307,0.5714285714285714,,,,,
0,Family,Son,0,0_1_0,1.0,0.7272727272727273,0.5714285714285714,0.806930693069307,0.5714285714285714,,,,,
0,Family,Son,0,1_0_0,1.0,0.45414847161572053,0.2937853107344633,0.3811881188118812,0.2937853107344633,,,,,
0,Family,Son,0,1_1_1,0.9807692307692307,0.6219512195121951,0.45535714285714285,0.693069306930693,0.45132743362831856,,,,,
0,Family,Son,5,0_0_0,0.7307692307692307,0.8444444444444444,1.0,0.9306930693069307,0.7307692307692307,0.0,0.0,0.0,0.0,0.0
0,Family,Son,5,0_0_1,1.0,0.7375886524822695,0.5842696629213483,0.8168316831683168,0.5842696629213483,1.0,1.0,1.0,1.0,1.0
0,Family,Son,5,0_1_0,1.0,0.7428571428571429,0.5909090909090909,0.8217821782178217,0.5909090909090909,1.0,1.0,1.0,1.0,1.0
0,Family,Son,5,1_0_0,1.0,0.4581497797356828,0.29714285714285715,0.3910891089108911,0.29714285714285715,1.0,1.0,1.0,1.0,1.0
0,Family,Son,5,1_1_1,0.9615384615384616,0.6289308176100629,0.4672897196261682,0.7079207920792079,0.45871559633027525,1.0,1.0,1.0,1.0,1.0
0,Family,Son,10,0_0_0,0.4230769230769231,0.5945945945945946,1.0,0.8514851485148515,0.4230769230769231,0.0,0.0,0.0,0.0,0.0
0,Family,Son,10,0_0_1,1.0,0.896551724137931,0.8125,0.9405940594059405,0.8125,1.0,1.0,1.0,1.0,1.0
0,Family,Son,10,0_1_0,1.0,0.6933333333333334,0.5306122448979592,0.7722772277227723,0.5306122448979592,1.0,1.0,1.0,1.0,1.0
0,Family,Son,10,1_0_0,1.0,0.41767068273092367,0.2639593908629442,0.28217821782178215,0.2639593908629442,1.0,1.0,1.0,1.0,1.0
0,Family,Son,10,1_1_1,0.6538461538461539,0.4689655172413793,0.3655913978494624,0.6188118811881188,0.3063063063063063,0.4,0.5714285714285714,1.0,0.4,0.4
0,Family,Son,15,0_0_0,0.40384615384615385,0.5753424657534246,1.0,0.8465346534653465,0.40384615384615385,0.0,0.0,0.0,0.0,0.0
0,Family,Son,15,0_0_1,0.9807692307692307,0.8717948717948718,0.7846153846153846,0.9257425742574258,0.7727272727272727,0.8571428571428571,0.9230769230769231,1.0,0.8571428571428571,0.8571428571428571
0,Family,Son,15,0_1_0,1.0,0.6933333333333334,0.5306122448979592,0.7722772277227723,0.5306122448979592,1.0,1.0,1.0,1.0,1.0
0,Family,Son,15,1_0_0,1.0,0.42448979591836733,0.2694300518134715,0.30198019801980197,0.2694300518134715,1.0,1.0,1.0,1.0,1.0
0,Family,Son,15,1_1_1,0.7115384615384616,0.4431137724550898,0.3217391304347826,0.5396039603960396,0.2846153846153846,0.5714285714285714,0.7272727272727273,1.0,0.5714285714285714,0.5714285714285714
0,Family,Son,20,0_0_0,0.40384615384615385,0.5753424657534246,1.0,0.8465346534653465,0.40384615384615385,0.0,0.0,0.0,0.0,0.0
0,Family,Son,20,0_0_1,0.9615384615384616,0.8928571428571429,0.8333333333333334,0.9405940594059405,0.8064516129032258,0.8,0.8888888888888888,1.0,0.8,0.8
0,Family,Son,20,0_1_0,1.0,0.7123287671232876,0.5531914893617021,0.7920792079207921,0.5531914893617021,1.0,1.0,1.0,1.0,1.0
0,Family,Son,20,1_0_0,1.0,0.4262295081967213,0.2708333333333333,0.3069306930693069,0.2708333333333333,1.0,1.0,1.0,1.0,1.0
0,Family,Son,20,1_1_1,0.6730769230769231,0.4605263157894737,0.35,0.594059405940594,0.29914529914529914,0.6,0.75,1.0,0.6,0.6
0,Family,Son,25,0_0_0,0.46153846153846156,0.631578947368421,1.0,0.8613861386138614,0.46153846153846156,0.0,0.0,0.0,0.0,0.0
0,Family,Son,25,0_0_1,0.9038461538461539,0.8867924528301887,0.8703703703703703,0.9405940594059405,0.7966101694915254,0.6153846153846154,0.7619047619047619,1.0,0.6153846153846154,0.6153846153846154
0,Family,Son,25,0_1_0,1.0,0.8,0.6666666666666666,0.8712871287128713,0.6666666666666666,1.0,1.0,1.0,1.0,1.0
0,Family,Son,25,1_0_0,1.0,0.4425531914893617,0.28415300546448086,0.35148514851485146,0.28415300546448086,1.0,1.0,1.0,1.0,1.0
0,Family,Son,25,1_1_1,0.5769230769230769,0.4195804195804196,0.32967032967032966,0.5891089108910891,0.26548672566371684,0.46153846153846156,0.631578947368421,1.0,0.46153846153846156,0.46153846153846156
0,Family,Son,30,0_0_0,0.21153846153846154,0.3492063492063492,1.0,0.7970297029702971,0.21153846153846154,0.0,0.0,0.0,0.0,0.0
0,Family,Son,30,0_0_1,0.7115384615384616,0.8314606741573034,1.0,0.9257425742574258,0.7115384615384616,0.0,0.0,0.0,0.0,0.0
0,Family,Son,30,0_1_0,0.7115384615384616,0.8314606741573034,1.0,0.9257425742574258,0.7115384615384616,0.0,0.0,0.0,0.0,0.0
0,Family,Son,30,1_0_0,0.9807692307692307,0.75,0.6071428571428571,0.8316831683168316,0.6,0.9333333333333333,0.9655172413793104,1.0,0.9333333333333333,0.9333333333333333
0,Family,Son,30,1_1_1,0.6923076923076923,0.5255474452554745,0.4235294117647059,0.6782178217821783,0.3564356435643564,0.4666666666666667,0.6363636363636364,1.0,0.4666666666666667,0.4666666666666667
0,Family,Son,35,0_0_0,0.25,0.4,1.0,0.806930693069307,0.25,0.0,0.0,0.0,0.0,0.0
0,Family,Son,35,0_0_1,0.6538461538461539,0.7906976744186046,1.0,0.9108910891089109,0.6538461538461539,0.0,0.0,0.0,0.0,0.0
0,Family,Son,35,0_1_0,0.6538461538461539,0.7906976744186046,1.0,0.9108910891089109,0.6538461538461539,0.0,0.0,0.0,0.0,0.0
0,Family,Son,35,1_0_0,0.9807692307692307,0.75,0.6071428571428571,0.8316831683168316,0.6,0.9444444444444444,0.9714285714285714,1.0,0.9444444444444444,0.9444444444444444
0,Family,Son,35,1_1_1,0.6153846153846154,0.48484848484848486,0.4,0.6633663366336634,0.32,0.3888888888888889,0.56,1.0,0.3888888888888889,0.3888888888888889
0,Family,Son,40,0_0_0,0.2692307692307692,0.42424242424242425,1.0,0.8118811881188119,0.2692307692307692,0.0,0.0,0.0,0.0,0.0
0,Family,Son,40,0_0_1,0.6153846153846154,0.7619047619047619,1.0,0.900990099009901,0.6153846153846154,0.0,0.0,0.0,0.0,0.0
0,Family,Son,40,0_1_0,0.6346153846153846,0.7764705882352941,1.0,0.905940594059406,0.6346153846153846,0.05,0.09523809523809523,1.0,0.05,0.05
0,Family,Son,40,1_0_0,0.9807692307692307,0.8031496062992126,0.68,0.8762376237623762,0.6710526315789473,0.95,0.9743589743589743,1.0,0.95,0.95
0,Family,Son,40,1_1_1,0.75,0.52,0.3979591836734694,0.6435643564356436,0.35135135135135137,0.5,0.6666666666666666,1.0,0.5,0.5
0,Family,Son,45,0_0_0,0.11538461538461539,0.20689655172413793,1.0,0.7722772277227723,0.11538461538461539,0.0,0.0,0.0,0.0,0.0
0,Family,Son,45,0_0_1,0.019230769230769232,0.0196078431372549,0.02,0.504950495049505,0.009900990099009901,0.043478260869565216,0.08333333333333333,1.0,0.043478260869565216,0.043478260869565216
0,Family,Son,45,0_1_0,0.0,0.0,0.0,0.42574257425742573,0.0,0.0,0.0,0.0,0.0,0.0
0,Family,Son,45,1_0_0,0.15384615384615385,0.08888888888888889,0.0625,0.18811881188118812,0.046511627906976744,0.34782608695652173,0.5161290322580645,1.0,0.34782608695652173,0.34782608695652173
0,Family,Son,45,1_1_1,0.38461538461538464,0.35714285714285715,0.3333333333333333,0.6435643564356436,0.21739130434782608,0.17391304347826086,0.2962962962962963,1.0,0.17391304347826086,0.17391304347826086
0,Family,Son,50,0_0_0,0.09615384615384616,0.17543859649122806,1.0,0.7673267326732673,0.09615384615384616,0.0,0.0,0.0,0.0,0.0
0,Family,Son,50,0_0_1,0.0,0.0,0.0,0.5891089108910891,0.0,0.0,0.0,0.0,0.0,0.0
0,Family,Son,50,0_1_0,0.019230769230769232,0.014814814814814815,0.012048192771084338,0.3415841584158416,0.007462686567164179,0.038461538461538464,0.07407407407407407,1.0,0.038461538461538464,0.038461538461538464
0,Family,Son,50,1_0_0,0.07692307692307693,0.047337278106508875,0.03418803418803419,0.20297029702970298,0.024242424242424242,0.15384615384615385,0.26666666666666666,1.0,0.15384615384615385,0.15384615384615385
0,Family,Son,50,1_1_1,0.19230769230769232,0.2898550724637681,0.5882352941176471,0.7574257425742574,0.1694915254237288,0.038461538461538464,0.07407407407407407,1.0,0.038461538461538464,0.038461538461538464
0,Family,Son,55,0_0_0,0.09615384615384616,0.17543859649122806,1.0,0.7673267326732673,0.09615384615384616,0.0,0.0,0.0,0.0,0.0
0,Family,Son,55,0_0_1,0.0,0.0,0.0,0.594059405940594,0.0,0.0,0.0,0.0,0.0,0.0
0,Family,Son,55,0_1_0,0.019230769230769232,0.014925373134328358,0.012195121951219513,0.3465346534653465,0.007518796992481203,0.03571428571428571,0.06896551724137931,1.0,0.03571428571428571,0.03571428571428571
0,Family,Son,55,1_0_0,0.09615384615384616,0.059880239520958084,0.043478260869565216,0.22277227722772278,0.030864197530864196,0.17857142857142858,0.30303030303030304,1.0,0.17857142857142858,0.17857142857142858
0,Family,Son,55,1_1_1,0.17307692307692307,0.2647058823529412,0.5625,0.7524752475247525,0.15254237288135594,0.0,0.0,0.0,0.0,0.0
0,Family,Son,60,0_0_0,0.09615384615384616,0.17543859649122806,1.0,0.7673267326732673,0.09615384615384616,0.0,0.0,0.0,0.0,0.0
0,Family,Son,60,0_0_1,0.0,0.0,0.0,0.6336633663366337,0.0,0.0,0.0,0.0,0.0,0.0
0,Family,Son,60,0_1_0,0.019230769230769232,0.01818181818181818,0.017241379310344827,0.46534653465346537,0.009174311926605505,0.03225806451612903,0.0625,1.0,0.03225806451612903,0.03225806451612903
0,Family,Son,60,1_0_0,0.09615384615384616,0.058823529411764705,0.0423728813559322,0.2079207920792079,0.030303030303030304,0.16129032258064516,0.2777777777777778,1.0,0.16129032258064516,0.16129032258064516
0,Family,Son,60,1_1_1,0.15384615384615385,0.24242424242424243,0.5714285714285714,0.7524752475247525,0.13793103448275862,0.0,0.0,0.0,0.0,0.0
0,Family,Son,65,0_0_0,0.09615384615384616,0.17543859649122806,1.0,0.7673267326732673,0.09615384615384616,0.0,0.0,0.0,0.0,0.0
0,Family,Son,65,0_0_1,0.0,0.0,0.0,0.6534653465346535,0.0,0.0,0.0,0.0,0.0,0.0
0,Family,Son,65,0_1_0,0.019230769230769232,0.015151515151515152,0.0125,0.3564356435643564,0.007633587786259542,0.030303030303030304,0.058823529411764705,1.0,0.030303030303030304,0.030303030303030304
0,Family,Son,65,1_0_0,0.09615384615384616,0.05917159763313609,0.042735042735042736,0.21287128712871287,0.03048780487804878,0.15151515151515152,0.2631578947368421,1.0,0.15151515151515152,0.15151515151515152
0,Family,Son,65,1_1_1,0.17307692307692307,0.2465753424657534,0.42857142857142855,0.7277227722772277,0.140625,0.030303030303030304,0.058823529411764705,1.0,0.030303030303030304,0.030303030303030304
0,Family,Son,70,0_0_0,0.057692307692307696,0.10909090909090909,1.0,0.7574257425742574,0.057692307692307696,0.0,0.0,0.0,0.0,0.0
0,Family,Son,70,0_0_1,0.0,0.0,0.0,0.6732673267326733,0.0,0.0,0.0,0.0,0.0,0.0
0,Family,Son,70,0_1_0,0.019230769230769232,0.016,0.0136986301369863,0.3910891089108911,0.008064516129032258,0.027777777777777776,0.05405405405405406,1.0,0.027777777777777776,0.027777777777777776
0,Family,Son,70,1_0_0,0.038461538461538464,0.02702702702702703,0.020833333333333332,0.2871287128712871,0.0136986301369863,0.05555555555555555,0.10526315789473684,1.0,0.05555555555555555,0.05555555555555555
0,Family,Son,70,1_1_1,0.21153846153846154,0.29333333333333333,0.4782608695652174,0.7376237623762376,0.171875,0.1111111111111111,0.2,1.0,0.1111111111111111,0.1111111111111111
0,Family,Son,75,0_0_0,0.07692307692307693,0.14285714285714285,1.0,0.7623762376237624,0.07692307692307693,0.0,0.0,0.0,0.0,0.0
0,Family,Son,75,0_0_1,0.0,0.0,0.0,0.6633663366336634,0.0,0.0,0.0,0.0,0.0,0.0
0,Family,Son,75,0_1_0,0.019230769230769232,0.02,0.020833333333333332,0.5148514851485149,0.010101010101010102,0.02564102564102564,0.05,1.0,0.02564102564102564,0.02564102564102564
0,Family,Son,75,1_0_0,0.038461538461538464,0.029197080291970802,0.023529411764705882,0.3415841584158416,0.014814814814814815,0.05128205128205128,0.0975609756097561,1.0,0.05128205128205128,0.05128205128205128
0,Family,Son,75,1_1_1,0.1346153846153846,0.2028985507246377,0.4117647058823529,0.7277227722772277,0.11290322580645161,0.02564102564102564,0.05,1.0,0.02564102564102564,0.02564102564102564
0,Family,Son,80,0_0_0,0.07692307692307693,0.14285714285714285,1.0,0.7623762376237624,0.07692307692307693,0.0,0.0,0.0,0.0,0.0
0,Family,Son,80,0_0_1,0.019230769230769232,0.024390243902439025,0.03333333333333333,0.6039603960396039,0.012345679012345678,0.024390243902439025,0.047619047619047616,1.0,0.024390243902439025,0.024390243902439025
0,Family,Son,80,0_1_0,0.019230769230769232,0.022222222222222223,0.02631578947368421,0.5643564356435643,0.011235955056179775,0.024390243902439025,0.047619047619047616,1.0,0.024390243902439025,0.024390243902439025
0,Family,Son,80,1_0_0,0.057692307692307696,0.04225352112676056,0.03333333333333333,0.32673267326732675,0.02158273381294964,0.07317073170731707,0.13636363636363635,1.0,0.07317073170731707,0.07317073170731707
0,Family,Son,80,1_1_1,0.09615384615384616,0.15625,0.4166666666666667,0.7326732673267327,0.0847457627118644,0.024390243902439025,0.047619047619047616,1.0,0.024390243902439025,0.024390243902439025
