run,dataset,class_name,removal,pqr,all_data_recall,all_data_f1,all_data_precision,all_data_accuracy,all_data_jaccard,removed_data_recall,removed_data_f1,removed_data_precision,removed_data_accuracy,removed_data_jaccard
0,Family,Brother,0,0_0_0,0.133333333333333,0.235294117647059,1,0.871287128712871,0.133333333333333,,,,,
0,Family,Brother,0,0_0_1,1,0.8,0.666666666666667,0.925742574257426,0.666666666666667,,,,,
0,Family,Brother,0,0_1_0,1,0.526315789473684,0.357142857142857,0.732673267326733,0.357142857142857,,,,,
0,Family,Brother,0,1_0_0,1,0.262008733624454,0.150753768844221,0.163366336633663,0.150753768844221,,,,,
0,Family,Brother,0,1_1_1,0,0,0,0.435643564356436,0,,,,,
0,Family,Brother,5,0_0_0,0.1,0.181818181818182,1,0.866336633663366,0.1,0,0,0,0,0
0,Family,Brother,5,0_0_1,0.966666666666667,0.783783783783784,0.659090909090909,0.920792079207921,0.644444444444444,0,0,0,0,0
0,Family,Brother,5,0_1_0,1,0.526315789473684,0.357142857142857,0.732673267326733,0.357142857142857,1,1,1,1,1
0,Family,Brother,5,1_0_0,1,0.26431718061674,0.152284263959391,0.173267326732673,0.152284263959391,1,1,1,1,1
0,Family,Brother,5,1_1_1,0,0,0,0.415841584158416,0,0,0,0,0,0
0,Family,Brother,10,0_0_0,0.133333333333333,0.235294117647059,1,0.871287128712871,0.133333333333333,0,0,0,0,0
0,Family,Brother,10,0_0_1,0.933333333333333,0.746666666666667,0.622222222222222,0.905940594059406,0.595744680851064,0.333333333333333,0.5,1,0.333333333333333,0.333333333333333
0,Family,Brother,10,0_1_0,1,0.530973451327434,0.36144578313253,0.737623762376238,0.36144578313253,1,1,1,1,1
0,Family,Brother,10,1_0_0,1,0.266666666666667,0.153846153846154,0.183168316831683,0.153846153846154,1,1,1,1,1
0,Family,Brother,10,1_1_1,0,0,0,0.405940594059406,0,0,0,0,0,0
0,Family,Brother,15,0_0_0,0.0666666666666667,0.125,1,0.861386138613861,0.0666666666666667,0,0,0,0,0
0,Family,Brother,15,0_0_1,0.933333333333333,0.756756756756757,0.636363636363636,0.910891089108911,0.608695652173913,0.5,0.666666666666667,1,0.5,0.5
0,Family,Brother,15,0_1_0,1,0.545454545454545,0.375,0.752475247524752,0.375,1,1,1,1,1
0,Family,Brother,15,1_0_0,1,0.297029702970297,0.174418604651163,0.297029702970297,0.174418604651163,1,1,1,1,1
0,Family,Brother,15,1_1_1,0,0,0,0.435643564356436,0,0,0,0,0,0
0,Family,Brother,20,0_0_0,0,0,0,0.851485148514851,0,0,0,0,0,0
0,Family,Brother,20,0_0_1,0.9,0.73972602739726,0.627906976744186,0.905940594059406,0.58695652173913,0.5,0.666666666666667,1,0.5,0.5
0,Family,Brother,20,0_1_0,0.933333333333333,0.474576271186441,0.318181818181818,0.693069306930693,0.311111111111111,0.666666666666667,0.8,1,0.666666666666667,0.666666666666667
0,Family,Brother,20,1_0_0,1,0.333333333333333,0.2,0.405940594059406,0.2,1,1,1,1,1
0,Family,Brother,20,1_1_1,0.0333333333333333,0.0151515151515152,0.00980392156862745,0.356435643564356,0.00763358778625954,0,0,0,0,0
0,Family,Brother,25,0_0_0,0,0,0,0.851485148514851,0,0,0,0,0,0
0,Family,Brother,25,0_0_1,0.866666666666667,0.776119402985075,0.702702702702703,0.925742574257426,0.634146341463415,0.428571428571429,0.6,1,0.428571428571429,0.428571428571429
0,Family,Brother,25,0_1_0,0.966666666666667,0.508771929824561,0.345238095238095,0.722772277227723,0.341176470588235,0.857142857142857,0.923076923076923,1,0.857142857142857,0.857142857142857
0,Family,Brother,25,1_0_0,1,0.326086956521739,0.194805194805195,0.386138613861386,0.194805194805195,1,1,1,1,1
0,Family,Brother,25,1_1_1,0.0333333333333333,0.0151515151515152,0.00980392156862745,0.356435643564356,0.00763358778625954,0.142857142857143,0.25,1,0.142857142857143,0.142857142857143
0,Family,Brother,30,0_0_0,0,0,0,0.851485148514851,0,0,0,0,0,0
0,Family,Brother,30,0_0_1,0.8,0.657534246575342,0.558139534883721,0.876237623762376,0.489795918367347,0.333333333333333,0.5,1,0.333333333333333,0.333333333333333
0,Family,Brother,30,0_1_0,0.966666666666667,0.517857142857143,0.353658536585366,0.732673267326733,0.349397590361446,0.888888888888889,0.941176470588235,1,0.888888888888889,0.888888888888889
0,Family,Brother,30,1_0_0,1,0.350877192982456,0.212765957446808,0.45049504950495,0.212765957446808,1,1,1,1,1
0,Family,Brother,30,1_1_1,0.0333333333333333,0.0155038759689922,0.0101010101010101,0.371287128712871,0.0078125,0.111111111111111,0.2,1,0.111111111111111,0.111111111111111
0,Family,Brother,35,0_0_0,0,0,0,0.851485148514851,0,0,0,0,0,0
0,Family,Brother,35,0_0_1,0.733333333333333,0.676923076923077,0.628571428571429,0.896039603960396,0.511627906976744,0.2,0.333333333333333,1,0.2,0.2
0,Family,Brother,35,0_1_0,0.966666666666667,0.527272727272727,0.3625,0.742574257425743,0.358024691358025,0.9,0.947368421052632,1,0.9,0.9
0,Family,Brother,35,1_0_0,1,0.394736842105263,0.245901639344262,0.544554455445545,0.245901639344262,1,1,1,1,1
0,Family,Brother,35,1_1_1,0.0333333333333333,0.0155038759689922,0.0101010101010101,0.371287128712871,0.0078125,0.1,0.181818181818182,1,0.1,0.1
0,Family,Brother,40,0_0_0,0.0333333333333333,0.0645161290322581,1,0.856435643564356,0.0333333333333333,0,0,0,0,0
0,Family,Brother,40,0_0_1,0.7,0.67741935483871,0.65625,0.900990099009901,0.51219512195122,0.25,0.4,1,0.25,0.25
0,Family,Brother,40,0_1_0,0.933333333333333,0.571428571428571,0.411764705882353,0.792079207920792,0.4,0.833333333333333,0.909090909090909,1,0.833333333333333,0.833333333333333
0,Family,Brother,40,1_0_0,1,0.38961038961039,0.241935483870968,0.534653465346535,0.241935483870968,1,1,1,1,1
0,Family,Brother,40,1_1_1,0.0333333333333333,0.015625,0.0102040816326531,0.376237623762376,0.0078740157480315,0.0833333333333333,0.153846153846154,1,0.0833333333333333,0.0833333333333333
0,Family,Brother,45,0_0_0,0,0,0,0.851485148514851,0,0,0,0,0,0
0,Family,Brother,45,0_0_1,0.733333333333333,0.698412698412698,0.666666666666667,0.905940594059406,0.536585365853659,0.384615384615385,0.555555555555556,1,0.384615384615385,0.384615384615385
0,Family,Brother,45,0_1_0,0.933333333333333,0.538461538461538,0.378378378378378,0.762376237623762,0.368421052631579,0.846153846153846,0.916666666666667,1,0.846153846153846,0.846153846153846
0,Family,Brother,45,1_0_0,1,0.392156862745098,0.24390243902439,0.53960396039604,0.24390243902439,1,1,1,1,1
0,Family,Brother,45,1_1_1,0.0333333333333333,0.0161290322580645,0.0106382978723404,0.396039603960396,0.00813008130081301,0.0769230769230769,0.142857142857143,1,0.0769230769230769,0.0769230769230769
0,Family,Brother,50,0_0_0,0.0333333333333333,0.0645161290322581,1,0.856435643564356,0.0333333333333333,0,0,0,0,0
0,Family,Brother,50,0_0_1,0.6,0.620689655172414,0.642857142857143,0.891089108910891,0.45,0.2,0.333333333333333,1,0.2,0.2
0,Family,Brother,50,0_1_0,0.9,0.509433962264151,0.355263157894737,0.742574257425743,0.341772151898734,0.8,0.888888888888889,1,0.8,0.8
0,Family,Brother,50,1_0_0,1,0.387096774193548,0.24,0.52970297029703,0.24,1,1,1,1,1
0,Family,Brother,50,1_1_1,0.0333333333333333,0.0161290322580645,0.0106382978723404,0.396039603960396,0.00813008130081301,0.0666666666666667,0.125,1,0.0666666666666667,0.0666666666666667
0,Family,Brother,55,0_0_0,0.0333333333333333,0.0645161290322581,1,0.856435643564356,0.0333333333333333,0,0,0,0,0
0,Family,Brother,55,0_0_1,0.666666666666667,0.655737704918033,0.645161290322581,0.896039603960396,0.487804878048781,0.375,0.545454545454545,1,0.375,0.375
0,Family,Brother,55,0_1_0,0.9,0.580645161290323,0.428571428571429,0.806930693069307,0.409090909090909,0.8125,0.896551724137931,1,0.8125,0.8125
0,Family,Brother,55,1_0_0,1,0.394736842105263,0.245901639344262,0.544554455445545,0.245901639344262,1,1,1,1,1
0,Family,Brother,55,1_1_1,0.0333333333333333,0.0170940170940171,0.0114942528735632,0.430693069306931,0.00862068965517241,0.0625,0.117647058823529,1,0.0625,0.0625
0,Family,Brother,60,0_0_0,0.0333333333333333,0.0645161290322581,1,0.856435643564356,0.0333333333333333,0,0,0,0,0
0,Family,Brother,60,0_0_1,0.566666666666667,0.607142857142857,0.653846153846154,0.891089108910891,0.435897435897436,0.277777777777778,0.434782608695652,1,0.277777777777778,0.277777777777778
0,Family,Brother,60,0_1_0,0.866666666666667,0.547368421052632,0.4,0.787128712871287,0.376811594202899,0.777777777777778,0.875,1,0.777777777777778,0.777777777777778
0,Family,Brother,60,1_0_0,1,0.394736842105263,0.245901639344262,0.544554455445545,0.245901639344262,1,1,1,1,1
0,Family,Brother,60,1_1_1,0.0333333333333333,0.0186915887850467,0.012987012987013,0.48019801980198,0.00943396226415094,0.0555555555555556,0.105263157894737,1,0.0555555555555556,0.0555555555555556
0,Family,Brother,65,0_0_0,0.0333333333333333,0.0645161290322581,1,0.856435643564356,0.0333333333333333,0,0,0,0,0
0,Family,Brother,65,0_0_1,0.566666666666667,0.596491228070175,0.62962962962963,0.886138613861386,0.425,0.31578947368421,0.48,1,0.31578947368421,0.31578947368421
0,Family,Brother,65,0_1_0,0.866666666666667,0.571428571428571,0.426229508196721,0.806930693069307,0.4,0.789473684210526,0.882352941176471,1,0.789473684210526,0.789473684210526
0,Family,Brother,65,1_0_0,1,0.4,0.25,0.554455445544555,0.25,1,1,1,1,1
0,Family,Brother,65,1_1_1,0.0333333333333333,0.0173913043478261,0.0117647058823529,0.440594059405941,0.0087719298245614,0.0526315789473684,0.1,1,0.0526315789473684,0.0526315789473684
0,Family,Brother,70,0_0_0,0,0,0,0.851485148514851,0,0,0,0,0,0
0,Family,Brother,70,0_0_1,0.5,0.545454545454545,0.6,0.876237623762376,0.375,0.285714285714286,0.444444444444444,1,0.285714285714286,0.285714285714286
0,Family,Brother,70,0_1_0,0.8,0.545454545454545,0.413793103448276,0.801980198019802,0.375,0.714285714285714,0.833333333333333,1,0.714285714285714,0.714285714285714
0,Family,Brother,70,1_0_0,1,0.394736842105263,0.245901639344262,0.544554455445545,0.245901639344262,1,1,1,1,1
0,Family,Brother,70,1_1_1,0.0333333333333333,0.018018018018018,0.0123456790123457,0.46039603960396,0.00909090909090909,0.0476190476190476,0.0909090909090909,1,0.0476190476190476,0.0476190476190476
0,Family,Brother,75,0_0_0,0,0,0,0.851485148514851,0,0,0,0,0,0
0,Family,Brother,75,0_0_1,0.433333333333333,0.509803921568627,0.619047619047619,0.876237623762376,0.342105263157895,0.227272727272727,0.37037037037037,1,0.227272727272727,0.227272727272727
0,Family,Brother,75,0_1_0,0.8,0.551724137931034,0.421052631578947,0.806930693069307,0.380952380952381,0.727272727272727,0.842105263157895,1,0.727272727272727,0.727272727272727
0,Family,Brother,75,1_0_0,1,0.425531914893617,0.27027027027027,0.599009900990099,0.27027027027027,1,1,1,1,1
0,Family,Brother,75,1_1_1,0.0333333333333333,0.02,0.0142857142857143,0.514851485148515,0.0101010101010101,0.0454545454545455,0.0869565217391304,1,0.0454545454545455,0.0454545454545455
0,Family,Brother,80,0_0_0,0,0,0,0.851485148514851,0,0,0,0,0,0
0,Family,Brother,80,0_0_1,0.4,0.461538461538462,0.545454545454545,0.861386138613861,0.3,0.25,0.4,1,0.25,0.25
0,Family,Brother,80,0_1_0,0.766666666666667,0.567901234567901,0.450980392156863,0.826732673267327,0.396551724137931,0.708333333333333,0.829268292682927,1,0.708333333333333,0.708333333333333
0,Family,Brother,80,1_0_0,0.966666666666667,0.391891891891892,0.245762711864407,0.554455445544555,0.243697478991597,0.958333333333333,0.978723404255319,1,0.958333333333333,0.958333333333333
0,Family,Brother,80,1_1_1,0.0666666666666667,0.0333333333333333,0.0222222222222222,0.425742574257426,0.0169491525423729,0.0833333333333333,0.153846153846154,1,0.0833333333333333,0.0833333333333333
0,Family,Male,0,0_0_0,0.576923076923077,0.731707317073171,1,0.782178217821782,0.576923076923077,,,,,
0,Family,Male,0,0_0_1,1,0.877637130801688,0.781954887218045,0.856435643564356,0.781954887218045,,,,,
0,Family,Male,0,0_1_0,1,0.8559670781893,0.748201438848921,0.826732673267327,0.748201438848921,,,,,
0,Family,Male,0,1_0_0,1,0.679738562091503,0.514851485148515,0.514851485148515,0.514851485148515,,,,,
0,Family,Male,0,1_1_1,0.0769230769230769,0.0888888888888889,0.105263157894737,0.188118811881188,0.0465116279069768,,,,,
0,Family,Male,5,0_0_0,0.394230769230769,0.56551724137931,1,0.688118811881188,0.394230769230769,,,,,
0,Family,Male,5,0_0_1,1,0.932735426008969,0.873949579831933,0.925742574257426,0.873949579831933,,,,,
0,Family,Male,5,0_1_0,1,0.95852534562212,0.920353982300885,0.955445544554455,0.920353982300885,,,,,
0,Family,Male,5,1_0_0,1,0.681967213114754,0.517412935323383,0.51980198019802,0.517412935323383,,,,,
0,Family,Male,5,1_1_1,0.807692307692308,0.622222222222222,0.506024096385542,0.495049504950495,0.451612903225806,,,,,
0,Family,Male,10,0_0_0,0.326923076923077,0.492753623188406,1,0.653465346534653,0.326923076923077,0,0,0,0,0
0,Family,Male,10,0_0_1,1,0.962962962962963,0.928571428571429,0.96039603960396,0.928571428571429,1,1,1,1,1
0,Family,Male,10,0_1_0,0.980769230769231,0.935779816513761,0.894736842105263,0.930693069306931,0.879310344827586,0,0,0,0,0
0,Family,Male,10,1_0_0,1,0.681967213114754,0.517412935323383,0.51980198019802,0.517412935323383,1,1,1,1,1
0,Family,Male,10,1_1_1,0.75,0.614173228346457,0.52,0.514851485148515,0.443181818181818,1,1,1,1,1
0,Family,Male,15,0_0_0,0.278846153846154,0.43609022556391,1,0.628712871287129,0.278846153846154,0,0,0,0,0
0,Family,Male,15,0_0_1,0.961538461538462,0.956937799043062,0.952380952380952,0.955445544554455,0.91743119266055,1,1,1,1,1
0,Family,Male,15,0_1_0,1,0.97196261682243,0.945454545454545,0.97029702970297,0.945454545454545,1,1,1,1,1
0,Family,Male,15,1_0_0,1,0.686468646864686,0.522613065326633,0.52970297029703,0.522613065326633,1,1,1,1,1
0,Family,Male,15,1_1_1,0.0673076923076923,0.0710659898477157,0.0752688172043011,0.0940594059405941,0.0368421052631579,1,1,1,1,1
0,Family,Male,20,0_0_0,0.240384615384615,0.387596899224806,1,0.608910891089109,0.240384615384615,0,0,0,0,0
0,Family,Male,20,0_0_1,0.932692307692308,0.941747572815534,0.950980392156863,0.940594059405941,0.889908256880734,1,1,1,1,1
0,Family,Male,20,0_1_0,0.980769230769231,0.927272727272727,0.879310344827586,0.920792079207921,0.864406779661017,0,0,0,0,0
0,Family,Male,20,1_0_0,1,0.691029900332226,0.527918781725888,0.53960396039604,0.527918781725888,1,1,1,1,1
0,Family,Male,20,1_1_1,0.0865384615384615,0.0927835051546392,0.1,0.128712871287129,0.0486486486486487,1,1,1,1,1
0,Family,Male,25,0_0_0,0.384615384615385,0.555555555555556,1,0.683168316831683,0.384615384615385,0,0,0,0,0
0,Family,Male,25,0_0_1,0.980769230769231,0.953271028037383,0.927272727272727,0.95049504950495,0.910714285714286,1,1,1,1,1
0,Family,Male,25,0_1_0,0.990384615384615,0.940639269406393,0.895652173913044,0.935643564356436,0.887931034482759,1,1,1,1,1
0,Family,Male,25,1_0_0,1,0.712328767123288,0.553191489361702,0.584158415841584,0.553191489361702,1,1,1,1,1
0,Family,Male,25,1_1_1,0.0961538461538462,0.127388535031847,0.188679245283019,0.321782178217822,0.0680272108843537,1,1,1,1,1
0,Family,Male,30,0_0_0,0.326923076923077,0.492753623188406,1,0.653465346534653,0.326923076923077,0,0,0,0,0
0,Family,Male,30,0_0_1,0.961538461538462,0.961538461538462,0.961538461538462,0.96039603960396,0.925925925925926,1,1,1,1,1
0,Family,Male,30,0_1_0,0.980769230769231,0.953271028037383,0.927272727272727,0.95049504950495,0.910714285714286,1,1,1,1,1
0,Family,Male,30,1_0_0,1,0.734982332155477,0.581005586592179,0.628712871287129,0.581005586592179,1,1,1,1,1
0,Family,Male,30,1_1_1,0.115384615384615,0.150943396226415,0.218181818181818,0.331683168316832,0.0816326530612245,1,1,1,1,1
0,Family,Male,35,0_0_0,0.307692307692308,0.470588235294118,1,0.643564356435644,0.307692307692308,0,0,0,0,0
0,Family,Male,35,0_0_1,0.923076923076923,0.96,1,0.96039603960396,0.923076923076923,1,1,1,1,1
0,Family,Male,35,0_1_0,0.913461538461538,0.940594059405941,0.969387755102041,0.940594059405941,0.88785046728972,0,0,0,0,0
0,Family,Male,35,1_0_0,1,0.784905660377359,0.645962732919255,0.717821782178218,0.645962732919255,1,1,1,1,1
0,Family,Male,35,1_1_1,0.0576923076923077,0.0740740740740741,0.103448275862069,0.257425742574257,0.0384615384615385,0,0,0,0,0
0,Family,Male,40,0_0_0,0.326923076923077,0.492753623188406,1,0.653465346534653,0.326923076923077,0,0,0,0,0
0,Family,Male,40,0_0_1,0.884615384615385,0.938775510204082,1,0.940594059405941,0.884615384615385,0.5,0.666666666666667,1,0.5,0.5
0,Family,Male,40,0_1_0,0.884615384615385,0.915422885572139,0.948453608247423,0.915841584158416,0.844036697247706,0.5,0.666666666666667,1,0.5,0.5
0,Family,Male,40,1_0_0,1,0.8,0.666666666666667,0.742574257425743,0.666666666666667,1,1,1,1,1
0,Family,Male,40,1_1_1,0.0576923076923077,0.0745341614906832,0.105263157894737,0.262376237623762,0.0387096774193548,0,0,0,0,0
0,Family,Male,45,0_0_0,0.25,0.4,1,0.613861386138614,0.25,0,0,0,0,0
0,Family,Male,45,0_0_1,0.817307692307692,0.899470899470899,1,0.905940594059406,0.817307692307692,0,0,0,0,0
0,Family,Male,45,0_1_0,0.875,0.91,0.947916666666667,0.910891089108911,0.834862385321101,0.333333333333333,0.5,1,0.333333333333333,0.333333333333333
0,Family,Male,45,1_0_0,0.990384615384615,0.824,0.705479452054795,0.782178217821782,0.700680272108844,1,1,1,1,1
0,Family,Male,45,1_1_1,0.0576923076923077,0.0759493670886076,0.111111111111111,0.277227722772277,0.0394736842105263,0.333333333333333,0.5,1,0.333333333333333,0.333333333333333
0,Family,Male,50,0_0_0,0.278846153846154,0.43609022556391,1,0.628712871287129,0.278846153846154,0,0,0,0,0
0,Family,Male,50,0_0_1,0.615384615384615,0.761904761904762,1,0.801980198019802,0.615384615384615,0,0,0,0,0
0,Family,Male,50,0_1_0,0.692307692307692,0.818181818181818,1,0.841584158415841,0.692307692307692,0,0,0,0,0
0,Family,Male,50,1_0_0,1,0.892703862660944,0.806201550387597,0.876237623762376,0.806201550387597,1,1,1,1,1
0,Family,Male,50,1_1_1,0.25,0.388059701492537,0.866666666666667,0.594059405940594,0.240740740740741,0,0,0,0,0
0,Family,Male,55,0_0_0,0.269230769230769,0.424242424242424,1,0.623762376237624,0.269230769230769,0,0,0,0,0
0,Family,Male,55,0_0_1,0.576923076923077,0.731707317073171,1,0.782178217821782,0.576923076923077,0,0,0,0,0
0,Family,Male,55,0_1_0,0.653846153846154,0.790697674418605,1,0.821782178217822,0.653846153846154,0,0,0,0,0
0,Family,Male,55,1_0_0,1,0.908296943231441,0.832,0.896039603960396,0.832,1,1,1,1,1
0,Family,Male,55,1_1_1,0.230769230769231,0.358208955223881,0.8,0.574257425742574,0.218181818181818,0,0,0,0,0
0,Family,Male,60,0_0_0,0.298076923076923,0.459259259259259,1,0.638613861386139,0.298076923076923,0,0,0,0,0
0,Family,Male,60,0_0_1,0.605769230769231,0.711864406779661,0.863013698630137,0.747524752475248,0.552631578947368,0.333333333333333,0.5,1,0.333333333333333,0.333333333333333
0,Family,Male,60,0_1_0,0.692307692307692,0.818181818181818,1,0.841584158415841,0.692307692307692,0,0,0,0,0
0,Family,Male,60,1_0_0,1,0.784905660377359,0.645962732919255,0.717821782178218,0.645962732919255,1,1,1,1,1
0,Family,Male,60,1_1_1,0.201923076923077,0.21875,0.238636363636364,0.257425742574257,0.12280701754386,0.333333333333333,0.5,1,0.333333333333333,0.333333333333333
0,Family,Male,65,0_0_0,0.105769230769231,0.191304347826087,1,0.53960396039604,0.105769230769231,0,0,0,0,0
0,Family,Male,65,0_0_1,0.557692307692308,0.666666666666667,0.828571428571429,0.712871287128713,0.5,0.25,0.4,1,0.25,0.25
0,Family,Male,65,0_1_0,0.576923076923077,0.718562874251497,0.952380952380952,0.767326732673267,0.560747663551402,0,0,0,0,0
0,Family,Male,65,1_0_0,1,0.748201438848921,0.597701149425287,0.653465346534653,0.597701149425287,1,1,1,1,1
0,Family,Male,65,1_1_1,0.346153846153846,0.36,0.375,0.366336633663366,0.219512195121951,0.25,0.4,1,0.25,0.25
0,Family,Male,70,0_0_0,0.0288461538461538,0.0560747663551402,1,0.5,0.0288461538461538,0,0,0,0,0
0,Family,Male,70,0_0_1,0.538461538461538,0.651162790697674,0.823529411764706,0.702970297029703,0.482758620689655,0.181818181818182,0.307692307692308,1,0.181818181818182,0.181818181818182
0,Family,Male,70,0_1_0,0.567307692307692,0.706586826347305,0.936507936507936,0.757425742574257,0.546296296296296,0,0,0,0,0
0,Family,Male,70,1_0_0,1,0.702702702702703,0.541666666666667,0.564356435643564,0.541666666666667,1,1,1,1,1
0,Family,Male,70,1_1_1,0.576923076923077,0.519480519480519,0.47244094488189,0.45049504950495,0.350877192982456,0.454545454545455,0.625,1,0.454545454545455,0.454545454545455
0,Family,Male,75,0_0_0,0.0480769230769231,0.091743119266055,1,0.50990099009901,0.0480769230769231,0,0,0,0,0
0,Family,Male,75,0_0_1,0.451923076923077,0.602564102564102,0.903846153846154,0.693069306930693,0.431192660550459,0.230769230769231,0.375,1,0.230769230769231,0.230769230769231
0,Family,Male,75,0_1_0,0.625,0.68421052631579,0.755813953488372,0.702970297029703,0.52,0.230769230769231,0.375,1,0.230769230769231,0.230769230769231
0,Family,Male,75,1_0_0,0.971153846153846,0.666666666666667,0.507537688442211,0.5,0.5,0.923076923076923,0.96,1,0.923076923076923,0.923076923076923
0,Family,Male,75,1_1_1,0.0865384615384615,0.136363636363636,0.321428571428571,0.435643564356436,0.0731707317073171,0,0,0,0,0
0,Family,Male,80,0_0_0,0.0192307692307692,0.0377358490566038,1,0.495049504950495,0.0192307692307692,0,0,0,0,0
0,Family,Male,80,0_0_1,0.355769230769231,0.465408805031447,0.672727272727273,0.579207920792079,0.30327868852459,0.0666666666666667,0.125,1,0.0666666666666667,0.0666666666666667
0,Family,Male,80,0_1_0,0.413461538461538,0.540880503144654,0.781818181818182,0.638613861386139,0.370689655172414,0,0,0,0,0
0,Family,Male,80,1_0_0,0.894230769230769,0.652631578947368,0.513812154696133,0.50990099009901,0.484375,0.666666666666667,0.8,1,0.666666666666667,0.666666666666667
0,Family,Male,80,1_1_1,0.0769230769230769,0.128,0.380952380952381,0.46039603960396,0.0683760683760684,0,0,0,0,0
0,Family,PersonWithASibling,0,0_0_0,0,0,0,0.643564356435644,0,,,,,
0,Family,PersonWithASibling,0,0_0_1,0,0,0,0.638613861386139,0,,,,,
0,Family,PersonWithASibling,0,0_1_0,0,0,0,0.633663366336634,0,,,,,
0,Family,PersonWithASibling,0,1_0_0,0.527777777777778,0.404255319148936,0.327586206896552,0.445544554455446,0.253333333333333,,,,,
0,Family,PersonWithASibling,0,1_1_1,0.0972222222222222,0.150537634408602,0.333333333333333,0.608910891089109,0.0813953488372093,,,,,
0,Family,PersonWithASibling,5,0_0_0,0,0,0,0.643564356435644,0,,,,,
0,Family,PersonWithASibling,5,0_0_1,0,0,0,0.638613861386139,0,,,,,
0,Family,PersonWithASibling,5,0_1_0,0,0,0,0.633663366336634,0,,,,,
0,Family,PersonWithASibling,5,1_0_0,0.527777777777778,0.404255319148936,0.327586206896552,0.445544554455446,0.253333333333333,,,,,
0,Family,PersonWithASibling,5,1_1_1,0.0972222222222222,0.150537634408602,0.333333333333333,0.608910891089109,0.0813953488372093,,,,,
0,Family,PersonWithASibling,10,0_0_0,0,0,0,0.643564356435644,0,,,,,
0,Family,PersonWithASibling,10,0_0_1,0,0,0,0.638613861386139,0,,,,,
0,Family,PersonWithASibling,10,0_1_0,0,0,0,0.633663366336634,0,,,,,
0,Family,PersonWithASibling,10,1_0_0,0.527777777777778,0.404255319148936,0.327586206896552,0.445544554455446,0.253333333333333,,,,,
0,Family,PersonWithASibling,10,1_1_1,0.0972222222222222,0.150537634408602,0.333333333333333,0.608910891089109,0.0813953488372093,,,,,
0,Family,PersonWithASibling,15,0_0_0,0,0,0,0.643564356435644,0,,,,,
0,Family,PersonWithASibling,15,0_0_1,0,0,0,0.638613861386139,0,,,,,
0,Family,PersonWithASibling,15,0_1_0,0,0,0,0.633663366336634,0,,,,,
0,Family,PersonWithASibling,15,1_0_0,0.527777777777778,0.404255319148936,0.327586206896552,0.445544554455446,0.253333333333333,,,,,
0,Family,PersonWithASibling,15,1_1_1,0.0972222222222222,0.150537634408602,0.333333333333333,0.608910891089109,0.0813953488372093,,,,,
0,Family,PersonWithASibling,20,0_0_0,0,0,0,0.643564356435644,0,,,,,
0,Family,PersonWithASibling,20,0_0_1,0,0,0,0.638613861386139,0,,,,,
0,Family,PersonWithASibling,20,0_1_0,0,0,0,0.633663366336634,0,,,,,
0,Family,PersonWithASibling,20,1_0_0,0.527777777777778,0.404255319148936,0.327586206896552,0.445544554455446,0.253333333333333,,,,,
0,Family,PersonWithASibling,20,1_1_1,0.0972222222222222,0.150537634408602,0.333333333333333,0.608910891089109,0.0813953488372093,,,,,
0,Family,PersonWithASibling,25,0_0_0,0,0,0,0.643564356435644,0,,,,,
0,Family,PersonWithASibling,25,0_0_1,0,0,0,0.638613861386139,0,,,,,
0,Family,PersonWithASibling,25,0_1_0,0,0,0,0.633663366336634,0,,,,,
0,Family,PersonWithASibling,25,1_0_0,0.527777777777778,0.404255319148936,0.327586206896552,0.445544554455446,0.253333333333333,,,,,
0,Family,PersonWithASibling,25,1_1_1,0.0972222222222222,0.150537634408602,0.333333333333333,0.608910891089109,0.0813953488372093,,,,,
0,Family,PersonWithASibling,30,0_0_0,0,0,0,0.643564356435644,0,,,,,
0,Family,PersonWithASibling,30,0_0_1,0,0,0,0.638613861386139,0,,,,,
0,Family,PersonWithASibling,30,0_1_0,0,0,0,0.633663366336634,0,,,,,
0,Family,PersonWithASibling,30,1_0_0,0.527777777777778,0.404255319148936,0.327586206896552,0.445544554455446,0.253333333333333,,,,,
0,Family,PersonWithASibling,30,1_1_1,0.0972222222222222,0.150537634408602,0.333333333333333,0.608910891089109,0.0813953488372093,,,,,
0,Family,PersonWithASibling,35,0_0_0,0,0,0,0.643564356435644,0,,,,,
0,Family,PersonWithASibling,35,0_0_1,0,0,0,0.638613861386139,0,,,,,
0,Family,PersonWithASibling,35,0_1_0,0,0,0,0.633663366336634,0,,,,,
0,Family,PersonWithASibling,35,1_0_0,0.527777777777778,0.404255319148936,0.327586206896552,0.445544554455446,0.253333333333333,,,,,
0,Family,PersonWithASibling,35,1_1_1,0.0972222222222222,0.150537634408602,0.333333333333333,0.608910891089109,0.0813953488372093,,,,,
0,Family,PersonWithASibling,40,0_0_0,0,0,0,0.643564356435644,0,,,,,
0,Family,PersonWithASibling,40,0_0_1,0,0,0,0.638613861386139,0,,,,,
0,Family,PersonWithASibling,40,0_1_0,0,0,0,0.633663366336634,0,,,,,
0,Family,PersonWithASibling,40,1_0_0,0.527777777777778,0.404255319148936,0.327586206896552,0.445544554455446,0.253333333333333,,,,,
0,Family,PersonWithASibling,40,1_1_1,0.0972222222222222,0.150537634408602,0.333333333333333,0.608910891089109,0.0813953488372093,,,,,
0,Family,PersonWithASibling,45,0_0_0,0,0,0,0.643564356435644,0,,,,,
0,Family,PersonWithASibling,45,0_0_1,0,0,0,0.638613861386139,0,,,,,
0,Family,PersonWithASibling,45,0_1_0,0,0,0,0.633663366336634,0,,,,,
0,Family,PersonWithASibling,45,1_0_0,0.527777777777778,0.404255319148936,0.327586206896552,0.445544554455446,0.253333333333333,,,,,
0,Family,PersonWithASibling,45,1_1_1,0.0972222222222222,0.150537634408602,0.333333333333333,0.608910891089109,0.0813953488372093,,,,,
0,Family,PersonWithASibling,50,0_0_0,0,0,0,0.643564356435644,0,,,,,
0,Family,PersonWithASibling,50,0_0_1,0,0,0,0.638613861386139,0,,,,,
0,Family,PersonWithASibling,50,0_1_0,0,0,0,0.633663366336634,0,,,,,
0,Family,PersonWithASibling,50,1_0_0,0.527777777777778,0.404255319148936,0.327586206896552,0.445544554455446,0.253333333333333,,,,,
0,Family,PersonWithASibling,50,1_1_1,0.0972222222222222,0.150537634408602,0.333333333333333,0.608910891089109,0.0813953488372093,,,,,
0,Family,PersonWithASibling,55,0_0_0,0,0,0,0.643564356435644,0,,,,,
0,Family,PersonWithASibling,55,0_0_1,0,0,0,0.638613861386139,0,,,,,
0,Family,PersonWithASibling,55,0_1_0,0,0,0,0.633663366336634,0,,,,,
0,Family,PersonWithASibling,55,1_0_0,0.527777777777778,0.404255319148936,0.327586206896552,0.445544554455446,0.253333333333333,,,,,
0,Family,PersonWithASibling,55,1_1_1,0.0972222222222222,0.150537634408602,0.333333333333333,0.608910891089109,0.0813953488372093,,,,,
0,Family,PersonWithASibling,60,0_0_0,0,0,0,0.643564356435644,0,,,,,
0,Family,PersonWithASibling,60,0_0_1,0,0,0,0.638613861386139,0,,,,,
0,Family,PersonWithASibling,60,0_1_0,0,0,0,0.633663366336634,0,,,,,
0,Family,PersonWithASibling,60,1_0_0,0.527777777777778,0.404255319148936,0.327586206896552,0.445544554455446,0.253333333333333,,,,,
0,Family,PersonWithASibling,60,1_1_1,0.0972222222222222,0.150537634408602,0.333333333333333,0.608910891089109,0.0813953488372093,,,,,
0,Family,PersonWithASibling,65,0_0_0,0,0,0,0.643564356435644,0,,,,,
0,Family,PersonWithASibling,65,0_0_1,0,0,0,0.638613861386139,0,,,,,
0,Family,PersonWithASibling,65,0_1_0,0,0,0,0.633663366336634,0,,,,,
0,Family,PersonWithASibling,65,1_0_0,0.527777777777778,0.404255319148936,0.327586206896552,0.445544554455446,0.253333333333333,,,,,
0,Family,PersonWithASibling,65,1_1_1,0.0972222222222222,0.150537634408602,0.333333333333333,0.608910891089109,0.0813953488372093,,,,,
0,Family,PersonWithASibling,70,0_0_0,0,0,0,0.643564356435644,0,,,,,
0,Family,PersonWithASibling,70,0_0_1,0,0,0,0.638613861386139,0,,,,,
0,Family,PersonWithASibling,70,0_1_0,0,0,0,0.633663366336634,0,,,,,
0,Family,PersonWithASibling,70,1_0_0,0.527777777777778,0.404255319148936,0.327586206896552,0.445544554455446,0.253333333333333,,,,,
0,Family,PersonWithASibling,70,1_1_1,0.0972222222222222,0.150537634408602,0.333333333333333,0.608910891089109,0.0813953488372093,,,,,
0,Family,PersonWithASibling,75,0_0_0,0,0,0,0.643564356435644,0,,,,,
0,Family,PersonWithASibling,75,0_0_1,0,0,0,0.638613861386139,0,,,,,
0,Family,PersonWithASibling,75,0_1_0,0,0,0,0.633663366336634,0,,,,,
0,Family,PersonWithASibling,75,1_0_0,0.527777777777778,0.404255319148936,0.327586206896552,0.445544554455446,0.253333333333333,,,,,
0,Family,PersonWithASibling,75,1_1_1,0.0972222222222222,0.150537634408602,0.333333333333333,0.608910891089109,0.0813953488372093,,,,,
0,Family,PersonWithASibling,80,0_0_0,0,0,0,0.643564356435644,0,,,,,
0,Family,PersonWithASibling,80,0_0_1,0,0,0,0.638613861386139,0,,,,,
0,Family,PersonWithASibling,80,0_1_0,0,0,0,0.633663366336634,0,,,,,
0,Family,PersonWithASibling,80,1_0_0,0.527777777777778,0.404255319148936,0.327586206896552,0.445544554455446,0.253333333333333,,,,,
0,Family,PersonWithASibling,80,1_1_1,0.0972222222222222,0.150537634408602,0.333333333333333,0.608910891089109,0.0813953488372093,,,,,
0,Family,Child,0,0_0_0,0,0,0,0.485148514851485,0,,,,,
0,Family,Child,0,0_0_1,0.00961538461538462,0.0190476190476191,1,0.49009900990099,0.00961538461538462,,,,,
0,Family,Child,0,0_1_0,0,0,0,0.485148514851485,0,,,,,
0,Family,Child,0,1_0_0,0.615384615384615,0.563876651982379,0.520325203252033,0.50990099009901,0.392638036809816,,,,,
0,Family,Child,0,1_1_1,0.134615384615385,0.213740458015267,0.518518518518518,0.49009900990099,0.11965811965812,,,,,
0,Family,Child,5,0_0_0,0,0,0,0.485148514851485,0,,,,,
0,Family,Child,5,0_0_1,0.00961538461538462,0.0190476190476191,1,0.49009900990099,0.00961538461538462,,,,,
0,Family,Child,5,0_1_0,0,0,0,0.485148514851485,0,,,,,
0,Family,Child,5,1_0_0,0.615384615384615,0.563876651982379,0.520325203252033,0.50990099009901,0.392638036809816,,,,,
0,Family,Child,5,1_1_1,0.134615384615385,0.213740458015267,0.518518518518518,0.49009900990099,0.11965811965812,,,,,
0,Family,Child,10,0_0_0,0,0,0,0.485148514851485,0,,,,,
0,Family,Child,10,0_0_1,0.00961538461538462,0.0190476190476191,1,0.49009900990099,0.00961538461538462,,,,,
0,Family,Child,10,0_1_0,0,0,0,0.485148514851485,0,,,,,
0,Family,Child,10,1_0_0,0.615384615384615,0.563876651982379,0.520325203252033,0.50990099009901,0.392638036809816,,,,,
0,Family,Child,10,1_1_1,0.134615384615385,0.213740458015267,0.518518518518518,0.49009900990099,0.11965811965812,,,,,
0,Family,Child,15,0_0_0,0,0,0,0.485148514851485,0,,,,,
0,Family,Child,15,0_0_1,0.00961538461538462,0.0190476190476191,1,0.49009900990099,0.00961538461538462,,,,,
0,Family,Child,15,0_1_0,0,0,0,0.485148514851485,0,,,,,
0,Family,Child,15,1_0_0,0.615384615384615,0.563876651982379,0.520325203252033,0.50990099009901,0.392638036809816,,,,,
0,Family,Child,15,1_1_1,0.134615384615385,0.213740458015267,0.518518518518518,0.49009900990099,0.11965811965812,,,,,
0,Family,Child,20,0_0_0,0,0,0,0.485148514851485,0,,,,,
0,Family,Child,20,0_0_1,0.00961538461538462,0.0190476190476191,1,0.49009900990099,0.00961538461538462,,,,,
0,Family,Child,20,0_1_0,0,0,0,0.485148514851485,0,,,,,
0,Family,Child,20,1_0_0,0.615384615384615,0.563876651982379,0.520325203252033,0.50990099009901,0.392638036809816,,,,,
0,Family,Child,20,1_1_1,0.134615384615385,0.213740458015267,0.518518518518518,0.49009900990099,0.11965811965812,,,,,
0,Family,Child,25,0_0_0,0,0,0,0.485148514851485,0,,,,,
0,Family,Child,25,0_0_1,0.00961538461538462,0.0190476190476191,1,0.49009900990099,0.00961538461538462,,,,,
0,Family,Child,25,0_1_0,0,0,0,0.485148514851485,0,,,,,
0,Family,Child,25,1_0_0,0.615384615384615,0.563876651982379,0.520325203252033,0.50990099009901,0.392638036809816,,,,,
0,Family,Child,25,1_1_1,0.134615384615385,0.213740458015267,0.518518518518518,0.49009900990099,0.11965811965812,,,,,
0,Family,Child,30,0_0_0,0,0,0,0.485148514851485,0,,,,,
0,Family,Child,30,0_0_1,0.00961538461538462,0.0190476190476191,1,0.49009900990099,0.00961538461538462,,,,,
0,Family,Child,30,0_1_0,0,0,0,0.485148514851485,0,,,,,
0,Family,Child,30,1_0_0,0.615384615384615,0.563876651982379,0.520325203252033,0.50990099009901,0.392638036809816,,,,,
0,Family,Child,30,1_1_1,0.134615384615385,0.213740458015267,0.518518518518518,0.49009900990099,0.11965811965812,,,,,
0,Family,Child,35,0_0_0,0,0,0,0.485148514851485,0,,,,,
0,Family,Child,35,0_0_1,0.00961538461538462,0.0190476190476191,1,0.49009900990099,0.00961538461538462,,,,,
0,Family,Child,35,0_1_0,0,0,0,0.485148514851485,0,,,,,
0,Family,Child,35,1_0_0,0.615384615384615,0.563876651982379,0.520325203252033,0.50990099009901,0.392638036809816,,,,,
0,Family,Child,35,1_1_1,0.134615384615385,0.213740458015267,0.518518518518518,0.49009900990099,0.11965811965812,,,,,
0,Family,Child,40,0_0_0,0,0,0,0.485148514851485,0,,,,,
0,Family,Child,40,0_0_1,0.00961538461538462,0.0190476190476191,1,0.49009900990099,0.00961538461538462,,,,,
0,Family,Child,40,0_1_0,0,0,0,0.485148514851485,0,,,,,
0,Family,Child,40,1_0_0,0.615384615384615,0.563876651982379,0.520325203252033,0.50990099009901,0.392638036809816,,,,,
0,Family,Child,40,1_1_1,0.134615384615385,0.213740458015267,0.518518518518518,0.49009900990099,0.11965811965812,,,,,
0,Family,Child,45,0_0_0,0,0,0,0.485148514851485,0,,,,,
0,Family,Child,45,0_0_1,0.00961538461538462,0.0190476190476191,1,0.49009900990099,0.00961538461538462,,,,,
0,Family,Child,45,0_1_0,0,0,0,0.485148514851485,0,,,,,
0,Family,Child,45,1_0_0,0.615384615384615,0.563876651982379,0.520325203252033,0.50990099009901,0.392638036809816,,,,,
0,Family,Child,45,1_1_1,0.134615384615385,0.213740458015267,0.518518518518518,0.49009900990099,0.11965811965812,,,,,
0,Family,Child,50,0_0_0,0,0,0,0.485148514851485,0,,,,,
0,Family,Child,50,0_0_1,0.00961538461538462,0.0190476190476191,1,0.49009900990099,0.00961538461538462,,,,,
0,Family,Child,50,0_1_0,0,0,0,0.485148514851485,0,,,,,
0,Family,Child,50,1_0_0,0.615384615384615,0.563876651982379,0.520325203252033,0.50990099009901,0.392638036809816,,,,,
0,Family,Child,50,1_1_1,0.134615384615385,0.213740458015267,0.518518518518518,0.49009900990099,0.11965811965812,,,,,
0,Family,Child,55,0_0_0,0,0,0,0.485148514851485,0,,,,,
0,Family,Child,55,0_0_1,0.00961538461538462,0.0190476190476191,1,0.49009900990099,0.00961538461538462,,,,,
0,Family,Child,55,0_1_0,0,0,0,0.485148514851485,0,,,,,
0,Family,Child,55,1_0_0,0.615384615384615,0.563876651982379,0.520325203252033,0.50990099009901,0.392638036809816,,,,,
0,Family,Child,55,1_1_1,0.134615384615385,0.213740458015267,0.518518518518518,0.49009900990099,0.11965811965812,,,,,
0,Family,Child,60,0_0_0,0,0,0,0.485148514851485,0,,,,,
0,Family,Child,60,0_0_1,0.00961538461538462,0.0190476190476191,1,0.49009900990099,0.00961538461538462,,,,,
0,Family,Child,60,0_1_0,0,0,0,0.485148514851485,0,,,,,
0,Family,Child,60,1_0_0,0.615384615384615,0.563876651982379,0.520325203252033,0.50990099009901,0.392638036809816,,,,,
0,Family,Child,60,1_1_1,0.134615384615385,0.213740458015267,0.518518518518518,0.49009900990099,0.11965811965812,,,,,
0,Family,Child,65,0_0_0,0,0,0,0.485148514851485,0,,,,,
0,Family,Child,65,0_0_1,0.00961538461538462,0.0190476190476191,1,0.49009900990099,0.00961538461538462,,,,,
0,Family,Child,65,0_1_0,0,0,0,0.485148514851485,0,,,,,
0,Family,Child,65,1_0_0,0.615384615384615,0.563876651982379,0.520325203252033,0.50990099009901,0.392638036809816,,,,,
0,Family,Child,65,1_1_1,0.134615384615385,0.213740458015267,0.518518518518518,0.49009900990099,0.11965811965812,,,,,
0,Family,Child,70,0_0_0,0,0,0,0.485148514851485,0,,,,,
0,Family,Child,70,0_0_1,0.00961538461538462,0.0190476190476191,1,0.49009900990099,0.00961538461538462,,,,,
0,Family,Child,70,0_1_0,0,0,0,0.485148514851485,0,,,,,
0,Family,Child,70,1_0_0,0.615384615384615,0.563876651982379,0.520325203252033,0.50990099009901,0.392638036809816,,,,,
0,Family,Child,70,1_1_1,0.134615384615385,0.213740458015267,0.518518518518518,0.49009900990099,0.11965811965812,,,,,
0,Family,Child,75,0_0_0,0,0,0,0.485148514851485,0,,,,,
0,Family,Child,75,0_0_1,0.00961538461538462,0.0190476190476191,1,0.49009900990099,0.00961538461538462,,,,,
0,Family,Child,75,0_1_0,0,0,0,0.485148514851485,0,,,,,
0,Family,Child,75,1_0_0,0.615384615384615,0.563876651982379,0.520325203252033,0.50990099009901,0.392638036809816,,,,,
0,Family,Child,75,1_1_1,0.134615384615385,0.213740458015267,0.518518518518518,0.49009900990099,0.11965811965812,,,,,
0,Family,Child,80,0_0_0,0,0,0,0.485148514851485,0,,,,,
0,Family,Child,80,0_0_1,0.00961538461538462,0.0190476190476191,1,0.49009900990099,0.00961538461538462,,,,,
0,Family,Child,80,0_1_0,0,0,0,0.485148514851485,0,,,,,
0,Family,Child,80,1_0_0,0.615384615384615,0.563876651982379,0.520325203252033,0.50990099009901,0.392638036809816,,,,,
0,Family,Child,80,1_1_1,0.134615384615385,0.213740458015267,0.518518518518518,0.49009900990099,0.11965811965812,,,,,
0,Family,Person,0,0_0_0,0.940594059405941,0.969387755102041,1,0.940594059405941,0.940594059405941,,,,,
0,Family,Person,0,0_0_1,1,1,1,1,1,,,,,
0,Family,Person,0,0_1_0,1,1,1,1,1,,,,,
0,Family,Person,0,1_0_0,1,1,1,1,1,,,,,
0,Family,Person,0,1_1_1,0.0148514851485149,0.0292682926829268,1,0.0148514851485149,0.0148514851485149,,,,,
0,Family,Person,5,0_0_0,0.851485148514851,0.919786096256684,1,0.851485148514851,0.851485148514851,,,,,
0,Family,Person,5,0_0_1,0.985148514851485,0.992518703241895,1,0.985148514851485,0.985148514851485,,,,,
0,Family,Person,5,0_1_0,1,1,1,1,1,,,,,
0,Family,Person,5,1_0_0,1,1,1,1,1,,,,,
0,Family,Person,5,1_1_1,0.0891089108910891,0.163636363636364,1,0.0891089108910891,0.0891089108910891,,,,,
0,Family,Person,10,0_0_0,0.826732673267327,0.905149051490515,1,0.826732673267327,0.826732673267327,,,,,
0,Family,Person,10,0_0_1,0.985148514851485,0.992518703241895,1,0.985148514851485,0.985148514851485,,,,,
0,Family,Person,10,0_1_0,0.995049504950495,0.997518610421836,1,0.995049504950495,0.995049504950495,,,,,
0,Family,Person,10,1_0_0,1,1,1,1,1,,,,,
0,Family,Person,10,1_1_1,1,1,1,1,1,,,,,
0,Family,Person,15,0_0_0,0.712871287128713,0.832369942196532,1,0.712871287128713,0.712871287128713,,,,,
0,Family,Person,15,0_0_1,0.985148514851485,0.992518703241895,1,0.985148514851485,0.985148514851485,,,,,
0,Family,Person,15,0_1_0,1,1,1,1,1,,,,,
0,Family,Person,15,1_0_0,1,1,1,1,1,,,,,
0,Family,Person,15,1_1_1,0.628712871287129,0.772036474164134,1,0.628712871287129,0.628712871287129,,,,,
0,Family,Person,20,0_0_0,0.504950495049505,0.671052631578947,1,0.504950495049505,0.504950495049505,,,,,
0,Family,Person,20,0_0_1,0.97029702970297,0.984924623115578,1,0.97029702970297,0.97029702970297,,,,,
0,Family,Person,20,0_1_0,0.99009900990099,0.99502487562189,1,0.99009900990099,0.99009900990099,,,,,
0,Family,Person,20,1_0_0,1,1,1,1,1,,,,,
0,Family,Person,20,1_1_1,0.198019801980198,0.330578512396694,1,0.198019801980198,0.198019801980198,,,,,
0,Family,Person,25,0_0_0,0.554455445544555,0.713375796178344,1,0.554455445544555,0.554455445544555,,,,,
0,Family,Person,25,0_0_1,0.752475247524752,0.858757062146893,1,0.752475247524752,0.752475247524752,,,,,
0,Family,Person,25,0_1_0,0.752475247524752,0.858757062146893,1,0.752475247524752,0.752475247524752,,,,,
0,Family,Person,25,1_0_0,1,1,1,1,1,,,,,
0,Family,Person,25,1_1_1,0.797029702970297,0.887052341597796,1,0.797029702970297,0.797029702970297,,,,,
0,Family,Person,30,0_0_0,0.163366336633663,0.280851063829787,1,0.163366336633663,0.163366336633663,,,,,
0,Family,Person,30,0_0_1,0.801980198019802,0.89010989010989,1,0.801980198019802,0.801980198019802,,,,,
0,Family,Person,30,0_1_0,0.935643564356436,0.966751918158568,1,0.935643564356436,0.935643564356436,,,,,
0,Family,Person,30,1_0_0,1,1,1,1,1,,,,,
0,Family,Person,30,1_1_1,0.336633663366337,0.503703703703704,1,0.336633663366337,0.336633663366337,,,,,
0,Family,Person,35,0_0_0,0.138613861386139,0.243478260869565,1,0.138613861386139,0.138613861386139,,,,,
0,Family,Person,35,0_0_1,0.821782178217822,0.902173913043478,1,0.821782178217822,0.821782178217822,,,,,
0,Family,Person,35,0_1_0,0.653465346534653,0.790419161676647,1,0.653465346534653,0.653465346534653,,,,,
0,Family,Person,35,1_0_0,1,1,1,1,1,,,,,
0,Family,Person,35,1_1_1,0.732673267326733,0.845714285714286,1,0.732673267326733,0.732673267326733,,,,,
0,Family,Person,40,0_0_0,0.410891089108911,0.582456140350877,1,0.410891089108911,0.410891089108911,,,,,
0,Family,Person,40,0_0_1,0.886138613861386,0.939632545931758,1,0.886138613861386,0.886138613861386,,,,,
0,Family,Person,40,0_1_0,0.618811881188119,0.764525993883792,1,0.618811881188119,0.618811881188119,,,,,
0,Family,Person,40,1_0_0,1,1,1,1,1,,,,,
0,Family,Person,40,1_1_1,0.559405940594059,0.717460317460317,1,0.559405940594059,0.559405940594059,,,,,
0,Family,Person,45,0_0_0,0.257425742574257,0.409448818897638,1,0.257425742574257,0.257425742574257,,,,,
0,Family,Person,45,0_0_1,0.599009900990099,0.74922600619195,1,0.599009900990099,0.599009900990099,,,,,
0,Family,Person,45,0_1_0,0.554455445544555,0.713375796178344,1,0.554455445544555,0.554455445544555,,,,,
0,Family,Person,45,1_0_0,0.995049504950495,0.997518610421836,1,0.995049504950495,0.995049504950495,,,,,
0,Family,Person,45,1_1_1,0.534653465346535,0.696774193548387,1,0.534653465346535,0.534653465346535,,,,,
0,Family,Person,50,0_0_0,0.316831683168317,0.481203007518797,1,0.316831683168317,0.316831683168317,,,,,
0,Family,Person,50,0_0_1,0.940594059405941,0.969387755102041,1,0.940594059405941,0.940594059405941,,,,,
0,Family,Person,50,0_1_0,0.935643564356436,0.966751918158568,1,0.935643564356436,0.935643564356436,,,,,
0,Family,Person,50,1_0_0,1,1,1,1,1,,,,,
0,Family,Person,50,1_1_1,0.183168316831683,0.309623430962343,1,0.183168316831683,0.183168316831683,,,,,
0,Family,Person,55,0_0_0,0.252475247524752,0.403162055335968,1,0.252475247524752,0.252475247524752,,,,,
0,Family,Person,55,0_0_1,0.930693069306931,0.964102564102564,1,0.930693069306931,0.930693069306931,,,,,
0,Family,Person,55,0_1_0,0.95049504950495,0.974619289340101,1,0.95049504950495,0.95049504950495,,,,,
0,Family,Person,55,1_0_0,1,1,1,1,1,,,,,
0,Family,Person,55,1_1_1,0.247524752475248,0.396825396825397,1,0.247524752475248,0.247524752475248,,,,,
0,Family,Person,60,0_0_0,0.198019801980198,0.330578512396694,1,0.198019801980198,0.198019801980198,,,,,
0,Family,Person,60,0_0_1,0.589108910891089,0.741433021806854,1,0.589108910891089,0.589108910891089,,,,,
0,Family,Person,60,0_1_0,0.504950495049505,0.671052631578947,1,0.504950495049505,0.504950495049505,,,,,
0,Family,Person,60,1_0_0,0.99009900990099,0.99502487562189,1,0.99009900990099,0.99009900990099,,,,,
0,Family,Person,60,1_1_1,0.0099009900990099,0.0196078431372549,1,0.0099009900990099,0.0099009900990099,,,,,
0,Family,Person,65,0_0_0,0.173267326732673,0.29535864978903,1,0.173267326732673,0.173267326732673,,,,,
0,Family,Person,65,0_0_1,0.351485148514851,0.52014652014652,1,0.351485148514851,0.351485148514851,,,,,
0,Family,Person,65,0_1_0,0.351485148514851,0.52014652014652,1,0.351485148514851,0.351485148514851,,,,,
0,Family,Person,65,1_0_0,0.881188118811881,0.936842105263158,1,0.881188118811881,0.881188118811881,,,,,
0,Family,Person,65,1_1_1,0.391089108910891,0.562277580071174,1,0.391089108910891,0.391089108910891,,,,,
0,Family,Person,70,0_0_0,0.168316831683168,0.288135593220339,1,0.168316831683168,0.168316831683168,,,,,
0,Family,Person,70,0_0_1,0.301980198019802,0.463878326996198,1,0.301980198019802,0.301980198019802,,,,,
0,Family,Person,70,0_1_0,0,0,0,0,0,,,,,
0,Family,Person,70,1_0_0,0.831683168316832,0.908108108108108,1,0.831683168316832,0.831683168316832,,,,,
0,Family,Person,70,1_1_1,0.435643564356436,0.606896551724138,1,0.435643564356436,0.435643564356436,,,,,
0,Family,Person,75,0_0_0,0.198019801980198,0.330578512396694,1,0.198019801980198,0.198019801980198,,,,,
0,Family,Person,75,0_0_1,0.594059405940594,0.745341614906832,1,0.594059405940594,0.594059405940594,,,,,
0,Family,Person,75,0_1_0,0.589108910891089,0.741433021806854,1,0.589108910891089,0.589108910891089,,,,,
0,Family,Person,75,1_0_0,0.985148514851485,0.992518703241895,1,0.985148514851485,0.985148514851485,,,,,
0,Family,Person,75,1_1_1,0.54950495049505,0.70926517571885,1,0.54950495049505,0.54950495049505,,,,,
0,Family,Person,80,0_0_0,0.0346534653465347,0.0669856459330144,1,0.0346534653465347,0.0346534653465347,,,,,
0,Family,Person,80,0_0_1,0.554455445544555,0.713375796178344,1,0.554455445544555,0.554455445544555,,,,,
0,Family,Person,80,0_1_0,0.653465346534653,0.790419161676647,1,0.653465346534653,0.653465346534653,,,,,
0,Family,Person,80,1_0_0,0.99009900990099,0.99502487562189,1,0.99009900990099,0.99009900990099,,,,,
0,Family,Person,80,1_1_1,0.272277227722772,0.428015564202335,1,0.272277227722772,0.272277227722772,,,,,
0,Family,Daughter,0,0_0_0,0.846153846153846,0.916666666666667,1,0.96039603960396,0.846153846153846,,,,,
0,Family,Daughter,0,0_0_1,1,0.776119402985075,0.634146341463415,0.851485148514851,0.634146341463415,,,,,
0,Family,Daughter,0,0_1_0,1,0.764705882352941,0.619047619047619,0.841584158415841,0.619047619047619,,,,,
0,Family,Daughter,0,1_0_0,1,0.409448818897638,0.257425742574257,0.257425742574257,0.257425742574257,,,,,
0,Family,Daughter,0,1_1_1,0,0,0,0.311881188118812,0,,,,,
0,Family,Daughter,5,0_0_0,0.769230769230769,0.869565217391304,1,0.940594059405941,0.769230769230769,0,0,0,0,0
0,Family,Daughter,5,0_0_1,1,0.793893129770992,0.658227848101266,0.866336633663366,0.658227848101266,1,1,1,1,1
0,Family,Daughter,5,0_1_0,1,0.825396825396825,0.702702702702703,0.891089108910891,0.702702702702703,1,1,1,1,1
0,Family,Daughter,5,1_0_0,1,0.416,0.262626262626263,0.277227722772277,0.262626262626263,1,1,1,1,1
0,Family,Daughter,5,1_1_1,0,0,0,0.326732673267327,0,0,0,0,0,0
0,Family,Daughter,10,0_0_0,0.711538461538462,0.831460674157303,1,0.925742574257426,0.711538461538462,0,0,0,0,0
0,Family,Daughter,10,0_0_1,1,0.845528455284553,0.732394366197183,0.905940594059406,0.732394366197183,1,1,1,1,1
0,Family,Daughter,10,0_1_0,1,0.818897637795276,0.693333333333333,0.886138613861386,0.693333333333333,1,1,1,1,1
0,Family,Daughter,10,1_0_0,1,0.435146443514644,0.27807486631016,0.331683168316832,0.27807486631016,1,1,1,1,1
0,Family,Daughter,10,1_1_1,0,0,0,0.331683168316832,0,0,0,0,0,0
0,Family,Daughter,15,0_0_0,0.75,0.857142857142857,1,0.935643564356436,0.75,0,0,0,0,0
0,Family,Daughter,15,0_0_1,0.961538461538462,0.934579439252336,0.909090909090909,0.965346534653465,0.87719298245614,0.714285714285714,0.833333333333333,1,0.714285714285714,0.714285714285714
0,Family,Daughter,15,0_1_0,0.980769230769231,0.796875,0.671052631578947,0.871287128712871,0.662337662337662,0.857142857142857,0.923076923076923,1,0.857142857142857,0.857142857142857
0,Family,Daughter,15,1_0_0,1,0.468468468468468,0.305882352941176,0.415841584158416,0.305882352941176,1,1,1,1,1
0,Family,Daughter,15,1_1_1,0.0384615384615385,0.0256410256410256,0.0192307692307692,0.247524752475248,0.012987012987013,0.142857142857143,0.25,1,0.142857142857143,0.142857142857143
0,Family,Daughter,20,0_0_0,0.692307692307692,0.818181818181818,1,0.920792079207921,0.692307692307692,0,0,0,0,0
0,Family,Daughter,20,0_0_1,0.961538461538462,0.892857142857143,0.833333333333333,0.940594059405941,0.806451612903226,0.8,0.888888888888889,1,0.8,0.8
0,Family,Daughter,20,0_1_0,0.961538461538462,0.78740157480315,0.666666666666667,0.866336633663366,0.649350649350649,0.8,0.888888888888889,1,0.8,0.8
0,Family,Daughter,20,1_0_0,1,0.485981308411215,0.320987654320988,0.455445544554455,0.320987654320988,1,1,1,1,1
0,Family,Daughter,20,1_1_1,0.519230769230769,0.45,0.397058823529412,0.673267326732673,0.290322580645161,0.2,0.333333333333333,1,0.2,0.2
0,Family,Daughter,25,0_0_0,0.596153846153846,0.746987951807229,1,0.896039603960396,0.596153846153846,0,0,0,0,0
0,Family,Daughter,25,0_0_1,0.942307692307692,0.882882882882883,0.830508474576271,0.935643564356436,0.790322580645161,0.769230769230769,0.869565217391304,1,0.769230769230769,0.769230769230769
0,Family,Daughter,25,0_1_0,0.961538461538462,0.806451612903226,0.694444444444444,0.881188118811881,0.675675675675676,0.846153846153846,0.916666666666667,1,0.846153846153846,0.846153846153846
0,Family,Daughter,25,1_0_0,1,0.504854368932039,0.337662337662338,0.495049504950495,0.337662337662338,1,1,1,1,1
0,Family,Daughter,25,1_1_1,0.403846153846154,0.42,0.4375,0.712871287128713,0.265822784810127,0.0769230769230769,0.142857142857143,1,0.0769230769230769,0.0769230769230769
0,Family,Daughter,30,0_0_0,0.576923076923077,0.731707317073171,1,0.891089108910891,0.576923076923077,0,0,0,0,0
0,Family,Daughter,30,0_0_1,0.884615384615385,0.851851851851852,0.821428571428571,0.920792079207921,0.741935483870968,0.6,0.75,1,0.6,0.6
0,Family,Daughter,30,0_1_0,0.961538461538462,0.833333333333333,0.735294117647059,0.900990099009901,0.714285714285714,0.866666666666667,0.928571428571429,1,0.866666666666667,0.866666666666667
0,Family,Daughter,30,1_0_0,1,0.52,0.351351351351351,0.524752475247525,0.351351351351351,1,1,1,1,1
0,Family,Daughter,30,1_1_1,0.5,0.403100775193798,0.337662337662338,0.618811881188119,0.252427184466019,0.2,0.333333333333333,1,0.2,0.2
0,Family,Daughter,35,0_0_0,0.5,0.666666666666667,1,0.871287128712871,0.5,0.0555555555555556,0.105263157894737,1,0.0555555555555556,0.0555555555555556
0,Family,Daughter,35,0_0_1,0.903846153846154,0.886792452830189,0.87037037037037,0.940594059405941,0.796610169491525,0.722222222222222,0.838709677419355,1,0.722222222222222,0.722222222222222
0,Family,Daughter,35,0_1_0,0.942307692307692,0.830508474576271,0.742424242424242,0.900990099009901,0.710144927536232,0.833333333333333,0.909090909090909,1,0.833333333333333,0.833333333333333
0,Family,Daughter,35,1_0_0,1,0.522613065326633,0.353741496598639,0.52970297029703,0.353741496598639,1,1,1,1,1
0,Family,Daughter,35,1_1_1,0.596153846153846,0.508196721311475,0.442857142857143,0.702970297029703,0.340659340659341,0.444444444444444,0.615384615384615,1,0.444444444444444,0.444444444444444
0,Family,Daughter,40,0_0_0,0.5,0.666666666666667,1,0.871287128712871,0.5,0.05,0.0952380952380952,1,0.05,0.05
0,Family,Daughter,40,0_0_1,0.923076923076923,0.923076923076923,0.923076923076923,0.96039603960396,0.857142857142857,0.8,0.888888888888889,1,0.8,0.8
0,Family,Daughter,40,0_1_0,0.923076923076923,0.813559322033898,0.727272727272727,0.891089108910891,0.685714285714286,0.8,0.888888888888889,1,0.8,0.8
0,Family,Daughter,40,1_0_0,1,0.527918781725888,0.358620689655172,0.53960396039604,0.358620689655172,1,1,1,1,1
0,Family,Daughter,40,1_1_1,0.557692307692308,0.487394957983193,0.432835820895522,0.698019801980198,0.322222222222222,0.45,0.620689655172414,1,0.45,0.45
0,Family,Daughter,45,0_0_0,0.365384615384615,0.535211267605634,1,0.836633663366337,0.365384615384615,0,0,0,0,0
0,Family,Daughter,45,0_0_1,0.865384615384615,0.865384615384615,0.865384615384615,0.930693069306931,0.76271186440678,0.695652173913043,0.82051282051282,1,0.695652173913043,0.695652173913043
0,Family,Daughter,45,0_1_0,0.653846153846154,0.781609195402299,0.971428571428571,0.905940594059406,0.641509433962264,0.217391304347826,0.357142857142857,1,0.217391304347826,0.217391304347826
0,Family,Daughter,45,1_0_0,1,0.504854368932039,0.337662337662338,0.495049504950495,0.337662337662338,1,1,1,1,1
0,Family,Daughter,45,1_1_1,0.884615384615385,0.609271523178808,0.464646464646465,0.707920792079208,0.438095238095238,0.739130434782609,0.85,1,0.739130434782609,0.739130434782609
0,Family,Daughter,50,0_0_0,0.288461538461538,0.447761194029851,1,0.816831683168317,0.288461538461538,0,0,0,0,0
0,Family,Daughter,50,0_0_1,0.769230769230769,0.769230769230769,0.769230769230769,0.881188118811881,0.625,0.538461538461538,0.7,1,0.538461538461538,0.538461538461538
0,Family,Daughter,50,0_1_0,0.615384615384615,0.752941176470588,0.96969696969697,0.896039603960396,0.60377358490566,0.230769230769231,0.375,1,0.230769230769231,0.230769230769231
0,Family,Daughter,50,1_0_0,1,0.514851485148515,0.346666666666667,0.514851485148515,0.346666666666667,1,1,1,1,1
0,Family,Daughter,50,1_1_1,0.769230769230769,0.583941605839416,0.470588235294118,0.717821782178218,0.412371134020619,0.576923076923077,0.731707317073171,1,0.576923076923077,0.576923076923077
0,Family,Daughter,55,0_0_0,0.288461538461538,0.447761194029851,1,0.816831683168317,0.288461538461538,0,0,0,0,0
0,Family,Daughter,55,0_0_1,0.673076923076923,0.654205607476635,0.636363636363636,0.816831683168317,0.486111111111111,0.392857142857143,0.564102564102564,1,0.392857142857143,0.392857142857143
0,Family,Daughter,55,0_1_0,0.596153846153846,0.72093023255814,0.911764705882353,0.881188118811881,0.563636363636364,0.25,0.4,1,0.25,0.25
0,Family,Daughter,55,1_0_0,1,0.490566037735849,0.325,0.465346534653465,0.325,1,1,1,1,1
0,Family,Daughter,55,1_1_1,0.653846153846154,0.5,0.404761904761905,0.663366336633663,0.333333333333333,0.464285714285714,0.634146341463415,1,0.464285714285714,0.464285714285714
0,Family,Daughter,60,0_0_0,0.288461538461538,0.447761194029851,1,0.816831683168317,0.288461538461538,0,0,0,0,0
0,Family,Daughter,60,0_0_1,0.692307692307692,0.705882352941176,0.72,0.851485148514851,0.545454545454545,0.483870967741936,0.652173913043478,1,0.483870967741936,0.483870967741936
0,Family,Daughter,60,0_1_0,0.615384615384615,0.752941176470588,0.96969696969697,0.896039603960396,0.60377358490566,0.354838709677419,0.523809523809524,1,0.354838709677419,0.354838709677419
0,Family,Daughter,60,1_0_0,1,0.530612244897959,0.361111111111111,0.544554455445545,0.361111111111111,1,1,1,1,1
0,Family,Daughter,60,1_1_1,0.461538461538462,0.360902255639098,0.296296296296296,0.579207920792079,0.220183486238532,0.290322580645161,0.45,1,0.290322580645161,0.290322580645161
0,Family,Daughter,65,0_0_0,0.307692307692308,0.470588235294118,1,0.821782178217822,0.307692307692308,0,0,0,0,0
0,Family,Daughter,65,0_0_1,0.653846153846154,0.781609195402299,0.971428571428571,0.905940594059406,0.641509433962264,0.454545454545455,0.625,1,0.454545454545455,0.454545454545455
0,Family,Daughter,65,0_1_0,0.442307692307692,0.613333333333333,1,0.856435643564356,0.442307692307692,0.121212121212121,0.216216216216216,1,0.121212121212121,0.121212121212121
0,Family,Daughter,65,1_0_0,0.980769230769231,0.476635514018692,0.314814814814815,0.445544554455446,0.312883435582822,0.96969696969697,0.984615384615385,1,0.96969696969697,0.96969696969697
0,Family,Daughter,65,1_1_1,0.711538461538462,0.486842105263158,0.37,0.613861386138614,0.321739130434783,0.636363636363636,0.777777777777778,1,0.636363636363636,0.636363636363636
0,Family,Daughter,70,0_0_0,0.211538461538462,0.349206349206349,1,0.797029702970297,0.211538461538462,0,0,0,0,0
0,Family,Daughter,70,0_0_1,0.615384615384615,0.752941176470588,0.96969696969697,0.896039603960396,0.60377358490566,0.444444444444444,0.615384615384615,1,0.444444444444444,0.444444444444444
0,Family,Daughter,70,0_1_0,0.519230769230769,0.675,0.964285714285714,0.871287128712871,0.509433962264151,0.305555555555556,0.468085106382979,1,0.305555555555556,0.305555555555556
0,Family,Daughter,70,1_0_0,0.961538461538462,0.492610837438424,0.33112582781457,0.49009900990099,0.326797385620915,0.944444444444444,0.971428571428571,1,0.944444444444444,0.944444444444444
0,Family,Daughter,70,1_1_1,0.538461538461538,0.459016393442623,0.4,0.673267326732673,0.297872340425532,0.416666666666667,0.588235294117647,1,0.416666666666667,0.416666666666667
0,Family,Daughter,75,0_0_0,0.153846153846154,0.266666666666667,1,0.782178217821782,0.153846153846154,0,0,0,0,0
0,Family,Daughter,75,0_0_1,0.576923076923077,0.72289156626506,0.967741935483871,0.886138613861386,0.566037735849057,0.435897435897436,0.607142857142857,1,0.435897435897436,0.435897435897436
0,Family,Daughter,75,0_1_0,0.384615384615385,0.555555555555556,1,0.841584158415841,0.384615384615385,0.179487179487179,0.304347826086957,1,0.179487179487179,0.179487179487179
0,Family,Daughter,75,1_0_0,0.980769230769231,0.488038277511962,0.32484076433121,0.47029702970297,0.322784810126582,0.974358974358974,0.987012987012987,1,0.974358974358974,0.974358974358974
0,Family,Daughter,75,1_1_1,0.846153846153846,0.470588235294118,0.325925925925926,0.50990099009901,0.307692307692308,0.82051282051282,0.901408450704225,1,0.82051282051282,0.82051282051282
0,Family,Daughter,80,0_0_0,0.173076923076923,0.295081967213115,1,0.787128712871287,0.173076923076923,0,0,0,0,0
0,Family,Daughter,80,0_0_1,0.5,0.666666666666667,1,0.871287128712871,0.5,0.365853658536585,0.535714285714286,1,0.365853658536585,0.365853658536585
0,Family,Daughter,80,0_1_0,0.403846153846154,0.575342465753425,1,0.846534653465347,0.403846153846154,0.24390243902439,0.392156862745098,1,0.24390243902439,0.24390243902439
0,Family,Daughter,80,1_0_0,0.980769230769231,0.476635514018692,0.314814814814815,0.445544554455446,0.312883435582822,0.975609756097561,0.987654320987654,1,0.975609756097561,0.975609756097561
0,Family,Daughter,80,1_1_1,0.788461538461538,0.460674157303371,0.325396825396825,0.524752475247525,0.299270072992701,0.75609756097561,0.861111111111111,1,0.75609756097561,0.75609756097561
0,Family,Female,0,0_0_0,0.23469387755102,0.380165289256198,1,0.628712871287129,0.23469387755102,,,,,
0,Family,Female,0,0_0_1,1,0.894977168949772,0.809917355371901,0.886138613861386,0.809917355371901,,,,,
0,Family,Female,0,0_1_0,1,0.98989898989899,0.98,0.99009900990099,0.98,,,,,
0,Family,Female,0,1_0_0,1,0.653333333333333,0.485148514851485,0.485148514851485,0.485148514851485,,,,,
0,Family,Female,0,1_1_1,0.0204081632653061,0.0245398773006135,0.0307692307692308,0.212871287128713,0.0124223602484472,,,,,
0,Family,Female,5,0_0_0,0.204081632653061,0.338983050847458,1,0.613861386138614,0.204081632653061,,,,,
0,Family,Female,5,0_0_1,1,0.91588785046729,0.844827586206896,0.910891089108911,0.844827586206896,,,,,
0,Family,Female,5,0_1_0,0.979591836734694,0.979591836734694,0.979591836734694,0.98019801980198,0.96,,,,,
0,Family,Female,5,1_0_0,1,0.655518394648829,0.487562189054726,0.49009900990099,0.487562189054726,,,,,
0,Family,Female,5,1_1_1,0.0204081632653061,0.0246913580246914,0.03125,0.217821782178218,0.0125,,,,,
0,Family,Female,10,0_0_0,0.122448979591837,0.218181818181818,1,0.574257425742574,0.122448979591837,,,,,
0,Family,Female,10,0_0_1,0.989795918367347,0.946341463414634,0.906542056074766,0.945544554455445,0.898148148148148,,,,,
0,Family,Female,10,0_1_0,0.948979591836735,0.973821989528796,1,0.975247524752475,0.948979591836735,,,,,
0,Family,Female,10,1_0_0,1,0.712727272727273,0.553672316384181,0.608910891089109,0.553672316384181,,,,,
0,Family,Female,10,1_1_1,0,0,0,0.0396039603960396,0,,,,,
0,Family,Female,15,0_0_0,0.102040816326531,0.185185185185185,1,0.564356435643564,0.102040816326531,0,0,0,0,0
0,Family,Female,15,0_0_1,0.948979591836735,0.93,0.911764705882353,0.930693069306931,0.869158878504673,0,0,0,0,0
0,Family,Female,15,0_1_0,0.908163265306122,0.951871657754011,1,0.955445544554455,0.908163265306122,0,0,0,0,0
0,Family,Female,15,1_0_0,1,0.712727272727273,0.553672316384181,0.608910891089109,0.553672316384181,1,1,1,1,1
0,Family,Female,15,1_1_1,0.0204081632653061,0.0198019801980198,0.0192307692307692,0.0198019801980198,0.01,1,1,1,1,1
0,Family,Female,20,0_0_0,0.0714285714285714,0.133333333333333,1,0.54950495049505,0.0714285714285714,0,0,0,0,0
0,Family,Female,20,0_0_1,0.918367346938775,0.923076923076923,0.927835051546392,0.925742574257426,0.857142857142857,0,0,0,0,0
0,Family,Female,20,0_1_0,0.86734693877551,0.92896174863388,1,0.935643564356436,0.86734693877551,0,0,0,0,0
0,Family,Female,20,1_0_0,1,0.715328467153285,0.556818181818182,0.613861386138614,0.556818181818182,1,1,1,1,1
0,Family,Female,20,1_1_1,0,0,0,0.0198019801980198,0,0,0,0,0,0
0,Family,Female,25,0_0_0,0.0510204081632653,0.0970873786407767,1,0.53960396039604,0.0510204081632653,0,0,0,0,0
0,Family,Female,25,0_0_1,0.86734693877551,0.899470899470899,0.934065934065934,0.905940594059406,0.817307692307692,0.5,0.666666666666667,1,0.5,0.5
0,Family,Female,25,0_1_0,0.897959183673469,0.936170212765957,0.977777777777778,0.940594059405941,0.88,0.5,0.666666666666667,1,0.5,0.5
0,Family,Female,25,1_0_0,1,0.720588235294118,0.563218390804598,0.623762376237624,0.563218390804598,1,1,1,1,1
0,Family,Female,25,1_1_1,0,0,0,0.0099009900990099,0,0,0,0,0,0
0,Family,Female,30,0_0_0,0.0510204081632653,0.0970873786407767,1,0.53960396039604,0.0510204081632653,0,0,0,0,0
0,Family,Female,30,0_0_1,0.775510204081633,0.835164835164835,0.904761904761905,0.851485148514851,0.716981132075472,0.333333333333333,0.5,1,0.333333333333333,0.333333333333333
0,Family,Female,30,0_1_0,0.795918367346939,0.88135593220339,0.987341772151899,0.896039603960396,0.787878787878788,0,0,0,0,0
0,Family,Female,30,1_0_0,1,0.739622641509434,0.586826347305389,0.658415841584158,0.586826347305389,1,1,1,1,1
0,Family,Female,30,1_1_1,0.0102040816326531,0.0099502487562189,0.00970873786407767,0.0148514851485149,0.005,0.333333333333333,0.5,1,0.333333333333333,0.333333333333333
0,Family,Female,35,0_0_0,0.0306122448979592,0.0594059405940594,1,0.52970297029703,0.0306122448979592,0,0,0,0,0
0,Family,Female,35,0_0_1,0.755102040816326,0.822222222222222,0.902439024390244,0.841584158415841,0.69811320754717,0.75,0.857142857142857,1,0.75,0.75
0,Family,Female,35,0_1_0,0.724489795918367,0.835294117647059,0.986111111111111,0.861386138613861,0.717171717171717,0,0,0,0,0
0,Family,Female,35,1_0_0,1,0.725925925925926,0.569767441860465,0.633663366336634,0.569767441860465,1,1,1,1,1
0,Family,Female,35,1_1_1,0,0,0,0.00495049504950495,0,0,0,0,0,0
0,Family,Female,40,0_0_0,0.0612244897959184,0.115384615384615,1,0.544554455445545,0.0612244897959184,0,0,0,0,0
0,Family,Female,40,0_0_1,0.887755102040816,0.920634920634921,0.956043956043956,0.925742574257426,0.852941176470588,0.4,0.571428571428571,1,0.4,0.4
0,Family,Female,40,0_1_0,0.704081632653061,0.826347305389221,1,0.856435643564356,0.704081632653061,0,0,0,0,0
0,Family,Female,40,1_0_0,1,0.678200692041522,0.513089005235602,0.53960396039604,0.513089005235602,1,1,1,1,1
0,Family,Female,40,1_1_1,0,0,0,0.0148514851485149,0,0,0,0,0,0
0,Family,Female,45,0_0_0,0.0408163265306122,0.0784313725490196,1,0.534653465346535,0.0408163265306122,0,0,0,0,0
0,Family,Female,45,0_0_1,0.693877551020408,0.819277108433735,1,0.851485148514851,0.693877551020408,0,0,0,0,0
0,Family,Female,45,0_1_0,0.693877551020408,0.819277108433735,1,0.851485148514851,0.693877551020408,0,0,0,0,0
0,Family,Female,45,1_0_0,1,0.867256637168142,0.765625,0.851485148514851,0.765625,1,1,1,1,1
0,Family,Female,45,1_1_1,0.0102040816326531,0.0102564102564103,0.0103092783505155,0.0445544554455446,0.00515463917525773,0.166666666666667,0.285714285714286,1,0.166666666666667,0.166666666666667
0,Family,Female,50,0_0_0,0.0306122448979592,0.0594059405940594,1,0.52970297029703,0.0306122448979592,0,0,0,0,0
0,Family,Female,50,0_0_1,0.642857142857143,0.782608695652174,1,0.826732673267327,0.642857142857143,0,0,0,0,0
0,Family,Female,50,0_1_0,0.642857142857143,0.782608695652174,1,0.826732673267327,0.642857142857143,0,0,0,0,0
0,Family,Female,50,1_0_0,0.989795918367347,0.850877192982456,0.746153846153846,0.831683168316832,0.740458015267176,1,1,1,1,1
0,Family,Female,50,1_1_1,0.0204081632653061,0.02,0.0196078431372549,0.0297029702970297,0.0101010101010101,0.333333333333333,0.5,1,0.333333333333333,0.333333333333333
0,Family,Female,55,0_0_0,0.0306122448979592,0.0594059405940594,1,0.52970297029703,0.0306122448979592,0,0,0,0,0
0,Family,Female,55,0_0_1,0.591836734693878,0.743589743589744,1,0.801980198019802,0.591836734693878,0,0,0,0,0
0,Family,Female,55,0_1_0,0.63265306122449,0.775,1,0.821782178217822,0.63265306122449,0,0,0,0,0
0,Family,Female,55,1_0_0,0.979591836734694,0.838427947598253,0.732824427480916,0.816831683168317,0.721804511278195,1,1,1,1,1
0,Family,Female,55,1_1_1,0,0,0,0.0742574257425743,0,0,0,0,0,0
0,Family,Female,60,0_0_0,0.0204081632653061,0.04,1,0.524752475247525,0.0204081632653061,0,0,0,0,0
0,Family,Female,60,0_0_1,0.602040816326531,0.751592356687898,1,0.806930693069307,0.602040816326531,0,0,0,0,0
0,Family,Female,60,0_1_0,0.571428571428571,0.727272727272727,1,0.792079207920792,0.571428571428571,0,0,0,0,0
0,Family,Female,60,1_0_0,1,0.823529411764706,0.7,0.792079207920792,0.7,1,1,1,1,1
0,Family,Female,60,1_1_1,0,0,0,0.0396039603960396,0,0,0,0,0,0
0,Family,Female,65,0_0_0,0.0102040816326531,0.0202020202020202,1,0.51980198019802,0.0102040816326531,0,0,0,0,0
0,Family,Female,65,0_0_1,0.489795918367347,0.657534246575342,1,0.752475247524752,0.489795918367347,0,0,0,0,0
0,Family,Female,65,0_1_0,0.5,0.666666666666667,1,0.757425742574257,0.5,0,0,0,0,0
0,Family,Female,65,1_0_0,1,0.820083682008368,0.695035460992908,0.787128712871287,0.695035460992908,1,1,1,1,1
0,Family,Female,65,1_1_1,0,0,0,0.0643564356435644,0,0,0,0,0,0
0,Family,Female,70,0_0_0,0.204081632653061,0.338983050847458,1,0.613861386138614,0.204081632653061,0,0,0,0,0
0,Family,Female,70,0_0_1,0.520408163265306,0.662337662337662,0.910714285714286,0.742574257425743,0.495145631067961,0.285714285714286,0.444444444444444,1,0.285714285714286,0.285714285714286
0,Family,Female,70,0_1_0,0.428571428571429,0.587412587412587,0.933333333333333,0.707920792079208,0.415841584158416,0.285714285714286,0.444444444444444,1,0.285714285714286,0.285714285714286
0,Family,Female,70,1_0_0,0.989795918367347,0.811715481171548,0.687943262411348,0.777227722772277,0.683098591549296,1,1,1,1,1
0,Family,Female,70,1_1_1,0.357142857142857,0.466666666666667,0.673076923076923,0.603960396039604,0.304347826086957,0.142857142857143,0.25,1,0.142857142857143,0.142857142857143
0,Family,Female,75,0_0_0,0.112244897959184,0.201834862385321,1,0.569306930693069,0.112244897959184,0,0,0,0,0
0,Family,Female,75,0_0_1,0.255102040816327,0.40650406504065,1,0.638613861386139,0.255102040816327,0,0,0,0,0
0,Family,Female,75,0_1_0,0.285714285714286,0.444444444444444,1,0.653465346534653,0.285714285714286,0,0,0,0,0
0,Family,Female,75,1_0_0,1,0.657718120805369,0.49,0.495049504950495,0.49,1,1,1,1,1
0,Family,Female,75,1_1_1,0.316326530612245,0.319587628865979,0.322916666666667,0.346534653465346,0.190184049079755,0,0,0,0,0
0,Family,Female,80,0_0_0,0.0408163265306122,0.0784313725490196,1,0.534653465346535,0.0408163265306122,0,0,0,0,0
0,Family,Female,80,0_0_1,0.204081632653061,0.338983050847458,1,0.613861386138614,0.204081632653061,0,0,0,0,0
0,Family,Female,80,0_1_0,0.36734693877551,0.51063829787234,0.837209302325581,0.658415841584158,0.342857142857143,0,0,0,0,0
0,Family,Female,80,1_0_0,0.959183673469388,0.657342657342657,0.5,0.514851485148515,0.489583333333333,0.555555555555556,0.714285714285714,1,0.555555555555556,0.555555555555556
0,Family,Female,80,1_1_1,0.214285714285714,0.260869565217391,0.333333333333333,0.410891089108911,0.15,0.333333333333333,0.5,1,0.333333333333333,0.333333333333333
0,Family,Father,0,0_0_0,0.0166666666666667,0.0327868852459016,1,0.707920792079208,0.0166666666666667,,,,,
0,Family,Father,0,0_0_1,1,0.839160839160839,0.72289156626506,0.886138613861386,0.72289156626506,,,,,
0,Family,Father,0,0_1_0,1,0.641711229946524,0.47244094488189,0.668316831683168,0.47244094488189,,,,,
0,Family,Father,0,1_0_0,1,0.465116279069767,0.303030303030303,0.316831683168317,0.303030303030303,,,,,
0,Family,Father,0,1_1_1,0.0833333333333333,0.0714285714285714,0.0625,0.356435643564356,0.037037037037037,,,,,
0,Family,Father,5,0_0_0,0.0333333333333333,0.0645161290322581,1,0.712871287128713,0.0333333333333333,0,0,0,0,0
0,Family,Father,5,0_0_1,0.983333333333333,0.887218045112782,0.808219178082192,0.925742574257426,0.797297297297297,0.666666666666667,0.8,1,0.666666666666667,0.666666666666667
0,Family,Father,5,0_1_0,1,0.685714285714286,0.521739130434783,0.727722772277228,0.521739130434783,1,1,1,1,1
0,Family,Father,5,1_0_0,1,0.47244094488189,0.309278350515464,0.336633663366337,0.309278350515464,1,1,1,1,1
0,Family,Father,5,1_1_1,0.25,0.170454545454545,0.129310344827586,0.277227722772277,0.093167701863354,0.333333333333333,0.5,1,0.333333333333333,0.333333333333333
0,Family,Father,10,0_0_0,0.05,0.0952380952380952,1,0.717821782178218,0.05,0,0,0,0,0
0,Family,Father,10,0_0_1,0.916666666666667,0.859375,0.808823529411765,0.910891089108911,0.753424657534247,0.166666666666667,0.285714285714286,1,0.166666666666667,0.166666666666667
0,Family,Father,10,0_1_0,1,0.701754385964912,0.540540540540541,0.747524752475248,0.540540540540541,1,1,1,1,1
0,Family,Father,10,1_0_0,1,0.46875,0.306122448979592,0.326732673267327,0.306122448979592,1,1,1,1,1
0,Family,Father,10,1_1_1,0.216666666666667,0.154761904761905,0.12037037037037,0.297029702970297,0.0838709677419355,0.5,0.666666666666667,1,0.5,0.5
0,Family,Father,15,0_0_0,0.0166666666666667,0.0327868852459016,1,0.707920792079208,0.0166666666666667,0,0,0,0,0
0,Family,Father,15,0_0_1,0.9,0.864,0.830769230769231,0.915841584158416,0.76056338028169,0.333333333333333,0.5,1,0.333333333333333,0.333333333333333
0,Family,Father,15,0_1_0,1,0.69364161849711,0.530973451327434,0.737623762376238,0.530973451327434,1,1,1,1,1
0,Family,Father,15,1_0_0,1,0.470588235294118,0.307692307692308,0.331683168316832,0.307692307692308,1,1,1,1,1
0,Family,Father,15,1_1_1,0.266666666666667,0.184971098265896,0.141592920353982,0.301980198019802,0.101910828025478,0.666666666666667,0.8,1,0.666666666666667,0.666666666666667
0,Family,Father,20,0_0_0,0.0166666666666667,0.0327868852459016,1,0.707920792079208,0.0166666666666667,0,0,0,0,0
0,Family,Father,20,0_0_1,0.866666666666667,0.845528455284553,0.825396825396825,0.905940594059406,0.732394366197183,0.333333333333333,0.5,1,0.333333333333333,0.333333333333333
0,Family,Father,20,0_1_0,1,0.697674418604651,0.535714285714286,0.742574257425743,0.535714285714286,1,1,1,1,1
0,Family,Father,20,1_0_0,1,0.476190476190476,0.3125,0.346534653465346,0.3125,1,1,1,1,1
0,Family,Father,20,1_1_1,0.283333333333333,0.192090395480226,0.145299145299145,0.292079207920792,0.10625,0.583333333333333,0.736842105263158,1,0.583333333333333,0.583333333333333
0,Family,Father,25,0_0_0,0.0166666666666667,0.0327868852459016,1,0.707920792079208,0.0166666666666667,0,0,0,0,0
0,Family,Father,25,0_0_1,0.816666666666667,0.823529411764706,0.830508474576271,0.896039603960396,0.7,0.266666666666667,0.421052631578947,1,0.266666666666667,0.266666666666667
0,Family,Father,25,0_1_0,1,0.710059171597633,0.55045871559633,0.757425742574257,0.55045871559633,1,1,1,1,1
0,Family,Father,25,1_0_0,1,0.474308300395257,0.310880829015544,0.341584158415842,0.310880829015544,1,1,1,1,1
0,Family,Father,25,1_1_1,0.333333333333333,0.229885057471264,0.175438596491228,0.336633663366337,0.12987012987013,0.533333333333333,0.695652173913043,1,0.533333333333333,0.533333333333333
0,Family,Father,30,0_0_0,0,0,0,0.702970297029703,0,0,0,0,0,0
0,Family,Father,30,0_0_1,0.783333333333333,0.789915966386555,0.796610169491525,0.876237623762376,0.652777777777778,0.277777777777778,0.434782608695652,1,0.277777777777778,0.277777777777778
0,Family,Father,30,0_1_0,1,0.705882352941176,0.545454545454545,0.752475247524752,0.545454545454545,1,1,1,1,1
0,Family,Father,30,1_0_0,1,0.476190476190476,0.3125,0.346534653465346,0.3125,1,1,1,1,1
0,Family,Father,30,1_1_1,0.3,0.206896551724138,0.157894736842105,0.316831683168317,0.115384615384615,0.611111111111111,0.758620689655172,1,0.611111111111111,0.611111111111111
0,Family,Father,35,0_0_0,0,0,0,0.702970297029703,0,0,0,0,0,0
0,Family,Father,35,0_0_1,0.733333333333333,0.758620689655172,0.785714285714286,0.861386138613861,0.611111111111111,0.238095238095238,0.384615384615385,1,0.238095238095238,0.238095238095238
0,Family,Father,35,0_1_0,0.966666666666667,0.725,0.58,0.782178217821782,0.568627450980392,0.904761904761905,0.95,1,0.904761904761905,0.904761904761905
0,Family,Father,35,1_0_0,1,0.515021459227468,0.346820809248555,0.440594059405941,0.346820809248555,1,1,1,1,1
0,Family,Father,35,1_1_1,0.216666666666667,0.142857142857143,0.10655737704918,0.227722772277228,0.0769230769230769,0.380952380952381,0.551724137931034,1,0.380952380952381,0.380952380952381
0,Family,Father,40,0_0_0,0,0,0,0.702970297029703,0,0,0,0,0,0
0,Family,Father,40,0_0_1,0.666666666666667,0.73394495412844,0.816326530612245,0.856435643564356,0.579710144927536,0.166666666666667,0.285714285714286,1,0.166666666666667,0.166666666666667
0,Family,Father,40,0_1_0,0.95,0.7125,0.57,0.772277227722772,0.553398058252427,0.875,0.933333333333333,1,0.875,0.875
0,Family,Father,40,1_0_0,1,0.493827160493827,0.327868852459016,0.391089108910891,0.327868852459016,1,1,1,1,1
0,Family,Father,40,1_1_1,0.216666666666667,0.143646408839779,0.107438016528926,0.232673267326733,0.0773809523809524,0.333333333333333,0.5,1,0.333333333333333,0.333333333333333
0,Family,Father,45,0_0_0,0,0,0,0.702970297029703,0,0,0,0,0,0
0,Family,Father,45,0_0_1,0.716666666666667,0.728813559322034,0.741379310344828,0.841584158415841,0.573333333333333,0.37037037037037,0.540540540540541,1,0.37037037037037,0.37037037037037
0,Family,Father,45,0_1_0,0.966666666666667,0.716049382716049,0.568627450980392,0.772277227722772,0.557692307692308,0.925925925925926,0.961538461538462,1,0.925925925925926,0.925925925925926
0,Family,Father,45,1_0_0,1,0.489795918367347,0.324324324324324,0.381188118811881,0.324324324324324,1,1,1,1,1
0,Family,Father,45,1_1_1,0.25,0.162162162162162,0.12,0.232673267326733,0.0882352941176471,0.37037037037037,0.540540540540541,1,0.37037037037037,0.37037037037037
0,Family,Father,50,0_0_0,0,0,0,0.702970297029703,0,0,0,0,0,0
0,Family,Father,50,0_0_1,0.666666666666667,0.707964601769911,0.754716981132076,0.836633663366337,0.547945205479452,0.333333333333333,0.5,1,0.333333333333333,0.333333333333333
0,Family,Father,50,0_1_0,0.95,0.716981132075472,0.575757575757576,0.777227722772277,0.558823529411765,0.9,0.947368421052632,1,0.9,0.9
0,Family,Father,50,1_0_0,1,0.46692607003891,0.304568527918782,0.321782178217822,0.304568527918782,1,1,1,1,1
0,Family,Father,50,1_1_1,0.0666666666666667,0.0506329113924051,0.0408163265306122,0.257425742574257,0.025974025974026,0.133333333333333,0.235294117647059,1,0.133333333333333,0.133333333333333
0,Family,Father,55,0_0_0,0.1,0.181818181818182,1,0.732673267326733,0.1,0,0,0,0,0
0,Family,Father,55,0_0_1,0.866666666666667,0.697986577181208,0.584269662921348,0.777227722772277,0.536082474226804,0.757575757575758,0.862068965517241,1,0.757575757575758,0.757575757575758
0,Family,Father,55,0_1_0,0.9,0.679245283018868,0.545454545454545,0.747524752475248,0.514285714285714,0.818181818181818,0.9,1,0.818181818181818,0.818181818181818
0,Family,Father,55,1_0_0,1,0.47244094488189,0.309278350515464,0.336633663366337,0.309278350515464,1,1,1,1,1
0,Family,Father,55,1_1_1,0.45,0.394160583941606,0.350649350649351,0.589108910891089,0.245454545454545,0.212121212121212,0.35,1,0.212121212121212,0.212121212121212
0,Family,Father,60,0_0_0,0.05,0.0952380952380952,1,0.717821782178218,0.05,0,0,0,0,0
0,Family,Father,60,0_0_1,0.816666666666667,0.695035460992908,0.604938271604938,0.787128712871287,0.532608695652174,0.694444444444444,0.819672131147541,1,0.694444444444444,0.694444444444444
0,Family,Father,60,0_1_0,0.883333333333333,0.67515923566879,0.54639175257732,0.747524752475248,0.509615384615385,0.805555555555556,0.892307692307692,1,0.805555555555556,0.805555555555556
0,Family,Father,60,1_0_0,1,0.461538461538462,0.3,0.306930693069307,0.3,1,1,1,1,1
0,Family,Father,60,1_1_1,0.383333333333333,0.302631578947368,0.25,0.475247524752475,0.178294573643411,0.277777777777778,0.434782608695652,1,0.277777777777778,0.277777777777778
0,Family,Father,65,0_0_0,0.0166666666666667,0.0327868852459016,1,0.707920792079208,0.0166666666666667,0,0,0,0,0
0,Family,Father,65,0_0_1,0.766666666666667,0.681481481481481,0.613333333333333,0.787128712871287,0.51685393258427,0.641025641025641,0.78125,1,0.641025641025641,0.641025641025641
0,Family,Father,65,0_1_0,0.833333333333333,0.662251655629139,0.549450549450549,0.747524752475248,0.495049504950495,0.743589743589744,0.852941176470588,1,0.743589743589744,0.743589743589744
0,Family,Father,65,1_0_0,1,0.461538461538462,0.3,0.306930693069307,0.3,1,1,1,1,1
0,Family,Father,65,1_1_1,0.383333333333333,0.323943661971831,0.280487804878049,0.524752475247525,0.19327731092437,0.282051282051282,0.44,1,0.282051282051282,0.282051282051282
0,Family,Father,70,0_0_0,0.0166666666666667,0.0327868852459016,1,0.707920792079208,0.0166666666666667,0,0,0,0,0
0,Family,Father,70,0_0_1,0.716666666666667,0.661538461538462,0.614285714285714,0.782178217821782,0.494252873563218,0.595238095238095,0.746268656716418,1,0.595238095238095,0.595238095238095
0,Family,Father,70,0_1_0,0.8,0.64,0.533333333333333,0.732673267326733,0.470588235294118,0.714285714285714,0.833333333333333,1,0.714285714285714,0.714285714285714
0,Family,Father,70,1_0_0,1,0.459770114942529,0.298507462686567,0.301980198019802,0.298507462686567,1,1,1,1,1
0,Family,Father,70,1_1_1,0.4,0.294478527607362,0.233009708737864,0.430693069306931,0.172661870503597,0.30952380952381,0.472727272727273,1,0.30952380952381,0.30952380952381
0,Family,Father,75,0_0_0,0.0333333333333333,0.0645161290322581,1,0.712871287128713,0.0333333333333333,0,0,0,0,0
0,Family,Father,75,0_0_1,0.716666666666667,0.623188405797101,0.551282051282051,0.742574257425743,0.452631578947368,0.622222222222222,0.767123287671233,1,0.622222222222222,0.622222222222222
0,Family,Father,75,0_1_0,0.816666666666667,0.644736842105263,0.532608695652174,0.732673267326733,0.475728155339806,0.755555555555556,0.860759493670886,1,0.755555555555556,0.755555555555556
0,Family,Father,75,1_0_0,1,0.465116279069767,0.303030303030303,0.316831683168317,0.303030303030303,1,1,1,1,1
0,Family,Father,75,1_1_1,0.35,0.269230769230769,0.21875,0.435643564356436,0.155555555555556,0.266666666666667,0.421052631578947,1,0.266666666666667,0.266666666666667
0,Family,Father,80,0_0_0,0.0333333333333333,0.0645161290322581,1,0.712871287128713,0.0333333333333333,0,0,0,0,0
0,Family,Father,80,0_0_1,0.666666666666667,0.583941605839416,0.519480519480519,0.717821782178218,0.412371134020619,0.583333333333333,0.736842105263158,1,0.583333333333333,0.583333333333333
0,Family,Father,80,0_1_0,0.783333333333333,0.643835616438356,0.546511627906977,0.742574257425743,0.474747474747475,0.729166666666667,0.843373493975904,1,0.729166666666667,0.729166666666667
0,Family,Father,80,1_0_0,1,0.465116279069767,0.303030303030303,0.316831683168317,0.303030303030303,1,1,1,1,1
0,Family,Father,80,1_1_1,0.316666666666667,0.236024844720497,0.188118811881188,0.391089108910891,0.133802816901408,0.270833333333333,0.426229508196721,1,0.270833333333333,0.270833333333333
0,Family,Parent,0,0_0_0,0,0,0,0.405940594059406,0,,,,,
0,Family,Parent,0,0_0_1,0.00833333333333333,0.0165289256198347,1,0.410891089108911,0.00833333333333333,,,,,
0,Family,Parent,0,0_1_0,0.05,0.0952380952380952,1,0.435643564356436,0.05,,,,,
0,Family,Parent,0,1_0_0,0.65,0.65,0.65,0.584158415841584,0.481481481481481,,,,,
0,Family,Parent,0,1_1_1,0.108333333333333,0.17687074829932,0.481481481481481,0.400990099009901,0.0970149253731343,,,,,
0,Family,Parent,5,0_0_0,0,0,0,0.405940594059406,0,,,,,
0,Family,Parent,5,0_0_1,0.00833333333333333,0.0165289256198347,1,0.410891089108911,0.00833333333333333,,,,,
0,Family,Parent,5,0_1_0,0.05,0.0952380952380952,1,0.435643564356436,0.05,,,,,
0,Family,Parent,5,1_0_0,0.65,0.65,0.65,0.584158415841584,0.481481481481481,,,,,
0,Family,Parent,5,1_1_1,0.108333333333333,0.17687074829932,0.481481481481481,0.400990099009901,0.0970149253731343,,,,,
0,Family,Parent,10,0_0_0,0,0,0,0.405940594059406,0,,,,,
0,Family,Parent,10,0_0_1,0.00833333333333333,0.0165289256198347,1,0.410891089108911,0.00833333333333333,,,,,
0,Family,Parent,10,0_1_0,0.05,0.0952380952380952,1,0.435643564356436,0.05,,,,,
0,Family,Parent,10,1_0_0,0.65,0.65,0.65,0.584158415841584,0.481481481481481,,,,,
0,Family,Parent,10,1_1_1,0.108333333333333,0.17687074829932,0.481481481481481,0.400990099009901,0.0970149253731343,,,,,
0,Family,Parent,15,0_0_0,0,0,0,0.405940594059406,0,,,,,
0,Family,Parent,15,0_0_1,0.00833333333333333,0.0165289256198347,1,0.410891089108911,0.00833333333333333,,,,,
0,Family,Parent,15,0_1_0,0.05,0.0952380952380952,1,0.435643564356436,0.05,,,,,
0,Family,Parent,15,1_0_0,0.65,0.65,0.65,0.584158415841584,0.481481481481481,,,,,
0,Family,Parent,15,1_1_1,0.108333333333333,0.17687074829932,0.481481481481481,0.400990099009901,0.0970149253731343,,,,,
0,Family,Parent,20,0_0_0,0,0,0,0.405940594059406,0,,,,,
0,Family,Parent,20,0_0_1,0.00833333333333333,0.0165289256198347,1,0.410891089108911,0.00833333333333333,,,,,
0,Family,Parent,20,0_1_0,0.05,0.0952380952380952,1,0.435643564356436,0.05,,,,,
0,Family,Parent,20,1_0_0,0.65,0.65,0.65,0.584158415841584,0.481481481481481,,,,,
0,Family,Parent,20,1_1_1,0.108333333333333,0.17687074829932,0.481481481481481,0.400990099009901,0.0970149253731343,,,,,
0,Family,Parent,25,0_0_0,0,0,0,0.405940594059406,0,,,,,
0,Family,Parent,25,0_0_1,0.00833333333333333,0.0165289256198347,1,0.410891089108911,0.00833333333333333,,,,,
0,Family,Parent,25,0_1_0,0.05,0.0952380952380952,1,0.435643564356436,0.05,,,,,
0,Family,Parent,25,1_0_0,0.65,0.65,0.65,0.584158415841584,0.481481481481481,,,,,
0,Family,Parent,25,1_1_1,0.108333333333333,0.17687074829932,0.481481481481481,0.400990099009901,0.0970149253731343,,,,,
0,Family,Parent,30,0_0_0,0,0,0,0.405940594059406,0,,,,,
0,Family,Parent,30,0_0_1,0.00833333333333333,0.0165289256198347,1,0.410891089108911,0.00833333333333333,,,,,
0,Family,Parent,30,0_1_0,0.05,0.0952380952380952,1,0.435643564356436,0.05,,,,,
0,Family,Parent,30,1_0_0,0.65,0.65,0.65,0.584158415841584,0.481481481481481,,,,,
0,Family,Parent,30,1_1_1,0.108333333333333,0.17687074829932,0.481481481481481,0.400990099009901,0.0970149253731343,,,,,
0,Family,Parent,35,0_0_0,0,0,0,0.405940594059406,0,,,,,
0,Family,Parent,35,0_0_1,0.00833333333333333,0.0165289256198347,1,0.410891089108911,0.00833333333333333,,,,,
0,Family,Parent,35,0_1_0,0.05,0.0952380952380952,1,0.435643564356436,0.05,,,,,
0,Family,Parent,35,1_0_0,0.65,0.65,0.65,0.584158415841584,0.481481481481481,,,,,
0,Family,Parent,35,1_1_1,0.108333333333333,0.17687074829932,0.481481481481481,0.400990099009901,0.0970149253731343,,,,,
0,Family,Parent,40,0_0_0,0,0,0,0.405940594059406,0,,,,,
0,Family,Parent,40,0_0_1,0.00833333333333333,0.0165289256198347,1,0.410891089108911,0.00833333333333333,,,,,
0,Family,Parent,40,0_1_0,0.05,0.0952380952380952,1,0.435643564356436,0.05,,,,,
0,Family,Parent,40,1_0_0,0.65,0.65,0.65,0.584158415841584,0.481481481481481,,,,,
0,Family,Parent,40,1_1_1,0.108333333333333,0.17687074829932,0.481481481481481,0.400990099009901,0.0970149253731343,,,,,
0,Family,Parent,45,0_0_0,0,0,0,0.405940594059406,0,,,,,
0,Family,Parent,45,0_0_1,0.00833333333333333,0.0165289256198347,1,0.410891089108911,0.00833333333333333,,,,,
0,Family,Parent,45,0_1_0,0.05,0.0952380952380952,1,0.435643564356436,0.05,,,,,
0,Family,Parent,45,1_0_0,0.65,0.65,0.65,0.584158415841584,0.481481481481481,,,,,
0,Family,Parent,45,1_1_1,0.108333333333333,0.17687074829932,0.481481481481481,0.400990099009901,0.0970149253731343,,,,,
0,Family,Parent,50,0_0_0,0,0,0,0.405940594059406,0,,,,,
0,Family,Parent,50,0_0_1,0.00833333333333333,0.0165289256198347,1,0.410891089108911,0.00833333333333333,,,,,
0,Family,Parent,50,0_1_0,0.05,0.0952380952380952,1,0.435643564356436,0.05,,,,,
0,Family,Parent,50,1_0_0,0.65,0.65,0.65,0.584158415841584,0.481481481481481,,,,,
0,Family,Parent,50,1_1_1,0.108333333333333,0.17687074829932,0.481481481481481,0.400990099009901,0.0970149253731343,,,,,
0,Family,Parent,55,0_0_0,0,0,0,0.405940594059406,0,,,,,
0,Family,Parent,55,0_0_1,0.00833333333333333,0.0165289256198347,1,0.410891089108911,0.00833333333333333,,,,,
0,Family,Parent,55,0_1_0,0.05,0.0952380952380952,1,0.435643564356436,0.05,,,,,
0,Family,Parent,55,1_0_0,0.65,0.65,0.65,0.584158415841584,0.481481481481481,,,,,
0,Family,Parent,55,1_1_1,0.108333333333333,0.17687074829932,0.481481481481481,0.400990099009901,0.0970149253731343,,,,,
0,Family,Parent,60,0_0_0,0,0,0,0.405940594059406,0,,,,,
0,Family,Parent,60,0_0_1,0.00833333333333333,0.0165289256198347,1,0.410891089108911,0.00833333333333333,,,,,
0,Family,Parent,60,0_1_0,0.05,0.0952380952380952,1,0.435643564356436,0.05,,,,,
0,Family,Parent,60,1_0_0,0.65,0.65,0.65,0.584158415841584,0.481481481481481,,,,,
0,Family,Parent,60,1_1_1,0.108333333333333,0.17687074829932,0.481481481481481,0.400990099009901,0.0970149253731343,,,,,
0,Family,Parent,65,0_0_0,0,0,0,0.405940594059406,0,,,,,
0,Family,Parent,65,0_0_1,0.00833333333333333,0.0165289256198347,1,0.410891089108911,0.00833333333333333,,,,,
0,Family,Parent,65,0_1_0,0.05,0.0952380952380952,1,0.435643564356436,0.05,,,,,
0,Family,Parent,65,1_0_0,0.65,0.65,0.65,0.584158415841584,0.481481481481481,,,,,
0,Family,Parent,65,1_1_1,0.108333333333333,0.17687074829932,0.481481481481481,0.400990099009901,0.0970149253731343,,,,,
0,Family,Parent,70,0_0_0,0,0,0,0.405940594059406,0,,,,,
0,Family,Parent,70,0_0_1,0.00833333333333333,0.0165289256198347,1,0.410891089108911,0.00833333333333333,,,,,
0,Family,Parent,70,0_1_0,0.05,0.0952380952380952,1,0.435643564356436,0.05,,,,,
0,Family,Parent,70,1_0_0,0.65,0.65,0.65,0.584158415841584,0.481481481481481,,,,,
0,Family,Parent,70,1_1_1,0.108333333333333,0.17687074829932,0.481481481481481,0.400990099009901,0.0970149253731343,,,,,
0,Family,Parent,75,0_0_0,0,0,0,0.405940594059406,0,,,,,
0,Family,Parent,75,0_0_1,0.00833333333333333,0.0165289256198347,1,0.410891089108911,0.00833333333333333,,,,,
0,Family,Parent,75,0_1_0,0.05,0.0952380952380952,1,0.435643564356436,0.05,,,,,
0,Family,Parent,75,1_0_0,0.65,0.65,0.65,0.584158415841584,0.481481481481481,,,,,
0,Family,Parent,75,1_1_1,0.108333333333333,0.17687074829932,0.481481481481481,0.400990099009901,0.0970149253731343,,,,,
0,Family,Parent,80,0_0_0,0,0,0,0.405940594059406,0,,,,,
0,Family,Parent,80,0_0_1,0.00833333333333333,0.0165289256198347,1,0.410891089108911,0.00833333333333333,,,,,
0,Family,Parent,80,0_1_0,0.05,0.0952380952380952,1,0.435643564356436,0.05,,,,,
0,Family,Parent,80,1_0_0,0.65,0.65,0.65,0.584158415841584,0.481481481481481,,,,,
0,Family,Parent,80,1_1_1,0.108333333333333,0.17687074829932,0.481481481481481,0.400990099009901,0.0970149253731343,,,,,
0,Family,Grandchild,0,0_0_0,0,0,0,0.603960396039604,0,,,,,
0,Family,Grandchild,0,0_0_1,0.025,0.0476190476190476,0.5,0.603960396039604,0.024390243902439,,,,,
0,Family,Grandchild,0,0_1_0,0.0375,0.0714285714285714,0.75,0.613861386138614,0.037037037037037,,,,,
0,Family,Grandchild,0,1_0_0,0.575,0.48936170212766,0.425925925925926,0.524752475247525,0.323943661971831,,,,,
0,Family,Grandchild,0,1_1_1,0.1625,0.218487394957983,0.333333333333333,0.53960396039604,0.122641509433962,,,,,
0,Family,Grandchild,5,0_0_0,0,0,0,0.603960396039604,0,,,,,
0,Family,Grandchild,5,0_0_1,0.025,0.0476190476190476,0.5,0.603960396039604,0.024390243902439,,,,,
0,Family,Grandchild,5,0_1_0,0.0375,0.0714285714285714,0.75,0.613861386138614,0.037037037037037,,,,,
0,Family,Grandchild,5,1_0_0,0.575,0.48936170212766,0.425925925925926,0.524752475247525,0.323943661971831,,,,,
0,Family,Grandchild,5,1_1_1,0.1625,0.218487394957983,0.333333333333333,0.53960396039604,0.122641509433962,,,,,
0,Family,Grandchild,10,0_0_0,0,0,0,0.603960396039604,0,,,,,
0,Family,Grandchild,10,0_0_1,0.025,0.0476190476190476,0.5,0.603960396039604,0.024390243902439,,,,,
0,Family,Grandchild,10,0_1_0,0.0375,0.0714285714285714,0.75,0.613861386138614,0.037037037037037,,,,,
0,Family,Grandchild,10,1_0_0,0.575,0.48936170212766,0.425925925925926,0.524752475247525,0.323943661971831,,,,,
0,Family,Grandchild,10,1_1_1,0.1625,0.218487394957983,0.333333333333333,0.53960396039604,0.122641509433962,,,,,
0,Family,Grandchild,15,0_0_0,0,0,0,0.603960396039604,0,,,,,
0,Family,Grandchild,15,0_0_1,0.025,0.0476190476190476,0.5,0.603960396039604,0.024390243902439,,,,,
0,Family,Grandchild,15,0_1_0,0.0375,0.0714285714285714,0.75,0.613861386138614,0.037037037037037,,,,,
0,Family,Grandchild,15,1_0_0,0.575,0.48936170212766,0.425925925925926,0.524752475247525,0.323943661971831,,,,,
0,Family,Grandchild,15,1_1_1,0.1625,0.218487394957983,0.333333333333333,0.53960396039604,0.122641509433962,,,,,
0,Family,Grandchild,20,0_0_0,0,0,0,0.603960396039604,0,,,,,
0,Family,Grandchild,20,0_0_1,0.025,0.0476190476190476,0.5,0.603960396039604,0.024390243902439,,,,,
0,Family,Grandchild,20,0_1_0,0.0375,0.0714285714285714,0.75,0.613861386138614,0.037037037037037,,,,,
0,Family,Grandchild,20,1_0_0,0.575,0.48936170212766,0.425925925925926,0.524752475247525,0.323943661971831,,,,,
0,Family,Grandchild,20,1_1_1,0.1625,0.218487394957983,0.333333333333333,0.53960396039604,0.122641509433962,,,,,
0,Family,Grandchild,25,0_0_0,0,0,0,0.603960396039604,0,,,,,
0,Family,Grandchild,25,0_0_1,0.025,0.0476190476190476,0.5,0.603960396039604,0.024390243902439,,,,,
0,Family,Grandchild,25,0_1_0,0.0375,0.0714285714285714,0.75,0.613861386138614,0.037037037037037,,,,,
0,Family,Grandchild,25,1_0_0,0.575,0.48936170212766,0.425925925925926,0.524752475247525,0.323943661971831,,,,,
0,Family,Grandchild,25,1_1_1,0.1625,0.218487394957983,0.333333333333333,0.53960396039604,0.122641509433962,,,,,
0,Family,Grandchild,30,0_0_0,0,0,0,0.603960396039604,0,,,,,
0,Family,Grandchild,30,0_0_1,0.025,0.0476190476190476,0.5,0.603960396039604,0.024390243902439,,,,,
0,Family,Grandchild,30,0_1_0,0.0375,0.0714285714285714,0.75,0.613861386138614,0.037037037037037,,,,,
0,Family,Grandchild,30,1_0_0,0.575,0.48936170212766,0.425925925925926,0.524752475247525,0.323943661971831,,,,,
0,Family,Grandchild,30,1_1_1,0.1625,0.218487394957983,0.333333333333333,0.53960396039604,0.122641509433962,,,,,
0,Family,Grandchild,35,0_0_0,0,0,0,0.603960396039604,0,,,,,
0,Family,Grandchild,35,0_0_1,0.025,0.0476190476190476,0.5,0.603960396039604,0.024390243902439,,,,,
0,Family,Grandchild,35,0_1_0,0.0375,0.0714285714285714,0.75,0.613861386138614,0.037037037037037,,,,,
0,Family,Grandchild,35,1_0_0,0.575,0.48936170212766,0.425925925925926,0.524752475247525,0.323943661971831,,,,,
0,Family,Grandchild,35,1_1_1,0.1625,0.218487394957983,0.333333333333333,0.53960396039604,0.122641509433962,,,,,
0,Family,Grandchild,40,0_0_0,0,0,0,0.603960396039604,0,,,,,
0,Family,Grandchild,40,0_0_1,0.025,0.0476190476190476,0.5,0.603960396039604,0.024390243902439,,,,,
0,Family,Grandchild,40,0_1_0,0.0375,0.0714285714285714,0.75,0.613861386138614,0.037037037037037,,,,,
0,Family,Grandchild,40,1_0_0,0.575,0.48936170212766,0.425925925925926,0.524752475247525,0.323943661971831,,,,,
0,Family,Grandchild,40,1_1_1,0.1625,0.218487394957983,0.333333333333333,0.53960396039604,0.122641509433962,,,,,
0,Family,Grandchild,45,0_0_0,0,0,0,0.603960396039604,0,,,,,
0,Family,Grandchild,45,0_0_1,0.025,0.0476190476190476,0.5,0.603960396039604,0.024390243902439,,,,,
0,Family,Grandchild,45,0_1_0,0.0375,0.0714285714285714,0.75,0.613861386138614,0.037037037037037,,,,,
0,Family,Grandchild,45,1_0_0,0.575,0.48936170212766,0.425925925925926,0.524752475247525,0.323943661971831,,,,,
0,Family,Grandchild,45,1_1_1,0.1625,0.218487394957983,0.333333333333333,0.53960396039604,0.122641509433962,,,,,
0,Family,Grandchild,50,0_0_0,0,0,0,0.603960396039604,0,,,,,
0,Family,Grandchild,50,0_0_1,0.025,0.0476190476190476,0.5,0.603960396039604,0.024390243902439,,,,,
0,Family,Grandchild,50,0_1_0,0.0375,0.0714285714285714,0.75,0.613861386138614,0.037037037037037,,,,,
0,Family,Grandchild,50,1_0_0,0.575,0.48936170212766,0.425925925925926,0.524752475247525,0.323943661971831,,,,,
0,Family,Grandchild,50,1_1_1,0.1625,0.218487394957983,0.333333333333333,0.53960396039604,0.122641509433962,,,,,
0,Family,Grandchild,55,0_0_0,0,0,0,0.603960396039604,0,,,,,
0,Family,Grandchild,55,0_0_1,0.025,0.0476190476190476,0.5,0.603960396039604,0.024390243902439,,,,,
0,Family,Grandchild,55,0_1_0,0.0375,0.0714285714285714,0.75,0.613861386138614,0.037037037037037,,,,,
0,Family,Grandchild,55,1_0_0,0.575,0.48936170212766,0.425925925925926,0.524752475247525,0.323943661971831,,,,,
0,Family,Grandchild,55,1_1_1,0.1625,0.218487394957983,0.333333333333333,0.53960396039604,0.122641509433962,,,,,
0,Family,Grandchild,60,0_0_0,0,0,0,0.603960396039604,0,,,,,
0,Family,Grandchild,60,0_0_1,0.025,0.0476190476190476,0.5,0.603960396039604,0.024390243902439,,,,,
0,Family,Grandchild,60,0_1_0,0.0375,0.0714285714285714,0.75,0.613861386138614,0.037037037037037,,,,,
0,Family,Grandchild,60,1_0_0,0.575,0.48936170212766,0.425925925925926,0.524752475247525,0.323943661971831,,,,,
0,Family,Grandchild,60,1_1_1,0.1625,0.218487394957983,0.333333333333333,0.53960396039604,0.122641509433962,,,,,
0,Family,Grandchild,65,0_0_0,0,0,0,0.603960396039604,0,,,,,
0,Family,Grandchild,65,0_0_1,0.025,0.0476190476190476,0.5,0.603960396039604,0.024390243902439,,,,,
0,Family,Grandchild,65,0_1_0,0.0375,0.0714285714285714,0.75,0.613861386138614,0.037037037037037,,,,,
0,Family,Grandchild,65,1_0_0,0.575,0.48936170212766,0.425925925925926,0.524752475247525,0.323943661971831,,,,,
0,Family,Grandchild,65,1_1_1,0.1625,0.218487394957983,0.333333333333333,0.53960396039604,0.122641509433962,,,,,
0,Family,Grandchild,70,0_0_0,0,0,0,0.603960396039604,0,,,,,
0,Family,Grandchild,70,0_0_1,0.025,0.0476190476190476,0.5,0.603960396039604,0.024390243902439,,,,,
0,Family,Grandchild,70,0_1_0,0.0375,0.0714285714285714,0.75,0.613861386138614,0.037037037037037,,,,,
0,Family,Grandchild,70,1_0_0,0.575,0.48936170212766,0.425925925925926,0.524752475247525,0.323943661971831,,,,,
0,Family,Grandchild,70,1_1_1,0.1625,0.218487394957983,0.333333333333333,0.53960396039604,0.122641509433962,,,,,
0,Family,Grandchild,75,0_0_0,0,0,0,0.603960396039604,0,,,,,
0,Family,Grandchild,75,0_0_1,0.025,0.0476190476190476,0.5,0.603960396039604,0.024390243902439,,,,,
0,Family,Grandchild,75,0_1_0,0.0375,0.0714285714285714,0.75,0.613861386138614,0.037037037037037,,,,,
0,Family,Grandchild,75,1_0_0,0.575,0.48936170212766,0.425925925925926,0.524752475247525,0.323943661971831,,,,,
0,Family,Grandchild,75,1_1_1,0.1625,0.218487394957983,0.333333333333333,0.53960396039604,0.122641509433962,,,,,
0,Family,Grandchild,80,0_0_0,0,0,0,0.603960396039604,0,,,,,
0,Family,Grandchild,80,0_0_1,0.025,0.0476190476190476,0.5,0.603960396039604,0.024390243902439,,,,,
0,Family,Grandchild,80,0_1_0,0.0375,0.0714285714285714,0.75,0.613861386138614,0.037037037037037,,,,,
0,Family,Grandchild,80,1_0_0,0.575,0.48936170212766,0.425925925925926,0.524752475247525,0.323943661971831,,,,,
0,Family,Grandchild,80,1_1_1,0.1625,0.218487394957983,0.333333333333333,0.53960396039604,0.122641509433962,,,,,
0,Family,Granddaughter,0,0_0_0,0,0,0,0.816831683168317,0,,,,,
0,Family,Granddaughter,0,0_0_1,1,0.725490196078431,0.569230769230769,0.861386138613861,0.569230769230769,,,,,
0,Family,Granddaughter,0,0_1_0,1,0.762886597938144,0.616666666666667,0.886138613861386,0.616666666666667,,,,,
0,Family,Granddaughter,0,1_0_0,1,0.314893617021277,0.186868686868687,0.202970297029703,0.186868686868687,,,,,
0,Family,Granddaughter,0,1_1_1,0,0,0,0.386138613861386,0,,,,,
0,Family,Granddaughter,5,0_0_0,0,0,0,0.816831683168317,0,0,0,0,0,0
0,Family,Granddaughter,5,0_0_1,1,0.74,0.587301587301587,0.871287128712871,0.587301587301587,1,1,1,1,1
0,Family,Granddaughter,5,0_1_0,1,0.813186813186813,0.685185185185185,0.915841584158416,0.685185185185185,1,1,1,1,1
0,Family,Granddaughter,5,1_0_0,1,0.314893617021277,0.186868686868687,0.202970297029703,0.186868686868687,1,1,1,1,1
0,Family,Granddaughter,5,1_1_1,0,0,0,0.400990099009901,0,0,0,0,0,0
0,Family,Granddaughter,10,0_0_0,0,0,0,0.816831683168317,0,0,0,0,0,0
0,Family,Granddaughter,10,0_0_1,1,0.747474747474748,0.596774193548387,0.876237623762376,0.596774193548387,1,1,1,1,1
0,Family,Granddaughter,10,0_1_0,1,0.795698924731183,0.660714285714286,0.905940594059406,0.660714285714286,1,1,1,1,1
0,Family,Granddaughter,10,1_0_0,1,0.316239316239316,0.187817258883249,0.207920792079208,0.187817258883249,1,1,1,1,1
0,Family,Granddaughter,10,1_1_1,0,0,0,0.405940594059406,0,0,0,0,0,0
0,Family,Granddaughter,15,0_0_0,0,0,0,0.816831683168317,0,0,0,0,0,0
0,Family,Granddaughter,15,0_0_1,1,0.755102040816326,0.60655737704918,0.881188118811881,0.60655737704918,1,1,1,1,1
0,Family,Granddaughter,15,0_1_0,1,0.804347826086956,0.672727272727273,0.910891089108911,0.672727272727273,1,1,1,1,1
0,Family,Granddaughter,15,1_0_0,1,0.317596566523605,0.188775510204082,0.212871287128713,0.188775510204082,1,1,1,1,1
0,Family,Granddaughter,15,1_1_1,0,0,0,0.391089108910891,0,0,0,0,0,0
0,Family,Granddaughter,20,0_0_0,0.162162162162162,0.27906976744186,1,0.846534653465347,0.162162162162162,0,0,0,0,0
0,Family,Granddaughter,20,0_0_1,1,0.660714285714286,0.493333333333333,0.811881188118812,0.493333333333333,1,1,1,1,1
0,Family,Granddaughter,20,0_1_0,1,0.654867256637168,0.486842105263158,0.806930693069307,0.486842105263158,1,1,1,1,1
0,Family,Granddaughter,20,1_0_0,1,0.327433628318584,0.195767195767196,0.247524752475248,0.195767195767196,1,1,1,1,1
0,Family,Granddaughter,20,1_1_1,0.027027027027027,0.0145985401459854,0.01,0.331683168316832,0.00735294117647059,0.142857142857143,0.25,1,0.142857142857143,0.142857142857143
0,Family,Granddaughter,25,0_0_0,0.108108108108108,0.195121951219512,1,0.836633663366337,0.108108108108108,0,0,0,0,0
0,Family,Granddaughter,25,0_0_1,1,0.643478260869565,0.474358974358974,0.797029702970297,0.474358974358974,1,1,1,1,1
0,Family,Granddaughter,25,0_1_0,1,0.660714285714286,0.493333333333333,0.811881188118812,0.493333333333333,1,1,1,1,1
0,Family,Granddaughter,25,1_0_0,1,0.327433628318584,0.195767195767196,0.247524752475248,0.195767195767196,1,1,1,1,1
0,Family,Granddaughter,25,1_1_1,0.027027027027027,0.0141843971631206,0.00961538461538462,0.311881188118812,0.00714285714285714,0.111111111111111,0.2,1,0.111111111111111,0.111111111111111
0,Family,Granddaughter,30,0_0_0,0.162162162162162,0.27906976744186,1,0.846534653465347,0.162162162162162,0,0,0,0,0
0,Family,Granddaughter,30,0_0_1,0.945945945945946,0.693069306930693,0.546875,0.846534653465347,0.53030303030303,0.818181818181818,0.9,1,0.818181818181818,0.818181818181818
0,Family,Granddaughter,30,0_1_0,0.972972972972973,0.660550458715596,0.5,0.816831683168317,0.493150684931507,0.909090909090909,0.952380952380952,1,0.909090909090909,0.909090909090909
0,Family,Granddaughter,30,1_0_0,1,0.328888888888889,0.196808510638298,0.252475247524752,0.196808510638298,1,1,1,1,1
0,Family,Granddaughter,30,1_1_1,0.027027027027027,0.0137931034482759,0.00925925925925926,0.292079207920792,0.00694444444444444,0.0909090909090909,0.166666666666667,1,0.0909090909090909,0.0909090909090909
0,Family,Granddaughter,35,0_0_0,0.162162162162162,0.27906976744186,1,0.846534653465347,0.162162162162162,0,0,0,0,0
0,Family,Granddaughter,35,0_0_1,0.891891891891892,0.725274725274725,0.611111111111111,0.876237623762376,0.568965517241379,0.666666666666667,0.8,1,0.666666666666667,0.666666666666667
0,Family,Granddaughter,35,0_1_0,0.972972972972973,0.672897196261682,0.514285714285714,0.826732673267327,0.507042253521127,0.916666666666667,0.956521739130435,1,0.916666666666667,0.916666666666667
0,Family,Granddaughter,35,1_0_0,1,0.337899543378995,0.203296703296703,0.282178217821782,0.203296703296703,1,1,1,1,1
0,Family,Granddaughter,35,1_1_1,0,0,0,0.306930693069307,0,0,0,0,0,0
0,Family,Granddaughter,40,0_0_0,0.0540540540540541,0.102564102564103,1,0.826732673267327,0.0540540540540541,0,0,0,0,0
0,Family,Granddaughter,40,0_0_1,0.918918918918919,0.715789473684211,0.586206896551724,0.866336633663366,0.557377049180328,0.785714285714286,0.88,1,0.785714285714286,0.785714285714286
0,Family,Granddaughter,40,0_1_0,0.918918918918919,0.623853211009174,0.472222222222222,0.797029702970297,0.453333333333333,0.785714285714286,0.88,1,0.785714285714286,0.785714285714286
0,Family,Granddaughter,40,1_0_0,1,0.344186046511628,0.207865168539326,0.301980198019802,0.207865168539326,1,1,1,1,1
0,Family,Granddaughter,40,1_1_1,0.027027027027027,0.0140845070422535,0.00952380952380952,0.306930693069307,0.00709219858156028,0.0714285714285714,0.133333333333333,1,0.0714285714285714,0.0714285714285714
0,Family,Granddaughter,45,0_0_0,0.0540540540540541,0.102564102564103,1,0.826732673267327,0.0540540540540541,0,0,0,0,0
0,Family,Granddaughter,45,0_0_1,0.918918918918919,0.701030927835051,0.566666666666667,0.856435643564356,0.53968253968254,0.8125,0.896551724137931,1,0.8125,0.8125
0,Family,Granddaughter,45,0_1_0,0.918918918918919,0.618181818181818,0.465753424657534,0.792079207920792,0.447368421052632,0.8125,0.896551724137931,1,0.8125,0.8125
0,Family,Granddaughter,45,1_0_0,1,0.341013824884793,0.205555555555556,0.292079207920792,0.205555555555556,1,1,1,1,1
0,Family,Granddaughter,45,1_1_1,0,0,0,0.311881188118812,0,0,0,0,0,0
0,Family,Granddaughter,50,0_0_0,0.0810810810810811,0.15,1,0.831683168316832,0.0810810810810811,0,0,0,0,0
0,Family,Granddaughter,50,0_0_1,0.891891891891892,0.776470588235294,0.6875,0.905940594059406,0.634615384615385,0.777777777777778,0.875,1,0.777777777777778,0.777777777777778
0,Family,Granddaughter,50,0_1_0,0.918918918918919,0.723404255319149,0.596491228070175,0.871287128712871,0.566666666666667,0.833333333333333,0.909090909090909,1,0.833333333333333,0.833333333333333
0,Family,Granddaughter,50,1_0_0,1,0.344186046511628,0.207865168539326,0.301980198019802,0.207865168539326,1,1,1,1,1
0,Family,Granddaughter,50,1_1_1,0,0,0,0.311881188118812,0,0,0,0,0,0
0,Family,Granddaughter,55,0_0_0,0.108108108108108,0.195121951219512,1,0.836633663366337,0.108108108108108,0,0,0,0,0
0,Family,Granddaughter,55,0_0_1,0.891891891891892,0.785714285714286,0.702127659574468,0.910891089108911,0.647058823529412,0.8,0.888888888888889,1,0.8,0.8
0,Family,Granddaughter,55,0_1_0,0.864864864864865,0.688172043010753,0.571428571428571,0.856435643564356,0.524590163934426,0.75,0.857142857142857,1,0.75,0.75
0,Family,Granddaughter,55,1_0_0,1,0.344186046511628,0.207865168539326,0.301980198019802,0.207865168539326,1,1,1,1,1
0,Family,Granddaughter,55,1_1_1,0,0,0,0.316831683168317,0,0,0,0,0,0
0,Family,Granddaughter,60,0_0_0,0.0540540540540541,0.102564102564103,1,0.826732673267327,0.0540540540540541,0,0,0,0,0
0,Family,Granddaughter,60,0_0_1,0.837837837837838,0.704545454545455,0.607843137254902,0.871287128712871,0.543859649122807,0.727272727272727,0.842105263157895,1,0.727272727272727,0.727272727272727
0,Family,Granddaughter,60,0_1_0,0.675675675675676,0.675675675675676,0.675675675675676,0.881188118811881,0.510204081632653,0.454545454545455,0.625,1,0.454545454545455,0.454545454545455
0,Family,Granddaughter,60,1_0_0,1,0.345794392523364,0.209039548022599,0.306930693069307,0.209039548022599,1,1,1,1,1
0,Family,Granddaughter,60,1_1_1,0.216216216216216,0.118518518518519,0.0816326530612245,0.410891089108911,0.062992125984252,0.272727272727273,0.428571428571429,1,0.272727272727273,0.272727272727273
0,Family,Granddaughter,65,0_0_0,0.0540540540540541,0.102564102564103,1,0.826732673267327,0.0540540540540541,0,0,0,0,0
0,Family,Granddaughter,65,0_0_1,0.891891891891892,0.725274725274725,0.611111111111111,0.876237623762376,0.568965517241379,0.833333333333333,0.909090909090909,1,0.833333333333333,0.833333333333333
0,Family,Granddaughter,65,0_1_0,0.675675675675676,0.666666666666667,0.657894736842105,0.876237623762376,0.5,0.5,0.666666666666667,1,0.5,0.5
0,Family,Granddaughter,65,1_0_0,1,0.337899543378995,0.203296703296703,0.282178217821782,0.203296703296703,1,1,1,1,1
0,Family,Granddaughter,65,1_1_1,0.297297297297297,0.148648648648649,0.0990990990990991,0.376237623762376,0.0802919708029197,0.375,0.545454545454545,1,0.375,0.375
0,Family,Granddaughter,70,0_0_0,0,0,0,0.816831683168317,0,0,0,0,0,0
0,Family,Granddaughter,70,0_0_1,0.324324324324324,0.489795918367347,1,0.876237623762376,0.324324324324324,0,0,0,0,0
0,Family,Granddaughter,70,0_1_0,0.324324324324324,0.489795918367347,1,0.876237623762376,0.324324324324324,0,0,0,0,0
0,Family,Granddaughter,70,1_0_0,1,0.377551020408163,0.232704402515723,0.396039603960396,0.232704402515723,1,1,1,1,1
0,Family,Granddaughter,70,1_1_1,0.0540540540540541,0.0655737704918033,0.0833333333333333,0.717821782178218,0.0338983050847458,0.08,0.148148148148148,1,0.08,0.08
0,Family,Granddaughter,75,0_0_0,0.027027027027027,0.0526315789473684,1,0.821782178217822,0.027027027027027,0,0,0,0,0
0,Family,Granddaughter,75,0_0_1,0.27027027027027,0.425531914893617,1,0.866336633663366,0.27027027027027,0,0,0,0,0
0,Family,Granddaughter,75,0_1_0,0.297297297297297,0.423076923076923,0.733333333333333,0.851485148514851,0.268292682926829,0.037037037037037,0.0714285714285714,1,0.037037037037037,0.037037037037037
0,Family,Granddaughter,75,1_0_0,1,0.321739130434783,0.191709844559585,0.227722772277228,0.191709844559585,1,1,1,1,1
0,Family,Granddaughter,75,1_1_1,0.297297297297297,0.188034188034188,0.1375,0.52970297029703,0.10377358490566,0.37037037037037,0.540540540540541,1,0.37037037037037,0.37037037037037
0,Family,Granddaughter,80,0_0_0,0.0540540540540541,0.102564102564103,1,0.826732673267327,0.0540540540540541,0,0,0,0,0
0,Family,Granddaughter,80,0_0_1,0.378378378378378,0.466666666666667,0.608695652173913,0.841584158415841,0.304347826086957,0.206896551724138,0.342857142857143,1,0.206896551724138,0.206896551724138
0,Family,Granddaughter,80,0_1_0,0.486486486486487,0.507042253521127,0.529411764705882,0.826732673267327,0.339622641509434,0.344827586206897,0.512820512820513,1,0.344827586206897,0.344827586206897
0,Family,Granddaughter,80,1_0_0,1,0.327433628318584,0.195767195767196,0.247524752475248,0.195767195767196,1,1,1,1,1
0,Family,Granddaughter,80,1_1_1,0.351351351351351,0.232142857142857,0.173333333333333,0.574257425742574,0.131313131313131,0.379310344827586,0.55,1,0.379310344827586,0.379310344827586
0,Family,Grandfather,0,0_0_0,0.0285714285714286,0.0555555555555556,1,0.831683168316832,0.0285714285714286,,,,,
0,Family,Grandfather,0,0_0_1,1,0.843373493975904,0.729166666666667,0.935643564356436,0.729166666666667,,,,,
0,Family,Grandfather,0,0_1_0,1,0.619469026548672,0.448717948717949,0.787128712871287,0.448717948717949,,,,,
0,Family,Grandfather,0,1_0_0,1,0.327102803738318,0.195530726256983,0.287128712871287,0.195530726256983,,,,,
0,Family,Grandfather,0,1_1_1,0.0857142857142857,0.0504201680672269,0.0357142857142857,0.440594059405941,0.0258620689655172,,,,,
0,Family,Grandfather,5,0_0_0,0.0285714285714286,0.0555555555555556,1,0.831683168316832,0.0285714285714286,0,0,0,0,0
0,Family,Grandfather,5,0_0_1,1,0.843373493975904,0.729166666666667,0.935643564356436,0.729166666666667,1,1,1,1,1
0,Family,Grandfather,5,0_1_0,1,0.666666666666667,0.5,0.826732673267327,0.5,1,1,1,1,1
0,Family,Grandfather,5,1_0_0,1,0.338164251207729,0.203488372093023,0.321782178217822,0.203488372093023,1,1,1,1,1
0,Family,Grandfather,5,1_1_1,0.0857142857142857,0.0517241379310345,0.037037037037037,0.455445544554455,0.0265486725663717,0,0,0,0,0
0,Family,Grandfather,10,0_0_0,0.0285714285714286,0.0555555555555556,1,0.831683168316832,0.0285714285714286,0,0,0,0,0
0,Family,Grandfather,10,0_0_1,1,0.786516853932584,0.648148148148148,0.905940594059406,0.648148148148148,1,1,1,1,1
0,Family,Grandfather,10,0_1_0,1,0.534351145038168,0.364583333333333,0.698019801980198,0.364583333333333,1,1,1,1,1
0,Family,Grandfather,10,1_0_0,1,0.31390134529148,0.186170212765957,0.242574257425743,0.186170212765957,1,1,1,1,1
0,Family,Grandfather,10,1_1_1,0.114285714285714,0.0597014925373134,0.0404040404040404,0.376237623762376,0.0307692307692308,0.333333333333333,0.5,1,0.333333333333333,0.333333333333333
0,Family,Grandfather,15,0_0_0,0.0285714285714286,0.0555555555555556,1,0.831683168316832,0.0285714285714286,0,0,0,0,0
0,Family,Grandfather,15,0_0_1,1,0.795454545454545,0.660377358490566,0.910891089108911,0.660377358490566,1,1,1,1,1
0,Family,Grandfather,15,0_1_0,1,0.551181102362205,0.380434782608696,0.717821782178218,0.380434782608696,1,1,1,1,1
0,Family,Grandfather,15,1_0_0,1,0.315315315315315,0.18716577540107,0.247524752475248,0.18716577540107,1,1,1,1,1
0,Family,Grandfather,15,1_1_1,0.0857142857142857,0.0458015267175573,0.03125,0.381188118811881,0.0234375,0.2,0.333333333333333,1,0.2,0.2
0,Family,Grandfather,20,0_0_0,0.0571428571428571,0.108108108108108,1,0.836633663366337,0.0571428571428571,0,0,0,0,0
0,Family,Grandfather,20,0_0_1,0.971428571428571,0.819277108433735,0.708333333333333,0.925742574257426,0.693877551020408,0.857142857142857,0.923076923076923,1,0.857142857142857,0.857142857142857
0,Family,Grandfather,20,0_1_0,1,0.551181102362205,0.380434782608696,0.717821782178218,0.380434782608696,1,1,1,1,1
0,Family,Grandfather,20,1_0_0,1,0.319634703196347,0.190217391304348,0.262376237623762,0.190217391304348,1,1,1,1,1
0,Family,Grandfather,20,1_1_1,0.114285714285714,0.0610687022900763,0.0416666666666667,0.391089108910891,0.031496062992126,0.142857142857143,0.25,1,0.142857142857143,0.142857142857143
0,Family,Grandfather,25,0_0_0,0.0571428571428571,0.108108108108108,1,0.836633663366337,0.0571428571428571,0,0,0,0,0
0,Family,Grandfather,25,0_0_1,0.914285714285714,0.810126582278481,0.727272727272727,0.925742574257426,0.680851063829787,0.625,0.769230769230769,1,0.625,0.625
0,Family,Grandfather,25,0_1_0,0.971428571428571,0.523076923076923,0.357894736842105,0.693069306930693,0.354166666666667,0.875,0.933333333333333,1,0.875,0.875
0,Family,Grandfather,25,1_0_0,1,0.327102803738318,0.195530726256983,0.287128712871287,0.195530726256983,1,1,1,1,1
0,Family,Grandfather,25,1_1_1,0.114285714285714,0.0610687022900763,0.0416666666666667,0.391089108910891,0.031496062992126,0.125,0.222222222222222,1,0.125,0.125
0,Family,Grandfather,30,0_0_0,0.0571428571428571,0.108108108108108,1,0.836633663366337,0.0571428571428571,0,0,0,0,0
0,Family,Grandfather,30,0_0_1,0.8,0.777777777777778,0.756756756756757,0.920792079207921,0.636363636363636,0.3,0.461538461538462,1,0.3,0.3
0,Family,Grandfather,30,0_1_0,0.971428571428571,0.68,0.523076923076923,0.841584158415841,0.515151515151515,0.9,0.947368421052632,1,0.9,0.9
0,Family,Grandfather,30,1_0_0,1,0.325581395348837,0.194444444444444,0.282178217821782,0.194444444444444,1,1,1,1,1
0,Family,Grandfather,30,1_1_1,0.0571428571428571,0.0298507462686567,0.0202020202020202,0.356435643564356,0.0151515151515152,0.1,0.181818181818182,1,0.1,0.1
0,Family,Grandfather,35,0_0_0,0.0571428571428571,0.108108108108108,1,0.836633663366337,0.0571428571428571,0,0,0,0,0
0,Family,Grandfather,35,0_0_1,0.771428571428571,0.76056338028169,0.75,0.915841584158416,0.613636363636364,0.333333333333333,0.5,1,0.333333333333333,0.333333333333333
0,Family,Grandfather,35,0_1_0,0.971428571428571,0.723404255319149,0.576271186440678,0.871287128712871,0.566666666666667,0.916666666666667,0.956521739130435,1,0.916666666666667,0.916666666666667
0,Family,Grandfather,35,1_0_0,1,0.321100917431193,0.191256830601093,0.267326732673267,0.191256830601093,1,1,1,1,1
0,Family,Grandfather,35,1_1_1,0.0285714285714286,0.0153846153846154,0.0105263157894737,0.366336633663366,0.00775193798449612,0,0,0,0,0
0,Family,Grandfather,40,0_0_0,0.0571428571428571,0.108108108108108,1,0.836633663366337,0.0571428571428571,0,0,0,0,0
0,Family,Grandfather,40,0_0_1,0.657142857142857,0.696969696969697,0.741935483870968,0.900990099009901,0.534883720930232,0.142857142857143,0.25,1,0.142857142857143,0.142857142857143
0,Family,Grandfather,40,0_1_0,0.971428571428571,0.673267326732673,0.515151515151515,0.836633663366337,0.507462686567164,0.928571428571429,0.962962962962963,1,0.928571428571429,0.928571428571429
0,Family,Grandfather,40,1_0_0,1,0.33175355450237,0.198863636363636,0.301980198019802,0.198863636363636,1,1,1,1,1
0,Family,Grandfather,40,1_1_1,0.0571428571428571,0.0303030303030303,0.0206185567010309,0.366336633663366,0.0153846153846154,0.0714285714285714,0.133333333333333,1,0.0714285714285714,0.0714285714285714
0,Family,Grandfather,45,0_0_0,0.0285714285714286,0.0555555555555556,1,0.831683168316832,0.0285714285714286,0,0,0,0,0
0,Family,Grandfather,45,0_0_1,0.685714285714286,0.716417910447761,0.75,0.905940594059406,0.558139534883721,0.266666666666667,0.421052631578947,1,0.266666666666667,0.266666666666667
0,Family,Grandfather,45,0_1_0,0.971428571428571,0.686868686868687,0.53125,0.846534653465347,0.523076923076923,0.933333333333333,0.96551724137931,1,0.933333333333333,0.933333333333333
0,Family,Grandfather,45,1_0_0,1,0.33175355450237,0.198863636363636,0.301980198019802,0.198863636363636,1,1,1,1,1
0,Family,Grandfather,45,1_1_1,0.0285714285714286,0.015625,0.010752688172043,0.376237623762376,0.0078740157480315,0.0666666666666667,0.125,1,0.0666666666666667,0.0666666666666667
0,Family,Grandfather,50,0_0_0,0.0285714285714286,0.0555555555555556,1,0.831683168316832,0.0285714285714286,0,0,0,0,0
0,Family,Grandfather,50,0_0_1,0.6,0.67741935483871,0.777777777777778,0.900990099009901,0.51219512195122,0.176470588235294,0.3,1,0.176470588235294,0.176470588235294
0,Family,Grandfather,50,0_1_0,0.942857142857143,0.666666666666667,0.515625,0.836633663366337,0.5,0.882352941176471,0.9375,1,0.882352941176471,0.882352941176471
0,Family,Grandfather,50,1_0_0,1,0.336538461538462,0.202312138728324,0.316831683168317,0.202312138728324,1,1,1,1,1
0,Family,Grandfather,50,1_1_1,0,0,0,0.371287128712871,0,0,0,0,0,0
0,Family,Grandfather,55,0_0_0,0.0285714285714286,0.0555555555555556,1,0.831683168316832,0.0285714285714286,0,0,0,0,0
0,Family,Grandfather,55,0_0_1,0.514285714285714,0.620689655172414,0.782608695652174,0.891089108910891,0.45,0.105263157894737,0.19047619047619,1,0.105263157894737,0.105263157894737
0,Family,Grandfather,55,0_1_0,0.942857142857143,0.694736842105263,0.55,0.856435643564356,0.532258064516129,0.894736842105263,0.944444444444444,1,0.894736842105263,0.894736842105263
0,Family,Grandfather,55,1_0_0,1,0.341463414634146,0.205882352941176,0.331683168316832,0.205882352941176,1,1,1,1,1
0,Family,Grandfather,55,1_1_1,0,0,0,0.405940594059406,0,0,0,0,0,0
0,Family,Grandfather,60,0_0_0,0,0,0,0.826732673267327,0,0,0,0,0,0
0,Family,Grandfather,60,0_0_1,0.714285714285714,0.657894736842105,0.609756097560976,0.871287128712871,0.490196078431373,0.523809523809524,0.6875,1,0.523809523809524,0.523809523809524
0,Family,Grandfather,60,0_1_0,0.914285714285714,0.719101123595506,0.592592592592593,0.876237623762376,0.56140350877193,0.857142857142857,0.923076923076923,1,0.857142857142857,0.857142857142857
0,Family,Grandfather,60,1_0_0,1,0.388888888888889,0.241379310344828,0.455445544554455,0.241379310344828,1,1,1,1,1
0,Family,Grandfather,60,1_1_1,0.514285714285714,0.19672131147541,0.121621621621622,0.272277227722772,0.109090909090909,0.523809523809524,0.6875,1,0.523809523809524,0.523809523809524
0,Family,Grandfather,65,0_0_0,0,0,0,0.826732673267327,0,0,0,0,0,0
0,Family,Grandfather,65,0_0_1,0.714285714285714,0.666666666666667,0.625,0.876237623762376,0.5,0.545454545454545,0.705882352941176,1,0.545454545454545,0.545454545454545
0,Family,Grandfather,65,0_1_0,0.857142857142857,0.681818181818182,0.566037735849057,0.861386138613861,0.517241379310345,0.772727272727273,0.871794871794872,1,0.772727272727273,0.772727272727273
0,Family,Grandfather,65,1_0_0,1,0.378378378378378,0.233333333333333,0.430693069306931,0.233333333333333,1,1,1,1,1
0,Family,Grandfather,65,1_1_1,0.428571428571429,0.168539325842697,0.104895104895105,0.267326732673267,0.0920245398773006,0.454545454545455,0.625,1,0.454545454545455,0.454545454545455
0,Family,Grandfather,70,0_0_0,0,0,0,0.826732673267327,0,0,0,0,0,0
0,Family,Grandfather,70,0_0_1,0.542857142857143,0.567164179104478,0.59375,0.856435643564356,0.395833333333333,0.333333333333333,0.5,1,0.333333333333333,0.333333333333333
0,Family,Grandfather,70,0_1_0,0.742857142857143,0.641975308641975,0.565217391304348,0.856435643564356,0.472727272727273,0.625,0.769230769230769,1,0.625,0.625
0,Family,Grandfather,70,1_0_0,1,0.406976744186047,0.255474452554745,0.495049504950495,0.255474452554745,1,1,1,1,1
0,Family,Grandfather,70,1_1_1,0.457142857142857,0.19047619047619,0.120300751879699,0.326732673267327,0.105263157894737,0.5,0.666666666666667,1,0.5,0.5
0,Family,Grandfather,75,0_0_0,0,0,0,0.826732673267327,0,0,0,0,0,0
0,Family,Grandfather,75,0_0_1,0.628571428571429,0.619718309859155,0.611111111111111,0.866336633663366,0.448979591836735,0.5,0.666666666666667,1,0.5,0.5
0,Family,Grandfather,75,0_1_0,0.771428571428571,0.606741573033708,0.5,0.826732673267327,0.435483870967742,0.692307692307692,0.818181818181818,1,0.692307692307692,0.692307692307692
0,Family,Grandfather,75,1_0_0,1,0.421686746987952,0.267175572519084,0.524752475247525,0.267175572519084,1,1,1,1,1
0,Family,Grandfather,75,1_1_1,0.0571428571428571,0.0449438202247191,0.037037037037037,0.579207920792079,0.0229885057471264,0.0769230769230769,0.142857142857143,1,0.0769230769230769,0.0769230769230769
0,Family,Grandfather,80,0_0_0,0,0,0,0.826732673267327,0,0,0,0,0,0
0,Family,Grandfather,80,0_0_1,0.514285714285714,0.590163934426229,0.692307692307692,0.876237623762376,0.418604651162791,0.392857142857143,0.564102564102564,1,0.392857142857143,0.392857142857143
0,Family,Grandfather,80,0_1_0,0.714285714285714,0.641025641025641,0.581395348837209,0.861386138613861,0.471698113207547,0.642857142857143,0.782608695652174,1,0.642857142857143,0.642857142857143
0,Family,Grandfather,80,1_0_0,0.971428571428571,0.507462686567164,0.343434343434343,0.673267326732673,0.34,0.964285714285714,0.981818181818182,1,0.964285714285714,0.964285714285714
0,Family,Grandfather,80,1_1_1,0.0285714285714286,0.0327868852459016,0.0384615384615385,0.707920792079208,0.0166666666666667,0.0357142857142857,0.0689655172413793,1,0.0357142857142857,0.0357142857142857
0,Family,Grandparent,0,0_0_0,0,0,0,0.653465346534653,0,,,,,
0,Family,Grandparent,0,0_0_1,0.0285714285714286,0.0555555555555556,1,0.663366336633663,0.0285714285714286,,,,,
0,Family,Grandparent,0,0_1_0,0,0,0,0.653465346534653,0,,,,,
0,Family,Grandparent,0,1_0_0,0.414285714285714,0.408450704225352,0.402777777777778,0.584158415841584,0.256637168141593,,,,,
0,Family,Grandparent,0,1_1_1,0.314285714285714,0.382608695652174,0.488888888888889,0.648514851485149,0.236559139784946,,,,,
0,Family,Grandparent,5,0_0_0,0,0,0,0.653465346534653,0,,,,,
0,Family,Grandparent,5,0_0_1,0.0285714285714286,0.0555555555555556,1,0.663366336633663,0.0285714285714286,,,,,
0,Family,Grandparent,5,0_1_0,0,0,0,0.653465346534653,0,,,,,
0,Family,Grandparent,5,1_0_0,0.414285714285714,0.408450704225352,0.402777777777778,0.584158415841584,0.256637168141593,,,,,
0,Family,Grandparent,5,1_1_1,0.314285714285714,0.382608695652174,0.488888888888889,0.648514851485149,0.236559139784946,,,,,
0,Family,Grandparent,10,0_0_0,0,0,0,0.653465346534653,0,,,,,
0,Family,Grandparent,10,0_0_1,0.0285714285714286,0.0555555555555556,1,0.663366336633663,0.0285714285714286,,,,,
0,Family,Grandparent,10,0_1_0,0,0,0,0.653465346534653,0,,,,,
0,Family,Grandparent,10,1_0_0,0.414285714285714,0.408450704225352,0.402777777777778,0.584158415841584,0.256637168141593,,,,,
0,Family,Grandparent,10,1_1_1,0.314285714285714,0.382608695652174,0.488888888888889,0.648514851485149,0.236559139784946,,,,,
0,Family,Grandparent,15,0_0_0,0,0,0,0.653465346534653,0,,,,,
0,Family,Grandparent,15,0_0_1,0.0285714285714286,0.0555555555555556,1,0.663366336633663,0.0285714285714286,,,,,
0,Family,Grandparent,15,0_1_0,0,0,0,0.653465346534653,0,,,,,
0,Family,Grandparent,15,1_0_0,0.414285714285714,0.408450704225352,0.402777777777778,0.584158415841584,0.256637168141593,,,,,
0,Family,Grandparent,15,1_1_1,0.314285714285714,0.382608695652174,0.488888888888889,0.648514851485149,0.236559139784946,,,,,
0,Family,Grandparent,20,0_0_0,0,0,0,0.653465346534653,0,,,,,
0,Family,Grandparent,20,0_0_1,0.0285714285714286,0.0555555555555556,1,0.663366336633663,0.0285714285714286,,,,,
0,Family,Grandparent,20,0_1_0,0,0,0,0.653465346534653,0,,,,,
0,Family,Grandparent,20,1_0_0,0.414285714285714,0.408450704225352,0.402777777777778,0.584158415841584,0.256637168141593,,,,,
0,Family,Grandparent,20,1_1_1,0.314285714285714,0.382608695652174,0.488888888888889,0.648514851485149,0.236559139784946,,,,,
0,Family,Grandparent,25,0_0_0,0,0,0,0.653465346534653,0,,,,,
0,Family,Grandparent,25,0_0_1,0.0285714285714286,0.0555555555555556,1,0.663366336633663,0.0285714285714286,,,,,
0,Family,Grandparent,25,0_1_0,0,0,0,0.653465346534653,0,,,,,
0,Family,Grandparent,25,1_0_0,0.414285714285714,0.408450704225352,0.402777777777778,0.584158415841584,0.256637168141593,,,,,
0,Family,Grandparent,25,1_1_1,0.314285714285714,0.382608695652174,0.488888888888889,0.648514851485149,0.236559139784946,,,,,
0,Family,Grandparent,30,0_0_0,0,0,0,0.653465346534653,0,,,,,
0,Family,Grandparent,30,0_0_1,0.0285714285714286,0.0555555555555556,1,0.663366336633663,0.0285714285714286,,,,,
0,Family,Grandparent,30,0_1_0,0,0,0,0.653465346534653,0,,,,,
0,Family,Grandparent,30,1_0_0,0.414285714285714,0.408450704225352,0.402777777777778,0.584158415841584,0.256637168141593,,,,,
0,Family,Grandparent,30,1_1_1,0.314285714285714,0.382608695652174,0.488888888888889,0.648514851485149,0.236559139784946,,,,,
0,Family,Grandparent,35,0_0_0,0,0,0,0.653465346534653,0,,,,,
0,Family,Grandparent,35,0_0_1,0.0285714285714286,0.0555555555555556,1,0.663366336633663,0.0285714285714286,,,,,
0,Family,Grandparent,35,0_1_0,0,0,0,0.653465346534653,0,,,,,
0,Family,Grandparent,35,1_0_0,0.414285714285714,0.408450704225352,0.402777777777778,0.584158415841584,0.256637168141593,,,,,
0,Family,Grandparent,35,1_1_1,0.314285714285714,0.382608695652174,0.488888888888889,0.648514851485149,0.236559139784946,,,,,
0,Family,Grandparent,40,0_0_0,0,0,0,0.653465346534653,0,,,,,
0,Family,Grandparent,40,0_0_1,0.0285714285714286,0.0555555555555556,1,0.663366336633663,0.0285714285714286,,,,,
0,Family,Grandparent,40,0_1_0,0,0,0,0.653465346534653,0,,,,,
0,Family,Grandparent,40,1_0_0,0.414285714285714,0.408450704225352,0.402777777777778,0.584158415841584,0.256637168141593,,,,,
0,Family,Grandparent,40,1_1_1,0.314285714285714,0.382608695652174,0.488888888888889,0.648514851485149,0.236559139784946,,,,,
0,Family,Grandparent,45,0_0_0,0,0,0,0.653465346534653,0,,,,,
0,Family,Grandparent,45,0_0_1,0.0285714285714286,0.0555555555555556,1,0.663366336633663,0.0285714285714286,,,,,
0,Family,Grandparent,45,0_1_0,0,0,0,0.653465346534653,0,,,,,
0,Family,Grandparent,45,1_0_0,0.414285714285714,0.408450704225352,0.402777777777778,0.584158415841584,0.256637168141593,,,,,
0,Family,Grandparent,45,1_1_1,0.314285714285714,0.382608695652174,0.488888888888889,0.648514851485149,0.236559139784946,,,,,
0,Family,Grandparent,50,0_0_0,0,0,0,0.653465346534653,0,,,,,
0,Family,Grandparent,50,0_0_1,0.0285714285714286,0.0555555555555556,1,0.663366336633663,0.0285714285714286,,,,,
0,Family,Grandparent,50,0_1_0,0,0,0,0.653465346534653,0,,,,,
0,Family,Grandparent,50,1_0_0,0.414285714285714,0.408450704225352,0.402777777777778,0.584158415841584,0.256637168141593,,,,,
0,Family,Grandparent,50,1_1_1,0.314285714285714,0.382608695652174,0.488888888888889,0.648514851485149,0.236559139784946,,,,,
0,Family,Grandparent,55,0_0_0,0,0,0,0.653465346534653,0,,,,,
0,Family,Grandparent,55,0_0_1,0.0285714285714286,0.0555555555555556,1,0.663366336633663,0.0285714285714286,,,,,
0,Family,Grandparent,55,0_1_0,0,0,0,0.653465346534653,0,,,,,
0,Family,Grandparent,55,1_0_0,0.414285714285714,0.408450704225352,0.402777777777778,0.584158415841584,0.256637168141593,,,,,
0,Family,Grandparent,55,1_1_1,0.314285714285714,0.382608695652174,0.488888888888889,0.648514851485149,0.236559139784946,,,,,
0,Family,Grandparent,60,0_0_0,0,0,0,0.653465346534653,0,,,,,
0,Family,Grandparent,60,0_0_1,0.0285714285714286,0.0555555555555556,1,0.663366336633663,0.0285714285714286,,,,,
0,Family,Grandparent,60,0_1_0,0,0,0,0.653465346534653,0,,,,,
0,Family,Grandparent,60,1_0_0,0.414285714285714,0.408450704225352,0.402777777777778,0.584158415841584,0.256637168141593,,,,,
0,Family,Grandparent,60,1_1_1,0.314285714285714,0.382608695652174,0.488888888888889,0.648514851485149,0.236559139784946,,,,,
0,Family,Grandparent,65,0_0_0,0,0,0,0.653465346534653,0,,,,,
0,Family,Grandparent,65,0_0_1,0.0285714285714286,0.0555555555555556,1,0.663366336633663,0.0285714285714286,,,,,
0,Family,Grandparent,65,0_1_0,0,0,0,0.653465346534653,0,,,,,
0,Family,Grandparent,65,1_0_0,0.414285714285714,0.408450704225352,0.402777777777778,0.584158415841584,0.256637168141593,,,,,
0,Family,Grandparent,65,1_1_1,0.314285714285714,0.382608695652174,0.488888888888889,0.648514851485149,0.236559139784946,,,,,
0,Family,Grandparent,70,0_0_0,0,0,0,0.653465346534653,0,,,,,
0,Family,Grandparent,70,0_0_1,0.0285714285714286,0.0555555555555556,1,0.663366336633663,0.0285714285714286,,,,,
0,Family,Grandparent,70,0_1_0,0,0,0,0.653465346534653,0,,,,,
0,Family,Grandparent,70,1_0_0,0.414285714285714,0.408450704225352,0.402777777777778,0.584158415841584,0.256637168141593,,,,,
0,Family,Grandparent,70,1_1_1,0.314285714285714,0.382608695652174,0.488888888888889,0.648514851485149,0.236559139784946,,,,,
0,Family,Grandparent,75,0_0_0,0,0,0,0.653465346534653,0,,,,,
0,Family,Grandparent,75,0_0_1,0.0285714285714286,0.0555555555555556,1,0.663366336633663,0.0285714285714286,,,,,
0,Family,Grandparent,75,0_1_0,0,0,0,0.653465346534653,0,,,,,
0,Family,Grandparent,75,1_0_0,0.414285714285714,0.408450704225352,0.402777777777778,0.584158415841584,0.256637168141593,,,,,
0,Family,Grandparent,75,1_1_1,0.314285714285714,0.382608695652174,0.488888888888889,0.648514851485149,0.236559139784946,,,,,
0,Family,Grandparent,80,0_0_0,0,0,0,0.653465346534653,0,,,,,
0,Family,Grandparent,80,0_0_1,0.0285714285714286,0.0555555555555556,1,0.663366336633663,0.0285714285714286,,,,,
0,Family,Grandparent,80,0_1_0,0,0,0,0.653465346534653,0,,,,,
0,Family,Grandparent,80,1_0_0,0.414285714285714,0.408450704225352,0.402777777777778,0.584158415841584,0.256637168141593,,,,,
0,Family,Grandparent,80,1_1_1,0.314285714285714,0.382608695652174,0.488888888888889,0.648514851485149,0.236559139784946,,,,,
0,Family,Grandmother,0,0_0_0,0.0285714285714286,0.0555555555555556,1,0.831683168316832,0.0285714285714286,,,,,
0,Family,Grandmother,0,0_0_1,1,0.804597701149425,0.673076923076923,0.915841584158416,0.673076923076923,,,,,
0,Family,Grandmother,0,0_1_0,1,0.777777777777778,0.636363636363636,0.900990099009901,0.636363636363636,,,,,
0,Family,Grandmother,0,1_0_0,1,0.378378378378378,0.233333333333333,0.430693069306931,0.233333333333333,,,,,
0,Family,Grandmother,0,1_1_1,0.4,0.23728813559322,0.168674698795181,0.554455445544555,0.134615384615385,,,,,
0,Family,Grandmother,5,0_0_0,0.0571428571428571,0.108108108108108,1,0.836633663366337,0.0571428571428571,0,0,0,0,0
0,Family,Grandmother,5,0_0_1,0.971428571428571,0.819277108433735,0.708333333333333,0.925742574257426,0.693877551020408,0,0,0,0,0
0,Family,Grandmother,5,0_1_0,1,0.769230769230769,0.625,0.896039603960396,0.625,1,1,1,1,1
0,Family,Grandmother,5,1_0_0,1,0.386740331491713,0.23972602739726,0.45049504950495,0.23972602739726,1,1,1,1,1
0,Family,Grandmother,5,1_1_1,0.428571428571429,0.265486725663717,0.192307692307692,0.589108910891089,0.153061224489796,0,0,0,0,0
0,Family,Grandmother,10,0_0_0,0.0571428571428571,0.108108108108108,1,0.836633663366337,0.0571428571428571,0,0,0,0,0
0,Family,Grandmother,10,0_0_1,0.971428571428571,0.80952380952381,0.693877551020408,0.920792079207921,0.68,0.666666666666667,0.8,1,0.666666666666667,0.666666666666667
0,Family,Grandmother,10,0_1_0,1,0.777777777777778,0.636363636363636,0.900990099009901,0.636363636363636,1,1,1,1,1
0,Family,Grandmother,10,1_0_0,1,0.416666666666667,0.263157894736842,0.514851485148515,0.263157894736842,1,1,1,1,1
0,Family,Grandmother,10,1_1_1,0.371428571428571,0.247619047619048,0.185714285714286,0.608910891089109,0.141304347826087,0,0,0,0,0
0,Family,Grandmother,15,0_0_0,0.0571428571428571,0.108108108108108,1,0.836633663366337,0.0571428571428571,0,0,0,0,0
0,Family,Grandmother,15,0_0_1,0.971428571428571,0.839506172839506,0.739130434782609,0.935643564356436,0.723404255319149,0.8,0.888888888888889,1,0.8,0.8
0,Family,Grandmother,15,0_1_0,1,0.769230769230769,0.625,0.896039603960396,0.625,1,1,1,1,1
0,Family,Grandmother,15,1_0_0,1,0.414201183431953,0.261194029850746,0.50990099009901,0.261194029850746,1,1,1,1,1
0,Family,Grandmother,15,1_1_1,0.371428571428571,0.242990654205607,0.180555555555556,0.599009900990099,0.138297872340426,0.2,0.333333333333333,1,0.2,0.2
0,Family,Grandmother,20,0_0_0,0.0571428571428571,0.108108108108108,1,0.836633663366337,0.0571428571428571,0,0,0,0,0
0,Family,Grandmother,20,0_0_1,0.885714285714286,0.784810126582278,0.704545454545455,0.915841584158416,0.645833333333333,0.428571428571429,0.6,1,0.428571428571429,0.428571428571429
0,Family,Grandmother,20,0_1_0,0.971428571428571,0.755555555555556,0.618181818181818,0.891089108910891,0.607142857142857,0.857142857142857,0.923076923076923,1,0.857142857142857,0.857142857142857
0,Family,Grandmother,20,1_0_0,1,0.463576158940397,0.301724137931034,0.599009900990099,0.301724137931034,1,1,1,1,1
0,Family,Grandmother,20,1_1_1,0.428571428571429,0.232558139534884,0.159574468085106,0.50990099009901,0.131578947368421,0.571428571428571,0.727272727272727,1,0.571428571428571,0.571428571428571
0,Family,Grandmother,25,0_0_0,0.0571428571428571,0.108108108108108,1,0.836633663366337,0.0571428571428571,0,0,0,0,0
0,Family,Grandmother,25,0_0_1,0.885714285714286,0.784810126582278,0.704545454545455,0.915841584158416,0.645833333333333,0.5,0.666666666666667,1,0.5,0.5
0,Family,Grandmother,25,0_1_0,0.942857142857143,0.767441860465116,0.647058823529412,0.900990099009901,0.622641509433962,0.75,0.857142857142857,1,0.75,0.75
0,Family,Grandmother,25,1_0_0,1,0.457516339869281,0.296610169491525,0.589108910891089,0.296610169491525,1,1,1,1,1
0,Family,Grandmother,25,1_1_1,0.428571428571429,0.241935483870968,0.168539325842697,0.534653465346535,0.137614678899083,0.5,0.666666666666667,1,0.5,0.5
0,Family,Grandmother,30,0_0_0,0.0571428571428571,0.108108108108108,1,0.836633663366337,0.0571428571428571,0,0,0,0,0
0,Family,Grandmother,30,0_0_1,0.857142857142857,0.75,0.666666666666667,0.900990099009901,0.6,0.5,0.666666666666667,1,0.5,0.5
0,Family,Grandmother,30,0_1_0,0.971428571428571,0.781609195402299,0.653846153846154,0.905940594059406,0.641509433962264,0.9,0.947368421052632,1,0.9,0.9
0,Family,Grandmother,30,1_0_0,1,0.460526315789474,0.299145299145299,0.594059405940594,0.299145299145299,1,1,1,1,1
0,Family,Grandmother,30,1_1_1,0.485714285714286,0.28099173553719,0.197674418604651,0.569306930693069,0.163461538461538,0.6,0.75,1,0.6,0.6
0,Family,Grandmother,35,0_0_0,0.0285714285714286,0.0555555555555556,1,0.831683168316832,0.0285714285714286,0,0,0,0,0
0,Family,Grandmother,35,0_0_1,0.828571428571429,0.753246753246753,0.69047619047619,0.905940594059406,0.604166666666667,0.5,0.666666666666667,1,0.5,0.5
0,Family,Grandmother,35,0_1_0,0.914285714285714,0.771084337349398,0.666666666666667,0.905940594059406,0.627450980392157,0.75,0.857142857142857,1,0.75,0.75
0,Family,Grandmother,35,1_0_0,1,0.451612903225806,0.291666666666667,0.579207920792079,0.291666666666667,1,1,1,1,1
0,Family,Grandmother,35,1_1_1,0.485714285714286,0.263565891472868,0.180851063829787,0.52970297029703,0.151785714285714,0.583333333333333,0.736842105263158,1,0.583333333333333,0.583333333333333
0,Family,Grandmother,40,0_0_0,0.0571428571428571,0.108108108108108,1,0.836633663366337,0.0571428571428571,0,0,0,0,0
0,Family,Grandmother,40,0_0_1,0.8,0.736842105263158,0.682926829268293,0.900990099009901,0.583333333333333,0.5,0.666666666666667,1,0.5,0.5
0,Family,Grandmother,40,0_1_0,0.914285714285714,0.727272727272727,0.60377358490566,0.881188118811881,0.571428571428571,0.785714285714286,0.88,1,0.785714285714286,0.785714285714286
0,Family,Grandmother,40,1_0_0,0.971428571428571,0.485714285714286,0.323809523809524,0.643564356435644,0.320754716981132,0.928571428571429,0.962962962962963,1,0.928571428571429,0.928571428571429
0,Family,Grandmother,40,1_1_1,0.428571428571429,0.254237288135593,0.180722891566265,0.564356435643564,0.145631067961165,0.428571428571429,0.6,1,0.428571428571429,0.428571428571429
0,Family,Grandmother,45,0_0_0,0.0857142857142857,0.157894736842105,1,0.841584158415841,0.0857142857142857,0,0,0,0,0
0,Family,Grandmother,45,0_0_1,0.714285714285714,0.675675675675676,0.641025641025641,0.881188118811881,0.510204081632653,0.333333333333333,0.5,1,0.333333333333333,0.333333333333333
0,Family,Grandmother,45,0_1_0,0.914285714285714,0.752941176470588,0.64,0.896039603960396,0.60377358490566,0.8,0.888888888888889,1,0.8,0.8
0,Family,Grandmother,45,1_0_0,0.971428571428571,0.489208633093525,0.326923076923077,0.648514851485149,0.323809523809524,0.933333333333333,0.96551724137931,1,0.933333333333333,0.933333333333333
0,Family,Grandmother,45,1_1_1,0.371428571428571,0.25,0.188405797101449,0.613861386138614,0.142857142857143,0.4,0.571428571428571,1,0.4,0.4
0,Family,Grandmother,50,0_0_0,0.0571428571428571,0.108108108108108,1,0.836633663366337,0.0571428571428571,0,0,0,0,0
0,Family,Grandmother,50,0_0_1,0.657142857142857,0.638888888888889,0.621621621621622,0.871287128712871,0.469387755102041,0.294117647058823,0.454545454545455,1,0.294117647058823,0.294117647058823
0,Family,Grandmother,50,0_1_0,0.885714285714286,0.765432098765432,0.673913043478261,0.905940594059406,0.62,0.764705882352941,0.866666666666667,1,0.764705882352941,0.764705882352941
0,Family,Grandmother,50,1_0_0,0.971428571428571,0.515151515151515,0.350515463917526,0.683168316831683,0.346938775510204,0.941176470588235,0.96969696969697,1,0.941176470588235,0.941176470588235
0,Family,Grandmother,50,1_1_1,0.4,0.28,0.215384615384615,0.643564356435644,0.162790697674419,0.411764705882353,0.583333333333333,1,0.411764705882353,0.411764705882353
0,Family,Grandmother,55,0_0_0,0.0571428571428571,0.108108108108108,1,0.836633663366337,0.0571428571428571,0,0,0,0,0
0,Family,Grandmother,55,0_0_1,0.657142857142857,0.647887323943662,0.638888888888889,0.876237623762376,0.479166666666667,0.368421052631579,0.538461538461538,1,0.368421052631579,0.368421052631579
0,Family,Grandmother,55,0_1_0,0.8,0.717948717948718,0.651162790697674,0.891089108910891,0.56,0.631578947368421,0.774193548387097,1,0.631578947368421,0.631578947368421
0,Family,Grandmother,55,1_0_0,0.971428571428571,0.53968253968254,0.373626373626374,0.712871287128713,0.369565217391304,0.947368421052632,0.972972972972973,1,0.947368421052632,0.947368421052632
0,Family,Grandmother,55,1_1_1,0.171428571428571,0.155844155844156,0.142857142857143,0.678217821782178,0.0845070422535211,0.157894736842105,0.272727272727273,1,0.157894736842105,0.157894736842105
0,Family,Grandmother,60,0_0_0,0.0571428571428571,0.108108108108108,1,0.836633663366337,0.0571428571428571,0,0,0,0,0
0,Family,Grandmother,60,0_0_1,0.542857142857143,0.603174603174603,0.678571428571429,0.876237623762376,0.431818181818182,0.238095238095238,0.384615384615385,1,0.238095238095238,0.238095238095238
0,Family,Grandmother,60,0_1_0,0.8,0.708860759493671,0.636363636363636,0.886138613861386,0.549019607843137,0.666666666666667,0.8,1,0.666666666666667,0.666666666666667
0,Family,Grandmother,60,1_0_0,0.942857142857143,0.528,0.366666666666667,0.707920792079208,0.358695652173913,0.904761904761905,0.95,1,0.904761904761905,0.904761904761905
0,Family,Grandmother,60,1_1_1,0,0,0,0.410891089108911,0,0,0,0,0,0
0,Family,Grandmother,65,0_0_0,0.0571428571428571,0.108108108108108,1,0.836633663366337,0.0571428571428571,0,0,0,0,0
0,Family,Grandmother,65,0_0_1,0.542857142857143,0.584615384615385,0.633333333333333,0.866336633663366,0.41304347826087,0.272727272727273,0.428571428571429,1,0.272727272727273,0.272727272727273
0,Family,Grandmother,65,0_1_0,0.771428571428571,0.683544303797468,0.613636363636364,0.876237623762376,0.519230769230769,0.636363636363636,0.777777777777778,1,0.636363636363636,0.636363636363636
0,Family,Grandmother,65,1_0_0,0.942857142857143,0.519685039370079,0.358695652173913,0.698019801980198,0.351063829787234,0.909090909090909,0.952380952380952,1,0.909090909090909,0.909090909090909
0,Family,Grandmother,65,1_1_1,0,0,0,0.381188118811881,0,0,0,0,0,0
0,Family,Grandmother,70,0_0_0,0,0,0,0.826732673267327,0,0,0,0,0,0
0,Family,Grandmother,70,0_0_1,0.428571428571429,0.517241379310345,0.652173913043478,0.861386138613861,0.348837209302326,0.166666666666667,0.285714285714286,1,0.166666666666667,0.166666666666667
0,Family,Grandmother,70,0_1_0,0.571428571428571,0.645161290322581,0.740740740740741,0.891089108910891,0.476190476190476,0.375,0.545454545454545,1,0.375,0.375
0,Family,Grandmother,70,1_0_0,0.942857142857143,0.50381679389313,0.34375,0.678217821782178,0.336734693877551,0.916666666666667,0.956521739130435,1,0.916666666666667,0.916666666666667
0,Family,Grandmother,70,1_1_1,0.0285714285714286,0.0185185185185185,0.0136986301369863,0.475247524752475,0.00934579439252336,0.0416666666666667,0.08,1,0.0416666666666667,0.0416666666666667
0,Family,Grandmother,75,0_0_0,0,0,0,0.826732673267327,0,0,0,0,0,0
0,Family,Grandmother,75,0_0_1,0.342857142857143,0.428571428571429,0.571428571428571,0.841584158415841,0.272727272727273,0.115384615384615,0.206896551724138,1,0.115384615384615,0.115384615384615
0,Family,Grandmother,75,0_1_0,0.542857142857143,0.603174603174603,0.678571428571429,0.876237623762376,0.431818181818182,0.384615384615385,0.555555555555556,1,0.384615384615385,0.384615384615385
0,Family,Grandmother,75,1_0_0,0.942857142857143,0.519685039370079,0.358695652173913,0.698019801980198,0.351063829787234,0.923076923076923,0.96,1,0.923076923076923,0.923076923076923
0,Family,Grandmother,75,1_1_1,0.0285714285714286,0.018018018018018,0.0131578947368421,0.46039603960396,0.00909090909090909,0.0384615384615385,0.0740740740740741,1,0.0384615384615385,0.0384615384615385
0,Family,Grandmother,80,0_0_0,0,0,0,0.826732673267327,0,0,0,0,0,0
0,Family,Grandmother,80,0_0_1,0.257142857142857,0.36734693877551,0.642857142857143,0.846534653465347,0.225,0.0714285714285714,0.133333333333333,1,0.0714285714285714,0.0714285714285714
0,Family,Grandmother,80,0_1_0,0.457142857142857,0.551724137931034,0.695652173913043,0.871287128712871,0.380952380952381,0.321428571428571,0.486486486486487,1,0.321428571428571,0.321428571428571
0,Family,Grandmother,80,1_0_0,0.885714285714286,0.516666666666667,0.364705882352941,0.712871287128713,0.348314606741573,0.857142857142857,0.923076923076923,1,0.857142857142857,0.857142857142857
0,Family,Grandmother,80,1_1_1,0.0285714285714286,0.0202020202020202,0.015625,0.51980198019802,0.0102040816326531,0.0357142857142857,0.0689655172413793,1,0.0357142857142857,0.0357142857142857
0,Family,Grandson,0,0_0_0,0.558139534883721,0.716417910447761,1,0.905940594059406,0.558139534883721,,,,,
0,Family,Grandson,0,0_0_1,1,0.851485148514851,0.741379310344828,0.925742574257426,0.741379310344828,,,,,
0,Family,Grandson,0,0_1_0,1,0.623188405797101,0.452631578947368,0.742574257425743,0.452631578947368,,,,,
0,Family,Grandson,0,1_0_0,1,0.361344537815126,0.22051282051282,0.247524752475248,0.22051282051282,,,,,
0,Family,Grandson,0,1_1_1,0,0,0,0.326732673267327,0,,,,,
0,Family,Grandson,5,0_0_0,0.581395348837209,0.735294117647059,1,0.910891089108911,0.581395348837209,0,0,0,0,0
0,Family,Grandson,5,0_0_1,0.976744186046512,0.831683168316832,0.724137931034483,0.915841584158416,0.711864406779661,0.5,0.666666666666667,1,0.5,0.5
0,Family,Grandson,5,0_1_0,1,0.618705035971223,0.447916666666667,0.737623762376238,0.447916666666667,1,1,1,1,1
0,Family,Grandson,5,1_0_0,1,0.359832635983264,0.219387755102041,0.242574257425743,0.219387755102041,1,1,1,1,1
0,Family,Grandson,5,1_1_1,0,0,0,0.331683168316832,0,0,0,0,0,0
0,Family,Grandson,10,0_0_0,0.581395348837209,0.735294117647059,1,0.910891089108911,0.581395348837209,0,0,0,0,0
0,Family,Grandson,10,0_0_1,0.976744186046512,0.8,0.67741935483871,0.896039603960396,0.666666666666667,0.75,0.857142857142857,1,0.75,0.75
0,Family,Grandson,10,0_1_0,1,0.601398601398601,0.43,0.717821782178218,0.43,1,1,1,1,1
0,Family,Grandson,10,1_0_0,1,0.367521367521368,0.225130890052356,0.267326732673267,0.225130890052356,1,1,1,1,1
0,Family,Grandson,10,1_1_1,0,0,0,0.326732673267327,0,0,0,0,0,0
0,Family,Grandson,15,0_0_0,0.13953488372093,0.244897959183673,1,0.816831683168317,0.13953488372093,0,0,0,0,0
0,Family,Grandson,15,0_0_1,1,0.710743801652893,0.551282051282051,0.826732673267327,0.551282051282051,1,1,1,1,1
0,Family,Grandson,15,0_1_0,1,0.623188405797101,0.452631578947368,0.742574257425743,0.452631578947368,1,1,1,1,1
0,Family,Grandson,15,1_0_0,1,0.351020408163265,0.212871287128713,0.212871287128713,0.212871287128713,1,1,1,1,1
0,Family,Grandson,15,1_1_1,0.0232558139534884,0.0168067226890756,0.0131578947368421,0.420792079207921,0.00847457627118644,0.166666666666667,0.285714285714286,1,0.166666666666667,0.166666666666667
0,Family,Grandson,20,0_0_0,0.13953488372093,0.244897959183673,1,0.816831683168317,0.13953488372093,0,0,0,0,0
0,Family,Grandson,20,0_0_1,1,0.704918032786885,0.544303797468354,0.821782178217822,0.544303797468354,1,1,1,1,1
0,Family,Grandson,20,0_1_0,1,0.651515151515152,0.48314606741573,0.772277227722772,0.48314606741573,1,1,1,1,1
0,Family,Grandson,20,1_0_0,1,0.351020408163265,0.212871287128713,0.212871287128713,0.212871287128713,1,1,1,1,1
0,Family,Grandson,20,1_1_1,0.0232558139534884,0.0165289256198347,0.0128205128205128,0.410891089108911,0.00833333333333333,0.125,0.222222222222222,1,0.125,0.125
0,Family,Grandson,25,0_0_0,0.255813953488372,0.407407407407407,1,0.841584158415841,0.255813953488372,0,0,0,0,0
0,Family,Grandson,25,0_0_1,0.976744186046512,0.705882352941176,0.552631578947368,0.826732673267327,0.545454545454545,0.9,0.947368421052632,1,0.9,0.9
0,Family,Grandson,25,0_1_0,1,0.632352941176471,0.462365591397849,0.752475247524752,0.462365591397849,1,1,1,1,1
0,Family,Grandson,25,1_0_0,1,0.355371900826446,0.21608040201005,0.227722772277228,0.21608040201005,1,1,1,1,1
0,Family,Grandson,25,1_1_1,0.0232558139534884,0.0152671755725191,0.0113636363636364,0.361386138613861,0.00769230769230769,0.1,0.181818181818182,1,0.1,0.1
0,Family,Grandson,30,0_0_0,0.255813953488372,0.407407407407407,1,0.841584158415841,0.255813953488372,0,0,0,0,0
0,Family,Grandson,30,0_0_1,0.953488372093023,0.700854700854701,0.554054054054054,0.826732673267327,0.539473684210526,0.833333333333333,0.909090909090909,1,0.833333333333333,0.833333333333333
0,Family,Grandson,30,0_1_0,1,0.637037037037037,0.467391304347826,0.757425742574257,0.467391304347826,1,1,1,1,1
0,Family,Grandson,30,1_0_0,1,0.356846473029046,0.217171717171717,0.232673267326733,0.217171717171717,1,1,1,1,1
0,Family,Grandson,30,1_1_1,0.0465116279069768,0.0273972602739726,0.0194174757281553,0.297029702970297,0.0138888888888889,0.166666666666667,0.285714285714286,1,0.166666666666667,0.166666666666667
0,Family,Grandson,35,0_0_0,0.162790697674419,0.28,1,0.821782178217822,0.162790697674419,0,0,0,0,0
0,Family,Grandson,35,0_0_1,0.906976744186046,0.702702702702703,0.573529411764706,0.836633663366337,0.541666666666667,0.733333333333333,0.846153846153846,1,0.733333333333333,0.733333333333333
0,Family,Grandson,35,0_1_0,0.976744186046512,0.626865671641791,0.461538461538462,0.752475247524752,0.456521739130435,0.933333333333333,0.96551724137931,1,0.933333333333333,0.933333333333333
0,Family,Grandson,35,1_0_0,1,0.359832635983264,0.219387755102041,0.242574257425743,0.219387755102041,1,1,1,1,1
0,Family,Grandson,35,1_1_1,0.0697674418604651,0.041958041958042,0.03,0.321782178217822,0.0214285714285714,0.2,0.333333333333333,1,0.2,0.2
0,Family,Grandson,40,0_0_0,0.0930232558139535,0.170212765957447,1,0.806930693069307,0.0930232558139535,0,0,0,0,0
0,Family,Grandson,40,0_0_1,0.906976744186046,0.702702702702703,0.573529411764706,0.836633663366337,0.541666666666667,0.764705882352941,0.866666666666667,1,0.764705882352941,0.764705882352941
0,Family,Grandson,40,0_1_0,0.953488372093023,0.616541353383459,0.455555555555556,0.747524752475248,0.445652173913043,0.882352941176471,0.9375,1,0.882352941176471,0.882352941176471
0,Family,Grandson,40,1_0_0,1,0.364406779661017,0.22279792746114,0.257425742574257,0.22279792746114,1,1,1,1,1
0,Family,Grandson,40,1_1_1,0.0697674418604651,0.0465116279069768,0.0348837209302326,0.391089108910891,0.0238095238095238,0.176470588235294,0.3,1,0.176470588235294,0.176470588235294
0,Family,Grandson,45,0_0_0,0.209302325581395,0.346153846153846,1,0.831683168316832,0.209302325581395,0,0,0,0,0
0,Family,Grandson,45,0_0_1,0.813953488372093,0.843373493975904,0.875,0.935643564356436,0.729166666666667,0.578947368421053,0.733333333333333,1,0.578947368421053,0.578947368421053
0,Family,Grandson,45,0_1_0,0.953488372093023,0.773584905660377,0.650793650793651,0.881188118811881,0.630769230769231,0.894736842105263,0.944444444444444,1,0.894736842105263,0.894736842105263
0,Family,Grandson,45,1_0_0,1,0.353909465020576,0.215,0.222772277227723,0.215,1,1,1,1,1
0,Family,Grandson,45,1_1_1,0,0,0,0.391089108910891,0,0,0,0,0,0
0,Family,Grandson,50,0_0_0,0.186046511627907,0.313725490196078,1,0.826732673267327,0.186046511627907,0,0,0,0,0
0,Family,Grandson,50,0_0_1,0.813953488372093,0.833333333333333,0.853658536585366,0.930693069306931,0.714285714285714,0.619047619047619,0.764705882352941,1,0.619047619047619,0.619047619047619
0,Family,Grandson,50,0_1_0,0.953488372093023,0.738738738738739,0.602941176470588,0.856435643564356,0.585714285714286,0.904761904761905,0.95,1,0.904761904761905,0.904761904761905
0,Family,Grandson,50,1_0_0,1,0.356846473029046,0.217171717171717,0.232673267326733,0.217171717171717,1,1,1,1,1
0,Family,Grandson,50,1_1_1,0.0232558139534884,0.0168067226890756,0.0131578947368421,0.420792079207921,0.00847457627118644,0.0476190476190476,0.0909090909090909,1,0.0476190476190476,0.0476190476190476
0,Family,Grandson,55,0_0_0,0.13953488372093,0.244897959183673,1,0.816831683168317,0.13953488372093,0,0,0,0,0
0,Family,Grandson,55,0_0_1,0.72093023255814,0.765432098765432,0.81578947368421,0.905940594059406,0.62,0.478260869565217,0.647058823529412,1,0.478260869565217,0.478260869565217
0,Family,Grandson,55,0_1_0,0.930232558139535,0.720720720720721,0.588235294117647,0.846534653465347,0.563380281690141,0.869565217391304,0.930232558139535,1,0.869565217391304,0.869565217391304
0,Family,Grandson,55,1_0_0,1,0.358333333333333,0.218274111675127,0.237623762376238,0.218274111675127,1,1,1,1,1
0,Family,Grandson,55,1_1_1,0.0232558139534884,0.0165289256198347,0.0128205128205128,0.410891089108911,0.00833333333333333,0.0434782608695652,0.0833333333333333,1,0.0434782608695652,0.0434782608695652
0,Family,Grandson,60,0_0_0,0.116279069767442,0.208333333333333,1,0.811881188118812,0.116279069767442,0,0,0,0,0
0,Family,Grandson,60,0_0_1,0.72093023255814,0.746987951807229,0.775,0.896039603960396,0.596153846153846,0.52,0.68421052631579,1,0.52,0.52
0,Family,Grandson,60,0_1_0,0.86046511627907,0.711538461538462,0.60655737704918,0.851485148514851,0.552238805970149,0.76,0.863636363636364,1,0.76,0.76
0,Family,Grandson,60,1_0_0,1,0.364406779661017,0.22279792746114,0.257425742574257,0.22279792746114,1,1,1,1,1
0,Family,Grandson,60,1_1_1,0.0232558139534884,0.0161290322580645,0.0123456790123457,0.396039603960396,0.00813008130081301,0.04,0.0769230769230769,1,0.04,0.04
0,Family,Grandson,65,0_0_0,0.0930232558139535,0.170212765957447,1,0.806930693069307,0.0930232558139535,0,0,0,0,0
0,Family,Grandson,65,0_0_1,0.674418604651163,0.734177215189873,0.805555555555556,0.896039603960396,0.58,0.481481481481481,0.65,1,0.481481481481481,0.481481481481481
0,Family,Grandson,65,0_1_0,0.883720930232558,0.745098039215686,0.644067796610169,0.871287128712871,0.59375,0.814814814814815,0.897959183673469,1,0.814814814814815,0.814814814814815
0,Family,Grandson,65,1_0_0,1,0.362869198312236,0.221649484536082,0.252475247524752,0.221649484536082,1,1,1,1,1
0,Family,Grandson,65,1_1_1,0.0232558139534884,0.0161290322580645,0.0123456790123457,0.396039603960396,0.00813008130081301,0.037037037037037,0.0714285714285714,1,0.037037037037037,0.037037037037037
0,Family,Grandson,70,0_0_0,0.13953488372093,0.244897959183673,1,0.816831683168317,0.13953488372093,0,0,0,0,0
0,Family,Grandson,70,0_0_1,0.558139534883721,0.648648648648649,0.774193548387097,0.871287128712871,0.48,0.366666666666667,0.536585365853659,1,0.366666666666667,0.366666666666667
0,Family,Grandson,70,0_1_0,0.744186046511628,0.703296703296703,0.666666666666667,0.866336633663366,0.542372881355932,0.633333333333333,0.775510204081633,1,0.633333333333333,0.633333333333333
0,Family,Grandson,70,1_0_0,1,0.367521367521368,0.225130890052356,0.267326732673267,0.225130890052356,1,1,1,1,1
0,Family,Grandson,70,1_1_1,0.0232558139534884,0.0168067226890756,0.0131578947368421,0.420792079207921,0.00847457627118644,0.0333333333333333,0.0645161290322581,1,0.0333333333333333,0.0333333333333333
0,Family,Grandson,75,0_0_0,0.0930232558139535,0.170212765957447,1,0.806930693069307,0.0930232558139535,0,0,0,0,0
0,Family,Grandson,75,0_0_1,0.511627906976744,0.602739726027397,0.733333333333333,0.856435643564356,0.431372549019608,0.34375,0.511627906976744,1,0.34375,0.34375
0,Family,Grandson,75,0_1_0,0.72093023255814,0.696629213483146,0.673913043478261,0.866336633663366,0.53448275862069,0.625,0.769230769230769,1,0.625,0.625
0,Family,Grandson,75,1_0_0,1,0.361344537815126,0.22051282051282,0.247524752475248,0.22051282051282,1,1,1,1,1
0,Family,Grandson,75,1_1_1,0.0232558139534884,0.0185185185185185,0.0153846153846154,0.475247524752475,0.00934579439252336,0.03125,0.0606060606060606,1,0.03125,0.03125
0,Family,Grandson,80,0_0_0,0.116279069767442,0.208333333333333,1,0.811881188118812,0.116279069767442,0,0,0,0,0
0,Family,Grandson,80,0_0_1,0.441860465116279,0.527777777777778,0.655172413793103,0.831683168316832,0.358490566037736,0.294117647058823,0.454545454545455,1,0.294117647058823,0.294117647058823
0,Family,Grandson,80,0_1_0,0.651162790697674,0.658823529411765,0.666666666666667,0.856435643564356,0.491228070175439,0.558823529411765,0.716981132075472,1,0.558823529411765,0.558823529411765
0,Family,Grandson,80,1_0_0,0.976744186046512,0.362068965517241,0.222222222222222,0.267326732673267,0.221052631578947,0.970588235294118,0.985074626865672,1,0.970588235294118,0.970588235294118
0,Family,Grandson,80,1_1_1,0.0232558139534884,0.0173913043478261,0.0138888888888889,0.440594059405941,0.0087719298245614,0.0294117647058823,0.0571428571428571,1,0.0294117647058823,0.0294117647058823
0,Family,Mother,0,0_0_0,0.483333333333333,0.651685393258427,1,0.846534653465347,0.483333333333333,,,,,
0,Family,Mother,0,0_0_1,1,0.821917808219178,0.697674418604651,0.871287128712871,0.697674418604651,,,,,
0,Family,Mother,0,0_1_0,1,0.845070422535211,0.731707317073171,0.891089108910891,0.731707317073171,,,,,
0,Family,Mother,0,1_0_0,1,0.495867768595041,0.32967032967033,0.396039603960396,0.32967032967033,,,,,
0,Family,Mother,0,1_1_1,0.133333333333333,0.168421052631579,0.228571428571429,0.608910891089109,0.0919540229885057,,,,,
0,Family,Mother,5,0_0_0,0.516666666666667,0.681318681318681,1,0.856435643564356,0.516666666666667,0,0,0,0,0
0,Family,Mother,5,0_0_1,1,0.895522388059701,0.810810810810811,0.930693069306931,0.810810810810811,1,1,1,1,1
0,Family,Mother,5,0_1_0,0.983333333333333,0.836879432624114,0.728395061728395,0.886138613861386,0.719512195121951,0.666666666666667,0.8,1,0.666666666666667,0.666666666666667
0,Family,Mother,5,1_0_0,1,0.542986425339366,0.372670807453416,0.5,0.372670807453416,1,1,1,1,1
0,Family,Mother,5,1_1_1,0.216666666666667,0.209677419354839,0.203125,0.514851485148515,0.117117117117117,0.333333333333333,0.5,1,0.333333333333333,0.333333333333333
0,Family,Mother,10,0_0_0,0.416666666666667,0.588235294117647,1,0.826732673267327,0.416666666666667,0,0,0,0,0
0,Family,Mother,10,0_0_1,0.983333333333333,0.867647058823529,0.776315789473684,0.910891089108911,0.766233766233766,0.833333333333333,0.909090909090909,1,0.833333333333333,0.833333333333333
0,Family,Mother,10,0_1_0,0.966666666666667,0.865671641791045,0.783783783783784,0.910891089108911,0.763157894736842,0.666666666666667,0.8,1,0.666666666666667,0.666666666666667
0,Family,Mother,10,1_0_0,1,0.568720379146919,0.397350993377483,0.54950495049505,0.397350993377483,1,1,1,1,1
0,Family,Mother,10,1_1_1,0.166666666666667,0.155038759689922,0.144927536231884,0.46039603960396,0.0840336134453782,0.166666666666667,0.285714285714286,1,0.166666666666667,0.166666666666667
0,Family,Mother,15,0_0_0,0.516666666666667,0.681318681318681,1,0.856435643564356,0.516666666666667,0,0,0,0,0
0,Family,Mother,15,0_0_1,0.966666666666667,0.872180451127819,0.794520547945205,0.915841584158416,0.773333333333333,0.777777777777778,0.875,1,0.777777777777778,0.777777777777778
0,Family,Mother,15,0_1_0,0.95,0.870229007633588,0.802816901408451,0.915841584158416,0.77027027027027,0.666666666666667,0.8,1,0.666666666666667,0.666666666666667
0,Family,Mother,15,1_0_0,1,0.6,0.428571428571429,0.603960396039604,0.428571428571429,1,1,1,1,1
0,Family,Mother,15,1_1_1,0.0666666666666667,0.0615384615384615,0.0571428571428571,0.396039603960396,0.0317460317460317,0,0,0,0,0
0,Family,Mother,20,0_0_0,0.433333333333333,0.604651162790698,1,0.831683168316832,0.433333333333333,0,0,0,0,0
0,Family,Mother,20,0_0_1,0.933333333333333,0.842105263157895,0.767123287671233,0.896039603960396,0.727272727272727,0.666666666666667,0.8,1,0.666666666666667,0.666666666666667
0,Family,Mother,20,0_1_0,0.916666666666667,0.866141732283464,0.82089552238806,0.915841584158416,0.763888888888889,0.583333333333333,0.736842105263158,1,0.583333333333333,0.583333333333333
0,Family,Mother,20,1_0_0,1,0.625,0.454545454545455,0.643564356435644,0.454545454545455,1,1,1,1,1
0,Family,Mother,20,1_1_1,0.1,0.0952380952380952,0.0909090909090909,0.435643564356436,0.05,0.0833333333333333,0.153846153846154,1,0.0833333333333333,0.0833333333333333
0,Family,Mother,25,0_0_0,0.283333333333333,0.441558441558442,1,0.787128712871287,0.283333333333333,0,0,0,0,0
0,Family,Mother,25,0_0_1,0.833333333333333,0.847457627118644,0.862068965517241,0.910891089108911,0.735294117647059,0.333333333333333,0.5,1,0.333333333333333,0.333333333333333
0,Family,Mother,25,0_1_0,0.85,0.836065573770492,0.82258064516129,0.900990099009901,0.71830985915493,0.4,0.571428571428571,1,0.4,0.4
0,Family,Mother,25,1_0_0,1,0.666666666666667,0.5,0.702970297029703,0.5,1,1,1,1,1
0,Family,Mother,25,1_1_1,0.0666666666666667,0.0695652173913043,0.0727272727272727,0.47029702970297,0.036036036036036,0.133333333333333,0.235294117647059,1,0.133333333333333,0.133333333333333
0,Family,Mother,30,0_0_0,0.25,0.4,1,0.777227722772277,0.25,0,0,0,0,0
0,Family,Mother,30,0_0_1,0.816666666666667,0.867256637168142,0.924528301886793,0.925742574257426,0.765625,0.388888888888889,0.56,1,0.388888888888889,0.388888888888889
0,Family,Mother,30,0_1_0,0.9,0.870967741935484,0.84375,0.920792079207921,0.771428571428571,0.666666666666667,0.8,1,0.666666666666667,0.666666666666667
0,Family,Mother,30,1_0_0,1,0.685714285714286,0.521739130434783,0.727722772277228,0.521739130434783,1,1,1,1,1
0,Family,Mother,30,1_1_1,0.05,0.0441176470588235,0.0394736842105263,0.356435643564356,0.0225563909774436,0.111111111111111,0.2,1,0.111111111111111,0.111111111111111
0,Family,Mother,35,0_0_0,0.266666666666667,0.421052631578947,1,0.782178217821782,0.266666666666667,0,0,0,0,0
0,Family,Mother,35,0_0_1,0.816666666666667,0.790322580645161,0.765625,0.871287128712871,0.653333333333333,0.476190476190476,0.645161290322581,1,0.476190476190476,0.476190476190476
0,Family,Mother,35,0_1_0,0.916666666666667,0.763888888888889,0.654761904761905,0.831683168316832,0.617977528089888,0.761904761904762,0.864864864864865,1,0.761904761904762,0.761904761904762
0,Family,Mother,35,1_0_0,1,0.540540540540541,0.37037037037037,0.495049504950495,0.37037037037037,1,1,1,1,1
0,Family,Mother,35,1_1_1,0.383333333333333,0.365079365079365,0.348484848484848,0.603960396039604,0.223300970873786,0,0,0,0,0
0,Family,Mother,40,0_0_0,0,0,0,0.702970297029703,0,0,0,0,0,0
0,Family,Mother,40,0_0_1,0.733333333333333,0.771929824561403,0.814814814814815,0.871287128712871,0.628571428571429,0.333333333333333,0.5,1,0.333333333333333,0.333333333333333
0,Family,Mother,40,0_1_0,0.866666666666667,0.793893129770992,0.732394366197183,0.866336633663366,0.658227848101266,0.666666666666667,0.8,1,0.666666666666667,0.666666666666667
0,Family,Mother,40,1_0_0,1,0.560747663551402,0.38961038961039,0.534653465346535,0.38961038961039,1,1,1,1,1
0,Family,Mother,40,1_1_1,0.366666666666667,0.379310344827586,0.392857142857143,0.643564356435644,0.234042553191489,0,0,0,0,0
0,Family,Mother,45,0_0_0,0,0,0,0.702970297029703,0,0,0,0,0,0
0,Family,Mother,45,0_0_1,0.7,0.763636363636364,0.84,0.871287128712871,0.617647058823529,0.333333333333333,0.5,1,0.333333333333333,0.333333333333333
0,Family,Mother,45,0_1_0,0.833333333333333,0.735294117647059,0.657894736842105,0.821782178217822,0.581395348837209,0.62962962962963,0.772727272727273,1,0.62962962962963,0.62962962962963
0,Family,Mother,45,1_0_0,0.983333333333333,0.564593301435407,0.395973154362416,0.54950495049505,0.393333333333333,0.962962962962963,0.981132075471698,1,0.962962962962963,0.962962962962963
0,Family,Mother,45,1_1_1,0.316666666666667,0.355140186915888,0.404255319148936,0.658415841584158,0.215909090909091,0,0,0,0,0
0,Family,Mother,50,0_0_0,0,0,0,0.702970297029703,0,0,0,0,0,0
0,Family,Mother,50,0_0_1,0.75,0.756302521008403,0.76271186440678,0.856435643564356,0.608108108108108,0.5,0.666666666666667,1,0.5,0.5
0,Family,Mother,50,0_1_0,0.866666666666667,0.675324675324675,0.553191489361702,0.752475247524752,0.509803921568627,0.733333333333333,0.846153846153846,1,0.733333333333333,0.733333333333333
0,Family,Mother,50,1_0_0,1,0.52863436123348,0.359281437125748,0.47029702970297,0.359281437125748,1,1,1,1,1
0,Family,Mother,50,1_1_1,0.55,0.6,0.66,0.782178217821782,0.428571428571429,0.333333333333333,0.5,1,0.333333333333333,0.333333333333333
0,Family,Mother,55,0_0_0,0,0,0,0.702970297029703,0,0,0,0,0,0
0,Family,Mother,55,0_0_1,0.683333333333333,0.700854700854701,0.719298245614035,0.826732673267327,0.539473684210526,0.424242424242424,0.595744680851064,1,0.424242424242424,0.424242424242424
0,Family,Mother,55,0_1_0,0.85,0.662337662337662,0.542553191489362,0.742574257425743,0.495145631067961,0.727272727272727,0.842105263157895,1,0.727272727272727,0.727272727272727
0,Family,Mother,55,1_0_0,1,0.493827160493827,0.327868852459016,0.391089108910891,0.327868852459016,1,1,1,1,1
0,Family,Mother,55,1_1_1,0.516666666666667,0.574074074074074,0.645833333333333,0.772277227722772,0.402597402597403,0.333333333333333,0.5,1,0.333333333333333,0.333333333333333
0,Family,Mother,60,0_0_0,0,0,0,0.702970297029703,0,0,0,0,0,0
0,Family,Mother,60,0_0_1,0.6,0.679245283018868,0.782608695652174,0.831683168316832,0.514285714285714,0.333333333333333,0.5,1,0.333333333333333,0.333333333333333
0,Family,Mother,60,0_1_0,0.766666666666667,0.609271523178808,0.505494505494506,0.707920792079208,0.438095238095238,0.611111111111111,0.758620689655172,1,0.611111111111111,0.611111111111111
0,Family,Mother,60,1_0_0,1,0.508474576271186,0.340909090909091,0.425742574257426,0.340909090909091,1,1,1,1,1
0,Family,Mother,60,1_1_1,0.45,0.551020408163265,0.710526315789474,0.782178217821782,0.380281690140845,0.222222222222222,0.363636363636364,1,0.222222222222222,0.222222222222222
0,Family,Mother,65,0_0_0,0.0333333333333333,0.0645161290322581,1,0.712871287128713,0.0333333333333333,0,0,0,0,0
0,Family,Mother,65,0_0_1,0.666666666666667,0.672268907563025,0.677966101694915,0.806930693069307,0.506329113924051,0.487179487179487,0.655172413793103,1,0.487179487179487,0.487179487179487
0,Family,Mother,65,0_1_0,0.933333333333333,0.777777777777778,0.666666666666667,0.841584158415841,0.636363636363636,0.897435897435897,0.945945945945946,1,0.897435897435897,0.897435897435897
0,Family,Mother,65,1_0_0,1,0.547945205479452,0.377358490566038,0.50990099009901,0.377358490566038,1,1,1,1,1
0,Family,Mother,65,1_1_1,0.366666666666667,0.227979274611399,0.165413533834586,0.262376237623762,0.128654970760234,0.538461538461538,0.7,1,0.538461538461538,0.538461538461538
0,Family,Mother,70,0_0_0,0,0,0,0.702970297029703,0,0,0,0,0,0
0,Family,Mother,70,0_0_1,0.616666666666667,0.649122807017544,0.685185185185185,0.801980198019802,0.480519480519481,0.452380952380952,0.622950819672131,1,0.452380952380952,0.452380952380952
0,Family,Mother,70,0_1_0,0.866666666666667,0.759124087591241,0.675324675324675,0.836633663366337,0.611764705882353,0.80952380952381,0.894736842105263,1,0.80952380952381,0.80952380952381
0,Family,Mother,70,1_0_0,0.983333333333333,0.551401869158878,0.383116883116883,0.524752475247525,0.380645161290323,0.976190476190476,0.987951807228916,1,0.976190476190476,0.976190476190476
0,Family,Mother,70,1_1_1,0.3,0.198895027624309,0.148760330578512,0.282178217821782,0.110429447852761,0.404761904761905,0.576271186440678,1,0.404761904761905,0.404761904761905
0,Family,Mother,75,0_0_0,0,0,0,0.702970297029703,0,0,0,0,0,0
0,Family,Mother,75,0_0_1,0.616666666666667,0.691588785046729,0.787234042553192,0.836633663366337,0.528571428571429,0.488888888888889,0.656716417910448,1,0.488888888888889,0.488888888888889
0,Family,Mother,75,0_1_0,0.716666666666667,0.682539682539683,0.651515151515152,0.801980198019802,0.518072289156626,0.622222222222222,0.767123287671233,1,0.622222222222222,0.622222222222222
0,Family,Mother,75,1_0_0,0.9,0.627906976744186,0.482142857142857,0.683168316831683,0.457627118644068,0.866666666666667,0.928571428571429,1,0.866666666666667,0.866666666666667
0,Family,Mother,75,1_1_1,0.266666666666667,0.246153846153846,0.228571428571429,0.514851485148515,0.140350877192982,0.111111111111111,0.2,1,0.111111111111111,0.111111111111111
0,Family,Mother,80,0_0_0,0,0,0,0.702970297029703,0,0,0,0,0,0
0,Family,Mother,80,0_0_1,0.616666666666667,0.711538461538462,0.840909090909091,0.851485148514851,0.552238805970149,0.520833333333333,0.684931506849315,1,0.520833333333333,0.520833333333333
0,Family,Mother,80,0_1_0,0.733333333333333,0.709677419354839,0.6875,0.821782178217822,0.55,0.666666666666667,0.8,1,0.666666666666667,0.666666666666667
0,Family,Mother,80,1_0_0,0.933333333333333,0.551724137931034,0.391608391608392,0.54950495049505,0.380952380952381,0.916666666666667,0.956521739130435,1,0.916666666666667,0.916666666666667
0,Family,Mother,80,1_1_1,0.233333333333333,0.345679012345679,0.666666666666667,0.737623762376238,0.208955223880597,0.145833333333333,0.254545454545454,1,0.145833333333333,0.145833333333333
0,Family,Sister,0,0_0_0,0.0238095238095238,0.0465116279069768,1,0.797029702970297,0.0238095238095238,,,,,
0,Family,Sister,0,0_0_1,1,0.763636363636364,0.617647058823529,0.871287128712871,0.617647058823529,,,,,
0,Family,Sister,0,0_1_0,1,0.756756756756757,0.608695652173913,0.866336633663366,0.608695652173913,,,,,
0,Family,Sister,0,1_0_0,1,0.348547717842324,0.21105527638191,0.222772277227723,0.21105527638191,,,,,
0,Family,Sister,0,1_1_1,0,0,0,0.311881188118812,0,,,,,
0,Family,Sister,5,0_0_0,0,0,0,0.792079207920792,0,0,0,0,0,0
0,Family,Sister,5,0_0_1,1,0.777777777777778,0.636363636363636,0.881188118811881,0.636363636363636,1,1,1,1,1
0,Family,Sister,5,0_1_0,1,0.75,0.6,0.861386138613861,0.6,1,1,1,1,1
0,Family,Sister,5,1_0_0,1,0.345679012345679,0.208955223880597,0.212871287128713,0.208955223880597,1,1,1,1,1
0,Family,Sister,5,1_1_1,0,0,0,0.311881188118812,0,0,0,0,0,0
0,Family,Sister,10,0_0_0,0.0238095238095238,0.0465116279069768,1,0.797029702970297,0.0238095238095238,0,0,0,0,0
0,Family,Sister,10,0_0_1,1,0.785046728971963,0.646153846153846,0.886138613861386,0.646153846153846,1,1,1,1,1
0,Family,Sister,10,0_1_0,1,0.807692307692308,0.67741935483871,0.900990099009901,0.67741935483871,1,1,1,1,1
0,Family,Sister,10,1_0_0,1,0.35,0.212121212121212,0.227722772277228,0.212121212121212,1,1,1,1,1
0,Family,Sister,10,1_1_1,0,0,0,0.306930693069307,0,0,0,0,0,0
0,Family,Sister,15,0_0_0,0.0238095238095238,0.0465116279069768,1,0.797029702970297,0.0238095238095238,0,0,0,0,0
0,Family,Sister,15,0_0_1,0.952380952380952,0.754716981132076,0.625,0.871287128712871,0.606060606060606,0.666666666666667,0.8,1,0.666666666666667,0.666666666666667
0,Family,Sister,15,0_1_0,1,0.807692307692308,0.67741935483871,0.900990099009901,0.67741935483871,1,1,1,1,1
0,Family,Sister,15,1_0_0,1,0.35,0.212121212121212,0.227722772277228,0.212121212121212,1,1,1,1,1
0,Family,Sister,15,1_1_1,0,0,0,0.301980198019802,0,0,0,0,0,0
0,Family,Sister,20,0_0_0,0.0238095238095238,0.0465116279069768,1,0.797029702970297,0.0238095238095238,0,0,0,0,0
0,Family,Sister,20,0_0_1,1,0.65625,0.488372093023256,0.782178217821782,0.488372093023256,1,1,1,1,1
0,Family,Sister,20,0_1_0,1,0.792452830188679,0.65625,0.891089108910891,0.65625,1,1,1,1,1
0,Family,Sister,20,1_0_0,1,0.348547717842324,0.21105527638191,0.222772277227723,0.21105527638191,1,1,1,1,1
0,Family,Sister,20,1_1_1,0.714285714285714,0.387096774193548,0.265486725663717,0.52970297029703,0.24,0.75,0.857142857142857,1,0.75,0.75
0,Family,Sister,25,0_0_0,0.0238095238095238,0.0465116279069768,1,0.797029702970297,0.0238095238095238,0,0,0,0,0
0,Family,Sister,25,0_0_1,0.976190476190476,0.694915254237288,0.539473684210526,0.821782178217822,0.532467532467532,0.9,0.947368421052632,1,0.9,0.9
0,Family,Sister,25,0_1_0,1,0.884210526315789,0.792452830188679,0.945544554455445,0.792452830188679,1,1,1,1,1
0,Family,Sister,25,1_0_0,1,0.351464435146443,0.213197969543147,0.232673267326733,0.213197969543147,1,1,1,1,1
0,Family,Sister,25,1_1_1,0.928571428571429,0.357798165137615,0.221590909090909,0.306930693069307,0.217877094972067,0.9,0.947368421052632,1,0.9,0.9
0,Family,Sister,30,0_0_0,0,0,0,0.792079207920792,0,0,0,0,0,0
0,Family,Sister,30,0_0_1,0.928571428571429,0.65546218487395,0.506493506493506,0.797029702970297,0.4875,0.75,0.857142857142857,1,0.75,0.75
0,Family,Sister,30,0_1_0,1,0.893617021276596,0.807692307692308,0.95049504950495,0.807692307692308,1,1,1,1,1
0,Family,Sister,30,1_0_0,1,0.348547717842324,0.21105527638191,0.222772277227723,0.21105527638191,1,1,1,1,1
0,Family,Sister,30,1_1_1,0.952380952380952,0.36036036036036,0.222222222222222,0.297029702970297,0.21978021978022,1,1,1,1,1
0,Family,Sister,35,0_0_0,0.0476190476190476,0.0909090909090909,1,0.801980198019802,0.0476190476190476,0,0,0,0,0
0,Family,Sister,35,0_0_1,0.952380952380952,0.666666666666667,0.512820512820513,0.801980198019802,0.5,0.857142857142857,0.923076923076923,1,0.857142857142857,0.857142857142857
0,Family,Sister,35,0_1_0,1,0.717948717948718,0.56,0.836633663366337,0.56,1,1,1,1,1
0,Family,Sister,35,1_0_0,1,0.394366197183099,0.245614035087719,0.361386138613861,0.245614035087719,1,1,1,1,1
0,Family,Sister,35,1_1_1,0.261904761904762,0.1375,0.0932203389830509,0.316831683168317,0.0738255033557047,0.642857142857143,0.782608695652174,1,0.642857142857143,0.642857142857143
0,Family,Sister,40,0_0_0,0.0238095238095238,0.0465116279069768,1,0.797029702970297,0.0238095238095238,0,0,0,0,0
0,Family,Sister,40,0_0_1,0.952380952380952,0.689655172413793,0.540540540540541,0.821782178217822,0.526315789473684,0.875,0.933333333333333,1,0.875,0.875
0,Family,Sister,40,0_1_0,0.976190476190476,0.719298245614035,0.569444444444444,0.841584158415841,0.561643835616438,0.9375,0.967741935483871,1,0.9375,0.9375
0,Family,Sister,40,1_0_0,1,0.4,0.25,0.376237623762376,0.25,1,1,1,1,1
0,Family,Sister,40,1_1_1,0.285714285714286,0.148148148148148,0.1,0.316831683168317,0.08,0.625,0.769230769230769,1,0.625,0.625
0,Family,Sister,45,0_0_0,0.0238095238095238,0.0465116279069768,1,0.797029702970297,0.0238095238095238,0,0,0,0,0
0,Family,Sister,45,0_0_1,0.880952380952381,0.678899082568807,0.552238805970149,0.826732673267327,0.513888888888889,0.722222222222222,0.838709677419355,1,0.722222222222222,0.722222222222222
0,Family,Sister,45,0_1_0,0.928571428571429,0.709090909090909,0.573529411764706,0.841584158415841,0.549295774647887,0.833333333333333,0.909090909090909,1,0.833333333333333,0.833333333333333
0,Family,Sister,45,1_0_0,1,0.392523364485981,0.244186046511628,0.356435643564356,0.244186046511628,1,1,1,1,1
0,Family,Sister,45,1_1_1,0.30952380952381,0.161490683229814,0.109243697478992,0.331683168316832,0.0878378378378378,0.611111111111111,0.758620689655172,1,0.611111111111111,0.611111111111111
0,Family,Sister,50,0_0_0,0.0238095238095238,0.0465116279069768,1,0.797029702970297,0.0238095238095238,0,0,0,0,0
0,Family,Sister,50,0_0_1,0.833333333333333,0.679611650485437,0.573770491803279,0.836633663366337,0.514705882352941,0.666666666666667,0.8,1,0.666666666666667,0.666666666666667
0,Family,Sister,50,0_1_0,0.833333333333333,0.673076923076923,0.564516129032258,0.831683168316832,0.507246376811594,0.666666666666667,0.8,1,0.666666666666667,0.666666666666667
0,Family,Sister,50,1_0_0,1,0.411764705882353,0.259259259259259,0.405940594059406,0.259259259259259,1,1,1,1,1
0,Family,Sister,50,1_1_1,0.30952380952381,0.165605095541401,0.11304347826087,0.351485148514851,0.0902777777777778,0.523809523809524,0.6875,1,0.523809523809524,0.523809523809524
0,Family,Sister,55,0_0_0,0,0,0,0.792079207920792,0,0,0,0,0,0
0,Family,Sister,55,0_0_1,0.833333333333333,0.666666666666667,0.555555555555556,0.826732673267327,0.5,0.695652173913043,0.82051282051282,1,0.695652173913043,0.695652173913043
0,Family,Sister,55,0_1_0,0.785714285714286,0.653465346534653,0.559322033898305,0.826732673267327,0.485294117647059,0.608695652173913,0.756756756756757,1,0.608695652173913,0.608695652173913
0,Family,Sister,55,1_0_0,1,0.411764705882353,0.259259259259259,0.405940594059406,0.259259259259259,1,1,1,1,1
0,Family,Sister,55,1_1_1,0.30952380952381,0.1625,0.110169491525424,0.336633663366337,0.0884353741496599,0.478260869565217,0.647058823529412,1,0.478260869565217,0.478260869565217
0,Family,Sister,60,0_0_0,0,0,0,0.792079207920792,0,0,0,0,0,0
0,Family,Sister,60,0_0_1,0.833333333333333,0.654205607476635,0.538461538461538,0.816831683168317,0.486111111111111,0.72,0.837209302325581,1,0.72,0.72
0,Family,Sister,60,0_1_0,0.761904761904762,0.60952380952381,0.507936507936508,0.797029702970297,0.438356164383562,0.6,0.75,1,0.6,0.6
0,Family,Sister,60,1_0_0,1,0.432989690721649,0.276315789473684,0.455445544554455,0.276315789473684,1,1,1,1,1
0,Family,Sister,60,1_1_1,0.285714285714286,0.155844155844156,0.107142857142857,0.356435643564356,0.0845070422535211,0.44,0.611111111111111,1,0.44,0.44
0,Family,Sister,65,0_0_0,0,0,0,0.792079207920792,0,0,0,0,0,0
0,Family,Sister,65,0_0_1,0.833333333333333,0.654205607476635,0.538461538461538,0.816831683168317,0.486111111111111,0.740740740740741,0.851063829787234,1,0.740740740740741,0.740740740740741
0,Family,Sister,65,0_1_0,0.666666666666667,0.589473684210526,0.528301886792453,0.806930693069307,0.417910447761194,0.481481481481481,0.65,1,0.481481481481481,0.481481481481481
0,Family,Sister,65,1_0_0,1,0.415841584158416,0.2625,0.415841584158416,0.2625,1,1,1,1,1
0,Family,Sister,65,1_1_1,0.261904761904762,0.145695364238411,0.100917431192661,0.361386138613861,0.0785714285714286,0.407407407407407,0.578947368421053,1,0.407407407407407,0.407407407407407
0,Family,Sister,70,0_0_0,0,0,0,0.792079207920792,0,0,0,0,0,0
0,Family,Sister,70,0_0_1,0.80952380952381,0.68,0.586206896551724,0.841584158415841,0.515151515151515,0.724137931034483,0.84,1,0.724137931034483,0.724137931034483
0,Family,Sister,70,0_1_0,0.642857142857143,0.556701030927835,0.490909090909091,0.787128712871287,0.385714285714286,0.482758620689655,0.651162790697674,1,0.482758620689655,0.482758620689655
0,Family,Sister,70,1_0_0,1,0.415841584158416,0.2625,0.415841584158416,0.2625,1,1,1,1,1
0,Family,Sister,70,1_1_1,0.238095238095238,0.132450331125828,0.091743119266055,0.351485148514851,0.0709219858156028,0.344827586206897,0.512820512820513,1,0.344827586206897,0.344827586206897
0,Family,Sister,75,0_0_0,0,0,0,0.792079207920792,0,0,0,0,0,0
0,Family,Sister,75,0_0_1,0.785714285714286,0.640776699029126,0.540983606557377,0.816831683168317,0.471428571428571,0.709677419354839,0.830188679245283,1,0.709677419354839,0.709677419354839
0,Family,Sister,75,0_1_0,0.714285714285714,0.594059405940594,0.508474576271186,0.797029702970297,0.422535211267606,0.612903225806452,0.76,1,0.612903225806452,0.612903225806452
0,Family,Sister,75,1_0_0,1,0.42,0.265822784810127,0.425742574257426,0.265822784810127,1,1,1,1,1
0,Family,Sister,75,1_1_1,0.261904761904762,0.141025641025641,0.0964912280701754,0.336633663366337,0.0758620689655172,0.32258064516129,0.487804878048781,1,0.32258064516129,0.32258064516129
0,Family,Sister,80,0_0_0,0,0,0,0.792079207920792,0,0,0,0,0,0
0,Family,Sister,80,0_0_1,0.785714285714286,0.628571428571429,0.523809523809524,0.806930693069307,0.458333333333333,0.727272727272727,0.842105263157895,1,0.727272727272727,0.727272727272727
0,Family,Sister,80,0_1_0,0.547619047619048,0.469387755102041,0.410714285714286,0.742574257425743,0.306666666666667,0.424242424242424,0.595744680851064,1,0.424242424242424,0.424242424242424
0,Family,Sister,80,1_0_0,1,0.42,0.265822784810127,0.425742574257426,0.265822784810127,1,1,1,1,1
0,Family,Sister,80,1_1_1,0.214285714285714,0.117647058823529,0.0810810810810811,0.331683168316832,0.0625,0.242424242424242,0.390243902439024,1,0.242424242424242,0.242424242424242
0,Family,Son,0,0_0_0,0.230769230769231,0.375,1,0.801980198019802,0.230769230769231,,,,,
0,Family,Son,0,0_0_1,1,0.859504132231405,0.753623188405797,0.915841584158416,0.753623188405797,,,,,
0,Family,Son,0,0_1_0,1,0.611764705882353,0.440677966101695,0.673267326732673,0.440677966101695,,,,,
0,Family,Son,0,1_0_0,1,0.414342629482072,0.261306532663317,0.272277227722772,0.261306532663317,,,,,
0,Family,Son,0,1_1_1,0,0,0,0.321782178217822,0,,,,,
0,Family,Son,5,0_0_0,0.326923076923077,0.492753623188406,1,0.826732673267327,0.326923076923077,0,0,0,0,0
0,Family,Son,5,0_0_1,0.980769230769231,0.871794871794872,0.784615384615385,0.925742574257426,0.772727272727273,0.5,0.666666666666667,1,0.5,0.5
0,Family,Son,5,0_1_0,1,0.68421052631579,0.52,0.762376237623762,0.52,1,1,1,1,1
0,Family,Son,5,1_0_0,1,0.438818565400844,0.281081081081081,0.341584158415842,0.281081081081081,1,1,1,1,1
0,Family,Son,5,1_1_1,0,0,0,0.311881188118812,0,0,0,0,0,0
0,Family,Son,10,0_0_0,0.307692307692308,0.470588235294118,1,0.821782178217822,0.307692307692308,0,0,0,0,0
0,Family,Son,10,0_0_1,0.980769230769231,0.902654867256637,0.836065573770492,0.945544554455445,0.82258064516129,0.8,0.888888888888889,1,0.8,0.8
0,Family,Son,10,0_1_0,1,0.697986577181208,0.536082474226804,0.777227722772277,0.536082474226804,1,1,1,1,1
0,Family,Son,10,1_0_0,1,0.468468468468468,0.305882352941176,0.415841584158416,0.305882352941176,1,1,1,1,1
0,Family,Son,10,1_1_1,0.0384615384615385,0.028169014084507,0.0222222222222222,0.316831683168317,0.0142857142857143,0.2,0.333333333333333,1,0.2,0.2
0,Family,Son,15,0_0_0,0.153846153846154,0.266666666666667,1,0.782178217821782,0.153846153846154,0,0,0,0,0
0,Family,Son,15,0_0_1,0.923076923076923,0.914285714285714,0.905660377358491,0.955445544554455,0.842105263157895,0.428571428571429,0.6,1,0.428571428571429,0.428571428571429
0,Family,Son,15,0_1_0,1,0.638036809815951,0.468468468468468,0.707920792079208,0.468468468468468,1,1,1,1,1
0,Family,Son,15,1_0_0,1,0.412698412698413,0.26,0.267326732673267,0.26,1,1,1,1,1
0,Family,Son,15,1_1_1,0,0,0,0.331683168316832,0,0,0,0,0,0
0,Family,Son,20,0_0_0,0.173076923076923,0.295081967213115,1,0.787128712871287,0.173076923076923,0,0,0,0,0
0,Family,Son,20,0_0_1,0.942307692307692,0.882882882882883,0.830508474576271,0.935643564356436,0.790322580645161,0.7,0.823529411764706,1,0.7,0.7
0,Family,Son,20,0_1_0,0.980769230769231,0.723404255319149,0.573033707865169,0.806930693069307,0.566666666666667,0.9,0.947368421052632,1,0.9,0.9
0,Family,Son,20,1_0_0,1,0.419354838709677,0.26530612244898,0.287128712871287,0.26530612244898,1,1,1,1,1
0,Family,Son,20,1_1_1,0,0,0,0.252475247524752,0,0,0,0,0,0
0,Family,Son,25,0_0_0,0.0961538461538462,0.175438596491228,1,0.767326732673267,0.0961538461538462,0,0,0,0,0
0,Family,Son,25,0_0_1,0.942307692307692,0.890909090909091,0.844827586206896,0.940594059405941,0.80327868852459,0.769230769230769,0.869565217391304,1,0.769230769230769,0.769230769230769
0,Family,Son,25,0_1_0,0.980769230769231,0.71830985915493,0.566666666666667,0.801980198019802,0.56043956043956,0.923076923076923,0.96,1,0.923076923076923,0.923076923076923
0,Family,Son,25,1_0_0,1,0.426229508196721,0.270833333333333,0.306930693069307,0.270833333333333,1,1,1,1,1
0,Family,Son,25,1_1_1,0,0,0,0.262376237623762,0,0,0,0,0,0
0,Family,Son,30,0_0_0,0.0384615384615385,0.0740740740740741,1,0.752475247524752,0.0384615384615385,0,0,0,0,0
0,Family,Son,30,0_0_1,0.826923076923077,0.895833333333333,0.977272727272727,0.95049504950495,0.811320754716981,0.4,0.571428571428571,1,0.4,0.4
0,Family,Son,30,0_1_0,0.923076923076923,0.732824427480916,0.607594936708861,0.826732673267327,0.578313253012048,0.733333333333333,0.846153846153846,1,0.733333333333333,0.733333333333333
0,Family,Son,30,1_0_0,1,0.45021645021645,0.290502793296089,0.371287128712871,0.290502793296089,1,1,1,1,1
0,Family,Son,30,1_1_1,0.634615384615385,0.364640883977901,0.255813953488372,0.430693069306931,0.222972972972973,0.933333333333333,0.96551724137931,1,0.933333333333333,0.933333333333333
0,Family,Son,35,0_0_0,0.134615384615385,0.23728813559322,1,0.777227722772277,0.134615384615385,0,0,0,0,0
0,Family,Son,35,0_0_1,0.884615384615385,0.876190476190476,0.867924528301887,0.935643564356436,0.779661016949153,0.666666666666667,0.8,1,0.666666666666667,0.666666666666667
0,Family,Son,35,0_1_0,0.942307692307692,0.736842105263158,0.604938271604938,0.826732673267327,0.583333333333333,0.833333333333333,0.909090909090909,1,0.833333333333333,0.833333333333333
0,Family,Son,35,1_0_0,1,0.460176991150443,0.298850574712644,0.396039603960396,0.298850574712644,1,1,1,1,1
0,Family,Son,35,1_1_1,0.788461538461538,0.383177570093458,0.253086419753086,0.346534653465346,0.236994219653179,0.888888888888889,0.941176470588235,1,0.888888888888889,0.888888888888889
0,Family,Son,40,0_0_0,0,0,0,0.742574257425743,0,0,0,0,0,0
0,Family,Son,40,0_0_1,0.903846153846154,0.752,0.643835616438356,0.846534653465347,0.602564102564102,0.75,0.857142857142857,1,0.75,0.75
0,Family,Son,40,0_1_0,0.923076923076923,0.732824427480916,0.607594936708861,0.826732673267327,0.578313253012048,0.8,0.888888888888889,1,0.8,0.8
0,Family,Son,40,1_0_0,1,0.444444444444444,0.285714285714286,0.356435643564356,0.285714285714286,1,1,1,1,1
0,Family,Son,40,1_1_1,0.269230769230769,0.35,0.5,0.742574257425743,0.212121212121212,0.15,0.260869565217391,1,0.15,0.15
0,Family,Son,45,0_0_0,0,0,0,0.742574257425743,0,0,0,0,0,0
0,Family,Son,45,0_0_1,0.865384615384615,0.76271186440678,0.681818181818182,0.861386138613861,0.616438356164384,0.695652173913043,0.82051282051282,1,0.695652173913043,0.695652173913043
0,Family,Son,45,0_1_0,0.884615384615385,0.724409448818898,0.613333333333333,0.826732673267327,0.567901234567901,0.739130434782609,0.85,1,0.739130434782609,0.739130434782609
0,Family,Son,45,1_0_0,1,0.442553191489362,0.284153005464481,0.351485148514851,0.284153005464481,1,1,1,1,1
0,Family,Son,45,1_1_1,0.326923076923077,0.414634146341463,0.566666666666667,0.762376237623762,0.261538461538462,0.304347826086957,0.466666666666667,1,0.304347826086957,0.304347826086957
0,Family,Son,50,0_0_0,0,0,0,0.742574257425743,0,0,0,0,0,0
0,Family,Son,50,0_0_1,0.807692307692308,0.743362831858407,0.688524590163934,0.856435643564356,0.591549295774648,0.615384615384615,0.761904761904762,1,0.615384615384615,0.615384615384615
0,Family,Son,50,0_1_0,0.865384615384615,0.743801652892562,0.652173913043478,0.846534653465347,0.592105263157895,0.730769230769231,0.844444444444444,1,0.730769230769231,0.730769230769231
0,Family,Son,50,1_0_0,1,0.438818565400844,0.281081081081081,0.341584158415842,0.281081081081081,1,1,1,1,1
0,Family,Son,50,1_1_1,0.288461538461538,0.37037037037037,0.517241379310345,0.747524752475248,0.227272727272727,0.269230769230769,0.424242424242424,1,0.269230769230769,0.269230769230769
0,Family,Son,55,0_0_0,0,0,0,0.742574257425743,0,0,0,0,0,0
0,Family,Son,55,0_0_1,0.769230769230769,0.727272727272727,0.689655172413793,0.851485148514851,0.571428571428571,0.571428571428571,0.727272727272727,1,0.571428571428571,0.571428571428571
0,Family,Son,55,0_1_0,0.826923076923077,0.754385964912281,0.693548387096774,0.861386138613861,0.605633802816901,0.678571428571429,0.808510638297872,1,0.678571428571429,0.678571428571429
0,Family,Son,55,1_0_0,1,0.462222222222222,0.300578034682081,0.400990099009901,0.300578034682081,1,1,1,1,1
0,Family,Son,55,1_1_1,0.25,0.346666666666667,0.565217391304348,0.757425742574257,0.209677419354839,0.178571428571429,0.303030303030303,1,0.178571428571429,0.178571428571429
0,Family,Son,60,0_0_0,0,0,0,0.742574257425743,0,0,0,0,0,0
0,Family,Son,60,0_0_1,0.615384615384615,0.587155963302752,0.56140350877193,0.777227722772277,0.415584415584416,0.354838709677419,0.523809523809524,1,0.354838709677419,0.354838709677419
0,Family,Son,60,0_1_0,0.826923076923077,0.666666666666667,0.558441558441558,0.787128712871287,0.5,0.709677419354839,0.830188679245283,1,0.709677419354839,0.709677419354839
0,Family,Son,60,1_0_0,1,0.460176991150443,0.298850574712644,0.396039603960396,0.298850574712644,1,1,1,1,1
0,Family,Son,60,1_1_1,0.346153846153846,0.342857142857143,0.339622641509434,0.658415841584158,0.206896551724138,0.193548387096774,0.324324324324324,1,0.193548387096774,0.193548387096774
0,Family,Son,65,0_0_0,0,0,0,0.742574257425743,0,0,0,0,0,0
0,Family,Son,65,0_0_1,0.75,0.634146341463415,0.549295774647887,0.777227722772277,0.464285714285714,0.606060606060606,0.754716981132076,1,0.606060606060606,0.606060606060606
0,Family,Son,65,0_1_0,0.788461538461538,0.635658914728682,0.532467532467532,0.767326732673267,0.465909090909091,0.666666666666667,0.8,1,0.666666666666667,0.666666666666667
0,Family,Son,65,1_0_0,1,0.470588235294118,0.307692307692308,0.420792079207921,0.307692307692308,1,1,1,1,1
0,Family,Son,65,1_1_1,0.0576923076923077,0.0495867768595041,0.0434782608695652,0.430693069306931,0.0254237288135593,0.0909090909090909,0.166666666666667,1,0.0909090909090909,0.0909090909090909
0,Family,Son,70,0_0_0,0.0384615384615385,0.0740740740740741,1,0.752475247524752,0.0384615384615385,0,0,0,0,0
0,Family,Son,70,0_0_1,0.519230769230769,0.635294117647059,0.818181818181818,0.846534653465347,0.46551724137931,0.305555555555556,0.468085106382979,1,0.305555555555556,0.305555555555556
0,Family,Son,70,0_1_0,0.826923076923077,0.761061946902655,0.704918032786885,0.866336633663366,0.614285714285714,0.75,0.857142857142857,1,0.75,0.75
0,Family,Son,70,1_0_0,1,0.470588235294118,0.307692307692308,0.420792079207921,0.307692307692308,1,1,1,1,1
0,Family,Son,70,1_1_1,0.730769230769231,0.452380952380952,0.327586206896552,0.544554455445545,0.292307692307692,0.638888888888889,0.779661016949153,1,0.638888888888889,0.638888888888889
0,Family,Son,75,0_0_0,0.0384615384615385,0.0740740740740741,1,0.752475247524752,0.0384615384615385,0,0,0,0,0
0,Family,Son,75,0_0_1,0.461538461538462,0.585365853658537,0.8,0.831683168316832,0.413793103448276,0.282051282051282,0.44,1,0.282051282051282,0.282051282051282
0,Family,Son,75,0_1_0,0.711538461538462,0.685185185185185,0.660714285714286,0.831683168316832,0.52112676056338,0.615384615384615,0.761904761904762,1,0.615384615384615,0.615384615384615
0,Family,Son,75,1_0_0,1,0.466367713004484,0.304093567251462,0.410891089108911,0.304093567251462,1,1,1,1,1
0,Family,Son,75,1_1_1,0.692307692307692,0.441717791411043,0.324324324324324,0.54950495049505,0.283464566929134,0.58974358974359,0.741935483870968,1,0.58974358974359,0.58974358974359
0,Family,Son,80,0_0_0,0.0192307692307692,0.0377358490566038,1,0.747524752475248,0.0192307692307692,0,0,0,0,0
0,Family,Son,80,0_0_1,0.230769230769231,0.369230769230769,0.923076923076923,0.797029702970297,0.226415094339623,0.024390243902439,0.0476190476190476,1,0.024390243902439,0.024390243902439
0,Family,Son,80,0_1_0,0.461538461538462,0.631578947368421,1,0.861386138613861,0.461538461538462,0.317073170731707,0.481481481481481,1,0.317073170731707,0.317073170731707
0,Family,Son,80,1_0_0,0.980769230769231,0.579545454545455,0.411290322580645,0.633663366336634,0.408,0.975609756097561,0.987654320987654,1,0.975609756097561,0.975609756097561
0,Family,Son,80,1_1_1,0,0,0,0.262376237623762,0,0,0,0,0,0
