run,dataset,class_name,removal,pqr,all_data_recall,all_data_f1,all_data_precision,all_data_accuracy,all_data_jaccard,removed_data_recall,removed_data_f1,removed_data_precision,removed_data_accuracy,removed_data_jaccard
0,Family,Brother,0,0_0_0,0.1,0.18181818181818182,1.0,0.8663366336633663,0.1,,,,,
0,Family,Brother,0,0_0_1,1.0,0.8695652173913043,0.7692307692307693,0.9554455445544554,0.7692307692307693,,,,,
0,Family,Brother,0,0_1_0,1.0,0.5769230769230769,0.40540540540540543,0.7821782178217822,0.40540540540540543,,,,,
0,Family,Brother,0,1_0_0,1.0,0.30612244897959184,0.18072289156626506,0.32673267326732675,0.18072289156626506,,,,,
0,Family,Brother,0,1_1_1,0.4,0.15286624203821655,0.09448818897637795,0.3415841584158416,0.08275862068965517,,,,,
0,Family,Brother,5,0_0_0,0.1,0.18181818181818182,1.0,0.8663366336633663,0.1,0.0,0.0,0.0,0.0,0.0
0,Family,Brother,5,0_0_1,0.9666666666666667,0.8656716417910447,0.7837837837837838,0.9554455445544554,0.7631578947368421,0.0,0.0,0.0,0.0,0.0
0,Family,Brother,5,0_1_0,1.0,0.5825242718446602,0.410958904109589,0.7871287128712872,0.410958904109589,1.0,1.0,1.0,1.0,1.0
0,Family,Brother,5,1_0_0,1.0,0.3,0.17647058823529413,0.3069306930693069,0.17647058823529413,1.0,1.0,1.0,1.0,1.0
0,Family,Brother,5,1_1_1,0.5,0.1910828025477707,0.11811023622047244,0.3712871287128713,0.1056338028169014,1.0,1.0,1.0,1.0,1.0
0,Family,Brother,10,0_0_0,0.1,0.18181818181818182,1.0,0.8663366336633663,0.1,0.0,0.0,0.0,0.0,0.0
0,Family,Brother,10,0_0_1,0.9,0.9,0.9,0.9702970297029703,0.8181818181818182,0.0,0.0,0.0,0.0,0.0
0,Family,Brother,10,0_1_0,1.0,0.6122448979591837,0.4411764705882353,0.8118811881188119,0.4411764705882353,1.0,1.0,1.0,1.0,1.0
0,Family,Brother,10,1_0_0,1.0,0.30303030303030304,0.17857142857142858,0.31683168316831684,0.17857142857142858,1.0,1.0,1.0,1.0,1.0
0,Family,Brother,10,1_1_1,0.4666666666666667,0.18181818181818182,0.11290322580645161,0.37623762376237624,0.1,0.6666666666666666,0.8,1.0,0.6666666666666666,0.6666666666666666
0,Family,Brother,15,0_0_0,0.1,0.18181818181818182,1.0,0.8663366336633663,0.1,0.0,0.0,0.0,0.0,0.0
0,Family,Brother,15,0_0_1,0.8666666666666667,0.8524590163934426,0.8387096774193549,0.9554455445544554,0.7428571428571429,0.0,0.0,0.0,0.0,0.0
0,Family,Brother,15,0_1_0,1.0,0.594059405940594,0.4225352112676056,0.7970297029702971,0.4225352112676056,1.0,1.0,1.0,1.0,1.0
0,Family,Brother,15,1_0_0,1.0,0.30612244897959184,0.18072289156626506,0.32673267326732675,0.18072289156626506,1.0,1.0,1.0,1.0,1.0
0,Family,Brother,15,1_1_1,0.43333333333333335,0.16883116883116883,0.10483870967741936,0.36633663366336633,0.09219858156028368,0.75,0.8571428571428571,1.0,0.75,0.75
0,Family,Brother,20,0_0_0,0.0,0.0,0.0,0.8514851485148515,0.0,0.0,0.0,0.0,0.0,0.0
0,Family,Brother,20,0_0_1,0.8333333333333334,0.847457627118644,0.8620689655172413,0.9554455445544554,0.7352941176470589,0.16666666666666666,0.2857142857142857,1.0,0.16666666666666666,0.16666666666666666
0,Family,Brother,20,0_1_0,1.0,0.5454545454545454,0.375,0.7524752475247525,0.375,1.0,1.0,1.0,1.0,1.0
0,Family,Brother,20,1_0_0,1.0,0.30456852791878175,0.17964071856287425,0.3217821782178218,0.17964071856287425,1.0,1.0,1.0,1.0,1.0
0,Family,Brother,20,1_1_1,0.13333333333333333,0.06060606060606061,0.0392156862745098,0.38613861386138615,0.03125,0.5,0.6666666666666666,1.0,0.5,0.5
0,Family,Brother,25,0_0_0,0.0,0.0,0.0,0.8514851485148515,0.0,0.0,0.0,0.0,0.0,0.0
0,Family,Brother,25,0_0_1,0.8,0.8571428571428571,0.9230769230769231,0.9603960396039604,0.75,0.14285714285714285,0.25,1.0,0.14285714285714285,0.14285714285714285
0,Family,Brother,25,0_1_0,1.0,0.5769230769230769,0.40540540540540543,0.7821782178217822,0.40540540540540543,1.0,1.0,1.0,1.0,1.0
0,Family,Brother,25,1_0_0,1.0,0.3125,0.18518518518518517,0.3465346534653465,0.18518518518518517,1.0,1.0,1.0,1.0,1.0
0,Family,Brother,25,1_1_1,0.16666666666666666,0.072992700729927,0.04672897196261682,0.3712871287128713,0.03787878787878788,0.42857142857142855,0.6,1.0,0.42857142857142855,0.42857142857142855
0,Family,Brother,30,0_0_0,0.0,0.0,0.0,0.8514851485148515,0.0,0.0,0.0,0.0,0.0,0.0
0,Family,Brother,30,0_0_1,0.7333333333333333,0.8148148148148148,0.9166666666666666,0.9504950495049505,0.6875,0.1111111111111111,0.2,1.0,0.1111111111111111,0.1111111111111111
0,Family,Brother,30,0_1_0,0.9666666666666667,0.6236559139784946,0.4603174603174603,0.8267326732673267,0.453125,0.8888888888888888,0.9411764705882353,1.0,0.8888888888888888,0.8888888888888888
0,Family,Brother,30,1_0_0,1.0,0.30927835051546393,0.18292682926829268,0.33663366336633666,0.18292682926829268,1.0,1.0,1.0,1.0,1.0
0,Family,Brother,30,1_1_1,0.23333333333333334,0.10606060606060606,0.06862745098039216,0.4158415841584158,0.056,0.5555555555555556,0.7142857142857143,1.0,0.5555555555555556,0.5555555555555556
0,Family,Brother,35,0_0_0,0.0,0.0,0.0,0.8514851485148515,0.0,0.0,0.0,0.0,0.0,0.0
0,Family,Brother,35,0_0_1,0.6666666666666666,0.7692307692307693,0.9090909090909091,0.9405940594059405,0.625,0.0,0.0,0.0,0.0,0.0
0,Family,Brother,35,0_1_0,1.0,0.631578947368421,0.46153846153846156,0.8267326732673267,0.46153846153846156,1.0,1.0,1.0,1.0,1.0
0,Family,Brother,35,1_0_0,1.0,0.3157894736842105,0.1875,0.3564356435643564,0.1875,1.0,1.0,1.0,1.0,1.0
0,Family,Brother,35,1_1_1,0.23333333333333334,0.10218978102189781,0.06542056074766354,0.3910891089108911,0.05384615384615385,0.5,0.6666666666666666,1.0,0.5,0.5
0,Family,Brother,40,0_0_0,0.2,0.3333333333333333,1.0,0.8811881188118812,0.2,0.0,0.0,0.0,0.0,0.0
0,Family,Brother,40,0_0_1,0.7333333333333333,0.5945945945945946,0.5,0.8514851485148515,0.4230769230769231,0.3333333333333333,0.5,1.0,0.3333333333333333,0.3333333333333333
0,Family,Brother,40,0_1_0,0.8666666666666667,0.5714285714285714,0.4262295081967213,0.806930693069307,0.4,0.6666666666666666,0.8,1.0,0.6666666666666666,0.6666666666666666
0,Family,Brother,40,1_0_0,1.0,0.28708133971291866,0.16759776536312848,0.2623762376237624,0.16759776536312848,1.0,1.0,1.0,1.0,1.0
0,Family,Brother,40,1_1_1,0.7,0.21649484536082475,0.12804878048780488,0.24752475247524752,0.12138728323699421,0.9166666666666666,0.9565217391304348,1.0,0.9166666666666666,0.9166666666666666
0,Family,Brother,45,0_0_0,0.2,0.3333333333333333,1.0,0.8811881188118812,0.2,0.0,0.0,0.0,0.0,0.0
0,Family,Brother,45,0_0_1,0.6666666666666666,0.5555555555555556,0.47619047619047616,0.8415841584158416,0.38461538461538464,0.23076923076923078,0.375,1.0,0.23076923076923078,0.23076923076923078
0,Family,Brother,45,0_1_0,0.8666666666666667,0.5473684210526316,0.4,0.7871287128712872,0.37681159420289856,0.6923076923076923,0.8181818181818182,1.0,0.6923076923076923,0.6923076923076923
0,Family,Brother,45,1_0_0,1.0,0.297029702970297,0.1744186046511628,0.297029702970297,0.1744186046511628,1.0,1.0,1.0,1.0,1.0
0,Family,Brother,45,1_1_1,0.6,0.1925133689839572,0.11464968152866242,0.2524752475247525,0.10650887573964497,0.8461538461538461,0.9166666666666666,1.0,0.8461538461538461,0.8461538461538461
0,Family,Brother,50,0_0_0,0.2,0.3333333333333333,1.0,0.8811881188118812,0.2,0.0,0.0,0.0,0.0,0.0
0,Family,Brother,50,0_0_1,0.6,0.5070422535211268,0.43902439024390244,0.8267326732673267,0.33962264150943394,0.2,0.3333333333333333,1.0,0.2,0.2
0,Family,Brother,50,0_1_0,0.8333333333333334,0.5747126436781609,0.43859649122807015,0.8168316831683168,0.4032258064516129,0.6666666666666666,0.8,1.0,0.6666666666666666,0.6666666666666666
0,Family,Brother,50,1_0_0,1.0,0.3,0.17647058823529413,0.3069306930693069,0.17647058823529413,1.0,1.0,1.0,1.0,1.0
0,Family,Brother,50,1_1_1,0.7,0.21875,0.12962962962962962,0.25742574257425743,0.12280701754385964,0.8666666666666667,0.9285714285714286,1.0,0.8666666666666667,0.8666666666666667
0,Family,Brother,55,0_0_0,0.03333333333333333,0.06451612903225806,1.0,0.8564356435643564,0.03333333333333333,0.0,0.0,0.0,0.0,0.0
0,Family,Brother,55,0_0_1,0.6666666666666666,0.5797101449275363,0.5128205128205128,0.8564356435643564,0.40816326530612246,0.375,0.5454545454545454,1.0,0.375,0.375
0,Family,Brother,55,0_1_0,0.9333333333333333,0.5773195876288659,0.417910447761194,0.7970297029702971,0.4057971014492754,0.875,0.9333333333333333,1.0,0.875,0.875
0,Family,Brother,55,1_0_0,1.0,0.2608695652173913,0.15,0.15841584158415842,0.15,1.0,1.0,1.0,1.0,1.0
0,Family,Brother,55,1_1_1,0.0,0.0,0.0,0.8514851485148515,0.0,0.0,0.0,0.0,0.0,0.0
0,Family,Brother,60,0_0_0,0.03333333333333333,0.06451612903225806,1.0,0.8564356435643564,0.03333333333333333,0.0,0.0,0.0,0.0,0.0
0,Family,Brother,60,0_0_1,0.5333333333333333,0.463768115942029,0.41025641025641024,0.8168316831683168,0.3018867924528302,0.2222222222222222,0.36363636363636365,1.0,0.2222222222222222,0.2222222222222222
0,Family,Brother,60,0_1_0,0.6666666666666666,0.4878048780487805,0.38461538461538464,0.7920792079207921,0.3225806451612903,0.4444444444444444,0.6153846153846154,1.0,0.4444444444444444,0.4444444444444444
0,Family,Brother,60,1_0_0,0.9333333333333333,0.3111111111111111,0.18666666666666668,0.38613861386138615,0.18421052631578946,0.8888888888888888,0.9411764705882353,1.0,0.8888888888888888,0.8888888888888888
0,Family,Brother,60,1_1_1,0.26666666666666666,0.24615384615384617,0.22857142857142856,0.7574257425742574,0.14035087719298245,0.05555555555555555,0.10526315789473684,1.0,0.05555555555555555,0.05555555555555555
0,Family,Brother,65,0_0_0,0.03333333333333333,0.06451612903225806,1.0,0.8564356435643564,0.03333333333333333,0.0,0.0,0.0,0.0,0.0
0,Family,Brother,65,0_0_1,0.5666666666666667,0.4927536231884058,0.4358974358974359,0.8267326732673267,0.3269230769230769,0.3157894736842105,0.48,1.0,0.3157894736842105,0.3157894736842105
0,Family,Brother,65,0_1_0,0.6666666666666666,0.5,0.4,0.801980198019802,0.3333333333333333,0.47368421052631576,0.6428571428571429,1.0,0.47368421052631576,0.47368421052631576
0,Family,Brother,65,1_0_0,0.9333333333333333,0.3163841807909605,0.19047619047619047,0.400990099009901,0.18791946308724833,0.8947368421052632,0.9444444444444444,1.0,0.8947368421052632,0.8947368421052632
0,Family,Brother,65,1_1_1,0.26666666666666666,0.23529411764705882,0.21052631578947367,0.7425742574257426,0.13333333333333333,0.10526315789473684,0.19047619047619047,1.0,0.10526315789473684,0.10526315789473684
0,Family,Brother,70,0_0_0,0.03333333333333333,0.06451612903225806,1.0,0.8564356435643564,0.03333333333333333,0.0,0.0,0.0,0.0,0.0
0,Family,Brother,70,0_0_1,0.4666666666666667,0.4375,0.4117647058823529,0.8217821782178217,0.28,0.23809523809523808,0.38461538461538464,1.0,0.23809523809523808,0.23809523809523808
0,Family,Brother,70,0_1_0,0.6,0.45569620253164556,0.3673469387755102,0.7871287128712872,0.29508196721311475,0.42857142857142855,0.6,1.0,0.42857142857142855,0.42857142857142855
0,Family,Brother,70,1_0_0,0.9333333333333333,0.3128491620111732,0.18791946308724833,0.3910891089108911,0.18543046357615894,0.9047619047619048,0.95,1.0,0.9047619047619048,0.9047619047619048
0,Family,Brother,70,1_1_1,0.3,0.23684210526315788,0.1956521739130435,0.7128712871287128,0.13432835820895522,0.19047619047619047,0.32,1.0,0.19047619047619047,0.19047619047619047
0,Family,Brother,75,0_0_0,0.03333333333333333,0.06451612903225806,1.0,0.8564356435643564,0.03333333333333333,0.0,0.0,0.0,0.0,0.0
0,Family,Brother,75,0_0_1,0.4666666666666667,0.45901639344262296,0.45161290322580644,0.8366336633663366,0.2978723404255319,0.2727272727272727,0.42857142857142855,1.0,0.2727272727272727,0.2727272727272727
0,Family,Brother,75,0_1_0,0.7,0.5526315789473685,0.45652173913043476,0.8316831683168316,0.38181818181818183,0.5909090909090909,0.7428571428571429,1.0,0.5909090909090909,0.5909090909090909
0,Family,Brother,75,1_0_0,0.9666666666666667,0.2815533980582524,0.16477272727272727,0.26732673267326734,0.1638418079096045,0.9545454545454546,0.9767441860465116,1.0,0.9545454545454546,0.9545454545454546
0,Family,Brother,75,1_1_1,0.8666666666666667,0.2613065326633166,0.15384615384615385,0.2722772277227723,0.15028901734104047,0.9545454545454546,0.9767441860465116,1.0,0.9545454545454546,0.9545454545454546
0,Family,Brother,80,0_0_0,0.06666666666666667,0.125,1.0,0.8613861386138614,0.06666666666666667,0.0,0.0,0.0,0.0,0.0
0,Family,Brother,80,0_0_1,0.4666666666666667,0.45161290322580644,0.4375,0.8316831683168316,0.2916666666666667,0.3333333333333333,0.5,1.0,0.3333333333333333,0.3333333333333333
0,Family,Brother,80,0_1_0,0.6,0.4675324675324675,0.3829787234042553,0.7970297029702971,0.3050847457627119,0.5,0.6666666666666666,1.0,0.5,0.5
0,Family,Brother,80,1_0_0,0.9666666666666667,0.26976744186046514,0.15675675675675677,0.22277227722772278,0.15591397849462366,0.9583333333333334,0.9787234042553191,1.0,0.9583333333333334,0.9583333333333334
0,Family,Brother,80,1_1_1,0.9666666666666667,0.27488151658767773,0.16022099447513813,0.24257425742574257,0.15934065934065933,1.0,1.0,1.0,1.0,1.0
0,Family,Male,0,0_0_0,0.009615384615384616,0.01904761904761905,1.0,0.4900990099009901,0.009615384615384616,,,,,
0,Family,Male,0,0_0_1,1.0,0.9811320754716981,0.9629629629629629,0.9801980198019802,0.9629629629629629,,,,,
0,Family,Male,0,0_1_0,1.0,0.8927038626609443,0.8062015503875969,0.8762376237623762,0.8062015503875969,,,,,
0,Family,Male,0,1_0_0,1.0,0.6887417218543046,0.5252525252525253,0.5346534653465347,0.5252525252525253,,,,,
0,Family,Male,0,1_1_1,0.04807692307692308,0.06944444444444445,0.125,0.33663366336633666,0.03597122302158273,,,,,
0,Family,Male,5,0_0_0,0.0,0.0,0.0,0.48514851485148514,0.0,,,,,
0,Family,Male,5,0_0_1,0.9615384615384616,0.9523809523809523,0.9433962264150944,0.9504950495049505,0.9090909090909091,,,,,
0,Family,Male,5,0_1_0,1.0,0.8888888888888888,0.8,0.8712871287128713,0.8,,,,,
0,Family,Male,5,1_0_0,1.0,0.6842105263157895,0.52,0.5247524752475248,0.52,,,,,
0,Family,Male,5,1_1_1,0.11538461538461539,0.14906832298136646,0.21052631578947367,0.3217821782178218,0.08053691275167785,,,,,
0,Family,Male,10,0_0_0,0.0,0.0,0.0,0.48514851485148514,0.0,0.0,0.0,0.0,0.0,0.0
0,Family,Male,10,0_0_1,0.9134615384615384,0.9405940594059405,0.9693877551020408,0.9405940594059405,0.8878504672897196,0.0,0.0,0.0,0.0,0.0
0,Family,Male,10,0_1_0,1.0,0.9043478260869565,0.8253968253968254,0.8910891089108911,0.8253968253968254,1.0,1.0,1.0,1.0,1.0
0,Family,Male,10,1_0_0,1.0,0.6842105263157895,0.52,0.5247524752475248,0.52,1.0,1.0,1.0,1.0,1.0
0,Family,Male,10,1_1_1,0.09615384615384616,0.11494252873563218,0.14285714285714285,0.2376237623762376,0.06097560975609756,0.0,0.0,0.0,0.0,0.0
0,Family,Male,15,0_0_0,0.028846153846153848,0.056074766355140186,1.0,0.5,0.028846153846153848,0.0,0.0,0.0,0.0,0.0
0,Family,Male,15,0_0_1,0.9423076923076923,0.9560975609756097,0.9702970297029703,0.9554455445544554,0.9158878504672897,0.0,0.0,0.0,0.0,0.0
0,Family,Male,15,0_1_0,0.9903846153846154,0.9716981132075472,0.9537037037037037,0.9702970297029703,0.944954128440367,1.0,1.0,1.0,1.0,1.0
0,Family,Male,15,1_0_0,1.0,0.697986577181208,0.5360824742268041,0.5544554455445545,0.5360824742268041,1.0,1.0,1.0,1.0,1.0
0,Family,Male,15,1_1_1,0.3942307692307692,0.43386243386243384,0.4823529411764706,0.47029702970297027,0.27702702702702703,1.0,1.0,1.0,1.0,1.0
0,Family,Male,20,0_0_0,0.009615384615384616,0.01904761904761905,1.0,0.4900990099009901,0.009615384615384616,0.0,0.0,0.0,0.0,0.0
0,Family,Male,20,0_0_1,0.9230769230769231,0.9458128078817734,0.9696969696969697,0.9455445544554455,0.897196261682243,0.0,0.0,0.0,0.0,0.0
0,Family,Male,20,0_1_0,0.9807692307692307,0.9807692307692307,0.9807692307692307,0.9801980198019802,0.9622641509433962,1.0,1.0,1.0,1.0,1.0
0,Family,Male,20,1_0_0,1.0,0.7003367003367004,0.538860103626943,0.5594059405940595,0.538860103626943,1.0,1.0,1.0,1.0,1.0
0,Family,Male,20,1_1_1,0.4423076923076923,0.48677248677248675,0.5411764705882353,0.5198019801980198,0.32167832167832167,1.0,1.0,1.0,1.0,1.0
0,Family,Male,25,0_0_0,0.7019230769230769,0.8248587570621468,1.0,0.8465346534653465,0.7019230769230769,0.0,0.0,0.0,0.0,0.0
0,Family,Male,25,0_0_1,0.7596153846153846,0.8633879781420765,1.0,0.8762376237623762,0.7596153846153846,0.0,0.0,0.0,0.0,0.0
0,Family,Male,25,0_1_0,0.8365384615384616,0.8877551020408163,0.9456521739130435,0.8910891089108911,0.7981651376146789,0.0,0.0,0.0,0.0,0.0
0,Family,Male,25,1_0_0,1.0,0.7027027027027027,0.5416666666666666,0.5643564356435643,0.5416666666666666,1.0,1.0,1.0,1.0,1.0
0,Family,Male,25,1_1_1,0.11538461538461539,0.13043478260869565,0.15,0.2079207920792079,0.06976744186046512,0.0,0.0,0.0,0.0,0.0
0,Family,Male,30,0_0_0,0.5961538461538461,0.7469879518072289,1.0,0.7920792079207921,0.5961538461538461,0.0,0.0,0.0,0.0,0.0
0,Family,Male,30,0_0_1,0.7019230769230769,0.8248587570621468,1.0,0.8465346534653465,0.7019230769230769,0.0,0.0,0.0,0.0,0.0
0,Family,Male,30,0_1_0,0.8846153846153846,0.8975609756097561,0.9108910891089109,0.8960396039603961,0.8141592920353983,1.0,1.0,1.0,1.0,1.0
0,Family,Male,30,1_0_0,0.9903846153846154,0.7152777777777778,0.5597826086956522,0.594059405940594,0.5567567567567567,1.0,1.0,1.0,1.0,1.0
0,Family,Male,30,1_1_1,0.17307692307692307,0.2482758620689655,0.43902439024390244,0.4603960396039604,0.14173228346456693,0.0,0.0,0.0,0.0,0.0
0,Family,Male,35,0_0_0,0.5673076923076923,0.7239263803680982,1.0,0.7772277227722773,0.5673076923076923,0.0,0.0,0.0,0.0,0.0
0,Family,Male,35,0_0_1,0.6538461538461539,0.7906976744186046,1.0,0.8217821782178217,0.6538461538461539,0.0,0.0,0.0,0.0,0.0
0,Family,Male,35,0_1_0,0.8173076923076923,0.85,0.8854166666666666,0.8514851485148515,0.7391304347826086,1.0,1.0,1.0,1.0,1.0
0,Family,Male,35,1_0_0,1.0,0.7050847457627119,0.5445026178010471,0.5693069306930693,0.5445026178010471,1.0,1.0,1.0,1.0,1.0
0,Family,Male,35,1_1_1,0.19230769230769232,0.2702702702702703,0.45454545454545453,0.46534653465346537,0.15625,0.0,0.0,0.0,0.0,0.0
0,Family,Male,40,0_0_0,0.5480769230769231,0.7080745341614907,1.0,0.7673267326732673,0.5480769230769231,0.0,0.0,0.0,0.0,0.0
0,Family,Male,40,0_0_1,0.6057692307692307,0.7544910179640718,1.0,0.7970297029702971,0.6057692307692307,0.0,0.0,0.0,0.0,0.0
0,Family,Male,40,0_1_0,0.7596153846153846,0.8404255319148937,0.9404761904761905,0.8514851485148515,0.7247706422018348,0.0,0.0,0.0,0.0,0.0
0,Family,Male,40,1_0_0,1.0,0.7027027027027027,0.5416666666666666,0.5643564356435643,0.5416666666666666,1.0,1.0,1.0,1.0,1.0
0,Family,Male,40,1_1_1,0.23076923076923078,0.3037974683544304,0.4444444444444444,0.45544554455445546,0.1791044776119403,0.0,0.0,0.0,0.0,0.0
0,Family,Male,45,0_0_0,0.5096153846153846,0.6751592356687898,1.0,0.7475247524752475,0.5096153846153846,0.0,0.0,0.0,0.0,0.0
0,Family,Male,45,0_0_1,0.5576923076923077,0.7160493827160493,1.0,0.7722772277227723,0.5576923076923077,0.0,0.0,0.0,0.0,0.0
0,Family,Male,45,0_1_0,0.7019230769230769,0.8021978021978022,0.9358974358974359,0.8217821782178217,0.6697247706422018,0.0,0.0,0.0,0.0,0.0
0,Family,Male,45,1_0_0,0.9903846153846154,0.7030716723549488,0.544973544973545,0.5693069306930693,0.5421052631578948,1.0,1.0,1.0,1.0,1.0
0,Family,Male,45,1_1_1,0.25961538461538464,0.31952662721893493,0.4153846153846154,0.4306930693069307,0.19014084507042253,0.0,0.0,0.0,0.0,0.0
0,Family,Male,50,0_0_0,0.46153846153846156,0.631578947368421,1.0,0.7227722772277227,0.46153846153846156,0.0,0.0,0.0,0.0,0.0
0,Family,Male,50,0_0_1,0.5096153846153846,0.6751592356687898,1.0,0.7475247524752475,0.5096153846153846,0.3333333333333333,0.5,1.0,0.3333333333333333,0.3333333333333333
0,Family,Male,50,0_1_0,0.6538461538461539,0.7771428571428571,0.9577464788732394,0.806930693069307,0.6355140186915887,0.0,0.0,0.0,0.0,0.0
0,Family,Male,50,1_0_0,0.9903846153846154,0.6983050847457627,0.5392670157068062,0.5594059405940595,0.5364583333333334,1.0,1.0,1.0,1.0,1.0
0,Family,Male,50,1_1_1,0.28846153846153844,0.3448275862068966,0.42857142857142855,0.43564356435643564,0.20833333333333334,0.0,0.0,0.0,0.0,0.0
0,Family,Male,55,0_0_0,0.3942307692307692,0.5655172413793104,1.0,0.6881188118811881,0.3942307692307692,0.0,0.0,0.0,0.0,0.0
0,Family,Male,55,0_0_1,0.46153846153846156,0.6274509803921569,0.9795918367346939,0.7178217821782178,0.45714285714285713,0.25,0.4,1.0,0.25,0.25
0,Family,Male,55,0_1_0,0.625,0.7558139534883721,0.9558823529411765,0.7920792079207921,0.6074766355140186,0.5,0.6666666666666666,1.0,0.5,0.5
0,Family,Male,55,1_0_0,0.9807692307692307,0.7010309278350515,0.5454545454545454,0.5693069306930693,0.5396825396825397,1.0,1.0,1.0,1.0,1.0
0,Family,Male,55,1_1_1,0.2980769230769231,0.34831460674157305,0.4189189189189189,0.42574257425742573,0.2108843537414966,0.0,0.0,0.0,0.0,0.0
0,Family,Male,60,0_0_0,0.38461538461538464,0.5555555555555556,1.0,0.6831683168316832,0.38461538461538464,0.0,0.0,0.0,0.0,0.0
0,Family,Male,60,0_0_1,0.41346153846153844,0.5850340136054422,1.0,0.698019801980198,0.41346153846153844,0.0,0.0,0.0,0.0,0.0
0,Family,Male,60,0_1_0,0.5673076923076923,0.7195121951219512,0.9833333333333333,0.7722772277227723,0.5619047619047619,0.3333333333333333,0.5,1.0,0.3333333333333333,0.3333333333333333
0,Family,Male,60,1_0_0,0.9711538461538461,0.7318840579710145,0.5872093023255814,0.6336633663366337,0.5771428571428572,1.0,1.0,1.0,1.0,1.0
0,Family,Male,60,1_1_1,0.33653846153846156,0.3888888888888889,0.4605263157894737,0.45544554455445546,0.2413793103448276,0.16666666666666666,0.2857142857142857,1.0,0.16666666666666666,0.16666666666666666
0,Family,Male,65,0_0_0,0.3269230769230769,0.4927536231884058,1.0,0.6534653465346535,0.3269230769230769,0.0,0.0,0.0,0.0,0.0
0,Family,Male,65,0_0_1,0.36538461538461536,0.5352112676056338,1.0,0.6732673267326733,0.36538461538461536,0.0,0.0,0.0,0.0,0.0
0,Family,Male,65,0_1_0,0.5288461538461539,0.6666666666666666,0.9016393442622951,0.7277227722772277,0.5,0.25,0.4,1.0,0.25,0.25
0,Family,Male,65,1_0_0,0.9903846153846154,0.7953667953667953,0.6645161290322581,0.7376237623762376,0.6602564102564102,1.0,1.0,1.0,1.0,1.0
0,Family,Male,65,1_1_1,0.25,0.3466666666666667,0.5652173913043478,0.5148514851485149,0.20967741935483872,0.0,0.0,0.0,0.0,0.0
0,Family,Male,70,0_0_0,0.27884615384615385,0.43609022556390975,1.0,0.6287128712871287,0.27884615384615385,0.0,0.0,0.0,0.0,0.0
0,Family,Male,70,0_0_1,0.3076923076923077,0.47058823529411764,1.0,0.6435643564356436,0.3076923076923077,0.0,0.0,0.0,0.0,0.0
0,Family,Male,70,0_1_0,0.5,0.6459627329192547,0.9122807017543859,0.7178217821782178,0.47706422018348627,0.09090909090909091,0.16666666666666666,1.0,0.09090909090909091,0.09090909090909091
0,Family,Male,70,1_0_0,0.9807692307692307,0.8225806451612904,0.7083333333333334,0.7821782178217822,0.6986301369863014,1.0,1.0,1.0,1.0,1.0
0,Family,Male,70,1_1_1,0.21153846153846154,0.3076923076923077,0.5641025641025641,0.5099009900990099,0.18181818181818182,0.0,0.0,0.0,0.0,0.0
0,Family,Male,75,0_0_0,0.18269230769230768,0.3089430894308943,1.0,0.5792079207920792,0.18269230769230768,0.0,0.0,0.0,0.0,0.0
0,Family,Male,75,0_0_1,0.3076923076923077,0.47058823529411764,1.0,0.6435643564356436,0.3076923076923077,0.15384615384615385,0.26666666666666666,1.0,0.15384615384615385,0.15384615384615385
0,Family,Male,75,0_1_0,0.47115384615384615,0.5975609756097561,0.8166666666666667,0.6732673267326733,0.4260869565217391,0.23076923076923078,0.375,1.0,0.23076923076923078,0.23076923076923078
0,Family,Male,75,1_0_0,0.9711538461538461,0.8278688524590164,0.7214285714285714,0.7920792079207921,0.7062937062937062,0.9230769230769231,0.96,1.0,0.9230769230769231,0.9230769230769231
0,Family,Male,75,1_1_1,0.16346153846153846,0.25,0.53125,0.49504950495049505,0.14285714285714285,0.0,0.0,0.0,0.0,0.0
0,Family,Male,80,0_0_0,0.08653846153846154,0.1592920353982301,1.0,0.5297029702970297,0.08653846153846154,0.0,0.0,0.0,0.0,0.0
0,Family,Male,80,0_0_1,0.22115384615384615,0.36220472440944884,1.0,0.599009900990099,0.22115384615384615,0.06666666666666667,0.125,1.0,0.06666666666666667,0.06666666666666667
0,Family,Male,80,0_1_0,0.3269230769230769,0.4722222222222222,0.85,0.6237623762376238,0.3090909090909091,0.2,0.3333333333333333,1.0,0.2,0.2
0,Family,Male,80,1_0_0,0.9711538461538461,0.8416666666666667,0.7426470588235294,0.8118811881188119,0.7266187050359713,1.0,1.0,1.0,1.0,1.0
0,Family,Male,80,1_1_1,0.25,0.37142857142857144,0.7222222222222222,0.5643564356435643,0.22807017543859648,0.06666666666666667,0.125,1.0,0.06666666666666667,0.06666666666666667
0,Family,PersonWithASibling,0,0_0_0,0.0,0.0,0.0,0.6435643564356436,0.0,,,,,
0,Family,PersonWithASibling,0,0_0_1,0.0,0.0,0.0,0.6435643564356436,0.0,,,,,
0,Family,PersonWithASibling,0,0_1_0,0.2638888888888889,0.3275862068965517,0.4318181818181818,0.6138613861386139,0.1958762886597938,,,,,
0,Family,PersonWithASibling,0,1_0_0,0.027777777777777776,0.04081632653061224,0.07692307692307693,0.5346534653465347,0.020833333333333332,,,,,
0,Family,PersonWithASibling,0,1_1_1,0.8333333333333334,0.5581395348837209,0.4195804195804196,0.5297029702970297,0.3870967741935484,,,,,
0,Family,PersonWithASibling,5,0_0_0,0.0,0.0,0.0,0.6435643564356436,0.0,,,,,
0,Family,PersonWithASibling,5,0_0_1,0.0,0.0,0.0,0.6435643564356436,0.0,,,,,
0,Family,PersonWithASibling,5,0_1_0,0.2638888888888889,0.3275862068965517,0.4318181818181818,0.6138613861386139,0.1958762886597938,,,,,
0,Family,PersonWithASibling,5,1_0_0,0.027777777777777776,0.04081632653061224,0.07692307692307693,0.5346534653465347,0.020833333333333332,,,,,
0,Family,PersonWithASibling,5,1_1_1,0.8333333333333334,0.5581395348837209,0.4195804195804196,0.5297029702970297,0.3870967741935484,,,,,
0,Family,PersonWithASibling,10,0_0_0,0.0,0.0,0.0,0.6435643564356436,0.0,,,,,
0,Family,PersonWithASibling,10,0_0_1,0.0,0.0,0.0,0.6435643564356436,0.0,,,,,
0,Family,PersonWithASibling,10,0_1_0,0.2638888888888889,0.3275862068965517,0.4318181818181818,0.6138613861386139,0.1958762886597938,,,,,
0,Family,PersonWithASibling,10,1_0_0,0.027777777777777776,0.04081632653061224,0.07692307692307693,0.5346534653465347,0.020833333333333332,,,,,
0,Family,PersonWithASibling,10,1_1_1,0.8333333333333334,0.5581395348837209,0.4195804195804196,0.5297029702970297,0.3870967741935484,,,,,
0,Family,PersonWithASibling,15,0_0_0,0.0,0.0,0.0,0.6435643564356436,0.0,,,,,
0,Family,PersonWithASibling,15,0_0_1,0.0,0.0,0.0,0.6435643564356436,0.0,,,,,
0,Family,PersonWithASibling,15,0_1_0,0.2638888888888889,0.3275862068965517,0.4318181818181818,0.6138613861386139,0.1958762886597938,,,,,
0,Family,PersonWithASibling,15,1_0_0,0.027777777777777776,0.04081632653061224,0.07692307692307693,0.5346534653465347,0.020833333333333332,,,,,
0,Family,PersonWithASibling,15,1_1_1,0.8333333333333334,0.5581395348837209,0.4195804195804196,0.5297029702970297,0.3870967741935484,,,,,
0,Family,PersonWithASibling,20,0_0_0,0.0,0.0,0.0,0.6435643564356436,0.0,,,,,
0,Family,PersonWithASibling,20,0_0_1,0.0,0.0,0.0,0.6435643564356436,0.0,,,,,
0,Family,PersonWithASibling,20,0_1_0,0.2638888888888889,0.3275862068965517,0.4318181818181818,0.6138613861386139,0.1958762886597938,,,,,
0,Family,PersonWithASibling,20,1_0_0,0.027777777777777776,0.04081632653061224,0.07692307692307693,0.5346534653465347,0.020833333333333332,,,,,
0,Family,PersonWithASibling,20,1_1_1,0.8333333333333334,0.5581395348837209,0.4195804195804196,0.5297029702970297,0.3870967741935484,,,,,
0,Family,PersonWithASibling,25,0_0_0,0.0,0.0,0.0,0.6435643564356436,0.0,,,,,
0,Family,PersonWithASibling,25,0_0_1,0.0,0.0,0.0,0.6435643564356436,0.0,,,,,
0,Family,PersonWithASibling,25,0_1_0,0.2638888888888889,0.3275862068965517,0.4318181818181818,0.6138613861386139,0.1958762886597938,,,,,
0,Family,PersonWithASibling,25,1_0_0,0.027777777777777776,0.04081632653061224,0.07692307692307693,0.5346534653465347,0.020833333333333332,,,,,
0,Family,PersonWithASibling,25,1_1_1,0.8333333333333334,0.5581395348837209,0.4195804195804196,0.5297029702970297,0.3870967741935484,,,,,
0,Family,PersonWithASibling,30,0_0_0,0.0,0.0,0.0,0.6435643564356436,0.0,,,,,
0,Family,PersonWithASibling,30,0_0_1,0.0,0.0,0.0,0.6435643564356436,0.0,,,,,
0,Family,PersonWithASibling,30,0_1_0,0.2638888888888889,0.3275862068965517,0.4318181818181818,0.6138613861386139,0.1958762886597938,,,,,
0,Family,PersonWithASibling,30,1_0_0,0.027777777777777776,0.04081632653061224,0.07692307692307693,0.5346534653465347,0.020833333333333332,,,,,
0,Family,PersonWithASibling,30,1_1_1,0.8333333333333334,0.5581395348837209,0.4195804195804196,0.5297029702970297,0.3870967741935484,,,,,
0,Family,PersonWithASibling,35,0_0_0,0.0,0.0,0.0,0.6435643564356436,0.0,,,,,
0,Family,PersonWithASibling,35,0_0_1,0.0,0.0,0.0,0.6435643564356436,0.0,,,,,
0,Family,PersonWithASibling,35,0_1_0,0.2638888888888889,0.3275862068965517,0.4318181818181818,0.6138613861386139,0.1958762886597938,,,,,
0,Family,PersonWithASibling,35,1_0_0,0.027777777777777776,0.04081632653061224,0.07692307692307693,0.5346534653465347,0.020833333333333332,,,,,
0,Family,PersonWithASibling,35,1_1_1,0.8333333333333334,0.5581395348837209,0.4195804195804196,0.5297029702970297,0.3870967741935484,,,,,
0,Family,PersonWithASibling,40,0_0_0,0.0,0.0,0.0,0.6435643564356436,0.0,,,,,
0,Family,PersonWithASibling,40,0_0_1,0.0,0.0,0.0,0.6435643564356436,0.0,,,,,
0,Family,PersonWithASibling,40,0_1_0,0.2638888888888889,0.3275862068965517,0.4318181818181818,0.6138613861386139,0.1958762886597938,,,,,
0,Family,PersonWithASibling,40,1_0_0,0.027777777777777776,0.04081632653061224,0.07692307692307693,0.5346534653465347,0.020833333333333332,,,,,
0,Family,PersonWithASibling,40,1_1_1,0.8333333333333334,0.5581395348837209,0.4195804195804196,0.5297029702970297,0.3870967741935484,,,,,
0,Family,PersonWithASibling,45,0_0_0,0.0,0.0,0.0,0.6435643564356436,0.0,,,,,
0,Family,PersonWithASibling,45,0_0_1,0.0,0.0,0.0,0.6435643564356436,0.0,,,,,
0,Family,PersonWithASibling,45,0_1_0,0.2638888888888889,0.3275862068965517,0.4318181818181818,0.6138613861386139,0.1958762886597938,,,,,
0,Family,PersonWithASibling,45,1_0_0,0.027777777777777776,0.04081632653061224,0.07692307692307693,0.5346534653465347,0.020833333333333332,,,,,
0,Family,PersonWithASibling,45,1_1_1,0.8333333333333334,0.5581395348837209,0.4195804195804196,0.5297029702970297,0.3870967741935484,,,,,
0,Family,PersonWithASibling,50,0_0_0,0.0,0.0,0.0,0.6435643564356436,0.0,,,,,
0,Family,PersonWithASibling,50,0_0_1,0.0,0.0,0.0,0.6435643564356436,0.0,,,,,
0,Family,PersonWithASibling,50,0_1_0,0.2638888888888889,0.3275862068965517,0.4318181818181818,0.6138613861386139,0.1958762886597938,,,,,
0,Family,PersonWithASibling,50,1_0_0,0.027777777777777776,0.04081632653061224,0.07692307692307693,0.5346534653465347,0.020833333333333332,,,,,
0,Family,PersonWithASibling,50,1_1_1,0.8333333333333334,0.5581395348837209,0.4195804195804196,0.5297029702970297,0.3870967741935484,,,,,
0,Family,PersonWithASibling,55,0_0_0,0.0,0.0,0.0,0.6435643564356436,0.0,,,,,
0,Family,PersonWithASibling,55,0_0_1,0.0,0.0,0.0,0.6435643564356436,0.0,,,,,
0,Family,PersonWithASibling,55,0_1_0,0.2638888888888889,0.3275862068965517,0.4318181818181818,0.6138613861386139,0.1958762886597938,,,,,
0,Family,PersonWithASibling,55,1_0_0,0.027777777777777776,0.04081632653061224,0.07692307692307693,0.5346534653465347,0.020833333333333332,,,,,
0,Family,PersonWithASibling,55,1_1_1,0.8333333333333334,0.5581395348837209,0.4195804195804196,0.5297029702970297,0.3870967741935484,,,,,
0,Family,PersonWithASibling,60,0_0_0,0.0,0.0,0.0,0.6435643564356436,0.0,,,,,
0,Family,PersonWithASibling,60,0_0_1,0.0,0.0,0.0,0.6435643564356436,0.0,,,,,
0,Family,PersonWithASibling,60,0_1_0,0.2638888888888889,0.3275862068965517,0.4318181818181818,0.6138613861386139,0.1958762886597938,,,,,
0,Family,PersonWithASibling,60,1_0_0,0.027777777777777776,0.04081632653061224,0.07692307692307693,0.5346534653465347,0.020833333333333332,,,,,
0,Family,PersonWithASibling,60,1_1_1,0.8333333333333334,0.5581395348837209,0.4195804195804196,0.5297029702970297,0.3870967741935484,,,,,
0,Family,PersonWithASibling,65,0_0_0,0.0,0.0,0.0,0.6435643564356436,0.0,,,,,
0,Family,PersonWithASibling,65,0_0_1,0.0,0.0,0.0,0.6435643564356436,0.0,,,,,
0,Family,PersonWithASibling,65,0_1_0,0.2638888888888889,0.3275862068965517,0.4318181818181818,0.6138613861386139,0.1958762886597938,,,,,
0,Family,PersonWithASibling,65,1_0_0,0.027777777777777776,0.04081632653061224,0.07692307692307693,0.5346534653465347,0.020833333333333332,,,,,
0,Family,PersonWithASibling,65,1_1_1,0.8333333333333334,0.5581395348837209,0.4195804195804196,0.5297029702970297,0.3870967741935484,,,,,
0,Family,PersonWithASibling,70,0_0_0,0.0,0.0,0.0,0.6435643564356436,0.0,,,,,
0,Family,PersonWithASibling,70,0_0_1,0.0,0.0,0.0,0.6435643564356436,0.0,,,,,
0,Family,PersonWithASibling,70,0_1_0,0.2638888888888889,0.3275862068965517,0.4318181818181818,0.6138613861386139,0.1958762886597938,,,,,
0,Family,PersonWithASibling,70,1_0_0,0.027777777777777776,0.04081632653061224,0.07692307692307693,0.5346534653465347,0.020833333333333332,,,,,
0,Family,PersonWithASibling,70,1_1_1,0.8333333333333334,0.5581395348837209,0.4195804195804196,0.5297029702970297,0.3870967741935484,,,,,
0,Family,PersonWithASibling,75,0_0_0,0.0,0.0,0.0,0.6435643564356436,0.0,,,,,
0,Family,PersonWithASibling,75,0_0_1,0.0,0.0,0.0,0.6435643564356436,0.0,,,,,
0,Family,PersonWithASibling,75,0_1_0,0.2638888888888889,0.3275862068965517,0.4318181818181818,0.6138613861386139,0.1958762886597938,,,,,
0,Family,PersonWithASibling,75,1_0_0,0.027777777777777776,0.04081632653061224,0.07692307692307693,0.5346534653465347,0.020833333333333332,,,,,
0,Family,PersonWithASibling,75,1_1_1,0.8333333333333334,0.5581395348837209,0.4195804195804196,0.5297029702970297,0.3870967741935484,,,,,
0,Family,PersonWithASibling,80,0_0_0,0.0,0.0,0.0,0.6435643564356436,0.0,,,,,
0,Family,PersonWithASibling,80,0_0_1,0.0,0.0,0.0,0.6435643564356436,0.0,,,,,
0,Family,PersonWithASibling,80,0_1_0,0.2638888888888889,0.3275862068965517,0.4318181818181818,0.6138613861386139,0.1958762886597938,,,,,
0,Family,PersonWithASibling,80,1_0_0,0.027777777777777776,0.04081632653061224,0.07692307692307693,0.5346534653465347,0.020833333333333332,,,,,
0,Family,PersonWithASibling,80,1_1_1,0.8333333333333334,0.5581395348837209,0.4195804195804196,0.5297029702970297,0.3870967741935484,,,,,
0,Family,Child,0,0_0_0,0.0,0.0,0.0,0.48514851485148514,0.0,,,,,
0,Family,Child,0,0_0_1,0.009615384615384616,0.01904761904761905,1.0,0.4900990099009901,0.009615384615384616,,,,,
0,Family,Child,0,0_1_0,0.19230769230769232,0.30303030303030304,0.7142857142857143,0.5445544554455446,0.17857142857142858,,,,,
0,Family,Child,0,1_0_0,0.38461538461538464,0.5128205128205128,0.7692307692307693,0.6237623762376238,0.3448275862068966,,,,,
0,Family,Child,0,1_1_1,0.875,0.6691176470588235,0.5416666666666666,0.5544554455445545,0.5027624309392266,,,,,
0,Family,Child,5,0_0_0,0.0,0.0,0.0,0.48514851485148514,0.0,,,,,
0,Family,Child,5,0_0_1,0.009615384615384616,0.01904761904761905,1.0,0.4900990099009901,0.009615384615384616,,,,,
0,Family,Child,5,0_1_0,0.19230769230769232,0.30303030303030304,0.7142857142857143,0.5445544554455446,0.17857142857142858,,,,,
0,Family,Child,5,1_0_0,0.38461538461538464,0.5128205128205128,0.7692307692307693,0.6237623762376238,0.3448275862068966,,,,,
0,Family,Child,5,1_1_1,0.875,0.6691176470588235,0.5416666666666666,0.5544554455445545,0.5027624309392266,,,,,
0,Family,Child,10,0_0_0,0.0,0.0,0.0,0.48514851485148514,0.0,,,,,
0,Family,Child,10,0_0_1,0.009615384615384616,0.01904761904761905,1.0,0.4900990099009901,0.009615384615384616,,,,,
0,Family,Child,10,0_1_0,0.19230769230769232,0.30303030303030304,0.7142857142857143,0.5445544554455446,0.17857142857142858,,,,,
0,Family,Child,10,1_0_0,0.38461538461538464,0.5128205128205128,0.7692307692307693,0.6237623762376238,0.3448275862068966,,,,,
0,Family,Child,10,1_1_1,0.875,0.6691176470588235,0.5416666666666666,0.5544554455445545,0.5027624309392266,,,,,
0,Family,Child,15,0_0_0,0.0,0.0,0.0,0.48514851485148514,0.0,,,,,
0,Family,Child,15,0_0_1,0.009615384615384616,0.01904761904761905,1.0,0.4900990099009901,0.009615384615384616,,,,,
0,Family,Child,15,0_1_0,0.19230769230769232,0.30303030303030304,0.7142857142857143,0.5445544554455446,0.17857142857142858,,,,,
0,Family,Child,15,1_0_0,0.38461538461538464,0.5128205128205128,0.7692307692307693,0.6237623762376238,0.3448275862068966,,,,,
0,Family,Child,15,1_1_1,0.875,0.6691176470588235,0.5416666666666666,0.5544554455445545,0.5027624309392266,,,,,
0,Family,Child,20,0_0_0,0.0,0.0,0.0,0.48514851485148514,0.0,,,,,
0,Family,Child,20,0_0_1,0.009615384615384616,0.01904761904761905,1.0,0.4900990099009901,0.009615384615384616,,,,,
0,Family,Child,20,0_1_0,0.19230769230769232,0.30303030303030304,0.7142857142857143,0.5445544554455446,0.17857142857142858,,,,,
0,Family,Child,20,1_0_0,0.38461538461538464,0.5128205128205128,0.7692307692307693,0.6237623762376238,0.3448275862068966,,,,,
0,Family,Child,20,1_1_1,0.875,0.6691176470588235,0.5416666666666666,0.5544554455445545,0.5027624309392266,,,,,
0,Family,Child,25,0_0_0,0.0,0.0,0.0,0.48514851485148514,0.0,,,,,
0,Family,Child,25,0_0_1,0.009615384615384616,0.01904761904761905,1.0,0.4900990099009901,0.009615384615384616,,,,,
0,Family,Child,25,0_1_0,0.19230769230769232,0.30303030303030304,0.7142857142857143,0.5445544554455446,0.17857142857142858,,,,,
0,Family,Child,25,1_0_0,0.38461538461538464,0.5128205128205128,0.7692307692307693,0.6237623762376238,0.3448275862068966,,,,,
0,Family,Child,25,1_1_1,0.875,0.6691176470588235,0.5416666666666666,0.5544554455445545,0.5027624309392266,,,,,
0,Family,Child,30,0_0_0,0.0,0.0,0.0,0.48514851485148514,0.0,,,,,
0,Family,Child,30,0_0_1,0.009615384615384616,0.01904761904761905,1.0,0.4900990099009901,0.009615384615384616,,,,,
0,Family,Child,30,0_1_0,0.19230769230769232,0.30303030303030304,0.7142857142857143,0.5445544554455446,0.17857142857142858,,,,,
0,Family,Child,30,1_0_0,0.38461538461538464,0.5128205128205128,0.7692307692307693,0.6237623762376238,0.3448275862068966,,,,,
0,Family,Child,30,1_1_1,0.875,0.6691176470588235,0.5416666666666666,0.5544554455445545,0.5027624309392266,,,,,
0,Family,Child,35,0_0_0,0.0,0.0,0.0,0.48514851485148514,0.0,,,,,
0,Family,Child,35,0_0_1,0.009615384615384616,0.01904761904761905,1.0,0.4900990099009901,0.009615384615384616,,,,,
0,Family,Child,35,0_1_0,0.19230769230769232,0.30303030303030304,0.7142857142857143,0.5445544554455446,0.17857142857142858,,,,,
0,Family,Child,35,1_0_0,0.38461538461538464,0.5128205128205128,0.7692307692307693,0.6237623762376238,0.3448275862068966,,,,,
0,Family,Child,35,1_1_1,0.875,0.6691176470588235,0.5416666666666666,0.5544554455445545,0.5027624309392266,,,,,
0,Family,Child,40,0_0_0,0.0,0.0,0.0,0.48514851485148514,0.0,,,,,
0,Family,Child,40,0_0_1,0.009615384615384616,0.01904761904761905,1.0,0.4900990099009901,0.009615384615384616,,,,,
0,Family,Child,40,0_1_0,0.19230769230769232,0.30303030303030304,0.7142857142857143,0.5445544554455446,0.17857142857142858,,,,,
0,Family,Child,40,1_0_0,0.38461538461538464,0.5128205128205128,0.7692307692307693,0.6237623762376238,0.3448275862068966,,,,,
0,Family,Child,40,1_1_1,0.875,0.6691176470588235,0.5416666666666666,0.5544554455445545,0.5027624309392266,,,,,
0,Family,Child,45,0_0_0,0.0,0.0,0.0,0.48514851485148514,0.0,,,,,
0,Family,Child,45,0_0_1,0.009615384615384616,0.01904761904761905,1.0,0.4900990099009901,0.009615384615384616,,,,,
0,Family,Child,45,0_1_0,0.19230769230769232,0.30303030303030304,0.7142857142857143,0.5445544554455446,0.17857142857142858,,,,,
0,Family,Child,45,1_0_0,0.38461538461538464,0.5128205128205128,0.7692307692307693,0.6237623762376238,0.3448275862068966,,,,,
0,Family,Child,45,1_1_1,0.875,0.6691176470588235,0.5416666666666666,0.5544554455445545,0.5027624309392266,,,,,
0,Family,Child,50,0_0_0,0.0,0.0,0.0,0.48514851485148514,0.0,,,,,
0,Family,Child,50,0_0_1,0.009615384615384616,0.01904761904761905,1.0,0.4900990099009901,0.009615384615384616,,,,,
0,Family,Child,50,0_1_0,0.19230769230769232,0.30303030303030304,0.7142857142857143,0.5445544554455446,0.17857142857142858,,,,,
0,Family,Child,50,1_0_0,0.38461538461538464,0.5128205128205128,0.7692307692307693,0.6237623762376238,0.3448275862068966,,,,,
0,Family,Child,50,1_1_1,0.875,0.6691176470588235,0.5416666666666666,0.5544554455445545,0.5027624309392266,,,,,
0,Family,Child,55,0_0_0,0.0,0.0,0.0,0.48514851485148514,0.0,,,,,
0,Family,Child,55,0_0_1,0.009615384615384616,0.01904761904761905,1.0,0.4900990099009901,0.009615384615384616,,,,,
0,Family,Child,55,0_1_0,0.19230769230769232,0.30303030303030304,0.7142857142857143,0.5445544554455446,0.17857142857142858,,,,,
0,Family,Child,55,1_0_0,0.38461538461538464,0.5128205128205128,0.7692307692307693,0.6237623762376238,0.3448275862068966,,,,,
0,Family,Child,55,1_1_1,0.875,0.6691176470588235,0.5416666666666666,0.5544554455445545,0.5027624309392266,,,,,
0,Family,Child,60,0_0_0,0.0,0.0,0.0,0.48514851485148514,0.0,,,,,
0,Family,Child,60,0_0_1,0.009615384615384616,0.01904761904761905,1.0,0.4900990099009901,0.009615384615384616,,,,,
0,Family,Child,60,0_1_0,0.19230769230769232,0.30303030303030304,0.7142857142857143,0.5445544554455446,0.17857142857142858,,,,,
0,Family,Child,60,1_0_0,0.38461538461538464,0.5128205128205128,0.7692307692307693,0.6237623762376238,0.3448275862068966,,,,,
0,Family,Child,60,1_1_1,0.875,0.6691176470588235,0.5416666666666666,0.5544554455445545,0.5027624309392266,,,,,
0,Family,Child,65,0_0_0,0.0,0.0,0.0,0.48514851485148514,0.0,,,,,
0,Family,Child,65,0_0_1,0.009615384615384616,0.01904761904761905,1.0,0.4900990099009901,0.009615384615384616,,,,,
0,Family,Child,65,0_1_0,0.19230769230769232,0.30303030303030304,0.7142857142857143,0.5445544554455446,0.17857142857142858,,,,,
0,Family,Child,65,1_0_0,0.38461538461538464,0.5128205128205128,0.7692307692307693,0.6237623762376238,0.3448275862068966,,,,,
0,Family,Child,65,1_1_1,0.875,0.6691176470588235,0.5416666666666666,0.5544554455445545,0.5027624309392266,,,,,
0,Family,Child,70,0_0_0,0.0,0.0,0.0,0.48514851485148514,0.0,,,,,
0,Family,Child,70,0_0_1,0.009615384615384616,0.01904761904761905,1.0,0.4900990099009901,0.009615384615384616,,,,,
0,Family,Child,70,0_1_0,0.19230769230769232,0.30303030303030304,0.7142857142857143,0.5445544554455446,0.17857142857142858,,,,,
0,Family,Child,70,1_0_0,0.38461538461538464,0.5128205128205128,0.7692307692307693,0.6237623762376238,0.3448275862068966,,,,,
0,Family,Child,70,1_1_1,0.875,0.6691176470588235,0.5416666666666666,0.5544554455445545,0.5027624309392266,,,,,
0,Family,Child,75,0_0_0,0.0,0.0,0.0,0.48514851485148514,0.0,,,,,
0,Family,Child,75,0_0_1,0.009615384615384616,0.01904761904761905,1.0,0.4900990099009901,0.009615384615384616,,,,,
0,Family,Child,75,0_1_0,0.19230769230769232,0.30303030303030304,0.7142857142857143,0.5445544554455446,0.17857142857142858,,,,,
0,Family,Child,75,1_0_0,0.38461538461538464,0.5128205128205128,0.7692307692307693,0.6237623762376238,0.3448275862068966,,,,,
0,Family,Child,75,1_1_1,0.875,0.6691176470588235,0.5416666666666666,0.5544554455445545,0.5027624309392266,,,,,
0,Family,Child,80,0_0_0,0.0,0.0,0.0,0.48514851485148514,0.0,,,,,
0,Family,Child,80,0_0_1,0.009615384615384616,0.01904761904761905,1.0,0.4900990099009901,0.009615384615384616,,,,,
0,Family,Child,80,0_1_0,0.19230769230769232,0.30303030303030304,0.7142857142857143,0.5445544554455446,0.17857142857142858,,,,,
0,Family,Child,80,1_0_0,0.38461538461538464,0.5128205128205128,0.7692307692307693,0.6237623762376238,0.3448275862068966,,,,,
0,Family,Child,80,1_1_1,0.875,0.6691176470588235,0.5416666666666666,0.5544554455445545,0.5027624309392266,,,,,
0,Family,Person,0,0_0_0,0.7524752475247525,0.8587570621468926,1.0,0.7524752475247525,0.7524752475247525,,,,,
0,Family,Person,0,0_0_1,1.0,1.0,1.0,1.0,1.0,,,,,
0,Family,Person,0,0_1_0,1.0,1.0,1.0,1.0,1.0,,,,,
0,Family,Person,0,1_0_0,1.0,1.0,1.0,1.0,1.0,,,,,
0,Family,Person,0,1_1_1,0.0,0.0,0.0,0.0,0.0,,,,,
0,Family,Person,5,0_0_0,0.7376237623762376,0.8490028490028491,1.0,0.7376237623762376,0.7376237623762376,,,,,
0,Family,Person,5,0_0_1,0.9801980198019802,0.99,1.0,0.9801980198019802,0.9801980198019802,,,,,
0,Family,Person,5,0_1_0,0.9900990099009901,0.9950248756218906,1.0,0.9900990099009901,0.9900990099009901,,,,,
0,Family,Person,5,1_0_0,1.0,1.0,1.0,1.0,1.0,,,,,
0,Family,Person,5,1_1_1,0.01485148514851485,0.02926829268292683,1.0,0.01485148514851485,0.01485148514851485,,,,,
0,Family,Person,10,0_0_0,0.7524752475247525,0.8587570621468926,1.0,0.7524752475247525,0.7524752475247525,,,,,
0,Family,Person,10,0_0_1,0.9158415841584159,0.9560723514211886,1.0,0.9158415841584159,0.9158415841584159,,,,,
0,Family,Person,10,0_1_0,0.995049504950495,0.9975186104218362,1.0,0.995049504950495,0.995049504950495,,,,,
0,Family,Person,10,1_0_0,1.0,1.0,1.0,1.0,1.0,,,,,
0,Family,Person,10,1_1_1,0.024752475247524754,0.04830917874396135,1.0,0.024752475247524754,0.024752475247524754,,,,,
0,Family,Person,15,0_0_0,0.6534653465346535,0.7904191616766467,1.0,0.6534653465346535,0.6534653465346535,,,,,
0,Family,Person,15,0_0_1,0.8514851485148515,0.9197860962566845,1.0,0.8514851485148515,0.8514851485148515,,,,,
0,Family,Person,15,0_1_0,0.995049504950495,0.9975186104218362,1.0,0.995049504950495,0.995049504950495,,,,,
0,Family,Person,15,1_0_0,1.0,1.0,1.0,1.0,1.0,,,,,
0,Family,Person,15,1_1_1,0.08415841584158416,0.1552511415525114,1.0,0.08415841584158416,0.08415841584158416,,,,,
0,Family,Person,20,0_0_0,0.6287128712871287,0.7720364741641338,1.0,0.6287128712871287,0.6287128712871287,,,,,
0,Family,Person,20,0_0_1,0.801980198019802,0.8901098901098901,1.0,0.801980198019802,0.801980198019802,,,,,
0,Family,Person,20,0_1_0,0.9801980198019802,0.99,1.0,0.9801980198019802,0.9801980198019802,,,,,
0,Family,Person,20,1_0_0,1.0,1.0,1.0,1.0,1.0,,,,,
0,Family,Person,20,1_1_1,0.039603960396039604,0.0761904761904762,1.0,0.039603960396039604,0.039603960396039604,,,,,
0,Family,Person,25,0_0_0,0.6138613861386139,0.7607361963190185,1.0,0.6138613861386139,0.6138613861386139,,,,,
0,Family,Person,25,0_0_1,0.7524752475247525,0.8587570621468926,1.0,0.7524752475247525,0.7524752475247525,,,,,
0,Family,Person,25,0_1_0,0.9603960396039604,0.9797979797979798,1.0,0.9603960396039604,0.9603960396039604,,,,,
0,Family,Person,25,1_0_0,1.0,1.0,1.0,1.0,1.0,,,,,
0,Family,Person,25,1_1_1,0.0297029702970297,0.057692307692307696,1.0,0.0297029702970297,0.0297029702970297,,,,,
0,Family,Person,30,0_0_0,0.5792079207920792,0.7335423197492164,1.0,0.5792079207920792,0.5792079207920792,,,,,
0,Family,Person,30,0_0_1,0.7326732673267327,0.8457142857142858,1.0,0.7326732673267327,0.7326732673267327,,,,,
0,Family,Person,30,0_1_0,0.9900990099009901,0.9950248756218906,1.0,0.9900990099009901,0.9900990099009901,,,,,
0,Family,Person,30,1_0_0,1.0,1.0,1.0,1.0,1.0,,,,,
0,Family,Person,30,1_1_1,0.0,0.0,0.0,0.0,0.0,,,,,
0,Family,Person,35,0_0_0,0.5247524752475248,0.6883116883116883,1.0,0.5247524752475248,0.5247524752475248,,,,,
0,Family,Person,35,0_0_1,0.8168316831683168,0.8991825613079019,1.0,0.8168316831683168,0.8168316831683168,,,,,
0,Family,Person,35,0_1_0,0.9356435643564357,0.9667519181585678,1.0,0.9356435643564357,0.9356435643564357,,,,,
0,Family,Person,35,1_0_0,1.0,1.0,1.0,1.0,1.0,,,,,
0,Family,Person,35,1_1_1,0.599009900990099,0.7492260061919505,1.0,0.599009900990099,0.599009900990099,,,,,
0,Family,Person,40,0_0_0,0.46534653465346537,0.6351351351351351,1.0,0.46534653465346537,0.46534653465346537,,,,,
0,Family,Person,40,0_0_1,0.801980198019802,0.8901098901098901,1.0,0.801980198019802,0.801980198019802,,,,,
0,Family,Person,40,0_1_0,0.9207920792079208,0.9587628865979382,1.0,0.9207920792079208,0.9207920792079208,,,,,
0,Family,Person,40,1_0_0,1.0,1.0,1.0,1.0,1.0,,,,,
0,Family,Person,40,1_1_1,0.5693069306930693,0.7255520504731862,1.0,0.5693069306930693,0.5693069306930693,,,,,
0,Family,Person,45,0_0_0,0.4207920792079208,0.5923344947735192,1.0,0.4207920792079208,0.4207920792079208,,,,,
0,Family,Person,45,0_0_1,0.6633663366336634,0.7976190476190477,1.0,0.6633663366336634,0.6633663366336634,,,,,
0,Family,Person,45,0_1_0,0.9108910891089109,0.9533678756476683,1.0,0.9108910891089109,0.9108910891089109,,,,,
0,Family,Person,45,1_0_0,1.0,1.0,1.0,1.0,1.0,,,,,
0,Family,Person,45,1_1_1,0.42574257425742573,0.5972222222222222,1.0,0.42574257425742573,0.42574257425742573,,,,,
0,Family,Person,50,0_0_0,0.25742574257425743,0.4094488188976378,1.0,0.25742574257425743,0.25742574257425743,,,,,
0,Family,Person,50,0_0_1,0.6485148514851485,0.7867867867867868,1.0,0.6485148514851485,0.6485148514851485,,,,,
0,Family,Person,50,0_1_0,0.9900990099009901,0.9950248756218906,1.0,0.9900990099009901,0.9900990099009901,,,,,
0,Family,Person,50,1_0_0,1.0,1.0,1.0,1.0,1.0,,,,,
0,Family,Person,50,1_1_1,0.1485148514851485,0.25862068965517243,1.0,0.1485148514851485,0.1485148514851485,,,,,
0,Family,Person,55,0_0_0,0.0049504950495049506,0.009852216748768473,1.0,0.0049504950495049506,0.0049504950495049506,,,,,
0,Family,Person,55,0_0_1,0.4504950495049505,0.621160409556314,1.0,0.4504950495049505,0.4504950495049505,,,,,
0,Family,Person,55,0_1_0,0.7821782178217822,0.8777777777777778,1.0,0.7821782178217822,0.7821782178217822,,,,,
0,Family,Person,55,1_0_0,0.905940594059406,0.9506493506493506,1.0,0.905940594059406,0.905940594059406,,,,,
0,Family,Person,55,1_1_1,0.3118811881188119,0.47547169811320755,1.0,0.3118811881188119,0.3118811881188119,,,,,
0,Family,Person,60,0_0_0,0.2871287128712871,0.4461538461538462,1.0,0.2871287128712871,0.2871287128712871,,,,,
0,Family,Person,60,0_0_1,0.400990099009901,0.5724381625441696,1.0,0.400990099009901,0.400990099009901,,,,,
0,Family,Person,60,0_1_0,0.7821782178217822,0.8777777777777778,1.0,0.7821782178217822,0.7821782178217822,,,,,
0,Family,Person,60,1_0_0,0.9207920792079208,0.9587628865979382,1.0,0.9207920792079208,0.9207920792079208,,,,,
0,Family,Person,60,1_1_1,0.3118811881188119,0.47547169811320755,1.0,0.3118811881188119,0.3118811881188119,,,,,
0,Family,Person,65,0_0_0,0.3465346534653465,0.5147058823529411,1.0,0.3465346534653465,0.3465346534653465,,,,,
0,Family,Person,65,0_0_1,0.3613861386138614,0.5309090909090909,1.0,0.3613861386138614,0.3613861386138614,,,,,
0,Family,Person,65,0_1_0,0.7079207920792079,0.8289855072463768,1.0,0.7079207920792079,0.7079207920792079,,,,,
0,Family,Person,65,1_0_0,0.8910891089108911,0.9424083769633508,1.0,0.8910891089108911,0.8910891089108911,,,,,
0,Family,Person,65,1_1_1,0.3415841584158416,0.5092250922509225,1.0,0.3415841584158416,0.3415841584158416,,,,,
0,Family,Person,70,0_0_0,0.2079207920792079,0.3442622950819672,1.0,0.2079207920792079,0.2079207920792079,,,,,
0,Family,Person,70,0_0_1,0.30198019801980197,0.46387832699619774,1.0,0.30198019801980197,0.30198019801980197,,,,,
0,Family,Person,70,0_1_0,0.6386138613861386,0.7794561933534743,1.0,0.6386138613861386,0.6386138613861386,,,,,
0,Family,Person,70,1_0_0,0.8861386138613861,0.9396325459317585,1.0,0.8861386138613861,0.8861386138613861,,,,,
0,Family,Person,70,1_1_1,0.23267326732673269,0.37751004016064255,1.0,0.23267326732673269,0.23267326732673269,,,,,
0,Family,Person,75,0_0_0,0.23267326732673269,0.37751004016064255,1.0,0.23267326732673269,0.23267326732673269,,,,,
0,Family,Person,75,0_0_1,0.2524752475247525,0.4031620553359684,1.0,0.2524752475247525,0.2524752475247525,,,,,
0,Family,Person,75,0_1_0,0.3316831683168317,0.49814126394052044,1.0,0.3316831683168317,0.3316831683168317,,,,,
0,Family,Person,75,1_0_0,0.8217821782178217,0.9021739130434783,1.0,0.8217821782178217,0.8217821782178217,,,,,
0,Family,Person,75,1_1_1,0.5891089108910891,0.7414330218068536,1.0,0.5891089108910891,0.5891089108910891,,,,,
0,Family,Person,80,0_0_0,0.18811881188118812,0.31666666666666665,1.0,0.18811881188118812,0.18811881188118812,,,,,
0,Family,Person,80,0_0_1,0.20297029702970298,0.3374485596707819,1.0,0.20297029702970298,0.20297029702970298,,,,,
0,Family,Person,80,0_1_0,0.20297029702970298,0.3374485596707819,1.0,0.20297029702970298,0.20297029702970298,,,,,
0,Family,Person,80,1_0_0,0.8267326732673267,0.9051490514905149,1.0,0.8267326732673267,0.8267326732673267,,,,,
0,Family,Person,80,1_1_1,0.5544554455445545,0.7133757961783439,1.0,0.5544554455445545,0.5544554455445545,,,,,
0,Family,Daughter,0,0_0_0,0.7115384615384616,0.8314606741573034,1.0,0.9257425742574258,0.7115384615384616,,,,,
0,Family,Daughter,0,0_0_1,1.0,0.9285714285714286,0.8666666666666667,0.9603960396039604,0.8666666666666667,,,,,
0,Family,Daughter,0,0_1_0,1.0,0.7323943661971831,0.5777777777777777,0.8118811881188119,0.5777777777777777,,,,,
0,Family,Daughter,0,1_0_0,1.0,0.48826291079812206,0.32298136645962733,0.4603960396039604,0.32298136645962733,,,,,
0,Family,Daughter,0,1_1_1,0.057692307692307696,0.06666666666666667,0.07894736842105263,0.5841584158415841,0.034482758620689655,,,,,
0,Family,Daughter,5,0_0_0,0.7307692307692307,0.8444444444444444,1.0,0.9306930693069307,0.7307692307692307,0.0,0.0,0.0,0.0,0.0
0,Family,Daughter,5,0_0_1,1.0,0.9541284403669725,0.9122807017543859,0.9752475247524752,0.9122807017543859,1.0,1.0,1.0,1.0,1.0
0,Family,Daughter,5,0_1_0,1.0,0.8,0.6666666666666666,0.8712871287128713,0.6666666666666666,1.0,1.0,1.0,1.0,1.0
0,Family,Daughter,5,1_0_0,1.0,0.5,0.3333333333333333,0.48514851485148514,0.3333333333333333,1.0,1.0,1.0,1.0,1.0
0,Family,Daughter,5,1_1_1,0.11538461538461539,0.13186813186813187,0.15384615384615385,0.6089108910891089,0.07058823529411765,1.0,1.0,1.0,1.0,1.0
0,Family,Daughter,10,0_0_0,0.6153846153846154,0.7619047619047619,1.0,0.900990099009901,0.6153846153846154,0.0,0.0,0.0,0.0,0.0
0,Family,Daughter,10,0_0_1,0.9615384615384616,0.9615384615384616,0.9615384615384616,0.9801980198019802,0.9259259259259259,0.6,0.75,1.0,0.6,0.6
0,Family,Daughter,10,0_1_0,0.9807692307692307,0.7906976744186046,0.6623376623376623,0.8663366336633663,0.6538461538461539,0.8,0.8888888888888888,1.0,0.8,0.8
0,Family,Daughter,10,1_0_0,1.0,0.5174129353233831,0.348993288590604,0.5198019801980198,0.348993288590604,1.0,1.0,1.0,1.0,1.0
0,Family,Daughter,10,1_1_1,0.17307692307692307,0.17647058823529413,0.18,0.5841584158415841,0.0967741935483871,0.6,0.75,1.0,0.6,0.6
0,Family,Daughter,15,0_0_0,0.6153846153846154,0.7619047619047619,1.0,0.900990099009901,0.6153846153846154,0.0,0.0,0.0,0.0,0.0
0,Family,Daughter,15,0_0_1,0.9615384615384616,0.9803921568627451,1.0,0.9900990099009901,0.9615384615384616,0.7142857142857143,0.8333333333333334,1.0,0.7142857142857143,0.7142857142857143
0,Family,Daughter,15,0_1_0,0.9807692307692307,0.8292682926829268,0.7183098591549296,0.8960396039603961,0.7083333333333334,0.8571428571428571,0.9230769230769231,1.0,0.8571428571428571,0.8571428571428571
0,Family,Daughter,15,1_0_0,1.0,0.5306122448979592,0.3611111111111111,0.5445544554455446,0.3611111111111111,1.0,1.0,1.0,1.0,1.0
0,Family,Daughter,15,1_1_1,0.36538461538461536,0.3114754098360656,0.2714285714285714,0.5841584158415841,0.18446601941747573,0.8571428571428571,0.9230769230769231,1.0,0.8571428571428571,0.8571428571428571
0,Family,Daughter,20,0_0_0,0.5,0.6666666666666666,1.0,0.8712871287128713,0.5,0.0,0.0,0.0,0.0,0.0
0,Family,Daughter,20,0_0_1,0.9230769230769231,0.9504950495049505,0.9795918367346939,0.9752475247524752,0.9056603773584906,0.6,0.75,1.0,0.6,0.6
0,Family,Daughter,20,0_1_0,0.9615384615384616,0.7874015748031497,0.6666666666666666,0.8663366336633663,0.6493506493506493,0.8,0.8888888888888888,1.0,0.8,0.8
0,Family,Daughter,20,1_0_0,1.0,0.5621621621621622,0.39097744360902253,0.599009900990099,0.39097744360902253,1.0,1.0,1.0,1.0,1.0
0,Family,Daughter,20,1_1_1,0.4423076923076923,0.31724137931034485,0.24731182795698925,0.5099009900990099,0.1885245901639344,0.8,0.8888888888888888,1.0,0.8,0.8
0,Family,Daughter,25,0_0_0,0.36538461538461536,0.5352112676056338,1.0,0.8366336633663366,0.36538461538461536,0.0,0.0,0.0,0.0,0.0
0,Family,Daughter,25,0_0_1,0.9230769230769231,0.9056603773584906,0.8888888888888888,0.9504950495049505,0.8275862068965517,0.6923076923076923,0.8181818181818182,1.0,0.6923076923076923,0.6923076923076923
0,Family,Daughter,25,0_1_0,1.0,0.6666666666666666,0.5,0.7425742574257426,0.5,1.0,1.0,1.0,1.0,1.0
0,Family,Daughter,25,1_0_0,1.0,0.5416666666666666,0.37142857142857144,0.5643564356435643,0.37142857142857144,1.0,1.0,1.0,1.0,1.0
0,Family,Daughter,25,1_1_1,0.5,0.3611111111111111,0.2826086956521739,0.5445544554455446,0.22033898305084745,0.6153846153846154,0.7619047619047619,1.0,0.6153846153846154,0.6153846153846154
0,Family,Daughter,30,0_0_0,0.3076923076923077,0.47058823529411764,1.0,0.8217821782178217,0.3076923076923077,0.0,0.0,0.0,0.0,0.0
0,Family,Daughter,30,0_0_1,0.7307692307692307,0.8351648351648352,0.9743589743589743,0.9257425742574258,0.7169811320754716,0.06666666666666667,0.125,1.0,0.06666666666666667,0.06666666666666667
0,Family,Daughter,30,0_1_0,0.9807692307692307,0.8292682926829268,0.7183098591549296,0.8960396039603961,0.7083333333333334,0.9333333333333333,0.9655172413793104,1.0,0.9333333333333333,0.9333333333333333
0,Family,Daughter,30,1_0_0,0.9807692307692307,0.6623376623376623,0.5,0.7425742574257426,0.49514563106796117,0.9333333333333333,0.9655172413793104,1.0,0.9333333333333333,0.9333333333333333
0,Family,Daughter,30,1_1_1,0.0,0.0,0.0,0.6683168316831684,0.0,0.0,0.0,0.0,0.0,0.0
0,Family,Daughter,35,0_0_0,0.38461538461538464,0.5555555555555556,1.0,0.8415841584158416,0.38461538461538464,0.0,0.0,0.0,0.0,0.0
0,Family,Daughter,35,0_0_1,0.7692307692307693,0.8333333333333334,0.9090909090909091,0.9207920792079208,0.7142857142857143,0.3333333333333333,0.5,1.0,0.3333333333333333,0.3333333333333333
0,Family,Daughter,35,0_1_0,0.9615384615384616,0.7936507936507936,0.6756756756756757,0.8712871287128713,0.6578947368421053,0.8888888888888888,0.9411764705882353,1.0,0.8888888888888888,0.8888888888888888
0,Family,Daughter,35,1_0_0,1.0,0.5502645502645502,0.3795620437956204,0.5792079207920792,0.3795620437956204,1.0,1.0,1.0,1.0,1.0
0,Family,Daughter,35,1_1_1,0.038461538461538464,0.034482758620689655,0.03125,0.44554455445544555,0.017543859649122806,0.1111111111111111,0.2,1.0,0.1111111111111111,0.1111111111111111
0,Family,Daughter,40,0_0_0,0.1346153846153846,0.23728813559322035,1.0,0.7772277227722773,0.1346153846153846,0.0,0.0,0.0,0.0,0.0
0,Family,Daughter,40,0_0_1,0.7884615384615384,0.8367346938775511,0.8913043478260869,0.9207920792079208,0.7192982456140351,0.45,0.6206896551724138,1.0,0.45,0.45
0,Family,Daughter,40,0_1_0,0.8846153846153846,0.8141592920353983,0.7540983606557377,0.8960396039603961,0.6865671641791045,0.7,0.8235294117647058,1.0,0.7,0.7
0,Family,Daughter,40,1_0_0,1.0,0.5148514851485149,0.3466666666666667,0.5148514851485149,0.3466666666666667,1.0,1.0,1.0,1.0,1.0
0,Family,Daughter,40,1_1_1,0.1346153846153846,0.0958904109589041,0.07446808510638298,0.3465346534653465,0.050359712230215826,0.25,0.4,1.0,0.25,0.25
0,Family,Daughter,45,0_0_0,0.15384615384615385,0.26666666666666666,1.0,0.7821782178217822,0.15384615384615385,0.0,0.0,0.0,0.0,0.0
0,Family,Daughter,45,0_0_1,0.6923076923076923,0.7346938775510204,0.782608695652174,0.8712871287128713,0.5806451612903226,0.30434782608695654,0.4666666666666667,1.0,0.30434782608695654,0.30434782608695654
0,Family,Daughter,45,0_1_0,0.8846153846153846,0.8518518518518519,0.8214285714285714,0.9207920792079208,0.7419354838709677,0.7391304347826086,0.85,1.0,0.7391304347826086,0.7391304347826086
0,Family,Daughter,45,1_0_0,1.0,0.5148514851485149,0.3466666666666667,0.5148514851485149,0.3466666666666667,1.0,1.0,1.0,1.0,1.0
0,Family,Daughter,45,1_1_1,0.057692307692307696,0.04878048780487805,0.04225352112676056,0.4207920792079208,0.025,0.08695652173913043,0.16,1.0,0.08695652173913043,0.08695652173913043
0,Family,Daughter,50,0_0_0,0.1346153846153846,0.23728813559322035,1.0,0.7772277227722773,0.1346153846153846,0.0,0.0,0.0,0.0,0.0
0,Family,Daughter,50,0_0_1,0.6923076923076923,0.8,0.9473684210526315,0.9108910891089109,0.6666666666666666,0.38461538461538464,0.5555555555555556,1.0,0.38461538461538464,0.38461538461538464
0,Family,Daughter,50,0_1_0,0.8653846153846154,0.7964601769911505,0.7377049180327869,0.8861386138613861,0.6617647058823529,0.7307692307692307,0.8444444444444444,1.0,0.7307692307692307,0.7307692307692307
0,Family,Daughter,50,1_0_0,1.0,0.48598130841121495,0.32098765432098764,0.45544554455445546,0.32098765432098764,1.0,1.0,1.0,1.0,1.0
0,Family,Daughter,50,1_1_1,0.17307692307692307,0.14754098360655737,0.12857142857142856,0.48514851485148514,0.07964601769911504,0.3076923076923077,0.47058823529411764,1.0,0.3076923076923077,0.3076923076923077
0,Family,Daughter,55,0_0_0,0.09615384615384616,0.17543859649122806,1.0,0.7673267326732673,0.09615384615384616,0.0,0.0,0.0,0.0,0.0
0,Family,Daughter,55,0_0_1,0.6538461538461539,0.7727272727272727,0.9444444444444444,0.900990099009901,0.6296296296296297,0.35714285714285715,0.5263157894736842,1.0,0.35714285714285715,0.35714285714285715
0,Family,Daughter,55,0_1_0,0.8846153846153846,0.8214285714285714,0.7666666666666667,0.900990099009901,0.696969696969697,0.7857142857142857,0.88,1.0,0.7857142857142857,0.7857142857142857
0,Family,Daughter,55,1_0_0,1.0,0.48148148148148145,0.3170731707317073,0.44554455445544555,0.3170731707317073,1.0,1.0,1.0,1.0,1.0
0,Family,Daughter,55,1_1_1,0.15384615384615385,0.12698412698412698,0.10810810810810811,0.45544554455445546,0.06779661016949153,0.2857142857142857,0.4444444444444444,1.0,0.2857142857142857,0.2857142857142857
0,Family,Daughter,60,0_0_0,0.07692307692307693,0.14285714285714285,1.0,0.7623762376237624,0.07692307692307693,0.0,0.0,0.0,0.0,0.0
0,Family,Daughter,60,0_0_1,0.5384615384615384,0.6829268292682927,0.9333333333333333,0.8712871287128713,0.5185185185185185,0.22580645161290322,0.3684210526315789,1.0,0.22580645161290322,0.22580645161290322
0,Family,Daughter,60,0_1_0,0.8653846153846154,0.8181818181818182,0.7758620689655172,0.900990099009901,0.6923076923076923,0.7741935483870968,0.8727272727272727,1.0,0.7741935483870968,0.7741935483870968
0,Family,Daughter,60,1_0_0,1.0,0.4663677130044843,0.30409356725146197,0.41089108910891087,0.30409356725146197,1.0,1.0,1.0,1.0,1.0
0,Family,Daughter,60,1_1_1,0.1346153846153846,0.1206896551724138,0.109375,0.49504950495049505,0.06422018348623854,0.22580645161290322,0.3684210526315789,1.0,0.22580645161290322,0.22580645161290322
0,Family,Daughter,65,0_0_0,0.07692307692307693,0.14285714285714285,1.0,0.7623762376237624,0.07692307692307693,0.0,0.0,0.0,0.0,0.0
0,Family,Daughter,65,0_0_1,0.5,0.6582278481012658,0.9629629629629629,0.8663366336633663,0.49056603773584906,0.21212121212121213,0.35,1.0,0.21212121212121213,0.21212121212121213
0,Family,Daughter,65,0_1_0,0.8653846153846154,0.7894736842105263,0.7258064516129032,0.8811881188118812,0.6521739130434783,0.7878787878787878,0.8813559322033898,1.0,0.7878787878787878,0.7878787878787878
0,Family,Daughter,65,1_0_0,1.0,0.47706422018348627,0.3132530120481928,0.43564356435643564,0.3132530120481928,1.0,1.0,1.0,1.0,1.0
0,Family,Daughter,65,1_1_1,0.1346153846153846,0.112,0.0958904109589041,0.4504950495049505,0.059322033898305086,0.21212121212121213,0.35,1.0,0.21212121212121213,0.21212121212121213
0,Family,Daughter,70,0_0_0,0.07692307692307693,0.14285714285714285,1.0,0.7623762376237624,0.07692307692307693,0.0,0.0,0.0,0.0,0.0
0,Family,Daughter,70,0_0_1,0.40384615384615385,0.5675675675675675,0.9545454545454546,0.8415841584158416,0.39622641509433965,0.1388888888888889,0.24390243902439024,1.0,0.1388888888888889,0.1388888888888889
0,Family,Daughter,70,0_1_0,0.7307692307692307,0.7169811320754716,0.7037037037037037,0.8514851485148515,0.5588235294117647,0.6111111111111112,0.7586206896551724,1.0,0.6111111111111112,0.6111111111111112
0,Family,Daughter,70,1_0_0,1.0,0.47706422018348627,0.3132530120481928,0.43564356435643564,0.3132530120481928,1.0,1.0,1.0,1.0,1.0
0,Family,Daughter,70,1_1_1,0.1346153846153846,0.11965811965811966,0.1076923076923077,0.4900990099009901,0.06363636363636363,0.16666666666666666,0.2857142857142857,1.0,0.16666666666666666,0.16666666666666666
0,Family,Daughter,75,0_0_0,0.019230769230769232,0.03773584905660377,1.0,0.7475247524752475,0.019230769230769232,0.0,0.0,0.0,0.0,0.0
0,Family,Daughter,75,0_0_1,0.25,0.4,1.0,0.806930693069307,0.25,0.0,0.0,0.0,0.0,0.0
0,Family,Daughter,75,0_1_0,0.6923076923076923,0.7272727272727273,0.7659574468085106,0.8663366336633663,0.5714285714285714,0.5897435897435898,0.7419354838709677,1.0,0.5897435897435898,0.5897435897435898
0,Family,Daughter,75,1_0_0,0.8846153846153846,0.5476190476190477,0.39655172413793105,0.6237623762376238,0.3770491803278688,0.8461538461538461,0.9166666666666666,1.0,0.8461538461538461,0.8461538461538461
0,Family,Daughter,75,1_1_1,0.17307692307692307,0.1565217391304348,0.14285714285714285,0.5198019801980198,0.08490566037735849,0.23076923076923078,0.375,1.0,0.23076923076923078,0.23076923076923078
0,Family,Daughter,80,0_0_0,0.057692307692307696,0.10909090909090909,1.0,0.7574257425742574,0.057692307692307696,0.0,0.0,0.0,0.0,0.0
0,Family,Daughter,80,0_0_1,0.28846153846153844,0.4411764705882353,0.9375,0.8118811881188119,0.2830188679245283,0.0975609756097561,0.17777777777777778,1.0,0.0975609756097561,0.0975609756097561
0,Family,Daughter,80,0_1_0,0.7307692307692307,0.7037037037037037,0.6785714285714286,0.8415841584158416,0.5428571428571428,0.6585365853658537,0.7941176470588235,1.0,0.6585365853658537,0.6585365853658537
0,Family,Daughter,80,1_0_0,0.8846153846153846,0.4946236559139785,0.34328358208955223,0.5346534653465347,0.32857142857142857,0.8536585365853658,0.9210526315789473,1.0,0.8536585365853658,0.8536585365853658
0,Family,Daughter,80,1_1_1,0.17307692307692307,0.140625,0.11842105263157894,0.45544554455445546,0.07563025210084033,0.21951219512195122,0.36,1.0,0.21951219512195122,0.21951219512195122
0,Family,Female,0,0_0_0,0.8061224489795918,0.8926553672316384,1.0,0.905940594059406,0.8061224489795918,,,,,
0,Family,Female,0,0_0_1,1.0,0.9849246231155779,0.9702970297029703,0.9851485148514851,0.9702970297029703,,,,,
0,Family,Female,0,0_1_0,1.0,0.8032786885245902,0.6712328767123288,0.7623762376237624,0.6712328767123288,,,,,
0,Family,Female,0,1_0_0,1.0,0.7,0.5384615384615384,0.5841584158415841,0.5384615384615384,,,,,
0,Family,Female,0,1_1_1,0.030612244897959183,0.04195804195804196,0.06666666666666667,0.3217821782178218,0.02142857142857143,,,,,
0,Family,Female,5,0_0_0,0.9081632653061225,0.9518716577540107,1.0,0.9554455445544554,0.9081632653061225,,,,,
0,Family,Female,5,0_0_1,0.9591836734693877,0.9591836734693877,0.9591836734693877,0.9603960396039604,0.9215686274509803,,,,,
0,Family,Female,5,0_1_0,1.0,0.8596491228070176,0.7538461538461538,0.8415841584158416,0.7538461538461538,,,,,
0,Family,Female,5,1_0_0,1.0,0.6712328767123288,0.5051546391752577,0.5247524752475248,0.5051546391752577,,,,,
0,Family,Female,5,1_1_1,0.42857142857142855,0.5874125874125874,0.9333333333333333,0.7079207920792079,0.4158415841584158,,,,,
0,Family,Female,10,0_0_0,0.8775510204081632,0.9347826086956522,1.0,0.9405940594059405,0.8775510204081632,,,,,
0,Family,Female,10,0_0_1,0.9081632653061225,0.9468085106382979,0.9888888888888889,0.9504950495049505,0.898989898989899,,,,,
0,Family,Female,10,0_1_0,1.0,0.8868778280542986,0.7967479674796748,0.8762376237623762,0.7967479674796748,,,,,
0,Family,Female,10,1_0_0,1.0,0.7127272727272728,0.5536723163841808,0.6089108910891089,0.5536723163841808,,,,,
0,Family,Female,10,1_1_1,0.32653061224489793,0.48854961832061067,0.9696969696969697,0.6683168316831684,0.32323232323232326,,,,,
0,Family,Female,15,0_0_0,0.826530612244898,0.9050279329608939,1.0,0.9158415841584159,0.826530612244898,0.0,0.0,0.0,0.0,0.0
0,Family,Female,15,0_0_1,0.8571428571428571,0.9180327868852459,0.9882352941176471,0.9257425742574258,0.8484848484848485,0.0,0.0,0.0,0.0,0.0
0,Family,Female,15,0_1_0,1.0,0.8711111111111111,0.7716535433070866,0.8564356435643564,0.7716535433070866,1.0,1.0,1.0,1.0,1.0
0,Family,Female,15,1_0_0,1.0,0.7050359712230215,0.5444444444444444,0.594059405940594,0.5444444444444444,1.0,1.0,1.0,1.0,1.0
0,Family,Female,15,1_1_1,0.336734693877551,0.5,0.9705882352941176,0.6732673267326733,0.3333333333333333,0.0,0.0,0.0,0.0,0.0
0,Family,Female,20,0_0_0,0.7857142857142857,0.88,1.0,0.8960396039603961,0.7857142857142857,0.0,0.0,0.0,0.0,0.0
0,Family,Female,20,0_0_1,0.8061224489795918,0.8876404494382022,0.9875,0.900990099009901,0.797979797979798,0.0,0.0,0.0,0.0,0.0
0,Family,Female,20,0_1_0,1.0,0.8412017167381974,0.725925925925926,0.8168316831683168,0.725925925925926,1.0,1.0,1.0,1.0,1.0
0,Family,Female,20,1_0_0,1.0,0.7153284671532847,0.5568181818181818,0.6138613861386139,0.5568181818181818,1.0,1.0,1.0,1.0,1.0
0,Family,Female,20,1_1_1,0.3673469387755102,0.5333333333333333,0.972972972972973,0.6881188118811881,0.36363636363636365,0.0,0.0,0.0,0.0,0.0
0,Family,Female,25,0_0_0,0.7244897959183674,0.8402366863905325,1.0,0.8663366336633663,0.7244897959183674,0.0,0.0,0.0,0.0,0.0
0,Family,Female,25,0_0_1,0.7551020408163265,0.8554913294797688,0.9866666666666667,0.8762376237623762,0.7474747474747475,0.0,0.0,0.0,0.0,0.0
0,Family,Female,25,0_1_0,0.9795918367346939,0.8067226890756303,0.6857142857142857,0.7722772277227723,0.676056338028169,1.0,1.0,1.0,1.0,1.0
0,Family,Female,25,1_0_0,1.0,0.7,0.5384615384615384,0.5841584158415841,0.5384615384615384,1.0,1.0,1.0,1.0,1.0
0,Family,Female,25,1_1_1,0.3163265306122449,0.47692307692307695,0.96875,0.6633663366336634,0.31313131313131315,0.5,0.6666666666666666,1.0,0.5,0.5
0,Family,Female,30,0_0_0,0.5918367346938775,0.7435897435897436,1.0,0.801980198019802,0.5918367346938775,0.0,0.0,0.0,0.0,0.0
0,Family,Female,30,0_0_1,0.7040816326530612,0.8263473053892215,1.0,0.8564356435643564,0.7040816326530612,0.0,0.0,0.0,0.0,0.0
0,Family,Female,30,0_1_0,0.9693877551020408,0.7883817427385892,0.6643356643356644,0.7475247524752475,0.6506849315068494,0.6666666666666666,0.8,1.0,0.6666666666666666,0.6666666666666666
0,Family,Female,30,1_0_0,0.9897959183673469,0.6879432624113475,0.5271739130434783,0.5643564356435643,0.5243243243243243,1.0,1.0,1.0,1.0,1.0
0,Family,Female,30,1_1_1,0.3673469387755102,0.4931506849315068,0.75,0.6336633663366337,0.32727272727272727,0.6666666666666666,0.8,1.0,0.6666666666666666,0.6666666666666666
0,Family,Female,35,0_0_0,0.41836734693877553,0.5899280575539568,1.0,0.7178217821782178,0.41836734693877553,0.0,0.0,0.0,0.0,0.0
0,Family,Female,35,0_0_1,0.6530612244897959,0.7901234567901234,1.0,0.8316831683168316,0.6530612244897959,0.0,0.0,0.0,0.0,0.0
0,Family,Female,35,0_1_0,0.9693877551020408,0.8085106382978723,0.6934306569343066,0.7772277227722773,0.6785714285714286,1.0,1.0,1.0,1.0,1.0
0,Family,Female,35,1_0_0,1.0,0.6758620689655173,0.5104166666666666,0.5346534653465347,0.5104166666666666,1.0,1.0,1.0,1.0,1.0
0,Family,Female,35,1_1_1,0.16326530612244897,0.2689075630252101,0.7619047619047619,0.5693069306930693,0.1553398058252427,0.25,0.4,1.0,0.25,0.25
0,Family,Female,40,0_0_0,0.3673469387755102,0.5373134328358209,1.0,0.693069306930693,0.3673469387755102,0.0,0.0,0.0,0.0,0.0
0,Family,Female,40,0_0_1,0.6020408163265306,0.7515923566878981,1.0,0.806930693069307,0.6020408163265306,0.0,0.0,0.0,0.0,0.0
0,Family,Female,40,0_1_0,0.8775510204081632,0.7644444444444445,0.6771653543307087,0.7376237623762376,0.6187050359712231,0.8,0.8888888888888888,1.0,0.8,0.8
0,Family,Female,40,1_0_0,1.0,0.717948717948718,0.56,0.6188118811881188,0.56,1.0,1.0,1.0,1.0,1.0
0,Family,Female,40,1_1_1,0.29591836734693877,0.3945578231292517,0.5918367346938775,0.5594059405940595,0.2457627118644068,0.0,0.0,0.0,0.0,0.0
0,Family,Female,45,0_0_0,0.11224489795918367,0.2018348623853211,1.0,0.5693069306930693,0.11224489795918367,0.0,0.0,0.0,0.0,0.0
0,Family,Female,45,0_0_1,0.5612244897959183,0.7142857142857143,0.9821428571428571,0.7821782178217822,0.5555555555555556,0.0,0.0,0.0,0.0,0.0
0,Family,Female,45,0_1_0,0.6224489795918368,0.7261904761904762,0.8714285714285714,0.7722772277227723,0.5700934579439252,0.3333333333333333,0.5,1.0,0.3333333333333333,0.3333333333333333
0,Family,Female,45,1_0_0,0.9591836734693877,0.7175572519083969,0.573170731707317,0.6336633663366337,0.5595238095238095,1.0,1.0,1.0,1.0,1.0
0,Family,Female,45,1_1_1,0.20408163265306123,0.3252032520325203,0.8,0.5891089108910891,0.1941747572815534,0.0,0.0,0.0,0.0,0.0
0,Family,Female,50,0_0_0,0.01020408163265306,0.020202020202020204,1.0,0.5198019801980198,0.01020408163265306,0.0,0.0,0.0,0.0,0.0
0,Family,Female,50,0_0_1,0.6632653061224489,0.7692307692307693,0.9154929577464789,0.806930693069307,0.625,0.16666666666666666,0.2857142857142857,1.0,0.16666666666666666,0.16666666666666666
0,Family,Female,50,0_1_0,0.8877551020408163,0.8169014084507042,0.7565217391304347,0.806930693069307,0.6904761904761905,0.8333333333333334,0.9090909090909091,1.0,0.8333333333333334,0.8333333333333334
0,Family,Female,50,1_0_0,0.9795918367346939,0.6808510638297872,0.5217391304347826,0.5544554455445545,0.5161290322580645,1.0,1.0,1.0,1.0,1.0
0,Family,Female,50,1_1_1,0.3877551020408163,0.5467625899280576,0.926829268292683,0.6881188118811881,0.37623762376237624,0.0,0.0,0.0,0.0,0.0
0,Family,Female,55,0_0_0,0.01020408163265306,0.020202020202020204,1.0,0.5198019801980198,0.01020408163265306,0.0,0.0,0.0,0.0,0.0
0,Family,Female,55,0_0_1,0.6326530612244898,0.7425149700598802,0.8985507246376812,0.7871287128712872,0.5904761904761905,0.16666666666666666,0.2857142857142857,1.0,0.16666666666666666,0.16666666666666666
0,Family,Female,55,0_1_0,0.8673469387755102,0.8173076923076923,0.7727272727272727,0.8118811881188119,0.6910569105691057,0.8333333333333334,0.9090909090909091,1.0,0.8333333333333334,0.8333333333333334
0,Family,Female,55,1_0_0,0.9795918367346939,0.6713286713286714,0.5106382978723404,0.5346534653465347,0.5052631578947369,1.0,1.0,1.0,1.0,1.0
0,Family,Female,55,1_1_1,0.336734693877551,0.49624060150375937,0.9428571428571428,0.6683168316831684,0.33,0.0,0.0,0.0,0.0,0.0
0,Family,Female,60,0_0_0,0.12244897959183673,0.21818181818181817,1.0,0.5742574257425742,0.12244897959183673,0.0,0.0,0.0,0.0,0.0
0,Family,Female,60,0_0_1,0.47959183673469385,0.6482758620689655,1.0,0.7475247524752475,0.47959183673469385,0.3333333333333333,0.5,1.0,0.3333333333333333,0.3333333333333333
0,Family,Female,60,0_1_0,0.7959183673469388,0.8478260869565217,0.9069767441860465,0.8613861386138614,0.7358490566037735,0.6666666666666666,0.8,1.0,0.6666666666666666,0.6666666666666666
0,Family,Female,60,1_0_0,1.0,0.7153284671532847,0.5568181818181818,0.6138613861386139,0.5568181818181818,1.0,1.0,1.0,1.0,1.0
0,Family,Female,60,1_1_1,0.5918367346938775,0.5201793721973094,0.464,0.47029702970297027,0.3515151515151515,0.5,0.6666666666666666,1.0,0.5,0.5
0,Family,Female,65,0_0_0,0.1326530612244898,0.23423423423423423,1.0,0.5792079207920792,0.1326530612244898,0.0,0.0,0.0,0.0,0.0
0,Family,Female,65,0_0_1,0.45918367346938777,0.6293706293706294,1.0,0.7376237623762376,0.45918367346938777,0.42857142857142855,0.6,1.0,0.42857142857142855,0.42857142857142855
0,Family,Female,65,0_1_0,0.7346938775510204,0.8089887640449438,0.9,0.8316831683168316,0.6792452830188679,0.8571428571428571,0.9230769230769231,1.0,0.8571428571428571,0.8571428571428571
0,Family,Female,65,1_0_0,1.0,0.7232472324723247,0.5664739884393064,0.6287128712871287,0.5664739884393064,1.0,1.0,1.0,1.0,1.0
0,Family,Female,65,1_1_1,0.5204081632653061,0.4744186046511628,0.4358974358974359,0.4405940594059406,0.31097560975609756,0.42857142857142855,0.6,1.0,0.42857142857142855,0.42857142857142855
0,Family,Female,70,0_0_0,0.12244897959183673,0.21818181818181817,1.0,0.5742574257425742,0.12244897959183673,0.0,0.0,0.0,0.0,0.0
0,Family,Female,70,0_0_1,0.3979591836734694,0.5693430656934306,1.0,0.7079207920792079,0.3979591836734694,0.42857142857142855,0.6,1.0,0.42857142857142855,0.42857142857142855
0,Family,Female,70,0_1_0,0.6224489795918368,0.7218934911242604,0.8591549295774648,0.7673267326732673,0.5648148148148148,0.42857142857142855,0.6,1.0,0.42857142857142855,0.42857142857142855
0,Family,Female,70,1_0_0,1.0,0.7340823970037453,0.5798816568047337,0.6485148514851485,0.5798816568047337,1.0,1.0,1.0,1.0,1.0
0,Family,Female,70,1_1_1,0.7040816326530612,0.5798319327731093,0.4928571428571429,0.504950495049505,0.40828402366863903,0.7142857142857143,0.8333333333333334,1.0,0.7142857142857143,0.7142857142857143
0,Family,Female,75,0_0_0,0.17346938775510204,0.2956521739130435,1.0,0.599009900990099,0.17346938775510204,0.0,0.0,0.0,0.0,0.0
0,Family,Female,75,0_0_1,0.29591836734693877,0.4566929133858268,1.0,0.6584158415841584,0.29591836734693877,0.0,0.0,0.0,0.0,0.0
0,Family,Female,75,0_1_0,0.5918367346938775,0.6904761904761905,0.8285714285714286,0.7425742574257426,0.5272727272727272,0.0,0.0,0.0,0.0,0.0
0,Family,Female,75,1_0_0,0.9183673469387755,0.6642066420664207,0.5202312138728323,0.5495049504950495,0.4972375690607735,0.5,0.6666666666666666,1.0,0.5,0.5
0,Family,Female,75,1_1_1,0.01020408163265306,0.02,0.5,0.5148514851485149,0.010101010101010102,0.0,0.0,0.0,0.0,0.0
0,Family,Female,80,0_0_0,0.09183673469387756,0.16822429906542055,1.0,0.5594059405940595,0.09183673469387756,0.0,0.0,0.0,0.0,0.0
0,Family,Female,80,0_0_1,0.2653061224489796,0.41935483870967744,1.0,0.6435643564356436,0.2653061224489796,0.0,0.0,0.0,0.0,0.0
0,Family,Female,80,0_1_0,0.5,0.6282051282051282,0.8448275862068966,0.7128712871287128,0.45794392523364486,0.0,0.0,0.0,0.0,0.0
0,Family,Female,80,1_0_0,0.9387755102040817,0.673992673992674,0.5257142857142857,0.5594059405940595,0.5082872928176796,0.5555555555555556,0.7142857142857143,1.0,0.5555555555555556,0.5555555555555556
0,Family,Female,80,1_1_1,0.01020408163265306,0.020202020202020204,1.0,0.5198019801980198,0.01020408163265306,0.0,0.0,0.0,0.0,0.0
0,Family,Father,0,0_0_0,0.03333333333333333,0.06451612903225806,1.0,0.7128712871287128,0.03333333333333333,,,,,
0,Family,Father,0,0_0_1,1.0,0.9302325581395349,0.8695652173913043,0.9554455445544554,0.8695652173913043,,,,,
0,Family,Father,0,0_1_0,1.0,0.6936416184971098,0.5309734513274337,0.7376237623762376,0.5309734513274337,,,,,
0,Family,Father,0,1_0_0,1.0,0.5263157894736842,0.35714285714285715,0.46534653465346537,0.35714285714285715,,,,,
0,Family,Father,0,1_1_1,0.0,0.0,0.0,0.5396039603960396,0.0,,,,,
0,Family,Father,5,0_0_0,0.03333333333333333,0.06451612903225806,1.0,0.7128712871287128,0.03333333333333333,0.0,0.0,0.0,0.0,0.0
0,Family,Father,5,0_0_1,0.9666666666666667,0.9354838709677419,0.90625,0.9603960396039604,0.8787878787878788,0.3333333333333333,0.5,1.0,0.3333333333333333,0.3333333333333333
0,Family,Father,5,0_1_0,1.0,0.6818181818181818,0.5172413793103449,0.7227722772277227,0.5172413793103449,1.0,1.0,1.0,1.0,1.0
0,Family,Father,5,1_0_0,1.0,0.5357142857142857,0.36585365853658536,0.48514851485148514,0.36585365853658536,1.0,1.0,1.0,1.0,1.0
0,Family,Father,5,1_1_1,0.0,0.0,0.0,0.5247524752475248,0.0,0.0,0.0,0.0,0.0,0.0
0,Family,Father,10,0_0_0,0.016666666666666666,0.03278688524590164,1.0,0.7079207920792079,0.016666666666666666,0.0,0.0,0.0,0.0,0.0
0,Family,Father,10,0_0_1,0.9666666666666667,0.90625,0.8529411764705882,0.9405940594059405,0.8285714285714286,0.6666666666666666,0.8,1.0,0.6666666666666666,0.6666666666666666
0,Family,Father,10,0_1_0,1.0,0.6896551724137931,0.5263157894736842,0.7326732673267327,0.5263157894736842,1.0,1.0,1.0,1.0,1.0
0,Family,Father,10,1_0_0,1.0,0.5555555555555556,0.38461538461538464,0.5247524752475248,0.38461538461538464,1.0,1.0,1.0,1.0,1.0
0,Family,Father,10,1_1_1,0.0,0.0,0.0,0.4752475247524752,0.0,0.0,0.0,0.0,0.0,0.0
0,Family,Father,15,0_0_0,0.016666666666666666,0.03278688524590164,1.0,0.7079207920792079,0.016666666666666666,0.0,0.0,0.0,0.0,0.0
0,Family,Father,15,0_0_1,0.9166666666666666,0.8527131782945736,0.7971014492753623,0.905940594059406,0.7432432432432432,0.4444444444444444,0.6153846153846154,1.0,0.4444444444444444,0.4444444444444444
0,Family,Father,15,0_1_0,0.9833333333333333,0.686046511627907,0.5267857142857143,0.7326732673267327,0.5221238938053098,0.8888888888888888,0.9411764705882353,1.0,0.8888888888888888,0.8888888888888888
0,Family,Father,15,1_0_0,1.0,0.5504587155963303,0.379746835443038,0.5148514851485149,0.379746835443038,1.0,1.0,1.0,1.0,1.0
0,Family,Father,15,1_1_1,0.0,0.0,0.0,0.4306930693069307,0.0,0.0,0.0,0.0,0.0,0.0
0,Family,Father,20,0_0_0,0.016666666666666666,0.03278688524590164,1.0,0.7079207920792079,0.016666666666666666,0.0,0.0,0.0,0.0,0.0
0,Family,Father,20,0_0_1,0.85,0.8571428571428571,0.864406779661017,0.9158415841584159,0.75,0.25,0.4,1.0,0.25,0.25
0,Family,Father,20,0_1_0,0.9833333333333333,0.7065868263473054,0.5514018691588785,0.7574257425742574,0.5462962962962963,0.9166666666666666,0.9565217391304348,1.0,0.9166666666666666,0.9166666666666666
0,Family,Father,20,1_0_0,1.0,0.5633802816901409,0.39215686274509803,0.5396039603960396,0.39215686274509803,1.0,1.0,1.0,1.0,1.0
0,Family,Father,20,1_1_1,0.0,0.0,0.0,0.46534653465346537,0.0,0.0,0.0,0.0,0.0,0.0
0,Family,Father,25,0_0_0,0.016666666666666666,0.03278688524590164,1.0,0.7079207920792079,0.016666666666666666,0.0,0.0,0.0,0.0,0.0
0,Family,Father,25,0_0_1,0.8333333333333334,0.8264462809917356,0.819672131147541,0.8960396039603961,0.704225352112676,0.3333333333333333,0.5,1.0,0.3333333333333333,0.3333333333333333
0,Family,Father,25,0_1_0,0.9833333333333333,0.7108433734939759,0.5566037735849056,0.7623762376237624,0.5514018691588785,0.9333333333333333,0.9655172413793104,1.0,0.9333333333333333,0.9333333333333333
0,Family,Father,25,1_0_0,1.0,0.5769230769230769,0.40540540540540543,0.5643564356435643,0.40540540540540543,1.0,1.0,1.0,1.0,1.0
0,Family,Father,25,1_1_1,0.0,0.0,0.0,0.4900990099009901,0.0,0.0,0.0,0.0,0.0,0.0
0,Family,Father,30,0_0_0,0.0,0.0,0.0,0.7029702970297029,0.0,0.0,0.0,0.0,0.0,0.0
0,Family,Father,30,0_0_1,0.8,0.7804878048780488,0.7619047619047619,0.8663366336633663,0.64,0.3333333333333333,0.5,1.0,0.3333333333333333,0.3333333333333333
0,Family,Father,30,0_1_0,0.8666666666666667,0.7428571428571429,0.65,0.8217821782178217,0.5909090909090909,0.5555555555555556,0.7142857142857143,1.0,0.5555555555555556,0.5555555555555556
0,Family,Father,30,1_0_0,1.0,0.5084745762711864,0.3409090909090909,0.42574257425742573,0.3409090909090909,1.0,1.0,1.0,1.0,1.0
0,Family,Father,30,1_1_1,0.9666666666666667,0.703030303030303,0.5523809523809524,0.7574257425742574,0.5420560747663551,0.9444444444444444,0.9714285714285714,1.0,0.9444444444444444,0.9444444444444444
0,Family,Father,35,0_0_0,0.0,0.0,0.0,0.7029702970297029,0.0,0.0,0.0,0.0,0.0,0.0
0,Family,Father,35,0_0_1,0.7666666666666667,0.7540983606557377,0.7419354838709677,0.8514851485148515,0.6052631578947368,0.3333333333333333,0.5,1.0,0.3333333333333333,0.3333333333333333
0,Family,Father,35,0_1_0,0.8833333333333333,0.7681159420289855,0.6794871794871795,0.8415841584158416,0.6235294117647059,0.6666666666666666,0.8,1.0,0.6666666666666666,0.6666666666666666
0,Family,Father,35,1_0_0,1.0,0.5063291139240507,0.3389830508474576,0.4207920792079208,0.3389830508474576,1.0,1.0,1.0,1.0,1.0
0,Family,Father,35,1_1_1,0.9833333333333333,0.7151515151515152,0.5619047619047619,0.7673267326732673,0.5566037735849056,1.0,1.0,1.0,1.0,1.0
0,Family,Father,40,0_0_0,0.0,0.0,0.0,0.7029702970297029,0.0,0.0,0.0,0.0,0.0,0.0
0,Family,Father,40,0_0_1,0.7333333333333333,0.7719298245614035,0.8148148148148148,0.8712871287128713,0.6285714285714286,0.3333333333333333,0.5,1.0,0.3333333333333333,0.3333333333333333
0,Family,Father,40,0_1_0,0.8833333333333333,0.762589928057554,0.6708860759493671,0.8366336633663366,0.6162790697674418,0.7083333333333334,0.8292682926829268,1.0,0.7083333333333334,0.7083333333333334
0,Family,Father,40,1_0_0,1.0,0.5194805194805194,0.3508771929824561,0.4504950495049505,0.3508771929824561,1.0,1.0,1.0,1.0,1.0
0,Family,Father,40,1_1_1,0.9833333333333333,0.7151515151515152,0.5619047619047619,0.7673267326732673,0.5566037735849056,1.0,1.0,1.0,1.0,1.0
0,Family,Father,45,0_0_0,0.0,0.0,0.0,0.7029702970297029,0.0,0.0,0.0,0.0,0.0,0.0
0,Family,Father,45,0_0_1,0.7166666666666667,0.7413793103448276,0.7678571428571429,0.8514851485148515,0.589041095890411,0.37037037037037035,0.5405405405405406,1.0,0.37037037037037035,0.37037037037037035
0,Family,Father,45,0_1_0,0.8166666666666667,0.7368421052631579,0.6712328767123288,0.8267326732673267,0.5833333333333334,0.5925925925925926,0.7441860465116279,1.0,0.5925925925925926,0.5925925925925926
0,Family,Father,45,1_0_0,1.0,0.5106382978723404,0.34285714285714286,0.4306930693069307,0.34285714285714286,1.0,1.0,1.0,1.0,1.0
0,Family,Father,45,1_1_1,0.9666666666666667,0.7073170731707317,0.5576923076923077,0.7623762376237624,0.5471698113207547,0.9629629629629629,0.9811320754716981,1.0,0.9629629629629629,0.9629629629629629
0,Family,Father,50,0_0_0,0.0,0.0,0.0,0.7029702970297029,0.0,0.0,0.0,0.0,0.0,0.0
0,Family,Father,50,0_0_1,0.6166666666666667,0.6851851851851852,0.7708333333333334,0.8316831683168316,0.5211267605633803,0.23333333333333334,0.3783783783783784,1.0,0.23333333333333334,0.23333333333333334
0,Family,Father,50,0_1_0,0.6833333333333333,0.6721311475409836,0.6612903225806451,0.801980198019802,0.5061728395061729,0.36666666666666664,0.5365853658536586,1.0,0.36666666666666664,0.36666666666666664
0,Family,Father,50,1_0_0,1.0,0.5084745762711864,0.3409090909090909,0.42574257425742573,0.3409090909090909,1.0,1.0,1.0,1.0,1.0
0,Family,Father,50,1_1_1,0.9666666666666667,0.6946107784431138,0.5420560747663551,0.7475247524752475,0.5321100917431193,0.9666666666666667,0.9830508474576272,1.0,0.9666666666666667,0.9666666666666667
0,Family,Father,55,0_0_0,0.0,0.0,0.0,0.7029702970297029,0.0,0.0,0.0,0.0,0.0,0.0
0,Family,Father,55,0_0_1,0.55,0.6666666666666666,0.8461538461538461,0.8366336633663366,0.5,0.18181818181818182,0.3076923076923077,1.0,0.18181818181818182,0.18181818181818182
0,Family,Father,55,0_1_0,0.5666666666666667,0.6126126126126126,0.6666666666666666,0.7871287128712872,0.44155844155844154,0.21212121212121213,0.35,1.0,0.21212121212121213,0.21212121212121213
0,Family,Father,55,1_0_0,1.0,0.5194805194805194,0.3508771929824561,0.4504950495049505,0.3508771929824561,1.0,1.0,1.0,1.0,1.0
0,Family,Father,55,1_1_1,0.43333333333333335,0.38235294117647056,0.34210526315789475,0.5841584158415841,0.23636363636363636,0.18181818181818182,0.3076923076923077,1.0,0.18181818181818182,0.18181818181818182
0,Family,Father,60,0_0_0,0.016666666666666666,0.03278688524590164,1.0,0.7079207920792079,0.016666666666666666,0.0,0.0,0.0,0.0,0.0
0,Family,Father,60,0_0_1,0.7166666666666667,0.7818181818181819,0.86,0.8811881188118812,0.6417910447761194,0.5277777777777778,0.6909090909090909,1.0,0.5277777777777778,0.5277777777777778
0,Family,Father,60,0_1_0,0.8,0.6620689655172414,0.5647058823529412,0.7574257425742574,0.4948453608247423,0.6666666666666666,0.8,1.0,0.6666666666666666,0.6666666666666666
0,Family,Father,60,1_0_0,1.0,0.47619047619047616,0.3125,0.3465346534653465,0.3125,1.0,1.0,1.0,1.0,1.0
0,Family,Father,60,1_1_1,0.1,0.15584415584415584,0.35294117647058826,0.6782178217821783,0.08450704225352113,0.027777777777777776,0.05405405405405406,1.0,0.027777777777777776,0.027777777777777776
0,Family,Father,65,0_0_0,0.016666666666666666,0.03278688524590164,1.0,0.7079207920792079,0.016666666666666666,0.0,0.0,0.0,0.0,0.0
0,Family,Father,65,0_0_1,0.6166666666666667,0.7115384615384616,0.8409090909090909,0.8514851485148515,0.5522388059701493,0.41025641025641024,0.5818181818181818,1.0,0.41025641025641024,0.41025641025641024
0,Family,Father,65,0_1_0,0.7166666666666667,0.6466165413533834,0.589041095890411,0.7673267326732673,0.4777777777777778,0.5641025641025641,0.7213114754098361,1.0,0.5641025641025641,0.5641025641025641
0,Family,Father,65,1_0_0,1.0,0.4838709677419355,0.3191489361702128,0.36633663366336633,0.3191489361702128,1.0,1.0,1.0,1.0,1.0
0,Family,Father,65,1_1_1,0.26666666666666666,0.2962962962962963,0.3333333333333333,0.6237623762376238,0.17391304347826086,0.1282051282051282,0.22727272727272727,1.0,0.1282051282051282,0.1282051282051282
0,Family,Father,70,0_0_0,0.016666666666666666,0.03278688524590164,1.0,0.7079207920792079,0.016666666666666666,0.0,0.0,0.0,0.0,0.0
0,Family,Father,70,0_0_1,0.6,0.6857142857142857,0.8,0.8366336633663366,0.5217391304347826,0.42857142857142855,0.6,1.0,0.42857142857142855,0.42857142857142855
0,Family,Father,70,0_1_0,0.6833333333333333,0.5985401459854015,0.5324675324675324,0.7277227722772277,0.4270833333333333,0.5476190476190477,0.7076923076923077,1.0,0.5476190476190477,0.5476190476190477
0,Family,Father,70,1_0_0,1.0,0.4897959183673469,0.32432432432432434,0.3811881188118812,0.32432432432432434,1.0,1.0,1.0,1.0,1.0
0,Family,Father,70,1_1_1,0.3,0.32432432432432434,0.35294117647058826,0.6287128712871287,0.1935483870967742,0.19047619047619047,0.32,1.0,0.19047619047619047,0.19047619047619047
0,Family,Father,75,0_0_0,0.03333333333333333,0.06451612903225806,1.0,0.7128712871287128,0.03333333333333333,0.0,0.0,0.0,0.0,0.0
0,Family,Father,75,0_0_1,0.4,0.5161290322580645,0.7272727272727273,0.7772277227722773,0.34782608695652173,0.2,0.3333333333333333,1.0,0.2,0.2
0,Family,Father,75,0_1_0,0.55,0.5454545454545454,0.5409836065573771,0.7277227722772277,0.375,0.4,0.5714285714285714,1.0,0.4,0.4
0,Family,Father,75,1_0_0,1.0,0.5,0.3333333333333333,0.40594059405940597,0.3333333333333333,1.0,1.0,1.0,1.0,1.0
0,Family,Father,75,1_1_1,0.23333333333333334,0.30434782608695654,0.4375,0.6831683168316832,0.1794871794871795,0.2,0.3333333333333333,1.0,0.2,0.2
0,Family,Father,80,0_0_0,0.03333333333333333,0.06451612903225806,1.0,0.7128712871287128,0.03333333333333333,0.0,0.0,0.0,0.0,0.0
0,Family,Father,80,0_0_1,0.45,0.5510204081632653,0.7105263157894737,0.7821782178217822,0.38028169014084506,0.3125,0.47619047619047616,1.0,0.3125,0.3125
0,Family,Father,80,0_1_0,0.4166666666666667,0.49504950495049505,0.6097560975609756,0.7475247524752475,0.32894736842105265,0.2708333333333333,0.4262295081967213,1.0,0.2708333333333333,0.2708333333333333
0,Family,Father,80,1_0_0,0.95,0.4810126582278481,0.3220338983050847,0.3910891089108911,0.31666666666666665,0.9375,0.967741935483871,1.0,0.9375,0.9375
0,Family,Father,80,1_1_1,0.25,0.20134228187919462,0.16853932584269662,0.41089108910891087,0.11194029850746269,0.3125,0.47619047619047616,1.0,0.3125,0.3125
0,Family,Parent,0,0_0_0,0.0,0.0,0.0,0.40594059405940597,0.0,,,,,
0,Family,Parent,0,0_0_1,0.008333333333333333,0.016260162601626018,0.3333333333333333,0.400990099009901,0.00819672131147541,,,,,
0,Family,Parent,0,0_1_0,0.19166666666666668,0.2929936305732484,0.6216216216216216,0.4504950495049505,0.17164179104477612,,,,,
0,Family,Parent,0,1_0_0,0.225,0.2918918918918919,0.4153846153846154,0.35148514851485146,0.17088607594936708,,,,,
0,Family,Parent,0,1_1_1,0.9333333333333333,0.7542087542087542,0.632768361581921,0.6386138613861386,0.6054054054054054,,,,,
0,Family,Parent,5,0_0_0,0.0,0.0,0.0,0.40594059405940597,0.0,,,,,
0,Family,Parent,5,0_0_1,0.008333333333333333,0.016260162601626018,0.3333333333333333,0.400990099009901,0.00819672131147541,,,,,
0,Family,Parent,5,0_1_0,0.19166666666666668,0.2929936305732484,0.6216216216216216,0.4504950495049505,0.17164179104477612,,,,,
0,Family,Parent,5,1_0_0,0.225,0.2918918918918919,0.4153846153846154,0.35148514851485146,0.17088607594936708,,,,,
0,Family,Parent,5,1_1_1,0.9333333333333333,0.7542087542087542,0.632768361581921,0.6386138613861386,0.6054054054054054,,,,,
0,Family,Parent,10,0_0_0,0.0,0.0,0.0,0.40594059405940597,0.0,,,,,
0,Family,Parent,10,0_0_1,0.008333333333333333,0.016260162601626018,0.3333333333333333,0.400990099009901,0.00819672131147541,,,,,
0,Family,Parent,10,0_1_0,0.19166666666666668,0.2929936305732484,0.6216216216216216,0.4504950495049505,0.17164179104477612,,,,,
0,Family,Parent,10,1_0_0,0.225,0.2918918918918919,0.4153846153846154,0.35148514851485146,0.17088607594936708,,,,,
0,Family,Parent,10,1_1_1,0.9333333333333333,0.7542087542087542,0.632768361581921,0.6386138613861386,0.6054054054054054,,,,,
0,Family,Parent,15,0_0_0,0.0,0.0,0.0,0.40594059405940597,0.0,,,,,
0,Family,Parent,15,0_0_1,0.008333333333333333,0.016260162601626018,0.3333333333333333,0.400990099009901,0.00819672131147541,,,,,
0,Family,Parent,15,0_1_0,0.19166666666666668,0.2929936305732484,0.6216216216216216,0.4504950495049505,0.17164179104477612,,,,,
0,Family,Parent,15,1_0_0,0.225,0.2918918918918919,0.4153846153846154,0.35148514851485146,0.17088607594936708,,,,,
0,Family,Parent,15,1_1_1,0.9333333333333333,0.7542087542087542,0.632768361581921,0.6386138613861386,0.6054054054054054,,,,,
0,Family,Parent,20,0_0_0,0.0,0.0,0.0,0.40594059405940597,0.0,,,,,
0,Family,Parent,20,0_0_1,0.008333333333333333,0.016260162601626018,0.3333333333333333,0.400990099009901,0.00819672131147541,,,,,
0,Family,Parent,20,0_1_0,0.19166666666666668,0.2929936305732484,0.6216216216216216,0.4504950495049505,0.17164179104477612,,,,,
0,Family,Parent,20,1_0_0,0.225,0.2918918918918919,0.4153846153846154,0.35148514851485146,0.17088607594936708,,,,,
0,Family,Parent,20,1_1_1,0.9333333333333333,0.7542087542087542,0.632768361581921,0.6386138613861386,0.6054054054054054,,,,,
0,Family,Parent,25,0_0_0,0.0,0.0,0.0,0.40594059405940597,0.0,,,,,
0,Family,Parent,25,0_0_1,0.008333333333333333,0.016260162601626018,0.3333333333333333,0.400990099009901,0.00819672131147541,,,,,
0,Family,Parent,25,0_1_0,0.19166666666666668,0.2929936305732484,0.6216216216216216,0.4504950495049505,0.17164179104477612,,,,,
0,Family,Parent,25,1_0_0,0.225,0.2918918918918919,0.4153846153846154,0.35148514851485146,0.17088607594936708,,,,,
0,Family,Parent,25,1_1_1,0.9333333333333333,0.7542087542087542,0.632768361581921,0.6386138613861386,0.6054054054054054,,,,,
0,Family,Parent,30,0_0_0,0.0,0.0,0.0,0.40594059405940597,0.0,,,,,
0,Family,Parent,30,0_0_1,0.008333333333333333,0.016260162601626018,0.3333333333333333,0.400990099009901,0.00819672131147541,,,,,
0,Family,Parent,30,0_1_0,0.19166666666666668,0.2929936305732484,0.6216216216216216,0.4504950495049505,0.17164179104477612,,,,,
0,Family,Parent,30,1_0_0,0.225,0.2918918918918919,0.4153846153846154,0.35148514851485146,0.17088607594936708,,,,,
0,Family,Parent,30,1_1_1,0.9333333333333333,0.7542087542087542,0.632768361581921,0.6386138613861386,0.6054054054054054,,,,,
0,Family,Parent,35,0_0_0,0.0,0.0,0.0,0.40594059405940597,0.0,,,,,
0,Family,Parent,35,0_0_1,0.008333333333333333,0.016260162601626018,0.3333333333333333,0.400990099009901,0.00819672131147541,,,,,
0,Family,Parent,35,0_1_0,0.19166666666666668,0.2929936305732484,0.6216216216216216,0.4504950495049505,0.17164179104477612,,,,,
0,Family,Parent,35,1_0_0,0.225,0.2918918918918919,0.4153846153846154,0.35148514851485146,0.17088607594936708,,,,,
0,Family,Parent,35,1_1_1,0.9333333333333333,0.7542087542087542,0.632768361581921,0.6386138613861386,0.6054054054054054,,,,,
0,Family,Parent,40,0_0_0,0.0,0.0,0.0,0.40594059405940597,0.0,,,,,
0,Family,Parent,40,0_0_1,0.008333333333333333,0.016260162601626018,0.3333333333333333,0.400990099009901,0.00819672131147541,,,,,
0,Family,Parent,40,0_1_0,0.19166666666666668,0.2929936305732484,0.6216216216216216,0.4504950495049505,0.17164179104477612,,,,,
0,Family,Parent,40,1_0_0,0.225,0.2918918918918919,0.4153846153846154,0.35148514851485146,0.17088607594936708,,,,,
0,Family,Parent,40,1_1_1,0.9333333333333333,0.7542087542087542,0.632768361581921,0.6386138613861386,0.6054054054054054,,,,,
0,Family,Parent,45,0_0_0,0.0,0.0,0.0,0.40594059405940597,0.0,,,,,
0,Family,Parent,45,0_0_1,0.008333333333333333,0.016260162601626018,0.3333333333333333,0.400990099009901,0.00819672131147541,,,,,
0,Family,Parent,45,0_1_0,0.19166666666666668,0.2929936305732484,0.6216216216216216,0.4504950495049505,0.17164179104477612,,,,,
0,Family,Parent,45,1_0_0,0.225,0.2918918918918919,0.4153846153846154,0.35148514851485146,0.17088607594936708,,,,,
0,Family,Parent,45,1_1_1,0.9333333333333333,0.7542087542087542,0.632768361581921,0.6386138613861386,0.6054054054054054,,,,,
0,Family,Parent,50,0_0_0,0.0,0.0,0.0,0.40594059405940597,0.0,,,,,
0,Family,Parent,50,0_0_1,0.008333333333333333,0.016260162601626018,0.3333333333333333,0.400990099009901,0.00819672131147541,,,,,
0,Family,Parent,50,0_1_0,0.19166666666666668,0.2929936305732484,0.6216216216216216,0.4504950495049505,0.17164179104477612,,,,,
0,Family,Parent,50,1_0_0,0.225,0.2918918918918919,0.4153846153846154,0.35148514851485146,0.17088607594936708,,,,,
0,Family,Parent,50,1_1_1,0.9333333333333333,0.7542087542087542,0.632768361581921,0.6386138613861386,0.6054054054054054,,,,,
0,Family,Parent,55,0_0_0,0.0,0.0,0.0,0.40594059405940597,0.0,,,,,
0,Family,Parent,55,0_0_1,0.008333333333333333,0.016260162601626018,0.3333333333333333,0.400990099009901,0.00819672131147541,,,,,
0,Family,Parent,55,0_1_0,0.19166666666666668,0.2929936305732484,0.6216216216216216,0.4504950495049505,0.17164179104477612,,,,,
0,Family,Parent,55,1_0_0,0.225,0.2918918918918919,0.4153846153846154,0.35148514851485146,0.17088607594936708,,,,,
0,Family,Parent,55,1_1_1,0.9333333333333333,0.7542087542087542,0.632768361581921,0.6386138613861386,0.6054054054054054,,,,,
0,Family,Parent,60,0_0_0,0.0,0.0,0.0,0.40594059405940597,0.0,,,,,
0,Family,Parent,60,0_0_1,0.008333333333333333,0.016260162601626018,0.3333333333333333,0.400990099009901,0.00819672131147541,,,,,
0,Family,Parent,60,0_1_0,0.19166666666666668,0.2929936305732484,0.6216216216216216,0.4504950495049505,0.17164179104477612,,,,,
0,Family,Parent,60,1_0_0,0.225,0.2918918918918919,0.4153846153846154,0.35148514851485146,0.17088607594936708,,,,,
0,Family,Parent,60,1_1_1,0.9333333333333333,0.7542087542087542,0.632768361581921,0.6386138613861386,0.6054054054054054,,,,,
0,Family,Parent,65,0_0_0,0.0,0.0,0.0,0.40594059405940597,0.0,,,,,
0,Family,Parent,65,0_0_1,0.008333333333333333,0.016260162601626018,0.3333333333333333,0.400990099009901,0.00819672131147541,,,,,
0,Family,Parent,65,0_1_0,0.19166666666666668,0.2929936305732484,0.6216216216216216,0.4504950495049505,0.17164179104477612,,,,,
0,Family,Parent,65,1_0_0,0.225,0.2918918918918919,0.4153846153846154,0.35148514851485146,0.17088607594936708,,,,,
0,Family,Parent,65,1_1_1,0.9333333333333333,0.7542087542087542,0.632768361581921,0.6386138613861386,0.6054054054054054,,,,,
0,Family,Parent,70,0_0_0,0.0,0.0,0.0,0.40594059405940597,0.0,,,,,
0,Family,Parent,70,0_0_1,0.008333333333333333,0.016260162601626018,0.3333333333333333,0.400990099009901,0.00819672131147541,,,,,
0,Family,Parent,70,0_1_0,0.19166666666666668,0.2929936305732484,0.6216216216216216,0.4504950495049505,0.17164179104477612,,,,,
0,Family,Parent,70,1_0_0,0.225,0.2918918918918919,0.4153846153846154,0.35148514851485146,0.17088607594936708,,,,,
0,Family,Parent,70,1_1_1,0.9333333333333333,0.7542087542087542,0.632768361581921,0.6386138613861386,0.6054054054054054,,,,,
0,Family,Parent,75,0_0_0,0.0,0.0,0.0,0.40594059405940597,0.0,,,,,
0,Family,Parent,75,0_0_1,0.008333333333333333,0.016260162601626018,0.3333333333333333,0.400990099009901,0.00819672131147541,,,,,
0,Family,Parent,75,0_1_0,0.19166666666666668,0.2929936305732484,0.6216216216216216,0.4504950495049505,0.17164179104477612,,,,,
0,Family,Parent,75,1_0_0,0.225,0.2918918918918919,0.4153846153846154,0.35148514851485146,0.17088607594936708,,,,,
0,Family,Parent,75,1_1_1,0.9333333333333333,0.7542087542087542,0.632768361581921,0.6386138613861386,0.6054054054054054,,,,,
0,Family,Parent,80,0_0_0,0.0,0.0,0.0,0.40594059405940597,0.0,,,,,
0,Family,Parent,80,0_0_1,0.008333333333333333,0.016260162601626018,0.3333333333333333,0.400990099009901,0.00819672131147541,,,,,
0,Family,Parent,80,0_1_0,0.19166666666666668,0.2929936305732484,0.6216216216216216,0.4504950495049505,0.17164179104477612,,,,,
0,Family,Parent,80,1_0_0,0.225,0.2918918918918919,0.4153846153846154,0.35148514851485146,0.17088607594936708,,,,,
0,Family,Parent,80,1_1_1,0.9333333333333333,0.7542087542087542,0.632768361581921,0.6386138613861386,0.6054054054054054,,,,,
0,Family,Grandchild,0,0_0_0,0.0,0.0,0.0,0.6039603960396039,0.0,,,,,
0,Family,Grandchild,0,0_0_1,0.0,0.0,0.0,0.6039603960396039,0.0,,,,,
0,Family,Grandchild,0,0_1_0,0.2125,0.3238095238095238,0.68,0.6485148514851485,0.19318181818181818,,,,,
0,Family,Grandchild,0,1_0_0,0.2875,0.39316239316239315,0.6216216216216216,0.6485148514851485,0.24468085106382978,,,,,
0,Family,Grandchild,0,1_1_1,0.65,0.48372093023255813,0.3851851851851852,0.4504950495049505,0.31901840490797545,,,,,
0,Family,Grandchild,5,0_0_0,0.0,0.0,0.0,0.6039603960396039,0.0,,,,,
0,Family,Grandchild,5,0_0_1,0.0,0.0,0.0,0.6039603960396039,0.0,,,,,
0,Family,Grandchild,5,0_1_0,0.2125,0.3238095238095238,0.68,0.6485148514851485,0.19318181818181818,,,,,
0,Family,Grandchild,5,1_0_0,0.2875,0.39316239316239315,0.6216216216216216,0.6485148514851485,0.24468085106382978,,,,,
0,Family,Grandchild,5,1_1_1,0.65,0.48372093023255813,0.3851851851851852,0.4504950495049505,0.31901840490797545,,,,,
0,Family,Grandchild,10,0_0_0,0.0,0.0,0.0,0.6039603960396039,0.0,,,,,
0,Family,Grandchild,10,0_0_1,0.0,0.0,0.0,0.6039603960396039,0.0,,,,,
0,Family,Grandchild,10,0_1_0,0.2125,0.3238095238095238,0.68,0.6485148514851485,0.19318181818181818,,,,,
0,Family,Grandchild,10,1_0_0,0.2875,0.39316239316239315,0.6216216216216216,0.6485148514851485,0.24468085106382978,,,,,
0,Family,Grandchild,10,1_1_1,0.65,0.48372093023255813,0.3851851851851852,0.4504950495049505,0.31901840490797545,,,,,
0,Family,Grandchild,15,0_0_0,0.0,0.0,0.0,0.6039603960396039,0.0,,,,,
0,Family,Grandchild,15,0_0_1,0.0,0.0,0.0,0.6039603960396039,0.0,,,,,
0,Family,Grandchild,15,0_1_0,0.2125,0.3238095238095238,0.68,0.6485148514851485,0.19318181818181818,,,,,
0,Family,Grandchild,15,1_0_0,0.2875,0.39316239316239315,0.6216216216216216,0.6485148514851485,0.24468085106382978,,,,,
0,Family,Grandchild,15,1_1_1,0.65,0.48372093023255813,0.3851851851851852,0.4504950495049505,0.31901840490797545,,,,,
0,Family,Grandchild,20,0_0_0,0.0,0.0,0.0,0.6039603960396039,0.0,,,,,
0,Family,Grandchild,20,0_0_1,0.0,0.0,0.0,0.6039603960396039,0.0,,,,,
0,Family,Grandchild,20,0_1_0,0.2125,0.3238095238095238,0.68,0.6485148514851485,0.19318181818181818,,,,,
0,Family,Grandchild,20,1_0_0,0.2875,0.39316239316239315,0.6216216216216216,0.6485148514851485,0.24468085106382978,,,,,
0,Family,Grandchild,20,1_1_1,0.65,0.48372093023255813,0.3851851851851852,0.4504950495049505,0.31901840490797545,,,,,
0,Family,Grandchild,25,0_0_0,0.0,0.0,0.0,0.6039603960396039,0.0,,,,,
0,Family,Grandchild,25,0_0_1,0.0,0.0,0.0,0.6039603960396039,0.0,,,,,
0,Family,Grandchild,25,0_1_0,0.2125,0.3238095238095238,0.68,0.6485148514851485,0.19318181818181818,,,,,
0,Family,Grandchild,25,1_0_0,0.2875,0.39316239316239315,0.6216216216216216,0.6485148514851485,0.24468085106382978,,,,,
0,Family,Grandchild,25,1_1_1,0.65,0.48372093023255813,0.3851851851851852,0.4504950495049505,0.31901840490797545,,,,,
0,Family,Grandchild,30,0_0_0,0.0,0.0,0.0,0.6039603960396039,0.0,,,,,
0,Family,Grandchild,30,0_0_1,0.0,0.0,0.0,0.6039603960396039,0.0,,,,,
0,Family,Grandchild,30,0_1_0,0.2125,0.3238095238095238,0.68,0.6485148514851485,0.19318181818181818,,,,,
0,Family,Grandchild,30,1_0_0,0.2875,0.39316239316239315,0.6216216216216216,0.6485148514851485,0.24468085106382978,,,,,
0,Family,Grandchild,30,1_1_1,0.65,0.48372093023255813,0.3851851851851852,0.4504950495049505,0.31901840490797545,,,,,
0,Family,Grandchild,35,0_0_0,0.0,0.0,0.0,0.6039603960396039,0.0,,,,,
0,Family,Grandchild,35,0_0_1,0.0,0.0,0.0,0.6039603960396039,0.0,,,,,
0,Family,Grandchild,35,0_1_0,0.2125,0.3238095238095238,0.68,0.6485148514851485,0.19318181818181818,,,,,
0,Family,Grandchild,35,1_0_0,0.2875,0.39316239316239315,0.6216216216216216,0.6485148514851485,0.24468085106382978,,,,,
0,Family,Grandchild,35,1_1_1,0.65,0.48372093023255813,0.3851851851851852,0.4504950495049505,0.31901840490797545,,,,,
0,Family,Grandchild,40,0_0_0,0.0,0.0,0.0,0.6039603960396039,0.0,,,,,
0,Family,Grandchild,40,0_0_1,0.0,0.0,0.0,0.6039603960396039,0.0,,,,,
0,Family,Grandchild,40,0_1_0,0.2125,0.3238095238095238,0.68,0.6485148514851485,0.19318181818181818,,,,,
0,Family,Grandchild,40,1_0_0,0.2875,0.39316239316239315,0.6216216216216216,0.6485148514851485,0.24468085106382978,,,,,
0,Family,Grandchild,40,1_1_1,0.65,0.48372093023255813,0.3851851851851852,0.4504950495049505,0.31901840490797545,,,,,
0,Family,Grandchild,45,0_0_0,0.0,0.0,0.0,0.6039603960396039,0.0,,,,,
0,Family,Grandchild,45,0_0_1,0.0,0.0,0.0,0.6039603960396039,0.0,,,,,
0,Family,Grandchild,45,0_1_0,0.2125,0.3238095238095238,0.68,0.6485148514851485,0.19318181818181818,,,,,
0,Family,Grandchild,45,1_0_0,0.2875,0.39316239316239315,0.6216216216216216,0.6485148514851485,0.24468085106382978,,,,,
0,Family,Grandchild,45,1_1_1,0.65,0.48372093023255813,0.3851851851851852,0.4504950495049505,0.31901840490797545,,,,,
0,Family,Grandchild,50,0_0_0,0.0,0.0,0.0,0.6039603960396039,0.0,,,,,
0,Family,Grandchild,50,0_0_1,0.0,0.0,0.0,0.6039603960396039,0.0,,,,,
0,Family,Grandchild,50,0_1_0,0.2125,0.3238095238095238,0.68,0.6485148514851485,0.19318181818181818,,,,,
0,Family,Grandchild,50,1_0_0,0.2875,0.39316239316239315,0.6216216216216216,0.6485148514851485,0.24468085106382978,,,,,
0,Family,Grandchild,50,1_1_1,0.65,0.48372093023255813,0.3851851851851852,0.4504950495049505,0.31901840490797545,,,,,
0,Family,Grandchild,55,0_0_0,0.0,0.0,0.0,0.6039603960396039,0.0,,,,,
0,Family,Grandchild,55,0_0_1,0.0,0.0,0.0,0.6039603960396039,0.0,,,,,
0,Family,Grandchild,55,0_1_0,0.2125,0.3238095238095238,0.68,0.6485148514851485,0.19318181818181818,,,,,
0,Family,Grandchild,55,1_0_0,0.2875,0.39316239316239315,0.6216216216216216,0.6485148514851485,0.24468085106382978,,,,,
0,Family,Grandchild,55,1_1_1,0.65,0.48372093023255813,0.3851851851851852,0.4504950495049505,0.31901840490797545,,,,,
0,Family,Grandchild,60,0_0_0,0.0,0.0,0.0,0.6039603960396039,0.0,,,,,
0,Family,Grandchild,60,0_0_1,0.0,0.0,0.0,0.6039603960396039,0.0,,,,,
0,Family,Grandchild,60,0_1_0,0.2125,0.3238095238095238,0.68,0.6485148514851485,0.19318181818181818,,,,,
0,Family,Grandchild,60,1_0_0,0.2875,0.39316239316239315,0.6216216216216216,0.6485148514851485,0.24468085106382978,,,,,
0,Family,Grandchild,60,1_1_1,0.65,0.48372093023255813,0.3851851851851852,0.4504950495049505,0.31901840490797545,,,,,
0,Family,Grandchild,65,0_0_0,0.0,0.0,0.0,0.6039603960396039,0.0,,,,,
0,Family,Grandchild,65,0_0_1,0.0,0.0,0.0,0.6039603960396039,0.0,,,,,
0,Family,Grandchild,65,0_1_0,0.2125,0.3238095238095238,0.68,0.6485148514851485,0.19318181818181818,,,,,
0,Family,Grandchild,65,1_0_0,0.2875,0.39316239316239315,0.6216216216216216,0.6485148514851485,0.24468085106382978,,,,,
0,Family,Grandchild,65,1_1_1,0.65,0.48372093023255813,0.3851851851851852,0.4504950495049505,0.31901840490797545,,,,,
0,Family,Grandchild,70,0_0_0,0.0,0.0,0.0,0.6039603960396039,0.0,,,,,
0,Family,Grandchild,70,0_0_1,0.0,0.0,0.0,0.6039603960396039,0.0,,,,,
0,Family,Grandchild,70,0_1_0,0.2125,0.3238095238095238,0.68,0.6485148514851485,0.19318181818181818,,,,,
0,Family,Grandchild,70,1_0_0,0.2875,0.39316239316239315,0.6216216216216216,0.6485148514851485,0.24468085106382978,,,,,
0,Family,Grandchild,70,1_1_1,0.65,0.48372093023255813,0.3851851851851852,0.4504950495049505,0.31901840490797545,,,,,
0,Family,Grandchild,75,0_0_0,0.0,0.0,0.0,0.6039603960396039,0.0,,,,,
0,Family,Grandchild,75,0_0_1,0.0,0.0,0.0,0.6039603960396039,0.0,,,,,
0,Family,Grandchild,75,0_1_0,0.2125,0.3238095238095238,0.68,0.6485148514851485,0.19318181818181818,,,,,
0,Family,Grandchild,75,1_0_0,0.2875,0.39316239316239315,0.6216216216216216,0.6485148514851485,0.24468085106382978,,,,,
0,Family,Grandchild,75,1_1_1,0.65,0.48372093023255813,0.3851851851851852,0.4504950495049505,0.31901840490797545,,,,,
0,Family,Grandchild,80,0_0_0,0.0,0.0,0.0,0.6039603960396039,0.0,,,,,
0,Family,Grandchild,80,0_0_1,0.0,0.0,0.0,0.6039603960396039,0.0,,,,,
0,Family,Grandchild,80,0_1_0,0.2125,0.3238095238095238,0.68,0.6485148514851485,0.19318181818181818,,,,,
0,Family,Grandchild,80,1_0_0,0.2875,0.39316239316239315,0.6216216216216216,0.6485148514851485,0.24468085106382978,,,,,
0,Family,Grandchild,80,1_1_1,0.65,0.48372093023255813,0.3851851851851852,0.4504950495049505,0.31901840490797545,,,,,
0,Family,Granddaughter,0,0_0_0,0.08108108108108109,0.15,1.0,0.8316831683168316,0.08108108108108109,,,,,
0,Family,Granddaughter,0,0_0_1,1.0,0.9736842105263158,0.9487179487179487,0.9900990099009901,0.9487179487179487,,,,,
0,Family,Granddaughter,0,0_1_0,1.0,0.7254901960784313,0.5692307692307692,0.8613861386138614,0.5692307692307692,,,,,
0,Family,Granddaughter,0,1_0_0,1.0,0.387434554973822,0.24025974025974026,0.4207920792079208,0.24025974025974026,,,,,
0,Family,Granddaughter,0,1_1_1,0.35135135135135137,0.14130434782608695,0.08843537414965986,0.21782178217821782,0.07602339181286549,,,,,
0,Family,Granddaughter,5,0_0_0,0.08108108108108109,0.15,1.0,0.8316831683168316,0.08108108108108109,0.0,0.0,0.0,0.0,0.0
0,Family,Granddaughter,5,0_0_1,0.972972972972973,0.9473684210526315,0.9230769230769231,0.9801980198019802,0.9,0.0,0.0,0.0,0.0,0.0
0,Family,Granddaughter,5,0_1_0,1.0,0.7047619047619048,0.5441176470588235,0.8465346534653465,0.5441176470588235,1.0,1.0,1.0,1.0,1.0
0,Family,Granddaughter,5,1_0_0,1.0,0.3854166666666667,0.23870967741935484,0.4158415841584158,0.23870967741935484,1.0,1.0,1.0,1.0,1.0
0,Family,Granddaughter,5,1_1_1,0.3783783783783784,0.15384615384615385,0.09655172413793103,0.2376237623762376,0.08333333333333333,1.0,1.0,1.0,1.0,1.0
0,Family,Granddaughter,10,0_0_0,0.05405405405405406,0.10256410256410256,1.0,0.8267326732673267,0.05405405405405406,0.0,0.0,0.0,0.0,0.0
0,Family,Granddaughter,10,0_0_1,0.9459459459459459,0.9459459459459459,0.9459459459459459,0.9801980198019802,0.8974358974358975,0.3333333333333333,0.5,1.0,0.3333333333333333,0.3333333333333333
0,Family,Granddaughter,10,0_1_0,1.0,0.6851851851851852,0.5211267605633803,0.8316831683168316,0.5211267605633803,1.0,1.0,1.0,1.0,1.0
0,Family,Granddaughter,10,1_0_0,1.0,0.3915343915343915,0.24342105263157895,0.4306930693069307,0.24342105263157895,1.0,1.0,1.0,1.0,1.0
0,Family,Granddaughter,10,1_1_1,0.3783783783783784,0.15217391304347827,0.09523809523809523,0.22772277227722773,0.08235294117647059,1.0,1.0,1.0,1.0,1.0
0,Family,Granddaughter,15,0_0_0,0.08108108108108109,0.15,1.0,0.8316831683168316,0.08108108108108109,0.0,0.0,0.0,0.0,0.0
0,Family,Granddaughter,15,0_0_1,0.8918918918918919,0.9295774647887324,0.9705882352941176,0.9752475247524752,0.868421052631579,0.2,0.3333333333333333,1.0,0.2,0.2
0,Family,Granddaughter,15,0_1_0,0.972972972972973,0.6792452830188679,0.5217391304347826,0.8316831683168316,0.5142857142857142,0.8,0.8888888888888888,1.0,0.8,0.8
0,Family,Granddaughter,15,1_0_0,1.0,0.4111111111111111,0.25874125874125875,0.4752475247524752,0.25874125874125875,1.0,1.0,1.0,1.0,1.0
0,Family,Granddaughter,15,1_1_1,0.32432432432432434,0.13114754098360656,0.0821917808219178,0.21287128712871287,0.07017543859649122,0.8,0.8888888888888888,1.0,0.8,0.8
0,Family,Granddaughter,20,0_0_0,0.10810810810810811,0.1951219512195122,1.0,0.8366336633663366,0.10810810810810811,0.0,0.0,0.0,0.0,0.0
0,Family,Granddaughter,20,0_0_1,0.8378378378378378,0.8985507246376812,0.96875,0.9653465346534653,0.8157894736842105,0.14285714285714285,0.25,1.0,0.14285714285714285,0.14285714285714285
0,Family,Granddaughter,20,0_1_0,1.0,0.6607142857142857,0.49333333333333335,0.8118811881188119,0.49333333333333335,1.0,1.0,1.0,1.0,1.0
0,Family,Granddaughter,20,1_0_0,1.0,0.4157303370786517,0.2624113475177305,0.48514851485148514,0.2624113475177305,1.0,1.0,1.0,1.0,1.0
0,Family,Granddaughter,20,1_1_1,0.4594594594594595,0.18085106382978725,0.11258278145695365,0.2376237623762376,0.09941520467836257,0.8571428571428571,0.9230769230769231,1.0,0.8571428571428571,0.8571428571428571
0,Family,Granddaughter,25,0_0_0,0.08108108108108109,0.15,1.0,0.8316831683168316,0.08108108108108109,0.0,0.0,0.0,0.0,0.0
0,Family,Granddaughter,25,0_0_1,0.8108108108108109,0.8695652173913043,0.9375,0.9554455445544554,0.7692307692307693,0.2222222222222222,0.36363636363636365,1.0,0.2222222222222222,0.2222222222222222
0,Family,Granddaughter,25,0_1_0,0.972972972972973,0.6792452830188679,0.5217391304347826,0.8316831683168316,0.5142857142857142,0.8888888888888888,0.9411764705882353,1.0,0.8888888888888888,0.8888888888888888
0,Family,Granddaughter,25,1_0_0,1.0,0.4157303370786517,0.2624113475177305,0.48514851485148514,0.2624113475177305,1.0,1.0,1.0,1.0,1.0
0,Family,Granddaughter,25,1_1_1,0.4864864864864865,0.1925133689839572,0.12,0.2524752475247525,0.10650887573964497,0.8888888888888888,0.9411764705882353,1.0,0.8888888888888888,0.8888888888888888
0,Family,Granddaughter,30,0_0_0,0.05405405405405406,0.10256410256410256,1.0,0.8267326732673267,0.05405405405405406,0.0,0.0,0.0,0.0,0.0
0,Family,Granddaughter,30,0_0_1,0.7297297297297297,0.84375,1.0,0.9504950495049505,0.7297297297297297,0.09090909090909091,0.16666666666666666,1.0,0.09090909090909091,0.09090909090909091
0,Family,Granddaughter,30,0_1_0,0.9459459459459459,0.6542056074766355,0.5,0.8168316831683168,0.4861111111111111,0.8181818181818182,0.9,1.0,0.8181818181818182,0.8181818181818182
0,Family,Granddaughter,30,1_0_0,1.0,0.43023255813953487,0.2740740740740741,0.5148514851485149,0.2740740740740741,1.0,1.0,1.0,1.0,1.0
0,Family,Granddaughter,30,1_1_1,0.4864864864864865,0.1935483870967742,0.12080536912751678,0.25742574257425743,0.10714285714285714,0.9090909090909091,0.9523809523809523,1.0,0.9090909090909091,0.9090909090909091
0,Family,Granddaughter,35,0_0_0,0.02702702702702703,0.05263157894736842,1.0,0.8217821782178217,0.02702702702702703,0.0,0.0,0.0,0.0,0.0
0,Family,Granddaughter,35,0_0_1,0.7027027027027027,0.8253968253968254,1.0,0.9455445544554455,0.7027027027027027,0.08333333333333333,0.15384615384615385,1.0,0.08333333333333333,0.08333333333333333
0,Family,Granddaughter,35,0_1_0,0.8918918918918919,0.6470588235294118,0.5076923076923077,0.8217821782178217,0.4782608695652174,0.6666666666666666,0.8,1.0,0.6666666666666666,0.6666666666666666
0,Family,Granddaughter,35,1_0_0,1.0,0.43023255813953487,0.2740740740740741,0.5148514851485149,0.2740740740740741,1.0,1.0,1.0,1.0,1.0
0,Family,Granddaughter,35,1_1_1,0.4864864864864865,0.18947368421052632,0.11764705882352941,0.2376237623762376,0.10465116279069768,0.8333333333333334,0.9090909090909091,1.0,0.8333333333333334,0.8333333333333334
0,Family,Granddaughter,40,0_0_0,0.08108108108108109,0.15,1.0,0.8316831683168316,0.08108108108108109,0.0,0.0,0.0,0.0,0.0
0,Family,Granddaughter,40,0_0_1,0.6756756756756757,0.8064516129032258,1.0,0.9405940594059405,0.6756756756756757,0.14285714285714285,0.25,1.0,0.14285714285714285,0.14285714285714285
0,Family,Granddaughter,40,0_1_0,0.918918918918919,0.6538461538461539,0.5074626865671642,0.8217821782178217,0.4857142857142857,0.7857142857142857,0.88,1.0,0.7857142857142857,0.7857142857142857
0,Family,Granddaughter,40,1_0_0,1.0,0.45962732919254656,0.29838709677419356,0.5693069306930693,0.29838709677419356,1.0,1.0,1.0,1.0,1.0
0,Family,Granddaughter,40,1_1_1,0.5135135135135135,0.19689119170984457,0.12179487179487179,0.23267326732673269,0.10919540229885058,0.8571428571428571,0.9230769230769231,1.0,0.8571428571428571,0.8571428571428571
0,Family,Granddaughter,45,0_0_0,0.05405405405405406,0.10256410256410256,1.0,0.8267326732673267,0.05405405405405406,0.0,0.0,0.0,0.0,0.0
0,Family,Granddaughter,45,0_0_1,0.5945945945945946,0.7457627118644068,1.0,0.9257425742574258,0.5945945945945946,0.0625,0.11764705882352941,1.0,0.0625,0.0625
0,Family,Granddaughter,45,0_1_0,0.8378378378378378,0.6138613861386139,0.484375,0.806930693069307,0.44285714285714284,0.625,0.7692307692307693,1.0,0.625,0.625
0,Family,Granddaughter,45,1_0_0,1.0,0.4457831325301205,0.2868217054263566,0.5445544554455446,0.2868217054263566,1.0,1.0,1.0,1.0,1.0
0,Family,Granddaughter,45,1_1_1,0.5405405405405406,0.20725388601036268,0.1282051282051282,0.24257425742574257,0.11560693641618497,0.8125,0.896551724137931,1.0,0.8125,0.8125
0,Family,Granddaughter,50,0_0_0,0.02702702702702703,0.05263157894736842,1.0,0.8217821782178217,0.02702702702702703,0.0,0.0,0.0,0.0,0.0
0,Family,Granddaughter,50,0_0_1,0.5405405405405406,0.7017543859649122,1.0,0.9158415841584159,0.5405405405405406,0.05555555555555555,0.10526315789473684,1.0,0.05555555555555555,0.05555555555555555
0,Family,Granddaughter,50,0_1_0,0.8108108108108109,0.6521739130434783,0.5454545454545454,0.8415841584158416,0.4838709677419355,0.6111111111111112,0.7586206896551724,1.0,0.6111111111111112,0.6111111111111112
0,Family,Granddaughter,50,1_0_0,1.0,0.45962732919254656,0.29838709677419356,0.5693069306930693,0.29838709677419356,1.0,1.0,1.0,1.0,1.0
0,Family,Granddaughter,50,1_1_1,0.5945945945945946,0.22110552763819097,0.13580246913580246,0.23267326732673269,0.12429378531073447,0.8888888888888888,0.9411764705882353,1.0,0.8888888888888888,0.8888888888888888
0,Family,Granddaughter,55,0_0_0,0.0,0.0,0.0,0.8168316831683168,0.0,0.0,0.0,0.0,0.0,0.0
0,Family,Granddaughter,55,0_0_1,0.4864864864864865,0.6545454545454545,1.0,0.905940594059406,0.4864864864864865,0.05,0.09523809523809523,1.0,0.05,0.05
0,Family,Granddaughter,55,0_1_0,0.8918918918918919,0.66,0.5238095238095238,0.8316831683168316,0.4925373134328358,0.8,0.8888888888888888,1.0,0.8,0.8
0,Family,Granddaughter,55,1_0_0,1.0,0.44047619047619047,0.2824427480916031,0.5346534653465347,0.2824427480916031,1.0,1.0,1.0,1.0,1.0
0,Family,Granddaughter,55,1_1_1,0.6216216216216216,0.23,0.1411042944785276,0.2376237623762376,0.12994350282485875,0.85,0.918918918918919,1.0,0.85,0.85
0,Family,Granddaughter,60,0_0_0,0.0,0.0,0.0,0.8168316831683168,0.0,0.0,0.0,0.0,0.0,0.0
0,Family,Granddaughter,60,0_0_1,0.40540540540540543,0.5769230769230769,1.0,0.8910891089108911,0.40540540540540543,0.0,0.0,0.0,0.0,0.0
0,Family,Granddaughter,60,0_1_0,0.8648648648648649,0.64,0.5079365079365079,0.8217821782178217,0.47058823529411764,0.7727272727272727,0.8717948717948718,1.0,0.7727272727272727,0.7727272727272727
0,Family,Granddaughter,60,1_0_0,1.0,0.46540880503144655,0.30327868852459017,0.5792079207920792,0.30327868852459017,1.0,1.0,1.0,1.0,1.0
0,Family,Granddaughter,60,1_1_1,0.6486486486486487,0.24615384615384617,0.1518987341772152,0.2722772277227723,0.14035087719298245,0.8636363636363636,0.926829268292683,1.0,0.8636363636363636,0.8636363636363636
0,Family,Granddaughter,65,0_0_0,0.0,0.0,0.0,0.8168316831683168,0.0,0.0,0.0,0.0,0.0,0.0
0,Family,Granddaughter,65,0_0_1,0.3783783783783784,0.5384615384615384,0.9333333333333333,0.8811881188118812,0.3684210526315789,0.041666666666666664,0.08,1.0,0.041666666666666664,0.041666666666666664
0,Family,Granddaughter,65,0_1_0,0.7837837837837838,0.5979381443298969,0.48333333333333334,0.806930693069307,0.4264705882352941,0.6666666666666666,0.8,1.0,0.6666666666666666,0.6666666666666666
0,Family,Granddaughter,65,1_0_0,1.0,0.46835443037974683,0.30578512396694213,0.5841584158415841,0.30578512396694213,1.0,1.0,1.0,1.0,1.0
0,Family,Granddaughter,65,1_1_1,0.6756756756756757,0.25252525252525254,0.15527950310559005,0.26732673267326734,0.14450867052023122,0.875,0.9333333333333333,1.0,0.875,0.875
0,Family,Granddaughter,70,0_0_0,0.0,0.0,0.0,0.8168316831683168,0.0,0.0,0.0,0.0,0.0,0.0
0,Family,Granddaughter,70,0_0_1,0.35135135135135137,0.5098039215686274,0.9285714285714286,0.8762376237623762,0.34210526315789475,0.04,0.07692307692307693,1.0,0.04,0.04
0,Family,Granddaughter,70,0_1_0,0.7567567567567568,0.6086956521739131,0.509090909090909,0.8217821782178217,0.4375,0.64,0.7804878048780488,1.0,0.64,0.64
0,Family,Granddaughter,70,1_0_0,0.972972972972973,0.4645161290322581,0.3050847457627119,0.5891089108910891,0.3025210084033613,0.96,0.9795918367346939,1.0,0.96,0.96
0,Family,Granddaughter,70,1_1_1,0.6756756756756757,0.2604166666666667,0.16129032258064516,0.297029702970297,0.1497005988023952,0.84,0.9130434782608695,1.0,0.84,0.84
0,Family,Granddaughter,75,0_0_0,0.0,0.0,0.0,0.8168316831683168,0.0,0.0,0.0,0.0,0.0,0.0
0,Family,Granddaughter,75,0_0_1,0.35135135135135137,0.5098039215686274,0.9285714285714286,0.8762376237623762,0.34210526315789475,0.1111111111111111,0.2,1.0,0.1111111111111111,0.1111111111111111
0,Family,Granddaughter,75,0_1_0,0.6756756756756757,0.5376344086021505,0.44642857142857145,0.7871287128712872,0.36764705882352944,0.5555555555555556,0.7142857142857143,1.0,0.5555555555555556,0.5555555555555556
0,Family,Granddaughter,75,1_0_0,0.972972972972973,0.47058823529411764,0.3103448275862069,0.599009900990099,0.3076923076923077,0.9629629629629629,0.9811320754716981,1.0,0.9629629629629629,0.9629629629629629
0,Family,Granddaughter,75,1_1_1,0.6486486486486487,0.25806451612903225,0.1610738255033557,0.31683168316831684,0.14814814814814814,0.8148148148148148,0.8979591836734694,1.0,0.8148148148148148,0.8148148148148148
0,Family,Granddaughter,80,0_0_0,0.0,0.0,0.0,0.8168316831683168,0.0,0.0,0.0,0.0,0.0,0.0
0,Family,Granddaughter,80,0_0_1,0.2702702702702703,0.38461538461538464,0.6666666666666666,0.8415841584158416,0.23809523809523808,0.06896551724137931,0.12903225806451613,1.0,0.06896551724137931,0.06896551724137931
0,Family,Granddaughter,80,0_1_0,0.5945945945945946,0.4943820224719101,0.4230769230769231,0.7772277227722773,0.3283582089552239,0.4827586206896552,0.6511627906976745,1.0,0.4827586206896552,0.4827586206896552
0,Family,Granddaughter,80,1_0_0,1.0,0.4539877300613497,0.29365079365079366,0.5594059405940595,0.29365079365079366,1.0,1.0,1.0,1.0,1.0
0,Family,Granddaughter,80,1_1_1,0.8918918918918919,0.3127962085308057,0.1896551724137931,0.28217821782178215,0.1853932584269663,0.9655172413793104,0.9824561403508771,1.0,0.9655172413793104,0.9655172413793104
0,Family,Grandfather,0,0_0_0,0.2571428571428571,0.4090909090909091,1.0,0.8712871287128713,0.2571428571428571,,,,,
0,Family,Grandfather,0,0_0_1,1.0,0.9722222222222222,0.9459459459459459,0.9900990099009901,0.9459459459459459,,,,,
0,Family,Grandfather,0,0_1_0,1.0,0.5932203389830508,0.42168674698795183,0.7623762376237624,0.42168674698795183,,,,,
0,Family,Grandfather,0,1_0_0,1.0,0.36082474226804123,0.22012578616352202,0.38613861386138615,0.22012578616352202,,,,,
0,Family,Grandfather,0,1_1_1,0.0,0.0,0.0,0.45544554455445546,0.0,,,,,
0,Family,Grandfather,5,0_0_0,0.22857142857142856,0.37209302325581395,1.0,0.8663366336633663,0.22857142857142856,0.0,0.0,0.0,0.0,0.0
0,Family,Grandfather,5,0_0_1,1.0,0.9722222222222222,0.9459459459459459,0.9900990099009901,0.9459459459459459,1.0,1.0,1.0,1.0,1.0
0,Family,Grandfather,5,0_1_0,1.0,0.603448275862069,0.43209876543209874,0.7722772277227723,0.43209876543209874,1.0,1.0,1.0,1.0,1.0
0,Family,Grandfather,5,1_0_0,1.0,0.3684210526315789,0.22580645161290322,0.40594059405940597,0.22580645161290322,1.0,1.0,1.0,1.0,1.0
0,Family,Grandfather,5,1_1_1,0.0,0.0,0.0,0.44554455445544555,0.0,0.0,0.0,0.0,0.0,0.0
0,Family,Grandfather,10,0_0_0,0.17142857142857143,0.2926829268292683,1.0,0.8564356435643564,0.17142857142857143,0.0,0.0,0.0,0.0,0.0
0,Family,Grandfather,10,0_0_1,0.9428571428571428,0.9565217391304348,0.9705882352941176,0.9851485148514851,0.9166666666666666,0.3333333333333333,0.5,1.0,0.3333333333333333,0.3333333333333333
0,Family,Grandfather,10,0_1_0,1.0,0.603448275862069,0.43209876543209874,0.7722772277227723,0.43209876543209874,1.0,1.0,1.0,1.0,1.0
0,Family,Grandfather,10,1_0_0,1.0,0.3783783783783784,0.23333333333333334,0.4306930693069307,0.23333333333333334,1.0,1.0,1.0,1.0,1.0
0,Family,Grandfather,10,1_1_1,0.0,0.0,0.0,0.44554455445544555,0.0,0.0,0.0,0.0,0.0,0.0
0,Family,Grandfather,15,0_0_0,0.2,0.3333333333333333,1.0,0.8613861386138614,0.2,0.0,0.0,0.0,0.0,0.0
0,Family,Grandfather,15,0_0_1,0.9142857142857143,0.9142857142857143,0.9142857142857143,0.9702970297029703,0.8421052631578947,0.4,0.5714285714285714,1.0,0.4,0.4
0,Family,Grandfather,15,0_1_0,1.0,0.6481481481481481,0.4794520547945205,0.8118811881188119,0.4794520547945205,1.0,1.0,1.0,1.0,1.0
0,Family,Grandfather,15,1_0_0,1.0,0.3723404255319149,0.22875816993464052,0.4158415841584158,0.22875816993464052,1.0,1.0,1.0,1.0,1.0
0,Family,Grandfather,15,1_1_1,0.0,0.0,0.0,0.4752475247524752,0.0,0.0,0.0,0.0,0.0,0.0
0,Family,Grandfather,20,0_0_0,0.2,0.3333333333333333,1.0,0.8613861386138614,0.2,0.0,0.0,0.0,0.0,0.0
0,Family,Grandfather,20,0_0_1,0.9142857142857143,0.927536231884058,0.9411764705882353,0.9752475247524752,0.8648648648648649,0.5714285714285714,0.7272727272727273,1.0,0.5714285714285714,0.5714285714285714
0,Family,Grandfather,20,0_1_0,1.0,0.660377358490566,0.49295774647887325,0.8217821782178217,0.49295774647887325,1.0,1.0,1.0,1.0,1.0
0,Family,Grandfather,20,1_0_0,1.0,0.3684210526315789,0.22580645161290322,0.40594059405940597,0.22580645161290322,1.0,1.0,1.0,1.0,1.0
0,Family,Grandfather,20,1_1_1,0.02857142857142857,0.01639344262295082,0.011494252873563218,0.40594059405940597,0.008264462809917356,0.14285714285714285,0.25,1.0,0.14285714285714285,0.14285714285714285
0,Family,Grandfather,25,0_0_0,0.17142857142857143,0.2926829268292683,1.0,0.8564356435643564,0.17142857142857143,0.0,0.0,0.0,0.0,0.0
0,Family,Grandfather,25,0_0_1,0.8285714285714286,0.8656716417910447,0.90625,0.9554455445544554,0.7631578947368421,0.25,0.4,1.0,0.25,0.25
0,Family,Grandfather,25,0_1_0,1.0,0.6796116504854369,0.5147058823529411,0.8366336633663366,0.5147058823529411,1.0,1.0,1.0,1.0,1.0
0,Family,Grandfather,25,1_0_0,1.0,0.3626943005181347,0.22151898734177214,0.3910891089108911,0.22151898734177214,1.0,1.0,1.0,1.0,1.0
0,Family,Grandfather,25,1_1_1,0.02857142857142857,0.017241379310344827,0.012345679012345678,0.43564356435643564,0.008695652173913044,0.125,0.2222222222222222,1.0,0.125,0.125
0,Family,Grandfather,30,0_0_0,0.14285714285714285,0.25,1.0,0.8514851485148515,0.14285714285714285,0.0,0.0,0.0,0.0,0.0
0,Family,Grandfather,30,0_0_1,0.8,0.835820895522388,0.875,0.9455445544554455,0.717948717948718,0.3,0.46153846153846156,1.0,0.3,0.3
0,Family,Grandfather,30,0_1_0,0.9714285714285714,0.6938775510204082,0.5396825396825397,0.8514851485148515,0.53125,0.9,0.9473684210526315,1.0,0.9,0.9
0,Family,Grandfather,30,1_0_0,1.0,0.3553299492385787,0.21604938271604937,0.3712871287128713,0.21604938271604937,1.0,1.0,1.0,1.0,1.0
0,Family,Grandfather,30,1_1_1,0.05714285714285714,0.029411764705882353,0.019801980198019802,0.3465346534653465,0.014925373134328358,0.2,0.3333333333333333,1.0,0.2,0.2
0,Family,Grandfather,35,0_0_0,0.14285714285714285,0.25,1.0,0.8514851485148515,0.14285714285714285,0.0,0.0,0.0,0.0,0.0
0,Family,Grandfather,35,0_0_1,0.7142857142857143,0.8064516129032258,0.9259259259259259,0.9405940594059405,0.6756756756756757,0.16666666666666666,0.2857142857142857,1.0,0.16666666666666666,0.16666666666666666
0,Family,Grandfather,35,0_1_0,0.9714285714285714,0.6666666666666666,0.5074626865671642,0.8316831683168316,0.5,0.9166666666666666,0.9565217391304348,1.0,0.9166666666666666,0.9166666666666666
0,Family,Grandfather,35,1_0_0,1.0,0.36649214659685864,0.22435897435897437,0.400990099009901,0.22435897435897437,1.0,1.0,1.0,1.0,1.0
0,Family,Grandfather,35,1_1_1,0.08571428571428572,0.04477611940298507,0.030303030303030304,0.36633663366336633,0.022900763358778626,0.25,0.4,1.0,0.25,0.25
0,Family,Grandfather,40,0_0_0,0.14285714285714285,0.25,1.0,0.8514851485148515,0.14285714285714285,0.0,0.0,0.0,0.0,0.0
0,Family,Grandfather,40,0_0_1,0.6571428571428571,0.7666666666666667,0.92,0.9306930693069307,0.6216216216216216,0.14285714285714285,0.25,1.0,0.14285714285714285,0.14285714285714285
0,Family,Grandfather,40,0_1_0,1.0,0.6796116504854369,0.5147058823529411,0.8366336633663366,0.5147058823529411,1.0,1.0,1.0,1.0,1.0
0,Family,Grandfather,40,1_0_0,1.0,0.3888888888888889,0.2413793103448276,0.45544554455445546,0.2413793103448276,1.0,1.0,1.0,1.0,1.0
0,Family,Grandfather,40,1_1_1,0.14285714285714285,0.07042253521126761,0.04672897196261682,0.3465346534653465,0.0364963503649635,0.35714285714285715,0.5263157894736842,1.0,0.35714285714285715,0.35714285714285715
0,Family,Grandfather,45,0_0_0,0.17142857142857143,0.2926829268292683,1.0,0.8564356435643564,0.17142857142857143,0.0,0.0,0.0,0.0,0.0
0,Family,Grandfather,45,0_0_1,0.6571428571428571,0.7666666666666667,0.92,0.9306930693069307,0.6216216216216216,0.2,0.3333333333333333,1.0,0.2,0.2
0,Family,Grandfather,45,0_1_0,1.0,0.6796116504854369,0.5147058823529411,0.8366336633663366,0.5147058823529411,1.0,1.0,1.0,1.0,1.0
0,Family,Grandfather,45,1_0_0,1.0,0.3825136612021858,0.23648648648648649,0.4405940594059406,0.23648648648648649,1.0,1.0,1.0,1.0,1.0
0,Family,Grandfather,45,1_1_1,0.08571428571428572,0.046511627906976744,0.031914893617021274,0.3910891089108911,0.023809523809523808,0.2,0.3333333333333333,1.0,0.2,0.2
0,Family,Grandfather,50,0_0_0,0.17142857142857143,0.2926829268292683,1.0,0.8564356435643564,0.17142857142857143,0.0,0.0,0.0,0.0,0.0
0,Family,Grandfather,50,0_0_1,0.5714285714285714,0.6779661016949152,0.8333333333333334,0.905940594059406,0.5128205128205128,0.11764705882352941,0.21052631578947367,1.0,0.11764705882352941,0.11764705882352941
0,Family,Grandfather,50,0_1_0,0.9714285714285714,0.6666666666666666,0.5074626865671642,0.8316831683168316,0.5,0.9411764705882353,0.9696969696969697,1.0,0.9411764705882353,0.9411764705882353
0,Family,Grandfather,50,1_0_0,1.0,0.39106145251396646,0.24305555555555555,0.4603960396039604,0.24305555555555555,1.0,1.0,1.0,1.0,1.0
0,Family,Grandfather,50,1_1_1,0.08571428571428572,0.05454545454545454,0.04,0.48514851485148514,0.028037383177570093,0.17647058823529413,0.3,1.0,0.17647058823529413,0.17647058823529413
0,Family,Grandfather,55,0_0_0,0.11428571428571428,0.20512820512820512,1.0,0.8465346534653465,0.11428571428571428,0.0,0.0,0.0,0.0,0.0
0,Family,Grandfather,55,0_0_1,0.4857142857142857,0.6296296296296297,0.8947368421052632,0.900990099009901,0.4594594594594595,0.05263157894736842,0.1,1.0,0.05263157894736842,0.05263157894736842
0,Family,Grandfather,55,0_1_0,0.9714285714285714,0.6238532110091743,0.4594594594594595,0.7970297029702971,0.4533333333333333,0.9473684210526315,0.972972972972973,1.0,0.9473684210526315,0.9473684210526315
0,Family,Grandfather,55,1_0_0,1.0,0.4046242774566474,0.2536231884057971,0.4900990099009901,0.2536231884057971,1.0,1.0,1.0,1.0,1.0
0,Family,Grandfather,55,1_1_1,0.14285714285714285,0.09090909090909091,0.06666666666666667,0.504950495049505,0.047619047619047616,0.2631578947368421,0.4166666666666667,1.0,0.2631578947368421,0.2631578947368421
0,Family,Grandfather,60,0_0_0,0.08571428571428572,0.15789473684210525,1.0,0.8415841584158416,0.08571428571428572,0.0,0.0,0.0,0.0,0.0
0,Family,Grandfather,60,0_0_1,0.42857142857142855,0.5769230769230769,0.8823529411764706,0.8910891089108911,0.40540540540540543,0.047619047619047616,0.09090909090909091,1.0,0.047619047619047616,0.047619047619047616
0,Family,Grandfather,60,0_1_0,0.9714285714285714,0.6017699115044248,0.4358974358974359,0.7772277227722773,0.43037974683544306,0.9523809523809523,0.975609756097561,1.0,0.9523809523809523,0.9523809523809523
0,Family,Grandfather,60,1_0_0,1.0,0.3977272727272727,0.24822695035460993,0.4752475247524752,0.24822695035460993,1.0,1.0,1.0,1.0,1.0
0,Family,Grandfather,60,1_1_1,0.17142857142857143,0.09917355371900827,0.06976744186046512,0.4603960396039604,0.05217391304347826,0.23809523809523808,0.38461538461538464,1.0,0.23809523809523808,0.23809523809523808
0,Family,Grandfather,65,0_0_0,0.08571428571428572,0.15789473684210525,1.0,0.8415841584158416,0.08571428571428572,0.0,0.0,0.0,0.0,0.0
0,Family,Grandfather,65,0_0_1,0.37142857142857144,0.52,0.8666666666666667,0.8811881188118812,0.35135135135135137,0.0,0.0,0.0,0.0,0.0
0,Family,Grandfather,65,0_1_0,0.9714285714285714,0.6071428571428571,0.44155844155844154,0.7821782178217822,0.4358974358974359,0.9545454545454546,0.9767441860465116,1.0,0.9545454545454546,0.9545454545454546
0,Family,Grandfather,65,1_0_0,1.0,0.3977272727272727,0.24822695035460993,0.4752475247524752,0.24822695035460993,1.0,1.0,1.0,1.0,1.0
0,Family,Grandfather,65,1_1_1,0.2,0.109375,0.07526881720430108,0.43564356435643564,0.05785123966942149,0.3181818181818182,0.4827586206896552,1.0,0.3181818181818182,0.3181818181818182
0,Family,Grandfather,70,0_0_0,0.08571428571428572,0.15789473684210525,1.0,0.8415841584158416,0.08571428571428572,0.0,0.0,0.0,0.0,0.0
0,Family,Grandfather,70,0_0_1,0.34285714285714286,0.4528301886792453,0.6666666666666666,0.8564356435643564,0.2926829268292683,0.041666666666666664,0.08,1.0,0.041666666666666664,0.041666666666666664
0,Family,Grandfather,70,0_1_0,0.9428571428571428,0.6055045871559633,0.44594594594594594,0.7871287128712872,0.4342105263157895,0.9166666666666666,0.9565217391304348,1.0,0.9166666666666666,0.9166666666666666
0,Family,Grandfather,70,1_0_0,0.9714285714285714,0.3953488372093023,0.24817518248175183,0.48514851485148514,0.2463768115942029,0.9583333333333334,0.9787234042553191,1.0,0.9583333333333334,0.9583333333333334
0,Family,Grandfather,70,1_1_1,0.2857142857142857,0.14285714285714285,0.09523809523809523,0.40594059405940597,0.07692307692307693,0.4166666666666667,0.5882352941176471,1.0,0.4166666666666667,0.4166666666666667
0,Family,Grandfather,75,0_0_0,0.05714285714285714,0.10810810810810811,1.0,0.8366336633663366,0.05714285714285714,0.0,0.0,0.0,0.0,0.0
0,Family,Grandfather,75,0_0_1,0.34285714285714286,0.43636363636363634,0.6,0.8465346534653465,0.27906976744186046,0.11538461538461539,0.20689655172413793,1.0,0.11538461538461539,0.11538461538461539
0,Family,Grandfather,75,0_1_0,0.7428571428571429,0.5360824742268041,0.41935483870967744,0.7772277227722773,0.36619718309859156,0.6538461538461539,0.7906976744186046,1.0,0.6538461538461539,0.6538461538461539
0,Family,Grandfather,75,1_0_0,0.9142857142857143,0.3699421965317919,0.2318840579710145,0.4603960396039604,0.22695035460992907,0.8846153846153846,0.9387755102040817,1.0,0.8846153846153846,0.8846153846153846
0,Family,Grandfather,75,1_1_1,0.34285714285714286,0.16551724137931034,0.10909090909090909,0.400990099009901,0.09022556390977443,0.4230769230769231,0.5945945945945946,1.0,0.4230769230769231,0.4230769230769231
0,Family,Grandfather,80,0_0_0,0.0,0.0,0.0,0.8267326732673267,0.0,0.0,0.0,0.0,0.0,0.0
0,Family,Grandfather,80,0_0_1,0.2571428571428571,0.34615384615384615,0.5294117647058824,0.8316831683168316,0.20930232558139536,0.07142857142857142,0.13333333333333333,1.0,0.07142857142857142,0.07142857142857142
0,Family,Grandfather,80,0_1_0,0.6285714285714286,0.4731182795698925,0.3793103448275862,0.7574257425742574,0.30985915492957744,0.5357142857142857,0.6976744186046512,1.0,0.5357142857142857,0.5357142857142857
0,Family,Grandfather,80,1_0_0,0.8857142857142857,0.37575757575757573,0.23846153846153847,0.4900990099009901,0.23134328358208955,0.8571428571428571,0.9230769230769231,1.0,0.8571428571428571,0.8571428571428571
0,Family,Grandfather,80,1_1_1,0.4857142857142857,0.2236842105263158,0.1452991452991453,0.4158415841584158,0.1259259259259259,0.6071428571428571,0.7555555555555555,1.0,0.6071428571428571,0.6071428571428571
0,Family,Grandparent,0,0_0_0,0.0,0.0,0.0,0.6534653465346535,0.0,,,,,
0,Family,Grandparent,0,0_0_1,0.0,0.0,0.0,0.6534653465346535,0.0,,,,,
0,Family,Grandparent,0,0_1_0,0.02857142857142857,0.047619047619047616,0.14285714285714285,0.6039603960396039,0.024390243902439025,,,,,
0,Family,Grandparent,0,1_0_0,0.14285714285714285,0.19801980198019803,0.3225806451612903,0.599009900990099,0.10989010989010989,,,,,
0,Family,Grandparent,0,1_1_1,0.9285714285714286,0.5220883534136547,0.36312849162011174,0.41089108910891087,0.3532608695652174,,,,,
0,Family,Grandparent,5,0_0_0,0.0,0.0,0.0,0.6534653465346535,0.0,,,,,
0,Family,Grandparent,5,0_0_1,0.0,0.0,0.0,0.6534653465346535,0.0,,,,,
0,Family,Grandparent,5,0_1_0,0.02857142857142857,0.047619047619047616,0.14285714285714285,0.6039603960396039,0.024390243902439025,,,,,
0,Family,Grandparent,5,1_0_0,0.14285714285714285,0.19801980198019803,0.3225806451612903,0.599009900990099,0.10989010989010989,,,,,
0,Family,Grandparent,5,1_1_1,0.9285714285714286,0.5220883534136547,0.36312849162011174,0.41089108910891087,0.3532608695652174,,,,,
0,Family,Grandparent,10,0_0_0,0.0,0.0,0.0,0.6534653465346535,0.0,,,,,
0,Family,Grandparent,10,0_0_1,0.0,0.0,0.0,0.6534653465346535,0.0,,,,,
0,Family,Grandparent,10,0_1_0,0.02857142857142857,0.047619047619047616,0.14285714285714285,0.6039603960396039,0.024390243902439025,,,,,
0,Family,Grandparent,10,1_0_0,0.14285714285714285,0.19801980198019803,0.3225806451612903,0.599009900990099,0.10989010989010989,,,,,
0,Family,Grandparent,10,1_1_1,0.9285714285714286,0.5220883534136547,0.36312849162011174,0.41089108910891087,0.3532608695652174,,,,,
0,Family,Grandparent,15,0_0_0,0.0,0.0,0.0,0.6534653465346535,0.0,,,,,
0,Family,Grandparent,15,0_0_1,0.0,0.0,0.0,0.6534653465346535,0.0,,,,,
0,Family,Grandparent,15,0_1_0,0.02857142857142857,0.047619047619047616,0.14285714285714285,0.6039603960396039,0.024390243902439025,,,,,
0,Family,Grandparent,15,1_0_0,0.14285714285714285,0.19801980198019803,0.3225806451612903,0.599009900990099,0.10989010989010989,,,,,
0,Family,Grandparent,15,1_1_1,0.9285714285714286,0.5220883534136547,0.36312849162011174,0.41089108910891087,0.3532608695652174,,,,,
0,Family,Grandparent,20,0_0_0,0.0,0.0,0.0,0.6534653465346535,0.0,,,,,
0,Family,Grandparent,20,0_0_1,0.0,0.0,0.0,0.6534653465346535,0.0,,,,,
0,Family,Grandparent,20,0_1_0,0.02857142857142857,0.047619047619047616,0.14285714285714285,0.6039603960396039,0.024390243902439025,,,,,
0,Family,Grandparent,20,1_0_0,0.14285714285714285,0.19801980198019803,0.3225806451612903,0.599009900990099,0.10989010989010989,,,,,
0,Family,Grandparent,20,1_1_1,0.9285714285714286,0.5220883534136547,0.36312849162011174,0.41089108910891087,0.3532608695652174,,,,,
0,Family,Grandparent,25,0_0_0,0.0,0.0,0.0,0.6534653465346535,0.0,,,,,
0,Family,Grandparent,25,0_0_1,0.0,0.0,0.0,0.6534653465346535,0.0,,,,,
0,Family,Grandparent,25,0_1_0,0.02857142857142857,0.047619047619047616,0.14285714285714285,0.6039603960396039,0.024390243902439025,,,,,
0,Family,Grandparent,25,1_0_0,0.14285714285714285,0.19801980198019803,0.3225806451612903,0.599009900990099,0.10989010989010989,,,,,
0,Family,Grandparent,25,1_1_1,0.9285714285714286,0.5220883534136547,0.36312849162011174,0.41089108910891087,0.3532608695652174,,,,,
0,Family,Grandparent,30,0_0_0,0.0,0.0,0.0,0.6534653465346535,0.0,,,,,
0,Family,Grandparent,30,0_0_1,0.0,0.0,0.0,0.6534653465346535,0.0,,,,,
0,Family,Grandparent,30,0_1_0,0.02857142857142857,0.047619047619047616,0.14285714285714285,0.6039603960396039,0.024390243902439025,,,,,
0,Family,Grandparent,30,1_0_0,0.14285714285714285,0.19801980198019803,0.3225806451612903,0.599009900990099,0.10989010989010989,,,,,
0,Family,Grandparent,30,1_1_1,0.9285714285714286,0.5220883534136547,0.36312849162011174,0.41089108910891087,0.3532608695652174,,,,,
0,Family,Grandparent,35,0_0_0,0.0,0.0,0.0,0.6534653465346535,0.0,,,,,
0,Family,Grandparent,35,0_0_1,0.0,0.0,0.0,0.6534653465346535,0.0,,,,,
0,Family,Grandparent,35,0_1_0,0.02857142857142857,0.047619047619047616,0.14285714285714285,0.6039603960396039,0.024390243902439025,,,,,
0,Family,Grandparent,35,1_0_0,0.14285714285714285,0.19801980198019803,0.3225806451612903,0.599009900990099,0.10989010989010989,,,,,
0,Family,Grandparent,35,1_1_1,0.9285714285714286,0.5220883534136547,0.36312849162011174,0.41089108910891087,0.3532608695652174,,,,,
0,Family,Grandparent,40,0_0_0,0.0,0.0,0.0,0.6534653465346535,0.0,,,,,
0,Family,Grandparent,40,0_0_1,0.0,0.0,0.0,0.6534653465346535,0.0,,,,,
0,Family,Grandparent,40,0_1_0,0.02857142857142857,0.047619047619047616,0.14285714285714285,0.6039603960396039,0.024390243902439025,,,,,
0,Family,Grandparent,40,1_0_0,0.14285714285714285,0.19801980198019803,0.3225806451612903,0.599009900990099,0.10989010989010989,,,,,
0,Family,Grandparent,40,1_1_1,0.9285714285714286,0.5220883534136547,0.36312849162011174,0.41089108910891087,0.3532608695652174,,,,,
0,Family,Grandparent,45,0_0_0,0.0,0.0,0.0,0.6534653465346535,0.0,,,,,
0,Family,Grandparent,45,0_0_1,0.0,0.0,0.0,0.6534653465346535,0.0,,,,,
0,Family,Grandparent,45,0_1_0,0.02857142857142857,0.047619047619047616,0.14285714285714285,0.6039603960396039,0.024390243902439025,,,,,
0,Family,Grandparent,45,1_0_0,0.14285714285714285,0.19801980198019803,0.3225806451612903,0.599009900990099,0.10989010989010989,,,,,
0,Family,Grandparent,45,1_1_1,0.9285714285714286,0.5220883534136547,0.36312849162011174,0.41089108910891087,0.3532608695652174,,,,,
0,Family,Grandparent,50,0_0_0,0.0,0.0,0.0,0.6534653465346535,0.0,,,,,
0,Family,Grandparent,50,0_0_1,0.0,0.0,0.0,0.6534653465346535,0.0,,,,,
0,Family,Grandparent,50,0_1_0,0.02857142857142857,0.047619047619047616,0.14285714285714285,0.6039603960396039,0.024390243902439025,,,,,
0,Family,Grandparent,50,1_0_0,0.14285714285714285,0.19801980198019803,0.3225806451612903,0.599009900990099,0.10989010989010989,,,,,
0,Family,Grandparent,50,1_1_1,0.9285714285714286,0.5220883534136547,0.36312849162011174,0.41089108910891087,0.3532608695652174,,,,,
0,Family,Grandparent,55,0_0_0,0.0,0.0,0.0,0.6534653465346535,0.0,,,,,
0,Family,Grandparent,55,0_0_1,0.0,0.0,0.0,0.6534653465346535,0.0,,,,,
0,Family,Grandparent,55,0_1_0,0.02857142857142857,0.047619047619047616,0.14285714285714285,0.6039603960396039,0.024390243902439025,,,,,
0,Family,Grandparent,55,1_0_0,0.14285714285714285,0.19801980198019803,0.3225806451612903,0.599009900990099,0.10989010989010989,,,,,
0,Family,Grandparent,55,1_1_1,0.9285714285714286,0.5220883534136547,0.36312849162011174,0.41089108910891087,0.3532608695652174,,,,,
0,Family,Grandparent,60,0_0_0,0.0,0.0,0.0,0.6534653465346535,0.0,,,,,
0,Family,Grandparent,60,0_0_1,0.0,0.0,0.0,0.6534653465346535,0.0,,,,,
0,Family,Grandparent,60,0_1_0,0.02857142857142857,0.047619047619047616,0.14285714285714285,0.6039603960396039,0.024390243902439025,,,,,
0,Family,Grandparent,60,1_0_0,0.14285714285714285,0.19801980198019803,0.3225806451612903,0.599009900990099,0.10989010989010989,,,,,
0,Family,Grandparent,60,1_1_1,0.9285714285714286,0.5220883534136547,0.36312849162011174,0.41089108910891087,0.3532608695652174,,,,,
0,Family,Grandparent,65,0_0_0,0.0,0.0,0.0,0.6534653465346535,0.0,,,,,
0,Family,Grandparent,65,0_0_1,0.0,0.0,0.0,0.6534653465346535,0.0,,,,,
0,Family,Grandparent,65,0_1_0,0.02857142857142857,0.047619047619047616,0.14285714285714285,0.6039603960396039,0.024390243902439025,,,,,
0,Family,Grandparent,65,1_0_0,0.14285714285714285,0.19801980198019803,0.3225806451612903,0.599009900990099,0.10989010989010989,,,,,
0,Family,Grandparent,65,1_1_1,0.9285714285714286,0.5220883534136547,0.36312849162011174,0.41089108910891087,0.3532608695652174,,,,,
0,Family,Grandparent,70,0_0_0,0.0,0.0,0.0,0.6534653465346535,0.0,,,,,
0,Family,Grandparent,70,0_0_1,0.0,0.0,0.0,0.6534653465346535,0.0,,,,,
0,Family,Grandparent,70,0_1_0,0.02857142857142857,0.047619047619047616,0.14285714285714285,0.6039603960396039,0.024390243902439025,,,,,
0,Family,Grandparent,70,1_0_0,0.14285714285714285,0.19801980198019803,0.3225806451612903,0.599009900990099,0.10989010989010989,,,,,
0,Family,Grandparent,70,1_1_1,0.9285714285714286,0.5220883534136547,0.36312849162011174,0.41089108910891087,0.3532608695652174,,,,,
0,Family,Grandparent,75,0_0_0,0.0,0.0,0.0,0.6534653465346535,0.0,,,,,
0,Family,Grandparent,75,0_0_1,0.0,0.0,0.0,0.6534653465346535,0.0,,,,,
0,Family,Grandparent,75,0_1_0,0.02857142857142857,0.047619047619047616,0.14285714285714285,0.6039603960396039,0.024390243902439025,,,,,
0,Family,Grandparent,75,1_0_0,0.14285714285714285,0.19801980198019803,0.3225806451612903,0.599009900990099,0.10989010989010989,,,,,
0,Family,Grandparent,75,1_1_1,0.9285714285714286,0.5220883534136547,0.36312849162011174,0.41089108910891087,0.3532608695652174,,,,,
0,Family,Grandparent,80,0_0_0,0.0,0.0,0.0,0.6534653465346535,0.0,,,,,
0,Family,Grandparent,80,0_0_1,0.0,0.0,0.0,0.6534653465346535,0.0,,,,,
0,Family,Grandparent,80,0_1_0,0.02857142857142857,0.047619047619047616,0.14285714285714285,0.6039603960396039,0.024390243902439025,,,,,
0,Family,Grandparent,80,1_0_0,0.14285714285714285,0.19801980198019803,0.3225806451612903,0.599009900990099,0.10989010989010989,,,,,
0,Family,Grandparent,80,1_1_1,0.9285714285714286,0.5220883534136547,0.36312849162011174,0.41089108910891087,0.3532608695652174,,,,,
0,Family,Grandmother,0,0_0_0,0.0,0.0,0.0,0.8267326732673267,0.0,,,,,
0,Family,Grandmother,0,0_0_1,1.0,0.9459459459459459,0.8974358974358975,0.9801980198019802,0.8974358974358975,,,,,
0,Family,Grandmother,0,0_1_0,1.0,0.7368421052631579,0.5833333333333334,0.8762376237623762,0.5833333333333334,,,,,
0,Family,Grandmother,0,1_0_0,1.0,0.40229885057471265,0.2517985611510791,0.48514851485148514,0.2517985611510791,,,,,
0,Family,Grandmother,0,1_1_1,0.0,0.0,0.0,0.5693069306930693,0.0,,,,,
0,Family,Grandmother,5,0_0_0,0.0,0.0,0.0,0.8267326732673267,0.0,0.0,0.0,0.0,0.0,0.0
0,Family,Grandmother,5,0_0_1,0.9714285714285714,0.9315068493150684,0.8947368421052632,0.9752475247524752,0.8717948717948718,0.0,0.0,0.0,0.0,0.0
0,Family,Grandmother,5,0_1_0,1.0,0.7368421052631579,0.5833333333333334,0.8762376237623762,0.5833333333333334,1.0,1.0,1.0,1.0,1.0
0,Family,Grandmother,5,1_0_0,1.0,0.4046242774566474,0.2536231884057971,0.4900990099009901,0.2536231884057971,1.0,1.0,1.0,1.0,1.0
0,Family,Grandmother,5,1_1_1,0.0,0.0,0.0,0.6287128712871287,0.0,0.0,0.0,0.0,0.0,0.0
0,Family,Grandmother,10,0_0_0,0.0,0.0,0.0,0.8267326732673267,0.0,0.0,0.0,0.0,0.0,0.0
0,Family,Grandmother,10,0_0_1,0.9142857142857143,0.8205128205128205,0.7441860465116279,0.9306930693069307,0.6956521739130435,0.0,0.0,0.0,0.0,0.0
0,Family,Grandmother,10,0_1_0,0.9714285714285714,0.6732673267326733,0.5151515151515151,0.8366336633663366,0.5074626865671642,0.6666666666666666,0.8,1.0,0.6666666666666666,0.6666666666666666
0,Family,Grandmother,10,1_0_0,1.0,0.4166666666666667,0.2631578947368421,0.5148514851485149,0.2631578947368421,1.0,1.0,1.0,1.0,1.0
0,Family,Grandmother,10,1_1_1,0.0,0.0,0.0,0.5346534653465347,0.0,0.0,0.0,0.0,0.0,0.0
0,Family,Grandmother,15,0_0_0,0.0,0.0,0.0,0.8267326732673267,0.0,0.0,0.0,0.0,0.0,0.0
0,Family,Grandmother,15,0_0_1,0.8571428571428571,0.8,0.75,0.9257425742574258,0.6666666666666666,0.0,0.0,0.0,0.0,0.0
0,Family,Grandmother,15,0_1_0,0.9714285714285714,0.68,0.5230769230769231,0.8415841584158416,0.5151515151515151,0.8,0.8888888888888888,1.0,0.8,0.8
0,Family,Grandmother,15,1_0_0,1.0,0.4430379746835443,0.2845528455284553,0.5643564356435643,0.2845528455284553,1.0,1.0,1.0,1.0,1.0
0,Family,Grandmother,15,1_1_1,0.02857142857142857,0.0196078431372549,0.014925373134328358,0.504950495049505,0.009900990099009901,0.0,0.0,0.0,0.0,0.0
0,Family,Grandmother,20,0_0_0,0.0,0.0,0.0,0.8267326732673267,0.0,0.0,0.0,0.0,0.0,0.0
0,Family,Grandmother,20,0_0_1,0.8285714285714286,0.7945205479452054,0.7631578947368421,0.9257425742574258,0.6590909090909091,0.14285714285714285,0.25,1.0,0.14285714285714285,0.14285714285714285
0,Family,Grandmother,20,0_1_0,0.9714285714285714,0.6732673267326733,0.5151515151515151,0.8366336633663366,0.5074626865671642,0.8571428571428571,0.9230769230769231,1.0,0.8571428571428571,0.8571428571428571
0,Family,Grandmother,20,1_0_0,1.0,0.4430379746835443,0.2845528455284553,0.5643564356435643,0.2845528455284553,1.0,1.0,1.0,1.0,1.0
0,Family,Grandmother,20,1_1_1,0.08571428571428572,0.05660377358490566,0.04225352112676056,0.504950495049505,0.02912621359223301,0.14285714285714285,0.25,1.0,0.14285714285714285,0.14285714285714285
0,Family,Grandmother,25,0_0_0,0.0,0.0,0.0,0.8267326732673267,0.0,0.0,0.0,0.0,0.0,0.0
0,Family,Grandmother,25,0_0_1,0.7714285714285715,0.7941176470588235,0.8181818181818182,0.9306930693069307,0.6585365853658537,0.0,0.0,0.0,0.0,0.0
0,Family,Grandmother,25,0_1_0,0.9714285714285714,0.6938775510204082,0.5396825396825397,0.8514851485148515,0.53125,0.875,0.9333333333333333,1.0,0.875,0.875
0,Family,Grandmother,25,1_0_0,1.0,0.45454545454545453,0.29411764705882354,0.5841584158415841,0.29411764705882354,1.0,1.0,1.0,1.0,1.0
0,Family,Grandmother,25,1_1_1,0.05714285714285714,0.03773584905660377,0.028169014084507043,0.49504950495049505,0.019230769230769232,0.0,0.0,0.0,0.0,0.0
0,Family,Grandmother,30,0_0_0,0.0,0.0,0.0,0.8267326732673267,0.0,0.0,0.0,0.0,0.0,0.0
0,Family,Grandmother,30,0_0_1,0.7714285714285715,0.8307692307692308,0.9,0.9455445544554455,0.7105263157894737,0.2,0.3333333333333333,1.0,0.2,0.2
0,Family,Grandmother,30,0_1_0,0.9428571428571428,0.6947368421052632,0.55,0.8564356435643564,0.532258064516129,0.8,0.8888888888888888,1.0,0.8,0.8
0,Family,Grandmother,30,1_0_0,1.0,0.46357615894039733,0.3017241379310345,0.599009900990099,0.3017241379310345,1.0,1.0,1.0,1.0,1.0
0,Family,Grandmother,30,1_1_1,0.0,0.0,0.0,0.6237623762376238,0.0,0.0,0.0,0.0,0.0,0.0
0,Family,Grandmother,35,0_0_0,0.0,0.0,0.0,0.8267326732673267,0.0,0.0,0.0,0.0,0.0,0.0
0,Family,Grandmother,35,0_0_1,0.6857142857142857,0.7741935483870968,0.8888888888888888,0.9306930693069307,0.631578947368421,0.08333333333333333,0.15384615384615385,1.0,0.08333333333333333,0.08333333333333333
0,Family,Grandmother,35,0_1_0,0.9142857142857143,0.6736842105263158,0.5333333333333333,0.8465346534653465,0.5079365079365079,0.75,0.8571428571428571,1.0,0.75,0.75
0,Family,Grandmother,35,1_0_0,1.0,0.48951048951048953,0.32407407407407407,0.6386138613861386,0.32407407407407407,1.0,1.0,1.0,1.0,1.0
0,Family,Grandmother,35,1_1_1,0.08571428571428572,0.06315789473684211,0.05,0.5594059405940595,0.03260869565217391,0.08333333333333333,0.15384615384615385,1.0,0.08333333333333333,0.08333333333333333
0,Family,Grandmother,40,0_0_0,0.0,0.0,0.0,0.8267326732673267,0.0,0.0,0.0,0.0,0.0,0.0
0,Family,Grandmother,40,0_0_1,0.6571428571428571,0.7666666666666667,0.92,0.9306930693069307,0.6216216216216216,0.14285714285714285,0.25,1.0,0.14285714285714285,0.14285714285714285
0,Family,Grandmother,40,0_1_0,0.8857142857142857,0.6666666666666666,0.5344827586206896,0.8465346534653465,0.5,0.7142857142857143,0.8333333333333334,1.0,0.7142857142857143,0.7142857142857143
0,Family,Grandmother,40,1_0_0,1.0,0.5109489051094891,0.3431372549019608,0.6683168316831684,0.3431372549019608,1.0,1.0,1.0,1.0,1.0
0,Family,Grandmother,40,1_1_1,0.17142857142857143,0.11009174311926606,0.08108108108108109,0.5198019801980198,0.05825242718446602,0.2857142857142857,0.4444444444444444,1.0,0.2857142857142857,0.2857142857142857
0,Family,Grandmother,45,0_0_0,0.0,0.0,0.0,0.8267326732673267,0.0,0.0,0.0,0.0,0.0,0.0
0,Family,Grandmother,45,0_0_1,0.6857142857142857,0.7741935483870968,0.8888888888888888,0.9306930693069307,0.631578947368421,0.26666666666666666,0.42105263157894735,1.0,0.26666666666666666,0.26666666666666666
0,Family,Grandmother,45,0_1_0,0.8285714285714286,0.7341772151898734,0.6590909090909091,0.8960396039603961,0.58,0.6,0.75,1.0,0.6,0.6
0,Family,Grandmother,45,1_0_0,1.0,0.4375,0.28,0.5544554455445545,0.28,1.0,1.0,1.0,1.0,1.0
0,Family,Grandmother,45,1_1_1,0.17142857142857143,0.08275862068965517,0.05454545454545454,0.3415841584158416,0.04316546762589928,0.26666666666666666,0.42105263157894735,1.0,0.26666666666666666,0.26666666666666666
0,Family,Grandmother,50,0_0_0,0.0,0.0,0.0,0.8267326732673267,0.0,0.0,0.0,0.0,0.0,0.0
0,Family,Grandmother,50,0_0_1,0.6571428571428571,0.7666666666666667,0.92,0.9306930693069307,0.6216216216216216,0.29411764705882354,0.45454545454545453,1.0,0.29411764705882354,0.29411764705882354
0,Family,Grandmother,50,0_1_0,0.7714285714285715,0.72,0.675,0.8960396039603961,0.5625,0.5294117647058824,0.6923076923076923,1.0,0.5294117647058824,0.5294117647058824
0,Family,Grandmother,50,1_0_0,1.0,0.4605263157894737,0.29914529914529914,0.594059405940594,0.29914529914529914,1.0,1.0,1.0,1.0,1.0
0,Family,Grandmother,50,1_1_1,0.17142857142857143,0.07741935483870968,0.05,0.29207920792079206,0.040268456375838924,0.29411764705882354,0.45454545454545453,1.0,0.29411764705882354,0.29411764705882354
0,Family,Grandmother,55,0_0_0,0.0,0.0,0.0,0.8267326732673267,0.0,0.0,0.0,0.0,0.0,0.0
0,Family,Grandmother,55,0_0_1,0.6,0.711864406779661,0.875,0.9158415841584159,0.5526315789473685,0.2631578947368421,0.4166666666666667,1.0,0.2631578947368421,0.2631578947368421
0,Family,Grandmother,55,0_1_0,0.7714285714285715,0.75,0.7297297297297297,0.9108910891089109,0.6,0.5789473684210527,0.7333333333333333,1.0,0.5789473684210527,0.5789473684210527
0,Family,Grandmother,55,1_0_0,1.0,0.49295774647887325,0.32710280373831774,0.6435643564356436,0.32710280373831774,1.0,1.0,1.0,1.0,1.0
0,Family,Grandmother,55,1_1_1,0.0,0.0,0.0,0.6287128712871287,0.0,0.0,0.0,0.0,0.0,0.0
0,Family,Grandmother,60,0_0_0,0.0,0.0,0.0,0.8267326732673267,0.0,0.0,0.0,0.0,0.0,0.0
0,Family,Grandmother,60,0_0_1,0.5428571428571428,0.6666666666666666,0.8636363636363636,0.905940594059406,0.5,0.23809523809523808,0.38461538461538464,1.0,0.23809523809523808,0.23809523809523808
0,Family,Grandmother,60,0_1_0,0.8285714285714286,0.7532467532467533,0.6904761904761905,0.905940594059406,0.6041666666666666,0.7142857142857143,0.8333333333333334,1.0,0.7142857142857143,0.7142857142857143
0,Family,Grandmother,60,1_0_0,1.0,0.4827586206896552,0.3181818181818182,0.6287128712871287,0.3181818181818182,1.0,1.0,1.0,1.0,1.0
0,Family,Grandmother,60,1_1_1,0.0,0.0,0.0,0.7128712871287128,0.0,0.0,0.0,0.0,0.0,0.0
0,Family,Grandmother,65,0_0_0,0.0,0.0,0.0,0.8267326732673267,0.0,0.0,0.0,0.0,0.0,0.0
0,Family,Grandmother,65,0_0_1,0.5428571428571428,0.6666666666666666,0.8636363636363636,0.905940594059406,0.5,0.2727272727272727,0.42857142857142855,1.0,0.2727272727272727,0.2727272727272727
0,Family,Grandmother,65,0_1_0,0.8285714285714286,0.7631578947368421,0.7073170731707317,0.9108910891089109,0.6170212765957447,0.7272727272727273,0.8421052631578947,1.0,0.7272727272727273,0.7272727272727273
0,Family,Grandmother,65,1_0_0,1.0,0.48951048951048953,0.32407407407407407,0.6386138613861386,0.32407407407407407,1.0,1.0,1.0,1.0,1.0
0,Family,Grandmother,65,1_1_1,0.0,0.0,0.0,0.6881188118811881,0.0,0.0,0.0,0.0,0.0,0.0
0,Family,Grandmother,70,0_0_0,0.0,0.0,0.0,0.8267326732673267,0.0,0.0,0.0,0.0,0.0,0.0
0,Family,Grandmother,70,0_0_1,0.42857142857142855,0.5769230769230769,0.8823529411764706,0.8910891089108911,0.40540540540540543,0.16666666666666666,0.2857142857142857,1.0,0.16666666666666666,0.16666666666666666
0,Family,Grandmother,70,0_1_0,0.7428571428571429,0.7027027027027027,0.6666666666666666,0.8910891089108911,0.5416666666666666,0.625,0.7692307692307693,1.0,0.625,0.625
0,Family,Grandmother,70,1_0_0,1.0,0.4861111111111111,0.3211009174311927,0.6336633663366337,0.3211009174311927,1.0,1.0,1.0,1.0,1.0
0,Family,Grandmother,70,1_1_1,0.0,0.0,0.0,0.7871287128712872,0.0,0.0,0.0,0.0,0.0,0.0
0,Family,Grandmother,75,0_0_0,0.0,0.0,0.0,0.8267326732673267,0.0,0.0,0.0,0.0,0.0,0.0
0,Family,Grandmother,75,0_0_1,0.42857142857142855,0.5660377358490566,0.8333333333333334,0.8861386138613861,0.39473684210526316,0.23076923076923078,0.375,1.0,0.23076923076923078,0.23076923076923078
0,Family,Grandmother,75,0_1_0,0.7714285714285715,0.7105263157894737,0.6585365853658537,0.8910891089108911,0.5510204081632653,0.6923076923076923,0.8181818181818182,1.0,0.6923076923076923,0.6923076923076923
0,Family,Grandmother,75,1_0_0,1.0,0.5035971223021583,0.33653846153846156,0.6584158415841584,0.33653846153846156,1.0,1.0,1.0,1.0,1.0
0,Family,Grandmother,75,1_1_1,0.02857142857142857,0.03333333333333333,0.04,0.7128712871287128,0.01694915254237288,0.038461538461538464,0.07407407407407407,1.0,0.038461538461538464,0.038461538461538464
0,Family,Grandmother,80,0_0_0,0.0,0.0,0.0,0.8267326732673267,0.0,0.0,0.0,0.0,0.0,0.0
0,Family,Grandmother,80,0_0_1,0.2571428571428571,0.4,0.9,0.8663366336633663,0.25,0.07142857142857142,0.13333333333333333,1.0,0.07142857142857142,0.07142857142857142
0,Family,Grandmother,80,0_1_0,0.6285714285714286,0.6376811594202898,0.6470588235294118,0.8762376237623762,0.46808510638297873,0.5357142857142857,0.6976744186046512,1.0,0.5357142857142857,0.5357142857142857
0,Family,Grandmother,80,1_0_0,0.7714285714285715,0.5346534653465347,0.4090909090909091,0.7673267326732673,0.36486486486486486,0.7142857142857143,0.8333333333333334,1.0,0.7142857142857143,0.7142857142857143
0,Family,Grandmother,80,1_1_1,0.45714285714285713,0.23880597014925373,0.16161616161616163,0.49504950495049505,0.13559322033898305,0.5714285714285714,0.7272727272727273,1.0,0.5714285714285714,0.5714285714285714
0,Family,Grandson,0,0_0_0,0.6511627906976745,0.7887323943661971,1.0,0.9257425742574258,0.6511627906976745,,,,,
0,Family,Grandson,0,0_0_1,1.0,0.9555555555555556,0.9148936170212766,0.9801980198019802,0.9148936170212766,,,,,
0,Family,Grandson,0,0_1_0,1.0,0.7678571428571429,0.6231884057971014,0.8712871287128713,0.6231884057971014,,,,,
0,Family,Grandson,0,1_0_0,1.0,0.43,0.27388535031847133,0.43564356435643564,0.27388535031847133,,,,,
0,Family,Grandson,0,1_1_1,0.2558139534883721,0.2018348623853211,0.16666666666666666,0.5693069306930693,0.11224489795918367,,,,,
0,Family,Grandson,5,0_0_0,0.627906976744186,0.7714285714285715,1.0,0.9207920792079208,0.627906976744186,0.0,0.0,0.0,0.0,0.0
0,Family,Grandson,5,0_0_1,0.9767441860465116,0.9438202247191011,0.9130434782608695,0.9752475247524752,0.8936170212765957,0.5,0.6666666666666666,1.0,0.5,0.5
0,Family,Grandson,5,0_1_0,1.0,0.7747747747747747,0.6323529411764706,0.8762376237623762,0.6323529411764706,1.0,1.0,1.0,1.0,1.0
0,Family,Grandson,5,1_0_0,1.0,0.43,0.27388535031847133,0.43564356435643564,0.27388535031847133,1.0,1.0,1.0,1.0,1.0
0,Family,Grandson,5,1_1_1,0.32558139534883723,0.23529411764705882,0.18421052631578946,0.5495049504950495,0.13333333333333333,1.0,1.0,1.0,1.0,1.0
0,Family,Grandson,10,0_0_0,0.5813953488372093,0.7352941176470589,1.0,0.9108910891089109,0.5813953488372093,0.0,0.0,0.0,0.0,0.0
0,Family,Grandson,10,0_0_1,1.0,0.8514851485148515,0.7413793103448276,0.9257425742574258,0.7413793103448276,1.0,1.0,1.0,1.0,1.0
0,Family,Grandson,10,0_1_0,0.9767441860465116,0.8076923076923077,0.6885245901639344,0.900990099009901,0.6774193548387096,0.75,0.8571428571428571,1.0,0.75,0.75
0,Family,Grandson,10,1_0_0,1.0,0.40375586854460094,0.2529411764705882,0.3712871287128713,0.2529411764705882,1.0,1.0,1.0,1.0,1.0
0,Family,Grandson,10,1_1_1,0.37209302325581395,0.23529411764705882,0.17204301075268819,0.48514851485148514,0.13333333333333333,0.5,0.6666666666666666,1.0,0.5,0.5
0,Family,Grandson,15,0_0_0,0.5116279069767442,0.676923076923077,1.0,0.8960396039603961,0.5116279069767442,0.0,0.0,0.0,0.0,0.0
0,Family,Grandson,15,0_0_1,0.9767441860465116,0.84,0.7368421052631579,0.9207920792079208,0.7241379310344828,0.8333333333333334,0.9090909090909091,1.0,0.8333333333333334,0.8333333333333334
0,Family,Grandson,15,0_1_0,0.9302325581395349,0.7766990291262136,0.6666666666666666,0.8861386138613861,0.6349206349206349,0.5,0.6666666666666666,1.0,0.5,0.5
0,Family,Grandson,15,1_0_0,1.0,0.4095238095238095,0.25748502994011974,0.38613861386138615,0.25748502994011974,1.0,1.0,1.0,1.0,1.0
0,Family,Grandson,15,1_1_1,0.3953488372093023,0.24113475177304963,0.17346938775510204,0.47029702970297027,0.13709677419354838,0.6666666666666666,0.8,1.0,0.6666666666666666,0.6666666666666666
0,Family,Grandson,20,0_0_0,0.4883720930232558,0.65625,1.0,0.8910891089108911,0.4883720930232558,0.0,0.0,0.0,0.0,0.0
0,Family,Grandson,20,0_0_1,0.9767441860465116,0.875,0.7924528301886793,0.9405940594059405,0.7777777777777778,0.875,0.9333333333333333,1.0,0.875,0.875
0,Family,Grandson,20,0_1_0,0.9302325581395349,0.8080808080808081,0.7142857142857143,0.905940594059406,0.6779661016949152,0.625,0.7692307692307693,1.0,0.625,0.625
0,Family,Grandson,20,1_0_0,1.0,0.41545893719806765,0.2621951219512195,0.400990099009901,0.2621951219512195,1.0,1.0,1.0,1.0,1.0
0,Family,Grandson,20,1_1_1,0.37209302325581395,0.24806201550387597,0.18604651162790697,0.5198019801980198,0.1415929203539823,0.375,0.5454545454545454,1.0,0.375,0.375
0,Family,Grandson,25,0_0_0,0.5116279069767442,0.676923076923077,1.0,0.8960396039603961,0.5116279069767442,0.0,0.0,0.0,0.0,0.0
0,Family,Grandson,25,0_0_1,0.9302325581395349,0.8421052631578947,0.7692307692307693,0.9257425742574258,0.7272727272727273,0.7,0.8235294117647058,1.0,0.7,0.7
0,Family,Grandson,25,0_1_0,0.8837209302325582,0.7916666666666666,0.7169811320754716,0.900990099009901,0.6551724137931034,0.5,0.6666666666666666,1.0,0.5,0.5
0,Family,Grandson,25,1_0_0,1.0,0.4195121951219512,0.2654320987654321,0.41089108910891087,0.2654320987654321,1.0,1.0,1.0,1.0,1.0
0,Family,Grandson,25,1_1_1,0.37209302325581395,0.23703703703703705,0.17391304347826086,0.4900990099009901,0.13445378151260504,0.4,0.5714285714285714,1.0,0.4,0.4
0,Family,Grandson,30,0_0_0,0.5116279069767442,0.676923076923077,1.0,0.8960396039603961,0.5116279069767442,0.0,0.0,0.0,0.0,0.0
0,Family,Grandson,30,0_0_1,0.9069767441860465,0.8387096774193549,0.78,0.9257425742574258,0.7222222222222222,0.6666666666666666,0.8,1.0,0.6666666666666666,0.6666666666666666
0,Family,Grandson,30,0_1_0,0.8372093023255814,0.8,0.7659574468085106,0.9108910891089109,0.6666666666666666,0.4166666666666667,0.5882352941176471,1.0,0.4166666666666667,0.4166666666666667
0,Family,Grandson,30,1_0_0,1.0,0.42574257425742573,0.27044025157232704,0.42574257425742573,0.27044025157232704,1.0,1.0,1.0,1.0,1.0
0,Family,Grandson,30,1_1_1,0.37209302325581395,0.25396825396825395,0.1927710843373494,0.5346534653465347,0.14545454545454545,0.3333333333333333,0.5,1.0,0.3333333333333333,0.3333333333333333
0,Family,Grandson,35,0_0_0,0.20930232558139536,0.34615384615384615,1.0,0.8316831683168316,0.20930232558139536,0.0,0.0,0.0,0.0,0.0
0,Family,Grandson,35,0_0_1,0.6976744186046512,0.7692307692307693,0.8571428571428571,0.9108910891089109,0.625,0.13333333333333333,0.23529411764705882,1.0,0.13333333333333333,0.13333333333333333
0,Family,Grandson,35,0_1_0,0.9534883720930233,0.7454545454545455,0.6119402985074627,0.8613861386138614,0.5942028985507246,0.8666666666666667,0.9285714285714286,1.0,0.8666666666666667,0.8666666666666667
0,Family,Grandson,35,1_0_0,1.0,0.3944954128440367,0.24571428571428572,0.3465346534653465,0.24571428571428572,1.0,1.0,1.0,1.0,1.0
0,Family,Grandson,35,1_1_1,0.9069767441860465,0.45614035087719296,0.3046875,0.5396039603960396,0.29545454545454547,0.7333333333333333,0.8461538461538461,1.0,0.7333333333333333,0.7333333333333333
0,Family,Grandson,40,0_0_0,0.13953488372093023,0.24489795918367346,1.0,0.8168316831683168,0.13953488372093023,0.0,0.0,0.0,0.0,0.0
0,Family,Grandson,40,0_0_1,0.627906976744186,0.7397260273972602,0.9,0.905940594059406,0.5869565217391305,0.058823529411764705,0.1111111111111111,1.0,0.058823529411764705,0.058823529411764705
0,Family,Grandson,40,0_1_0,0.9302325581395349,0.7207207207207207,0.5882352941176471,0.8465346534653465,0.5633802816901409,0.8235294117647058,0.9032258064516129,1.0,0.8235294117647058,0.8235294117647058
0,Family,Grandson,40,1_0_0,1.0,0.40186915887850466,0.25146198830409355,0.36633663366336633,0.25146198830409355,1.0,1.0,1.0,1.0,1.0
0,Family,Grandson,40,1_1_1,0.8837209302325582,0.4367816091954023,0.2900763358778626,0.5148514851485149,0.27941176470588236,0.7058823529411765,0.8275862068965517,1.0,0.7058823529411765,0.7058823529411765
0,Family,Grandson,45,0_0_0,0.16279069767441862,0.28,1.0,0.8217821782178217,0.16279069767441862,0.0,0.0,0.0,0.0,0.0
0,Family,Grandson,45,0_0_1,0.6511627906976745,0.7567567567567568,0.9032258064516129,0.9108910891089109,0.6086956521739131,0.21052631578947367,0.34782608695652173,1.0,0.21052631578947367,0.21052631578947367
0,Family,Grandson,45,0_1_0,0.9302325581395349,0.7207207207207207,0.5882352941176471,0.8465346534653465,0.5633802816901409,0.8421052631578947,0.9142857142857143,1.0,0.8421052631578947,0.8421052631578947
0,Family,Grandson,45,1_0_0,1.0,0.4215686274509804,0.2670807453416149,0.4158415841584158,0.2670807453416149,1.0,1.0,1.0,1.0,1.0
0,Family,Grandson,45,1_1_1,0.8837209302325582,0.4293785310734463,0.2835820895522388,0.5,0.2733812949640288,0.7368421052631579,0.8484848484848485,1.0,0.7368421052631579,0.7368421052631579
0,Family,Grandson,50,0_0_0,0.18604651162790697,0.3137254901960784,1.0,0.8267326732673267,0.18604651162790697,0.0,0.0,0.0,0.0,0.0
0,Family,Grandson,50,0_0_1,0.5581395348837209,0.6956521739130435,0.9230769230769231,0.8960396039603961,0.5333333333333333,0.09523809523809523,0.17391304347826086,1.0,0.09523809523809523,0.09523809523809523
0,Family,Grandson,50,0_1_0,0.8372093023255814,0.6728971962616822,0.5625,0.8267326732673267,0.5070422535211268,0.6666666666666666,0.8,1.0,0.6666666666666666,0.6666666666666666
0,Family,Grandson,50,1_0_0,0.9767441860465116,0.43523316062176165,0.28,0.4603960396039604,0.2781456953642384,0.9523809523809523,0.975609756097561,1.0,0.9523809523809523,0.9523809523809523
0,Family,Grandson,50,1_1_1,0.9069767441860465,0.4875,0.3333333333333333,0.594059405940594,0.32231404958677684,0.8095238095238095,0.8947368421052632,1.0,0.8095238095238095,0.8095238095238095
0,Family,Grandson,55,0_0_0,0.20930232558139536,0.34615384615384615,1.0,0.8316831683168316,0.20930232558139536,0.0,0.0,0.0,0.0,0.0
0,Family,Grandson,55,0_0_1,0.5581395348837209,0.676056338028169,0.8571428571428571,0.8861386138613861,0.5106382978723404,0.17391304347826086,0.2962962962962963,1.0,0.17391304347826086,0.17391304347826086
0,Family,Grandson,55,0_1_0,0.7906976744186046,0.6666666666666666,0.576271186440678,0.8316831683168316,0.5,0.6086956521739131,0.7567567567567568,1.0,0.6086956521739131,0.6086956521739131
0,Family,Grandson,55,1_0_0,0.9767441860465116,0.44680851063829785,0.2896551724137931,0.48514851485148514,0.2876712328767123,0.9565217391304348,0.9777777777777777,1.0,0.9565217391304348,0.9565217391304348
0,Family,Grandson,55,1_1_1,0.8837209302325582,0.4935064935064935,0.34234234234234234,0.6138613861386139,0.3275862068965517,0.782608695652174,0.8780487804878049,1.0,0.782608695652174,0.782608695652174
0,Family,Grandson,60,0_0_0,0.20930232558139536,0.34615384615384615,1.0,0.8316831683168316,0.20930232558139536,0.0,0.0,0.0,0.0,0.0
0,Family,Grandson,60,0_0_1,0.4883720930232558,0.6176470588235294,0.84,0.8712871287128713,0.44680851063829785,0.12,0.21428571428571427,1.0,0.12,0.12
0,Family,Grandson,60,0_1_0,0.6744186046511628,0.5979381443298969,0.5370370370370371,0.806930693069307,0.4264705882352941,0.44,0.6111111111111112,1.0,0.44,0.44
0,Family,Grandson,60,1_0_0,0.9767441860465116,0.417910447761194,0.26582278481012656,0.4207920792079208,0.2641509433962264,0.96,0.9795918367346939,1.0,0.96,0.96
0,Family,Grandson,60,1_1_1,0.8837209302325582,0.49032258064516127,0.3392857142857143,0.6089108910891089,0.3247863247863248,0.8,0.8888888888888888,1.0,0.8,0.8
0,Family,Grandson,65,0_0_0,0.16279069767441862,0.28,1.0,0.8217821782178217,0.16279069767441862,0.0,0.0,0.0,0.0,0.0
0,Family,Grandson,65,0_0_1,0.5116279069767442,0.6111111111111112,0.7586206896551724,0.8613861386138614,0.44,0.2222222222222222,0.36363636363636365,1.0,0.2222222222222222,0.2222222222222222
0,Family,Grandson,65,0_1_0,0.7674418604651163,0.6346153846153846,0.5409836065573771,0.8118811881188119,0.4647887323943662,0.6296296296296297,0.7727272727272727,1.0,0.6296296296296297,0.6296296296296297
0,Family,Grandson,65,1_0_0,0.9534883720930233,0.3744292237442922,0.23295454545454544,0.3217821782178218,0.2303370786516854,0.9259259259259259,0.9615384615384616,1.0,0.9259259259259259,0.9259259259259259
0,Family,Grandson,65,1_1_1,0.9069767441860465,0.4785276073619632,0.325,0.5792079207920792,0.31451612903225806,0.8518518518518519,0.92,1.0,0.8518518518518519,0.8518518518518519
0,Family,Grandson,70,0_0_0,0.09302325581395349,0.1702127659574468,1.0,0.806930693069307,0.09302325581395349,0.0,0.0,0.0,0.0,0.0
0,Family,Grandson,70,0_0_1,0.4186046511627907,0.5714285714285714,0.9,0.8663366336633663,0.4,0.16666666666666666,0.2857142857142857,1.0,0.16666666666666666,0.16666666666666666
0,Family,Grandson,70,0_1_0,0.7441860465116279,0.64,0.5614035087719298,0.8217821782178217,0.47058823529411764,0.6333333333333333,0.7755102040816326,1.0,0.6333333333333333,0.6333333333333333
0,Family,Grandson,70,1_0_0,1.0,0.40186915887850466,0.25146198830409355,0.36633663366336633,0.25146198830409355,1.0,1.0,1.0,1.0,1.0
0,Family,Grandson,70,1_1_1,0.9302325581395349,0.49382716049382713,0.33613445378151263,0.594059405940594,0.32786885245901637,0.9,0.9473684210526315,1.0,0.9,0.9
0,Family,Grandson,75,0_0_0,0.0,0.0,0.0,0.7871287128712872,0.0,0.0,0.0,0.0,0.0,0.0
0,Family,Grandson,75,0_0_1,0.2558139534883721,0.4074074074074074,1.0,0.8415841584158416,0.2558139534883721,0.0,0.0,0.0,0.0,0.0
0,Family,Grandson,75,0_1_0,0.37209302325581395,0.48484848484848486,0.6956521739130435,0.8316831683168316,0.32,0.15625,0.2702702702702703,1.0,0.15625,0.15625
0,Family,Grandson,75,1_0_0,0.8604651162790697,0.6324786324786325,0.5,0.7871287128712872,0.4625,0.8125,0.896551724137931,1.0,0.8125,0.8125
0,Family,Grandson,75,1_1_1,1.0,0.4387755102040816,0.28104575163398693,0.45544554455445546,0.28104575163398693,1.0,1.0,1.0,1.0,1.0
0,Family,Grandson,80,0_0_0,0.023255813953488372,0.045454545454545456,1.0,0.7920792079207921,0.023255813953488372,0.0,0.0,0.0,0.0,0.0
0,Family,Grandson,80,0_0_1,0.20930232558139536,0.34615384615384615,1.0,0.8316831683168316,0.20930232558139536,0.0,0.0,0.0,0.0,0.0
0,Family,Grandson,80,0_1_0,0.37209302325581395,0.463768115942029,0.6153846153846154,0.8168316831683168,0.3018867924528302,0.20588235294117646,0.34146341463414637,1.0,0.20588235294117646,0.20588235294117646
0,Family,Grandson,80,1_0_0,0.8604651162790697,0.6324786324786325,0.5,0.7871287128712872,0.4625,0.8235294117647058,0.9032258064516129,1.0,0.8235294117647058,0.8235294117647058
0,Family,Grandson,80,1_1_1,1.0,0.441025641025641,0.28289473684210525,0.4603960396039604,0.28289473684210525,1.0,1.0,1.0,1.0,1.0
0,Family,Mother,0,0_0_0,0.016666666666666666,0.03278688524590164,1.0,0.7079207920792079,0.016666666666666666,,,,,
0,Family,Mother,0,0_0_1,1.0,0.9523809523809523,0.9090909090909091,0.9702970297029703,0.9090909090909091,,,,,
0,Family,Mother,0,0_1_0,1.0,0.7692307692307693,0.625,0.8217821782178217,0.625,,,,,
0,Family,Mother,0,1_0_0,1.0,0.5194805194805194,0.3508771929824561,0.4504950495049505,0.3508771929824561,,,,,
0,Family,Mother,0,1_1_1,0.0,0.0,0.0,0.6435643564356436,0.0,,,,,
0,Family,Mother,5,0_0_0,0.03333333333333333,0.06451612903225806,1.0,0.7128712871287128,0.03333333333333333,0.0,0.0,0.0,0.0,0.0
0,Family,Mother,5,0_0_1,0.9833333333333333,0.9752066115702479,0.9672131147540983,0.9851485148514851,0.9516129032258065,0.6666666666666666,0.8,1.0,0.6666666666666666,0.6666666666666666
0,Family,Mother,5,0_1_0,0.9833333333333333,0.7814569536423841,0.6483516483516484,0.8366336633663366,0.6413043478260869,0.6666666666666666,0.8,1.0,0.6666666666666666,0.6666666666666666
0,Family,Mother,5,1_0_0,1.0,0.5454545454545454,0.375,0.504950495049505,0.375,1.0,1.0,1.0,1.0,1.0
0,Family,Mother,5,1_1_1,0.0,0.0,0.0,0.6732673267326733,0.0,0.0,0.0,0.0,0.0,0.0
0,Family,Mother,10,0_0_0,0.0,0.0,0.0,0.7029702970297029,0.0,0.0,0.0,0.0,0.0,0.0
0,Family,Mother,10,0_0_1,0.95,0.9421487603305785,0.9344262295081968,0.9653465346534653,0.890625,0.5,0.6666666666666666,1.0,0.5,0.5
0,Family,Mother,10,0_1_0,0.9833333333333333,0.7919463087248322,0.6629213483146067,0.8465346534653465,0.6555555555555556,0.8333333333333334,0.9090909090909091,1.0,0.8333333333333334,0.8333333333333334
0,Family,Mother,10,1_0_0,1.0,0.5405405405405406,0.37037037037037035,0.49504950495049505,0.37037037037037035,1.0,1.0,1.0,1.0,1.0
0,Family,Mother,10,1_1_1,0.016666666666666666,0.02531645569620253,0.05263157894736842,0.6188118811881188,0.01282051282051282,0.16666666666666666,0.2857142857142857,1.0,0.16666666666666666,0.16666666666666666
0,Family,Mother,15,0_0_0,0.0,0.0,0.0,0.7029702970297029,0.0,0.0,0.0,0.0,0.0,0.0
0,Family,Mother,15,0_0_1,0.9,0.9391304347826087,0.9818181818181818,0.9653465346534653,0.8852459016393442,0.3333333333333333,0.5,1.0,0.3333333333333333,0.3333333333333333
0,Family,Mother,15,0_1_0,0.9833333333333333,0.7972972972972973,0.6704545454545454,0.8514851485148515,0.6629213483146067,0.8888888888888888,0.9411764705882353,1.0,0.8888888888888888,0.8888888888888888
0,Family,Mother,15,1_0_0,1.0,0.5429864253393665,0.37267080745341613,0.5,0.37267080745341613,1.0,1.0,1.0,1.0,1.0
0,Family,Mother,15,1_1_1,0.016666666666666666,0.02631578947368421,0.0625,0.6336633663366337,0.013333333333333334,0.1111111111111111,0.2,1.0,0.1111111111111111,0.1111111111111111
0,Family,Mother,20,0_0_0,0.0,0.0,0.0,0.7029702970297029,0.0,0.0,0.0,0.0,0.0,0.0
0,Family,Mother,20,0_0_1,0.8333333333333334,0.7936507936507936,0.7575757575757576,0.8712871287128713,0.6578947368421053,0.16666666666666666,0.2857142857142857,1.0,0.16666666666666666,0.16666666666666666
0,Family,Mother,20,0_1_0,0.9666666666666667,0.725,0.58,0.7821782178217822,0.5686274509803921,0.8333333333333334,0.9090909090909091,1.0,0.8333333333333334,0.8333333333333334
0,Family,Mother,20,1_0_0,1.0,0.47244094488188976,0.30927835051546393,0.33663366336633666,0.30927835051546393,1.0,1.0,1.0,1.0,1.0
0,Family,Mother,20,1_1_1,0.03333333333333333,0.05555555555555555,0.16666666666666666,0.6633663366336634,0.02857142857142857,0.16666666666666666,0.2857142857142857,1.0,0.16666666666666666,0.16666666666666666
0,Family,Mother,25,0_0_0,0.0,0.0,0.0,0.7029702970297029,0.0,0.0,0.0,0.0,0.0,0.0
0,Family,Mother,25,0_0_1,0.7833333333333333,0.7768595041322314,0.7704918032786885,0.8663366336633663,0.6351351351351351,0.13333333333333333,0.23529411764705882,1.0,0.13333333333333333,0.13333333333333333
0,Family,Mother,25,0_1_0,0.9666666666666667,0.7388535031847133,0.5979381443298969,0.7970297029702971,0.5858585858585859,0.8666666666666667,0.9285714285714286,1.0,0.8666666666666667,0.8666666666666667
0,Family,Mother,25,1_0_0,1.0,0.4743083003952569,0.31088082901554404,0.3415841584158416,0.31088082901554404,1.0,1.0,1.0,1.0,1.0
0,Family,Mother,25,1_1_1,0.03333333333333333,0.05405405405405406,0.14285714285714285,0.6534653465346535,0.027777777777777776,0.13333333333333333,0.23529411764705882,1.0,0.13333333333333333,0.13333333333333333
0,Family,Mother,30,0_0_0,0.0,0.0,0.0,0.7029702970297029,0.0,0.0,0.0,0.0,0.0,0.0
0,Family,Mother,30,0_0_1,0.75,0.8571428571428571,1.0,0.9257425742574258,0.75,0.16666666666666666,0.2857142857142857,1.0,0.16666666666666666,0.16666666666666666
0,Family,Mother,30,0_1_0,0.8833333333333333,0.8091603053435115,0.7464788732394366,0.8762376237623762,0.6794871794871795,0.6111111111111112,0.7586206896551724,1.0,0.6111111111111112,0.6111111111111112
0,Family,Mother,30,1_0_0,1.0,0.5687203791469194,0.3973509933774834,0.5495049504950495,0.3973509933774834,1.0,1.0,1.0,1.0,1.0
0,Family,Mother,30,1_1_1,0.1,0.11538461538461539,0.13636363636363635,0.5445544554455446,0.061224489795918366,0.2777777777777778,0.43478260869565216,1.0,0.2777777777777778,0.2777777777777778
0,Family,Mother,35,0_0_0,0.0,0.0,0.0,0.7029702970297029,0.0,0.0,0.0,0.0,0.0,0.0
0,Family,Mother,35,0_0_1,0.6833333333333333,0.8118811881188119,1.0,0.905940594059406,0.6833333333333333,0.09523809523809523,0.17391304347826086,1.0,0.09523809523809523,0.09523809523809523
0,Family,Mother,35,0_1_0,0.85,0.796875,0.75,0.8712871287128713,0.6623376623376623,0.5714285714285714,0.7272727272727273,1.0,0.5714285714285714,0.5714285714285714
0,Family,Mother,35,1_0_0,1.0,0.5381165919282511,0.36809815950920244,0.4900990099009901,0.36809815950920244,1.0,1.0,1.0,1.0,1.0
0,Family,Mother,35,1_1_1,0.15,0.16822429906542055,0.19148936170212766,0.5594059405940595,0.09183673469387756,0.3333333333333333,0.5,1.0,0.3333333333333333,0.3333333333333333
0,Family,Mother,40,0_0_0,0.0,0.0,0.0,0.7029702970297029,0.0,0.0,0.0,0.0,0.0,0.0
0,Family,Mother,40,0_0_1,0.6,0.75,1.0,0.8811881188118812,0.6,0.0,0.0,0.0,0.0,0.0
0,Family,Mother,40,0_1_0,0.8333333333333334,0.8064516129032258,0.78125,0.8811881188118812,0.6756756756756757,0.5833333333333334,0.7368421052631579,1.0,0.5833333333333334,0.5833333333333334
0,Family,Mother,40,1_0_0,1.0,0.547945205479452,0.37735849056603776,0.5099009900990099,0.37735849056603776,1.0,1.0,1.0,1.0,1.0
0,Family,Mother,40,1_1_1,0.25,0.25210084033613445,0.2542372881355932,0.5594059405940595,0.14423076923076922,0.5,0.6666666666666666,1.0,0.5,0.5
0,Family,Mother,45,0_0_0,0.0,0.0,0.0,0.7029702970297029,0.0,0.0,0.0,0.0,0.0,0.0
0,Family,Mother,45,0_0_1,0.55,0.7096774193548387,1.0,0.8663366336633663,0.55,0.0,0.0,0.0,0.0,0.0
0,Family,Mother,45,0_1_0,0.7666666666666667,0.8070175438596491,0.8518518518518519,0.8910891089108911,0.6764705882352942,0.48148148148148145,0.65,1.0,0.48148148148148145,0.48148148148148145
0,Family,Mother,45,1_0_0,0.9666666666666667,0.6236559139784946,0.4603174603174603,0.6534653465346535,0.453125,0.9259259259259259,0.9615384615384616,1.0,0.9259259259259259,0.9259259259259259
0,Family,Mother,45,1_1_1,0.26666666666666666,0.24060150375939848,0.2191780821917808,0.5,0.13675213675213677,0.5925925925925926,0.7441860465116279,1.0,0.5925925925925926,0.5925925925925926
0,Family,Mother,50,0_0_0,0.0,0.0,0.0,0.7029702970297029,0.0,0.0,0.0,0.0,0.0,0.0
0,Family,Mother,50,0_0_1,0.5,0.6666666666666666,1.0,0.8514851485148515,0.5,0.0,0.0,0.0,0.0,0.0
0,Family,Mother,50,0_1_0,0.7333333333333333,0.7927927927927928,0.8627450980392157,0.8861386138613861,0.6567164179104478,0.4666666666666667,0.6363636363636364,1.0,0.4666666666666667,0.4666666666666667
0,Family,Mother,50,1_0_0,0.95,0.6477272727272727,0.49137931034482757,0.693069306930693,0.4789915966386555,0.9,0.9473684210526315,1.0,0.9,0.9
0,Family,Mother,50,1_1_1,0.2833333333333333,0.2537313432835821,0.22972972972972974,0.504950495049505,0.1452991452991453,0.5666666666666667,0.723404255319149,1.0,0.5666666666666667,0.5666666666666667
0,Family,Mother,55,0_0_0,0.0,0.0,0.0,0.7029702970297029,0.0,0.0,0.0,0.0,0.0,0.0
0,Family,Mother,55,0_0_1,0.45,0.6206896551724138,1.0,0.8366336633663366,0.45,0.0,0.0,0.0,0.0,0.0
0,Family,Mother,55,0_1_0,0.6666666666666666,0.7843137254901961,0.9523809523809523,0.8910891089108911,0.6451612903225806,0.3939393939393939,0.5652173913043478,1.0,0.3939393939393939,0.3939393939393939
0,Family,Mother,55,1_0_0,0.9333333333333333,0.6120218579234973,0.45528455284552843,0.6485148514851485,0.4409448818897638,0.8787878787878788,0.9354838709677419,1.0,0.8787878787878788,0.8787878787878788
0,Family,Mother,55,1_1_1,0.6833333333333333,0.43617021276595747,0.3203125,0.4752475247524752,0.2789115646258503,0.48484848484848486,0.6530612244897959,1.0,0.48484848484848486,0.48484848484848486
0,Family,Mother,60,0_0_0,0.0,0.0,0.0,0.7029702970297029,0.0,0.0,0.0,0.0,0.0,0.0
0,Family,Mother,60,0_0_1,0.4,0.5714285714285714,1.0,0.8217821782178217,0.4,0.0,0.0,0.0,0.0,0.0
0,Family,Mother,60,0_1_0,0.6166666666666667,0.7474747474747475,0.9487179487179487,0.8762376237623762,0.5967741935483871,0.3611111111111111,0.5306122448979592,1.0,0.3611111111111111,0.3611111111111111
0,Family,Mother,60,1_0_0,0.8833333333333333,0.5988700564971752,0.452991452991453,0.6485148514851485,0.4274193548387097,0.8055555555555556,0.8923076923076924,1.0,0.8055555555555556,0.8055555555555556
0,Family,Mother,60,1_1_1,0.6166666666666667,0.4088397790055249,0.30578512396694213,0.47029702970297027,0.2569444444444444,0.4444444444444444,0.6153846153846154,1.0,0.4444444444444444,0.4444444444444444
0,Family,Mother,65,0_0_0,0.03333333333333333,0.06451612903225806,1.0,0.7128712871287128,0.03333333333333333,0.0,0.0,0.0,0.0,0.0
0,Family,Mother,65,0_0_1,0.35,0.5185185185185185,1.0,0.806930693069307,0.35,0.0,0.0,0.0,0.0,0.0
0,Family,Mother,65,0_1_0,0.6833333333333333,0.7387387387387387,0.803921568627451,0.8564356435643564,0.5857142857142857,0.5128205128205128,0.6779661016949152,1.0,0.5128205128205128,0.5128205128205128
0,Family,Mother,65,1_0_0,0.8833333333333333,0.6235294117647059,0.4818181818181818,0.6831683168316832,0.452991452991453,0.8205128205128205,0.9014084507042254,1.0,0.8205128205128205,0.8205128205128205
0,Family,Mother,65,1_1_1,0.7833333333333333,0.4973544973544973,0.3643410852713178,0.5297029702970297,0.33098591549295775,0.6666666666666666,0.8,1.0,0.6666666666666666,0.6666666666666666
0,Family,Mother,70,0_0_0,0.03333333333333333,0.06451612903225806,1.0,0.7128712871287128,0.03333333333333333,0.0,0.0,0.0,0.0,0.0
0,Family,Mother,70,0_0_1,0.3,0.46153846153846156,1.0,0.7920792079207921,0.3,0.0,0.0,0.0,0.0,0.0
0,Family,Mother,70,0_1_0,0.5666666666666667,0.6601941747572816,0.7906976744186046,0.8267326732673267,0.4927536231884058,0.38095238095238093,0.5517241379310345,1.0,0.38095238095238093,0.38095238095238093
0,Family,Mother,70,1_0_0,0.7833333333333333,0.5949367088607594,0.47959183673469385,0.6831683168316832,0.42342342342342343,0.6904761904761905,0.8169014084507042,1.0,0.6904761904761905,0.6904761904761905
0,Family,Mother,70,1_1_1,0.8333333333333334,0.5291005291005291,0.3875968992248062,0.5594059405940595,0.3597122302158273,0.7619047619047619,0.8648648648648649,1.0,0.7619047619047619,0.7619047619047619
0,Family,Mother,75,0_0_0,0.0,0.0,0.0,0.7029702970297029,0.0,0.0,0.0,0.0,0.0,0.0
0,Family,Mother,75,0_0_1,0.25,0.4,1.0,0.7772277227722773,0.25,0.0,0.0,0.0,0.0,0.0
0,Family,Mother,75,0_1_0,0.4666666666666667,0.6222222222222222,0.9333333333333333,0.8316831683168316,0.45161290322580644,0.28888888888888886,0.4482758620689655,1.0,0.28888888888888886,0.28888888888888886
0,Family,Mother,75,1_0_0,0.7333333333333333,0.6376811594202898,0.5641025641025641,0.7524752475247525,0.46808510638297873,0.6444444444444445,0.7837837837837838,1.0,0.6444444444444445,0.6444444444444445
0,Family,Mother,75,1_1_1,0.9333333333333333,0.5894736842105263,0.4307692307692308,0.6138613861386139,0.417910447761194,0.9111111111111111,0.9534883720930233,1.0,0.9111111111111111,0.9111111111111111
0,Family,Mother,80,0_0_0,0.016666666666666666,0.03278688524590164,1.0,0.7079207920792079,0.016666666666666666,0.0,0.0,0.0,0.0,0.0
0,Family,Mother,80,0_0_1,0.2,0.32,0.8,0.7475247524752475,0.19047619047619047,0.0,0.0,0.0,0.0,0.0
0,Family,Mother,80,0_1_0,0.4666666666666667,0.6021505376344086,0.8484848484848485,0.8168316831683168,0.4307692307692308,0.3333333333333333,0.5,1.0,0.3333333333333333,0.3333333333333333
0,Family,Mother,80,1_0_0,0.85,0.4927536231884058,0.3469387755102041,0.4801980198019802,0.3269230769230769,0.8125,0.896551724137931,1.0,0.8125,0.8125
0,Family,Mother,80,1_1_1,0.7,0.3925233644859813,0.2727272727272727,0.3564356435643564,0.2441860465116279,0.6458333333333334,0.7848101265822784,1.0,0.6458333333333334,0.6458333333333334
0,Family,Sister,0,0_0_0,0.047619047619047616,0.09090909090909091,1.0,0.801980198019802,0.047619047619047616,,,,,
0,Family,Sister,0,0_0_1,1.0,0.9438202247191011,0.8936170212765957,0.9752475247524752,0.8936170212765957,,,,,
0,Family,Sister,0,0_1_0,1.0,0.8076923076923077,0.6774193548387096,0.900990099009901,0.6774193548387096,,,,,
0,Family,Sister,0,1_0_0,1.0,0.48,0.3157894736842105,0.5495049504950495,0.3157894736842105,,,,,
0,Family,Sister,0,1_1_1,0.023809523809523808,0.015503875968992248,0.011494252873563218,0.3712871287128713,0.0078125,,,,,
0,Family,Sister,5,0_0_0,0.07142857142857142,0.13333333333333333,1.0,0.806930693069307,0.07142857142857142,0.0,0.0,0.0,0.0,0.0
0,Family,Sister,5,0_0_1,0.9761904761904762,0.9425287356321839,0.9111111111111111,0.9752475247524752,0.8913043478260869,0.5,0.6666666666666666,1.0,0.5,0.5
0,Family,Sister,5,0_1_0,1.0,0.8235294117647058,0.7,0.9108910891089109,0.7,1.0,1.0,1.0,1.0,1.0
0,Family,Sister,5,1_0_0,1.0,0.49122807017543857,0.32558139534883723,0.5693069306930693,0.32558139534883723,1.0,1.0,1.0,1.0,1.0
0,Family,Sister,5,1_1_1,0.09523809523809523,0.057971014492753624,0.041666666666666664,0.3564356435643564,0.029850746268656716,0.5,0.6666666666666666,1.0,0.5,0.5
0,Family,Sister,10,0_0_0,0.07142857142857142,0.13333333333333333,1.0,0.806930693069307,0.07142857142857142,0.0,0.0,0.0,0.0,0.0
0,Family,Sister,10,0_0_1,0.9523809523809523,0.9302325581395349,0.9090909090909091,0.9702970297029703,0.8695652173913043,0.5,0.6666666666666666,1.0,0.5,0.5
0,Family,Sister,10,0_1_0,1.0,0.8571428571428571,0.75,0.9306930693069307,0.75,1.0,1.0,1.0,1.0,1.0
0,Family,Sister,10,1_0_0,1.0,0.49411764705882355,0.328125,0.5742574257425742,0.328125,1.0,1.0,1.0,1.0,1.0
0,Family,Sister,10,1_1_1,0.11904761904761904,0.06944444444444445,0.049019607843137254,0.33663366336633666,0.03597122302158273,0.75,0.8571428571428571,1.0,0.75,0.75
0,Family,Sister,15,0_0_0,0.0,0.0,0.0,0.7920792079207921,0.0,0.0,0.0,0.0,0.0,0.0
0,Family,Sister,15,0_0_1,0.9523809523809523,0.9302325581395349,0.9090909090909091,0.9702970297029703,0.8695652173913043,0.6666666666666666,0.8,1.0,0.6666666666666666,0.6666666666666666
0,Family,Sister,15,0_1_0,1.0,0.631578947368421,0.46153846153846156,0.7574257425742574,0.46153846153846156,1.0,1.0,1.0,1.0,1.0
0,Family,Sister,15,1_0_0,1.0,0.42424242424242425,0.2692307692307692,0.43564356435643564,0.2692307692307692,1.0,1.0,1.0,1.0,1.0
0,Family,Sister,15,1_1_1,0.07142857142857142,0.04878048780487805,0.037037037037037035,0.4207920792079208,0.025,0.16666666666666666,0.2857142857142857,1.0,0.16666666666666666,0.16666666666666666
0,Family,Sister,20,0_0_0,0.0,0.0,0.0,0.7920792079207921,0.0,0.0,0.0,0.0,0.0,0.0
0,Family,Sister,20,0_0_1,0.9047619047619048,0.9156626506024096,0.926829268292683,0.9653465346534653,0.8444444444444444,0.5,0.6666666666666666,1.0,0.5,0.5
0,Family,Sister,20,0_1_0,1.0,0.672,0.5060240963855421,0.7970297029702971,0.5060240963855421,1.0,1.0,1.0,1.0,1.0
0,Family,Sister,20,1_0_0,1.0,0.4421052631578947,0.28378378378378377,0.4752475247524752,0.28378378378378377,1.0,1.0,1.0,1.0,1.0
0,Family,Sister,20,1_1_1,0.09523809523809523,0.06201550387596899,0.04597701149425287,0.400990099009901,0.032,0.375,0.5454545454545454,1.0,0.375,0.375
0,Family,Sister,25,0_0_0,0.0,0.0,0.0,0.7920792079207921,0.0,0.0,0.0,0.0,0.0,0.0
0,Family,Sister,25,0_0_1,0.8571428571428571,0.9,0.9473684210526315,0.9603960396039604,0.8181818181818182,0.4,0.5714285714285714,1.0,0.4,0.4
0,Family,Sister,25,0_1_0,1.0,0.631578947368421,0.46153846153846156,0.7574257425742574,0.46153846153846156,1.0,1.0,1.0,1.0,1.0
0,Family,Sister,25,1_0_0,1.0,0.4158415841584158,0.2625,0.4158415841584158,0.2625,1.0,1.0,1.0,1.0,1.0
0,Family,Sister,25,1_1_1,0.11904761904761904,0.07936507936507936,0.05952380952380952,0.42574257425742573,0.04132231404958678,0.3,0.46153846153846156,1.0,0.3,0.3
0,Family,Sister,30,0_0_0,0.0,0.0,0.0,0.7920792079207921,0.0,0.0,0.0,0.0,0.0,0.0
0,Family,Sister,30,0_0_1,0.8095238095238095,0.8607594936708861,0.918918918918919,0.9455445544554455,0.7555555555555555,0.3333333333333333,0.5,1.0,0.3333333333333333,0.3333333333333333
0,Family,Sister,30,0_1_0,1.0,0.6,0.42857142857142855,0.7227722772277227,0.42857142857142855,1.0,1.0,1.0,1.0,1.0
0,Family,Sister,30,1_0_0,1.0,0.4077669902912621,0.25609756097560976,0.39603960396039606,0.25609756097560976,1.0,1.0,1.0,1.0,1.0
0,Family,Sister,30,1_1_1,0.09523809523809523,0.064,0.04819277108433735,0.4207920792079208,0.03305785123966942,0.25,0.4,1.0,0.25,0.25
0,Family,Sister,35,0_0_0,0.023809523809523808,0.046511627906976744,1.0,0.7970297029702971,0.023809523809523808,0.0,0.0,0.0,0.0,0.0
0,Family,Sister,35,0_0_1,0.7619047619047619,0.810126582278481,0.8648648648648649,0.9257425742574258,0.6808510638297872,0.2857142857142857,0.4444444444444444,1.0,0.2857142857142857,0.2857142857142857
0,Family,Sister,35,0_1_0,1.0,0.6131386861313869,0.4421052631578947,0.7376237623762376,0.4421052631578947,1.0,1.0,1.0,1.0,1.0
0,Family,Sister,35,1_0_0,1.0,0.3870967741935484,0.24,0.3415841584158416,0.24,1.0,1.0,1.0,1.0,1.0
0,Family,Sister,35,1_1_1,0.14285714285714285,0.09302325581395349,0.06896551724137931,0.4207920792079208,0.04878048780487805,0.21428571428571427,0.35294117647058826,1.0,0.21428571428571427,0.21428571428571427
0,Family,Sister,40,0_0_0,0.023809523809523808,0.046511627906976744,1.0,0.7970297029702971,0.023809523809523808,0.0,0.0,0.0,0.0,0.0
0,Family,Sister,40,0_0_1,0.7142857142857143,0.7792207792207793,0.8571428571428571,0.9158415841584159,0.6382978723404256,0.25,0.4,1.0,0.25,0.25
0,Family,Sister,40,0_1_0,1.0,0.6614173228346457,0.49411764705882355,0.7871287128712872,0.49411764705882355,1.0,1.0,1.0,1.0,1.0
0,Family,Sister,40,1_0_0,1.0,0.4,0.25,0.37623762376237624,0.25,1.0,1.0,1.0,1.0,1.0
0,Family,Sister,40,1_1_1,0.21428571428571427,0.13846153846153847,0.10227272727272728,0.44554455445544555,0.0743801652892562,0.375,0.5454545454545454,1.0,0.375,0.375
0,Family,Sister,45,0_0_0,0.023809523809523808,0.046511627906976744,1.0,0.7970297029702971,0.023809523809523808,0.0,0.0,0.0,0.0,0.0
0,Family,Sister,45,0_0_1,0.6428571428571429,0.7397260273972602,0.8709677419354839,0.905940594059406,0.5869565217391305,0.16666666666666666,0.2857142857142857,1.0,0.16666666666666666,0.16666666666666666
0,Family,Sister,45,0_1_0,1.0,0.6666666666666666,0.5,0.7920792079207921,0.5,1.0,1.0,1.0,1.0,1.0
0,Family,Sister,45,1_0_0,1.0,0.3888888888888889,0.2413793103448276,0.3465346534653465,0.2413793103448276,1.0,1.0,1.0,1.0,1.0
0,Family,Sister,45,1_1_1,0.19047619047619047,0.14545454545454545,0.11764705882352941,0.5346534653465347,0.0784313725490196,0.3333333333333333,0.5,1.0,0.3333333333333333,0.3333333333333333
0,Family,Sister,50,0_0_0,0.023809523809523808,0.046511627906976744,1.0,0.7970297029702971,0.023809523809523808,0.0,0.0,0.0,0.0,0.0
0,Family,Sister,50,0_0_1,0.5714285714285714,0.676056338028169,0.8275862068965517,0.8861386138613861,0.5106382978723404,0.14285714285714285,0.25,1.0,0.14285714285714285,0.14285714285714285
0,Family,Sister,50,0_1_0,0.9285714285714286,0.6554621848739496,0.5064935064935064,0.7970297029702971,0.4875,0.8571428571428571,0.9230769230769231,1.0,0.8571428571428571,0.8571428571428571
0,Family,Sister,50,1_0_0,1.0,0.3870967741935484,0.24,0.3415841584158416,0.24,1.0,1.0,1.0,1.0,1.0
0,Family,Sister,50,1_1_1,0.35714285714285715,0.21897810218978103,0.15789473684210525,0.47029702970297027,0.12295081967213115,0.6666666666666666,0.8,1.0,0.6666666666666666,0.6666666666666666
0,Family,Sister,55,0_0_0,0.0,0.0,0.0,0.7920792079207921,0.0,0.0,0.0,0.0,0.0,0.0
0,Family,Sister,55,0_0_1,0.6428571428571429,0.72,0.8181818181818182,0.8960396039603961,0.5625,0.34782608695652173,0.5161290322580645,1.0,0.34782608695652173,0.34782608695652173
0,Family,Sister,55,0_1_0,0.9761904761904762,0.803921568627451,0.6833333333333333,0.900990099009901,0.6721311475409836,0.9565217391304348,0.9777777777777777,1.0,0.9565217391304348,0.9565217391304348
0,Family,Sister,55,1_0_0,1.0,0.38181818181818183,0.23595505617977527,0.32673267326732675,0.23595505617977527,1.0,1.0,1.0,1.0,1.0
0,Family,Sister,55,1_1_1,0.5,0.24705882352941178,0.1640625,0.36633663366336633,0.14093959731543623,0.8695652173913043,0.9302325581395349,1.0,0.8695652173913043,0.8695652173913043
0,Family,Sister,60,0_0_0,0.0,0.0,0.0,0.7920792079207921,0.0,0.0,0.0,0.0,0.0,0.0
0,Family,Sister,60,0_0_1,0.5476190476190477,0.647887323943662,0.7931034482758621,0.8762376237623762,0.4791666666666667,0.24,0.3870967741935484,1.0,0.24,0.24
0,Family,Sister,60,0_1_0,0.9047619047619048,0.8,0.7169811320754716,0.905940594059406,0.6666666666666666,0.84,0.9130434782608695,1.0,0.84,0.84
0,Family,Sister,60,1_0_0,1.0,0.3684210526315789,0.22580645161290322,0.2871287128712871,0.22580645161290322,1.0,1.0,1.0,1.0,1.0
0,Family,Sister,60,1_1_1,0.5,0.2413793103448276,0.1590909090909091,0.3465346534653465,0.13725490196078433,0.8,0.8888888888888888,1.0,0.8,0.8
0,Family,Sister,65,0_0_0,0.0,0.0,0.0,0.7920792079207921,0.0,0.0,0.0,0.0,0.0,0.0
0,Family,Sister,65,0_0_1,0.47619047619047616,0.5970149253731343,0.8,0.8663366336633663,0.425531914893617,0.18518518518518517,0.3125,1.0,0.18518518518518517,0.18518518518518517
0,Family,Sister,65,0_1_0,0.8333333333333334,0.7777777777777778,0.7291666666666666,0.900990099009901,0.6363636363636364,0.7407407407407407,0.851063829787234,1.0,0.7407407407407407,0.7407407407407407
0,Family,Sister,65,1_0_0,1.0,0.37668161434977576,0.23204419889502761,0.3118811881188119,0.23204419889502761,1.0,1.0,1.0,1.0,1.0
0,Family,Sister,65,1_1_1,0.5476190476190477,0.26436781609195403,0.17424242424242425,0.36633663366336633,0.152317880794702,0.8148148148148148,0.8979591836734694,1.0,0.8148148148148148,0.8148148148148148
0,Family,Sister,70,0_0_0,0.0,0.0,0.0,0.7920792079207921,0.0,0.0,0.0,0.0,0.0,0.0
0,Family,Sister,70,0_0_1,0.5476190476190477,0.6301369863013698,0.7419354838709677,0.8663366336633663,0.46,0.3448275862068966,0.5128205128205128,1.0,0.3448275862068966,0.3448275862068966
0,Family,Sister,70,0_1_0,0.7857142857142857,0.6534653465346535,0.559322033898305,0.8267326732673267,0.4852941176470588,0.6896551724137931,0.8163265306122449,1.0,0.6896551724137931,0.6896551724137931
0,Family,Sister,70,1_0_0,1.0,0.3835616438356164,0.23728813559322035,0.3316831683168317,0.23728813559322035,1.0,1.0,1.0,1.0,1.0
0,Family,Sister,70,1_1_1,0.9523809523809523,0.3524229074889868,0.21621621621621623,0.2722772277227723,0.21390374331550802,1.0,1.0,1.0,1.0,1.0
0,Family,Sister,75,0_0_0,0.0,0.0,0.0,0.7920792079207921,0.0,0.0,0.0,0.0,0.0,0.0
0,Family,Sister,75,0_0_1,0.4523809523809524,0.5507246376811594,0.7037037037037037,0.8465346534653465,0.38,0.25806451612903225,0.41025641025641024,1.0,0.25806451612903225,0.25806451612903225
0,Family,Sister,75,0_1_0,0.7619047619047619,0.5981308411214953,0.49230769230769234,0.7871287128712872,0.4266666666666667,0.6774193548387096,0.8076923076923077,1.0,0.6774193548387096,0.6774193548387096
0,Family,Sister,75,1_0_0,1.0,0.39069767441860465,0.24277456647398843,0.35148514851485146,0.24277456647398843,1.0,1.0,1.0,1.0,1.0
0,Family,Sister,75,1_1_1,0.9523809523809523,0.3508771929824561,0.21505376344086022,0.26732673267326734,0.2127659574468085,1.0,1.0,1.0,1.0,1.0
0,Family,Sister,80,0_0_0,0.0,0.0,0.0,0.7920792079207921,0.0,0.0,0.0,0.0,0.0,0.0
0,Family,Sister,80,0_0_1,0.40476190476190477,0.5151515151515151,0.7083333333333334,0.8415841584158416,0.3469387755102041,0.24242424242424243,0.3902439024390244,1.0,0.24242424242424243,0.24242424242424243
0,Family,Sister,80,0_1_0,0.6904761904761905,0.5742574257425742,0.4915254237288136,0.7871287128712872,0.4027777777777778,0.6060606060606061,0.7547169811320755,1.0,0.6060606060606061,0.6060606060606061
0,Family,Sister,80,1_0_0,1.0,0.3981042654028436,0.2485207100591716,0.3712871287128713,0.2485207100591716,1.0,1.0,1.0,1.0,1.0
0,Family,Sister,80,1_1_1,0.9285714285714286,0.34513274336283184,0.21195652173913043,0.26732673267326734,0.20855614973262032,0.9696969696969697,0.9846153846153847,1.0,0.9696969696969697,0.9696969696969697
0,Family,Son,0,0_0_0,0.038461538461538464,0.07407407407407407,1.0,0.7524752475247525,0.038461538461538464,,,,,
0,Family,Son,0,0_0_1,1.0,0.8739495798319328,0.7761194029850746,0.9257425742574258,0.7761194029850746,,,,,
0,Family,Son,0,0_1_0,1.0,0.7482014388489209,0.5977011494252874,0.8267326732673267,0.5977011494252874,,,,,
0,Family,Son,0,1_0_0,1.0,0.45414847161572053,0.2937853107344633,0.3811881188118812,0.2937853107344633,,,,,
0,Family,Son,0,1_1_1,0.07692307692307693,0.0975609756097561,0.13333333333333333,0.6336633663366337,0.05128205128205128,,,,,
0,Family,Son,5,0_0_0,0.057692307692307696,0.10909090909090909,1.0,0.7574257425742574,0.057692307692307696,0.0,0.0,0.0,0.0,0.0
0,Family,Son,5,0_0_1,0.9807692307692307,0.8947368421052632,0.8225806451612904,0.9405940594059405,0.8095238095238095,0.5,0.6666666666666666,1.0,0.5,0.5
0,Family,Son,5,0_1_0,1.0,0.7819548872180451,0.6419753086419753,0.8564356435643564,0.6419753086419753,1.0,1.0,1.0,1.0,1.0
0,Family,Son,5,1_0_0,1.0,0.4581497797356828,0.29714285714285715,0.3910891089108911,0.29714285714285715,1.0,1.0,1.0,1.0,1.0
0,Family,Son,5,1_1_1,0.07692307692307693,0.1038961038961039,0.16,0.6584158415841584,0.0547945205479452,0.0,0.0,0.0,0.0,0.0
0,Family,Son,10,0_0_0,0.038461538461538464,0.07407407407407407,1.0,0.7524752475247525,0.038461538461538464,0.0,0.0,0.0,0.0,0.0
0,Family,Son,10,0_0_1,1.0,0.9285714285714286,0.8666666666666667,0.9603960396039604,0.8666666666666667,1.0,1.0,1.0,1.0,1.0
0,Family,Son,10,0_1_0,1.0,0.7172413793103448,0.5591397849462365,0.7970297029702971,0.5591397849462365,1.0,1.0,1.0,1.0,1.0
0,Family,Son,10,1_0_0,1.0,0.5,0.3333333333333333,0.48514851485148514,0.3333333333333333,1.0,1.0,1.0,1.0,1.0
0,Family,Son,10,1_1_1,0.21153846153846154,0.22,0.22916666666666666,0.6138613861386139,0.12359550561797752,0.4,0.5714285714285714,1.0,0.4,0.4
0,Family,Son,15,0_0_0,0.057692307692307696,0.10909090909090909,1.0,0.7574257425742574,0.057692307692307696,0.0,0.0,0.0,0.0,0.0
0,Family,Son,15,0_0_1,0.9807692307692307,0.9272727272727272,0.8793103448275862,0.9603960396039604,0.864406779661017,0.8571428571428571,0.9230769230769231,1.0,0.8571428571428571,0.8571428571428571
0,Family,Son,15,0_1_0,1.0,0.7323943661971831,0.5777777777777777,0.8118811881188119,0.5777777777777777,1.0,1.0,1.0,1.0,1.0
0,Family,Son,15,1_0_0,1.0,0.52,0.35135135135135137,0.5247524752475248,0.35135135135135137,1.0,1.0,1.0,1.0,1.0
0,Family,Son,15,1_1_1,0.038461538461538464,0.037383177570093455,0.03636363636363636,0.4900990099009901,0.01904761904761905,0.14285714285714285,0.25,1.0,0.14285714285714285,0.14285714285714285
0,Family,Son,20,0_0_0,0.057692307692307696,0.10909090909090909,1.0,0.7574257425742574,0.057692307692307696,0.0,0.0,0.0,0.0,0.0
0,Family,Son,20,0_0_1,0.9230769230769231,0.9142857142857143,0.9056603773584906,0.9554455445544554,0.8421052631578947,0.6,0.75,1.0,0.6,0.6
0,Family,Son,20,0_1_0,0.9807692307692307,0.7906976744186046,0.6623376623376623,0.8663366336633663,0.6538461538461539,0.9,0.9473684210526315,1.0,0.9,0.9
0,Family,Son,20,1_0_0,1.0,0.538860103626943,0.36879432624113473,0.5594059405940595,0.36879432624113473,1.0,1.0,1.0,1.0,1.0
0,Family,Son,20,1_1_1,0.17307692307692307,0.15254237288135594,0.13636363636363635,0.504950495049505,0.08256880733944955,0.6,0.75,1.0,0.6,0.6
0,Family,Son,25,0_0_0,0.07692307692307693,0.14285714285714285,1.0,0.7623762376237624,0.07692307692307693,0.0,0.0,0.0,0.0,0.0
0,Family,Son,25,0_0_1,0.8846153846153846,0.9019607843137255,0.92,0.9504950495049505,0.8214285714285714,0.5384615384615384,0.7,1.0,0.5384615384615384,0.5384615384615384
0,Family,Son,25,0_1_0,1.0,0.7375886524822695,0.5842696629213483,0.8168316831683168,0.5842696629213483,1.0,1.0,1.0,1.0,1.0
0,Family,Son,25,1_0_0,1.0,0.5333333333333333,0.36363636363636365,0.5495049504950495,0.36363636363636365,1.0,1.0,1.0,1.0,1.0
0,Family,Son,25,1_1_1,0.1346153846153846,0.12389380530973451,0.11475409836065574,0.5099009900990099,0.0660377358490566,0.46153846153846156,0.631578947368421,1.0,0.46153846153846156,0.46153846153846156
0,Family,Son,30,0_0_0,0.07692307692307693,0.14285714285714285,1.0,0.7623762376237624,0.07692307692307693,0.0,0.0,0.0,0.0,0.0
0,Family,Son,30,0_0_1,0.7884615384615384,0.845360824742268,0.9111111111111111,0.9257425742574258,0.7321428571428571,0.26666666666666666,0.42105263157894735,1.0,0.26666666666666666,0.26666666666666666
0,Family,Son,30,0_1_0,0.9807692307692307,0.7669172932330827,0.6296296296296297,0.8465346534653465,0.6219512195121951,0.9333333333333333,0.9655172413793104,1.0,0.9333333333333333,0.9333333333333333
0,Family,Son,30,1_0_0,1.0,0.5621621621621622,0.39097744360902253,0.599009900990099,0.39097744360902253,1.0,1.0,1.0,1.0,1.0
0,Family,Son,30,1_1_1,0.15384615384615385,0.128,0.1095890410958904,0.4603960396039604,0.06837606837606838,0.4666666666666667,0.6363636363636364,1.0,0.4666666666666667,0.4666666666666667
0,Family,Son,35,0_0_0,0.07692307692307693,0.14285714285714285,1.0,0.7623762376237624,0.07692307692307693,0.0,0.0,0.0,0.0,0.0
0,Family,Son,35,0_0_1,0.7884615384615384,0.845360824742268,0.9111111111111111,0.9257425742574258,0.7321428571428571,0.3888888888888889,0.56,1.0,0.3888888888888889,0.3888888888888889
0,Family,Son,35,0_1_0,0.9807692307692307,0.7669172932330827,0.6296296296296297,0.8465346534653465,0.6219512195121951,0.9444444444444444,0.9714285714285714,1.0,0.9444444444444444,0.9444444444444444
0,Family,Son,35,1_0_0,1.0,0.5777777777777777,0.40625,0.6237623762376238,0.40625,1.0,1.0,1.0,1.0,1.0
0,Family,Son,35,1_1_1,0.09615384615384616,0.07633587786259542,0.06329113924050633,0.400990099009901,0.03968253968253968,0.2777777777777778,0.43478260869565216,1.0,0.2777777777777778,0.2777777777777778
0,Family,Son,40,0_0_0,0.057692307692307696,0.10909090909090909,1.0,0.7574257425742574,0.057692307692307696,0.0,0.0,0.0,0.0,0.0
0,Family,Son,40,0_0_1,0.8269230769230769,0.8349514563106796,0.8431372549019608,0.9158415841584159,0.7166666666666667,0.55,0.7096774193548387,1.0,0.55,0.55
0,Family,Son,40,0_1_0,0.9807692307692307,0.7669172932330827,0.6296296296296297,0.8465346534653465,0.6219512195121951,0.95,0.9743589743589743,1.0,0.95,0.95
0,Family,Son,40,1_0_0,1.0,0.5473684210526316,0.37681159420289856,0.5742574257425742,0.37681159420289856,1.0,1.0,1.0,1.0,1.0
0,Family,Son,40,1_1_1,0.17307692307692307,0.1323529411764706,0.10714285714285714,0.4158415841584158,0.07086614173228346,0.4,0.5714285714285714,1.0,0.4,0.4
0,Family,Son,45,0_0_0,0.057692307692307696,0.10909090909090909,1.0,0.7574257425742574,0.057692307692307696,0.0,0.0,0.0,0.0,0.0
0,Family,Son,45,0_0_1,0.8076923076923077,0.8484848484848485,0.8936170212765957,0.9257425742574258,0.7368421052631579,0.5652173913043478,0.7222222222222222,1.0,0.5652173913043478,0.5652173913043478
0,Family,Son,45,0_1_0,0.9615384615384616,0.7874015748031497,0.6666666666666666,0.8663366336633663,0.6493506493506493,0.9130434782608695,0.9545454545454546,1.0,0.9130434782608695,0.9130434782608695
0,Family,Son,45,1_0_0,1.0,0.574585635359116,0.40310077519379844,0.6188118811881188,0.40310077519379844,1.0,1.0,1.0,1.0,1.0
0,Family,Son,45,1_1_1,0.28846153846153844,0.19230769230769232,0.14423076923076922,0.37623762376237624,0.10638297872340426,0.6086956521739131,0.7567567567567568,1.0,0.6086956521739131,0.6086956521739131
0,Family,Son,50,0_0_0,0.3076923076923077,0.47058823529411764,1.0,0.8217821782178217,0.3076923076923077,0.0,0.0,0.0,0.0,0.0
0,Family,Son,50,0_0_1,0.5,0.6582278481012658,0.9629629629629629,0.8663366336633663,0.49056603773584906,0.0,0.0,0.0,0.0,0.0
0,Family,Son,50,0_1_0,0.8846153846153846,0.8288288288288288,0.7796610169491526,0.905940594059406,0.7076923076923077,0.7692307692307693,0.8695652173913043,1.0,0.7692307692307693,0.7692307692307693
0,Family,Son,50,1_0_0,1.0,0.5842696629213483,0.4126984126984127,0.6336633663366337,0.4126984126984127,1.0,1.0,1.0,1.0,1.0
0,Family,Son,50,1_1_1,0.19230769230769232,0.16,0.136986301369863,0.4801980198019802,0.08695652173913043,0.38461538461538464,0.5555555555555556,1.0,0.38461538461538464,0.38461538461538464
0,Family,Son,55,0_0_0,0.0,0.0,0.0,0.7425742574257426,0.0,0.0,0.0,0.0,0.0,0.0
0,Family,Son,55,0_0_1,0.5192307692307693,0.6506024096385542,0.8709677419354839,0.8564356435643564,0.48214285714285715,0.10714285714285714,0.1935483870967742,1.0,0.10714285714285714,0.10714285714285714
0,Family,Son,55,0_1_0,0.9423076923076923,0.7313432835820896,0.5975609756097561,0.8217821782178217,0.5764705882352941,0.8928571428571429,0.9433962264150944,1.0,0.8928571428571429,0.8928571428571429
0,Family,Son,55,1_0_0,1.0,0.46846846846846846,0.3058823529411765,0.4158415841584158,0.3058823529411765,1.0,1.0,1.0,1.0,1.0
0,Family,Son,55,1_1_1,0.23076923076923078,0.18461538461538463,0.15384615384615385,0.4752475247524752,0.1016949152542373,0.39285714285714285,0.5641025641025641,1.0,0.39285714285714285,0.39285714285714285
0,Family,Son,60,0_0_0,0.0,0.0,0.0,0.7425742574257426,0.0,0.0,0.0,0.0,0.0,0.0
0,Family,Son,60,0_0_1,0.4807692307692308,0.6410256410256411,0.9615384615384616,0.8613861386138614,0.4716981132075472,0.12903225806451613,0.22857142857142856,1.0,0.12903225806451613,0.12903225806451613
0,Family,Son,60,0_1_0,0.9423076923076923,0.7716535433070866,0.6533333333333333,0.8564356435643564,0.6282051282051282,0.9032258064516129,0.9491525423728814,1.0,0.9032258064516129,0.9032258064516129
0,Family,Son,60,1_0_0,1.0,0.5024154589371981,0.33548387096774196,0.4900990099009901,0.33548387096774196,1.0,1.0,1.0,1.0,1.0
0,Family,Son,60,1_1_1,0.11538461538461539,0.10084033613445378,0.08955223880597014,0.47029702970297027,0.05309734513274336,0.1935483870967742,0.32432432432432434,1.0,0.1935483870967742,0.1935483870967742
0,Family,Son,65,0_0_0,0.0,0.0,0.0,0.7425742574257426,0.0,0.0,0.0,0.0,0.0,0.0
0,Family,Son,65,0_0_1,0.40384615384615385,0.5675675675675675,0.9545454545454546,0.8415841584158416,0.39622641509433965,0.06060606060606061,0.11428571428571428,1.0,0.06060606060606061,0.06060606060606061
0,Family,Son,65,0_1_0,0.8269230769230769,0.688,0.589041095890411,0.806930693069307,0.524390243902439,0.7272727272727273,0.8421052631578947,1.0,0.7272727272727273,0.7272727272727273
0,Family,Son,65,1_0_0,0.9423076923076923,0.48514851485148514,0.32666666666666666,0.48514851485148514,0.3202614379084967,0.9090909090909091,0.9523809523809523,1.0,0.9090909090909091,0.9090909090909091
0,Family,Son,65,1_1_1,0.09615384615384616,0.09174311926605505,0.08771929824561403,0.5099009900990099,0.04807692307692308,0.15151515151515152,0.2631578947368421,1.0,0.15151515151515152,0.15151515151515152
0,Family,Son,70,0_0_0,0.11538461538461539,0.20689655172413793,1.0,0.7722772277227723,0.11538461538461539,0.0,0.0,0.0,0.0,0.0
0,Family,Son,70,0_0_1,0.3076923076923077,0.47058823529411764,1.0,0.8217821782178217,0.3076923076923077,0.0,0.0,0.0,0.0,0.0
0,Family,Son,70,0_1_0,0.75,0.7155963302752294,0.6842105263157895,0.8465346534653465,0.5571428571428572,0.6388888888888888,0.7796610169491526,1.0,0.6388888888888888,0.6388888888888888
0,Family,Son,70,1_0_0,1.0,0.48148148148148145,0.3170731707317073,0.44554455445544555,0.3170731707317073,1.0,1.0,1.0,1.0,1.0
0,Family,Son,70,1_1_1,0.9615384615384616,0.4,0.25252525252525254,0.25742574257425743,0.25,0.9722222222222222,0.9859154929577465,1.0,0.9722222222222222,0.9722222222222222
0,Family,Son,75,0_0_0,0.15384615384615385,0.26666666666666666,1.0,0.7821782178217822,0.15384615384615385,0.0,0.0,0.0,0.0,0.0
0,Family,Son,75,0_0_1,0.2692307692307692,0.42424242424242425,1.0,0.8118811881188119,0.2692307692307692,0.02564102564102564,0.05,1.0,0.02564102564102564,0.02564102564102564
0,Family,Son,75,0_1_0,0.6538461538461539,0.5964912280701754,0.5483870967741935,0.7722772277227723,0.425,0.5384615384615384,0.7,1.0,0.5384615384615384,0.5384615384615384
0,Family,Son,75,1_0_0,1.0,0.49760765550239233,0.33121019108280253,0.4801980198019802,0.33121019108280253,1.0,1.0,1.0,1.0,1.0
0,Family,Son,75,1_1_1,0.9807692307692307,0.40476190476190477,0.255,0.25742574257425743,0.2537313432835821,0.9743589743589743,0.987012987012987,1.0,0.9743589743589743,0.9743589743589743
0,Family,Son,80,0_0_0,0.09615384615384616,0.17543859649122806,1.0,0.7673267326732673,0.09615384615384616,0.0,0.0,0.0,0.0,0.0
0,Family,Son,80,0_0_1,0.23076923076923078,0.375,1.0,0.801980198019802,0.23076923076923078,0.024390243902439025,0.047619047619047616,1.0,0.024390243902439025,0.024390243902439025
0,Family,Son,80,0_1_0,0.6538461538461539,0.6181818181818182,0.5862068965517241,0.7920792079207921,0.4473684210526316,0.5609756097560976,0.71875,1.0,0.5609756097560976,0.5609756097560976
0,Family,Son,80,1_0_0,1.0,0.5333333333333333,0.36363636363636365,0.5495049504950495,0.36363636363636365,1.0,1.0,1.0,1.0,1.0
0,Family,Son,80,1_1_1,1.0,0.4094488188976378,0.25742574257425743,0.25742574257425743,0.25742574257425743,1.0,1.0,1.0,1.0,1.0
