run,dataset,class_name,removal,pqr,all_data_recall,all_data_f1,all_data_precision,all_data_accuracy,all_data_jaccard,removed_data_recall,removed_data_f1,removed_data_precision,removed_data_accuracy,removed_data_jaccard
0,Family,Brother,0,0_0_0,0.0666666666666667,0.125,1,0.861386138613861,0.0666666666666667,,,,,
0,Family,Brother,0,0_0_1,1,0.705882352941176,0.545454545454545,0.876237623762376,0.545454545454545,,,,,
0,Family,Brother,0,0_1_0,1,0.882352941176471,0.789473684210526,0.96039603960396,0.789473684210526,,,,,
0,Family,Brother,0,1_0_0,1,0.28436018957346,0.165745856353591,0.252475247524752,0.165745856353591,,,,,
0,Family,Brother,0,1_1_1,0.333333333333333,0.130718954248366,0.0813008130081301,0.341584158415842,0.0699300699300699,,,,,
0,Family,Brother,5,0_0_0,0.0666666666666667,0.125,1,0.861386138613861,0.0666666666666667,0,0,0,0,0
0,Family,Brother,5,0_0_1,1,0.731707317073171,0.576923076923077,0.891089108910891,0.576923076923077,1,1,1,1,1
0,Family,Brother,5,0_1_0,0.966666666666667,0.852941176470588,0.763157894736842,0.95049504950495,0.743589743589744,0,0,0,0,0
0,Family,Brother,5,1_0_0,1,0.285714285714286,0.166666666666667,0.257425742574257,0.166666666666667,1,1,1,1,1
0,Family,Brother,5,1_1_1,0.366666666666667,0.147651006711409,0.092436974789916,0.371287128712871,0.0797101449275362,1,1,1,1,1
0,Family,Brother,10,0_0_0,0.1,0.181818181818182,1,0.866336633663366,0.1,0,0,0,0,0
0,Family,Brother,10,0_0_1,1,0.789473684210526,0.652173913043478,0.920792079207921,0.652173913043478,1,1,1,1,1
0,Family,Brother,10,0_1_0,0.933333333333333,0.835820895522388,0.756756756756757,0.945544554455445,0.717948717948718,0.333333333333333,0.5,1,0.333333333333333,0.333333333333333
0,Family,Brother,10,1_0_0,1,0.285714285714286,0.166666666666667,0.257425742574257,0.166666666666667,1,1,1,1,1
0,Family,Brother,10,1_1_1,0.3,0.133333333333333,0.0857142857142857,0.420792079207921,0.0714285714285714,1,1,1,1,1
0,Family,Brother,15,0_0_0,0,0,0,0.851485148514851,0,0,0,0,0,0
0,Family,Brother,15,0_0_1,0.933333333333333,0.811594202898551,0.717948717948718,0.935643564356436,0.682926829268293,0.5,0.666666666666667,1,0.5,0.5
0,Family,Brother,15,0_1_0,0.966666666666667,0.840579710144927,0.743589743589744,0.945544554455445,0.725,0.75,0.857142857142857,1,0.75,0.75
0,Family,Brother,15,1_0_0,1,0.295566502463054,0.173410404624277,0.292079207920792,0.173410404624277,1,1,1,1,1
0,Family,Brother,15,1_1_1,0.166666666666667,0.196078431372549,0.238095238095238,0.797029702970297,0.108695652173913,0,0,0,0,0
0,Family,Brother,20,0_0_0,0.0666666666666667,0.125,1,0.861386138613861,0.0666666666666667,0,0,0,0,0
0,Family,Brother,20,0_0_1,1,0.821917808219178,0.697674418604651,0.935643564356436,0.697674418604651,1,1,1,1,1
0,Family,Brother,20,0_1_0,0.866666666666667,0.838709677419355,0.8125,0.95049504950495,0.722222222222222,0.333333333333333,0.5,1,0.333333333333333,0.333333333333333
0,Family,Brother,20,1_0_0,1,0.3,0.176470588235294,0.306930693069307,0.176470588235294,1,1,1,1,1
0,Family,Brother,20,1_1_1,0.366666666666667,0.165413533834586,0.106796116504854,0.45049504950495,0.0901639344262295,0.833333333333333,0.909090909090909,1,0.833333333333333,0.833333333333333
0,Family,Brother,25,0_0_0,0.0666666666666667,0.125,1,0.861386138613861,0.0666666666666667,0,0,0,0,0
0,Family,Brother,25,0_0_1,0.966666666666667,0.816901408450704,0.707317073170732,0.935643564356436,0.69047619047619,0.857142857142857,0.923076923076923,1,0.857142857142857,0.857142857142857
0,Family,Brother,25,0_1_0,0.8,0.813559322033898,0.827586206896552,0.945544554455445,0.685714285714286,0.142857142857143,0.25,1,0.142857142857143,0.142857142857143
0,Family,Brother,25,1_0_0,1,0.297029702970297,0.174418604651163,0.297029702970297,0.174418604651163,1,1,1,1,1
0,Family,Brother,25,1_1_1,0.333333333333333,0.151515151515152,0.0980392156862745,0.445544554455446,0.0819672131147541,0.857142857142857,0.923076923076923,1,0.857142857142857,0.857142857142857
0,Family,Brother,30,0_0_0,0.0333333333333333,0.0645161290322581,1,0.856435643564356,0.0333333333333333,0,0,0,0,0
0,Family,Brother,30,0_0_1,0.9,0.794117647058823,0.710526315789474,0.930693069306931,0.658536585365854,0.666666666666667,0.8,1,0.666666666666667,0.666666666666667
0,Family,Brother,30,0_1_0,0.8,0.827586206896552,0.857142857142857,0.95049504950495,0.705882352941176,0.333333333333333,0.5,1,0.333333333333333,0.333333333333333
0,Family,Brother,30,1_0_0,1,0.304568527918782,0.179640718562874,0.321782178217822,0.179640718562874,1,1,1,1,1
0,Family,Brother,30,1_1_1,0.0666666666666667,0.0975609756097561,0.181818181818182,0.816831683168317,0.0512820512820513,0,0,0,0,0
0,Family,Brother,35,0_0_0,0,0,0,0.851485148514851,0,0,0,0,0,0
0,Family,Brother,35,0_0_1,0.933333333333333,0.8,0.7,0.930693069306931,0.666666666666667,0.8,0.888888888888889,1,0.8,0.8
0,Family,Brother,35,0_1_0,0.766666666666667,0.807017543859649,0.851851851851852,0.945544554455445,0.676470588235294,0.3,0.461538461538462,1,0.3,0.3
0,Family,Brother,35,1_0_0,1,0.303030303030303,0.178571428571429,0.316831683168317,0.178571428571429,1,1,1,1,1
0,Family,Brother,35,1_1_1,0.0666666666666667,0.0930232558139535,0.153846153846154,0.806930693069307,0.0487804878048781,0,0,0,0,0
0,Family,Brother,40,0_0_0,0.0333333333333333,0.0645161290322581,1,0.856435643564356,0.0333333333333333,0,0,0,0,0
0,Family,Brother,40,0_0_1,0.866666666666667,0.825396825396825,0.787878787878788,0.945544554455445,0.702702702702703,0.666666666666667,0.8,1,0.666666666666667,0.666666666666667
0,Family,Brother,40,0_1_0,0.666666666666667,0.740740740740741,0.833333333333333,0.930693069306931,0.588235294117647,0.166666666666667,0.285714285714286,1,0.166666666666667,0.166666666666667
0,Family,Brother,40,1_0_0,1,0.304568527918782,0.179640718562874,0.321782178217822,0.179640718562874,1,1,1,1,1
0,Family,Brother,40,1_1_1,0.0333333333333333,0.0571428571428571,0.2,0.836633663366337,0.0294117647058823,0,0,0,0,0
0,Family,Brother,45,0_0_0,0.0666666666666667,0.125,1,0.861386138613861,0.0666666666666667,0,0,0,0,0
0,Family,Brother,45,0_0_1,0.8,0.774193548387097,0.75,0.930693069306931,0.631578947368421,0.538461538461538,0.7,1,0.538461538461538,0.538461538461538
0,Family,Brother,45,0_1_0,0.633333333333333,0.730769230769231,0.863636363636364,0.930693069306931,0.575757575757576,0.153846153846154,0.266666666666667,1,0.153846153846154,0.153846153846154
0,Family,Brother,45,1_0_0,1,0.304568527918782,0.179640718562874,0.321782178217822,0.179640718562874,1,1,1,1,1
0,Family,Brother,45,1_1_1,0.0333333333333333,0.0571428571428571,0.2,0.836633663366337,0.0294117647058823,0,0,0,0,0
0,Family,Brother,50,0_0_0,0.0666666666666667,0.125,1,0.861386138613861,0.0666666666666667,0,0,0,0,0
0,Family,Brother,50,0_0_1,0.666666666666667,0.727272727272727,0.8,0.925742574257426,0.571428571428571,0.333333333333333,0.5,1,0.333333333333333,0.333333333333333
0,Family,Brother,50,0_1_0,0.533333333333333,0.680851063829787,0.941176470588235,0.925742574257426,0.516129032258065,0.0666666666666667,0.125,1,0.0666666666666667,0.0666666666666667
0,Family,Brother,50,1_0_0,1,0.294117647058823,0.172413793103448,0.287128712871287,0.172413793103448,1,1,1,1,1
0,Family,Brother,50,1_1_1,0.4,0.24,0.171428571428571,0.623762376237624,0.136363636363636,0.466666666666667,0.636363636363636,1,0.466666666666667,0.466666666666667
0,Family,Brother,55,0_0_0,0.0333333333333333,0.0645161290322581,1,0.856435643564356,0.0333333333333333,0,0,0,0,0
0,Family,Brother,55,0_0_1,0.633333333333333,0.716981132075472,0.826086956521739,0.925742574257426,0.558823529411765,0.3125,0.476190476190476,1,0.3125,0.3125
0,Family,Brother,55,0_1_0,0.533333333333333,0.653061224489796,0.842105263157895,0.915841584158416,0.484848484848485,0.125,0.222222222222222,1,0.125,0.125
0,Family,Brother,55,1_0_0,1,0.29126213592233,0.170454545454545,0.277227722772277,0.170454545454545,1,1,1,1,1
0,Family,Brother,55,1_1_1,0.333333333333333,0.196078431372549,0.138888888888889,0.594059405940594,0.108695652173913,0.375,0.545454545454545,1,0.375,0.375
0,Family,Brother,60,0_0_0,0,0,0,0.851485148514851,0,0,0,0,0,0
0,Family,Brother,60,0_0_1,0.666666666666667,0.740740740740741,0.833333333333333,0.930693069306931,0.588235294117647,0.444444444444444,0.615384615384615,1,0.444444444444444,0.444444444444444
0,Family,Brother,60,0_1_0,0.533333333333333,0.653061224489796,0.842105263157895,0.915841584158416,0.484848484848485,0.222222222222222,0.363636363636364,1,0.222222222222222,0.222222222222222
0,Family,Brother,60,1_0_0,1,0.280373831775701,0.16304347826087,0.237623762376238,0.16304347826087,1,1,1,1,1
0,Family,Brother,60,1_1_1,0.4,0.260869565217391,0.193548387096774,0.663366336633663,0.15,0.5,0.666666666666667,1,0.5,0.5
0,Family,Brother,65,0_0_0,0,0,0,0.851485148514851,0,0,0,0,0,0
0,Family,Brother,65,0_0_1,0.5,0.625,0.833333333333333,0.910891089108911,0.454545454545455,0.210526315789474,0.347826086956522,1,0.210526315789474,0.210526315789474
0,Family,Brother,65,0_1_0,0.5,0.625,0.833333333333333,0.910891089108911,0.454545454545455,0.210526315789474,0.347826086956522,1,0.210526315789474,0.210526315789474
0,Family,Brother,65,1_0_0,1,0.289855072463768,0.169491525423729,0.272277227722772,0.169491525423729,1,1,1,1,1
0,Family,Brother,65,1_1_1,0.366666666666667,0.231578947368421,0.169230769230769,0.638613861386139,0.130952380952381,0.473684210526316,0.642857142857143,1,0.473684210526316,0.473684210526316
0,Family,Brother,70,0_0_0,0.0333333333333333,0.0645161290322581,1,0.856435643564356,0.0333333333333333,0,0,0,0,0
0,Family,Brother,70,0_0_1,0.433333333333333,0.577777777777778,0.866666666666667,0.905940594059406,0.40625,0.19047619047619,0.32,1,0.19047619047619,0.19047619047619
0,Family,Brother,70,0_1_0,0.366666666666667,0.5,0.785714285714286,0.891089108910891,0.333333333333333,0.0952380952380952,0.173913043478261,1,0.0952380952380952,0.0952380952380952
0,Family,Brother,70,1_0_0,1,0.28436018957346,0.165745856353591,0.252475247524752,0.165745856353591,1,1,1,1,1
0,Family,Brother,70,1_1_1,0.0333333333333333,0.0571428571428571,0.2,0.836633663366337,0.0294117647058823,0,0,0,0,0
0,Family,Brother,75,0_0_0,0.0333333333333333,0.0645161290322581,1,0.856435643564356,0.0333333333333333,0,0,0,0,0
0,Family,Brother,75,0_0_1,0.4,0.545454545454545,0.857142857142857,0.900990099009901,0.375,0.181818181818182,0.307692307692308,1,0.181818181818182,0.181818181818182
0,Family,Brother,75,0_1_0,0.333333333333333,0.5,1,0.900990099009901,0.333333333333333,0.0909090909090909,0.166666666666667,1,0.0909090909090909,0.0909090909090909
0,Family,Brother,75,1_0_0,1,0.295566502463054,0.173410404624277,0.292079207920792,0.173410404624277,1,1,1,1,1
0,Family,Brother,75,1_1_1,0,0,0,0.851485148514851,0,0,0,0,0,0
0,Family,Brother,80,0_0_0,0.0333333333333333,0.0645161290322581,1,0.856435643564356,0.0333333333333333,0,0,0,0,0
0,Family,Brother,80,0_0_1,0.266666666666667,0.4,0.8,0.881188118811881,0.25,0.0833333333333333,0.153846153846154,1,0.0833333333333333,0.0833333333333333
0,Family,Brother,80,0_1_0,0.333333333333333,0.476190476190476,0.833333333333333,0.891089108910891,0.3125,0.166666666666667,0.285714285714286,1,0.166666666666667,0.166666666666667
0,Family,Brother,80,1_0_0,1,0.298507462686567,0.175438596491228,0.301980198019802,0.175438596491228,1,1,1,1,1
0,Family,Brother,80,1_1_1,0,0,0,0.851485148514851,0,0,0,0,0,0
0,Family,Male,0,0_0_0,0.317307692307692,0.481751824817518,1,0.648514851485149,0.317307692307692,,,,,
0,Family,Male,0,0_0_1,1,1,1,1,1,,,,,
0,Family,Male,0,0_1_0,1,0.936936936936937,0.88135593220339,0.930693069306931,0.88135593220339,,,,,
0,Family,Male,0,1_0_0,1,0.691029900332226,0.527918781725888,0.53960396039604,0.527918781725888,,,,,
0,Family,Male,0,1_1_1,0.240384615384615,0.294117647058823,0.378787878787879,0.405940594059406,0.172413793103448,,,,,
0,Family,Male,5,0_0_0,0.346153846153846,0.514285714285714,1,0.663366336633663,0.346153846153846,,,,,
0,Family,Male,5,0_0_1,0.951923076923077,0.975369458128079,1,0.975247524752475,0.951923076923077,,,,,
0,Family,Male,5,0_1_0,0.990384615384615,0.985645933014354,0.980952380952381,0.985148514851485,0.971698113207547,,,,,
0,Family,Male,5,1_0_0,1,0.776119402985075,0.634146341463415,0.702970297029703,0.634146341463415,,,,,
0,Family,Male,5,1_1_1,0,0,0,0.103960396039604,0,,,,,
0,Family,Male,10,0_0_0,0.144230769230769,0.252100840336134,1,0.559405940594059,0.144230769230769,0,0,0,0,0
0,Family,Male,10,0_0_1,0.951923076923077,0.961165048543689,0.970588235294118,0.96039603960396,0.925233644859813,0,0,0,0,0
0,Family,Male,10,0_1_0,0.913461538461538,0.954773869346734,1,0.955445544554455,0.913461538461538,0,0,0,0,0
0,Family,Male,10,1_0_0,1,0.697986577181208,0.536082474226804,0.554455445544555,0.536082474226804,1,1,1,1,1
0,Family,Male,10,1_1_1,0.317307692307692,0.478260869565217,0.970588235294118,0.643564356435644,0.314285714285714,0,0,0,0,0
0,Family,Male,15,0_0_0,0.134615384615385,0.23728813559322,1,0.554455445544555,0.134615384615385,0,0,0,0,0
0,Family,Male,15,0_0_1,0.951923076923077,0.961165048543689,0.970588235294118,0.96039603960396,0.925233644859813,0,0,0,0,0
0,Family,Male,15,0_1_0,0.865384615384615,0.927835051546392,1,0.930693069306931,0.865384615384615,0,0,0,0,0
0,Family,Male,15,1_0_0,1,0.695652173913043,0.533333333333333,0.54950495049505,0.533333333333333,1,1,1,1,1
0,Family,Male,15,1_1_1,0.269230769230769,0.421052631578947,0.96551724137931,0.618811881188119,0.266666666666667,0,0,0,0,0
0,Family,Male,20,0_0_0,0.125,0.222222222222222,1,0.54950495049505,0.125,0,0,0,0,0
0,Family,Male,20,0_0_1,0.913461538461538,0.935960591133005,0.95959595959596,0.935643564356436,0.87962962962963,0,0,0,0,0
0,Family,Male,20,0_1_0,0.807692307692308,0.888888888888889,0.988235294117647,0.896039603960396,0.8,0,0,0,0,0
0,Family,Male,20,1_0_0,1,0.695652173913043,0.533333333333333,0.54950495049505,0.533333333333333,1,1,1,1,1
0,Family,Male,20,1_1_1,0.288461538461538,0.441176470588235,0.9375,0.623762376237624,0.283018867924528,0,0,0,0,0
0,Family,Male,25,0_0_0,0.153846153846154,0.266666666666667,1,0.564356435643564,0.153846153846154,0,0,0,0,0
0,Family,Male,25,0_0_1,0.769230769230769,0.864864864864865,0.987654320987654,0.876237623762376,0.761904761904762,0,0,0,0,0
0,Family,Male,25,0_1_0,0.759615384615385,0.863387978142077,1,0.876237623762376,0.759615384615385,0,0,0,0,0
0,Family,Male,25,1_0_0,1,0.691029900332226,0.527918781725888,0.53960396039604,0.527918781725888,1,1,1,1,1
0,Family,Male,25,1_1_1,0.307692307692308,0.463768115942029,0.941176470588235,0.633663366336634,0.30188679245283,0,0,0,0,0
0,Family,Male,30,0_0_0,0.144230769230769,0.252100840336134,1,0.559405940594059,0.144230769230769,0,0,0,0,0
0,Family,Male,30,0_0_1,0.778846153846154,0.870967741935484,0.98780487804878,0.881188118811881,0.771428571428571,0,0,0,0,0
0,Family,Male,30,0_1_0,0.711538461538462,0.822222222222222,0.973684210526316,0.841584158415841,0.69811320754717,0,0,0,0,0
0,Family,Male,30,1_0_0,1,0.693333333333333,0.530612244897959,0.544554455445545,0.530612244897959,1,1,1,1,1
0,Family,Male,30,1_1_1,0.355769230769231,0.510344827586207,0.902439024390244,0.648514851485149,0.342592592592593,0,0,0,0,0
0,Family,Male,35,0_0_0,0.153846153846154,0.266666666666667,1,0.564356435643564,0.153846153846154,0,0,0,0,0
0,Family,Male,35,0_0_1,0.711538461538462,0.831460674157303,1,0.851485148514851,0.711538461538462,0,0,0,0,0
0,Family,Male,35,0_1_0,0.682692307692308,0.811428571428571,1,0.836633663366337,0.682692307692308,0,0,0,0,0
0,Family,Male,35,1_0_0,0.990384615384615,0.733096085409253,0.581920903954802,0.628712871287129,0.578651685393258,1,1,1,1,1
0,Family,Male,35,1_1_1,0.576923076923077,0.597014925373134,0.618556701030928,0.599009900990099,0.425531914893617,0,0,0,0,0
0,Family,Male,40,0_0_0,0.153846153846154,0.266666666666667,1,0.564356435643564,0.153846153846154,0,0,0,0,0
0,Family,Male,40,0_0_1,0.663461538461538,0.797687861271676,1,0.826732673267327,0.663461538461538,0,0,0,0,0
0,Family,Male,40,0_1_0,0.653846153846154,0.781609195402299,0.971428571428571,0.811881188118812,0.641509433962264,0,0,0,0,0
0,Family,Male,40,1_0_0,0.990384615384615,0.705479452054795,0.547872340425532,0.574257425742574,0.544973544973545,1,1,1,1,1
0,Family,Male,40,1_1_1,0.576923076923077,0.585365853658537,0.594059405940594,0.579207920792079,0.413793103448276,0.5,0.666666666666667,1,0.5,0.5
0,Family,Male,45,0_0_0,0.144230769230769,0.252100840336134,1,0.559405940594059,0.144230769230769,0,0,0,0,0
0,Family,Male,45,0_0_1,0.673076923076923,0.8,0.985915492957746,0.826732673267327,0.666666666666667,0,0,0,0,0
0,Family,Male,45,0_1_0,0.644230769230769,0.783625730994152,1,0.816831683168317,0.644230769230769,0,0,0,0,0
0,Family,Male,45,1_0_0,1,0.7003367003367,0.538860103626943,0.559405940594059,0.538860103626943,1,1,1,1,1
0,Family,Male,45,1_1_1,0.586538461538462,0.578199052132701,0.570093457943925,0.559405940594059,0.406666666666667,0.333333333333333,0.5,1,0.333333333333333,0.333333333333333
0,Family,Male,50,0_0_0,0.125,0.222222222222222,1,0.54950495049505,0.125,0,0,0,0,0
0,Family,Male,50,0_0_1,0.605769230769231,0.75,0.984375,0.792079207920792,0.6,0,0,0,0,0
0,Family,Male,50,0_1_0,0.605769230769231,0.754491017964072,1,0.797029702970297,0.605769230769231,0,0,0,0,0
0,Family,Male,50,1_0_0,1,0.717241379310345,0.559139784946237,0.594059405940594,0.559139784946237,1,1,1,1,1
0,Family,Male,50,1_1_1,0.586538461538462,0.580952380952381,0.575471698113208,0.564356435643564,0.409395973154362,0.333333333333333,0.5,1,0.333333333333333,0.333333333333333
0,Family,Male,55,0_0_0,0.00961538461538462,0.0190476190476191,1,0.49009900990099,0.00961538461538462,0,0,0,0,0
0,Family,Male,55,0_0_1,0.740384615384615,0.806282722513089,0.885057471264368,0.816831683168317,0.675438596491228,0.5,0.666666666666667,1,0.5,0.5
0,Family,Male,55,0_1_0,0.807692307692308,0.774193548387097,0.743362831858407,0.757425742574257,0.631578947368421,1,1,1,1,1
0,Family,Male,55,1_0_0,0.990384615384615,0.743682310469314,0.595375722543353,0.648514851485149,0.591954022988506,1,1,1,1,1
0,Family,Male,55,1_1_1,0.288461538461538,0.307692307692308,0.32967032967033,0.331683168316832,0.181818181818182,0,0,0,0,0
0,Family,Male,60,0_0_0,0,0,0,0.485148514851485,0,0,0,0,0,0
0,Family,Male,60,0_0_1,0.413461538461538,0.577181208053691,0.955555555555556,0.688118811881188,0.405660377358491,0,0,0,0,0
0,Family,Male,60,0_1_0,0.480769230769231,0.649350649350649,1,0.732673267326733,0.480769230769231,0,0,0,0,0
0,Family,Male,60,1_0_0,0.971153846153846,0.729241877256318,0.583815028901734,0.628712871287129,0.573863636363636,1,1,1,1,1
0,Family,Male,60,1_1_1,0.528846153846154,0.516431924882629,0.504587155963303,0.49009900990099,0.348101265822785,0.666666666666667,0.8,1,0.666666666666667,0.666666666666667
0,Family,Male,65,0_0_0,0,0,0,0.485148514851485,0,0,0,0,0,0
0,Family,Male,65,0_0_1,0.509615384615385,0.670886075949367,0.981481481481482,0.742574257425743,0.504761904761905,0.125,0.222222222222222,1,0.125,0.125
0,Family,Male,65,0_1_0,0.442307692307692,0.613333333333333,1,0.712871287128713,0.442307692307692,0,0,0,0,0
0,Family,Male,65,1_0_0,0.980769230769231,0.755555555555556,0.614457831325301,0.673267326732673,0.607142857142857,1,1,1,1,1
0,Family,Male,65,1_1_1,0.201923076923077,0.302158273381295,0.6,0.51980198019802,0.177966101694915,0,0,0,0,0
0,Family,Male,70,0_0_0,0,0,0,0.485148514851485,0,0,0,0,0,0
0,Family,Male,70,0_0_1,0.394230769230769,0.561643835616438,0.976190476190476,0.683168316831683,0.39047619047619,0.0909090909090909,0.166666666666667,1,0.0909090909090909,0.0909090909090909
0,Family,Male,70,0_1_0,0.557692307692308,0.698795180722892,0.935483870967742,0.752475247524752,0.537037037037037,0.181818181818182,0.307692307692308,1,0.181818181818182,0.181818181818182
0,Family,Male,70,1_0_0,0.961538461538462,0.662251655629139,0.505050505050505,0.495049504950495,0.495049504950495,1,1,1,1,1
0,Family,Male,70,1_1_1,0.0192307692307692,0.0233918128654971,0.0298507462686567,0.173267326732673,0.0118343195266272,0.0909090909090909,0.166666666666667,1,0.0909090909090909,0.0909090909090909
0,Family,Male,75,0_0_0,0,0,0,0.485148514851485,0,0,0,0,0,0
0,Family,Male,75,0_0_1,0.336538461538462,0.49645390070922,0.945945945945946,0.648514851485149,0.330188679245283,0.0769230769230769,0.142857142857143,1,0.0769230769230769,0.0769230769230769
0,Family,Male,75,0_1_0,0.519230769230769,0.666666666666667,0.931034482758621,0.732673267326733,0.5,0.230769230769231,0.375,1,0.230769230769231,0.230769230769231
0,Family,Male,75,1_0_0,0.932692307692308,0.648829431438127,0.497435897435897,0.48019801980198,0.48019801980198,1,1,1,1,1
0,Family,Male,75,1_1_1,0.0288461538461538,0.0352941176470588,0.0454545454545455,0.188118811881188,0.0179640718562874,0.0769230769230769,0.142857142857143,1,0.0769230769230769,0.0769230769230769
0,Family,Male,80,0_0_0,0.00961538461538462,0.0190476190476191,1,0.49009900990099,0.00961538461538462,0,0,0,0,0
0,Family,Male,80,0_0_1,0.298076923076923,0.452554744525547,0.939393939393939,0.628712871287129,0.292452830188679,0,0,0,0,0
0,Family,Male,80,0_1_0,0.336538461538462,0.503597122302158,1,0.658415841584158,0.336538461538462,0,0,0,0,0
0,Family,Male,80,1_0_0,0.875,0.676579925650558,0.551515151515152,0.569306930693069,0.51123595505618,0.8,0.888888888888889,1,0.8,0.8
0,Family,Male,80,1_1_1,0.173076923076923,0.201117318435754,0.24,0.292079207920792,0.111801242236025,0.0666666666666667,0.125,1,0.0666666666666667,0.0666666666666667
0,Family,PersonWithASibling,0,0_0_0,0,0,0,0.643564356435644,0,,,,,
0,Family,PersonWithASibling,0,0_0_1,0.0138888888888889,0.0273972602739726,1,0.648514851485149,0.0138888888888889,,,,,
0,Family,PersonWithASibling,0,0_1_0,0.0138888888888889,0.0273972602739726,1,0.648514851485149,0.0138888888888889,,,,,
0,Family,PersonWithASibling,0,1_0_0,0.847222222222222,0.589371980676328,0.451851851851852,0.579207920792079,0.417808219178082,,,,,
0,Family,PersonWithASibling,0,1_1_1,0.472222222222222,0.375690607734807,0.311926605504587,0.440594059405941,0.231292517006803,,,,,
0,Family,PersonWithASibling,5,0_0_0,0,0,0,0.643564356435644,0,,,,,
0,Family,PersonWithASibling,5,0_0_1,0.0138888888888889,0.0273972602739726,1,0.648514851485149,0.0138888888888889,,,,,
0,Family,PersonWithASibling,5,0_1_0,0.0138888888888889,0.0273972602739726,1,0.648514851485149,0.0138888888888889,,,,,
0,Family,PersonWithASibling,5,1_0_0,0.847222222222222,0.589371980676328,0.451851851851852,0.579207920792079,0.417808219178082,,,,,
0,Family,PersonWithASibling,5,1_1_1,0.472222222222222,0.375690607734807,0.311926605504587,0.440594059405941,0.231292517006803,,,,,
0,Family,PersonWithASibling,10,0_0_0,0,0,0,0.643564356435644,0,,,,,
0,Family,PersonWithASibling,10,0_0_1,0.0138888888888889,0.0273972602739726,1,0.648514851485149,0.0138888888888889,,,,,
0,Family,PersonWithASibling,10,0_1_0,0.0138888888888889,0.0273972602739726,1,0.648514851485149,0.0138888888888889,,,,,
0,Family,PersonWithASibling,10,1_0_0,0.847222222222222,0.589371980676328,0.451851851851852,0.579207920792079,0.417808219178082,,,,,
0,Family,PersonWithASibling,10,1_1_1,0.472222222222222,0.375690607734807,0.311926605504587,0.440594059405941,0.231292517006803,,,,,
0,Family,PersonWithASibling,15,0_0_0,0,0,0,0.643564356435644,0,,,,,
0,Family,PersonWithASibling,15,0_0_1,0.0138888888888889,0.0273972602739726,1,0.648514851485149,0.0138888888888889,,,,,
0,Family,PersonWithASibling,15,0_1_0,0.0138888888888889,0.0273972602739726,1,0.648514851485149,0.0138888888888889,,,,,
0,Family,PersonWithASibling,15,1_0_0,0.847222222222222,0.589371980676328,0.451851851851852,0.579207920792079,0.417808219178082,,,,,
0,Family,PersonWithASibling,15,1_1_1,0.472222222222222,0.375690607734807,0.311926605504587,0.440594059405941,0.231292517006803,,,,,
0,Family,PersonWithASibling,20,0_0_0,0,0,0,0.643564356435644,0,,,,,
0,Family,PersonWithASibling,20,0_0_1,0.0138888888888889,0.0273972602739726,1,0.648514851485149,0.0138888888888889,,,,,
0,Family,PersonWithASibling,20,0_1_0,0.0138888888888889,0.0273972602739726,1,0.648514851485149,0.0138888888888889,,,,,
0,Family,PersonWithASibling,20,1_0_0,0.847222222222222,0.589371980676328,0.451851851851852,0.579207920792079,0.417808219178082,,,,,
0,Family,PersonWithASibling,20,1_1_1,0.472222222222222,0.375690607734807,0.311926605504587,0.440594059405941,0.231292517006803,,,,,
0,Family,PersonWithASibling,25,0_0_0,0,0,0,0.643564356435644,0,,,,,
0,Family,PersonWithASibling,25,0_0_1,0.0138888888888889,0.0273972602739726,1,0.648514851485149,0.0138888888888889,,,,,
0,Family,PersonWithASibling,25,0_1_0,0.0138888888888889,0.0273972602739726,1,0.648514851485149,0.0138888888888889,,,,,
0,Family,PersonWithASibling,25,1_0_0,0.847222222222222,0.589371980676328,0.451851851851852,0.579207920792079,0.417808219178082,,,,,
0,Family,PersonWithASibling,25,1_1_1,0.472222222222222,0.375690607734807,0.311926605504587,0.440594059405941,0.231292517006803,,,,,
0,Family,PersonWithASibling,30,0_0_0,0,0,0,0.643564356435644,0,,,,,
0,Family,PersonWithASibling,30,0_0_1,0.0138888888888889,0.0273972602739726,1,0.648514851485149,0.0138888888888889,,,,,
0,Family,PersonWithASibling,30,0_1_0,0.0138888888888889,0.0273972602739726,1,0.648514851485149,0.0138888888888889,,,,,
0,Family,PersonWithASibling,30,1_0_0,0.847222222222222,0.589371980676328,0.451851851851852,0.579207920792079,0.417808219178082,,,,,
0,Family,PersonWithASibling,30,1_1_1,0.472222222222222,0.375690607734807,0.311926605504587,0.440594059405941,0.231292517006803,,,,,
0,Family,PersonWithASibling,35,0_0_0,0,0,0,0.643564356435644,0,,,,,
0,Family,PersonWithASibling,35,0_0_1,0.0138888888888889,0.0273972602739726,1,0.648514851485149,0.0138888888888889,,,,,
0,Family,PersonWithASibling,35,0_1_0,0.0138888888888889,0.0273972602739726,1,0.648514851485149,0.0138888888888889,,,,,
0,Family,PersonWithASibling,35,1_0_0,0.847222222222222,0.589371980676328,0.451851851851852,0.579207920792079,0.417808219178082,,,,,
0,Family,PersonWithASibling,35,1_1_1,0.472222222222222,0.375690607734807,0.311926605504587,0.440594059405941,0.231292517006803,,,,,
0,Family,PersonWithASibling,40,0_0_0,0,0,0,0.643564356435644,0,,,,,
0,Family,PersonWithASibling,40,0_0_1,0.0138888888888889,0.0273972602739726,1,0.648514851485149,0.0138888888888889,,,,,
0,Family,PersonWithASibling,40,0_1_0,0.0138888888888889,0.0273972602739726,1,0.648514851485149,0.0138888888888889,,,,,
0,Family,PersonWithASibling,40,1_0_0,0.847222222222222,0.589371980676328,0.451851851851852,0.579207920792079,0.417808219178082,,,,,
0,Family,PersonWithASibling,40,1_1_1,0.472222222222222,0.375690607734807,0.311926605504587,0.440594059405941,0.231292517006803,,,,,
0,Family,PersonWithASibling,45,0_0_0,0,0,0,0.643564356435644,0,,,,,
0,Family,PersonWithASibling,45,0_0_1,0.0138888888888889,0.0273972602739726,1,0.648514851485149,0.0138888888888889,,,,,
0,Family,PersonWithASibling,45,0_1_0,0.0138888888888889,0.0273972602739726,1,0.648514851485149,0.0138888888888889,,,,,
0,Family,PersonWithASibling,45,1_0_0,0.847222222222222,0.589371980676328,0.451851851851852,0.579207920792079,0.417808219178082,,,,,
0,Family,PersonWithASibling,45,1_1_1,0.472222222222222,0.375690607734807,0.311926605504587,0.440594059405941,0.231292517006803,,,,,
0,Family,PersonWithASibling,50,0_0_0,0,0,0,0.643564356435644,0,,,,,
0,Family,PersonWithASibling,50,0_0_1,0.0138888888888889,0.0273972602739726,1,0.648514851485149,0.0138888888888889,,,,,
0,Family,PersonWithASibling,50,0_1_0,0.0138888888888889,0.0273972602739726,1,0.648514851485149,0.0138888888888889,,,,,
0,Family,PersonWithASibling,50,1_0_0,0.847222222222222,0.589371980676328,0.451851851851852,0.579207920792079,0.417808219178082,,,,,
0,Family,PersonWithASibling,50,1_1_1,0.472222222222222,0.375690607734807,0.311926605504587,0.440594059405941,0.231292517006803,,,,,
0,Family,PersonWithASibling,55,0_0_0,0,0,0,0.643564356435644,0,,,,,
0,Family,PersonWithASibling,55,0_0_1,0.0138888888888889,0.0273972602739726,1,0.648514851485149,0.0138888888888889,,,,,
0,Family,PersonWithASibling,55,0_1_0,0.0138888888888889,0.0273972602739726,1,0.648514851485149,0.0138888888888889,,,,,
0,Family,PersonWithASibling,55,1_0_0,0.847222222222222,0.589371980676328,0.451851851851852,0.579207920792079,0.417808219178082,,,,,
0,Family,PersonWithASibling,55,1_1_1,0.472222222222222,0.375690607734807,0.311926605504587,0.440594059405941,0.231292517006803,,,,,
0,Family,PersonWithASibling,60,0_0_0,0,0,0,0.643564356435644,0,,,,,
0,Family,PersonWithASibling,60,0_0_1,0.0138888888888889,0.0273972602739726,1,0.648514851485149,0.0138888888888889,,,,,
0,Family,PersonWithASibling,60,0_1_0,0.0138888888888889,0.0273972602739726,1,0.648514851485149,0.0138888888888889,,,,,
0,Family,PersonWithASibling,60,1_0_0,0.847222222222222,0.589371980676328,0.451851851851852,0.579207920792079,0.417808219178082,,,,,
0,Family,PersonWithASibling,60,1_1_1,0.472222222222222,0.375690607734807,0.311926605504587,0.440594059405941,0.231292517006803,,,,,
0,Family,PersonWithASibling,65,0_0_0,0,0,0,0.643564356435644,0,,,,,
0,Family,PersonWithASibling,65,0_0_1,0.0138888888888889,0.0273972602739726,1,0.648514851485149,0.0138888888888889,,,,,
0,Family,PersonWithASibling,65,0_1_0,0.0138888888888889,0.0273972602739726,1,0.648514851485149,0.0138888888888889,,,,,
0,Family,PersonWithASibling,65,1_0_0,0.847222222222222,0.589371980676328,0.451851851851852,0.579207920792079,0.417808219178082,,,,,
0,Family,PersonWithASibling,65,1_1_1,0.472222222222222,0.375690607734807,0.311926605504587,0.440594059405941,0.231292517006803,,,,,
0,Family,PersonWithASibling,70,0_0_0,0,0,0,0.643564356435644,0,,,,,
0,Family,PersonWithASibling,70,0_0_1,0.0138888888888889,0.0273972602739726,1,0.648514851485149,0.0138888888888889,,,,,
0,Family,PersonWithASibling,70,0_1_0,0.0138888888888889,0.0273972602739726,1,0.648514851485149,0.0138888888888889,,,,,
0,Family,PersonWithASibling,70,1_0_0,0.847222222222222,0.589371980676328,0.451851851851852,0.579207920792079,0.417808219178082,,,,,
0,Family,PersonWithASibling,70,1_1_1,0.472222222222222,0.375690607734807,0.311926605504587,0.440594059405941,0.231292517006803,,,,,
0,Family,PersonWithASibling,75,0_0_0,0,0,0,0.643564356435644,0,,,,,
0,Family,PersonWithASibling,75,0_0_1,0.0138888888888889,0.0273972602739726,1,0.648514851485149,0.0138888888888889,,,,,
0,Family,PersonWithASibling,75,0_1_0,0.0138888888888889,0.0273972602739726,1,0.648514851485149,0.0138888888888889,,,,,
0,Family,PersonWithASibling,75,1_0_0,0.847222222222222,0.589371980676328,0.451851851851852,0.579207920792079,0.417808219178082,,,,,
0,Family,PersonWithASibling,75,1_1_1,0.472222222222222,0.375690607734807,0.311926605504587,0.440594059405941,0.231292517006803,,,,,
0,Family,PersonWithASibling,80,0_0_0,0,0,0,0.643564356435644,0,,,,,
0,Family,PersonWithASibling,80,0_0_1,0.0138888888888889,0.0273972602739726,1,0.648514851485149,0.0138888888888889,,,,,
0,Family,PersonWithASibling,80,0_1_0,0.0138888888888889,0.0273972602739726,1,0.648514851485149,0.0138888888888889,,,,,
0,Family,PersonWithASibling,80,1_0_0,0.847222222222222,0.589371980676328,0.451851851851852,0.579207920792079,0.417808219178082,,,,,
0,Family,PersonWithASibling,80,1_1_1,0.472222222222222,0.375690607734807,0.311926605504587,0.440594059405941,0.231292517006803,,,,,
0,Family,Child,0,0_0_0,0,0,0,0.485148514851485,0,,,,,
0,Family,Child,0,0_0_1,0,0,0,0.485148514851485,0,,,,,
0,Family,Child,0,0_1_0,0,0,0,0.485148514851485,0,,,,,
0,Family,Child,0,1_0_0,0.644230769230769,0.653658536585366,0.663366336633663,0.648514851485149,0.485507246376812,,,,,
0,Family,Child,0,1_1_1,0.288461538461538,0.338983050847458,0.410958904109589,0.420792079207921,0.204081632653061,,,,,
0,Family,Child,5,0_0_0,0,0,0,0.485148514851485,0,,,,,
0,Family,Child,5,0_0_1,0,0,0,0.485148514851485,0,,,,,
0,Family,Child,5,0_1_0,0,0,0,0.485148514851485,0,,,,,
0,Family,Child,5,1_0_0,0.644230769230769,0.653658536585366,0.663366336633663,0.648514851485149,0.485507246376812,,,,,
0,Family,Child,5,1_1_1,0.288461538461538,0.338983050847458,0.410958904109589,0.420792079207921,0.204081632653061,,,,,
0,Family,Child,10,0_0_0,0,0,0,0.485148514851485,0,,,,,
0,Family,Child,10,0_0_1,0,0,0,0.485148514851485,0,,,,,
0,Family,Child,10,0_1_0,0,0,0,0.485148514851485,0,,,,,
0,Family,Child,10,1_0_0,0.644230769230769,0.653658536585366,0.663366336633663,0.648514851485149,0.485507246376812,,,,,
0,Family,Child,10,1_1_1,0.288461538461538,0.338983050847458,0.410958904109589,0.420792079207921,0.204081632653061,,,,,
0,Family,Child,15,0_0_0,0,0,0,0.485148514851485,0,,,,,
0,Family,Child,15,0_0_1,0,0,0,0.485148514851485,0,,,,,
0,Family,Child,15,0_1_0,0,0,0,0.485148514851485,0,,,,,
0,Family,Child,15,1_0_0,0.644230769230769,0.653658536585366,0.663366336633663,0.648514851485149,0.485507246376812,,,,,
0,Family,Child,15,1_1_1,0.288461538461538,0.338983050847458,0.410958904109589,0.420792079207921,0.204081632653061,,,,,
0,Family,Child,20,0_0_0,0,0,0,0.485148514851485,0,,,,,
0,Family,Child,20,0_0_1,0,0,0,0.485148514851485,0,,,,,
0,Family,Child,20,0_1_0,0,0,0,0.485148514851485,0,,,,,
0,Family,Child,20,1_0_0,0.644230769230769,0.653658536585366,0.663366336633663,0.648514851485149,0.485507246376812,,,,,
0,Family,Child,20,1_1_1,0.288461538461538,0.338983050847458,0.410958904109589,0.420792079207921,0.204081632653061,,,,,
0,Family,Child,25,0_0_0,0,0,0,0.485148514851485,0,,,,,
0,Family,Child,25,0_0_1,0,0,0,0.485148514851485,0,,,,,
0,Family,Child,25,0_1_0,0,0,0,0.485148514851485,0,,,,,
0,Family,Child,25,1_0_0,0.644230769230769,0.653658536585366,0.663366336633663,0.648514851485149,0.485507246376812,,,,,
0,Family,Child,25,1_1_1,0.288461538461538,0.338983050847458,0.410958904109589,0.420792079207921,0.204081632653061,,,,,
0,Family,Child,30,0_0_0,0,0,0,0.485148514851485,0,,,,,
0,Family,Child,30,0_0_1,0,0,0,0.485148514851485,0,,,,,
0,Family,Child,30,0_1_0,0,0,0,0.485148514851485,0,,,,,
0,Family,Child,30,1_0_0,0.644230769230769,0.653658536585366,0.663366336633663,0.648514851485149,0.485507246376812,,,,,
0,Family,Child,30,1_1_1,0.288461538461538,0.338983050847458,0.410958904109589,0.420792079207921,0.204081632653061,,,,,
0,Family,Child,35,0_0_0,0,0,0,0.485148514851485,0,,,,,
0,Family,Child,35,0_0_1,0,0,0,0.485148514851485,0,,,,,
0,Family,Child,35,0_1_0,0,0,0,0.485148514851485,0,,,,,
0,Family,Child,35,1_0_0,0.644230769230769,0.653658536585366,0.663366336633663,0.648514851485149,0.485507246376812,,,,,
0,Family,Child,35,1_1_1,0.288461538461538,0.338983050847458,0.410958904109589,0.420792079207921,0.204081632653061,,,,,
0,Family,Child,40,0_0_0,0,0,0,0.485148514851485,0,,,,,
0,Family,Child,40,0_0_1,0,0,0,0.485148514851485,0,,,,,
0,Family,Child,40,0_1_0,0,0,0,0.485148514851485,0,,,,,
0,Family,Child,40,1_0_0,0.644230769230769,0.653658536585366,0.663366336633663,0.648514851485149,0.485507246376812,,,,,
0,Family,Child,40,1_1_1,0.288461538461538,0.338983050847458,0.410958904109589,0.420792079207921,0.204081632653061,,,,,
0,Family,Child,45,0_0_0,0,0,0,0.485148514851485,0,,,,,
0,Family,Child,45,0_0_1,0,0,0,0.485148514851485,0,,,,,
0,Family,Child,45,0_1_0,0,0,0,0.485148514851485,0,,,,,
0,Family,Child,45,1_0_0,0.644230769230769,0.653658536585366,0.663366336633663,0.648514851485149,0.485507246376812,,,,,
0,Family,Child,45,1_1_1,0.288461538461538,0.338983050847458,0.410958904109589,0.420792079207921,0.204081632653061,,,,,
0,Family,Child,50,0_0_0,0,0,0,0.485148514851485,0,,,,,
0,Family,Child,50,0_0_1,0,0,0,0.485148514851485,0,,,,,
0,Family,Child,50,0_1_0,0,0,0,0.485148514851485,0,,,,,
0,Family,Child,50,1_0_0,0.644230769230769,0.653658536585366,0.663366336633663,0.648514851485149,0.485507246376812,,,,,
0,Family,Child,50,1_1_1,0.288461538461538,0.338983050847458,0.410958904109589,0.420792079207921,0.204081632653061,,,,,
0,Family,Child,55,0_0_0,0,0,0,0.485148514851485,0,,,,,
0,Family,Child,55,0_0_1,0,0,0,0.485148514851485,0,,,,,
0,Family,Child,55,0_1_0,0,0,0,0.485148514851485,0,,,,,
0,Family,Child,55,1_0_0,0.644230769230769,0.653658536585366,0.663366336633663,0.648514851485149,0.485507246376812,,,,,
0,Family,Child,55,1_1_1,0.288461538461538,0.338983050847458,0.410958904109589,0.420792079207921,0.204081632653061,,,,,
0,Family,Child,60,0_0_0,0,0,0,0.485148514851485,0,,,,,
0,Family,Child,60,0_0_1,0,0,0,0.485148514851485,0,,,,,
0,Family,Child,60,0_1_0,0,0,0,0.485148514851485,0,,,,,
0,Family,Child,60,1_0_0,0.644230769230769,0.653658536585366,0.663366336633663,0.648514851485149,0.485507246376812,,,,,
0,Family,Child,60,1_1_1,0.288461538461538,0.338983050847458,0.410958904109589,0.420792079207921,0.204081632653061,,,,,
0,Family,Child,65,0_0_0,0,0,0,0.485148514851485,0,,,,,
0,Family,Child,65,0_0_1,0,0,0,0.485148514851485,0,,,,,
0,Family,Child,65,0_1_0,0,0,0,0.485148514851485,0,,,,,
0,Family,Child,65,1_0_0,0.644230769230769,0.653658536585366,0.663366336633663,0.648514851485149,0.485507246376812,,,,,
0,Family,Child,65,1_1_1,0.288461538461538,0.338983050847458,0.410958904109589,0.420792079207921,0.204081632653061,,,,,
0,Family,Child,70,0_0_0,0,0,0,0.485148514851485,0,,,,,
0,Family,Child,70,0_0_1,0,0,0,0.485148514851485,0,,,,,
0,Family,Child,70,0_1_0,0,0,0,0.485148514851485,0,,,,,
0,Family,Child,70,1_0_0,0.644230769230769,0.653658536585366,0.663366336633663,0.648514851485149,0.485507246376812,,,,,
0,Family,Child,70,1_1_1,0.288461538461538,0.338983050847458,0.410958904109589,0.420792079207921,0.204081632653061,,,,,
0,Family,Child,75,0_0_0,0,0,0,0.485148514851485,0,,,,,
0,Family,Child,75,0_0_1,0,0,0,0.485148514851485,0,,,,,
0,Family,Child,75,0_1_0,0,0,0,0.485148514851485,0,,,,,
0,Family,Child,75,1_0_0,0.644230769230769,0.653658536585366,0.663366336633663,0.648514851485149,0.485507246376812,,,,,
0,Family,Child,75,1_1_1,0.288461538461538,0.338983050847458,0.410958904109589,0.420792079207921,0.204081632653061,,,,,
0,Family,Child,80,0_0_0,0,0,0,0.485148514851485,0,,,,,
0,Family,Child,80,0_0_1,0,0,0,0.485148514851485,0,,,,,
0,Family,Child,80,0_1_0,0,0,0,0.485148514851485,0,,,,,
0,Family,Child,80,1_0_0,0.644230769230769,0.653658536585366,0.663366336633663,0.648514851485149,0.485507246376812,,,,,
0,Family,Child,80,1_1_1,0.288461538461538,0.338983050847458,0.410958904109589,0.420792079207921,0.204081632653061,,,,,
0,Family,Person,0,0_0_0,0.0297029702970297,0.0576923076923077,1,0.0297029702970297,0.0297029702970297,,,,,
0,Family,Person,0,0_0_1,1,1,1,1,1,,,,,
0,Family,Person,0,0_1_0,1,1,1,1,1,,,,,
0,Family,Person,0,1_0_0,1,1,1,1,1,,,,,
0,Family,Person,0,1_1_1,0.306930693069307,0.46969696969697,1,0.306930693069307,0.306930693069307,,,,,
0,Family,Person,5,0_0_0,0.400990099009901,0.57243816254417,1,0.400990099009901,0.400990099009901,,,,,
0,Family,Person,5,0_0_1,0.955445544554455,0.977215189873418,1,0.955445544554455,0.955445544554455,,,,,
0,Family,Person,5,0_1_0,0.97029702970297,0.984924623115578,1,0.97029702970297,0.97029702970297,,,,,
0,Family,Person,5,1_0_0,1,1,1,1,1,,,,,
0,Family,Person,5,1_1_1,0.455445544554455,0.625850340136054,1,0.455445544554455,0.455445544554455,,,,,
0,Family,Person,10,0_0_0,0.123762376237624,0.220264317180617,1,0.123762376237624,0.123762376237624,,,,,
0,Family,Person,10,0_0_1,0.995049504950495,0.997518610421836,1,0.995049504950495,0.995049504950495,,,,,
0,Family,Person,10,0_1_0,0.995049504950495,0.997518610421836,1,0.995049504950495,0.995049504950495,,,,,
0,Family,Person,10,1_0_0,1,1,1,1,1,,,,,
0,Family,Person,10,1_1_1,0.227722772277228,0.370967741935484,1,0.227722772277228,0.227722772277228,,,,,
0,Family,Person,15,0_0_0,0.0742574257425743,0.138248847926267,1,0.0742574257425743,0.0742574257425743,,,,,
0,Family,Person,15,0_0_1,0.99009900990099,0.99502487562189,1,0.99009900990099,0.99009900990099,,,,,
0,Family,Person,15,0_1_0,0.930693069306931,0.964102564102564,1,0.930693069306931,0.930693069306931,,,,,
0,Family,Person,15,1_0_0,1,1,1,1,1,,,,,
0,Family,Person,15,1_1_1,0.787128712871287,0.880886426592798,1,0.787128712871287,0.787128712871287,,,,,
0,Family,Person,20,0_0_0,0.0544554455445545,0.103286384976526,1,0.0544554455445545,0.0544554455445545,,,,,
0,Family,Person,20,0_0_1,0.930693069306931,0.964102564102564,1,0.930693069306931,0.930693069306931,,,,,
0,Family,Person,20,0_1_0,0.905940594059406,0.950649350649351,1,0.905940594059406,0.905940594059406,,,,,
0,Family,Person,20,1_0_0,1,1,1,1,1,,,,,
0,Family,Person,20,1_1_1,0.891089108910891,0.942408376963351,1,0.891089108910891,0.891089108910891,,,,,
0,Family,Person,25,0_0_0,0.0445544554455446,0.0853080568720379,1,0.0445544554455446,0.0445544554455446,,,,,
0,Family,Person,25,0_0_1,0.910891089108911,0.953367875647668,1,0.910891089108911,0.910891089108911,,,,,
0,Family,Person,25,0_1_0,0.871287128712871,0.931216931216931,1,0.871287128712871,0.871287128712871,,,,,
0,Family,Person,25,1_0_0,1,1,1,1,1,,,,,
0,Family,Person,25,1_1_1,0.861386138613861,0.925531914893617,1,0.861386138613861,0.861386138613861,,,,,
0,Family,Person,30,0_0_0,0.0594059405940594,0.11214953271028,1,0.0594059405940594,0.0594059405940594,,,,,
0,Family,Person,30,0_0_1,0.787128712871287,0.880886426592798,1,0.787128712871287,0.787128712871287,,,,,
0,Family,Person,30,0_1_0,0.712871287128713,0.832369942196532,1,0.712871287128713,0.712871287128713,,,,,
0,Family,Person,30,1_0_0,1,1,1,1,1,,,,,
0,Family,Person,30,1_1_1,0.430693069306931,0.602076124567474,1,0.430693069306931,0.430693069306931,,,,,
0,Family,Person,35,0_0_0,0.0643564356435644,0.12093023255814,1,0.0643564356435644,0.0643564356435644,,,,,
0,Family,Person,35,0_0_1,0.742574257425743,0.852272727272727,1,0.742574257425743,0.742574257425743,,,,,
0,Family,Person,35,0_1_0,0.658415841584158,0.794029850746269,1,0.658415841584158,0.658415841584158,,,,,
0,Family,Person,35,1_0_0,1,1,1,1,1,,,,,
0,Family,Person,35,1_1_1,0.445544554455446,0.616438356164384,1,0.445544554455446,0.445544554455446,,,,,
0,Family,Person,40,0_0_0,0.0148514851485149,0.0292682926829268,1,0.0148514851485149,0.0148514851485149,,,,,
0,Family,Person,40,0_0_1,0.871287128712871,0.931216931216931,1,0.871287128712871,0.871287128712871,,,,,
0,Family,Person,40,0_1_0,0.930693069306931,0.964102564102564,1,0.930693069306931,0.930693069306931,,,,,
0,Family,Person,40,1_0_0,1,1,1,1,1,,,,,
0,Family,Person,40,1_1_1,0.46039603960396,0.630508474576271,1,0.46039603960396,0.46039603960396,,,,,
0,Family,Person,45,0_0_0,0.272277227722772,0.428015564202335,1,0.272277227722772,0.272277227722772,,,,,
0,Family,Person,45,0_0_1,0.861386138613861,0.925531914893617,1,0.861386138613861,0.861386138613861,,,,,
0,Family,Person,45,0_1_0,0.683168316831683,0.811764705882353,1,0.683168316831683,0.683168316831683,,,,,
0,Family,Person,45,1_0_0,1,1,1,1,1,,,,,
0,Family,Person,45,1_1_1,0.594059405940594,0.745341614906832,1,0.594059405940594,0.594059405940594,,,,,
0,Family,Person,50,0_0_0,0.00495049504950495,0.00985221674876847,1,0.00495049504950495,0.00495049504950495,,,,,
0,Family,Person,50,0_0_1,0.806930693069307,0.893150684931507,1,0.806930693069307,0.806930693069307,,,,,
0,Family,Person,50,0_1_0,0.777227722772277,0.874651810584958,1,0.777227722772277,0.777227722772277,,,,,
0,Family,Person,50,1_0_0,1,1,1,1,1,,,,,
0,Family,Person,50,1_1_1,0.336633663366337,0.503703703703704,1,0.336633663366337,0.336633663366337,,,,,
0,Family,Person,55,0_0_0,0.232673267326733,0.377510040160643,1,0.232673267326733,0.232673267326733,,,,,
0,Family,Person,55,0_0_1,0.475247524752475,0.644295302013423,1,0.475247524752475,0.475247524752475,,,,,
0,Family,Person,55,0_1_0,0.465346534653465,0.635135135135135,1,0.465346534653465,0.465346534653465,,,,,
0,Family,Person,55,1_0_0,1,1,1,1,1,,,,,
0,Family,Person,55,1_1_1,0.0495049504950495,0.0943396226415094,1,0.0495049504950495,0.0495049504950495,,,,,
0,Family,Person,60,0_0_0,0.183168316831683,0.309623430962343,1,0.183168316831683,0.183168316831683,,,,,
0,Family,Person,60,0_0_1,0.435643564356436,0.606896551724138,1,0.435643564356436,0.435643564356436,,,,,
0,Family,Person,60,0_1_0,0.415841584158416,0.587412587412587,1,0.415841584158416,0.415841584158416,,,,,
0,Family,Person,60,1_0_0,1,1,1,1,1,,,,,
0,Family,Person,60,1_1_1,0.0297029702970297,0.0576923076923077,1,0.0297029702970297,0.0297029702970297,,,,,
0,Family,Person,65,0_0_0,0.0148514851485149,0.0292682926829268,1,0.0148514851485149,0.0148514851485149,,,,,
0,Family,Person,65,0_0_1,0.613861386138614,0.760736196319018,1,0.613861386138614,0.613861386138614,,,,,
0,Family,Person,65,0_1_0,0.727722772277228,0.842406876790831,1,0.727722772277228,0.727722772277228,,,,,
0,Family,Person,65,1_0_0,0.995049504950495,0.997518610421836,1,0.995049504950495,0.995049504950495,,,,,
0,Family,Person,65,1_1_1,0.643564356435644,0.783132530120482,1,0.643564356435644,0.643564356435644,,,,,
0,Family,Person,70,0_0_0,0.00495049504950495,0.00985221674876847,1,0.00495049504950495,0.00495049504950495,,,,,
0,Family,Person,70,0_0_1,0.45049504950495,0.621160409556314,1,0.45049504950495,0.45049504950495,,,,,
0,Family,Person,70,0_1_0,0.361386138613861,0.530909090909091,1,0.361386138613861,0.361386138613861,,,,,
0,Family,Person,70,1_0_0,1,1,1,1,1,,,,,
0,Family,Person,70,1_1_1,0.623762376237624,0.768292682926829,1,0.623762376237624,0.623762376237624,,,,,
0,Family,Person,75,0_0_0,0.222772277227723,0.364372469635627,1,0.222772277227723,0.222772277227723,,,,,
0,Family,Person,75,0_0_1,0.371287128712871,0.541516245487365,1,0.371287128712871,0.371287128712871,,,,,
0,Family,Person,75,0_1_0,0.50990099009901,0.675409836065574,1,0.50990099009901,0.50990099009901,,,,,
0,Family,Person,75,1_0_0,0.975247524752475,0.987468671679198,1,0.975247524752475,0.975247524752475,,,,,
0,Family,Person,75,1_1_1,0.772277227722772,0.871508379888268,1,0.772277227722772,0.772277227722772,,,,,
0,Family,Person,80,0_0_0,0.173267326732673,0.29535864978903,1,0.173267326732673,0.173267326732673,,,,,
0,Family,Person,80,0_0_1,0.321782178217822,0.48689138576779,1,0.321782178217822,0.321782178217822,,,,,
0,Family,Person,80,0_1_0,0.391089108910891,0.562277580071174,1,0.391089108910891,0.391089108910891,,,,,
0,Family,Person,80,1_0_0,0.975247524752475,0.987468671679198,1,0.975247524752475,0.975247524752475,,,,,
0,Family,Person,80,1_1_1,0.772277227722772,0.871508379888268,1,0.772277227722772,0.772277227722772,,,,,
0,Family,Daughter,0,0_0_0,0.365384615384615,0.535211267605634,1,0.836633663366337,0.365384615384615,,,,,
0,Family,Daughter,0,0_0_1,1,0.936936936936937,0.88135593220339,0.965346534653465,0.88135593220339,,,,,
0,Family,Daughter,0,0_1_0,1,0.764705882352941,0.619047619047619,0.841584158415841,0.619047619047619,,,,,
0,Family,Daughter,0,1_0_0,1,0.47926267281106,0.315151515151515,0.440594059405941,0.315151515151515,,,,,
0,Family,Daughter,0,1_1_1,0.423076923076923,0.280254777070064,0.20952380952381,0.440594059405941,0.162962962962963,,,,,
0,Family,Daughter,5,0_0_0,0.307692307692308,0.470588235294118,1,0.821782178217822,0.307692307692308,0,0,0,0,0
0,Family,Daughter,5,0_0_1,1,0.936936936936937,0.88135593220339,0.965346534653465,0.88135593220339,1,1,1,1,1
0,Family,Daughter,5,0_1_0,1,0.825396825396825,0.702702702702703,0.891089108910891,0.702702702702703,1,1,1,1,1
0,Family,Daughter,5,1_0_0,1,0.464285714285714,0.302325581395349,0.405940594059406,0.302325581395349,1,1,1,1,1
0,Family,Daughter,5,1_1_1,0.403846153846154,0.287671232876712,0.223404255319149,0.485148514851485,0.168,1,1,1,1,1
0,Family,Daughter,10,0_0_0,0.230769230769231,0.375,1,0.801980198019802,0.230769230769231,0,0,0,0,0
0,Family,Daughter,10,0_0_1,0.980769230769231,0.918918918918919,0.864406779661017,0.955445544554455,0.85,0.8,0.888888888888889,1,0.8,0.8
0,Family,Daughter,10,0_1_0,0.980769230769231,0.879310344827586,0.796875,0.930693069306931,0.784615384615385,0.8,0.888888888888889,1,0.8,0.8
0,Family,Daughter,10,1_0_0,1,0.435146443514644,0.27807486631016,0.331683168316832,0.27807486631016,1,1,1,1,1
0,Family,Daughter,10,1_1_1,0.346153846153846,0.260869565217391,0.209302325581395,0.495049504950495,0.15,0.8,0.888888888888889,1,0.8,0.8
0,Family,Daughter,15,0_0_0,0.519230769230769,0.683544303797468,1,0.876237623762376,0.519230769230769,0,0,0,0,0
0,Family,Daughter,15,0_0_1,0.980769230769231,0.935779816513761,0.894736842105263,0.965346534653465,0.879310344827586,0.857142857142857,0.923076923076923,1,0.857142857142857,0.857142857142857
0,Family,Daughter,15,0_1_0,0.980769230769231,0.84297520661157,0.739130434782609,0.905940594059406,0.728571428571429,0.857142857142857,0.923076923076923,1,0.857142857142857,0.857142857142857
0,Family,Daughter,15,1_0_0,1,0.429752066115703,0.273684210526316,0.316831683168317,0.273684210526316,1,1,1,1,1
0,Family,Daughter,15,1_1_1,0,0,0,0.485148514851485,0,0,0,0,0,0
0,Family,Daughter,20,0_0_0,0.461538461538462,0.631578947368421,1,0.861386138613861,0.461538461538462,0,0,0,0,0
0,Family,Daughter,20,0_0_1,0.826923076923077,0.905263157894737,1,0.955445544554455,0.826923076923077,0.1,0.181818181818182,1,0.1,0.1
0,Family,Daughter,20,0_1_0,0.865384615384615,0.927835051546392,1,0.965346534653465,0.865384615384615,0.3,0.461538461538462,1,0.3,0.3
0,Family,Daughter,20,1_0_0,1,0.45021645021645,0.290502793296089,0.371287128712871,0.290502793296089,1,1,1,1,1
0,Family,Daughter,20,1_1_1,0.0384615384615385,0.0298507462686567,0.024390243902439,0.356435643564356,0.0151515151515152,0.2,0.333333333333333,1,0.2,0.2
0,Family,Daughter,25,0_0_0,0.346153846153846,0.514285714285714,1,0.831683168316832,0.346153846153846,0,0,0,0,0
0,Family,Daughter,25,0_0_1,0.846153846153846,0.916666666666667,1,0.96039603960396,0.846153846153846,0.384615384615385,0.555555555555556,1,0.384615384615385,0.384615384615385
0,Family,Daughter,25,0_1_0,0.769230769230769,0.869565217391304,1,0.940594059405941,0.769230769230769,0.0769230769230769,0.142857142857143,1,0.0769230769230769,0.0769230769230769
0,Family,Daughter,25,1_0_0,1,0.411067193675889,0.258706467661692,0.262376237623762,0.258706467661692,1,1,1,1,1
0,Family,Daughter,25,1_1_1,0.0192307692307692,0.0168067226890756,0.0149253731343284,0.420792079207921,0.00847457627118644,0.0769230769230769,0.142857142857143,1,0.0769230769230769,0.0769230769230769
0,Family,Daughter,30,0_0_0,0.230769230769231,0.375,1,0.801980198019802,0.230769230769231,0,0,0,0,0
0,Family,Daughter,30,0_0_1,0.711538461538462,0.831460674157303,1,0.925742574257426,0.711538461538462,0,0,0,0,0
0,Family,Daughter,30,0_1_0,0.730769230769231,0.844444444444444,1,0.930693069306931,0.730769230769231,0.0666666666666667,0.125,1,0.0666666666666667,0.0666666666666667
0,Family,Daughter,30,1_0_0,1,0.442553191489362,0.284153005464481,0.351485148514851,0.284153005464481,1,1,1,1,1
0,Family,Daughter,30,1_1_1,0.0576923076923077,0.0512820512820513,0.0461538461538462,0.45049504950495,0.0263157894736842,0.133333333333333,0.235294117647059,1,0.133333333333333,0.133333333333333
0,Family,Daughter,35,0_0_0,0.153846153846154,0.266666666666667,1,0.782178217821782,0.153846153846154,0,0,0,0,0
0,Family,Daughter,35,0_0_1,0.673076923076923,0.804597701149425,1,0.915841584158416,0.673076923076923,0.0555555555555556,0.105263157894737,1,0.0555555555555556,0.0555555555555556
0,Family,Daughter,35,0_1_0,0.673076923076923,0.804597701149425,1,0.915841584158416,0.673076923076923,0.0555555555555556,0.105263157894737,1,0.0555555555555556,0.0555555555555556
0,Family,Daughter,35,1_0_0,1,0.440677966101695,0.282608695652174,0.346534653465346,0.282608695652174,1,1,1,1,1
0,Family,Daughter,35,1_1_1,0.0576923076923077,0.0535714285714286,0.05,0.475247524752475,0.0275229357798165,0.166666666666667,0.285714285714286,1,0.166666666666667,0.166666666666667
0,Family,Daughter,40,0_0_0,0.153846153846154,0.266666666666667,1,0.782178217821782,0.153846153846154,0,0,0,0,0
0,Family,Daughter,40,0_0_1,0.730769230769231,0.844444444444444,1,0.930693069306931,0.730769230769231,0.3,0.461538461538462,1,0.3,0.3
0,Family,Daughter,40,0_1_0,0.826923076923077,0.826923076923077,0.826923076923077,0.910891089108911,0.704918032786885,0.55,0.709677419354839,1,0.55,0.55
0,Family,Daughter,40,1_0_0,1,0.416,0.262626262626263,0.277227722772277,0.262626262626263,1,1,1,1,1
0,Family,Daughter,40,1_1_1,0.153846153846154,0.118518518518519,0.0963855421686747,0.410891089108911,0.062992125984252,0.25,0.4,1,0.25,0.25
0,Family,Daughter,45,0_0_0,0,0,0,0.742574257425743,0,0,0,0,0,0
0,Family,Daughter,45,0_0_1,0.596153846153846,0.746987951807229,1,0.896039603960396,0.596153846153846,0.0869565217391304,0.16,1,0.0869565217391304,0.0869565217391304
0,Family,Daughter,45,0_1_0,0.884615384615385,0.92,0.958333333333333,0.96039603960396,0.851851851851852,0.739130434782609,0.85,1,0.739130434782609,0.739130434782609
0,Family,Daughter,45,1_0_0,0.980769230769231,0.586206896551724,0.418032786885246,0.643564356435644,0.414634146341463,0.956521739130435,0.977777777777778,1,0.956521739130435,0.956521739130435
0,Family,Daughter,45,1_1_1,0.230769230769231,0.222222222222222,0.214285714285714,0.584158415841584,0.125,0.217391304347826,0.357142857142857,1,0.217391304347826,0.217391304347826
0,Family,Daughter,50,0_0_0,0,0,0,0.742574257425743,0,0,0,0,0,0
0,Family,Daughter,50,0_0_1,0.538461538461538,0.7,1,0.881188118811881,0.538461538461538,0.0769230769230769,0.142857142857143,1,0.0769230769230769,0.0769230769230769
0,Family,Daughter,50,0_1_0,0.865384615384615,0.909090909090909,0.957446808510638,0.955445544554455,0.833333333333333,0.730769230769231,0.844444444444444,1,0.730769230769231,0.730769230769231
0,Family,Daughter,50,1_0_0,1,0.565217391304348,0.393939393939394,0.603960396039604,0.393939393939394,1,1,1,1,1
0,Family,Daughter,50,1_1_1,0.173076923076923,0.178217821782178,0.183673469387755,0.589108910891089,0.0978260869565217,0.230769230769231,0.375,1,0.230769230769231,0.230769230769231
0,Family,Daughter,55,0_0_0,0,0,0,0.742574257425743,0,0,0,0,0,0
0,Family,Daughter,55,0_0_1,0.5,0.666666666666667,1,0.871287128712871,0.5,0.0714285714285714,0.133333333333333,1,0.0714285714285714,0.0714285714285714
0,Family,Daughter,55,0_1_0,0.826923076923077,0.868686868686869,0.914893617021277,0.935643564356436,0.767857142857143,0.678571428571429,0.808510638297872,1,0.678571428571429,0.678571428571429
0,Family,Daughter,55,1_0_0,1,0.590909090909091,0.419354838709677,0.643564356435644,0.419354838709677,1,1,1,1,1
0,Family,Daughter,55,1_1_1,0.134615384615385,0.155555555555556,0.184210526315789,0.623762376237624,0.0843373493975904,0.142857142857143,0.25,1,0.142857142857143,0.142857142857143
0,Family,Daughter,60,0_0_0,0,0,0,0.742574257425743,0,0,0,0,0,0
0,Family,Daughter,60,0_0_1,0.461538461538462,0.623376623376623,0.96,0.856435643564356,0.452830188679245,0.0967741935483871,0.176470588235294,1,0.0967741935483871,0.0967741935483871
0,Family,Daughter,60,0_1_0,0.75,0.821052631578947,0.906976744186046,0.915841584158416,0.696428571428571,0.580645161290323,0.73469387755102,1,0.580645161290323,0.580645161290323
0,Family,Daughter,60,1_0_0,1,0.577777777777778,0.40625,0.623762376237624,0.40625,1,1,1,1,1
0,Family,Daughter,60,1_1_1,0.153846153846154,0.168421052631579,0.186046511627907,0.608910891089109,0.0919540229885057,0.129032258064516,0.228571428571429,1,0.129032258064516,0.129032258064516
0,Family,Daughter,65,0_0_0,0,0,0,0.742574257425743,0,0,0,0,0,0
0,Family,Daughter,65,0_0_1,0.423076923076923,0.586666666666667,0.956521739130435,0.846534653465347,0.415094339622642,0.0909090909090909,0.166666666666667,1,0.0909090909090909,0.0909090909090909
0,Family,Daughter,65,0_1_0,0.673076923076923,0.786516853932584,0.945945945945946,0.905940594059406,0.648148148148148,0.484848484848485,0.653061224489796,1,0.484848484848485,0.484848484848485
0,Family,Daughter,65,1_0_0,0.980769230769231,0.56353591160221,0.395348837209302,0.608910891089109,0.392307692307692,0.96969696969697,0.984615384615385,1,0.96969696969697,0.96969696969697
0,Family,Daughter,65,1_1_1,0.211538461538462,0.22,0.229166666666667,0.613861386138614,0.123595505617978,0.242424242424242,0.390243902439024,1,0.242424242424242,0.242424242424242
0,Family,Daughter,70,0_0_0,0,0,0,0.742574257425743,0,0,0,0,0,0
0,Family,Daughter,70,0_0_1,0.326923076923077,0.492753623188406,1,0.826732673267327,0.326923076923077,0.0277777777777778,0.0540540540540541,1,0.0277777777777778,0.0277777777777778
0,Family,Daughter,70,0_1_0,0.596153846153846,0.71264367816092,0.885714285714286,0.876237623762376,0.553571428571429,0.416666666666667,0.588235294117647,1,0.416666666666667,0.416666666666667
0,Family,Daughter,70,1_0_0,0.942307692307692,0.532608695652174,0.371212121212121,0.574257425742574,0.362962962962963,0.916666666666667,0.956521739130435,1,0.916666666666667,0.916666666666667
0,Family,Daughter,70,1_1_1,0.288461538461538,0.218978102189781,0.176470588235294,0.47029702970297,0.122950819672131,0.388888888888889,0.56,1,0.388888888888889,0.388888888888889
0,Family,Daughter,75,0_0_0,0,0,0,0.742574257425743,0,0,0,0,0,0
0,Family,Daughter,75,0_0_1,0.269230769230769,0.424242424242424,1,0.811881188118812,0.269230769230769,0.0256410256410256,0.05,1,0.0256410256410256,0.0256410256410256
0,Family,Daughter,75,0_1_0,0.519230769230769,0.683544303797468,1,0.876237623762376,0.519230769230769,0.358974358974359,0.528301886792453,1,0.358974358974359,0.358974358974359
0,Family,Daughter,75,1_0_0,0.903846153846154,0.531073446327684,0.376,0.589108910891089,0.361538461538461,0.871794871794872,0.931506849315068,1,0.871794871794872,0.871794871794872
0,Family,Daughter,75,1_1_1,0.365384615384615,0.25,0.19,0.435643564356436,0.142857142857143,0.461538461538462,0.631578947368421,1,0.461538461538462,0.461538461538462
0,Family,Daughter,80,0_0_0,0.0192307692307692,0.0377358490566038,1,0.747524752475248,0.0192307692307692,0,0,0,0,0
0,Family,Daughter,80,0_0_1,0.326923076923077,0.485714285714286,0.944444444444444,0.821782178217822,0.320754716981132,0.146341463414634,0.25531914893617,1,0.146341463414634,0.146341463414634
0,Family,Daughter,80,0_1_0,0.480769230769231,0.632911392405063,0.925925925925926,0.856435643564356,0.462962962962963,0.341463414634146,0.509090909090909,1,0.341463414634146,0.341463414634146
0,Family,Daughter,80,1_0_0,1,0.448275862068966,0.288888888888889,0.366336633663366,0.288888888888889,1,1,1,1,1
0,Family,Daughter,80,1_1_1,0.288461538461538,0.16304347826087,0.113636363636364,0.237623762376238,0.0887573964497041,0.341463414634146,0.509090909090909,1,0.341463414634146,0.341463414634146
0,Family,Female,0,0_0_0,0.193877551020408,0.324786324786325,1,0.608910891089109,0.193877551020408,,,,,
0,Family,Female,0,0_0_1,1,1,1,1,1,,,,,
0,Family,Female,0,0_1_0,1,0.928909952606635,0.867256637168142,0.925742574257426,0.867256637168142,,,,,
0,Family,Female,0,1_0_0,1,0.666666666666667,0.5,0.514851485148515,0.5,,,,,
0,Family,Female,0,1_1_1,0.469387755102041,0.436018957345972,0.407079646017699,0.410891089108911,0.278787878787879,,,,,
0,Family,Female,5,0_0_0,0.173469387755102,0.295652173913043,1,0.599009900990099,0.173469387755102,,,,,
0,Family,Female,5,0_0_1,0.989795918367347,0.994871794871795,1,0.995049504950495,0.989795918367347,,,,,
0,Family,Female,5,0_1_0,0.989795918367347,0.96039603960396,0.932692307692308,0.96039603960396,0.923809523809524,,,,,
0,Family,Female,5,1_0_0,1,0.685314685314685,0.521276595744681,0.554455445544555,0.521276595744681,,,,,
0,Family,Female,5,1_1_1,0.377551020408163,0.377551020408163,0.377551020408163,0.396039603960396,0.232704402515723,,,,,
0,Family,Female,10,0_0_0,0.183673469387755,0.310344827586207,1,0.603960396039604,0.183673469387755,,,,,
0,Family,Female,10,0_0_1,0.969387755102041,0.984455958549223,1,0.985148514851485,0.969387755102041,,,,,
0,Family,Female,10,0_1_0,0.979591836734694,0.941176470588235,0.905660377358491,0.940594059405941,0.888888888888889,,,,,
0,Family,Female,10,1_0_0,1,0.695035460992908,0.532608695652174,0.574257425742574,0.532608695652174,,,,,
0,Family,Female,10,1_1_1,0.438775510204082,0.42156862745098,0.405660377358491,0.415841584158416,0.267080745341615,,,,,
0,Family,Female,15,0_0_0,0.163265306122449,0.280701754385965,1,0.594059405940594,0.163265306122449,0,0,0,0,0
0,Family,Female,15,0_0_1,0.948979591836735,0.973821989528796,1,0.975247524752475,0.948979591836735,0,0,0,0,0
0,Family,Female,15,0_1_0,0.989795918367347,0.923809523809524,0.866071428571429,0.920792079207921,0.858407079646018,1,1,1,1,1
0,Family,Female,15,1_0_0,1,0.710144927536232,0.550561797752809,0.603960396039604,0.550561797752809,1,1,1,1,1
0,Family,Female,15,1_1_1,0.0102040816326531,0.0133333333333333,0.0192307692307692,0.267326732673267,0.00671140939597315,0,0,0,0,0
0,Family,Female,20,0_0_0,0.142857142857143,0.25,1,0.584158415841584,0.142857142857143,0,0,0,0,0
0,Family,Female,20,0_0_1,0.908163265306122,0.951871657754011,1,0.955445544554455,0.908163265306122,0,0,0,0,0
0,Family,Female,20,0_1_0,0.979591836734694,0.941176470588235,0.905660377358491,0.940594059405941,0.888888888888889,1,1,1,1,1
0,Family,Female,20,1_0_0,1,0.720588235294118,0.563218390804598,0.623762376237624,0.563218390804598,1,1,1,1,1
0,Family,Female,20,1_1_1,0.0102040816326531,0.0125,0.0161290322580645,0.217821782178218,0.00628930817610063,0,0,0,0,0
0,Family,Female,25,0_0_0,0.112244897959184,0.201834862385321,1,0.569306930693069,0.112244897959184,0,0,0,0,0
0,Family,Female,25,0_0_1,0.908163265306122,0.894472361809045,0.881188118811881,0.896039603960396,0.809090909090909,1,1,1,1,1
0,Family,Female,25,0_1_0,0.785714285714286,0.875,0.987179487179487,0.891089108910891,0.777777777777778,0,0,0,0,0
0,Family,Female,25,1_0_0,1,0.664406779661017,0.49746192893401,0.50990099009901,0.49746192893401,1,1,1,1,1
0,Family,Female,25,1_1_1,0.479591836734694,0.549707602339181,0.643835616438356,0.618811881188119,0.379032258064516,0.5,0.666666666666667,1,0.5,0.5
0,Family,Female,30,0_0_0,0.204081632653061,0.338983050847458,1,0.613861386138614,0.204081632653061,0,0,0,0,0
0,Family,Female,30,0_0_1,0.826530612244898,0.830769230769231,0.835051546391753,0.836633663366337,0.710526315789474,0.333333333333333,0.5,1,0.333333333333333,0.333333333333333
0,Family,Female,30,0_1_0,0.73469387755102,0.847058823529412,1,0.871287128712871,0.73469387755102,0,0,0,0,0
0,Family,Female,30,1_0_0,1,0.653333333333333,0.485148514851485,0.485148514851485,0.485148514851485,1,1,1,1,1
0,Family,Female,30,1_1_1,0.918367346938775,0.782608695652174,0.681818181818182,0.752475247524752,0.642857142857143,0.666666666666667,0.8,1,0.666666666666667,0.666666666666667
0,Family,Female,35,0_0_0,0.13265306122449,0.234234234234234,1,0.579207920792079,0.13265306122449,0,0,0,0,0
0,Family,Female,35,0_0_1,0.744897959183674,0.839080459770115,0.960526315789474,0.861386138613861,0.722772277227723,0,0,0,0,0
0,Family,Female,35,0_1_0,0.683673469387755,0.812121212121212,1,0.846534653465347,0.683673469387755,0,0,0,0,0
0,Family,Female,35,1_0_0,1,0.653333333333333,0.485148514851485,0.485148514851485,0.485148514851485,1,1,1,1,1
0,Family,Female,35,1_1_1,0.989795918367347,0.785425101214575,0.651006711409396,0.737623762376238,0.646666666666667,1,1,1,1,1
0,Family,Female,40,0_0_0,0.0816326530612245,0.150943396226415,1,0.554455445544555,0.0816326530612245,0,0,0,0,0
0,Family,Female,40,0_0_1,0.785714285714286,0.797927461139896,0.810526315789474,0.806930693069307,0.663793103448276,0.2,0.333333333333333,1,0.2,0.2
0,Family,Female,40,0_1_0,0.642857142857143,0.782608695652174,1,0.826732673267327,0.642857142857143,0,0,0,0,0
0,Family,Female,40,1_0_0,1,0.653333333333333,0.485148514851485,0.485148514851485,0.485148514851485,1,1,1,1,1
0,Family,Female,40,1_1_1,0.13265306122449,0.220338983050847,0.65,0.544554455445545,0.123809523809524,0,0,0,0,0
0,Family,Female,45,0_0_0,0.0816326530612245,0.150943396226415,1,0.554455445544555,0.0816326530612245,0,0,0,0,0
0,Family,Female,45,0_0_1,0.591836734693878,0.743589743589744,1,0.801980198019802,0.591836734693878,0.166666666666667,0.285714285714286,1,0.166666666666667,0.166666666666667
0,Family,Female,45,0_1_0,0.622448979591837,0.767295597484277,1,0.816831683168317,0.622448979591837,0,0,0,0,0
0,Family,Female,45,1_0_0,1,0.664406779661017,0.49746192893401,0.50990099009901,0.49746192893401,1,1,1,1,1
0,Family,Female,45,1_1_1,0.0612244897959184,0.115384615384615,1,0.544554455445545,0.0612244897959184,0,0,0,0,0
0,Family,Female,50,0_0_0,0.102040816326531,0.185185185185185,1,0.564356435643564,0.102040816326531,0,0,0,0,0
0,Family,Female,50,0_0_1,0.540816326530612,0.701986754966887,1,0.777227722772277,0.540816326530612,0,0,0,0,0
0,Family,Female,50,0_1_0,0.540816326530612,0.701986754966887,1,0.777227722772277,0.540816326530612,0,0,0,0,0
0,Family,Female,50,1_0_0,1,0.742424242424242,0.590361445783133,0.663366336633663,0.590361445783133,1,1,1,1,1
0,Family,Female,50,1_1_1,0.571428571428571,0.687116564417178,0.861538461538462,0.747524752475248,0.523364485981308,0.5,0.666666666666667,1,0.5,0.5
0,Family,Female,55,0_0_0,0.0918367346938776,0.168224299065421,1,0.559405940594059,0.0918367346938776,0,0,0,0,0
0,Family,Female,55,0_0_1,0.673469387755102,0.804878048780488,1,0.841584158415841,0.673469387755102,0,0,0,0,0
0,Family,Female,55,0_1_0,0.5,0.666666666666667,1,0.757425742574257,0.5,0,0,0,0,0
0,Family,Female,55,1_0_0,1,0.690140845070423,0.526881720430108,0.564356435643564,0.526881720430108,1,1,1,1,1
0,Family,Female,55,1_1_1,0.0510204081632653,0.0909090909090909,0.416666666666667,0.504950495049505,0.0476190476190476,0.166666666666667,0.285714285714286,1,0.166666666666667,0.166666666666667
0,Family,Female,60,0_0_0,0.0714285714285714,0.133333333333333,1,0.54950495049505,0.0714285714285714,0,0,0,0,0
0,Family,Female,60,0_0_1,0.622448979591837,0.767295597484277,1,0.816831683168317,0.622448979591837,0,0,0,0,0
0,Family,Female,60,0_1_0,0.448979591836735,0.619718309859155,1,0.732673267326733,0.448979591836735,0,0,0,0,0
0,Family,Female,60,1_0_0,1,0.678200692041522,0.513089005235602,0.53960396039604,0.513089005235602,1,1,1,1,1
0,Family,Female,60,1_1_1,0.0510204081632653,0.0943396226415094,0.625,0.524752475247525,0.0495049504950495,0,0,0,0,0
0,Family,Female,65,0_0_0,0.0102040816326531,0.0202020202020202,1,0.51980198019802,0.0102040816326531,0,0,0,0,0
0,Family,Female,65,0_0_1,0.571428571428571,0.727272727272727,1,0.792079207920792,0.571428571428571,0,0,0,0,0
0,Family,Female,65,0_1_0,0.387755102040816,0.558823529411765,1,0.702970297029703,0.387755102040816,0,0,0,0,0
0,Family,Female,65,1_0_0,1,0.664406779661017,0.49746192893401,0.50990099009901,0.49746192893401,1,1,1,1,1
0,Family,Female,65,1_1_1,0.0510204081632653,0.0884955752212389,0.333333333333333,0.49009900990099,0.0462962962962963,0,0,0,0,0
0,Family,Female,70,0_0_0,0.0306122448979592,0.0594059405940594,1,0.52970297029703,0.0306122448979592,0,0,0,0,0
0,Family,Female,70,0_0_1,0.448979591836735,0.619718309859155,1,0.732673267326733,0.448979591836735,0,0,0,0,0
0,Family,Female,70,0_1_0,0.306122448979592,0.46875,1,0.663366336633663,0.306122448979592,0,0,0,0,0
0,Family,Female,70,1_0_0,1,0.7,0.538461538461538,0.584158415841584,0.538461538461538,1,1,1,1,1
0,Family,Female,70,1_1_1,0.0612244897959184,0.0991735537190083,0.260869565217391,0.46039603960396,0.0521739130434783,0,0,0,0,0
0,Family,Female,75,0_0_0,0.102040816326531,0.185185185185185,1,0.564356435643564,0.102040816326531,0,0,0,0,0
0,Family,Female,75,0_0_1,0.316326530612245,0.48062015503876,1,0.668316831683168,0.316326530612245,0,0,0,0,0
0,Family,Female,75,0_1_0,0.255102040816327,0.403225806451613,0.961538461538462,0.633663366336634,0.252525252525252,0,0,0,0,0
0,Family,Female,75,1_0_0,0.86734693877551,0.669291338582677,0.544871794871795,0.584158415841584,0.502958579881657,0.875,0.933333333333333,1,0.875,0.875
0,Family,Female,75,1_1_1,0.714285714285714,0.598290598290598,0.514705882352941,0.534653465346535,0.426829268292683,0.875,0.933333333333333,1,0.875,0.875
0,Family,Female,80,0_0_0,0.0612244897959184,0.115384615384615,1,0.544554455445545,0.0612244897959184,0,0,0,0,0
0,Family,Female,80,0_0_1,0.306122448979592,0.465116279069767,0.967741935483871,0.658415841584158,0.303030303030303,0,0,0,0,0
0,Family,Female,80,0_1_0,0.255102040816327,0.4,0.925925925925926,0.628712871287129,0.25,0,0,0,0,0
0,Family,Female,80,1_0_0,0.918367346938775,0.725806451612903,0.6,0.663366336633663,0.569620253164557,1,1,1,1,1
0,Family,Female,80,1_1_1,0.704081632653061,0.610619469026549,0.5390625,0.564356435643564,0.439490445859873,0.777777777777778,0.875,1,0.777777777777778,0.777777777777778
0,Family,Father,0,0_0_0,0.533333333333333,0.695652173913043,1,0.861386138613861,0.533333333333333,,,,,
0,Family,Father,0,0_0_1,1,0.845070422535211,0.731707317073171,0.891089108910891,0.731707317073171,,,,,
0,Family,Father,0,0_1_0,1,0.764331210191083,0.618556701030928,0.816831683168317,0.618556701030928,,,,,
0,Family,Father,0,1_0_0,1,0.458015267175573,0.297029702970297,0.297029702970297,0.297029702970297,,,,,
0,Family,Father,0,1_1_1,0.233333333333333,0.186666666666667,0.155555555555556,0.396039603960396,0.102941176470588,,,,,
0,Family,Father,5,0_0_0,0.466666666666667,0.636363636363636,1,0.841584158415841,0.466666666666667,0,0,0,0,0
0,Family,Father,5,0_0_1,1,0.851063829787234,0.740740740740741,0.896039603960396,0.740740740740741,1,1,1,1,1
0,Family,Father,5,0_1_0,1,0.731707317073171,0.576923076923077,0.782178217821782,0.576923076923077,1,1,1,1,1
0,Family,Father,5,1_0_0,1,0.459770114942529,0.298507462686567,0.301980198019802,0.298507462686567,1,1,1,1,1
0,Family,Father,5,1_1_1,0.433333333333333,0.331210191082803,0.268041237113402,0.48019801980198,0.198473282442748,0.666666666666667,0.8,1,0.666666666666667,0.666666666666667
0,Family,Father,10,0_0_0,0.433333333333333,0.604651162790698,1,0.831683168316832,0.433333333333333,0,0,0,0,0
0,Family,Father,10,0_0_1,0.983333333333333,0.861313868613139,0.766233766233766,0.905940594059406,0.756410256410256,0.833333333333333,0.909090909090909,1,0.833333333333333,0.833333333333333
0,Family,Father,10,0_1_0,1,0.745341614906832,0.594059405940594,0.797029702970297,0.594059405940594,1,1,1,1,1
0,Family,Father,10,1_0_0,1,0.459770114942529,0.298507462686567,0.301980198019802,0.298507462686567,1,1,1,1,1
0,Family,Father,10,1_1_1,0.3,0.31304347826087,0.327272727272727,0.608910891089109,0.185567010309278,0,0,0,0,0
0,Family,Father,15,0_0_0,0.366666666666667,0.536585365853659,1,0.811881188118812,0.366666666666667,0,0,0,0,0
0,Family,Father,15,0_0_1,0.95,0.883720930232558,0.826086956521739,0.925742574257426,0.791666666666667,0.666666666666667,0.8,1,0.666666666666667,0.666666666666667
0,Family,Father,15,0_1_0,0.983333333333333,0.746835443037975,0.602040816326531,0.801980198019802,0.595959595959596,0.888888888888889,0.941176470588235,1,0.888888888888889,0.888888888888889
0,Family,Father,15,1_0_0,1,0.461538461538462,0.3,0.306930693069307,0.3,1,1,1,1,1
0,Family,Father,15,1_1_1,0.1,0.151898734177215,0.31578947368421,0.668316831683168,0.0821917808219178,0,0,0,0,0
0,Family,Father,20,0_0_0,0.4,0.571428571428571,1,0.821782178217822,0.4,0,0,0,0,0
0,Family,Father,20,0_0_1,0.833333333333333,0.869565217391304,0.909090909090909,0.925742574257426,0.769230769230769,0.166666666666667,0.285714285714286,1,0.166666666666667,0.166666666666667
0,Family,Father,20,0_1_0,0.9,0.824427480916031,0.76056338028169,0.886138613861386,0.701298701298701,0.5,0.666666666666667,1,0.5,0.5
0,Family,Father,20,1_0_0,1,0.591133004926108,0.41958041958042,0.589108910891089,0.41958041958042,1,1,1,1,1
0,Family,Father,20,1_1_1,0.183333333333333,0.157142857142857,0.1375,0.415841584158416,0.0852713178294574,0.333333333333333,0.5,1,0.333333333333333,0.333333333333333
0,Family,Father,25,0_0_0,0.383333333333333,0.55421686746988,1,0.816831683168317,0.383333333333333,0,0,0,0,0
0,Family,Father,25,0_0_1,0.783333333333333,0.846846846846847,0.92156862745098,0.915841584158416,0.734375,0.133333333333333,0.235294117647059,1,0.133333333333333,0.133333333333333
0,Family,Father,25,0_1_0,0.833333333333333,0.819672131147541,0.806451612903226,0.891089108910891,0.694444444444444,0.333333333333333,0.5,1,0.333333333333333,0.333333333333333
0,Family,Father,25,1_0_0,1,0.621761658031088,0.451127819548872,0.638613861386139,0.451127819548872,1,1,1,1,1
0,Family,Father,25,1_1_1,0.15,0.133333333333333,0.12,0.420792079207921,0.0714285714285714,0.333333333333333,0.5,1,0.333333333333333,0.333333333333333
0,Family,Father,30,0_0_0,0.366666666666667,0.536585365853659,1,0.811881188118812,0.366666666666667,0,0,0,0,0
0,Family,Father,30,0_0_1,0.75,0.825688073394495,0.918367346938775,0.905940594059406,0.703125,0.166666666666667,0.285714285714286,1,0.166666666666667,0.166666666666667
0,Family,Father,30,0_1_0,0.8,0.827586206896552,0.857142857142857,0.900990099009901,0.705882352941176,0.333333333333333,0.5,1,0.333333333333333,0.333333333333333
0,Family,Father,30,1_0_0,1,0.621761658031088,0.451127819548872,0.638613861386139,0.451127819548872,1,1,1,1,1
0,Family,Father,30,1_1_1,0.166666666666667,0.148148148148148,0.133333333333333,0.430693069306931,0.08,0.277777777777778,0.434782608695652,1,0.277777777777778,0.277777777777778
0,Family,Father,35,0_0_0,0,0,0,0.702970297029703,0,0,0,0,0,0
0,Family,Father,35,0_0_1,0.65,0.787878787878788,1,0.896039603960396,0.65,0,0,0,0,0
0,Family,Father,35,0_1_0,0.766666666666667,0.741935483870968,0.71875,0.841584158415841,0.58974358974359,0.333333333333333,0.5,1,0.333333333333333,0.333333333333333
0,Family,Father,35,1_0_0,1,0.517241379310345,0.348837209302326,0.445544554455446,0.348837209302326,1,1,1,1,1
0,Family,Father,35,1_1_1,0.166666666666667,0.143884892086331,0.126582278481013,0.410891089108911,0.0775193798449612,0.380952380952381,0.551724137931034,1,0.380952380952381,0.380952380952381
0,Family,Father,40,0_0_0,0.0166666666666667,0.0327868852459016,1,0.707920792079208,0.0166666666666667,0,0,0,0,0
0,Family,Father,40,0_0_1,0.6,0.75,1,0.881188118811881,0.6,0,0,0,0,0
0,Family,Father,40,0_1_0,0.6,0.75,1,0.881188118811881,0.6,0,0,0,0,0
0,Family,Father,40,1_0_0,0.983333333333333,0.702380952380952,0.546296296296296,0.752475247524752,0.541284403669725,0.958333333333333,0.978723404255319,1,0.958333333333333,0.958333333333333
0,Family,Father,40,1_1_1,0.833333333333333,0.719424460431655,0.632911392405063,0.806930693069307,0.561797752808989,0.583333333333333,0.736842105263158,1,0.583333333333333,0.583333333333333
0,Family,Father,45,0_0_0,0,0,0,0.702970297029703,0,0,0,0,0,0
0,Family,Father,45,0_0_1,0.55,0.709677419354839,1,0.866336633663366,0.55,0,0,0,0,0
0,Family,Father,45,0_1_0,0.55,0.709677419354839,1,0.866336633663366,0.55,0,0,0,0,0
0,Family,Father,45,1_0_0,0.983333333333333,0.742138364779874,0.595959595959596,0.797029702970297,0.59,0.962962962962963,0.981132075471698,1,0.962962962962963,0.962962962962963
0,Family,Father,45,1_1_1,0.816666666666667,0.705035971223021,0.620253164556962,0.797029702970297,0.544444444444444,0.592592592592593,0.744186046511628,1,0.592592592592593,0.592592592592593
0,Family,Father,50,0_0_0,0,0,0,0.702970297029703,0,0,0,0,0,0
0,Family,Father,50,0_0_1,0.5,0.666666666666667,1,0.851485148514851,0.5,0,0,0,0,0
0,Family,Father,50,0_1_0,0.5,0.666666666666667,1,0.851485148514851,0.5,0,0,0,0,0
0,Family,Father,50,1_0_0,0.966666666666667,0.734177215189873,0.591836734693878,0.792079207920792,0.58,0.933333333333333,0.96551724137931,1,0.933333333333333,0.933333333333333
0,Family,Father,50,1_1_1,0.85,0.684563758389262,0.573033707865169,0.767326732673267,0.520408163265306,0.7,0.823529411764706,1,0.7,0.7
0,Family,Father,55,0_0_0,0,0,0,0.702970297029703,0,0,0,0,0,0
0,Family,Father,55,0_0_1,0.9,0.788321167883212,0.701298701298701,0.856435643564356,0.650602409638554,0.818181818181818,0.9,1,0.818181818181818,0.818181818181818
0,Family,Father,55,0_1_0,0.716666666666667,0.781818181818182,0.86,0.881188118811881,0.641791044776119,0.484848484848485,0.653061224489796,1,0.484848484848485,0.484848484848485
0,Family,Father,55,1_0_0,1,0.481927710843373,0.317460317460317,0.361386138613861,0.317460317460317,1,1,1,1,1
0,Family,Father,55,1_1_1,0.183333333333333,0.162962962962963,0.146666666666667,0.440594059405941,0.0887096774193548,0.303030303030303,0.465116279069767,1,0.303030303030303,0.303030303030303
0,Family,Father,60,0_0_0,0.0166666666666667,0.0327868852459016,1,0.707920792079208,0.0166666666666667,0,0,0,0,0
0,Family,Father,60,0_0_1,0.833333333333333,0.78125,0.735294117647059,0.861386138613861,0.641025641025641,0.722222222222222,0.838709677419355,1,0.722222222222222,0.722222222222222
0,Family,Father,60,0_1_0,0.7,0.777777777777778,0.875,0.881188118811881,0.636363636363636,0.5,0.666666666666667,1,0.5,0.5
0,Family,Father,60,1_0_0,1,0.476190476190476,0.3125,0.346534653465346,0.3125,1,1,1,1,1
0,Family,Father,60,1_1_1,0.2,0.170212765957447,0.148148148148148,0.420792079207921,0.0930232558139535,0.305555555555556,0.468085106382979,1,0.305555555555556,0.305555555555556
0,Family,Father,65,0_0_0,0.0166666666666667,0.0327868852459016,1,0.707920792079208,0.0166666666666667,0,0,0,0,0
0,Family,Father,65,0_0_1,0.683333333333333,0.661290322580645,0.640625,0.792079207920792,0.493975903614458,0.512820512820513,0.677966101694915,1,0.512820512820513,0.512820512820513
0,Family,Father,65,0_1_0,0.533333333333333,0.542372881355932,0.551724137931034,0.732673267326733,0.372093023255814,0.282051282051282,0.44,1,0.282051282051282,0.282051282051282
0,Family,Father,65,1_0_0,1,0.48582995951417,0.320855614973262,0.371287128712871,0.320855614973262,1,1,1,1,1
0,Family,Father,65,1_1_1,0.35,0.35,0.35,0.613861386138614,0.212121212121212,0.179487179487179,0.304347826086957,1,0.179487179487179,0.179487179487179
0,Family,Father,70,0_0_0,0.0333333333333333,0.0645161290322581,1,0.712871287128713,0.0333333333333333,0,0,0,0,0
0,Family,Father,70,0_0_1,0.65,0.715596330275229,0.795918367346939,0.846534653465347,0.557142857142857,0.5,0.666666666666667,1,0.5,0.5
0,Family,Father,70,0_1_0,0.533333333333333,0.598130841121495,0.680851063829787,0.787128712871287,0.426666666666667,0.333333333333333,0.5,1,0.333333333333333,0.333333333333333
0,Family,Father,70,1_0_0,0.966666666666667,0.5,0.337209302325581,0.425742574257426,0.333333333333333,0.952380952380952,0.975609756097561,1,0.952380952380952,0.952380952380952
0,Family,Father,70,1_1_1,0.583333333333333,0.429447852760736,0.339805825242718,0.53960396039604,0.2734375,0.452380952380952,0.622950819672131,1,0.452380952380952,0.452380952380952
0,Family,Father,75,0_0_0,0.0333333333333333,0.0645161290322581,1,0.712871287128713,0.0333333333333333,0,0,0,0,0
0,Family,Father,75,0_0_1,0.5,0.606060606060606,0.769230769230769,0.806930693069307,0.434782608695652,0.333333333333333,0.5,1,0.333333333333333,0.333333333333333
0,Family,Father,75,0_1_0,0.366666666666667,0.5,0.785714285714286,0.782178217821782,0.333333333333333,0.155555555555556,0.269230769230769,1,0.155555555555556,0.155555555555556
0,Family,Father,75,1_0_0,0.866666666666667,0.525252525252525,0.376811594202899,0.534653465346535,0.356164383561644,0.822222222222222,0.902439024390244,1,0.822222222222222,0.822222222222222
0,Family,Father,75,1_1_1,0.433333333333333,0.325,0.26,0.465346534653465,0.194029850746269,0.244444444444444,0.392857142857143,1,0.244444444444444,0.244444444444444
0,Family,Father,80,0_0_0,0,0,0,0.702970297029703,0,0,0,0,0,0
0,Family,Father,80,0_0_1,0.266666666666667,0.421052631578947,1,0.782178217821782,0.266666666666667,0.0833333333333333,0.153846153846154,1,0.0833333333333333,0.0833333333333333
0,Family,Father,80,0_1_0,0.283333333333333,0.430379746835443,0.894736842105263,0.777227722772277,0.274193548387097,0.104166666666667,0.188679245283019,1,0.104166666666667,0.104166666666667
0,Family,Father,80,1_0_0,0.816666666666667,0.675862068965517,0.576470588235294,0.767326732673267,0.510416666666667,0.770833333333333,0.870588235294118,1,0.770833333333333,0.770833333333333
0,Family,Father,80,1_1_1,0.683333333333333,0.445652173913043,0.330645161290323,0.495049504950495,0.286713286713287,0.625,0.769230769230769,1,0.625,0.625
0,Family,Parent,0,0_0_0,0,0,0,0.405940594059406,0,,,,,
0,Family,Parent,0,0_0_1,0,0,0,0.405940594059406,0,,,,,
0,Family,Parent,0,0_1_0,0,0,0,0.405940594059406,0,,,,,
0,Family,Parent,0,1_0_0,0.308333333333333,0.349056603773585,0.402173913043478,0.316831683168317,0.211428571428571,,,,,
0,Family,Parent,0,1_1_1,0.516666666666667,0.532188841201717,0.548672566371681,0.46039603960396,0.362573099415205,,,,,
0,Family,Parent,5,0_0_0,0,0,0,0.405940594059406,0,,,,,
0,Family,Parent,5,0_0_1,0,0,0,0.405940594059406,0,,,,,
0,Family,Parent,5,0_1_0,0,0,0,0.405940594059406,0,,,,,
0,Family,Parent,5,1_0_0,0.308333333333333,0.349056603773585,0.402173913043478,0.316831683168317,0.211428571428571,,,,,
0,Family,Parent,5,1_1_1,0.516666666666667,0.532188841201717,0.548672566371681,0.46039603960396,0.362573099415205,,,,,
0,Family,Parent,10,0_0_0,0,0,0,0.405940594059406,0,,,,,
0,Family,Parent,10,0_0_1,0,0,0,0.405940594059406,0,,,,,
0,Family,Parent,10,0_1_0,0,0,0,0.405940594059406,0,,,,,
0,Family,Parent,10,1_0_0,0.308333333333333,0.349056603773585,0.402173913043478,0.316831683168317,0.211428571428571,,,,,
0,Family,Parent,10,1_1_1,0.516666666666667,0.532188841201717,0.548672566371681,0.46039603960396,0.362573099415205,,,,,
0,Family,Parent,15,0_0_0,0,0,0,0.405940594059406,0,,,,,
0,Family,Parent,15,0_0_1,0,0,0,0.405940594059406,0,,,,,
0,Family,Parent,15,0_1_0,0,0,0,0.405940594059406,0,,,,,
0,Family,Parent,15,1_0_0,0.308333333333333,0.349056603773585,0.402173913043478,0.316831683168317,0.211428571428571,,,,,
0,Family,Parent,15,1_1_1,0.516666666666667,0.532188841201717,0.548672566371681,0.46039603960396,0.362573099415205,,,,,
0,Family,Parent,20,0_0_0,0,0,0,0.405940594059406,0,,,,,
0,Family,Parent,20,0_0_1,0,0,0,0.405940594059406,0,,,,,
0,Family,Parent,20,0_1_0,0,0,0,0.405940594059406,0,,,,,
0,Family,Parent,20,1_0_0,0.308333333333333,0.349056603773585,0.402173913043478,0.316831683168317,0.211428571428571,,,,,
0,Family,Parent,20,1_1_1,0.516666666666667,0.532188841201717,0.548672566371681,0.46039603960396,0.362573099415205,,,,,
0,Family,Parent,25,0_0_0,0,0,0,0.405940594059406,0,,,,,
0,Family,Parent,25,0_0_1,0,0,0,0.405940594059406,0,,,,,
0,Family,Parent,25,0_1_0,0,0,0,0.405940594059406,0,,,,,
0,Family,Parent,25,1_0_0,0.308333333333333,0.349056603773585,0.402173913043478,0.316831683168317,0.211428571428571,,,,,
0,Family,Parent,25,1_1_1,0.516666666666667,0.532188841201717,0.548672566371681,0.46039603960396,0.362573099415205,,,,,
0,Family,Parent,30,0_0_0,0,0,0,0.405940594059406,0,,,,,
0,Family,Parent,30,0_0_1,0,0,0,0.405940594059406,0,,,,,
0,Family,Parent,30,0_1_0,0,0,0,0.405940594059406,0,,,,,
0,Family,Parent,30,1_0_0,0.308333333333333,0.349056603773585,0.402173913043478,0.316831683168317,0.211428571428571,,,,,
0,Family,Parent,30,1_1_1,0.516666666666667,0.532188841201717,0.548672566371681,0.46039603960396,0.362573099415205,,,,,
0,Family,Parent,35,0_0_0,0,0,0,0.405940594059406,0,,,,,
0,Family,Parent,35,0_0_1,0,0,0,0.405940594059406,0,,,,,
0,Family,Parent,35,0_1_0,0,0,0,0.405940594059406,0,,,,,
0,Family,Parent,35,1_0_0,0.308333333333333,0.349056603773585,0.402173913043478,0.316831683168317,0.211428571428571,,,,,
0,Family,Parent,35,1_1_1,0.516666666666667,0.532188841201717,0.548672566371681,0.46039603960396,0.362573099415205,,,,,
0,Family,Parent,40,0_0_0,0,0,0,0.405940594059406,0,,,,,
0,Family,Parent,40,0_0_1,0,0,0,0.405940594059406,0,,,,,
0,Family,Parent,40,0_1_0,0,0,0,0.405940594059406,0,,,,,
0,Family,Parent,40,1_0_0,0.308333333333333,0.349056603773585,0.402173913043478,0.316831683168317,0.211428571428571,,,,,
0,Family,Parent,40,1_1_1,0.516666666666667,0.532188841201717,0.548672566371681,0.46039603960396,0.362573099415205,,,,,
0,Family,Parent,45,0_0_0,0,0,0,0.405940594059406,0,,,,,
0,Family,Parent,45,0_0_1,0,0,0,0.405940594059406,0,,,,,
0,Family,Parent,45,0_1_0,0,0,0,0.405940594059406,0,,,,,
0,Family,Parent,45,1_0_0,0.308333333333333,0.349056603773585,0.402173913043478,0.316831683168317,0.211428571428571,,,,,
0,Family,Parent,45,1_1_1,0.516666666666667,0.532188841201717,0.548672566371681,0.46039603960396,0.362573099415205,,,,,
0,Family,Parent,50,0_0_0,0,0,0,0.405940594059406,0,,,,,
0,Family,Parent,50,0_0_1,0,0,0,0.405940594059406,0,,,,,
0,Family,Parent,50,0_1_0,0,0,0,0.405940594059406,0,,,,,
0,Family,Parent,50,1_0_0,0.308333333333333,0.349056603773585,0.402173913043478,0.316831683168317,0.211428571428571,,,,,
0,Family,Parent,50,1_1_1,0.516666666666667,0.532188841201717,0.548672566371681,0.46039603960396,0.362573099415205,,,,,
0,Family,Parent,55,0_0_0,0,0,0,0.405940594059406,0,,,,,
0,Family,Parent,55,0_0_1,0,0,0,0.405940594059406,0,,,,,
0,Family,Parent,55,0_1_0,0,0,0,0.405940594059406,0,,,,,
0,Family,Parent,55,1_0_0,0.308333333333333,0.349056603773585,0.402173913043478,0.316831683168317,0.211428571428571,,,,,
0,Family,Parent,55,1_1_1,0.516666666666667,0.532188841201717,0.548672566371681,0.46039603960396,0.362573099415205,,,,,
0,Family,Parent,60,0_0_0,0,0,0,0.405940594059406,0,,,,,
0,Family,Parent,60,0_0_1,0,0,0,0.405940594059406,0,,,,,
0,Family,Parent,60,0_1_0,0,0,0,0.405940594059406,0,,,,,
0,Family,Parent,60,1_0_0,0.308333333333333,0.349056603773585,0.402173913043478,0.316831683168317,0.211428571428571,,,,,
0,Family,Parent,60,1_1_1,0.516666666666667,0.532188841201717,0.548672566371681,0.46039603960396,0.362573099415205,,,,,
0,Family,Parent,65,0_0_0,0,0,0,0.405940594059406,0,,,,,
0,Family,Parent,65,0_0_1,0,0,0,0.405940594059406,0,,,,,
0,Family,Parent,65,0_1_0,0,0,0,0.405940594059406,0,,,,,
0,Family,Parent,65,1_0_0,0.308333333333333,0.349056603773585,0.402173913043478,0.316831683168317,0.211428571428571,,,,,
0,Family,Parent,65,1_1_1,0.516666666666667,0.532188841201717,0.548672566371681,0.46039603960396,0.362573099415205,,,,,
0,Family,Parent,70,0_0_0,0,0,0,0.405940594059406,0,,,,,
0,Family,Parent,70,0_0_1,0,0,0,0.405940594059406,0,,,,,
0,Family,Parent,70,0_1_0,0,0,0,0.405940594059406,0,,,,,
0,Family,Parent,70,1_0_0,0.308333333333333,0.349056603773585,0.402173913043478,0.316831683168317,0.211428571428571,,,,,
0,Family,Parent,70,1_1_1,0.516666666666667,0.532188841201717,0.548672566371681,0.46039603960396,0.362573099415205,,,,,
0,Family,Parent,75,0_0_0,0,0,0,0.405940594059406,0,,,,,
0,Family,Parent,75,0_0_1,0,0,0,0.405940594059406,0,,,,,
0,Family,Parent,75,0_1_0,0,0,0,0.405940594059406,0,,,,,
0,Family,Parent,75,1_0_0,0.308333333333333,0.349056603773585,0.402173913043478,0.316831683168317,0.211428571428571,,,,,
0,Family,Parent,75,1_1_1,0.516666666666667,0.532188841201717,0.548672566371681,0.46039603960396,0.362573099415205,,,,,
0,Family,Parent,80,0_0_0,0,0,0,0.405940594059406,0,,,,,
0,Family,Parent,80,0_0_1,0,0,0,0.405940594059406,0,,,,,
0,Family,Parent,80,0_1_0,0,0,0,0.405940594059406,0,,,,,
0,Family,Parent,80,1_0_0,0.308333333333333,0.349056603773585,0.402173913043478,0.316831683168317,0.211428571428571,,,,,
0,Family,Parent,80,1_1_1,0.516666666666667,0.532188841201717,0.548672566371681,0.46039603960396,0.362573099415205,,,,,
0,Family,Grandchild,0,0_0_0,0,0,0,0.603960396039604,0,,,,,
0,Family,Grandchild,0,0_0_1,0,0,0,0.603960396039604,0,,,,,
0,Family,Grandchild,0,0_1_0,0,0,0,0.603960396039604,0,,,,,
0,Family,Grandchild,0,1_0_0,0.85,0.653846153846154,0.53125,0.643564356435644,0.485714285714286,,,,,
0,Family,Grandchild,0,1_1_1,0.5,0.425531914893617,0.37037037037037,0.465346534653465,0.27027027027027,,,,,
0,Family,Grandchild,5,0_0_0,0,0,0,0.603960396039604,0,,,,,
0,Family,Grandchild,5,0_0_1,0,0,0,0.603960396039604,0,,,,,
0,Family,Grandchild,5,0_1_0,0,0,0,0.603960396039604,0,,,,,
0,Family,Grandchild,5,1_0_0,0.85,0.653846153846154,0.53125,0.643564356435644,0.485714285714286,,,,,
0,Family,Grandchild,5,1_1_1,0.5,0.425531914893617,0.37037037037037,0.465346534653465,0.27027027027027,,,,,
0,Family,Grandchild,10,0_0_0,0,0,0,0.603960396039604,0,,,,,
0,Family,Grandchild,10,0_0_1,0,0,0,0.603960396039604,0,,,,,
0,Family,Grandchild,10,0_1_0,0,0,0,0.603960396039604,0,,,,,
0,Family,Grandchild,10,1_0_0,0.85,0.653846153846154,0.53125,0.643564356435644,0.485714285714286,,,,,
0,Family,Grandchild,10,1_1_1,0.5,0.425531914893617,0.37037037037037,0.465346534653465,0.27027027027027,,,,,
0,Family,Grandchild,15,0_0_0,0,0,0,0.603960396039604,0,,,,,
0,Family,Grandchild,15,0_0_1,0,0,0,0.603960396039604,0,,,,,
0,Family,Grandchild,15,0_1_0,0,0,0,0.603960396039604,0,,,,,
0,Family,Grandchild,15,1_0_0,0.85,0.653846153846154,0.53125,0.643564356435644,0.485714285714286,,,,,
0,Family,Grandchild,15,1_1_1,0.5,0.425531914893617,0.37037037037037,0.465346534653465,0.27027027027027,,,,,
0,Family,Grandchild,20,0_0_0,0,0,0,0.603960396039604,0,,,,,
0,Family,Grandchild,20,0_0_1,0,0,0,0.603960396039604,0,,,,,
0,Family,Grandchild,20,0_1_0,0,0,0,0.603960396039604,0,,,,,
0,Family,Grandchild,20,1_0_0,0.85,0.653846153846154,0.53125,0.643564356435644,0.485714285714286,,,,,
0,Family,Grandchild,20,1_1_1,0.5,0.425531914893617,0.37037037037037,0.465346534653465,0.27027027027027,,,,,
0,Family,Grandchild,25,0_0_0,0,0,0,0.603960396039604,0,,,,,
0,Family,Grandchild,25,0_0_1,0,0,0,0.603960396039604,0,,,,,
0,Family,Grandchild,25,0_1_0,0,0,0,0.603960396039604,0,,,,,
0,Family,Grandchild,25,1_0_0,0.85,0.653846153846154,0.53125,0.643564356435644,0.485714285714286,,,,,
0,Family,Grandchild,25,1_1_1,0.5,0.425531914893617,0.37037037037037,0.465346534653465,0.27027027027027,,,,,
0,Family,Grandchild,30,0_0_0,0,0,0,0.603960396039604,0,,,,,
0,Family,Grandchild,30,0_0_1,0,0,0,0.603960396039604,0,,,,,
0,Family,Grandchild,30,0_1_0,0,0,0,0.603960396039604,0,,,,,
0,Family,Grandchild,30,1_0_0,0.85,0.653846153846154,0.53125,0.643564356435644,0.485714285714286,,,,,
0,Family,Grandchild,30,1_1_1,0.5,0.425531914893617,0.37037037037037,0.465346534653465,0.27027027027027,,,,,
0,Family,Grandchild,35,0_0_0,0,0,0,0.603960396039604,0,,,,,
0,Family,Grandchild,35,0_0_1,0,0,0,0.603960396039604,0,,,,,
0,Family,Grandchild,35,0_1_0,0,0,0,0.603960396039604,0,,,,,
0,Family,Grandchild,35,1_0_0,0.85,0.653846153846154,0.53125,0.643564356435644,0.485714285714286,,,,,
0,Family,Grandchild,35,1_1_1,0.5,0.425531914893617,0.37037037037037,0.465346534653465,0.27027027027027,,,,,
0,Family,Grandchild,40,0_0_0,0,0,0,0.603960396039604,0,,,,,
0,Family,Grandchild,40,0_0_1,0,0,0,0.603960396039604,0,,,,,
0,Family,Grandchild,40,0_1_0,0,0,0,0.603960396039604,0,,,,,
0,Family,Grandchild,40,1_0_0,0.85,0.653846153846154,0.53125,0.643564356435644,0.485714285714286,,,,,
0,Family,Grandchild,40,1_1_1,0.5,0.425531914893617,0.37037037037037,0.465346534653465,0.27027027027027,,,,,
0,Family,Grandchild,45,0_0_0,0,0,0,0.603960396039604,0,,,,,
0,Family,Grandchild,45,0_0_1,0,0,0,0.603960396039604,0,,,,,
0,Family,Grandchild,45,0_1_0,0,0,0,0.603960396039604,0,,,,,
0,Family,Grandchild,45,1_0_0,0.85,0.653846153846154,0.53125,0.643564356435644,0.485714285714286,,,,,
0,Family,Grandchild,45,1_1_1,0.5,0.425531914893617,0.37037037037037,0.465346534653465,0.27027027027027,,,,,
0,Family,Grandchild,50,0_0_0,0,0,0,0.603960396039604,0,,,,,
0,Family,Grandchild,50,0_0_1,0,0,0,0.603960396039604,0,,,,,
0,Family,Grandchild,50,0_1_0,0,0,0,0.603960396039604,0,,,,,
0,Family,Grandchild,50,1_0_0,0.85,0.653846153846154,0.53125,0.643564356435644,0.485714285714286,,,,,
0,Family,Grandchild,50,1_1_1,0.5,0.425531914893617,0.37037037037037,0.465346534653465,0.27027027027027,,,,,
0,Family,Grandchild,55,0_0_0,0,0,0,0.603960396039604,0,,,,,
0,Family,Grandchild,55,0_0_1,0,0,0,0.603960396039604,0,,,,,
0,Family,Grandchild,55,0_1_0,0,0,0,0.603960396039604,0,,,,,
0,Family,Grandchild,55,1_0_0,0.85,0.653846153846154,0.53125,0.643564356435644,0.485714285714286,,,,,
0,Family,Grandchild,55,1_1_1,0.5,0.425531914893617,0.37037037037037,0.465346534653465,0.27027027027027,,,,,
0,Family,Grandchild,60,0_0_0,0,0,0,0.603960396039604,0,,,,,
0,Family,Grandchild,60,0_0_1,0,0,0,0.603960396039604,0,,,,,
0,Family,Grandchild,60,0_1_0,0,0,0,0.603960396039604,0,,,,,
0,Family,Grandchild,60,1_0_0,0.85,0.653846153846154,0.53125,0.643564356435644,0.485714285714286,,,,,
0,Family,Grandchild,60,1_1_1,0.5,0.425531914893617,0.37037037037037,0.465346534653465,0.27027027027027,,,,,
0,Family,Grandchild,65,0_0_0,0,0,0,0.603960396039604,0,,,,,
0,Family,Grandchild,65,0_0_1,0,0,0,0.603960396039604,0,,,,,
0,Family,Grandchild,65,0_1_0,0,0,0,0.603960396039604,0,,,,,
0,Family,Grandchild,65,1_0_0,0.85,0.653846153846154,0.53125,0.643564356435644,0.485714285714286,,,,,
0,Family,Grandchild,65,1_1_1,0.5,0.425531914893617,0.37037037037037,0.465346534653465,0.27027027027027,,,,,
0,Family,Grandchild,70,0_0_0,0,0,0,0.603960396039604,0,,,,,
0,Family,Grandchild,70,0_0_1,0,0,0,0.603960396039604,0,,,,,
0,Family,Grandchild,70,0_1_0,0,0,0,0.603960396039604,0,,,,,
0,Family,Grandchild,70,1_0_0,0.85,0.653846153846154,0.53125,0.643564356435644,0.485714285714286,,,,,
0,Family,Grandchild,70,1_1_1,0.5,0.425531914893617,0.37037037037037,0.465346534653465,0.27027027027027,,,,,
0,Family,Grandchild,75,0_0_0,0,0,0,0.603960396039604,0,,,,,
0,Family,Grandchild,75,0_0_1,0,0,0,0.603960396039604,0,,,,,
0,Family,Grandchild,75,0_1_0,0,0,0,0.603960396039604,0,,,,,
0,Family,Grandchild,75,1_0_0,0.85,0.653846153846154,0.53125,0.643564356435644,0.485714285714286,,,,,
0,Family,Grandchild,75,1_1_1,0.5,0.425531914893617,0.37037037037037,0.465346534653465,0.27027027027027,,,,,
0,Family,Grandchild,80,0_0_0,0,0,0,0.603960396039604,0,,,,,
0,Family,Grandchild,80,0_0_1,0,0,0,0.603960396039604,0,,,,,
0,Family,Grandchild,80,0_1_0,0,0,0,0.603960396039604,0,,,,,
0,Family,Grandchild,80,1_0_0,0.85,0.653846153846154,0.53125,0.643564356435644,0.485714285714286,,,,,
0,Family,Grandchild,80,1_1_1,0.5,0.425531914893617,0.37037037037037,0.465346534653465,0.27027027027027,,,,,
0,Family,Granddaughter,0,0_0_0,0.540540540540541,0.701754385964912,1,0.915841584158416,0.540540540540541,,,,,
0,Family,Granddaughter,0,0_0_1,1,0.925,0.86046511627907,0.97029702970297,0.86046511627907,,,,,
0,Family,Granddaughter,0,0_1_0,1,0.91358024691358,0.840909090909091,0.965346534653465,0.840909090909091,,,,,
0,Family,Granddaughter,0,1_0_0,1,0.425287356321839,0.27007299270073,0.504950495049505,0.27007299270073,,,,,
0,Family,Granddaughter,0,1_1_1,0,0,0,0.435643564356436,0,,,,,
0,Family,Granddaughter,5,0_0_0,0.540540540540541,0.701754385964912,1,0.915841584158416,0.540540540540541,0,0,0,0,0
0,Family,Granddaughter,5,0_0_1,0.972972972972973,0.911392405063291,0.857142857142857,0.965346534653465,0.837209302325581,0,0,0,0,0
0,Family,Granddaughter,5,0_1_0,1,0.948717948717949,0.902439024390244,0.98019801980198,0.902439024390244,1,1,1,1,1
0,Family,Granddaughter,5,1_0_0,1,0.459627329192547,0.298387096774194,0.569306930693069,0.298387096774194,1,1,1,1,1
0,Family,Granddaughter,5,1_1_1,0.027027027027027,0.018018018018018,0.0135135135135135,0.46039603960396,0.00909090909090909,1,1,1,1,1
0,Family,Granddaughter,10,0_0_0,0.513513513513513,0.678571428571429,1,0.910891089108911,0.513513513513513,0,0,0,0,0
0,Family,Granddaughter,10,0_0_1,0.918918918918919,0.871794871794872,0.829268292682927,0.95049504950495,0.772727272727273,0,0,0,0,0
0,Family,Granddaughter,10,0_1_0,0.945945945945946,0.921052631578947,0.897435897435897,0.97029702970297,0.853658536585366,0.333333333333333,0.5,1,0.333333333333333,0.333333333333333
0,Family,Granddaughter,10,1_0_0,1,0.45398773006135,0.293650793650794,0.559405940594059,0.293650793650794,1,1,1,1,1
0,Family,Granddaughter,10,1_1_1,0.0810810810810811,0.0530973451327434,0.0394736842105263,0.47029702970297,0.0272727272727273,1,1,1,1,1
0,Family,Granddaughter,15,0_0_0,0.405405405405405,0.576923076923077,1,0.891089108910891,0.405405405405405,0,0,0,0,0
0,Family,Granddaughter,15,0_0_1,0.891891891891892,0.868421052631579,0.846153846153846,0.95049504950495,0.767441860465116,0.2,0.333333333333333,1,0.2,0.2
0,Family,Granddaughter,15,0_1_0,0.918918918918919,0.918918918918919,0.918918918918919,0.97029702970297,0.85,0.4,0.571428571428571,1,0.4,0.4
0,Family,Granddaughter,15,1_0_0,1,0.459627329192547,0.298387096774194,0.569306930693069,0.298387096774194,1,1,1,1,1
0,Family,Granddaughter,15,1_1_1,0.108108108108108,0.0695652173913043,0.0512820512820513,0.47029702970297,0.036036036036036,0.8,0.888888888888889,1,0.8,0.8
0,Family,Granddaughter,20,0_0_0,0.405405405405405,0.576923076923077,1,0.891089108910891,0.405405405405405,0,0,0,0,0
0,Family,Granddaughter,20,0_0_1,0.864864864864865,0.876712328767123,0.888888888888889,0.955445544554455,0.780487804878049,0.285714285714286,0.444444444444444,1,0.285714285714286,0.285714285714286
0,Family,Granddaughter,20,0_1_0,0.891891891891892,0.88,0.868421052631579,0.955445544554455,0.785714285714286,0.428571428571429,0.6,1,0.428571428571429,0.428571428571429
0,Family,Granddaughter,20,1_0_0,1,0.486842105263158,0.321739130434783,0.613861386138614,0.321739130434783,1,1,1,1,1
0,Family,Granddaughter,20,1_1_1,0.135135135135135,0.087719298245614,0.0649350649350649,0.485148514851485,0.0458715596330275,0.714285714285714,0.833333333333333,1,0.714285714285714,0.714285714285714
0,Family,Granddaughter,25,0_0_0,0.378378378378378,0.549019607843137,1,0.886138613861386,0.378378378378378,0,0,0,0,0
0,Family,Granddaughter,25,0_0_1,0.810810810810811,0.845070422535211,0.882352941176471,0.945544554455445,0.731707317073171,0.222222222222222,0.363636363636364,1,0.222222222222222,0.222222222222222
0,Family,Granddaughter,25,0_1_0,0.837837837837838,0.861111111111111,0.885714285714286,0.95049504950495,0.75609756097561,0.333333333333333,0.5,1,0.333333333333333,0.333333333333333
0,Family,Granddaughter,25,1_0_0,1,0.54014598540146,0.37,0.688118811881188,0.37,1,1,1,1,1
0,Family,Granddaughter,25,1_1_1,0.216216216216216,0.131147540983607,0.0941176470588235,0.475247524752475,0.0701754385964912,0.666666666666667,0.8,1,0.666666666666667,0.666666666666667
0,Family,Granddaughter,30,0_0_0,0.351351351351351,0.52,1,0.881188118811881,0.351351351351351,0,0,0,0,0
0,Family,Granddaughter,30,0_0_1,0.72972972972973,0.771428571428571,0.818181818181818,0.920792079207921,0.627906976744186,0.0909090909090909,0.166666666666667,1,0.0909090909090909,0.0909090909090909
0,Family,Granddaughter,30,0_1_0,0.810810810810811,0.857142857142857,0.909090909090909,0.95049504950495,0.75,0.363636363636364,0.533333333333333,1,0.363636363636364,0.363636363636364
0,Family,Granddaughter,30,1_0_0,1,0.536231884057971,0.366336633663366,0.683168316831683,0.366336633663366,1,1,1,1,1
0,Family,Granddaughter,30,1_1_1,0.189189189189189,0.113821138211382,0.0813953488372093,0.46039603960396,0.0603448275862069,0.545454545454545,0.705882352941176,1,0.545454545454545,0.545454545454545
0,Family,Granddaughter,35,0_0_0,0.351351351351351,0.52,1,0.881188118811881,0.351351351351351,0,0,0,0,0
0,Family,Granddaughter,35,0_0_1,0.702702702702703,0.764705882352941,0.838709677419355,0.920792079207921,0.619047619047619,0.0833333333333333,0.153846153846154,1,0.0833333333333333,0.0833333333333333
0,Family,Granddaughter,35,0_1_0,0.702702702702703,0.8,0.928571428571429,0.935643564356436,0.666666666666667,0.0833333333333333,0.153846153846154,1,0.0833333333333333,0.0833333333333333
0,Family,Granddaughter,35,1_0_0,1,0.552238805970149,0.381443298969072,0.702970297029703,0.381443298969072,1,1,1,1,1
0,Family,Granddaughter,35,1_1_1,0.189189189189189,0.117647058823529,0.0853658536585366,0.48019801980198,0.0625,0.5,0.666666666666667,1,0.5,0.5
0,Family,Granddaughter,40,0_0_0,0.27027027027027,0.425531914893617,1,0.866336633663366,0.27027027027027,0,0,0,0,0
0,Family,Granddaughter,40,0_0_1,0.675675675675676,0.757575757575758,0.862068965517241,0.920792079207921,0.609756097560976,0.142857142857143,0.25,1,0.142857142857143,0.142857142857143
0,Family,Granddaughter,40,0_1_0,0.675675675675676,0.78125,0.925925925925926,0.930693069306931,0.641025641025641,0.142857142857143,0.25,1,0.142857142857143,0.142857142857143
0,Family,Granddaughter,40,1_0_0,1,0.556390977443609,0.385416666666667,0.707920792079208,0.385416666666667,1,1,1,1,1
0,Family,Granddaughter,40,1_1_1,0.189189189189189,0.116666666666667,0.0843373493975904,0.475247524752475,0.0619469026548673,0.428571428571429,0.6,1,0.428571428571429,0.428571428571429
0,Family,Granddaughter,45,0_0_0,0.162162162162162,0.27906976744186,1,0.846534653465347,0.162162162162162,0,0,0,0,0
0,Family,Granddaughter,45,0_0_1,0.648648648648649,0.738461538461539,0.857142857142857,0.915841584158416,0.585365853658537,0.1875,0.31578947368421,1,0.1875,0.1875
0,Family,Granddaughter,45,0_1_0,0.594594594594595,0.721311475409836,0.916666666666667,0.915841584158416,0.564102564102564,0.0625,0.117647058823529,1,0.0625,0.0625
0,Family,Granddaughter,45,1_0_0,1,0.536231884057971,0.366336633663366,0.683168316831683,0.366336633663366,1,1,1,1,1
0,Family,Granddaughter,45,1_1_1,0.189189189189189,0.11965811965812,0.0875,0.49009900990099,0.0636363636363636,0.375,0.545454545454545,1,0.375,0.375
0,Family,Granddaughter,50,0_0_0,0.216216216216216,0.355555555555556,1,0.856435643564356,0.216216216216216,0,0,0,0,0
0,Family,Granddaughter,50,0_0_1,0.567567567567568,0.67741935483871,0.84,0.900990099009901,0.51219512195122,0.111111111111111,0.2,1,0.111111111111111,0.111111111111111
0,Family,Granddaughter,50,0_1_0,0.621621621621622,0.71875,0.851851851851852,0.910891089108911,0.560975609756098,0.222222222222222,0.363636363636364,1,0.222222222222222,0.222222222222222
0,Family,Granddaughter,50,1_0_0,1,0.536231884057971,0.366336633663366,0.683168316831683,0.366336633663366,1,1,1,1,1
0,Family,Granddaughter,50,1_1_1,0.243243243243243,0.155172413793103,0.113924050632911,0.514851485148515,0.0841121495327103,0.444444444444444,0.615384615384615,1,0.444444444444444,0.444444444444444
0,Family,Granddaughter,55,0_0_0,0.189189189189189,0.318181818181818,1,0.851485148514851,0.189189189189189,0,0,0,0,0
0,Family,Granddaughter,55,0_0_1,0.486486486486487,0.610169491525424,0.818181818181818,0.886138613861386,0.439024390243902,0.05,0.0952380952380952,1,0.05,0.05
0,Family,Granddaughter,55,0_1_0,0.567567567567568,0.7,0.91304347826087,0.910891089108911,0.538461538461538,0.2,0.333333333333333,1,0.2,0.2
0,Family,Granddaughter,55,1_0_0,1,0.552238805970149,0.381443298969072,0.702970297029703,0.381443298969072,1,1,1,1,1
0,Family,Granddaughter,55,1_1_1,0.27027027027027,0.173913043478261,0.128205128205128,0.52970297029703,0.0952380952380952,0.45,0.620689655172414,1,0.45,0.45
0,Family,Granddaughter,60,0_0_0,0,0,0,0.816831683168317,0,0,0,0,0,0
0,Family,Granddaughter,60,0_0_1,0.567567567567568,0.688524590163934,0.875,0.905940594059406,0.525,0.272727272727273,0.428571428571429,1,0.272727272727273,0.272727272727273
0,Family,Granddaughter,60,0_1_0,0.486486486486487,0.610169491525424,0.818181818181818,0.886138613861386,0.439024390243902,0.136363636363636,0.24,1,0.136363636363636,0.136363636363636
0,Family,Granddaughter,60,1_0_0,1,0.556390977443609,0.385416666666667,0.707920792079208,0.385416666666667,1,1,1,1,1
0,Family,Granddaughter,60,1_1_1,0.0540540540540541,0.0434782608695652,0.0363636363636364,0.564356435643564,0.0222222222222222,0.0909090909090909,0.166666666666667,1,0.0909090909090909,0.0909090909090909
0,Family,Granddaughter,65,0_0_0,0,0,0,0.816831683168317,0,0,0,0,0,0
0,Family,Granddaughter,65,0_0_1,0.45945945945946,0.586206896551724,0.80952380952381,0.881188118811881,0.414634146341463,0.166666666666667,0.285714285714286,1,0.166666666666667,0.166666666666667
0,Family,Granddaughter,65,0_1_0,0.405405405405405,0.535714285714286,0.789473684210526,0.871287128712871,0.365853658536585,0.0833333333333333,0.153846153846154,1,0.0833333333333333,0.0833333333333333
0,Family,Granddaughter,65,1_0_0,1,0.573643410852713,0.402173913043478,0.727722772277228,0.402173913043478,1,1,1,1,1
0,Family,Granddaughter,65,1_1_1,0.0810810810810811,0.0714285714285714,0.0638297872340425,0.613861386138614,0.037037037037037,0.0833333333333333,0.153846153846154,1,0.0833333333333333,0.0833333333333333
0,Family,Granddaughter,70,0_0_0,0,0,0,0.816831683168317,0,0,0,0,0,0
0,Family,Granddaughter,70,0_0_1,0.432432432432432,0.56140350877193,0.8,0.876237623762376,0.390243902439024,0.16,0.275862068965517,1,0.16,0.16
0,Family,Granddaughter,70,0_1_0,0.405405405405405,0.535714285714286,0.789473684210526,0.871287128712871,0.365853658536585,0.12,0.214285714285714,1,0.12,0.12
0,Family,Granddaughter,70,1_0_0,1,0.573643410852713,0.402173913043478,0.727722772277228,0.402173913043478,1,1,1,1,1
0,Family,Granddaughter,70,1_1_1,0.108108108108108,0.0952380952380952,0.0851063829787234,0.623762376237624,0.05,0.16,0.275862068965517,1,0.16,0.16
0,Family,Granddaughter,75,0_0_0,0.0540540540540541,0.102564102564103,1,0.826732673267327,0.0540540540540541,0,0,0,0,0
0,Family,Granddaughter,75,0_0_1,0.405405405405405,0.545454545454545,0.833333333333333,0.876237623762376,0.375,0.185185185185185,0.3125,1,0.185185185185185,0.185185185185185
0,Family,Granddaughter,75,0_1_0,0.648648648648649,0.648648648648649,0.648648648648649,0.871287128712871,0.48,0.518518518518518,0.682926829268293,1,0.518518518518518,0.518518518518518
0,Family,Granddaughter,75,1_0_0,1,0.44047619047619,0.282442748091603,0.534653465346535,0.282442748091603,1,1,1,1,1
0,Family,Granddaughter,75,1_1_1,0,0,0,0.816831683168317,0,0,0,0,0,0
0,Family,Granddaughter,80,0_0_0,0.027027027027027,0.0526315789473684,1,0.821782178217822,0.027027027027027,0,0,0,0,0
0,Family,Granddaughter,80,0_0_1,0.324324324324324,0.48,0.923076923076923,0.871287128712871,0.31578947368421,0.137931034482759,0.242424242424242,1,0.137931034482759,0.137931034482759
0,Family,Granddaughter,80,0_1_0,0.648648648648649,0.648648648648649,0.648648648648649,0.871287128712871,0.48,0.551724137931034,0.711111111111111,1,0.551724137931034,0.551724137931034
0,Family,Granddaughter,80,1_0_0,1,0.430232558139535,0.274074074074074,0.514851485148515,0.274074074074074,1,1,1,1,1
0,Family,Granddaughter,80,1_1_1,0,0,0,0.816831683168317,0,0,0,0,0,0
0,Family,Grandfather,0,0_0_0,0.0857142857142857,0.157894736842105,1,0.841584158415841,0.0857142857142857,,,,,
0,Family,Grandfather,0,0_0_1,1,0.843373493975904,0.729166666666667,0.935643564356436,0.729166666666667,,,,,
0,Family,Grandfather,0,0_1_0,1,0.729166666666667,0.573770491803279,0.871287128712871,0.573770491803279,,,,,
0,Family,Grandfather,0,1_0_0,1,0.307017543859649,0.181347150259067,0.217821782178218,0.181347150259067,,,,,
0,Family,Grandfather,0,1_1_1,0.314285714285714,0.136645962732919,0.0873015873015873,0.311881188118812,0.0733333333333333,,,,,
0,Family,Grandfather,5,0_0_0,0.0857142857142857,0.157894736842105,1,0.841584158415841,0.0857142857142857,0,0,0,0,0
0,Family,Grandfather,5,0_0_1,1,0.823529411764706,0.7,0.925742574257426,0.7,1,1,1,1,1
0,Family,Grandfather,5,0_1_0,1,0.760869565217391,0.614035087719298,0.891089108910891,0.614035087719298,1,1,1,1,1
0,Family,Grandfather,5,1_0_0,1,0.309734513274336,0.183246073298429,0.227722772277228,0.183246073298429,1,1,1,1,1
0,Family,Grandfather,5,1_1_1,0.285714285714286,0.130718954248366,0.0847457627118644,0.341584158415842,0.0699300699300699,1,1,1,1,1
0,Family,Grandfather,10,0_0_0,0.171428571428571,0.292682926829268,1,0.856435643564356,0.171428571428571,0,0,0,0,0
0,Family,Grandfather,10,0_0_1,1,0.752688172043011,0.603448275862069,0.886138613861386,0.603448275862069,1,1,1,1,1
0,Family,Grandfather,10,0_1_0,1,0.736842105263158,0.583333333333333,0.876237623762376,0.583333333333333,1,1,1,1,1
0,Family,Grandfather,10,1_0_0,1,0.393258426966292,0.244755244755245,0.465346534653465,0.244755244755245,1,1,1,1,1
0,Family,Grandfather,10,1_1_1,0.0857142857142857,0.0526315789473684,0.0379746835443038,0.465346534653465,0.027027027027027,0.333333333333333,0.5,1,0.333333333333333,0.333333333333333
0,Family,Grandfather,15,0_0_0,0.171428571428571,0.292682926829268,1,0.856435643564356,0.171428571428571,0,0,0,0,0
0,Family,Grandfather,15,0_0_1,1,0.74468085106383,0.593220338983051,0.881188118811881,0.593220338983051,1,1,1,1,1
0,Family,Grandfather,15,0_1_0,1,0.729166666666667,0.573770491803279,0.871287128712871,0.573770491803279,1,1,1,1,1
0,Family,Grandfather,15,1_0_0,1,0.391061452513966,0.243055555555556,0.46039603960396,0.243055555555556,1,1,1,1,1
0,Family,Grandfather,15,1_1_1,0.0571428571428571,0.0347826086956522,0.025,0.45049504950495,0.0176991150442478,0.2,0.333333333333333,1,0.2,0.2
0,Family,Grandfather,20,0_0_0,0.142857142857143,0.25,1,0.851485148514851,0.142857142857143,0,0,0,0,0
0,Family,Grandfather,20,0_0_1,0.942857142857143,0.767441860465116,0.647058823529412,0.900990099009901,0.622641509433962,0.714285714285714,0.833333333333333,1,0.714285714285714,0.714285714285714
0,Family,Grandfather,20,0_1_0,1,0.666666666666667,0.5,0.826732673267327,0.5,1,1,1,1,1
0,Family,Grandfather,20,1_0_0,1,0.416666666666667,0.263157894736842,0.514851485148515,0.263157894736842,1,1,1,1,1
0,Family,Grandfather,20,1_1_1,0,0,0,0.465346534653465,0,0,0,0,0,0
0,Family,Grandfather,25,0_0_0,0.171428571428571,0.292682926829268,1,0.856435643564356,0.171428571428571,0,0,0,0,0
0,Family,Grandfather,25,0_0_1,0.942857142857143,0.767441860465116,0.647058823529412,0.900990099009901,0.622641509433962,0.75,0.857142857142857,1,0.75,0.75
0,Family,Grandfather,25,0_1_0,0.971428571428571,0.647619047619048,0.485714285714286,0.816831683168317,0.47887323943662,0.875,0.933333333333333,1,0.875,0.875
0,Family,Grandfather,25,1_0_0,1,0.414201183431953,0.261194029850746,0.50990099009901,0.261194029850746,1,1,1,1,1
0,Family,Grandfather,25,1_1_1,0,0,0,0.455445544554455,0,0,0,0,0,0
0,Family,Grandfather,30,0_0_0,0.114285714285714,0.205128205128205,1,0.846534653465347,0.114285714285714,0,0,0,0,0
0,Family,Grandfather,30,0_0_1,0.914285714285714,0.771084337349398,0.666666666666667,0.905940594059406,0.627450980392157,0.7,0.823529411764706,1,0.7,0.7
0,Family,Grandfather,30,0_1_0,0.971428571428571,0.660194174757282,0.5,0.826732673267327,0.492753623188406,0.9,0.947368421052632,1,0.9,0.9
0,Family,Grandfather,30,1_0_0,1,0.411764705882353,0.259259259259259,0.504950495049505,0.259259259259259,1,1,1,1,1
0,Family,Grandfather,30,1_1_1,0,0,0,0.440594059405941,0,0,0,0,0,0
0,Family,Grandfather,35,0_0_0,0.114285714285714,0.205128205128205,1,0.846534653465347,0.114285714285714,0,0,0,0,0
0,Family,Grandfather,35,0_0_1,0.885714285714286,0.75609756097561,0.659574468085106,0.900990099009901,0.607843137254902,0.666666666666667,0.8,1,0.666666666666667,0.666666666666667
0,Family,Grandfather,35,0_1_0,0.971428571428571,0.68,0.523076923076923,0.841584158415841,0.515151515151515,0.916666666666667,0.956521739130435,1,0.916666666666667,0.916666666666667
0,Family,Grandfather,35,1_0_0,1,0.424242424242424,0.269230769230769,0.52970297029703,0.269230769230769,1,1,1,1,1
0,Family,Grandfather,35,1_1_1,0,0,0,0.45049504950495,0,0,0,0,0,0
0,Family,Grandfather,40,0_0_0,0.142857142857143,0.25,1,0.851485148514851,0.142857142857143,0,0,0,0,0
0,Family,Grandfather,40,0_0_1,0.828571428571429,0.753246753246753,0.69047619047619,0.905940594059406,0.604166666666667,0.571428571428571,0.727272727272727,1,0.571428571428571,0.571428571428571
0,Family,Grandfather,40,0_1_0,0.971428571428571,0.701030927835051,0.548387096774194,0.856435643564356,0.53968253968254,0.928571428571429,0.962962962962963,1,0.928571428571429,0.928571428571429
0,Family,Grandfather,40,1_0_0,1,0.432098765432099,0.275590551181102,0.544554455445545,0.275590551181102,1,1,1,1,1
0,Family,Grandfather,40,1_1_1,0,0,0,0.405940594059406,0,0,0,0,0,0
0,Family,Grandfather,45,0_0_0,0.142857142857143,0.25,1,0.851485148514851,0.142857142857143,0,0,0,0,0
0,Family,Grandfather,45,0_0_1,0.828571428571429,0.743589743589744,0.674418604651163,0.900990099009901,0.591836734693878,0.6,0.75,1,0.6,0.6
0,Family,Grandfather,45,0_1_0,0.942857142857143,0.680412371134021,0.532258064516129,0.846534653465347,0.515625,0.866666666666667,0.928571428571429,1,0.866666666666667,0.866666666666667
0,Family,Grandfather,45,1_0_0,1,0.426829268292683,0.271317829457364,0.534653465346535,0.271317829457364,1,1,1,1,1
0,Family,Grandfather,45,1_1_1,0,0,0,0.396039603960396,0,0,0,0,0,0
0,Family,Grandfather,50,0_0_0,0.0857142857142857,0.157894736842105,1,0.841584158415841,0.0857142857142857,0,0,0,0,0
0,Family,Grandfather,50,0_0_1,0.8,0.746666666666667,0.7,0.905940594059406,0.595744680851064,0.588235294117647,0.740740740740741,1,0.588235294117647,0.588235294117647
0,Family,Grandfather,50,0_1_0,0.914285714285714,0.680851063829787,0.542372881355932,0.851485148514851,0.516129032258065,0.823529411764706,0.903225806451613,1,0.823529411764706,0.823529411764706
0,Family,Grandfather,50,1_0_0,1,0.426829268292683,0.271317829457364,0.534653465346535,0.271317829457364,1,1,1,1,1
0,Family,Grandfather,50,1_1_1,0,0,0,0.396039603960396,0,0,0,0,0,0
0,Family,Grandfather,55,0_0_0,0.0571428571428571,0.108108108108108,1,0.836633663366337,0.0571428571428571,0,0,0,0,0
0,Family,Grandfather,55,0_0_1,0.742857142857143,0.722222222222222,0.702702702702703,0.900990099009901,0.565217391304348,0.526315789473684,0.689655172413793,1,0.526315789473684,0.526315789473684
0,Family,Grandfather,55,0_1_0,0.857142857142857,0.666666666666667,0.545454545454545,0.851485148514851,0.5,0.736842105263158,0.848484848484848,1,0.736842105263158,0.736842105263158
0,Family,Grandfather,55,1_0_0,0.971428571428571,0.412121212121212,0.261538461538462,0.51980198019802,0.259541984732824,0.947368421052632,0.972972972972973,1,0.947368421052632,0.947368421052632
0,Family,Grandfather,55,1_1_1,0,0,0,0.45049504950495,0,0,0,0,0,0
0,Family,Grandfather,60,0_0_0,0.0285714285714286,0.0555555555555556,1,0.831683168316832,0.0285714285714286,0,0,0,0,0
0,Family,Grandfather,60,0_0_1,0.685714285714286,0.676056338028169,0.666666666666667,0.886138613861386,0.51063829787234,0.476190476190476,0.645161290322581,1,0.476190476190476,0.476190476190476
0,Family,Grandfather,60,0_1_0,0.8,0.636363636363636,0.528301886792453,0.841584158415841,0.466666666666667,0.666666666666667,0.8,1,0.666666666666667,0.666666666666667
0,Family,Grandfather,60,1_0_0,0.971428571428571,0.414634146341463,0.263565891472868,0.524752475247525,0.261538461538462,0.952380952380952,0.975609756097561,1,0.952380952380952,0.952380952380952
0,Family,Grandfather,60,1_1_1,0,0,0,0.46039603960396,0,0,0,0,0,0
0,Family,Grandfather,65,0_0_0,0.0285714285714286,0.0555555555555556,1,0.831683168316832,0.0285714285714286,0,0,0,0,0
0,Family,Grandfather,65,0_0_1,0.628571428571429,0.619718309859155,0.611111111111111,0.866336633663366,0.448979591836735,0.409090909090909,0.580645161290323,1,0.409090909090909,0.409090909090909
0,Family,Grandfather,65,0_1_0,0.771428571428571,0.620689655172414,0.519230769230769,0.836633663366337,0.45,0.636363636363636,0.777777777777778,1,0.636363636363636,0.636363636363636
0,Family,Grandfather,65,1_0_0,0.971428571428571,0.407185628742515,0.257575757575758,0.50990099009901,0.255639097744361,0.954545454545455,0.976744186046512,1,0.954545454545455,0.954545454545455
0,Family,Grandfather,65,1_1_1,0.0285714285714286,0.0176991150442478,0.0128205128205128,0.45049504950495,0.00892857142857143,0.0454545454545455,0.0869565217391304,1,0.0454545454545455,0.0454545454545455
0,Family,Grandfather,70,0_0_0,0.0285714285714286,0.0555555555555556,1,0.831683168316832,0.0285714285714286,0,0,0,0,0
0,Family,Grandfather,70,0_0_1,0.571428571428571,0.597014925373134,0.625,0.866336633663366,0.425531914893617,0.375,0.545454545454545,1,0.375,0.375
0,Family,Grandfather,70,0_1_0,0.714285714285714,0.595238095238095,0.510204081632653,0.831683168316832,0.423728813559322,0.583333333333333,0.736842105263158,1,0.583333333333333,0.583333333333333
0,Family,Grandfather,70,1_0_0,0.971428571428571,0.402366863905325,0.253731343283582,0.5,0.251851851851852,0.958333333333333,0.978723404255319,1,0.958333333333333,0.958333333333333
0,Family,Grandfather,70,1_1_1,0.0285714285714286,0.0169491525423729,0.0120481927710843,0.425742574257426,0.00854700854700855,0.0416666666666667,0.08,1,0.0416666666666667,0.0416666666666667
0,Family,Grandfather,75,0_0_0,0.0571428571428571,0.108108108108108,1,0.836633663366337,0.0571428571428571,0,0,0,0,0
0,Family,Grandfather,75,0_0_1,0.371428571428571,0.448275862068966,0.565217391304348,0.841584158415841,0.288888888888889,0.153846153846154,0.266666666666667,1,0.153846153846154,0.153846153846154
0,Family,Grandfather,75,0_1_0,0.628571428571429,0.586666666666667,0.55,0.846534653465347,0.415094339622642,0.5,0.666666666666667,1,0.5,0.5
0,Family,Grandfather,75,1_0_0,1,0.393258426966292,0.244755244755245,0.465346534653465,0.244755244755245,1,1,1,1,1
0,Family,Grandfather,75,1_1_1,0,0,0,0.574257425742574,0,0,0,0,0,0
0,Family,Grandfather,80,0_0_0,0.0285714285714286,0.0555555555555556,1,0.831683168316832,0.0285714285714286,0,0,0,0,0
0,Family,Grandfather,80,0_0_1,0.342857142857143,0.444444444444444,0.631578947368421,0.851485148514851,0.285714285714286,0.178571428571429,0.303030303030303,1,0.178571428571429,0.178571428571429
0,Family,Grandfather,80,0_1_0,0.628571428571429,0.571428571428571,0.523809523809524,0.836633663366337,0.4,0.535714285714286,0.697674418604651,1,0.535714285714286,0.535714285714286
0,Family,Grandfather,80,1_0_0,1,0.404624277456647,0.253623188405797,0.49009900990099,0.253623188405797,1,1,1,1,1
0,Family,Grandfather,80,1_1_1,0,0,0,0.638613861386139,0,0,0,0,0,0
0,Family,Grandparent,0,0_0_0,0,0,0,0.653465346534653,0,,,,,
0,Family,Grandparent,0,0_0_1,0,0,0,0.643564356435644,0,,,,,
0,Family,Grandparent,0,0_1_0,0.0142857142857143,0.0277777777777778,0.5,0.653465346534653,0.0140845070422535,,,,,
0,Family,Grandparent,0,1_0_0,0.785714285714286,0.460251046025105,0.325443786982248,0.361386138613861,0.298913043478261,,,,,
0,Family,Grandparent,0,1_1_1,0.471428571428571,0.354838709677419,0.28448275862069,0.405940594059406,0.215686274509804,,,,,
0,Family,Grandparent,5,0_0_0,0,0,0,0.653465346534653,0,,,,,
0,Family,Grandparent,5,0_0_1,0,0,0,0.643564356435644,0,,,,,
0,Family,Grandparent,5,0_1_0,0.0142857142857143,0.0277777777777778,0.5,0.653465346534653,0.0140845070422535,,,,,
0,Family,Grandparent,5,1_0_0,0.785714285714286,0.460251046025105,0.325443786982248,0.361386138613861,0.298913043478261,,,,,
0,Family,Grandparent,5,1_1_1,0.471428571428571,0.354838709677419,0.28448275862069,0.405940594059406,0.215686274509804,,,,,
0,Family,Grandparent,10,0_0_0,0,0,0,0.653465346534653,0,,,,,
0,Family,Grandparent,10,0_0_1,0,0,0,0.643564356435644,0,,,,,
0,Family,Grandparent,10,0_1_0,0.0142857142857143,0.0277777777777778,0.5,0.653465346534653,0.0140845070422535,,,,,
0,Family,Grandparent,10,1_0_0,0.785714285714286,0.460251046025105,0.325443786982248,0.361386138613861,0.298913043478261,,,,,
0,Family,Grandparent,10,1_1_1,0.471428571428571,0.354838709677419,0.28448275862069,0.405940594059406,0.215686274509804,,,,,
0,Family,Grandparent,15,0_0_0,0,0,0,0.653465346534653,0,,,,,
0,Family,Grandparent,15,0_0_1,0,0,0,0.643564356435644,0,,,,,
0,Family,Grandparent,15,0_1_0,0.0142857142857143,0.0277777777777778,0.5,0.653465346534653,0.0140845070422535,,,,,
0,Family,Grandparent,15,1_0_0,0.785714285714286,0.460251046025105,0.325443786982248,0.361386138613861,0.298913043478261,,,,,
0,Family,Grandparent,15,1_1_1,0.471428571428571,0.354838709677419,0.28448275862069,0.405940594059406,0.215686274509804,,,,,
0,Family,Grandparent,20,0_0_0,0,0,0,0.653465346534653,0,,,,,
0,Family,Grandparent,20,0_0_1,0,0,0,0.643564356435644,0,,,,,
0,Family,Grandparent,20,0_1_0,0.0142857142857143,0.0277777777777778,0.5,0.653465346534653,0.0140845070422535,,,,,
0,Family,Grandparent,20,1_0_0,0.785714285714286,0.460251046025105,0.325443786982248,0.361386138613861,0.298913043478261,,,,,
0,Family,Grandparent,20,1_1_1,0.471428571428571,0.354838709677419,0.28448275862069,0.405940594059406,0.215686274509804,,,,,
0,Family,Grandparent,25,0_0_0,0,0,0,0.653465346534653,0,,,,,
0,Family,Grandparent,25,0_0_1,0,0,0,0.643564356435644,0,,,,,
0,Family,Grandparent,25,0_1_0,0.0142857142857143,0.0277777777777778,0.5,0.653465346534653,0.0140845070422535,,,,,
0,Family,Grandparent,25,1_0_0,0.785714285714286,0.460251046025105,0.325443786982248,0.361386138613861,0.298913043478261,,,,,
0,Family,Grandparent,25,1_1_1,0.471428571428571,0.354838709677419,0.28448275862069,0.405940594059406,0.215686274509804,,,,,
0,Family,Grandparent,30,0_0_0,0,0,0,0.653465346534653,0,,,,,
0,Family,Grandparent,30,0_0_1,0,0,0,0.643564356435644,0,,,,,
0,Family,Grandparent,30,0_1_0,0.0142857142857143,0.0277777777777778,0.5,0.653465346534653,0.0140845070422535,,,,,
0,Family,Grandparent,30,1_0_0,0.785714285714286,0.460251046025105,0.325443786982248,0.361386138613861,0.298913043478261,,,,,
0,Family,Grandparent,30,1_1_1,0.471428571428571,0.354838709677419,0.28448275862069,0.405940594059406,0.215686274509804,,,,,
0,Family,Grandparent,35,0_0_0,0,0,0,0.653465346534653,0,,,,,
0,Family,Grandparent,35,0_0_1,0,0,0,0.643564356435644,0,,,,,
0,Family,Grandparent,35,0_1_0,0.0142857142857143,0.0277777777777778,0.5,0.653465346534653,0.0140845070422535,,,,,
0,Family,Grandparent,35,1_0_0,0.785714285714286,0.460251046025105,0.325443786982248,0.361386138613861,0.298913043478261,,,,,
0,Family,Grandparent,35,1_1_1,0.471428571428571,0.354838709677419,0.28448275862069,0.405940594059406,0.215686274509804,,,,,
0,Family,Grandparent,40,0_0_0,0,0,0,0.653465346534653,0,,,,,
0,Family,Grandparent,40,0_0_1,0,0,0,0.643564356435644,0,,,,,
0,Family,Grandparent,40,0_1_0,0.0142857142857143,0.0277777777777778,0.5,0.653465346534653,0.0140845070422535,,,,,
0,Family,Grandparent,40,1_0_0,0.785714285714286,0.460251046025105,0.325443786982248,0.361386138613861,0.298913043478261,,,,,
0,Family,Grandparent,40,1_1_1,0.471428571428571,0.354838709677419,0.28448275862069,0.405940594059406,0.215686274509804,,,,,
0,Family,Grandparent,45,0_0_0,0,0,0,0.653465346534653,0,,,,,
0,Family,Grandparent,45,0_0_1,0,0,0,0.643564356435644,0,,,,,
0,Family,Grandparent,45,0_1_0,0.0142857142857143,0.0277777777777778,0.5,0.653465346534653,0.0140845070422535,,,,,
0,Family,Grandparent,45,1_0_0,0.785714285714286,0.460251046025105,0.325443786982248,0.361386138613861,0.298913043478261,,,,,
0,Family,Grandparent,45,1_1_1,0.471428571428571,0.354838709677419,0.28448275862069,0.405940594059406,0.215686274509804,,,,,
0,Family,Grandparent,50,0_0_0,0,0,0,0.653465346534653,0,,,,,
0,Family,Grandparent,50,0_0_1,0,0,0,0.643564356435644,0,,,,,
0,Family,Grandparent,50,0_1_0,0.0142857142857143,0.0277777777777778,0.5,0.653465346534653,0.0140845070422535,,,,,
0,Family,Grandparent,50,1_0_0,0.785714285714286,0.460251046025105,0.325443786982248,0.361386138613861,0.298913043478261,,,,,
0,Family,Grandparent,50,1_1_1,0.471428571428571,0.354838709677419,0.28448275862069,0.405940594059406,0.215686274509804,,,,,
0,Family,Grandparent,55,0_0_0,0,0,0,0.653465346534653,0,,,,,
0,Family,Grandparent,55,0_0_1,0,0,0,0.643564356435644,0,,,,,
0,Family,Grandparent,55,0_1_0,0.0142857142857143,0.0277777777777778,0.5,0.653465346534653,0.0140845070422535,,,,,
0,Family,Grandparent,55,1_0_0,0.785714285714286,0.460251046025105,0.325443786982248,0.361386138613861,0.298913043478261,,,,,
0,Family,Grandparent,55,1_1_1,0.471428571428571,0.354838709677419,0.28448275862069,0.405940594059406,0.215686274509804,,,,,
0,Family,Grandparent,60,0_0_0,0,0,0,0.653465346534653,0,,,,,
0,Family,Grandparent,60,0_0_1,0,0,0,0.643564356435644,0,,,,,
0,Family,Grandparent,60,0_1_0,0.0142857142857143,0.0277777777777778,0.5,0.653465346534653,0.0140845070422535,,,,,
0,Family,Grandparent,60,1_0_0,0.785714285714286,0.460251046025105,0.325443786982248,0.361386138613861,0.298913043478261,,,,,
0,Family,Grandparent,60,1_1_1,0.471428571428571,0.354838709677419,0.28448275862069,0.405940594059406,0.215686274509804,,,,,
0,Family,Grandparent,65,0_0_0,0,0,0,0.653465346534653,0,,,,,
0,Family,Grandparent,65,0_0_1,0,0,0,0.643564356435644,0,,,,,
0,Family,Grandparent,65,0_1_0,0.0142857142857143,0.0277777777777778,0.5,0.653465346534653,0.0140845070422535,,,,,
0,Family,Grandparent,65,1_0_0,0.785714285714286,0.460251046025105,0.325443786982248,0.361386138613861,0.298913043478261,,,,,
0,Family,Grandparent,65,1_1_1,0.471428571428571,0.354838709677419,0.28448275862069,0.405940594059406,0.215686274509804,,,,,
0,Family,Grandparent,70,0_0_0,0,0,0,0.653465346534653,0,,,,,
0,Family,Grandparent,70,0_0_1,0,0,0,0.643564356435644,0,,,,,
0,Family,Grandparent,70,0_1_0,0.0142857142857143,0.0277777777777778,0.5,0.653465346534653,0.0140845070422535,,,,,
0,Family,Grandparent,70,1_0_0,0.785714285714286,0.460251046025105,0.325443786982248,0.361386138613861,0.298913043478261,,,,,
0,Family,Grandparent,70,1_1_1,0.471428571428571,0.354838709677419,0.28448275862069,0.405940594059406,0.215686274509804,,,,,
0,Family,Grandparent,75,0_0_0,0,0,0,0.653465346534653,0,,,,,
0,Family,Grandparent,75,0_0_1,0,0,0,0.643564356435644,0,,,,,
0,Family,Grandparent,75,0_1_0,0.0142857142857143,0.0277777777777778,0.5,0.653465346534653,0.0140845070422535,,,,,
0,Family,Grandparent,75,1_0_0,0.785714285714286,0.460251046025105,0.325443786982248,0.361386138613861,0.298913043478261,,,,,
0,Family,Grandparent,75,1_1_1,0.471428571428571,0.354838709677419,0.28448275862069,0.405940594059406,0.215686274509804,,,,,
0,Family,Grandparent,80,0_0_0,0,0,0,0.653465346534653,0,,,,,
0,Family,Grandparent,80,0_0_1,0,0,0,0.643564356435644,0,,,,,
0,Family,Grandparent,80,0_1_0,0.0142857142857143,0.0277777777777778,0.5,0.653465346534653,0.0140845070422535,,,,,
0,Family,Grandparent,80,1_0_0,0.785714285714286,0.460251046025105,0.325443786982248,0.361386138613861,0.298913043478261,,,,,
0,Family,Grandparent,80,1_1_1,0.471428571428571,0.354838709677419,0.28448275862069,0.405940594059406,0.215686274509804,,,,,
0,Family,Grandmother,0,0_0_0,0.0571428571428571,0.108108108108108,1,0.836633663366337,0.0571428571428571,,,,,
0,Family,Grandmother,0,0_0_1,1,0.795454545454545,0.660377358490566,0.910891089108911,0.660377358490566,,,,,
0,Family,Grandmother,0,0_1_0,1,0.886075949367089,0.795454545454545,0.955445544554455,0.795454545454545,,,,,
0,Family,Grandmother,0,1_0_0,1,0.296610169491525,0.174129353233831,0.178217821782178,0.174129353233831,,,,,
0,Family,Grandmother,0,1_1_1,0.314285714285714,0.129411764705882,0.0814814814814815,0.267326732673267,0.0691823899371069,,,,,
0,Family,Grandmother,5,0_0_0,0.0857142857142857,0.157894736842105,1,0.841584158415841,0.0857142857142857,0,0,0,0,0
0,Family,Grandmother,5,0_0_1,1,0.804597701149425,0.673076923076923,0.915841584158416,0.673076923076923,1,1,1,1,1
0,Family,Grandmother,5,0_1_0,1,0.875,0.777777777777778,0.95049504950495,0.777777777777778,1,1,1,1,1
0,Family,Grandmother,5,1_0_0,1,0.296610169491525,0.174129353233831,0.178217821782178,0.174129353233831,1,1,1,1,1
0,Family,Grandmother,5,1_1_1,0.285714285714286,0.120481927710843,0.0763358778625954,0.277227722772277,0.0641025641025641,1,1,1,1,1
0,Family,Grandmother,10,0_0_0,0.0571428571428571,0.108108108108108,1,0.836633663366337,0.0571428571428571,0,0,0,0,0
0,Family,Grandmother,10,0_0_1,0.971428571428571,0.790697674418605,0.666666666666667,0.910891089108911,0.653846153846154,0.666666666666667,0.8,1,0.666666666666667,0.666666666666667
0,Family,Grandmother,10,0_1_0,0.971428571428571,0.860759493670886,0.772727272727273,0.945544554455445,0.755555555555556,0.666666666666667,0.8,1,0.666666666666667,0.666666666666667
0,Family,Grandmother,10,1_0_0,1,0.300429184549356,0.176767676767677,0.193069306930693,0.176767676767677,1,1,1,1,1
0,Family,Grandmother,10,1_1_1,0.314285714285714,0.129411764705882,0.0814814814814815,0.267326732673267,0.0691823899371069,1,1,1,1,1
0,Family,Grandmother,15,0_0_0,0.0285714285714286,0.0555555555555556,1,0.831683168316832,0.0285714285714286,0,0,0,0,0
0,Family,Grandmother,15,0_0_1,1,0.795454545454545,0.660377358490566,0.910891089108911,0.660377358490566,1,1,1,1,1
0,Family,Grandmother,15,0_1_0,0.942857142857143,0.835443037974684,0.75,0.935643564356436,0.717391304347826,0.6,0.75,1,0.6,0.6
0,Family,Grandmother,15,1_0_0,1,0.307017543859649,0.181347150259067,0.217821782178218,0.181347150259067,1,1,1,1,1
0,Family,Grandmother,15,1_1_1,0.314285714285714,0.130952380952381,0.0827067669172932,0.277227722772277,0.0700636942675159,0.8,0.888888888888889,1,0.8,0.8
0,Family,Grandmother,20,0_0_0,0.0571428571428571,0.108108108108108,1,0.836633663366337,0.0571428571428571,0,0,0,0,0
0,Family,Grandmother,20,0_0_1,0.885714285714286,0.72093023255814,0.607843137254902,0.881188118811881,0.563636363636364,0.428571428571429,0.6,1,0.428571428571429,0.428571428571429
0,Family,Grandmother,20,0_1_0,0.942857142857143,0.814814814814815,0.717391304347826,0.925742574257426,0.6875,0.714285714285714,0.833333333333333,1,0.714285714285714,0.714285714285714
0,Family,Grandmother,20,1_0_0,1,0.309734513274336,0.183246073298429,0.227722772277228,0.183246073298429,1,1,1,1,1
0,Family,Grandmother,20,1_1_1,0.4,0.162790697674419,0.102189781021898,0.287128712871287,0.0886075949367089,1,1,1,1,1
0,Family,Grandmother,25,0_0_0,0.0285714285714286,0.0555555555555556,1,0.831683168316832,0.0285714285714286,0,0,0,0,0
0,Family,Grandmother,25,0_0_1,0.885714285714286,0.72093023255814,0.607843137254902,0.881188118811881,0.563636363636364,0.5,0.666666666666667,1,0.5,0.5
0,Family,Grandmother,25,0_1_0,0.914285714285714,0.8,0.711111111111111,0.920792079207921,0.666666666666667,0.625,0.769230769230769,1,0.625,0.625
0,Family,Grandmother,25,1_0_0,1,0.3125,0.185185185185185,0.237623762376238,0.185185185185185,1,1,1,1,1
0,Family,Grandmother,25,1_1_1,0.4,0.16,0.1,0.272277227722772,0.0869565217391304,0.875,0.933333333333333,1,0.875,0.875
0,Family,Grandmother,30,0_0_0,0.0571428571428571,0.108108108108108,1,0.836633663366337,0.0571428571428571,0,0,0,0,0
0,Family,Grandmother,30,0_0_1,0.885714285714286,0.738095238095238,0.63265306122449,0.891089108910891,0.584905660377358,0.6,0.75,1,0.6,0.6
0,Family,Grandmother,30,0_1_0,0.885714285714286,0.81578947368421,0.75609756097561,0.930693069306931,0.688888888888889,0.6,0.75,1,0.6,0.6
0,Family,Grandmother,30,1_0_0,1,0.309734513274336,0.183246073298429,0.227722772277228,0.183246073298429,1,1,1,1,1
0,Family,Grandmother,30,1_1_1,0.428571428571429,0.171428571428571,0.107142857142857,0.282178217821782,0.09375,0.9,0.947368421052632,1,0.9,0.9
0,Family,Grandmother,35,0_0_0,0.0571428571428571,0.108108108108108,1,0.836633663366337,0.0571428571428571,0,0,0,0,0
0,Family,Grandmother,35,0_0_1,0.8,0.777777777777778,0.756756756756757,0.920792079207921,0.636363636363636,0.416666666666667,0.588235294117647,1,0.416666666666667,0.416666666666667
0,Family,Grandmother,35,0_1_0,0.914285714285714,0.64,0.492307692307692,0.821782178217822,0.470588235294118,0.75,0.857142857142857,1,0.75,0.75
0,Family,Grandmother,35,1_0_0,1,0.434782608695652,0.277777777777778,0.54950495049505,0.277777777777778,1,1,1,1,1
0,Family,Grandmother,35,1_1_1,0.657142857142857,0.410714285714286,0.298701298701299,0.673267326732673,0.258426966292135,0.583333333333333,0.736842105263158,1,0.583333333333333,0.583333333333333
0,Family,Grandmother,40,0_0_0,0.0285714285714286,0.0555555555555556,1,0.831683168316832,0.0285714285714286,0,0,0,0,0
0,Family,Grandmother,40,0_0_1,0.8,0.8,0.8,0.930693069306931,0.666666666666667,0.5,0.666666666666667,1,0.5,0.5
0,Family,Grandmother,40,0_1_0,0.8,0.583333333333333,0.459016393442623,0.801980198019802,0.411764705882353,0.5,0.666666666666667,1,0.5,0.5
0,Family,Grandmother,40,1_0_0,1,0.463576158940397,0.301724137931034,0.599009900990099,0.301724137931034,1,1,1,1,1
0,Family,Grandmother,40,1_1_1,0.542857142857143,0.372549019607843,0.283582089552239,0.683168316831683,0.228915662650602,0.5,0.666666666666667,1,0.5,0.5
0,Family,Grandmother,45,0_0_0,0.0285714285714286,0.0555555555555556,1,0.831683168316832,0.0285714285714286,0,0,0,0,0
0,Family,Grandmother,45,0_0_1,0.771428571428571,0.782608695652174,0.794117647058823,0.925742574257426,0.642857142857143,0.466666666666667,0.636363636363636,1,0.466666666666667,0.466666666666667
0,Family,Grandmother,45,0_1_0,0.771428571428571,0.606741573033708,0.5,0.826732673267327,0.435483870967742,0.466666666666667,0.636363636363636,1,0.466666666666667,0.466666666666667
0,Family,Grandmother,45,1_0_0,1,0.454545454545455,0.294117647058823,0.584158415841584,0.294117647058823,1,1,1,1,1
0,Family,Grandmother,45,1_1_1,0.514285714285714,0.339622641509434,0.253521126760563,0.653465346534653,0.204545454545455,0.533333333333333,0.695652173913043,1,0.533333333333333,0.533333333333333
0,Family,Grandmother,50,0_0_0,0.0571428571428571,0.108108108108108,1,0.836633663366337,0.0571428571428571,0,0,0,0,0
0,Family,Grandmother,50,0_0_1,0.714285714285714,0.72463768115942,0.735294117647059,0.905940594059406,0.568181818181818,0.411764705882353,0.583333333333333,1,0.411764705882353,0.411764705882353
0,Family,Grandmother,50,0_1_0,0.742857142857143,0.597701149425287,0.5,0.826732673267327,0.426229508196721,0.470588235294118,0.64,1,0.470588235294118,0.470588235294118
0,Family,Grandmother,50,1_0_0,0.971428571428571,0.45945945945946,0.300884955752212,0.603960396039604,0.298245614035088,0.941176470588235,0.96969696969697,1,0.941176470588235,0.941176470588235
0,Family,Grandmother,50,1_1_1,0.542857142857143,0.333333333333333,0.240506329113924,0.623762376237624,0.2,0.470588235294118,0.64,1,0.470588235294118,0.470588235294118
0,Family,Grandmother,55,0_0_0,0.0571428571428571,0.108108108108108,1,0.836633663366337,0.0571428571428571,0,0,0,0,0
0,Family,Grandmother,55,0_0_1,0.657142857142857,0.71875,0.793103448275862,0.910891089108911,0.560975609756098,0.368421052631579,0.538461538461538,1,0.368421052631579,0.368421052631579
0,Family,Grandmother,55,0_1_0,0.714285714285714,0.609756097560976,0.531914893617021,0.841584158415841,0.43859649122807,0.473684210526316,0.642857142857143,1,0.473684210526316,0.473684210526316
0,Family,Grandmother,55,1_0_0,0.971428571428571,0.511278195488722,0.346938775510204,0.678217821782178,0.343434343434343,0.947368421052632,0.972972972972973,1,0.947368421052632,0.947368421052632
0,Family,Grandmother,55,1_1_1,0.428571428571429,0.303030303030303,0.234375,0.658415841584158,0.178571428571429,0.473684210526316,0.642857142857143,1,0.473684210526316,0.473684210526316
0,Family,Grandmother,60,0_0_0,0.114285714285714,0.205128205128205,1,0.846534653465347,0.114285714285714,0,0,0,0,0
0,Family,Grandmother,60,0_0_1,0.571428571428571,0.634920634920635,0.714285714285714,0.886138613861386,0.465116279069767,0.285714285714286,0.444444444444444,1,0.285714285714286,0.285714285714286
0,Family,Grandmother,60,0_1_0,0.8,0.651162790697674,0.549019607843137,0.851485148514851,0.482758620689655,0.666666666666667,0.8,1,0.666666666666667,0.666666666666667
0,Family,Grandmother,60,1_0_0,1,0.364583333333333,0.222929936305732,0.396039603960396,0.222929936305732,1,1,1,1,1
0,Family,Grandmother,60,1_1_1,0.0857142857142857,0.115384615384615,0.176470588235294,0.772277227722772,0.0612244897959184,0.0476190476190476,0.0909090909090909,1,0.0476190476190476,0.0476190476190476
0,Family,Grandmother,65,0_0_0,0.0857142857142857,0.157894736842105,1,0.841584158415841,0.0857142857142857,0,0,0,0,0
0,Family,Grandmother,65,0_0_1,0.371428571428571,0.530612244897959,0.928571428571429,0.886138613861386,0.361111111111111,0,0,0,0,0
0,Family,Grandmother,65,0_1_0,0.4,0.528301886792453,0.777777777777778,0.876237623762376,0.358974358974359,0.0454545454545455,0.0869565217391304,1,0.0454545454545455,0.0454545454545455
0,Family,Grandmother,65,1_0_0,1,0.555555555555556,0.384615384615385,0.722772277227723,0.384615384615385,1,1,1,1,1
0,Family,Grandmother,65,1_1_1,0.4,0.173913043478261,0.111111111111111,0.341584158415842,0.0952380952380952,0.590909090909091,0.742857142857143,1,0.590909090909091,0.590909090909091
0,Family,Grandmother,70,0_0_0,0.0857142857142857,0.157894736842105,1,0.841584158415841,0.0857142857142857,0,0,0,0,0
0,Family,Grandmother,70,0_0_1,0.314285714285714,0.468085106382979,0.916666666666667,0.876237623762376,0.305555555555556,0,0,0,0,0
0,Family,Grandmother,70,0_1_0,0.342857142857143,0.48,0.8,0.871287128712871,0.31578947368421,0.0416666666666667,0.08,1,0.0416666666666667,0.0416666666666667
0,Family,Grandmother,70,1_0_0,1,0.555555555555556,0.384615384615385,0.722772277227723,0.384615384615385,1,1,1,1,1
0,Family,Grandmother,70,1_1_1,0.4,0.183006535947712,0.11864406779661,0.381188118811881,0.100719424460432,0.541666666666667,0.702702702702703,1,0.541666666666667,0.541666666666667
0,Family,Grandmother,75,0_0_0,0.0285714285714286,0.0555555555555556,1,0.831683168316832,0.0285714285714286,0,0,0,0,0
0,Family,Grandmother,75,0_0_1,0.257142857142857,0.4,0.9,0.866336633663366,0.25,0,0,0,0,0
0,Family,Grandmother,75,0_1_0,0.285714285714286,0.416666666666667,0.769230769230769,0.861386138613861,0.263157894736842,0.0384615384615385,0.0740740740740741,1,0.0384615384615385,0.0384615384615385
0,Family,Grandmother,75,1_0_0,1,0.551181102362205,0.380434782608696,0.717821782178218,0.380434782608696,1,1,1,1,1
0,Family,Grandmother,75,1_1_1,0.485714285714286,0.215189873417721,0.138211382113821,0.386138613861386,0.120567375886525,0.615384615384615,0.761904761904762,1,0.615384615384615,0.615384615384615
0,Family,Grandmother,80,0_0_0,0.0285714285714286,0.0555555555555556,1,0.831683168316832,0.0285714285714286,0,0,0,0,0
0,Family,Grandmother,80,0_0_1,0.2,0.333333333333333,1,0.861386138613861,0.2,0,0,0,0,0
0,Family,Grandmother,80,0_1_0,0.228571428571429,0.372093023255814,1,0.866336633663366,0.228571428571429,0.0357142857142857,0.0689655172413793,1,0.0357142857142857,0.0357142857142857
0,Family,Grandmother,80,1_0_0,0.914285714285714,0.587155963302752,0.432432432432432,0.777227722772277,0.415584415584416,0.892857142857143,0.943396226415094,1,0.892857142857143,0.892857142857143
0,Family,Grandmother,80,1_1_1,0.285714285714286,0.170940170940171,0.121951219512195,0.51980198019802,0.0934579439252336,0.357142857142857,0.526315789473684,1,0.357142857142857,0.357142857142857
0,Family,Grandson,0,0_0_0,0,0,0,0.787128712871287,0,,,,,
0,Family,Grandson,0,0_0_1,1,0.945054945054945,0.895833333333333,0.975247524752475,0.895833333333333,,,,,
0,Family,Grandson,0,0_1_0,1,0.914893617021277,0.843137254901961,0.96039603960396,0.843137254901961,,,,,
0,Family,Grandson,0,1_0_0,1,0.547770700636943,0.37719298245614,0.648514851485149,0.37719298245614,,,,,
0,Family,Grandson,0,1_1_1,0.186046511627907,0.136752136752137,0.108108108108108,0.5,0.073394495412844,,,,,
0,Family,Grandson,5,0_0_0,0,0,0,0.787128712871287,0,0,0,0,0,0
0,Family,Grandson,5,0_0_1,0.953488372093023,0.942528735632184,0.931818181818182,0.975247524752475,0.891304347826087,0,0,0,0,0
0,Family,Grandson,5,0_1_0,1,0.877551020408163,0.781818181818182,0.940594059405941,0.781818181818182,1,1,1,1,1
0,Family,Grandson,5,1_0_0,1,0.558441558441558,0.387387387387387,0.663366336633663,0.387387387387387,1,1,1,1,1
0,Family,Grandson,5,1_1_1,0.232558139534884,0.125786163522013,0.0862068965517241,0.311881188118812,0.0671140939597315,1,1,1,1,1
0,Family,Grandson,10,0_0_0,0,0,0,0.787128712871287,0,0,0,0,0,0
0,Family,Grandson,10,0_0_1,0.906976744186046,0.917647058823529,0.928571428571429,0.965346534653465,0.847826086956522,0,0,0,0,0
0,Family,Grandson,10,0_1_0,1,0.83495145631068,0.716666666666667,0.915841584158416,0.716666666666667,1,1,1,1,1
0,Family,Grandson,10,1_0_0,1,0.562091503267974,0.390909090909091,0.668316831683168,0.390909090909091,1,1,1,1,1
0,Family,Grandson,10,1_1_1,0.186046511627907,0.0993788819875776,0.0677966101694915,0.282178217821782,0.0522875816993464,0.75,0.857142857142857,1,0.75,0.75
0,Family,Grandson,15,0_0_0,0,0,0,0.787128712871287,0,0,0,0,0,0
0,Family,Grandson,15,0_0_1,0.86046511627907,0.891566265060241,0.925,0.955445544554455,0.804347826086956,0,0,0,0,0
0,Family,Grandson,15,0_1_0,0.976744186046512,0.84,0.736842105263158,0.920792079207921,0.724137931034483,0.833333333333333,0.909090909090909,1,0.833333333333333,0.833333333333333
0,Family,Grandson,15,1_0_0,1,0.551282051282051,0.380530973451327,0.653465346534653,0.380530973451327,1,1,1,1,1
0,Family,Grandson,15,1_1_1,0.255813953488372,0.126436781609195,0.083969465648855,0.247524752475248,0.0674846625766871,0.666666666666667,0.8,1,0.666666666666667,0.666666666666667
0,Family,Grandson,20,0_0_0,0,0,0,0.787128712871287,0,0,0,0,0,0
0,Family,Grandson,20,0_0_1,0.883720930232558,0.894117647058824,0.904761904761905,0.955445544554455,0.808510638297872,0.375,0.545454545454545,1,0.375,0.375
0,Family,Grandson,20,0_1_0,0.976744186046512,0.848484848484848,0.75,0.925742574257426,0.736842105263158,0.875,0.933333333333333,1,0.875,0.875
0,Family,Grandson,20,1_0_0,1,0.530864197530864,0.361344537815126,0.623762376237624,0.361344537815126,1,1,1,1,1
0,Family,Grandson,20,1_1_1,0.232558139534884,0.116959064327485,0.078125,0.252475247524752,0.062111801242236,0.375,0.545454545454545,1,0.375,0.375
0,Family,Grandson,25,0_0_0,0,0,0,0.787128712871287,0,0,0,0,0,0
0,Family,Grandson,25,0_0_1,0.883720930232558,0.883720930232558,0.883720930232558,0.95049504950495,0.791666666666667,0.5,0.666666666666667,1,0.5,0.5
0,Family,Grandson,25,0_1_0,0.930232558139535,0.919540229885057,0.909090909090909,0.965346534653465,0.851063829787234,0.7,0.823529411764706,1,0.7,0.7
0,Family,Grandson,25,1_0_0,1,0.518072289156626,0.349593495934959,0.603960396039604,0.349593495934959,1,1,1,1,1
0,Family,Grandson,25,1_1_1,0.651162790697674,0.455284552845528,0.35,0.668316831683168,0.294736842105263,0.5,0.666666666666667,1,0.5,0.5
0,Family,Grandson,30,0_0_0,0,0,0,0.787128712871287,0,0,0,0,0,0
0,Family,Grandson,30,0_0_1,0.813953488372093,0.833333333333333,0.853658536585366,0.930693069306931,0.714285714285714,0.333333333333333,0.5,1,0.333333333333333,0.333333333333333
0,Family,Grandson,30,0_1_0,0.906976744186046,0.906976744186046,0.906976744186046,0.96039603960396,0.829787234042553,0.666666666666667,0.8,1,0.666666666666667,0.666666666666667
0,Family,Grandson,30,1_0_0,1,0.480446927374302,0.316176470588235,0.53960396039604,0.316176470588235,1,1,1,1,1
0,Family,Grandson,30,1_1_1,0.651162790697674,0.462809917355372,0.358974358974359,0.678217821782178,0.301075268817204,0.416666666666667,0.588235294117647,1,0.416666666666667,0.416666666666667
0,Family,Grandson,35,0_0_0,0,0,0,0.787128712871287,0,0,0,0,0,0
0,Family,Grandson,35,0_0_1,0.744186046511628,0.790123456790123,0.842105263157895,0.915841584158416,0.653061224489796,0.266666666666667,0.421052631578947,1,0.266666666666667,0.266666666666667
0,Family,Grandson,35,0_1_0,0.883720930232558,0.894117647058824,0.904761904761905,0.955445544554455,0.808510638297872,0.666666666666667,0.8,1,0.666666666666667,0.666666666666667
0,Family,Grandson,35,1_0_0,1,0.477777777777778,0.313868613138686,0.534653465346535,0.313868613138686,1,1,1,1,1
0,Family,Grandson,35,1_1_1,0.581395348837209,0.413223140495868,0.320512820512821,0.648514851485149,0.260416666666667,0.0666666666666667,0.125,1,0.0666666666666667,0.0666666666666667
0,Family,Grandson,40,0_0_0,0,0,0,0.787128712871287,0,0,0,0,0,0
0,Family,Grandson,40,0_0_1,0.697674418604651,0.779220779220779,0.882352941176471,0.915841584158416,0.638297872340426,0.235294117647059,0.380952380952381,1,0.235294117647059,0.235294117647059
0,Family,Grandson,40,0_1_0,0.86046511627907,0.870588235294118,0.880952380952381,0.945544554455445,0.770833333333333,0.647058823529412,0.785714285714286,1,0.647058823529412,0.647058823529412
0,Family,Grandson,40,1_0_0,1,0.48314606741573,0.318518518518519,0.544554455445545,0.318518518518519,1,1,1,1,1
0,Family,Grandson,40,1_1_1,0.534883720930232,0.377049180327869,0.291139240506329,0.623762376237624,0.232323232323232,0.0588235294117647,0.111111111111111,1,0.0588235294117647,0.0588235294117647
0,Family,Grandson,45,0_0_0,0,0,0,0.787128712871287,0,0,0,0,0,0
0,Family,Grandson,45,0_0_1,0.697674418604651,0.779220779220779,0.882352941176471,0.915841584158416,0.638297872340426,0.31578947368421,0.48,1,0.31578947368421,0.31578947368421
0,Family,Grandson,45,0_1_0,0.790697674418605,0.829268292682927,0.871794871794872,0.930693069306931,0.708333333333333,0.526315789473684,0.689655172413793,1,0.526315789473684,0.526315789473684
0,Family,Grandson,45,1_0_0,1,0.488636363636364,0.323308270676692,0.554455445544555,0.323308270676692,1,1,1,1,1
0,Family,Grandson,45,1_1_1,0.465116279069767,0.338983050847458,0.266666666666667,0.613861386138614,0.204081632653061,0.0526315789473684,0.1,1,0.0526315789473684,0.0526315789473684
0,Family,Grandson,50,0_0_0,0.0232558139534884,0.0454545454545455,1,0.792079207920792,0.0232558139534884,0,0,0,0,0
0,Family,Grandson,50,0_0_1,0.883720930232558,0.76,0.666666666666667,0.881188118811881,0.612903225806452,0.761904761904762,0.864864864864865,1,0.761904761904762,0.761904761904762
0,Family,Grandson,50,0_1_0,0.72093023255814,0.784810126582278,0.861111111111111,0.915841584158416,0.645833333333333,0.428571428571429,0.6,1,0.428571428571429,0.428571428571429
0,Family,Grandson,50,1_0_0,1,0.5,0.333333333333333,0.574257425742574,0.333333333333333,1,1,1,1,1
0,Family,Grandson,50,1_1_1,0,0,0,0.742574257425743,0,0,0,0,0,0
0,Family,Grandson,55,0_0_0,0.0697674418604651,0.130434782608696,1,0.801980198019802,0.0697674418604651,0,0,0,0,0
0,Family,Grandson,55,0_0_1,0.604651162790698,0.742857142857143,0.962962962962963,0.910891089108911,0.590909090909091,0.260869565217391,0.413793103448276,1,0.260869565217391,0.260869565217391
0,Family,Grandson,55,0_1_0,0.511627906976744,0.647058823529412,0.88,0.881188118811881,0.478260869565217,0.0869565217391304,0.16,1,0.0869565217391304,0.0869565217391304
0,Family,Grandson,55,1_0_0,1,0.627737226277372,0.457446808510638,0.747524752475248,0.457446808510638,1,1,1,1,1
0,Family,Grandson,55,1_1_1,0.0465116279069768,0.0416666666666667,0.0377358490566038,0.544554455445545,0.0212765957446808,0.0869565217391304,0.16,1,0.0869565217391304,0.0869565217391304
0,Family,Grandson,60,0_0_0,0.0697674418604651,0.130434782608696,1,0.801980198019802,0.0697674418604651,0,0,0,0,0
0,Family,Grandson,60,0_0_1,0.558139534883721,0.695652173913043,0.923076923076923,0.896039603960396,0.533333333333333,0.24,0.387096774193548,1,0.24,0.24
0,Family,Grandson,60,0_1_0,0.488372093023256,0.591549295774648,0.75,0.856435643564356,0.42,0.12,0.214285714285714,1,0.12,0.12
0,Family,Grandson,60,1_0_0,1,0.627737226277372,0.457446808510638,0.747524752475248,0.457446808510638,1,1,1,1,1
0,Family,Grandson,60,1_1_1,0.0697674418604651,0.0625,0.0566037735849057,0.554455445544555,0.032258064516129,0.12,0.214285714285714,1,0.12,0.12
0,Family,Grandson,65,0_0_0,0.0232558139534884,0.0454545454545455,1,0.792079207920792,0.0232558139534884,0,0,0,0,0
0,Family,Grandson,65,0_0_1,0.511627906976744,0.676923076923077,1,0.896039603960396,0.511627906976744,0.222222222222222,0.363636363636364,1,0.222222222222222,0.222222222222222
0,Family,Grandson,65,0_1_0,0.465116279069767,0.579710144927536,0.769230769230769,0.856435643564356,0.408163265306122,0.148148148148148,0.258064516129032,1,0.148148148148148,0.148148148148148
0,Family,Grandson,65,1_0_0,1,0.627737226277372,0.457446808510638,0.747524752475248,0.457446808510638,1,1,1,1,1
0,Family,Grandson,65,1_1_1,0.0697674418604651,0.0659340659340659,0.0625,0.579207920792079,0.0340909090909091,0.111111111111111,0.2,1,0.111111111111111,0.111111111111111
0,Family,Grandson,70,0_0_0,0,0,0,0.787128712871287,0,0,0,0,0,0
0,Family,Grandson,70,0_0_1,0.418604651162791,0.590163934426229,1,0.876237623762376,0.418604651162791,0.166666666666667,0.285714285714286,1,0.166666666666667,0.166666666666667
0,Family,Grandson,70,0_1_0,0.372093023255814,0.5,0.761904761904762,0.841584158415841,0.333333333333333,0.1,0.181818181818182,1,0.1,0.1
0,Family,Grandson,70,1_0_0,1,0.671875,0.505882352941176,0.792079207920792,0.505882352941176,1,1,1,1,1
0,Family,Grandson,70,1_1_1,0.488372093023256,0.306569343065693,0.223404255319149,0.52970297029703,0.181034482758621,0.6,0.75,1,0.6,0.6
0,Family,Grandson,75,0_0_0,0,0,0,0.787128712871287,0,0,0,0,0,0
0,Family,Grandson,75,0_0_1,0.372093023255814,0.542372881355932,1,0.866336633663366,0.372093023255814,0.15625,0.27027027027027,1,0.15625,0.15625
0,Family,Grandson,75,0_1_0,0.372093023255814,0.477611940298507,0.666666666666667,0.826732673267327,0.313725490196078,0.15625,0.27027027027027,1,0.15625,0.15625
0,Family,Grandson,75,1_0_0,0.953488372093023,0.645669291338583,0.488095238095238,0.777227722772277,0.476744186046512,0.9375,0.967741935483871,1,0.9375,0.9375
0,Family,Grandson,75,1_1_1,0.604651162790698,0.37956204379562,0.276595744680851,0.579207920792079,0.234234234234234,0.75,0.857142857142857,1,0.75,0.75
0,Family,Grandson,80,0_0_0,0.0232558139534884,0.0454545454545455,1,0.792079207920792,0.0232558139534884,0,0,0,0,0
0,Family,Grandson,80,0_0_1,0.255813953488372,0.407407407407407,1,0.841584158415841,0.255813953488372,0.0588235294117647,0.111111111111111,1,0.0588235294117647,0.0588235294117647
0,Family,Grandson,80,0_1_0,0.27906976744186,0.421052631578947,0.857142857142857,0.836633663366337,0.266666666666667,0.0882352941176471,0.162162162162162,1,0.0882352941176471,0.0882352941176471
0,Family,Grandson,80,1_0_0,0.976744186046512,0.661417322834646,0.5,0.787128712871287,0.494117647058824,0.970588235294118,0.985074626865672,1,0.970588235294118,0.970588235294118
0,Family,Grandson,80,1_1_1,0.627906976744186,0.357615894039735,0.25,0.51980198019802,0.217741935483871,0.735294117647059,0.847457627118644,1,0.735294117647059,0.735294117647059
0,Family,Mother,0,0_0_0,0.766666666666667,0.867924528301887,1,0.930693069306931,0.766666666666667,,,,,
0,Family,Mother,0,0_0_1,1,0.816326530612245,0.689655172413793,0.866336633663366,0.689655172413793,,,,,
0,Family,Mother,0,0_1_0,1,0.839160839160839,0.72289156626506,0.886138613861386,0.72289156626506,,,,,
0,Family,Mother,0,1_0_0,1,0.459770114942529,0.298507462686567,0.301980198019802,0.298507462686567,,,,,
0,Family,Mother,0,1_1_1,0.4,0.252631578947368,0.184615384615385,0.297029702970297,0.144578313253012,,,,,
0,Family,Mother,5,0_0_0,0.733333333333333,0.846153846153846,1,0.920792079207921,0.733333333333333,0,0,0,0,0
0,Family,Mother,5,0_0_1,1,0.821917808219178,0.697674418604651,0.871287128712871,0.697674418604651,1,1,1,1,1
0,Family,Mother,5,0_1_0,0.983333333333333,0.830985915492958,0.719512195121951,0.881188118811881,0.710843373493976,0.666666666666667,0.8,1,0.666666666666667,0.666666666666667
0,Family,Mother,5,1_0_0,1,0.461538461538462,0.3,0.306930693069307,0.3,1,1,1,1,1
0,Family,Mother,5,1_1_1,0.433333333333333,0.276595744680851,0.203125,0.326732673267327,0.160493827160494,1,1,1,1,1
0,Family,Mother,10,0_0_0,0.816666666666667,0.89908256880734,1,0.945544554455445,0.816666666666667,0,0,0,0,0
0,Family,Mother,10,0_0_1,0.916666666666667,0.909090909090909,0.901639344262295,0.945544554455445,0.833333333333333,0.166666666666667,0.285714285714286,1,0.166666666666667,0.166666666666667
0,Family,Mother,10,0_1_0,1,0.769230769230769,0.625,0.821782178217822,0.625,1,1,1,1,1
0,Family,Mother,10,1_0_0,1,0.579710144927536,0.408163265306122,0.569306930693069,0.408163265306122,1,1,1,1,1
0,Family,Mother,10,1_1_1,1,0.764331210191083,0.618556701030928,0.816831683168317,0.618556701030928,1,1,1,1,1
0,Family,Mother,15,0_0_0,0.75,0.857142857142857,1,0.925742574257426,0.75,0,0,0,0,0
0,Family,Mother,15,0_0_1,0.916666666666667,0.88,0.846153846153846,0.925742574257426,0.785714285714286,0.444444444444444,0.615384615384615,1,0.444444444444444,0.444444444444444
0,Family,Mother,15,0_1_0,1,0.769230769230769,0.625,0.821782178217822,0.625,1,1,1,1,1
0,Family,Mother,15,1_0_0,1,0.547945205479452,0.377358490566038,0.50990099009901,0.377358490566038,1,1,1,1,1
0,Family,Mother,15,1_1_1,0.983333333333333,0.786666666666667,0.655555555555556,0.841584158415841,0.648351648351648,0.888888888888889,0.941176470588235,1,0.888888888888889,0.888888888888889
0,Family,Mother,20,0_0_0,0.65,0.787878787878788,1,0.896039603960396,0.65,0,0,0,0,0
0,Family,Mother,20,0_0_1,0.9,0.878048780487805,0.857142857142857,0.925742574257426,0.782608695652174,0.5,0.666666666666667,1,0.5,0.5
0,Family,Mother,20,0_1_0,0.95,0.77027027027027,0.647727272727273,0.831683168316832,0.626373626373626,0.75,0.857142857142857,1,0.75,0.75
0,Family,Mother,20,1_0_0,1,0.576923076923077,0.405405405405405,0.564356435643564,0.405405405405405,1,1,1,1,1
0,Family,Mother,20,1_1_1,0.0833333333333333,0.0595238095238095,0.0462962962962963,0.217821782178218,0.0306748466257669,0.166666666666667,0.285714285714286,1,0.166666666666667,0.166666666666667
0,Family,Mother,25,0_0_0,0.6,0.75,1,0.881188118811881,0.6,0,0,0,0,0
0,Family,Mother,25,0_0_1,0.916666666666667,0.916666666666667,0.916666666666667,0.95049504950495,0.846153846153846,0.666666666666667,0.8,1,0.666666666666667,0.666666666666667
0,Family,Mother,25,0_1_0,0.966666666666667,0.768211920529801,0.637362637362637,0.826732673267327,0.623655913978495,0.866666666666667,0.928571428571429,1,0.866666666666667,0.866666666666667
0,Family,Mother,25,1_0_0,1,0.597014925373134,0.425531914893617,0.599009900990099,0.425531914893617,1,1,1,1,1
0,Family,Mother,25,1_1_1,0.15,0.103448275862069,0.0789473684210526,0.227722772277228,0.0545454545454545,0.333333333333333,0.5,1,0.333333333333333,0.333333333333333
0,Family,Mother,30,0_0_0,0.55,0.709677419354839,1,0.866336633663366,0.55,0,0,0,0,0
0,Family,Mother,30,0_0_1,0.866666666666667,0.866666666666667,0.866666666666667,0.920792079207921,0.764705882352941,0.555555555555556,0.714285714285714,1,0.555555555555556,0.555555555555556
0,Family,Mother,30,0_1_0,0.916666666666667,0.785714285714286,0.6875,0.851485148514851,0.647058823529412,0.722222222222222,0.838709677419355,1,0.722222222222222,0.722222222222222
0,Family,Mother,30,1_0_0,1,0.606060606060606,0.434782608695652,0.613861386138614,0.434782608695652,1,1,1,1,1
0,Family,Mother,30,1_1_1,0.0833333333333333,0.0588235294117647,0.0454545454545455,0.207920792079208,0.0303030303030303,0.166666666666667,0.285714285714286,1,0.166666666666667,0.166666666666667
0,Family,Mother,35,0_0_0,0.483333333333333,0.651685393258427,1,0.846534653465347,0.483333333333333,0,0,0,0,0
0,Family,Mother,35,0_0_1,0.866666666666667,0.866666666666667,0.866666666666667,0.920792079207921,0.764705882352941,0.619047619047619,0.764705882352941,1,0.619047619047619,0.619047619047619
0,Family,Mother,35,0_1_0,0.866666666666667,0.806201550387597,0.753623188405797,0.876237623762376,0.675324675324675,0.619047619047619,0.764705882352941,1,0.619047619047619,0.619047619047619
0,Family,Mother,35,1_0_0,1,0.552995391705069,0.382165605095541,0.51980198019802,0.382165605095541,1,1,1,1,1
0,Family,Mother,35,1_1_1,0.183333333333333,0.138364779874214,0.111111111111111,0.321782178217822,0.0743243243243243,0.380952380952381,0.551724137931034,1,0.380952380952381,0.380952380952381
0,Family,Mother,40,0_0_0,0.1,0.181818181818182,1,0.732673267326733,0.1,0,0,0,0,0
0,Family,Mother,40,0_0_1,0.666666666666667,0.740740740740741,0.833333333333333,0.861386138613861,0.588235294117647,0.166666666666667,0.285714285714286,1,0.166666666666667,0.166666666666667
0,Family,Mother,40,0_1_0,0.9,0.744827586206897,0.635294117647059,0.816831683168317,0.593406593406593,0.75,0.857142857142857,1,0.75,0.75
0,Family,Mother,40,1_0_0,1,0.535714285714286,0.365853658536585,0.485148514851485,0.365853658536585,1,1,1,1,1
0,Family,Mother,40,1_1_1,0.0166666666666667,0.0121212121212121,0.00952380952380952,0.193069306930693,0.00609756097560976,0.0416666666666667,0.08,1,0.0416666666666667,0.0416666666666667
0,Family,Mother,45,0_0_0,0.1,0.181818181818182,1,0.732673267326733,0.1,0,0,0,0,0
0,Family,Mother,45,0_0_1,0.566666666666667,0.708333333333333,0.944444444444444,0.861386138613861,0.548387096774194,0.037037037037037,0.0714285714285714,1,0.037037037037037,0.037037037037037
0,Family,Mother,45,0_1_0,0.816666666666667,0.601226993865031,0.475728155339806,0.678217821782178,0.429824561403509,0.592592592592593,0.744186046511628,1,0.592592592592593,0.592592592592593
0,Family,Mother,45,1_0_0,1,0.483870967741936,0.319148936170213,0.366336633663366,0.319148936170213,1,1,1,1,1
0,Family,Mother,45,1_1_1,0.0166666666666667,0.0119760479041916,0.00934579439252336,0.183168316831683,0.00602409638554217,0.037037037037037,0.0714285714285714,1,0.037037037037037,0.037037037037037
0,Family,Mother,50,0_0_0,0.05,0.0952380952380952,1,0.717821782178218,0.05,0,0,0,0,0
0,Family,Mother,50,0_0_1,0.5,0.645161290322581,0.909090909090909,0.836633663366337,0.476190476190476,0,0,0,0,0
0,Family,Mother,50,0_1_0,0.816666666666667,0.616352201257862,0.494949494949495,0.698019801980198,0.445454545454545,0.633333333333333,0.775510204081633,1,0.633333333333333,0.633333333333333
0,Family,Mother,50,1_0_0,1,0.491803278688525,0.326086956521739,0.386138613861386,0.326086956521739,1,1,1,1,1
0,Family,Mother,50,1_1_1,0.0333333333333333,0.0239520958083832,0.0186915887850467,0.193069306930693,0.0121212121212121,0.0666666666666667,0.125,1,0.0666666666666667,0.0666666666666667
0,Family,Mother,55,0_0_0,0.05,0.0952380952380952,1,0.717821782178218,0.05,0,0,0,0,0
0,Family,Mother,55,0_0_1,0.466666666666667,0.629213483146067,0.96551724137931,0.836633663366337,0.459016393442623,0.0303030303030303,0.0588235294117647,1,0.0303030303030303,0.0303030303030303
0,Family,Mother,55,0_1_0,0.8,0.615384615384615,0.5,0.702970297029703,0.444444444444444,0.636363636363636,0.777777777777778,1,0.636363636363636,0.636363636363636
0,Family,Mother,55,1_0_0,0.983333333333333,0.506437768240343,0.341040462427746,0.430693069306931,0.339080459770115,0.96969696969697,0.984615384615385,1,0.96969696969697,0.96969696969697
0,Family,Mother,55,1_1_1,0.0333333333333333,0.0242424242424242,0.0190476190476191,0.202970297029703,0.0122699386503067,0.0606060606060606,0.114285714285714,1,0.0606060606060606,0.0606060606060606
0,Family,Mother,60,0_0_0,0.0333333333333333,0.0645161290322581,1,0.712871287128713,0.0333333333333333,0,0,0,0,0
0,Family,Mother,60,0_0_1,0.4,0.551724137931034,0.888888888888889,0.806930693069307,0.380952380952381,0,0,0,0,0
0,Family,Mother,60,0_1_0,0.816666666666667,0.628205128205128,0.510416666666667,0.712871287128713,0.457943925233645,0.694444444444444,0.819672131147541,1,0.694444444444444,0.694444444444444
0,Family,Mother,60,1_0_0,0.983333333333333,0.51528384279476,0.349112426035503,0.45049504950495,0.347058823529412,0.972222222222222,0.985915492957746,1,0.972222222222222,0.972222222222222
0,Family,Mother,60,1_1_1,0.0166666666666667,0.0120481927710843,0.00943396226415094,0.188118811881188,0.00606060606060606,0.0277777777777778,0.0540540540540541,1,0.0277777777777778,0.0277777777777778
0,Family,Mother,65,0_0_0,0.0166666666666667,0.0327868852459016,1,0.707920792079208,0.0166666666666667,0,0,0,0,0
0,Family,Mother,65,0_0_1,0.566666666666667,0.693877551020408,0.894736842105263,0.851485148514851,0.53125,0.333333333333333,0.5,1,0.333333333333333,0.333333333333333
0,Family,Mother,65,0_1_0,0.633333333333333,0.603174603174603,0.575757575757576,0.752475247524752,0.431818181818182,0.435897435897436,0.607142857142857,1,0.435897435897436,0.435897435897436
0,Family,Mother,65,1_0_0,1,0.591133004926108,0.41958041958042,0.589108910891089,0.41958041958042,1,1,1,1,1
0,Family,Mother,65,1_1_1,0.283333333333333,0.354166666666667,0.472222222222222,0.693069306930693,0.215189873417721,0.0256410256410256,0.05,1,0.0256410256410256,0.0256410256410256
0,Family,Mother,70,0_0_0,0.0166666666666667,0.0327868852459016,1,0.707920792079208,0.0166666666666667,0,0,0,0,0
0,Family,Mother,70,0_0_1,0.466666666666667,0.608695652173913,0.875,0.821782178217822,0.4375,0.238095238095238,0.384615384615385,1,0.238095238095238,0.238095238095238
0,Family,Mother,70,0_1_0,0.583333333333333,0.593220338983051,0.603448275862069,0.762376237623762,0.421686746987952,0.404761904761905,0.576271186440678,1,0.404761904761905,0.404761904761905
0,Family,Mother,70,1_0_0,0.966666666666667,0.610526315789474,0.446153846153846,0.633663366336634,0.439393939393939,0.952380952380952,0.975609756097561,1,0.952380952380952,0.952380952380952
0,Family,Mother,70,1_1_1,0.3,0.363636363636364,0.461538461538462,0.688118811881188,0.222222222222222,0.0952380952380952,0.173913043478261,1,0.0952380952380952,0.0952380952380952
0,Family,Mother,75,0_0_0,0.0166666666666667,0.0327868852459016,1,0.707920792079208,0.0166666666666667,0,0,0,0,0
0,Family,Mother,75,0_0_1,0.5,0.6,0.75,0.801980198019802,0.428571428571429,0.333333333333333,0.5,1,0.333333333333333,0.333333333333333
0,Family,Mother,75,0_1_0,0.683333333333333,0.661290322580645,0.640625,0.792079207920792,0.493975903614458,0.577777777777778,0.732394366197183,1,0.577777777777778,0.577777777777778
0,Family,Mother,75,1_0_0,0.983333333333333,0.575609756097561,0.406896551724138,0.569306930693069,0.404109589041096,0.977777777777778,0.98876404494382,1,0.977777777777778,0.977777777777778
0,Family,Mother,75,1_1_1,0.466666666666667,0.307692307692308,0.229508196721311,0.376237623762376,0.181818181818182,0.466666666666667,0.636363636363636,1,0.466666666666667,0.466666666666667
0,Family,Mother,80,0_0_0,0.0833333333333333,0.153846153846154,1,0.727722772277228,0.0833333333333333,0,0,0,0,0
0,Family,Mother,80,0_0_1,0.55,0.616822429906542,0.702127659574468,0.797029702970297,0.445945945945946,0.4375,0.608695652173913,1,0.4375,0.4375
0,Family,Mother,80,0_1_0,0.8,0.721804511278195,0.657534246575342,0.816831683168317,0.564705882352941,0.75,0.857142857142857,1,0.75,0.75
0,Family,Mother,80,1_0_0,0.966666666666667,0.623655913978495,0.46031746031746,0.653465346534653,0.453125,0.958333333333333,0.978723404255319,1,0.958333333333333,0.958333333333333
0,Family,Mother,80,1_1_1,0.4,0.39344262295082,0.387096774193548,0.633663366336634,0.244897959183673,0.3125,0.476190476190476,1,0.3125,0.3125
0,Family,Sister,0,0_0_0,0.619047619047619,0.764705882352941,1,0.920792079207921,0.619047619047619,,,,,
0,Family,Sister,0,0_0_1,1,0.884210526315789,0.792452830188679,0.945544554455445,0.792452830188679,,,,,
0,Family,Sister,0,0_1_0,1,0.857142857142857,0.75,0.930693069306931,0.75,,,,,
0,Family,Sister,0,1_0_0,1,0.383561643835616,0.23728813559322,0.331683168316832,0.23728813559322,,,,,
0,Family,Sister,0,1_1_1,0.619047619047619,0.311377245508982,0.208,0.430693069306931,0.184397163120567,,,,,
0,Family,Sister,5,0_0_0,0.595238095238095,0.746268656716418,1,0.915841584158416,0.595238095238095,0,0,0,0,0
0,Family,Sister,5,0_0_1,1,0.893617021276596,0.807692307692308,0.95049504950495,0.807692307692308,1,1,1,1,1
0,Family,Sister,5,0_1_0,1,0.848484848484848,0.736842105263158,0.925742574257426,0.736842105263158,1,1,1,1,1
0,Family,Sister,5,1_0_0,1,0.385321100917431,0.238636363636364,0.336633663366337,0.238636363636364,1,1,1,1,1
0,Family,Sister,5,1_1_1,0.476190476190476,0.273972602739726,0.192307692307692,0.475247524752475,0.158730158730159,1,1,1,1,1
0,Family,Sister,10,0_0_0,0.428571428571429,0.6,1,0.881188118811881,0.428571428571429,0,0,0,0,0
0,Family,Sister,10,0_0_1,0.952380952380952,0.919540229885057,0.888888888888889,0.965346534653465,0.851063829787234,0.5,0.666666666666667,1,0.5,0.5
0,Family,Sister,10,0_1_0,1,0.717948717948718,0.56,0.836633663366337,0.56,1,1,1,1,1
0,Family,Sister,10,1_0_0,1,0.405797101449275,0.254545454545454,0.391089108910891,0.254545454545454,1,1,1,1,1
0,Family,Sister,10,1_1_1,0.833333333333333,0.330188679245283,0.205882352941176,0.297029702970297,0.19774011299435,1,1,1,1,1
0,Family,Sister,15,0_0_0,0.333333333333333,0.5,1,0.861386138613861,0.333333333333333,0,0,0,0,0
0,Family,Sister,15,0_0_1,0.880952380952381,0.936708860759494,1,0.975247524752475,0.880952380952381,0.166666666666667,0.285714285714286,1,0.166666666666667,0.166666666666667
0,Family,Sister,15,0_1_0,1,0.730434782608696,0.575342465753425,0.846534653465347,0.575342465753425,1,1,1,1,1
0,Family,Sister,15,1_0_0,1,0.394366197183099,0.245614035087719,0.361386138613861,0.245614035087719,1,1,1,1,1
0,Family,Sister,15,1_1_1,0.857142857142857,0.324324324324324,0.2,0.257425742574257,0.193548387096774,0.833333333333333,0.909090909090909,1,0.833333333333333,0.833333333333333
0,Family,Sister,20,0_0_0,0.285714285714286,0.444444444444444,1,0.851485148514851,0.285714285714286,0,0,0,0,0
0,Family,Sister,20,0_0_1,0.833333333333333,0.897435897435897,0.972222222222222,0.96039603960396,0.813953488372093,0.125,0.222222222222222,1,0.125,0.125
0,Family,Sister,20,0_1_0,1,0.724137931034483,0.567567567567568,0.841584158415841,0.567567567567568,1,1,1,1,1
0,Family,Sister,20,1_0_0,1,0.392523364485981,0.244186046511628,0.356435643564356,0.244186046511628,1,1,1,1,1
0,Family,Sister,20,1_1_1,0.880952380952381,0.352380952380952,0.220238095238095,0.326732673267327,0.213872832369942,0.75,0.857142857142857,1,0.75,0.75
0,Family,Sister,25,0_0_0,0.261904761904762,0.415094339622642,1,0.846534653465347,0.261904761904762,0,0,0,0,0
0,Family,Sister,25,0_0_1,0.80952380952381,0.894736842105263,1,0.96039603960396,0.80952380952381,0.2,0.333333333333333,1,0.2,0.2
0,Family,Sister,25,0_1_0,1,0.777777777777778,0.636363636363636,0.881188118811881,0.636363636363636,1,1,1,1,1
0,Family,Sister,25,1_0_0,1,0.387096774193548,0.24,0.341584158415842,0.24,1,1,1,1,1
0,Family,Sister,25,1_1_1,0.833333333333333,0.330188679245283,0.205882352941176,0.297029702970297,0.19774011299435,0.8,0.888888888888889,1,0.8,0.8
0,Family,Sister,30,0_0_0,0.380952380952381,0.551724137931034,1,0.871287128712871,0.380952380952381,0,0,0,0,0
0,Family,Sister,30,0_0_1,0.833333333333333,0.813953488372093,0.795454545454545,0.920792079207921,0.686274509803922,0.416666666666667,0.588235294117647,1,0.416666666666667,0.416666666666667
0,Family,Sister,30,0_1_0,1,0.770642201834862,0.626865671641791,0.876237623762376,0.626865671641791,1,1,1,1,1
0,Family,Sister,30,1_0_0,1,0.411764705882353,0.259259259259259,0.405940594059406,0.259259259259259,1,1,1,1,1
0,Family,Sister,30,1_1_1,0.904761904761905,0.343891402714932,0.212290502793296,0.282178217821782,0.207650273224044,0.916666666666667,0.956521739130435,1,0.916666666666667,0.916666666666667
0,Family,Sister,35,0_0_0,0.285714285714286,0.444444444444444,1,0.851485148514851,0.285714285714286,0,0,0,0,0
0,Family,Sister,35,0_0_1,0.785714285714286,0.846153846153846,0.916666666666667,0.940594059405941,0.733333333333333,0.357142857142857,0.526315789473684,1,0.357142857142857,0.357142857142857
0,Family,Sister,35,0_1_0,0.785714285714286,0.857142857142857,0.942857142857143,0.945544554455445,0.75,0.357142857142857,0.526315789473684,1,0.357142857142857,0.357142857142857
0,Family,Sister,35,1_0_0,1,0.422110552763819,0.267515923566879,0.430693069306931,0.267515923566879,1,1,1,1,1
0,Family,Sister,35,1_1_1,0.0714285714285714,0.117647058823529,0.333333333333333,0.777227722772277,0.0625,0,0,0,0,0
0,Family,Sister,40,0_0_0,0.19047619047619,0.32,1,0.831683168316832,0.19047619047619,0,0,0,0,0
0,Family,Sister,40,0_0_1,0.761904761904762,0.831168831168831,0.914285714285714,0.935643564356436,0.711111111111111,0.375,0.545454545454545,1,0.375,0.375
0,Family,Sister,40,0_1_0,0.785714285714286,0.846153846153846,0.916666666666667,0.940594059405941,0.733333333333333,0.4375,0.608695652173913,1,0.4375,0.4375
0,Family,Sister,40,1_0_0,1,0.411764705882353,0.259259259259259,0.405940594059406,0.259259259259259,1,1,1,1,1
0,Family,Sister,40,1_1_1,0.0714285714285714,0.125,0.5,0.792079207920792,0.0666666666666667,0,0,0,0,0
0,Family,Sister,45,0_0_0,0.19047619047619,0.32,1,0.831683168316832,0.19047619047619,0,0,0,0,0
0,Family,Sister,45,0_0_1,0.666666666666667,0.788732394366197,0.96551724137931,0.925742574257426,0.651162790697674,0.222222222222222,0.363636363636364,1,0.222222222222222,0.222222222222222
0,Family,Sister,45,0_1_0,0.761904761904762,0.842105263157895,0.941176470588235,0.940594059405941,0.727272727272727,0.444444444444444,0.615384615384615,1,0.444444444444444,0.444444444444444
0,Family,Sister,45,1_0_0,1,0.43979057591623,0.281879194630872,0.47029702970297,0.281879194630872,1,1,1,1,1
0,Family,Sister,45,1_1_1,0.0476190476190476,0.0833333333333333,0.333333333333333,0.782178217821782,0.0434782608695652,0,0,0,0,0
0,Family,Sister,50,0_0_0,0.0714285714285714,0.133333333333333,1,0.806930693069307,0.0714285714285714,0,0,0,0,0
0,Family,Sister,50,0_0_1,0.595238095238095,0.72463768115942,0.925925925925926,0.905940594059406,0.568181818181818,0.19047619047619,0.32,1,0.19047619047619,0.19047619047619
0,Family,Sister,50,0_1_0,0.666666666666667,0.777777777777778,0.933333333333333,0.920792079207921,0.636363636363636,0.333333333333333,0.5,1,0.333333333333333,0.333333333333333
0,Family,Sister,50,1_0_0,1,0.451612903225806,0.291666666666667,0.495049504950495,0.291666666666667,1,1,1,1,1
0,Family,Sister,50,1_1_1,0.0238095238095238,0.0434782608695652,0.25,0.782178217821782,0.0222222222222222,0,0,0,0,0
0,Family,Sister,55,0_0_0,0.0714285714285714,0.133333333333333,1,0.806930693069307,0.0714285714285714,0,0,0,0,0
0,Family,Sister,55,0_0_1,0.547619047619048,0.686567164179104,0.92,0.896039603960396,0.522727272727273,0.173913043478261,0.296296296296296,1,0.173913043478261,0.173913043478261
0,Family,Sister,55,0_1_0,0.595238095238095,0.735294117647059,0.961538461538462,0.910891089108911,0.581395348837209,0.260869565217391,0.413793103448276,1,0.260869565217391,0.260869565217391
0,Family,Sister,55,1_0_0,1,0.444444444444444,0.285714285714286,0.48019801980198,0.285714285714286,1,1,1,1,1
0,Family,Sister,55,1_1_1,0.0238095238095238,0.0408163265306122,0.142857142857143,0.767326732673267,0.0208333333333333,0,0,0,0,0
0,Family,Sister,60,0_0_0,0.0714285714285714,0.133333333333333,1,0.806930693069307,0.0714285714285714,0,0,0,0,0
0,Family,Sister,60,0_0_1,0.476190476190476,0.634920634920635,0.952380952380952,0.886138613861386,0.465116279069767,0.12,0.214285714285714,1,0.12,0.12
0,Family,Sister,60,0_1_0,0.571428571428571,0.666666666666667,0.8,0.881188118811881,0.5,0.28,0.4375,1,0.28,0.28
0,Family,Sister,60,1_0_0,1,0.482758620689655,0.318181818181818,0.554455445544555,0.318181818181818,1,1,1,1,1
0,Family,Sister,60,1_1_1,0.0476190476190476,0.0677966101694915,0.117647058823529,0.727722772277228,0.0350877192982456,0,0,0,0,0
0,Family,Sister,65,0_0_0,0.0476190476190476,0.0909090909090909,1,0.801980198019802,0.0476190476190476,0,0,0,0,0
0,Family,Sister,65,0_0_1,0.452380952380952,0.603174603174603,0.904761904761905,0.876237623762376,0.431818181818182,0.148148148148148,0.258064516129032,1,0.148148148148148,0.148148148148148
0,Family,Sister,65,0_1_0,0.547619047619048,0.657142857142857,0.821428571428571,0.881188118811881,0.48936170212766,0.296296296296296,0.457142857142857,1,0.296296296296296,0.296296296296296
0,Family,Sister,65,1_0_0,1,0.471910112359551,0.308823529411765,0.534653465346535,0.308823529411765,1,1,1,1,1
0,Family,Sister,65,1_1_1,0.0714285714285714,0.111111111111111,0.25,0.762376237623762,0.0588235294117647,0,0,0,0,0
0,Family,Sister,70,0_0_0,0.0476190476190476,0.0909090909090909,1,0.801980198019802,0.0476190476190476,0,0,0,0,0
0,Family,Sister,70,0_0_1,0.380952380952381,0.524590163934426,0.842105263157895,0.856435643564356,0.355555555555556,0.103448275862069,0.1875,1,0.103448275862069,0.103448275862069
0,Family,Sister,70,0_1_0,0.476190476190476,0.571428571428571,0.714285714285714,0.851485148514851,0.4,0.241379310344828,0.388888888888889,1,0.241379310344828,0.241379310344828
0,Family,Sister,70,1_0_0,1,0.466666666666667,0.304347826086957,0.524752475247525,0.304347826086957,1,1,1,1,1
0,Family,Sister,70,1_1_1,0.0238095238095238,0.0416666666666667,0.166666666666667,0.772277227722772,0.0212765957446808,0,0,0,0,0
0,Family,Sister,75,0_0_0,0.0238095238095238,0.0465116279069768,1,0.797029702970297,0.0238095238095238,0,0,0,0,0
0,Family,Sister,75,0_0_1,0.285714285714286,0.428571428571429,0.857142857142857,0.841584158415841,0.272727272727273,0.032258064516129,0.0625,1,0.032258064516129,0.032258064516129
0,Family,Sister,75,0_1_0,0.404761904761905,0.53968253968254,0.80952380952381,0.856435643564356,0.369565217391304,0.193548387096774,0.324324324324324,1,0.193548387096774,0.193548387096774
0,Family,Sister,75,1_0_0,1,0.485549132947977,0.320610687022901,0.559405940594059,0.320610687022901,1,1,1,1,1
0,Family,Sister,75,1_1_1,0.0476190476190476,0.08,0.25,0.772277227722772,0.0416666666666667,0,0,0,0,0
0,Family,Sister,80,0_0_0,0.119047619047619,0.212765957446808,1,0.816831683168317,0.119047619047619,0,0,0,0,0
0,Family,Sister,80,0_0_1,0.404761904761905,0.566666666666667,0.944444444444444,0.871287128712871,0.395348837209302,0.242424242424242,0.390243902439024,1,0.242424242424242,0.242424242424242
0,Family,Sister,80,0_1_0,0.642857142857143,0.72,0.818181818181818,0.896039603960396,0.5625,0.545454545454545,0.705882352941176,1,0.545454545454545,0.545454545454545
0,Family,Sister,80,1_0_0,1,0.459016393442623,0.297872340425532,0.50990099009901,0.297872340425532,1,1,1,1,1
0,Family,Sister,80,1_1_1,0.285714285714286,0.380952380952381,0.571428571428571,0.806930693069307,0.235294117647059,0.0909090909090909,0.166666666666667,1,0.0909090909090909,0.0909090909090909
0,Family,Son,0,0_0_0,0.230769230769231,0.375,1,0.801980198019802,0.230769230769231,,,,,
0,Family,Son,0,0_0_1,1,0.936936936936937,0.88135593220339,0.965346534653465,0.88135593220339,,,,,
0,Family,Son,0,0_1_0,1,0.818897637795276,0.693333333333333,0.886138613861386,0.693333333333333,,,,,
0,Family,Son,0,1_0_0,1,0.485981308411215,0.320987654320988,0.455445544554455,0.320987654320988,,,,,
0,Family,Son,0,1_1_1,0.192307692307692,0.165289256198347,0.144927536231884,0.5,0.0900900900900901,,,,,
0,Family,Son,5,0_0_0,0.230769230769231,0.375,1,0.801980198019802,0.230769230769231,0,0,0,0,0
0,Family,Son,5,0_0_1,1,0.920353982300885,0.852459016393443,0.955445544554455,0.852459016393443,1,1,1,1,1
0,Family,Son,5,0_1_0,1,0.8125,0.68421052631579,0.881188118811881,0.68421052631579,1,1,1,1,1
0,Family,Son,5,1_0_0,1,0.483720930232558,0.319018404907975,0.45049504950495,0.319018404907975,1,1,1,1,1
0,Family,Son,5,1_1_1,0.307692307692308,0.246153846153846,0.205128205128205,0.514851485148515,0.140350877192982,0.5,0.666666666666667,1,0.5,0.5
0,Family,Son,10,0_0_0,0.0576923076923077,0.109090909090909,1,0.757425742574257,0.0576923076923077,0,0,0,0,0
0,Family,Son,10,0_0_1,0.980769230769231,0.953271028037383,0.927272727272727,0.975247524752475,0.910714285714286,0.8,0.888888888888889,1,0.8,0.8
0,Family,Son,10,0_1_0,0.980769230769231,0.990291262135922,1,0.995049504950495,0.980769230769231,0.8,0.888888888888889,1,0.8,0.8
0,Family,Son,10,1_0_0,1,0.490566037735849,0.325,0.465346534653465,0.325,1,1,1,1,1
0,Family,Son,10,1_1_1,0.480769230769231,0.40983606557377,0.357142857142857,0.643564356435644,0.257731958762887,0.2,0.333333333333333,1,0.2,0.2
0,Family,Son,15,0_0_0,0.0384615384615385,0.0740740740740741,1,0.752475247524752,0.0384615384615385,0,0,0,0,0
0,Family,Son,15,0_0_1,0.961538461538462,0.934579439252336,0.909090909090909,0.965346534653465,0.87719298245614,0.714285714285714,0.833333333333333,1,0.714285714285714,0.714285714285714
0,Family,Son,15,0_1_0,0.961538461538462,0.980392156862745,1,0.99009900990099,0.961538461538462,0.714285714285714,0.833333333333333,1,0.714285714285714,0.714285714285714
0,Family,Son,15,1_0_0,1,0.474885844748858,0.311377245508982,0.430693069306931,0.311377245508982,1,1,1,1,1
0,Family,Son,15,1_1_1,0.557692307692308,0.420289855072464,0.337209302325581,0.603960396039604,0.26605504587156,0.142857142857143,0.25,1,0.142857142857143,0.142857142857143
0,Family,Son,20,0_0_0,0.0576923076923077,0.109090909090909,1,0.757425742574257,0.0576923076923077,0,0,0,0,0
0,Family,Son,20,0_0_1,0.942307692307692,0.933333333333333,0.924528301886793,0.965346534653465,0.875,0.7,0.823529411764706,1,0.7,0.7
0,Family,Son,20,0_1_0,0.923076923076923,0.96,1,0.98019801980198,0.923076923076923,0.6,0.75,1,0.6,0.6
0,Family,Son,20,1_0_0,1,0.52,0.351351351351351,0.524752475247525,0.351351351351351,1,1,1,1,1
0,Family,Son,20,1_1_1,0.75,0.478527607361963,0.351351351351351,0.579207920792079,0.314516129032258,0.4,0.571428571428571,1,0.4,0.4
0,Family,Son,25,0_0_0,0.115384615384615,0.206896551724138,1,0.772277227722772,0.115384615384615,0,0,0,0,0
0,Family,Son,25,0_0_1,0.865384615384615,0.918367346938775,0.978260869565217,0.96039603960396,0.849056603773585,0.461538461538462,0.631578947368421,1,0.461538461538462,0.461538461538462
0,Family,Son,25,0_1_0,0.961538461538462,0.970873786407767,0.980392156862745,0.985148514851485,0.943396226415094,0.846153846153846,0.916666666666667,1,0.846153846153846,0.846153846153846
0,Family,Son,25,1_0_0,1,0.488262910798122,0.322981366459627,0.46039603960396,0.322981366459627,1,1,1,1,1
0,Family,Son,25,1_1_1,1,0.442553191489362,0.284153005464481,0.351485148514851,0.284153005464481,1,1,1,1,1
0,Family,Son,30,0_0_0,0.0384615384615385,0.0740740740740741,1,0.752475247524752,0.0384615384615385,0,0,0,0,0
0,Family,Son,30,0_0_1,0.769230769230769,0.816326530612245,0.869565217391304,0.910891089108911,0.689655172413793,0.2,0.333333333333333,1,0.2,0.2
0,Family,Son,30,0_1_0,1,0.825396825396825,0.702702702702703,0.891089108910891,0.702702702702703,1,1,1,1,1
0,Family,Son,30,1_0_0,1,0.464285714285714,0.302325581395349,0.405940594059406,0.302325581395349,1,1,1,1,1
0,Family,Son,30,1_1_1,0.865384615384615,0.633802816901409,0.5,0.742574257425743,0.463917525773196,0.866666666666667,0.928571428571429,1,0.866666666666667,0.866666666666667
0,Family,Son,35,0_0_0,0.0192307692307692,0.0377358490566038,1,0.747524752475248,0.0192307692307692,0,0,0,0,0
0,Family,Son,35,0_0_1,0.711538461538462,0.778947368421053,0.86046511627907,0.896039603960396,0.637931034482759,0.166666666666667,0.285714285714286,1,0.166666666666667,0.166666666666667
0,Family,Son,35,0_1_0,0.942307692307692,0.809917355371901,0.710144927536232,0.886138613861386,0.680555555555556,0.833333333333333,0.909090909090909,1,0.833333333333333,0.833333333333333
0,Family,Son,35,1_0_0,1,0.472727272727273,0.30952380952381,0.425742574257426,0.30952380952381,1,1,1,1,1
0,Family,Son,35,1_1_1,0.826923076923077,0.671875,0.56578947368421,0.792079207920792,0.505882352941176,0.833333333333333,0.909090909090909,1,0.833333333333333,0.833333333333333
0,Family,Son,40,0_0_0,0.0192307692307692,0.0377358490566038,1,0.747524752475248,0.0192307692307692,0,0,0,0,0
0,Family,Son,40,0_0_1,0.653846153846154,0.755555555555556,0.894736842105263,0.891089108910891,0.607142857142857,0.1,0.181818181818182,1,0.1,0.1
0,Family,Son,40,0_1_0,0.846153846153846,0.765217391304348,0.698412698412698,0.866336633663366,0.619718309859155,0.6,0.75,1,0.6,0.6
0,Family,Son,40,1_0_0,1,0.47926267281106,0.315151515151515,0.440594059405941,0.315151515151515,1,1,1,1,1
0,Family,Son,40,1_1_1,0.807692307692308,0.65625,0.552631578947368,0.782178217821782,0.488372093023256,0.75,0.857142857142857,1,0.75,0.75
0,Family,Son,45,0_0_0,0.0192307692307692,0.0377358490566038,1,0.747524752475248,0.0192307692307692,0,0,0,0,0
0,Family,Son,45,0_0_1,0.615384615384615,0.727272727272727,0.888888888888889,0.881188118811881,0.571428571428571,0.130434782608696,0.230769230769231,1,0.130434782608696,0.130434782608696
0,Family,Son,45,0_1_0,0.807692307692308,0.763636363636364,0.724137931034483,0.871287128712871,0.617647058823529,0.565217391304348,0.722222222222222,1,0.565217391304348,0.565217391304348
0,Family,Son,45,1_0_0,1,0.452173913043478,0.292134831460674,0.376237623762376,0.292134831460674,1,1,1,1,1
0,Family,Son,45,1_1_1,0.788461538461538,0.640625,0.539473684210526,0.772277227722772,0.471264367816092,0.739130434782609,0.85,1,0.739130434782609,0.739130434782609
0,Family,Son,50,0_0_0,0.0192307692307692,0.0377358490566038,1,0.747524752475248,0.0192307692307692,0,0,0,0,0
0,Family,Son,50,0_0_1,0.615384615384615,0.719101123595506,0.864864864864865,0.876237623762376,0.56140350877193,0.230769230769231,0.375,1,0.230769230769231,0.230769230769231
0,Family,Son,50,0_1_0,0.730769230769231,0.775510204081633,0.826086956521739,0.891089108910891,0.633333333333333,0.461538461538462,0.631578947368421,1,0.461538461538462,0.461538461538462
0,Family,Son,50,1_0_0,1,0.568306010928962,0.396946564885496,0.608910891089109,0.396946564885496,1,1,1,1,1
0,Family,Son,50,1_1_1,0.192307692307692,0.212765957446808,0.238095238095238,0.633663366336634,0.119047619047619,0,0,0,0,0
0,Family,Son,55,0_0_0,0,0,0,0.742574257425743,0,0,0,0,0,0
0,Family,Son,55,0_0_1,0.634615384615385,0.694736842105263,0.767441860465116,0.856435643564356,0.532258064516129,0.321428571428571,0.486486486486487,1,0.321428571428571,0.321428571428571
0,Family,Son,55,0_1_0,0.692307692307692,0.791208791208791,0.923076923076923,0.905940594059406,0.654545454545455,0.428571428571429,0.6,1,0.428571428571429,0.428571428571429
0,Family,Son,55,1_0_0,1,0.581005586592179,0.409448818897638,0.628712871287129,0.409448818897638,1,1,1,1,1
0,Family,Son,55,1_1_1,0.173076923076923,0.2,0.236842105263158,0.643564356435644,0.111111111111111,0,0,0,0,0
0,Family,Son,60,0_0_0,0,0,0,0.742574257425743,0,0,0,0,0,0
0,Family,Son,60,0_0_1,0.615384615384615,0.761904761904762,1,0.900990099009901,0.615384615384615,0.354838709677419,0.523809523809524,1,0.354838709677419,0.354838709677419
0,Family,Son,60,0_1_0,0.865384615384615,0.79646017699115,0.737704918032787,0.886138613861386,0.661764705882353,0.774193548387097,0.872727272727273,1,0.774193548387097,0.774193548387097
0,Family,Son,60,1_0_0,1,0.568306010928962,0.396946564885496,0.608910891089109,0.396946564885496,1,1,1,1,1
0,Family,Son,60,1_1_1,0.576923076923077,0.451127819548872,0.37037037037037,0.638613861386139,0.29126213592233,0.516129032258065,0.680851063829787,1,0.516129032258065,0.516129032258065
0,Family,Son,65,0_0_0,0,0,0,0.742574257425743,0,0,0,0,0,0
0,Family,Son,65,0_0_1,0.615384615384615,0.761904761904762,1,0.900990099009901,0.615384615384615,0.393939393939394,0.565217391304348,1,0.393939393939394,0.393939393939394
0,Family,Son,65,0_1_0,0.846153846153846,0.8,0.758620689655172,0.891089108910891,0.666666666666667,0.757575757575758,0.862068965517241,1,0.757575757575758,0.757575757575758
0,Family,Son,65,1_0_0,1,0.574585635359116,0.403100775193798,0.618811881188119,0.403100775193798,1,1,1,1,1
0,Family,Son,65,1_1_1,0.519230769230769,0.457627118644068,0.409090909090909,0.683168316831683,0.296703296703297,0.424242424242424,0.595744680851064,1,0.424242424242424,0.424242424242424
0,Family,Son,70,0_0_0,0.0192307692307692,0.0377358490566038,1,0.747524752475248,0.0192307692307692,0,0,0,0,0
0,Family,Son,70,0_0_1,0.442307692307692,0.613333333333333,1,0.856435643564356,0.442307692307692,0.194444444444444,0.325581395348837,1,0.194444444444444,0.194444444444444
0,Family,Son,70,0_1_0,0.711538461538462,0.747474747474748,0.787234042553192,0.876237623762376,0.596774193548387,0.583333333333333,0.736842105263158,1,0.583333333333333,0.583333333333333
0,Family,Son,70,1_0_0,1,0.645962732919255,0.477064220183486,0.717821782178218,0.477064220183486,1,1,1,1,1
0,Family,Son,70,1_1_1,0.653846153846154,0.586206896551724,0.53125,0.762376237623762,0.414634146341463,0.527777777777778,0.690909090909091,1,0.527777777777778,0.527777777777778
0,Family,Son,75,0_0_0,0,0,0,0.742574257425743,0,0,0,0,0,0
0,Family,Son,75,0_0_1,0.403846153846154,0.575342465753425,1,0.846534653465347,0.403846153846154,0.205128205128205,0.340425531914894,1,0.205128205128205,0.205128205128205
0,Family,Son,75,0_1_0,0.576923076923077,0.697674418604651,0.882352941176471,0.871287128712871,0.535714285714286,0.435897435897436,0.607142857142857,1,0.435897435897436,0.435897435897436
0,Family,Son,75,1_0_0,1,0.622754491017964,0.452173913043478,0.688118811881188,0.452173913043478,1,1,1,1,1
0,Family,Son,75,1_1_1,0.711538461538462,0.569230769230769,0.474358974358974,0.722772277227723,0.397849462365591,0.641025641025641,0.78125,1,0.641025641025641,0.641025641025641
0,Family,Son,80,0_0_0,0,0,0,0.742574257425743,0,0,0,0,0,0
0,Family,Son,80,0_0_1,0.384615384615385,0.555555555555556,1,0.841584158415841,0.384615384615385,0.219512195121951,0.36,1,0.219512195121951,0.219512195121951
0,Family,Son,80,0_1_0,0.634615384615385,0.758620689655172,0.942857142857143,0.896039603960396,0.611111111111111,0.536585365853659,0.698412698412698,1,0.536585365853659,0.536585365853659
0,Family,Son,80,1_0_0,1,0.615384615384615,0.444444444444444,0.678217821782178,0.444444444444444,1,1,1,1,1
0,Family,Son,80,1_1_1,0.788461538461538,0.569444444444444,0.445652173913043,0.693069306930693,0.398058252427184,0.75609756097561,0.861111111111111,1,0.75609756097561,0.75609756097561
