run,dataset,lambda_val,num_neighbors,class_name,removal,pqr,all_data_recall,all_data_f1,all_data_precision,all_data_accuracy,all_data_jaccard,removed_data_recall,removed_data_f1,removed_data_precision,removed_data_accuracy,removed_data_jaccard
0,Family,0.0,1,Brother,0,0_0_0,0.13333333333333333,0.23529411764705882,1.0,0.8712871287128713,0.13333333333333333,,,,,
0,Family,0.0,2,Brother,0,0_0_0,0.1,0.18181818181818182,1.0,0.8663366336633663,0.1,,,,,
0,Family,0.0,3,Brother,0,0_0_0,0.1,0.18181818181818182,1.0,0.8663366336633663,0.1,,,,,
0,Family,0.0,4,Brother,0,0_0_0,0.1,0.18181818181818182,1.0,0.8663366336633663,0.1,,,,,
0,Family,0.0,5,Brother,0,0_0_0,0.1,0.18181818181818182,1.0,0.8663366336633663,0.1,,,,,
0,Family,0.0,6,Brother,0,0_0_0,0.0,0.0,0.0,0.8514851485148515,0.0,,,,,
0,Family,0.0,7,Brother,0,0_0_0,0.0,0.0,0.0,0.8514851485148515,0.0,,,,,
0,Family,0.0,8,Brother,0,0_0_0,0.0,0.0,0.0,0.8514851485148515,0.0,,,,,
0,Family,0.0,9,Brother,0,0_0_0,0.0,0.0,0.0,0.8514851485148515,0.0,,,,,
0,Family,0.0,10,Brother,0,0_0_0,0.0,0.0,0.0,0.8514851485148515,0.0,,,,,
0,Family,0.0,11,Brother,0,0_0_0,0.0,0.0,0.0,0.8514851485148515,0.0,,,,,
0,Family,0.0,12,Brother,0,0_0_0,0.0,0.0,0.0,0.8514851485148515,0.0,,,,,
0,Family,0.0,13,Brother,0,0_0_0,0.0,0.0,0.0,0.8514851485148515,0.0,,,,,
0,Family,0.0,14,Brother,0,0_0_0,0.0,0.0,0.0,0.8514851485148515,0.0,,,,,
0,Family,0.0,15,Brother,0,0_0_0,0.0,0.0,0.0,0.8514851485148515,0.0,,,,,
0,Family,0.0,16,Brother,0,0_0_0,0.0,0.0,0.0,0.8514851485148515,0.0,,,,,
0,Family,0.0,17,Brother,0,0_0_0,0.0,0.0,0.0,0.8514851485148515,0.0,,,,,
0,Family,0.0,18,Brother,0,0_0_0,0.0,0.0,0.0,0.8514851485148515,0.0,,,,,
0,Family,0.0,19,Brother,0,0_0_0,0.0,0.0,0.0,0.8514851485148515,0.0,,,,,
0,Family,0.0,20,Brother,0,0_0_0,0.0,0.0,0.0,0.8514851485148515,0.0,,,,,
0,Family,0.0,21,Brother,0,0_0_0,0.0,0.0,0.0,0.8514851485148515,0.0,,,,,
0,Family,0.0,22,Brother,0,0_0_0,0.0,0.0,0.0,0.8514851485148515,0.0,,,,,
0,Family,0.0,23,Brother,0,0_0_0,0.0,0.0,0.0,0.8514851485148515,0.0,,,,,
0,Family,0.0,24,Brother,0,0_0_0,0.0,0.0,0.0,0.8514851485148515,0.0,,,,,
0,Family,0.0,25,Brother,0,0_0_0,0.0,0.0,0.0,0.8514851485148515,0.0,,,,,
0,Family,0.0,26,Brother,0,0_0_0,0.0,0.0,0.0,0.8514851485148515,0.0,,,,,
0,Family,0.0,27,Brother,0,0_0_0,0.0,0.0,0.0,0.8514851485148515,0.0,,,,,
0,Family,0.0,28,Brother,0,0_0_0,0.0,0.0,0.0,0.8514851485148515,0.0,,,,,
0,Family,0.0,29,Brother,0,0_0_0,0.0,0.0,0.0,0.8514851485148515,0.0,,,,,
0,Family,0.0,30,Brother,0,0_0_0,0.0,0.0,0.0,0.8514851485148515,0.0,,,,,
0,Family,0.0,31,Brother,0,0_0_0,0.0,0.0,0.0,0.8514851485148515,0.0,,,,,
0,Family,0.0,32,Brother,0,0_0_0,0.0,0.0,0.0,0.8514851485148515,0.0,,,,,
0,Family,0.0,33,Brother,0,0_0_0,0.0,0.0,0.0,0.8514851485148515,0.0,,,,,
0,Family,0.0,34,Brother,0,0_0_0,0.0,0.0,0.0,0.8514851485148515,0.0,,,,,
0,Family,0.0,35,Brother,0,0_0_0,0.0,0.0,0.0,0.8514851485148515,0.0,,,,,
0,Family,0.0,36,Brother,0,0_0_0,0.0,0.0,0.0,0.8514851485148515,0.0,,,,,
0,Family,0.0,37,Brother,0,0_0_0,0.0,0.0,0.0,0.8514851485148515,0.0,,,,,
0,Family,0.0,38,Brother,0,0_0_0,0.0,0.0,0.0,0.8514851485148515,0.0,,,,,
0,Family,0.0,39,Brother,0,0_0_0,0.0,0.0,0.0,0.8514851485148515,0.0,,,,,
0,Family,0.0,40,Brother,0,0_0_0,0.0,0.0,0.0,0.8514851485148515,0.0,,,,,
0,Family,0.0,41,Brother,0,0_0_0,0.0,0.0,0.0,0.8514851485148515,0.0,,,,,
0,Family,0.0,42,Brother,0,0_0_0,0.0,0.0,0.0,0.8514851485148515,0.0,,,,,
0,Family,0.0,43,Brother,0,0_0_0,0.0,0.0,0.0,0.8514851485148515,0.0,,,,,
0,Family,0.0,44,Brother,0,0_0_0,0.0,0.0,0.0,0.8514851485148515,0.0,,,,,
0,Family,0.0,45,Brother,0,0_0_0,0.0,0.0,0.0,0.8514851485148515,0.0,,,,,
0,Family,0.0,46,Brother,0,0_0_0,0.0,0.0,0.0,0.8514851485148515,0.0,,,,,
0,Family,0.0,47,Brother,0,0_0_0,0.0,0.0,0.0,0.8514851485148515,0.0,,,,,
0,Family,0.0,48,Brother,0,0_0_0,0.0,0.0,0.0,0.8514851485148515,0.0,,,,,
0,Family,0.0,49,Brother,0,0_0_0,0.0,0.0,0.0,0.8514851485148515,0.0,,,,,
0,Family,0.1,1,Brother,0,0_0_0,0.1,0.18181818181818182,1.0,0.8663366336633663,0.1,,,,,
0,Family,0.1,2,Brother,0,0_0_0,0.03333333333333333,0.06451612903225806,1.0,0.8564356435643564,0.03333333333333333,,,,,
0,Family,0.1,3,Brother,0,0_0_0,0.03333333333333333,0.06451612903225806,1.0,0.8564356435643564,0.03333333333333333,,,,,
0,Family,0.1,4,Brother,0,0_0_0,0.03333333333333333,0.06451612903225806,1.0,0.8564356435643564,0.03333333333333333,,,,,
0,Family,0.1,5,Brother,0,0_0_0,0.1,0.18181818181818182,1.0,0.8663366336633663,0.1,,,,,
0,Family,0.1,6,Brother,0,0_0_0,0.0,0.0,0.0,0.8514851485148515,0.0,,,,,
0,Family,0.1,7,Brother,0,0_0_0,0.0,0.0,0.0,0.8514851485148515,0.0,,,,,
0,Family,0.1,8,Brother,0,0_0_0,0.0,0.0,0.0,0.8514851485148515,0.0,,,,,
0,Family,0.1,9,Brother,0,0_0_0,0.0,0.0,0.0,0.8514851485148515,0.0,,,,,
0,Family,0.1,10,Brother,0,0_0_0,0.0,0.0,0.0,0.8514851485148515,0.0,,,,,
0,Family,0.1,11,Brother,0,0_0_0,0.0,0.0,0.0,0.8514851485148515,0.0,,,,,
0,Family,0.1,12,Brother,0,0_0_0,0.0,0.0,0.0,0.8514851485148515,0.0,,,,,
0,Family,0.1,13,Brother,0,0_0_0,0.0,0.0,0.0,0.8514851485148515,0.0,,,,,
0,Family,0.1,14,Brother,0,0_0_0,0.0,0.0,0.0,0.8514851485148515,0.0,,,,,
0,Family,0.1,15,Brother,0,0_0_0,0.0,0.0,0.0,0.8514851485148515,0.0,,,,,
0,Family,0.1,16,Brother,0,0_0_0,0.0,0.0,0.0,0.8514851485148515,0.0,,,,,
0,Family,0.1,17,Brother,0,0_0_0,0.0,0.0,0.0,0.8514851485148515,0.0,,,,,
0,Family,0.1,18,Brother,0,0_0_0,0.0,0.0,0.0,0.8514851485148515,0.0,,,,,
0,Family,0.1,19,Brother,0,0_0_0,0.0,0.0,0.0,0.8514851485148515,0.0,,,,,
0,Family,0.1,20,Brother,0,0_0_0,0.0,0.0,0.0,0.8514851485148515,0.0,,,,,
0,Family,0.1,21,Brother,0,0_0_0,0.0,0.0,0.0,0.8514851485148515,0.0,,,,,
0,Family,0.1,22,Brother,0,0_0_0,0.0,0.0,0.0,0.8514851485148515,0.0,,,,,
0,Family,0.1,23,Brother,0,0_0_0,0.0,0.0,0.0,0.8514851485148515,0.0,,,,,
0,Family,0.1,24,Brother,0,0_0_0,0.0,0.0,0.0,0.8514851485148515,0.0,,,,,
0,Family,0.1,25,Brother,0,0_0_0,0.0,0.0,0.0,0.8514851485148515,0.0,,,,,
0,Family,0.1,26,Brother,0,0_0_0,0.0,0.0,0.0,0.8514851485148515,0.0,,,,,
0,Family,0.1,27,Brother,0,0_0_0,0.0,0.0,0.0,0.8514851485148515,0.0,,,,,
0,Family,0.1,28,Brother,0,0_0_0,0.0,0.0,0.0,0.8514851485148515,0.0,,,,,
0,Family,0.1,29,Brother,0,0_0_0,0.0,0.0,0.0,0.8514851485148515,0.0,,,,,
0,Family,0.1,30,Brother,0,0_0_0,0.0,0.0,0.0,0.8514851485148515,0.0,,,,,
0,Family,0.1,31,Brother,0,0_0_0,0.0,0.0,0.0,0.8514851485148515,0.0,,,,,
0,Family,0.1,32,Brother,0,0_0_0,0.0,0.0,0.0,0.8514851485148515,0.0,,,,,
0,Family,0.1,33,Brother,0,0_0_0,0.0,0.0,0.0,0.8514851485148515,0.0,,,,,
0,Family,0.1,34,Brother,0,0_0_0,0.0,0.0,0.0,0.8514851485148515,0.0,,,,,
0,Family,0.1,35,Brother,0,0_0_0,0.0,0.0,0.0,0.8514851485148515,0.0,,,,,
0,Family,0.1,36,Brother,0,0_0_0,0.0,0.0,0.0,0.8514851485148515,0.0,,,,,
0,Family,0.1,37,Brother,0,0_0_0,0.0,0.0,0.0,0.8514851485148515,0.0,,,,,
0,Family,0.1,38,Brother,0,0_0_0,0.0,0.0,0.0,0.8514851485148515,0.0,,,,,
0,Family,0.1,39,Brother,0,0_0_0,0.0,0.0,0.0,0.8514851485148515,0.0,,,,,
0,Family,0.1,40,Brother,0,0_0_0,0.0,0.0,0.0,0.8514851485148515,0.0,,,,,
0,Family,0.1,41,Brother,0,0_0_0,0.0,0.0,0.0,0.8514851485148515,0.0,,,,,
0,Family,0.1,42,Brother,0,0_0_0,0.0,0.0,0.0,0.8514851485148515,0.0,,,,,
0,Family,0.1,43,Brother,0,0_0_0,0.0,0.0,0.0,0.8514851485148515,0.0,,,,,
0,Family,0.1,44,Brother,0,0_0_0,0.0,0.0,0.0,0.8514851485148515,0.0,,,,,
0,Family,0.1,45,Brother,0,0_0_0,0.0,0.0,0.0,0.8514851485148515,0.0,,,,,
0,Family,0.1,46,Brother,0,0_0_0,0.0,0.0,0.0,0.8514851485148515,0.0,,,,,
0,Family,0.1,47,Brother,0,0_0_0,0.0,0.0,0.0,0.8514851485148515,0.0,,,,,
0,Family,0.1,48,Brother,0,0_0_0,0.0,0.0,0.0,0.8514851485148515,0.0,,,,,
0,Family,0.1,49,Brother,0,0_0_0,0.0,0.0,0.0,0.8514851485148515,0.0,,,,,
0,Family,0.2,1,Brother,0,0_0_0,0.03333333333333333,0.06451612903225806,1.0,0.8564356435643564,0.03333333333333333,,,,,
0,Family,0.2,2,Brother,0,0_0_0,0.0,0.0,0.0,0.8514851485148515,0.0,,,,,
0,Family,0.2,3,Brother,0,0_0_0,0.03333333333333333,0.06451612903225806,1.0,0.8564356435643564,0.03333333333333333,,,,,
0,Family,0.2,4,Brother,0,0_0_0,0.0,0.0,0.0,0.8514851485148515,0.0,,,,,
0,Family,0.2,5,Brother,0,0_0_0,0.06666666666666667,0.125,1.0,0.8613861386138614,0.06666666666666667,,,,,
0,Family,0.2,6,Brother,0,0_0_0,0.0,0.0,0.0,0.8514851485148515,0.0,,,,,
0,Family,0.2,7,Brother,0,0_0_0,0.0,0.0,0.0,0.8514851485148515,0.0,,,,,
0,Family,0.2,8,Brother,0,0_0_0,0.0,0.0,0.0,0.8514851485148515,0.0,,,,,
0,Family,0.2,9,Brother,0,0_0_0,0.0,0.0,0.0,0.8514851485148515,0.0,,,,,
0,Family,0.2,10,Brother,0,0_0_0,0.0,0.0,0.0,0.8514851485148515,0.0,,,,,
0,Family,0.2,11,Brother,0,0_0_0,0.0,0.0,0.0,0.8514851485148515,0.0,,,,,
0,Family,0.2,12,Brother,0,0_0_0,0.0,0.0,0.0,0.8514851485148515,0.0,,,,,
0,Family,0.2,13,Brother,0,0_0_0,0.0,0.0,0.0,0.8514851485148515,0.0,,,,,
0,Family,0.2,14,Brother,0,0_0_0,0.0,0.0,0.0,0.8514851485148515,0.0,,,,,
0,Family,0.2,15,Brother,0,0_0_0,0.0,0.0,0.0,0.8514851485148515,0.0,,,,,
0,Family,0.2,16,Brother,0,0_0_0,0.0,0.0,0.0,0.8514851485148515,0.0,,,,,
0,Family,0.2,17,Brother,0,0_0_0,0.0,0.0,0.0,0.8514851485148515,0.0,,,,,
0,Family,0.2,18,Brother,0,0_0_0,0.0,0.0,0.0,0.8514851485148515,0.0,,,,,
0,Family,0.2,19,Brother,0,0_0_0,0.0,0.0,0.0,0.8514851485148515,0.0,,,,,
0,Family,0.2,20,Brother,0,0_0_0,0.0,0.0,0.0,0.8514851485148515,0.0,,,,,
0,Family,0.2,21,Brother,0,0_0_0,0.0,0.0,0.0,0.8514851485148515,0.0,,,,,
0,Family,0.2,22,Brother,0,0_0_0,0.0,0.0,0.0,0.8514851485148515,0.0,,,,,
0,Family,0.2,23,Brother,0,0_0_0,0.0,0.0,0.0,0.8514851485148515,0.0,,,,,
0,Family,0.2,24,Brother,0,0_0_0,0.0,0.0,0.0,0.8514851485148515,0.0,,,,,
0,Family,0.2,25,Brother,0,0_0_0,0.0,0.0,0.0,0.8514851485148515,0.0,,,,,
0,Family,0.2,26,Brother,0,0_0_0,0.0,0.0,0.0,0.8514851485148515,0.0,,,,,
0,Family,0.2,27,Brother,0,0_0_0,0.0,0.0,0.0,0.8514851485148515,0.0,,,,,
0,Family,0.2,28,Brother,0,0_0_0,0.0,0.0,0.0,0.8514851485148515,0.0,,,,,
0,Family,0.2,29,Brother,0,0_0_0,0.0,0.0,0.0,0.8514851485148515,0.0,,,,,
0,Family,0.2,30,Brother,0,0_0_0,0.0,0.0,0.0,0.8514851485148515,0.0,,,,,
0,Family,0.2,31,Brother,0,0_0_0,0.0,0.0,0.0,0.8514851485148515,0.0,,,,,
0,Family,0.2,32,Brother,0,0_0_0,0.0,0.0,0.0,0.8514851485148515,0.0,,,,,
0,Family,0.2,33,Brother,0,0_0_0,0.0,0.0,0.0,0.8514851485148515,0.0,,,,,
0,Family,0.2,34,Brother,0,0_0_0,0.0,0.0,0.0,0.8514851485148515,0.0,,,,,
0,Family,0.2,35,Brother,0,0_0_0,0.0,0.0,0.0,0.8514851485148515,0.0,,,,,
0,Family,0.2,36,Brother,0,0_0_0,0.0,0.0,0.0,0.8514851485148515,0.0,,,,,
0,Family,0.2,37,Brother,0,0_0_0,0.0,0.0,0.0,0.8514851485148515,0.0,,,,,
0,Family,0.2,38,Brother,0,0_0_0,0.0,0.0,0.0,0.8514851485148515,0.0,,,,,
0,Family,0.2,39,Brother,0,0_0_0,0.0,0.0,0.0,0.8514851485148515,0.0,,,,,
0,Family,0.2,40,Brother,0,0_0_0,0.0,0.0,0.0,0.8514851485148515,0.0,,,,,
0,Family,0.2,41,Brother,0,0_0_0,0.0,0.0,0.0,0.8514851485148515,0.0,,,,,
0,Family,0.2,42,Brother,0,0_0_0,0.0,0.0,0.0,0.8514851485148515,0.0,,,,,
0,Family,0.2,43,Brother,0,0_0_0,0.0,0.0,0.0,0.8514851485148515,0.0,,,,,
0,Family,0.2,44,Brother,0,0_0_0,0.0,0.0,0.0,0.8514851485148515,0.0,,,,,
0,Family,0.2,45,Brother,0,0_0_0,0.0,0.0,0.0,0.8514851485148515,0.0,,,,,
0,Family,0.2,46,Brother,0,0_0_0,0.0,0.0,0.0,0.8514851485148515,0.0,,,,,
0,Family,0.2,47,Brother,0,0_0_0,0.0,0.0,0.0,0.8514851485148515,0.0,,,,,
0,Family,0.2,48,Brother,0,0_0_0,0.0,0.0,0.0,0.8514851485148515,0.0,,,,,
0,Family,0.2,49,Brother,0,0_0_0,0.0,0.0,0.0,0.8514851485148515,0.0,,,,,
0,Family,0.3,1,Brother,0,0_0_0,0.06666666666666667,0.125,1.0,0.8613861386138614,0.06666666666666667,,,,,
0,Family,0.3,2,Brother,0,0_0_0,0.0,0.0,0.0,0.8514851485148515,0.0,,,,,
0,Family,0.3,3,Brother,0,0_0_0,0.03333333333333333,0.06451612903225806,1.0,0.8564356435643564,0.03333333333333333,,,,,
0,Family,0.3,4,Brother,0,0_0_0,0.0,0.0,0.0,0.8514851485148515,0.0,,,,,
0,Family,0.3,5,Brother,0,0_0_0,0.06666666666666667,0.125,1.0,0.8613861386138614,0.06666666666666667,,,,,
0,Family,0.3,6,Brother,0,0_0_0,0.0,0.0,0.0,0.8514851485148515,0.0,,,,,
0,Family,0.3,7,Brother,0,0_0_0,0.0,0.0,0.0,0.8514851485148515,0.0,,,,,
0,Family,0.3,8,Brother,0,0_0_0,0.0,0.0,0.0,0.8514851485148515,0.0,,,,,
0,Family,0.3,9,Brother,0,0_0_0,0.0,0.0,0.0,0.8514851485148515,0.0,,,,,
0,Family,0.3,10,Brother,0,0_0_0,0.0,0.0,0.0,0.8514851485148515,0.0,,,,,
0,Family,0.3,11,Brother,0,0_0_0,0.0,0.0,0.0,0.8514851485148515,0.0,,,,,
0,Family,0.3,12,Brother,0,0_0_0,0.0,0.0,0.0,0.8514851485148515,0.0,,,,,
0,Family,0.3,13,Brother,0,0_0_0,0.0,0.0,0.0,0.8514851485148515,0.0,,,,,
0,Family,0.3,14,Brother,0,0_0_0,0.0,0.0,0.0,0.8514851485148515,0.0,,,,,
0,Family,0.3,15,Brother,0,0_0_0,0.0,0.0,0.0,0.8514851485148515,0.0,,,,,
0,Family,0.3,16,Brother,0,0_0_0,0.0,0.0,0.0,0.8514851485148515,0.0,,,,,
0,Family,0.3,17,Brother,0,0_0_0,0.0,0.0,0.0,0.8514851485148515,0.0,,,,,
0,Family,0.3,18,Brother,0,0_0_0,0.0,0.0,0.0,0.8514851485148515,0.0,,,,,
0,Family,0.3,19,Brother,0,0_0_0,0.0,0.0,0.0,0.8514851485148515,0.0,,,,,
0,Family,0.3,20,Brother,0,0_0_0,0.0,0.0,0.0,0.8514851485148515,0.0,,,,,
0,Family,0.3,21,Brother,0,0_0_0,0.0,0.0,0.0,0.8514851485148515,0.0,,,,,
0,Family,0.3,22,Brother,0,0_0_0,0.0,0.0,0.0,0.8514851485148515,0.0,,,,,
0,Family,0.3,23,Brother,0,0_0_0,0.0,0.0,0.0,0.8514851485148515,0.0,,,,,
0,Family,0.3,24,Brother,0,0_0_0,0.0,0.0,0.0,0.8514851485148515,0.0,,,,,
0,Family,0.3,25,Brother,0,0_0_0,0.0,0.0,0.0,0.8514851485148515,0.0,,,,,
0,Family,0.3,26,Brother,0,0_0_0,0.0,0.0,0.0,0.8514851485148515,0.0,,,,,
0,Family,0.3,27,Brother,0,0_0_0,0.0,0.0,0.0,0.8514851485148515,0.0,,,,,
0,Family,0.3,28,Brother,0,0_0_0,0.0,0.0,0.0,0.8514851485148515,0.0,,,,,
0,Family,0.3,29,Brother,0,0_0_0,0.0,0.0,0.0,0.8514851485148515,0.0,,,,,
0,Family,0.3,30,Brother,0,0_0_0,0.0,0.0,0.0,0.8514851485148515,0.0,,,,,
0,Family,0.3,31,Brother,0,0_0_0,0.0,0.0,0.0,0.8514851485148515,0.0,,,,,
0,Family,0.3,32,Brother,0,0_0_0,0.0,0.0,0.0,0.8514851485148515,0.0,,,,,
0,Family,0.3,33,Brother,0,0_0_0,0.0,0.0,0.0,0.8514851485148515,0.0,,,,,
0,Family,0.3,34,Brother,0,0_0_0,0.0,0.0,0.0,0.8514851485148515,0.0,,,,,
0,Family,0.3,35,Brother,0,0_0_0,0.0,0.0,0.0,0.8514851485148515,0.0,,,,,
0,Family,0.3,36,Brother,0,0_0_0,0.0,0.0,0.0,0.8514851485148515,0.0,,,,,
0,Family,0.3,37,Brother,0,0_0_0,0.0,0.0,0.0,0.8514851485148515,0.0,,,,,
0,Family,0.3,38,Brother,0,0_0_0,0.0,0.0,0.0,0.8514851485148515,0.0,,,,,
0,Family,0.3,39,Brother,0,0_0_0,0.0,0.0,0.0,0.8514851485148515,0.0,,,,,
0,Family,0.3,40,Brother,0,0_0_0,0.0,0.0,0.0,0.8514851485148515,0.0,,,,,
0,Family,0.3,41,Brother,0,0_0_0,0.0,0.0,0.0,0.8514851485148515,0.0,,,,,
0,Family,0.3,42,Brother,0,0_0_0,0.0,0.0,0.0,0.8514851485148515,0.0,,,,,
0,Family,0.3,43,Brother,0,0_0_0,0.0,0.0,0.0,0.8514851485148515,0.0,,,,,
0,Family,0.3,44,Brother,0,0_0_0,0.0,0.0,0.0,0.8514851485148515,0.0,,,,,
0,Family,0.3,45,Brother,0,0_0_0,0.0,0.0,0.0,0.8514851485148515,0.0,,,,,
0,Family,0.3,46,Brother,0,0_0_0,0.0,0.0,0.0,0.8514851485148515,0.0,,,,,
0,Family,0.3,47,Brother,0,0_0_0,0.0,0.0,0.0,0.8514851485148515,0.0,,,,,
0,Family,0.3,48,Brother,0,0_0_0,0.0,0.0,0.0,0.8514851485148515,0.0,,,,,
0,Family,0.3,49,Brother,0,0_0_0,0.0,0.0,0.0,0.8514851485148515,0.0,,,,,
0,Family,0.4,1,Brother,0,0_0_0,0.03333333333333333,0.06451612903225806,1.0,0.8564356435643564,0.03333333333333333,,,,,
0,Family,0.4,2,Brother,0,0_0_0,0.0,0.0,0.0,0.8514851485148515,0.0,,,,,
0,Family,0.4,3,Brother,0,0_0_0,0.03333333333333333,0.06451612903225806,1.0,0.8564356435643564,0.03333333333333333,,,,,
0,Family,0.4,4,Brother,0,0_0_0,0.0,0.0,0.0,0.8514851485148515,0.0,,,,,
0,Family,0.4,5,Brother,0,0_0_0,0.0,0.0,0.0,0.8514851485148515,0.0,,,,,
0,Family,0.4,6,Brother,0,0_0_0,0.0,0.0,0.0,0.8514851485148515,0.0,,,,,
0,Family,0.4,7,Brother,0,0_0_0,0.0,0.0,0.0,0.8514851485148515,0.0,,,,,
0,Family,0.4,8,Brother,0,0_0_0,0.0,0.0,0.0,0.8514851485148515,0.0,,,,,
0,Family,0.4,9,Brother,0,0_0_0,0.0,0.0,0.0,0.8514851485148515,0.0,,,,,
0,Family,0.4,10,Brother,0,0_0_0,0.0,0.0,0.0,0.8514851485148515,0.0,,,,,
0,Family,0.4,11,Brother,0,0_0_0,0.0,0.0,0.0,0.8514851485148515,0.0,,,,,
0,Family,0.4,12,Brother,0,0_0_0,0.0,0.0,0.0,0.8514851485148515,0.0,,,,,
0,Family,0.4,13,Brother,0,0_0_0,0.0,0.0,0.0,0.8514851485148515,0.0,,,,,
0,Family,0.4,14,Brother,0,0_0_0,0.0,0.0,0.0,0.8514851485148515,0.0,,,,,
0,Family,0.4,15,Brother,0,0_0_0,0.0,0.0,0.0,0.8514851485148515,0.0,,,,,
0,Family,0.4,16,Brother,0,0_0_0,0.0,0.0,0.0,0.8514851485148515,0.0,,,,,
0,Family,0.4,17,Brother,0,0_0_0,0.0,0.0,0.0,0.8514851485148515,0.0,,,,,
0,Family,0.4,18,Brother,0,0_0_0,0.0,0.0,0.0,0.8514851485148515,0.0,,,,,
0,Family,0.4,19,Brother,0,0_0_0,0.0,0.0,0.0,0.8514851485148515,0.0,,,,,
0,Family,0.4,20,Brother,0,0_0_0,0.0,0.0,0.0,0.8514851485148515,0.0,,,,,
0,Family,0.4,21,Brother,0,0_0_0,0.0,0.0,0.0,0.8514851485148515,0.0,,,,,
0,Family,0.4,22,Brother,0,0_0_0,0.0,0.0,0.0,0.8514851485148515,0.0,,,,,
0,Family,0.4,23,Brother,0,0_0_0,0.0,0.0,0.0,0.8514851485148515,0.0,,,,,
0,Family,0.4,24,Brother,0,0_0_0,0.0,0.0,0.0,0.8514851485148515,0.0,,,,,
0,Family,0.4,25,Brother,0,0_0_0,0.0,0.0,0.0,0.8514851485148515,0.0,,,,,
0,Family,0.4,26,Brother,0,0_0_0,0.0,0.0,0.0,0.8514851485148515,0.0,,,,,
0,Family,0.4,27,Brother,0,0_0_0,0.0,0.0,0.0,0.8514851485148515,0.0,,,,,
0,Family,0.4,28,Brother,0,0_0_0,0.0,0.0,0.0,0.8514851485148515,0.0,,,,,
0,Family,0.4,29,Brother,0,0_0_0,0.0,0.0,0.0,0.8514851485148515,0.0,,,,,
0,Family,0.4,30,Brother,0,0_0_0,0.0,0.0,0.0,0.8514851485148515,0.0,,,,,
0,Family,0.4,31,Brother,0,0_0_0,0.0,0.0,0.0,0.8514851485148515,0.0,,,,,
0,Family,0.4,32,Brother,0,0_0_0,0.0,0.0,0.0,0.8514851485148515,0.0,,,,,
0,Family,0.4,33,Brother,0,0_0_0,0.0,0.0,0.0,0.8514851485148515,0.0,,,,,
0,Family,0.4,34,Brother,0,0_0_0,0.0,0.0,0.0,0.8514851485148515,0.0,,,,,
0,Family,0.4,35,Brother,0,0_0_0,0.0,0.0,0.0,0.8514851485148515,0.0,,,,,
0,Family,0.4,36,Brother,0,0_0_0,0.0,0.0,0.0,0.8514851485148515,0.0,,,,,
0,Family,0.4,37,Brother,0,0_0_0,0.0,0.0,0.0,0.8514851485148515,0.0,,,,,
0,Family,0.4,38,Brother,0,0_0_0,0.0,0.0,0.0,0.8514851485148515,0.0,,,,,
0,Family,0.4,39,Brother,0,0_0_0,0.0,0.0,0.0,0.8514851485148515,0.0,,,,,
0,Family,0.4,40,Brother,0,0_0_0,0.0,0.0,0.0,0.8514851485148515,0.0,,,,,
0,Family,0.4,41,Brother,0,0_0_0,0.0,0.0,0.0,0.8514851485148515,0.0,,,,,
0,Family,0.4,42,Brother,0,0_0_0,0.0,0.0,0.0,0.8514851485148515,0.0,,,,,
0,Family,0.4,43,Brother,0,0_0_0,0.0,0.0,0.0,0.8514851485148515,0.0,,,,,
0,Family,0.4,44,Brother,0,0_0_0,0.0,0.0,0.0,0.8514851485148515,0.0,,,,,
0,Family,0.4,45,Brother,0,0_0_0,0.0,0.0,0.0,0.8514851485148515,0.0,,,,,
0,Family,0.4,46,Brother,0,0_0_0,0.0,0.0,0.0,0.8514851485148515,0.0,,,,,
0,Family,0.4,47,Brother,0,0_0_0,0.0,0.0,0.0,0.8514851485148515,0.0,,,,,
0,Family,0.4,48,Brother,0,0_0_0,0.0,0.0,0.0,0.8514851485148515,0.0,,,,,
0,Family,0.4,49,Brother,0,0_0_0,0.0,0.0,0.0,0.8514851485148515,0.0,,,,,
0,Family,0.5,1,Brother,0,0_0_0,0.06666666666666667,0.125,1.0,0.8613861386138614,0.06666666666666667,,,,,
0,Family,0.5,2,Brother,0,0_0_0,0.0,0.0,0.0,0.8514851485148515,0.0,,,,,
0,Family,0.5,3,Brother,0,0_0_0,0.0,0.0,0.0,0.8514851485148515,0.0,,,,,
0,Family,0.5,4,Brother,0,0_0_0,0.0,0.0,0.0,0.8514851485148515,0.0,,,,,
0,Family,0.5,5,Brother,0,0_0_0,0.0,0.0,0.0,0.8514851485148515,0.0,,,,,
0,Family,0.5,6,Brother,0,0_0_0,0.0,0.0,0.0,0.8514851485148515,0.0,,,,,
0,Family,0.5,7,Brother,0,0_0_0,0.0,0.0,0.0,0.8514851485148515,0.0,,,,,
0,Family,0.5,8,Brother,0,0_0_0,0.0,0.0,0.0,0.8514851485148515,0.0,,,,,
0,Family,0.5,9,Brother,0,0_0_0,0.0,0.0,0.0,0.8514851485148515,0.0,,,,,
0,Family,0.5,10,Brother,0,0_0_0,0.0,0.0,0.0,0.8514851485148515,0.0,,,,,
0,Family,0.5,11,Brother,0,0_0_0,0.0,0.0,0.0,0.8514851485148515,0.0,,,,,
0,Family,0.5,12,Brother,0,0_0_0,0.0,0.0,0.0,0.8514851485148515,0.0,,,,,
0,Family,0.5,13,Brother,0,0_0_0,0.0,0.0,0.0,0.8514851485148515,0.0,,,,,
0,Family,0.5,14,Brother,0,0_0_0,0.0,0.0,0.0,0.8514851485148515,0.0,,,,,
0,Family,0.5,15,Brother,0,0_0_0,0.0,0.0,0.0,0.8514851485148515,0.0,,,,,
0,Family,0.5,16,Brother,0,0_0_0,0.0,0.0,0.0,0.8514851485148515,0.0,,,,,
0,Family,0.5,17,Brother,0,0_0_0,0.0,0.0,0.0,0.8514851485148515,0.0,,,,,
0,Family,0.5,18,Brother,0,0_0_0,0.0,0.0,0.0,0.8514851485148515,0.0,,,,,
0,Family,0.5,19,Brother,0,0_0_0,0.0,0.0,0.0,0.8514851485148515,0.0,,,,,
0,Family,0.5,20,Brother,0,0_0_0,0.0,0.0,0.0,0.8514851485148515,0.0,,,,,
0,Family,0.5,21,Brother,0,0_0_0,0.0,0.0,0.0,0.8514851485148515,0.0,,,,,
0,Family,0.5,22,Brother,0,0_0_0,0.0,0.0,0.0,0.8514851485148515,0.0,,,,,
0,Family,0.5,23,Brother,0,0_0_0,0.0,0.0,0.0,0.8514851485148515,0.0,,,,,
0,Family,0.5,24,Brother,0,0_0_0,0.0,0.0,0.0,0.8514851485148515,0.0,,,,,
0,Family,0.5,25,Brother,0,0_0_0,0.0,0.0,0.0,0.8514851485148515,0.0,,,,,
0,Family,0.5,26,Brother,0,0_0_0,0.0,0.0,0.0,0.8514851485148515,0.0,,,,,
0,Family,0.5,27,Brother,0,0_0_0,0.0,0.0,0.0,0.8514851485148515,0.0,,,,,
0,Family,0.5,28,Brother,0,0_0_0,0.0,0.0,0.0,0.8514851485148515,0.0,,,,,
0,Family,0.5,29,Brother,0,0_0_0,0.0,0.0,0.0,0.8514851485148515,0.0,,,,,
0,Family,0.5,30,Brother,0,0_0_0,0.0,0.0,0.0,0.8514851485148515,0.0,,,,,
0,Family,0.5,31,Brother,0,0_0_0,0.0,0.0,0.0,0.8514851485148515,0.0,,,,,
0,Family,0.5,32,Brother,0,0_0_0,0.0,0.0,0.0,0.8514851485148515,0.0,,,,,
0,Family,0.5,33,Brother,0,0_0_0,0.0,0.0,0.0,0.8514851485148515,0.0,,,,,
0,Family,0.5,34,Brother,0,0_0_0,0.0,0.0,0.0,0.8514851485148515,0.0,,,,,
0,Family,0.5,35,Brother,0,0_0_0,0.0,0.0,0.0,0.8514851485148515,0.0,,,,,
0,Family,0.5,36,Brother,0,0_0_0,0.0,0.0,0.0,0.8514851485148515,0.0,,,,,
0,Family,0.5,37,Brother,0,0_0_0,0.0,0.0,0.0,0.8514851485148515,0.0,,,,,
0,Family,0.5,38,Brother,0,0_0_0,0.0,0.0,0.0,0.8514851485148515,0.0,,,,,
0,Family,0.5,39,Brother,0,0_0_0,0.0,0.0,0.0,0.8514851485148515,0.0,,,,,
0,Family,0.5,40,Brother,0,0_0_0,0.0,0.0,0.0,0.8514851485148515,0.0,,,,,
0,Family,0.5,41,Brother,0,0_0_0,0.0,0.0,0.0,0.8514851485148515,0.0,,,,,
0,Family,0.5,42,Brother,0,0_0_0,0.0,0.0,0.0,0.8514851485148515,0.0,,,,,
0,Family,0.5,43,Brother,0,0_0_0,0.0,0.0,0.0,0.8514851485148515,0.0,,,,,
0,Family,0.5,44,Brother,0,0_0_0,0.0,0.0,0.0,0.8514851485148515,0.0,,,,,
0,Family,0.5,45,Brother,0,0_0_0,0.0,0.0,0.0,0.8514851485148515,0.0,,,,,
0,Family,0.5,46,Brother,0,0_0_0,0.0,0.0,0.0,0.8514851485148515,0.0,,,,,
0,Family,0.5,47,Brother,0,0_0_0,0.0,0.0,0.0,0.8514851485148515,0.0,,,,,
0,Family,0.5,48,Brother,0,0_0_0,0.0,0.0,0.0,0.8514851485148515,0.0,,,,,
0,Family,0.5,49,Brother,0,0_0_0,0.0,0.0,0.0,0.8514851485148515,0.0,,,,,
0,Family,0.6,1,Brother,0,0_0_0,0.06666666666666667,0.125,1.0,0.8613861386138614,0.06666666666666667,,,,,
0,Family,0.6,2,Brother,0,0_0_0,0.0,0.0,0.0,0.8514851485148515,0.0,,,,,
0,Family,0.6,3,Brother,0,0_0_0,0.0,0.0,0.0,0.8514851485148515,0.0,,,,,
0,Family,0.6,4,Brother,0,0_0_0,0.0,0.0,0.0,0.8514851485148515,0.0,,,,,
0,Family,0.6,5,Brother,0,0_0_0,0.0,0.0,0.0,0.8514851485148515,0.0,,,,,
0,Family,0.6,6,Brother,0,0_0_0,0.0,0.0,0.0,0.8514851485148515,0.0,,,,,
0,Family,0.6,7,Brother,0,0_0_0,0.0,0.0,0.0,0.8514851485148515,0.0,,,,,
0,Family,0.6,8,Brother,0,0_0_0,0.0,0.0,0.0,0.8514851485148515,0.0,,,,,
0,Family,0.6,9,Brother,0,0_0_0,0.0,0.0,0.0,0.8514851485148515,0.0,,,,,
0,Family,0.6,10,Brother,0,0_0_0,0.0,0.0,0.0,0.8514851485148515,0.0,,,,,
0,Family,0.6,11,Brother,0,0_0_0,0.0,0.0,0.0,0.8514851485148515,0.0,,,,,
0,Family,0.6,12,Brother,0,0_0_0,0.0,0.0,0.0,0.8514851485148515,0.0,,,,,
0,Family,0.6,13,Brother,0,0_0_0,0.0,0.0,0.0,0.8514851485148515,0.0,,,,,
0,Family,0.6,14,Brother,0,0_0_0,0.0,0.0,0.0,0.8514851485148515,0.0,,,,,
0,Family,0.6,15,Brother,0,0_0_0,0.0,0.0,0.0,0.8514851485148515,0.0,,,,,
0,Family,0.6,16,Brother,0,0_0_0,0.0,0.0,0.0,0.8514851485148515,0.0,,,,,
0,Family,0.6,17,Brother,0,0_0_0,0.0,0.0,0.0,0.8514851485148515,0.0,,,,,
0,Family,0.6,18,Brother,0,0_0_0,0.0,0.0,0.0,0.8514851485148515,0.0,,,,,
0,Family,0.6,19,Brother,0,0_0_0,0.0,0.0,0.0,0.8514851485148515,0.0,,,,,
0,Family,0.6,20,Brother,0,0_0_0,0.0,0.0,0.0,0.8514851485148515,0.0,,,,,
0,Family,0.6,21,Brother,0,0_0_0,0.0,0.0,0.0,0.8514851485148515,0.0,,,,,
0,Family,0.6,22,Brother,0,0_0_0,0.0,0.0,0.0,0.8514851485148515,0.0,,,,,
0,Family,0.6,23,Brother,0,0_0_0,0.0,0.0,0.0,0.8514851485148515,0.0,,,,,
0,Family,0.6,24,Brother,0,0_0_0,0.0,0.0,0.0,0.8514851485148515,0.0,,,,,
0,Family,0.6,25,Brother,0,0_0_0,0.0,0.0,0.0,0.8514851485148515,0.0,,,,,
0,Family,0.6,26,Brother,0,0_0_0,0.0,0.0,0.0,0.8514851485148515,0.0,,,,,
0,Family,0.6,27,Brother,0,0_0_0,0.0,0.0,0.0,0.8514851485148515,0.0,,,,,
0,Family,0.6,28,Brother,0,0_0_0,0.0,0.0,0.0,0.8514851485148515,0.0,,,,,
0,Family,0.6,29,Brother,0,0_0_0,0.0,0.0,0.0,0.8514851485148515,0.0,,,,,
0,Family,0.6,30,Brother,0,0_0_0,0.0,0.0,0.0,0.8514851485148515,0.0,,,,,
0,Family,0.6,31,Brother,0,0_0_0,0.0,0.0,0.0,0.8514851485148515,0.0,,,,,
0,Family,0.6,32,Brother,0,0_0_0,0.0,0.0,0.0,0.8514851485148515,0.0,,,,,
0,Family,0.6,33,Brother,0,0_0_0,0.0,0.0,0.0,0.8514851485148515,0.0,,,,,
0,Family,0.6,34,Brother,0,0_0_0,0.0,0.0,0.0,0.8514851485148515,0.0,,,,,
0,Family,0.6,35,Brother,0,0_0_0,0.0,0.0,0.0,0.8514851485148515,0.0,,,,,
0,Family,0.6,36,Brother,0,0_0_0,0.0,0.0,0.0,0.8514851485148515,0.0,,,,,
0,Family,0.6,37,Brother,0,0_0_0,0.0,0.0,0.0,0.8514851485148515,0.0,,,,,
0,Family,0.6,38,Brother,0,0_0_0,0.0,0.0,0.0,0.8514851485148515,0.0,,,,,
0,Family,0.6,39,Brother,0,0_0_0,0.0,0.0,0.0,0.8514851485148515,0.0,,,,,
0,Family,0.6,40,Brother,0,0_0_0,0.0,0.0,0.0,0.8514851485148515,0.0,,,,,
0,Family,0.6,41,Brother,0,0_0_0,0.0,0.0,0.0,0.8514851485148515,0.0,,,,,
0,Family,0.6,42,Brother,0,0_0_0,0.0,0.0,0.0,0.8514851485148515,0.0,,,,,
0,Family,0.6,43,Brother,0,0_0_0,0.0,0.0,0.0,0.8514851485148515,0.0,,,,,
0,Family,0.6,44,Brother,0,0_0_0,0.0,0.0,0.0,0.8514851485148515,0.0,,,,,
0,Family,0.6,45,Brother,0,0_0_0,0.0,0.0,0.0,0.8514851485148515,0.0,,,,,
0,Family,0.6,46,Brother,0,0_0_0,0.0,0.0,0.0,0.8514851485148515,0.0,,,,,
0,Family,0.6,47,Brother,0,0_0_0,0.0,0.0,0.0,0.8514851485148515,0.0,,,,,
0,Family,0.6,48,Brother,0,0_0_0,0.0,0.0,0.0,0.8514851485148515,0.0,,,,,
0,Family,0.6,49,Brother,0,0_0_0,0.0,0.0,0.0,0.8514851485148515,0.0,,,,,
0,Family,0.7,1,Brother,0,0_0_0,0.06666666666666667,0.125,1.0,0.8613861386138614,0.06666666666666667,,,,,
0,Family,0.7,2,Brother,0,0_0_0,0.0,0.0,0.0,0.8514851485148515,0.0,,,,,
0,Family,0.7,3,Brother,0,0_0_0,0.0,0.0,0.0,0.8514851485148515,0.0,,,,,
0,Family,0.7,4,Brother,0,0_0_0,0.0,0.0,0.0,0.8514851485148515,0.0,,,,,
0,Family,0.7,5,Brother,0,0_0_0,0.0,0.0,0.0,0.8514851485148515,0.0,,,,,
0,Family,0.7,6,Brother,0,0_0_0,0.0,0.0,0.0,0.8514851485148515,0.0,,,,,
0,Family,0.7,7,Brother,0,0_0_0,0.0,0.0,0.0,0.8514851485148515,0.0,,,,,
0,Family,0.7,8,Brother,0,0_0_0,0.0,0.0,0.0,0.8514851485148515,0.0,,,,,
0,Family,0.7,9,Brother,0,0_0_0,0.0,0.0,0.0,0.8514851485148515,0.0,,,,,
0,Family,0.7,10,Brother,0,0_0_0,0.0,0.0,0.0,0.8514851485148515,0.0,,,,,
0,Family,0.7,11,Brother,0,0_0_0,0.0,0.0,0.0,0.8514851485148515,0.0,,,,,
0,Family,0.7,12,Brother,0,0_0_0,0.0,0.0,0.0,0.8514851485148515,0.0,,,,,
0,Family,0.7,13,Brother,0,0_0_0,0.0,0.0,0.0,0.8514851485148515,0.0,,,,,
0,Family,0.7,14,Brother,0,0_0_0,0.0,0.0,0.0,0.8514851485148515,0.0,,,,,
0,Family,0.7,15,Brother,0,0_0_0,0.0,0.0,0.0,0.8514851485148515,0.0,,,,,
0,Family,0.7,16,Brother,0,0_0_0,0.0,0.0,0.0,0.8514851485148515,0.0,,,,,
0,Family,0.7,17,Brother,0,0_0_0,0.0,0.0,0.0,0.8514851485148515,0.0,,,,,
0,Family,0.7,18,Brother,0,0_0_0,0.0,0.0,0.0,0.8514851485148515,0.0,,,,,
0,Family,0.7,19,Brother,0,0_0_0,0.0,0.0,0.0,0.8514851485148515,0.0,,,,,
0,Family,0.7,20,Brother,0,0_0_0,0.0,0.0,0.0,0.8514851485148515,0.0,,,,,
0,Family,0.7,21,Brother,0,0_0_0,0.0,0.0,0.0,0.8514851485148515,0.0,,,,,
0,Family,0.7,22,Brother,0,0_0_0,0.0,0.0,0.0,0.8514851485148515,0.0,,,,,
0,Family,0.7,23,Brother,0,0_0_0,0.0,0.0,0.0,0.8514851485148515,0.0,,,,,
0,Family,0.7,24,Brother,0,0_0_0,0.0,0.0,0.0,0.8514851485148515,0.0,,,,,
0,Family,0.7,25,Brother,0,0_0_0,0.0,0.0,0.0,0.8514851485148515,0.0,,,,,
0,Family,0.7,26,Brother,0,0_0_0,0.0,0.0,0.0,0.8514851485148515,0.0,,,,,
0,Family,0.7,27,Brother,0,0_0_0,0.0,0.0,0.0,0.8514851485148515,0.0,,,,,
0,Family,0.7,28,Brother,0,0_0_0,0.0,0.0,0.0,0.8514851485148515,0.0,,,,,
0,Family,0.7,29,Brother,0,0_0_0,0.0,0.0,0.0,0.8514851485148515,0.0,,,,,
0,Family,0.7,30,Brother,0,0_0_0,0.0,0.0,0.0,0.8514851485148515,0.0,,,,,
0,Family,0.7,31,Brother,0,0_0_0,0.0,0.0,0.0,0.8514851485148515,0.0,,,,,
0,Family,0.7,32,Brother,0,0_0_0,0.0,0.0,0.0,0.8514851485148515,0.0,,,,,
0,Family,0.7,33,Brother,0,0_0_0,0.0,0.0,0.0,0.8514851485148515,0.0,,,,,
0,Family,0.7,34,Brother,0,0_0_0,0.0,0.0,0.0,0.8514851485148515,0.0,,,,,
0,Family,0.7,35,Brother,0,0_0_0,0.0,0.0,0.0,0.8514851485148515,0.0,,,,,
0,Family,0.7,36,Brother,0,0_0_0,0.0,0.0,0.0,0.8514851485148515,0.0,,,,,
0,Family,0.7,37,Brother,0,0_0_0,0.0,0.0,0.0,0.8514851485148515,0.0,,,,,
0,Family,0.7,38,Brother,0,0_0_0,0.0,0.0,0.0,0.8514851485148515,0.0,,,,,
0,Family,0.7,39,Brother,0,0_0_0,0.0,0.0,0.0,0.8514851485148515,0.0,,,,,
0,Family,0.7,40,Brother,0,0_0_0,0.0,0.0,0.0,0.8514851485148515,0.0,,,,,
0,Family,0.7,41,Brother,0,0_0_0,0.0,0.0,0.0,0.8514851485148515,0.0,,,,,
0,Family,0.7,42,Brother,0,0_0_0,0.0,0.0,0.0,0.8514851485148515,0.0,,,,,
0,Family,0.7,43,Brother,0,0_0_0,0.0,0.0,0.0,0.8514851485148515,0.0,,,,,
0,Family,0.7,44,Brother,0,0_0_0,0.0,0.0,0.0,0.8514851485148515,0.0,,,,,
0,Family,0.7,45,Brother,0,0_0_0,0.0,0.0,0.0,0.8514851485148515,0.0,,,,,
0,Family,0.7,46,Brother,0,0_0_0,0.0,0.0,0.0,0.8514851485148515,0.0,,,,,
0,Family,0.7,47,Brother,0,0_0_0,0.0,0.0,0.0,0.8514851485148515,0.0,,,,,
0,Family,0.7,48,Brother,0,0_0_0,0.0,0.0,0.0,0.8514851485148515,0.0,,,,,
0,Family,0.7,49,Brother,0,0_0_0,0.0,0.0,0.0,0.8514851485148515,0.0,,,,,
0,Family,0.8,1,Brother,0,0_0_0,0.1,0.18181818181818182,1.0,0.8663366336633663,0.1,,,,,
0,Family,0.8,2,Brother,0,0_0_0,0.0,0.0,0.0,0.8514851485148515,0.0,,,,,
0,Family,0.8,3,Brother,0,0_0_0,0.0,0.0,0.0,0.8514851485148515,0.0,,,,,
0,Family,0.8,4,Brother,0,0_0_0,0.0,0.0,0.0,0.8514851485148515,0.0,,,,,
0,Family,0.8,5,Brother,0,0_0_0,0.0,0.0,0.0,0.8514851485148515,0.0,,,,,
0,Family,0.8,6,Brother,0,0_0_0,0.0,0.0,0.0,0.8514851485148515,0.0,,,,,
0,Family,0.8,7,Brother,0,0_0_0,0.0,0.0,0.0,0.8514851485148515,0.0,,,,,
0,Family,0.8,8,Brother,0,0_0_0,0.0,0.0,0.0,0.8514851485148515,0.0,,,,,
0,Family,0.8,9,Brother,0,0_0_0,0.0,0.0,0.0,0.8514851485148515,0.0,,,,,
0,Family,0.8,10,Brother,0,0_0_0,0.0,0.0,0.0,0.8514851485148515,0.0,,,,,
0,Family,0.8,11,Brother,0,0_0_0,0.0,0.0,0.0,0.8514851485148515,0.0,,,,,
0,Family,0.8,12,Brother,0,0_0_0,0.0,0.0,0.0,0.8514851485148515,0.0,,,,,
0,Family,0.8,13,Brother,0,0_0_0,0.0,0.0,0.0,0.8514851485148515,0.0,,,,,
0,Family,0.8,14,Brother,0,0_0_0,0.0,0.0,0.0,0.8514851485148515,0.0,,,,,
0,Family,0.8,15,Brother,0,0_0_0,0.0,0.0,0.0,0.8514851485148515,0.0,,,,,
0,Family,0.8,16,Brother,0,0_0_0,0.0,0.0,0.0,0.8514851485148515,0.0,,,,,
0,Family,0.8,17,Brother,0,0_0_0,0.0,0.0,0.0,0.8514851485148515,0.0,,,,,
0,Family,0.8,18,Brother,0,0_0_0,0.0,0.0,0.0,0.8514851485148515,0.0,,,,,
0,Family,0.8,19,Brother,0,0_0_0,0.0,0.0,0.0,0.8514851485148515,0.0,,,,,
0,Family,0.8,20,Brother,0,0_0_0,0.0,0.0,0.0,0.8514851485148515,0.0,,,,,
0,Family,0.8,21,Brother,0,0_0_0,0.0,0.0,0.0,0.8514851485148515,0.0,,,,,
0,Family,0.8,22,Brother,0,0_0_0,0.0,0.0,0.0,0.8514851485148515,0.0,,,,,
0,Family,0.8,23,Brother,0,0_0_0,0.0,0.0,0.0,0.8514851485148515,0.0,,,,,
0,Family,0.8,24,Brother,0,0_0_0,0.0,0.0,0.0,0.8514851485148515,0.0,,,,,
0,Family,0.8,25,Brother,0,0_0_0,0.0,0.0,0.0,0.8514851485148515,0.0,,,,,
0,Family,0.8,26,Brother,0,0_0_0,0.0,0.0,0.0,0.8514851485148515,0.0,,,,,
0,Family,0.8,27,Brother,0,0_0_0,0.0,0.0,0.0,0.8514851485148515,0.0,,,,,
0,Family,0.8,28,Brother,0,0_0_0,0.0,0.0,0.0,0.8514851485148515,0.0,,,,,
0,Family,0.8,29,Brother,0,0_0_0,0.0,0.0,0.0,0.8514851485148515,0.0,,,,,
0,Family,0.8,30,Brother,0,0_0_0,0.0,0.0,0.0,0.8514851485148515,0.0,,,,,
0,Family,0.8,31,Brother,0,0_0_0,0.0,0.0,0.0,0.8514851485148515,0.0,,,,,
0,Family,0.8,32,Brother,0,0_0_0,0.0,0.0,0.0,0.8514851485148515,0.0,,,,,
0,Family,0.8,33,Brother,0,0_0_0,0.0,0.0,0.0,0.8514851485148515,0.0,,,,,
0,Family,0.8,34,Brother,0,0_0_0,0.0,0.0,0.0,0.8514851485148515,0.0,,,,,
0,Family,0.8,35,Brother,0,0_0_0,0.0,0.0,0.0,0.8514851485148515,0.0,,,,,
0,Family,0.8,36,Brother,0,0_0_0,0.0,0.0,0.0,0.8514851485148515,0.0,,,,,
0,Family,0.8,37,Brother,0,0_0_0,0.0,0.0,0.0,0.8514851485148515,0.0,,,,,
0,Family,0.8,38,Brother,0,0_0_0,0.0,0.0,0.0,0.8514851485148515,0.0,,,,,
0,Family,0.8,39,Brother,0,0_0_0,0.0,0.0,0.0,0.8514851485148515,0.0,,,,,
0,Family,0.8,40,Brother,0,0_0_0,0.0,0.0,0.0,0.8514851485148515,0.0,,,,,
0,Family,0.8,41,Brother,0,0_0_0,0.0,0.0,0.0,0.8514851485148515,0.0,,,,,
0,Family,0.8,42,Brother,0,0_0_0,0.0,0.0,0.0,0.8514851485148515,0.0,,,,,
0,Family,0.8,43,Brother,0,0_0_0,0.0,0.0,0.0,0.8514851485148515,0.0,,,,,
0,Family,0.8,44,Brother,0,0_0_0,0.0,0.0,0.0,0.8514851485148515,0.0,,,,,
0,Family,0.8,45,Brother,0,0_0_0,0.0,0.0,0.0,0.8514851485148515,0.0,,,,,
0,Family,0.8,46,Brother,0,0_0_0,0.0,0.0,0.0,0.8514851485148515,0.0,,,,,
0,Family,0.8,47,Brother,0,0_0_0,0.0,0.0,0.0,0.8514851485148515,0.0,,,,,
0,Family,0.8,48,Brother,0,0_0_0,0.0,0.0,0.0,0.8514851485148515,0.0,,,,,
0,Family,0.8,49,Brother,0,0_0_0,0.0,0.0,0.0,0.8514851485148515,0.0,,,,,
0,Family,0.9,1,Brother,0,0_0_0,0.1,0.18181818181818182,1.0,0.8663366336633663,0.1,,,,,
0,Family,0.9,2,Brother,0,0_0_0,0.0,0.0,0.0,0.8514851485148515,0.0,,,,,
0,Family,0.9,3,Brother,0,0_0_0,0.0,0.0,0.0,0.8514851485148515,0.0,,,,,
0,Family,0.9,4,Brother,0,0_0_0,0.0,0.0,0.0,0.8514851485148515,0.0,,,,,
0,Family,0.9,5,Brother,0,0_0_0,0.0,0.0,0.0,0.8514851485148515,0.0,,,,,
0,Family,0.9,6,Brother,0,0_0_0,0.0,0.0,0.0,0.8514851485148515,0.0,,,,,
0,Family,0.9,7,Brother,0,0_0_0,0.0,0.0,0.0,0.8514851485148515,0.0,,,,,
0,Family,0.9,8,Brother,0,0_0_0,0.0,0.0,0.0,0.8514851485148515,0.0,,,,,
0,Family,0.9,9,Brother,0,0_0_0,0.0,0.0,0.0,0.8514851485148515,0.0,,,,,
0,Family,0.9,10,Brother,0,0_0_0,0.0,0.0,0.0,0.8514851485148515,0.0,,,,,
0,Family,0.9,11,Brother,0,0_0_0,0.0,0.0,0.0,0.8514851485148515,0.0,,,,,
0,Family,0.9,12,Brother,0,0_0_0,0.0,0.0,0.0,0.8514851485148515,0.0,,,,,
0,Family,0.9,13,Brother,0,0_0_0,0.0,0.0,0.0,0.8514851485148515,0.0,,,,,
0,Family,0.9,14,Brother,0,0_0_0,0.0,0.0,0.0,0.8514851485148515,0.0,,,,,
0,Family,0.9,15,Brother,0,0_0_0,0.0,0.0,0.0,0.8514851485148515,0.0,,,,,
0,Family,0.9,16,Brother,0,0_0_0,0.0,0.0,0.0,0.8514851485148515,0.0,,,,,
0,Family,0.9,17,Brother,0,0_0_0,0.0,0.0,0.0,0.8514851485148515,0.0,,,,,
0,Family,0.9,18,Brother,0,0_0_0,0.0,0.0,0.0,0.8514851485148515,0.0,,,,,
0,Family,0.9,19,Brother,0,0_0_0,0.0,0.0,0.0,0.8514851485148515,0.0,,,,,
0,Family,0.9,20,Brother,0,0_0_0,0.0,0.0,0.0,0.8514851485148515,0.0,,,,,
0,Family,0.9,21,Brother,0,0_0_0,0.0,0.0,0.0,0.8514851485148515,0.0,,,,,
0,Family,0.9,22,Brother,0,0_0_0,0.0,0.0,0.0,0.8514851485148515,0.0,,,,,
0,Family,0.9,23,Brother,0,0_0_0,0.0,0.0,0.0,0.8514851485148515,0.0,,,,,
0,Family,0.9,24,Brother,0,0_0_0,0.0,0.0,0.0,0.8514851485148515,0.0,,,,,
0,Family,0.9,25,Brother,0,0_0_0,0.0,0.0,0.0,0.8514851485148515,0.0,,,,,
0,Family,0.9,26,Brother,0,0_0_0,0.0,0.0,0.0,0.8514851485148515,0.0,,,,,
0,Family,0.9,27,Brother,0,0_0_0,0.0,0.0,0.0,0.8514851485148515,0.0,,,,,
0,Family,0.9,28,Brother,0,0_0_0,0.0,0.0,0.0,0.8514851485148515,0.0,,,,,
0,Family,0.9,29,Brother,0,0_0_0,0.0,0.0,0.0,0.8514851485148515,0.0,,,,,
0,Family,0.9,30,Brother,0,0_0_0,0.0,0.0,0.0,0.8514851485148515,0.0,,,,,
0,Family,0.9,31,Brother,0,0_0_0,0.0,0.0,0.0,0.8514851485148515,0.0,,,,,
0,Family,0.9,32,Brother,0,0_0_0,0.0,0.0,0.0,0.8514851485148515,0.0,,,,,
0,Family,0.9,33,Brother,0,0_0_0,0.0,0.0,0.0,0.8514851485148515,0.0,,,,,
0,Family,0.9,34,Brother,0,0_0_0,0.0,0.0,0.0,0.8514851485148515,0.0,,,,,
0,Family,0.9,35,Brother,0,0_0_0,0.0,0.0,0.0,0.8514851485148515,0.0,,,,,
0,Family,0.9,36,Brother,0,0_0_0,0.0,0.0,0.0,0.8514851485148515,0.0,,,,,
0,Family,0.9,37,Brother,0,0_0_0,0.0,0.0,0.0,0.8514851485148515,0.0,,,,,
0,Family,0.9,38,Brother,0,0_0_0,0.0,0.0,0.0,0.8514851485148515,0.0,,,,,
0,Family,0.9,39,Brother,0,0_0_0,0.0,0.0,0.0,0.8514851485148515,0.0,,,,,
0,Family,0.9,40,Brother,0,0_0_0,0.0,0.0,0.0,0.8514851485148515,0.0,,,,,
0,Family,0.9,41,Brother,0,0_0_0,0.0,0.0,0.0,0.8514851485148515,0.0,,,,,
0,Family,0.9,42,Brother,0,0_0_0,0.0,0.0,0.0,0.8514851485148515,0.0,,,,,
0,Family,0.9,43,Brother,0,0_0_0,0.0,0.0,0.0,0.8514851485148515,0.0,,,,,
0,Family,0.9,44,Brother,0,0_0_0,0.0,0.0,0.0,0.8514851485148515,0.0,,,,,
0,Family,0.9,45,Brother,0,0_0_0,0.0,0.0,0.0,0.8514851485148515,0.0,,,,,
0,Family,0.9,46,Brother,0,0_0_0,0.0,0.0,0.0,0.8514851485148515,0.0,,,,,
0,Family,0.9,47,Brother,0,0_0_0,0.0,0.0,0.0,0.8514851485148515,0.0,,,,,
0,Family,0.9,48,Brother,0,0_0_0,0.0,0.0,0.0,0.8514851485148515,0.0,,,,,
0,Family,0.9,49,Brother,0,0_0_0,0.0,0.0,0.0,0.8514851485148515,0.0,,,,,
0,Family,1.0,1,Brother,0,0_0_0,0.06666666666666667,0.12121212121212122,0.6666666666666666,0.8564356435643564,0.06451612903225806,,,,,
0,Family,1.0,2,Brother,0,0_0_0,0.0,0.0,0.0,0.8514851485148515,0.0,,,,,
0,Family,1.0,3,Brother,0,0_0_0,0.0,0.0,0.0,0.8514851485148515,0.0,,,,,
0,Family,1.0,4,Brother,0,0_0_0,0.0,0.0,0.0,0.8514851485148515,0.0,,,,,
0,Family,1.0,5,Brother,0,0_0_0,0.0,0.0,0.0,0.8514851485148515,0.0,,,,,
0,Family,1.0,6,Brother,0,0_0_0,0.0,0.0,0.0,0.8514851485148515,0.0,,,,,
0,Family,1.0,7,Brother,0,0_0_0,0.0,0.0,0.0,0.8514851485148515,0.0,,,,,
0,Family,1.0,8,Brother,0,0_0_0,0.0,0.0,0.0,0.8514851485148515,0.0,,,,,
0,Family,1.0,9,Brother,0,0_0_0,0.0,0.0,0.0,0.8514851485148515,0.0,,,,,
0,Family,1.0,10,Brother,0,0_0_0,0.0,0.0,0.0,0.8514851485148515,0.0,,,,,
0,Family,1.0,11,Brother,0,0_0_0,0.0,0.0,0.0,0.8514851485148515,0.0,,,,,
0,Family,1.0,12,Brother,0,0_0_0,0.0,0.0,0.0,0.8514851485148515,0.0,,,,,
0,Family,1.0,13,Brother,0,0_0_0,0.0,0.0,0.0,0.8514851485148515,0.0,,,,,
0,Family,1.0,14,Brother,0,0_0_0,0.0,0.0,0.0,0.8514851485148515,0.0,,,,,
0,Family,1.0,15,Brother,0,0_0_0,0.0,0.0,0.0,0.8514851485148515,0.0,,,,,
0,Family,1.0,16,Brother,0,0_0_0,0.0,0.0,0.0,0.8514851485148515,0.0,,,,,
0,Family,1.0,17,Brother,0,0_0_0,0.0,0.0,0.0,0.8514851485148515,0.0,,,,,
0,Family,1.0,18,Brother,0,0_0_0,0.0,0.0,0.0,0.8514851485148515,0.0,,,,,
0,Family,1.0,19,Brother,0,0_0_0,0.0,0.0,0.0,0.8514851485148515,0.0,,,,,
0,Family,1.0,20,Brother,0,0_0_0,0.0,0.0,0.0,0.8514851485148515,0.0,,,,,
0,Family,1.0,21,Brother,0,0_0_0,0.0,0.0,0.0,0.8514851485148515,0.0,,,,,
0,Family,1.0,22,Brother,0,0_0_0,0.0,0.0,0.0,0.8514851485148515,0.0,,,,,
0,Family,1.0,23,Brother,0,0_0_0,0.0,0.0,0.0,0.8514851485148515,0.0,,,,,
0,Family,1.0,24,Brother,0,0_0_0,0.0,0.0,0.0,0.8514851485148515,0.0,,,,,
0,Family,1.0,25,Brother,0,0_0_0,0.0,0.0,0.0,0.8514851485148515,0.0,,,,,
0,Family,1.0,26,Brother,0,0_0_0,0.0,0.0,0.0,0.8514851485148515,0.0,,,,,
0,Family,1.0,27,Brother,0,0_0_0,0.0,0.0,0.0,0.8514851485148515,0.0,,,,,
0,Family,1.0,28,Brother,0,0_0_0,0.0,0.0,0.0,0.8514851485148515,0.0,,,,,
0,Family,1.0,29,Brother,0,0_0_0,0.0,0.0,0.0,0.8514851485148515,0.0,,,,,
0,Family,1.0,30,Brother,0,0_0_0,0.0,0.0,0.0,0.8514851485148515,0.0,,,,,
0,Family,1.0,31,Brother,0,0_0_0,0.0,0.0,0.0,0.8514851485148515,0.0,,,,,
0,Family,1.0,32,Brother,0,0_0_0,0.0,0.0,0.0,0.8514851485148515,0.0,,,,,
0,Family,1.0,33,Brother,0,0_0_0,0.0,0.0,0.0,0.8514851485148515,0.0,,,,,
0,Family,1.0,34,Brother,0,0_0_0,0.0,0.0,0.0,0.8514851485148515,0.0,,,,,
0,Family,1.0,35,Brother,0,0_0_0,0.0,0.0,0.0,0.8514851485148515,0.0,,,,,
0,Family,1.0,36,Brother,0,0_0_0,0.0,0.0,0.0,0.8514851485148515,0.0,,,,,
0,Family,1.0,37,Brother,0,0_0_0,0.0,0.0,0.0,0.8514851485148515,0.0,,,,,
0,Family,1.0,38,Brother,0,0_0_0,0.0,0.0,0.0,0.8514851485148515,0.0,,,,,
0,Family,1.0,39,Brother,0,0_0_0,0.0,0.0,0.0,0.8514851485148515,0.0,,,,,
0,Family,1.0,40,Brother,0,0_0_0,0.0,0.0,0.0,0.8514851485148515,0.0,,,,,
0,Family,1.0,41,Brother,0,0_0_0,0.0,0.0,0.0,0.8514851485148515,0.0,,,,,
0,Family,1.0,42,Brother,0,0_0_0,0.0,0.0,0.0,0.8514851485148515,0.0,,,,,
0,Family,1.0,43,Brother,0,0_0_0,0.0,0.0,0.0,0.8514851485148515,0.0,,,,,
0,Family,1.0,44,Brother,0,0_0_0,0.0,0.0,0.0,0.8514851485148515,0.0,,,,,
0,Family,1.0,45,Brother,0,0_0_0,0.0,0.0,0.0,0.8514851485148515,0.0,,,,,
0,Family,1.0,46,Brother,0,0_0_0,0.0,0.0,0.0,0.8514851485148515,0.0,,,,,
0,Family,1.0,47,Brother,0,0_0_0,0.0,0.0,0.0,0.8514851485148515,0.0,,,,,
0,Family,1.0,48,Brother,0,0_0_0,0.0,0.0,0.0,0.8514851485148515,0.0,,,,,
0,Family,1.0,49,Brother,0,0_0_0,0.0,0.0,0.0,0.8514851485148515,0.0,,,,,
0,Family,0.0,1,Brother,50,0_0_0,0.0,0.0,0.0,0.8514851485148515,0.0,0.0,0.0,0.0,0.0,0.0
0,Family,0.0,2,Brother,50,0_0_0,0.0,0.0,0.0,0.8514851485148515,0.0,0.0,0.0,0.0,0.0,0.0
0,Family,0.0,3,Brother,50,0_0_0,0.0,0.0,0.0,0.8514851485148515,0.0,0.0,0.0,0.0,0.0,0.0
0,Family,0.0,4,Brother,50,0_0_0,0.0,0.0,0.0,0.8514851485148515,0.0,0.0,0.0,0.0,0.0,0.0
0,Family,0.0,5,Brother,50,0_0_0,0.0,0.0,0.0,0.8514851485148515,0.0,0.0,0.0,0.0,0.0,0.0
0,Family,0.0,6,Brother,50,0_0_0,0.0,0.0,0.0,0.8514851485148515,0.0,0.0,0.0,0.0,0.0,0.0
0,Family,0.0,7,Brother,50,0_0_0,0.0,0.0,0.0,0.8514851485148515,0.0,0.0,0.0,0.0,0.0,0.0
0,Family,0.0,8,Brother,50,0_0_0,0.0,0.0,0.0,0.8514851485148515,0.0,0.0,0.0,0.0,0.0,0.0
0,Family,0.0,9,Brother,50,0_0_0,0.0,0.0,0.0,0.8514851485148515,0.0,0.0,0.0,0.0,0.0,0.0
0,Family,0.0,10,Brother,50,0_0_0,0.0,0.0,0.0,0.8514851485148515,0.0,0.0,0.0,0.0,0.0,0.0
0,Family,0.0,11,Brother,50,0_0_0,0.0,0.0,0.0,0.8514851485148515,0.0,0.0,0.0,0.0,0.0,0.0
0,Family,0.0,12,Brother,50,0_0_0,0.0,0.0,0.0,0.8514851485148515,0.0,0.0,0.0,0.0,0.0,0.0
0,Family,0.0,13,Brother,50,0_0_0,0.0,0.0,0.0,0.8514851485148515,0.0,0.0,0.0,0.0,0.0,0.0
0,Family,0.0,14,Brother,50,0_0_0,0.0,0.0,0.0,0.8514851485148515,0.0,0.0,0.0,0.0,0.0,0.0
0,Family,0.0,15,Brother,50,0_0_0,0.0,0.0,0.0,0.8514851485148515,0.0,0.0,0.0,0.0,0.0,0.0
0,Family,0.0,16,Brother,50,0_0_0,0.0,0.0,0.0,0.8514851485148515,0.0,0.0,0.0,0.0,0.0,0.0
0,Family,0.0,17,Brother,50,0_0_0,0.0,0.0,0.0,0.8514851485148515,0.0,0.0,0.0,0.0,0.0,0.0
0,Family,0.0,18,Brother,50,0_0_0,0.0,0.0,0.0,0.8514851485148515,0.0,0.0,0.0,0.0,0.0,0.0
0,Family,0.0,19,Brother,50,0_0_0,0.0,0.0,0.0,0.8514851485148515,0.0,0.0,0.0,0.0,0.0,0.0
0,Family,0.0,20,Brother,50,0_0_0,0.0,0.0,0.0,0.8514851485148515,0.0,0.0,0.0,0.0,0.0,0.0
0,Family,0.0,21,Brother,50,0_0_0,0.0,0.0,0.0,0.8514851485148515,0.0,0.0,0.0,0.0,0.0,0.0
0,Family,0.0,22,Brother,50,0_0_0,0.0,0.0,0.0,0.8514851485148515,0.0,0.0,0.0,0.0,0.0,0.0
0,Family,0.0,23,Brother,50,0_0_0,0.0,0.0,0.0,0.8514851485148515,0.0,0.0,0.0,0.0,0.0,0.0
0,Family,0.0,24,Brother,50,0_0_0,0.0,0.0,0.0,0.8514851485148515,0.0,0.0,0.0,0.0,0.0,0.0
0,Family,0.0,25,Brother,50,0_0_0,0.0,0.0,0.0,0.8514851485148515,0.0,0.0,0.0,0.0,0.0,0.0
0,Family,0.0,26,Brother,50,0_0_0,0.0,0.0,0.0,0.8514851485148515,0.0,0.0,0.0,0.0,0.0,0.0
0,Family,0.0,27,Brother,50,0_0_0,0.0,0.0,0.0,0.8514851485148515,0.0,0.0,0.0,0.0,0.0,0.0
0,Family,0.0,28,Brother,50,0_0_0,0.0,0.0,0.0,0.8514851485148515,0.0,0.0,0.0,0.0,0.0,0.0
0,Family,0.0,29,Brother,50,0_0_0,0.0,0.0,0.0,0.8514851485148515,0.0,0.0,0.0,0.0,0.0,0.0
0,Family,0.0,30,Brother,50,0_0_0,0.0,0.0,0.0,0.8514851485148515,0.0,0.0,0.0,0.0,0.0,0.0
0,Family,0.0,31,Brother,50,0_0_0,0.0,0.0,0.0,0.8514851485148515,0.0,0.0,0.0,0.0,0.0,0.0
0,Family,0.0,32,Brother,50,0_0_0,0.0,0.0,0.0,0.8514851485148515,0.0,0.0,0.0,0.0,0.0,0.0
0,Family,0.0,33,Brother,50,0_0_0,0.0,0.0,0.0,0.8514851485148515,0.0,0.0,0.0,0.0,0.0,0.0
0,Family,0.0,34,Brother,50,0_0_0,0.0,0.0,0.0,0.8514851485148515,0.0,0.0,0.0,0.0,0.0,0.0
0,Family,0.0,35,Brother,50,0_0_0,0.0,0.0,0.0,0.8514851485148515,0.0,0.0,0.0,0.0,0.0,0.0
0,Family,0.0,36,Brother,50,0_0_0,0.0,0.0,0.0,0.8514851485148515,0.0,0.0,0.0,0.0,0.0,0.0
0,Family,0.0,37,Brother,50,0_0_0,0.0,0.0,0.0,0.8514851485148515,0.0,0.0,0.0,0.0,0.0,0.0
0,Family,0.0,38,Brother,50,0_0_0,0.0,0.0,0.0,0.8514851485148515,0.0,0.0,0.0,0.0,0.0,0.0
0,Family,0.0,39,Brother,50,0_0_0,0.0,0.0,0.0,0.8514851485148515,0.0,0.0,0.0,0.0,0.0,0.0
0,Family,0.0,40,Brother,50,0_0_0,0.0,0.0,0.0,0.8514851485148515,0.0,0.0,0.0,0.0,0.0,0.0
0,Family,0.0,41,Brother,50,0_0_0,0.0,0.0,0.0,0.8514851485148515,0.0,0.0,0.0,0.0,0.0,0.0
0,Family,0.0,42,Brother,50,0_0_0,0.0,0.0,0.0,0.8514851485148515,0.0,0.0,0.0,0.0,0.0,0.0
0,Family,0.0,43,Brother,50,0_0_0,0.0,0.0,0.0,0.8514851485148515,0.0,0.0,0.0,0.0,0.0,0.0
0,Family,0.0,44,Brother,50,0_0_0,0.0,0.0,0.0,0.8514851485148515,0.0,0.0,0.0,0.0,0.0,0.0
0,Family,0.0,45,Brother,50,0_0_0,0.0,0.0,0.0,0.8514851485148515,0.0,0.0,0.0,0.0,0.0,0.0
0,Family,0.0,46,Brother,50,0_0_0,0.0,0.0,0.0,0.8514851485148515,0.0,0.0,0.0,0.0,0.0,0.0
0,Family,0.0,47,Brother,50,0_0_0,0.0,0.0,0.0,0.8514851485148515,0.0,0.0,0.0,0.0,0.0,0.0
0,Family,0.0,48,Brother,50,0_0_0,0.0,0.0,0.0,0.8514851485148515,0.0,0.0,0.0,0.0,0.0,0.0
0,Family,0.0,49,Brother,50,0_0_0,0.0,0.0,0.0,0.8514851485148515,0.0,0.0,0.0,0.0,0.0,0.0
0,Family,0.1,1,Brother,50,0_0_0,0.0,0.0,0.0,0.8514851485148515,0.0,0.0,0.0,0.0,0.0,0.0
0,Family,0.1,2,Brother,50,0_0_0,0.0,0.0,0.0,0.8514851485148515,0.0,0.0,0.0,0.0,0.0,0.0
0,Family,0.1,3,Brother,50,0_0_0,0.0,0.0,0.0,0.8514851485148515,0.0,0.0,0.0,0.0,0.0,0.0
0,Family,0.1,4,Brother,50,0_0_0,0.0,0.0,0.0,0.8514851485148515,0.0,0.0,0.0,0.0,0.0,0.0
0,Family,0.1,5,Brother,50,0_0_0,0.0,0.0,0.0,0.8514851485148515,0.0,0.0,0.0,0.0,0.0,0.0
0,Family,0.1,6,Brother,50,0_0_0,0.0,0.0,0.0,0.8514851485148515,0.0,0.0,0.0,0.0,0.0,0.0
0,Family,0.1,7,Brother,50,0_0_0,0.0,0.0,0.0,0.8514851485148515,0.0,0.0,0.0,0.0,0.0,0.0
0,Family,0.1,8,Brother,50,0_0_0,0.0,0.0,0.0,0.8514851485148515,0.0,0.0,0.0,0.0,0.0,0.0
0,Family,0.1,9,Brother,50,0_0_0,0.0,0.0,0.0,0.8514851485148515,0.0,0.0,0.0,0.0,0.0,0.0
0,Family,0.1,10,Brother,50,0_0_0,0.0,0.0,0.0,0.8514851485148515,0.0,0.0,0.0,0.0,0.0,0.0
0,Family,0.1,11,Brother,50,0_0_0,0.0,0.0,0.0,0.8514851485148515,0.0,0.0,0.0,0.0,0.0,0.0
0,Family,0.1,12,Brother,50,0_0_0,0.0,0.0,0.0,0.8514851485148515,0.0,0.0,0.0,0.0,0.0,0.0
0,Family,0.1,13,Brother,50,0_0_0,0.0,0.0,0.0,0.8514851485148515,0.0,0.0,0.0,0.0,0.0,0.0
0,Family,0.1,14,Brother,50,0_0_0,0.0,0.0,0.0,0.8514851485148515,0.0,0.0,0.0,0.0,0.0,0.0
0,Family,0.1,15,Brother,50,0_0_0,0.0,0.0,0.0,0.8514851485148515,0.0,0.0,0.0,0.0,0.0,0.0
0,Family,0.1,16,Brother,50,0_0_0,0.0,0.0,0.0,0.8514851485148515,0.0,0.0,0.0,0.0,0.0,0.0
0,Family,0.1,17,Brother,50,0_0_0,0.0,0.0,0.0,0.8514851485148515,0.0,0.0,0.0,0.0,0.0,0.0
0,Family,0.1,18,Brother,50,0_0_0,0.0,0.0,0.0,0.8514851485148515,0.0,0.0,0.0,0.0,0.0,0.0
0,Family,0.1,19,Brother,50,0_0_0,0.0,0.0,0.0,0.8514851485148515,0.0,0.0,0.0,0.0,0.0,0.0
0,Family,0.1,20,Brother,50,0_0_0,0.0,0.0,0.0,0.8514851485148515,0.0,0.0,0.0,0.0,0.0,0.0
0,Family,0.1,21,Brother,50,0_0_0,0.0,0.0,0.0,0.8514851485148515,0.0,0.0,0.0,0.0,0.0,0.0
0,Family,0.1,22,Brother,50,0_0_0,0.0,0.0,0.0,0.8514851485148515,0.0,0.0,0.0,0.0,0.0,0.0
0,Family,0.1,23,Brother,50,0_0_0,0.0,0.0,0.0,0.8514851485148515,0.0,0.0,0.0,0.0,0.0,0.0
0,Family,0.1,24,Brother,50,0_0_0,0.0,0.0,0.0,0.8514851485148515,0.0,0.0,0.0,0.0,0.0,0.0
0,Family,0.1,25,Brother,50,0_0_0,0.0,0.0,0.0,0.8514851485148515,0.0,0.0,0.0,0.0,0.0,0.0
0,Family,0.1,26,Brother,50,0_0_0,0.0,0.0,0.0,0.8514851485148515,0.0,0.0,0.0,0.0,0.0,0.0
0,Family,0.1,27,Brother,50,0_0_0,0.0,0.0,0.0,0.8514851485148515,0.0,0.0,0.0,0.0,0.0,0.0
0,Family,0.1,28,Brother,50,0_0_0,0.0,0.0,0.0,0.8514851485148515,0.0,0.0,0.0,0.0,0.0,0.0
0,Family,0.1,29,Brother,50,0_0_0,0.0,0.0,0.0,0.8514851485148515,0.0,0.0,0.0,0.0,0.0,0.0
0,Family,0.1,30,Brother,50,0_0_0,0.0,0.0,0.0,0.8514851485148515,0.0,0.0,0.0,0.0,0.0,0.0
0,Family,0.1,31,Brother,50,0_0_0,0.0,0.0,0.0,0.8514851485148515,0.0,0.0,0.0,0.0,0.0,0.0
0,Family,0.1,32,Brother,50,0_0_0,0.0,0.0,0.0,0.8514851485148515,0.0,0.0,0.0,0.0,0.0,0.0
0,Family,0.1,33,Brother,50,0_0_0,0.0,0.0,0.0,0.8514851485148515,0.0,0.0,0.0,0.0,0.0,0.0
0,Family,0.1,34,Brother,50,0_0_0,0.0,0.0,0.0,0.8514851485148515,0.0,0.0,0.0,0.0,0.0,0.0
0,Family,0.1,35,Brother,50,0_0_0,0.0,0.0,0.0,0.8514851485148515,0.0,0.0,0.0,0.0,0.0,0.0
0,Family,0.1,36,Brother,50,0_0_0,0.0,0.0,0.0,0.8514851485148515,0.0,0.0,0.0,0.0,0.0,0.0
0,Family,0.1,37,Brother,50,0_0_0,0.0,0.0,0.0,0.8514851485148515,0.0,0.0,0.0,0.0,0.0,0.0
0,Family,0.1,38,Brother,50,0_0_0,0.0,0.0,0.0,0.8514851485148515,0.0,0.0,0.0,0.0,0.0,0.0
0,Family,0.1,39,Brother,50,0_0_0,0.0,0.0,0.0,0.8514851485148515,0.0,0.0,0.0,0.0,0.0,0.0
0,Family,0.1,40,Brother,50,0_0_0,0.0,0.0,0.0,0.8514851485148515,0.0,0.0,0.0,0.0,0.0,0.0
0,Family,0.1,41,Brother,50,0_0_0,0.0,0.0,0.0,0.8514851485148515,0.0,0.0,0.0,0.0,0.0,0.0
0,Family,0.1,42,Brother,50,0_0_0,0.0,0.0,0.0,0.8514851485148515,0.0,0.0,0.0,0.0,0.0,0.0
0,Family,0.1,43,Brother,50,0_0_0,0.0,0.0,0.0,0.8514851485148515,0.0,0.0,0.0,0.0,0.0,0.0
0,Family,0.1,44,Brother,50,0_0_0,0.0,0.0,0.0,0.8514851485148515,0.0,0.0,0.0,0.0,0.0,0.0
0,Family,0.1,45,Brother,50,0_0_0,0.0,0.0,0.0,0.8514851485148515,0.0,0.0,0.0,0.0,0.0,0.0
0,Family,0.1,46,Brother,50,0_0_0,0.0,0.0,0.0,0.8514851485148515,0.0,0.0,0.0,0.0,0.0,0.0
0,Family,0.1,47,Brother,50,0_0_0,0.0,0.0,0.0,0.8514851485148515,0.0,0.0,0.0,0.0,0.0,0.0
0,Family,0.1,48,Brother,50,0_0_0,0.0,0.0,0.0,0.8514851485148515,0.0,0.0,0.0,0.0,0.0,0.0
0,Family,0.1,49,Brother,50,0_0_0,0.0,0.0,0.0,0.8514851485148515,0.0,0.0,0.0,0.0,0.0,0.0
0,Family,0.2,1,Brother,50,0_0_0,0.0,0.0,0.0,0.8514851485148515,0.0,0.0,0.0,0.0,0.0,0.0
0,Family,0.2,2,Brother,50,0_0_0,0.0,0.0,0.0,0.8514851485148515,0.0,0.0,0.0,0.0,0.0,0.0
0,Family,0.2,3,Brother,50,0_0_0,0.0,0.0,0.0,0.8514851485148515,0.0,0.0,0.0,0.0,0.0,0.0
0,Family,0.2,4,Brother,50,0_0_0,0.0,0.0,0.0,0.8514851485148515,0.0,0.0,0.0,0.0,0.0,0.0
0,Family,0.2,5,Brother,50,0_0_0,0.0,0.0,0.0,0.8514851485148515,0.0,0.0,0.0,0.0,0.0,0.0
0,Family,0.2,6,Brother,50,0_0_0,0.0,0.0,0.0,0.8514851485148515,0.0,0.0,0.0,0.0,0.0,0.0
0,Family,0.2,7,Brother,50,0_0_0,0.0,0.0,0.0,0.8514851485148515,0.0,0.0,0.0,0.0,0.0,0.0
0,Family,0.2,8,Brother,50,0_0_0,0.0,0.0,0.0,0.8514851485148515,0.0,0.0,0.0,0.0,0.0,0.0
0,Family,0.2,9,Brother,50,0_0_0,0.0,0.0,0.0,0.8514851485148515,0.0,0.0,0.0,0.0,0.0,0.0
0,Family,0.2,10,Brother,50,0_0_0,0.0,0.0,0.0,0.8514851485148515,0.0,0.0,0.0,0.0,0.0,0.0
0,Family,0.2,11,Brother,50,0_0_0,0.0,0.0,0.0,0.8514851485148515,0.0,0.0,0.0,0.0,0.0,0.0
0,Family,0.2,12,Brother,50,0_0_0,0.0,0.0,0.0,0.8514851485148515,0.0,0.0,0.0,0.0,0.0,0.0
0,Family,0.2,13,Brother,50,0_0_0,0.0,0.0,0.0,0.8514851485148515,0.0,0.0,0.0,0.0,0.0,0.0
0,Family,0.2,14,Brother,50,0_0_0,0.0,0.0,0.0,0.8514851485148515,0.0,0.0,0.0,0.0,0.0,0.0
0,Family,0.2,15,Brother,50,0_0_0,0.0,0.0,0.0,0.8514851485148515,0.0,0.0,0.0,0.0,0.0,0.0
0,Family,0.2,16,Brother,50,0_0_0,0.0,0.0,0.0,0.8514851485148515,0.0,0.0,0.0,0.0,0.0,0.0
0,Family,0.2,17,Brother,50,0_0_0,0.0,0.0,0.0,0.8514851485148515,0.0,0.0,0.0,0.0,0.0,0.0
0,Family,0.2,18,Brother,50,0_0_0,0.0,0.0,0.0,0.8514851485148515,0.0,0.0,0.0,0.0,0.0,0.0
0,Family,0.2,19,Brother,50,0_0_0,0.0,0.0,0.0,0.8514851485148515,0.0,0.0,0.0,0.0,0.0,0.0
0,Family,0.2,20,Brother,50,0_0_0,0.0,0.0,0.0,0.8514851485148515,0.0,0.0,0.0,0.0,0.0,0.0
0,Family,0.2,21,Brother,50,0_0_0,0.0,0.0,0.0,0.8514851485148515,0.0,0.0,0.0,0.0,0.0,0.0
0,Family,0.2,22,Brother,50,0_0_0,0.0,0.0,0.0,0.8514851485148515,0.0,0.0,0.0,0.0,0.0,0.0
0,Family,0.2,23,Brother,50,0_0_0,0.0,0.0,0.0,0.8514851485148515,0.0,0.0,0.0,0.0,0.0,0.0
0,Family,0.2,24,Brother,50,0_0_0,0.0,0.0,0.0,0.8514851485148515,0.0,0.0,0.0,0.0,0.0,0.0
0,Family,0.2,25,Brother,50,0_0_0,0.0,0.0,0.0,0.8514851485148515,0.0,0.0,0.0,0.0,0.0,0.0
0,Family,0.2,26,Brother,50,0_0_0,0.0,0.0,0.0,0.8514851485148515,0.0,0.0,0.0,0.0,0.0,0.0
0,Family,0.2,27,Brother,50,0_0_0,0.0,0.0,0.0,0.8514851485148515,0.0,0.0,0.0,0.0,0.0,0.0
0,Family,0.2,28,Brother,50,0_0_0,0.0,0.0,0.0,0.8514851485148515,0.0,0.0,0.0,0.0,0.0,0.0
0,Family,0.2,29,Brother,50,0_0_0,0.0,0.0,0.0,0.8514851485148515,0.0,0.0,0.0,0.0,0.0,0.0
0,Family,0.2,30,Brother,50,0_0_0,0.0,0.0,0.0,0.8514851485148515,0.0,0.0,0.0,0.0,0.0,0.0
0,Family,0.2,31,Brother,50,0_0_0,0.0,0.0,0.0,0.8514851485148515,0.0,0.0,0.0,0.0,0.0,0.0
0,Family,0.2,32,Brother,50,0_0_0,0.0,0.0,0.0,0.8514851485148515,0.0,0.0,0.0,0.0,0.0,0.0
0,Family,0.2,33,Brother,50,0_0_0,0.0,0.0,0.0,0.8514851485148515,0.0,0.0,0.0,0.0,0.0,0.0
0,Family,0.2,34,Brother,50,0_0_0,0.0,0.0,0.0,0.8514851485148515,0.0,0.0,0.0,0.0,0.0,0.0
0,Family,0.2,35,Brother,50,0_0_0,0.0,0.0,0.0,0.8514851485148515,0.0,0.0,0.0,0.0,0.0,0.0
0,Family,0.2,36,Brother,50,0_0_0,0.0,0.0,0.0,0.8514851485148515,0.0,0.0,0.0,0.0,0.0,0.0
0,Family,0.2,37,Brother,50,0_0_0,0.0,0.0,0.0,0.8514851485148515,0.0,0.0,0.0,0.0,0.0,0.0
0,Family,0.2,38,Brother,50,0_0_0,0.0,0.0,0.0,0.8514851485148515,0.0,0.0,0.0,0.0,0.0,0.0
0,Family,0.2,39,Brother,50,0_0_0,0.0,0.0,0.0,0.8514851485148515,0.0,0.0,0.0,0.0,0.0,0.0
0,Family,0.2,40,Brother,50,0_0_0,0.0,0.0,0.0,0.8514851485148515,0.0,0.0,0.0,0.0,0.0,0.0
0,Family,0.2,41,Brother,50,0_0_0,0.0,0.0,0.0,0.8514851485148515,0.0,0.0,0.0,0.0,0.0,0.0
0,Family,0.2,42,Brother,50,0_0_0,0.0,0.0,0.0,0.8514851485148515,0.0,0.0,0.0,0.0,0.0,0.0
0,Family,0.2,43,Brother,50,0_0_0,0.0,0.0,0.0,0.8514851485148515,0.0,0.0,0.0,0.0,0.0,0.0
0,Family,0.2,44,Brother,50,0_0_0,0.0,0.0,0.0,0.8514851485148515,0.0,0.0,0.0,0.0,0.0,0.0
0,Family,0.2,45,Brother,50,0_0_0,0.0,0.0,0.0,0.8514851485148515,0.0,0.0,0.0,0.0,0.0,0.0
0,Family,0.2,46,Brother,50,0_0_0,0.0,0.0,0.0,0.8514851485148515,0.0,0.0,0.0,0.0,0.0,0.0
0,Family,0.2,47,Brother,50,0_0_0,0.0,0.0,0.0,0.8514851485148515,0.0,0.0,0.0,0.0,0.0,0.0
0,Family,0.2,48,Brother,50,0_0_0,0.0,0.0,0.0,0.8514851485148515,0.0,0.0,0.0,0.0,0.0,0.0
0,Family,0.2,49,Brother,50,0_0_0,0.0,0.0,0.0,0.8514851485148515,0.0,0.0,0.0,0.0,0.0,0.0
0,Family,0.3,1,Brother,50,0_0_0,0.0,0.0,0.0,0.8514851485148515,0.0,0.0,0.0,0.0,0.0,0.0
0,Family,0.3,2,Brother,50,0_0_0,0.0,0.0,0.0,0.8514851485148515,0.0,0.0,0.0,0.0,0.0,0.0
0,Family,0.3,3,Brother,50,0_0_0,0.0,0.0,0.0,0.8514851485148515,0.0,0.0,0.0,0.0,0.0,0.0
0,Family,0.3,4,Brother,50,0_0_0,0.0,0.0,0.0,0.8514851485148515,0.0,0.0,0.0,0.0,0.0,0.0
0,Family,0.3,5,Brother,50,0_0_0,0.0,0.0,0.0,0.8514851485148515,0.0,0.0,0.0,0.0,0.0,0.0
0,Family,0.3,6,Brother,50,0_0_0,0.0,0.0,0.0,0.8514851485148515,0.0,0.0,0.0,0.0,0.0,0.0
0,Family,0.3,7,Brother,50,0_0_0,0.0,0.0,0.0,0.8514851485148515,0.0,0.0,0.0,0.0,0.0,0.0
0,Family,0.3,8,Brother,50,0_0_0,0.0,0.0,0.0,0.8514851485148515,0.0,0.0,0.0,0.0,0.0,0.0
0,Family,0.3,9,Brother,50,0_0_0,0.0,0.0,0.0,0.8514851485148515,0.0,0.0,0.0,0.0,0.0,0.0
0,Family,0.3,10,Brother,50,0_0_0,0.0,0.0,0.0,0.8514851485148515,0.0,0.0,0.0,0.0,0.0,0.0
0,Family,0.3,11,Brother,50,0_0_0,0.0,0.0,0.0,0.8514851485148515,0.0,0.0,0.0,0.0,0.0,0.0
0,Family,0.3,12,Brother,50,0_0_0,0.0,0.0,0.0,0.8514851485148515,0.0,0.0,0.0,0.0,0.0,0.0
0,Family,0.3,13,Brother,50,0_0_0,0.0,0.0,0.0,0.8514851485148515,0.0,0.0,0.0,0.0,0.0,0.0
0,Family,0.3,14,Brother,50,0_0_0,0.0,0.0,0.0,0.8514851485148515,0.0,0.0,0.0,0.0,0.0,0.0
0,Family,0.3,15,Brother,50,0_0_0,0.0,0.0,0.0,0.8514851485148515,0.0,0.0,0.0,0.0,0.0,0.0
0,Family,0.3,16,Brother,50,0_0_0,0.0,0.0,0.0,0.8514851485148515,0.0,0.0,0.0,0.0,0.0,0.0
0,Family,0.3,17,Brother,50,0_0_0,0.0,0.0,0.0,0.8514851485148515,0.0,0.0,0.0,0.0,0.0,0.0
0,Family,0.3,18,Brother,50,0_0_0,0.0,0.0,0.0,0.8514851485148515,0.0,0.0,0.0,0.0,0.0,0.0
0,Family,0.3,19,Brother,50,0_0_0,0.0,0.0,0.0,0.8514851485148515,0.0,0.0,0.0,0.0,0.0,0.0
0,Family,0.3,20,Brother,50,0_0_0,0.0,0.0,0.0,0.8514851485148515,0.0,0.0,0.0,0.0,0.0,0.0
0,Family,0.3,21,Brother,50,0_0_0,0.0,0.0,0.0,0.8514851485148515,0.0,0.0,0.0,0.0,0.0,0.0
0,Family,0.3,22,Brother,50,0_0_0,0.0,0.0,0.0,0.8514851485148515,0.0,0.0,0.0,0.0,0.0,0.0
0,Family,0.3,23,Brother,50,0_0_0,0.0,0.0,0.0,0.8514851485148515,0.0,0.0,0.0,0.0,0.0,0.0
0,Family,0.3,24,Brother,50,0_0_0,0.0,0.0,0.0,0.8514851485148515,0.0,0.0,0.0,0.0,0.0,0.0
0,Family,0.3,25,Brother,50,0_0_0,0.0,0.0,0.0,0.8514851485148515,0.0,0.0,0.0,0.0,0.0,0.0
0,Family,0.3,26,Brother,50,0_0_0,0.0,0.0,0.0,0.8514851485148515,0.0,0.0,0.0,0.0,0.0,0.0
0,Family,0.3,27,Brother,50,0_0_0,0.0,0.0,0.0,0.8514851485148515,0.0,0.0,0.0,0.0,0.0,0.0
0,Family,0.3,28,Brother,50,0_0_0,0.0,0.0,0.0,0.8514851485148515,0.0,0.0,0.0,0.0,0.0,0.0
0,Family,0.3,29,Brother,50,0_0_0,0.0,0.0,0.0,0.8514851485148515,0.0,0.0,0.0,0.0,0.0,0.0
0,Family,0.3,30,Brother,50,0_0_0,0.0,0.0,0.0,0.8514851485148515,0.0,0.0,0.0,0.0,0.0,0.0
0,Family,0.3,31,Brother,50,0_0_0,0.0,0.0,0.0,0.8514851485148515,0.0,0.0,0.0,0.0,0.0,0.0
0,Family,0.3,32,Brother,50,0_0_0,0.0,0.0,0.0,0.8514851485148515,0.0,0.0,0.0,0.0,0.0,0.0
0,Family,0.3,33,Brother,50,0_0_0,0.0,0.0,0.0,0.8514851485148515,0.0,0.0,0.0,0.0,0.0,0.0
0,Family,0.3,34,Brother,50,0_0_0,0.0,0.0,0.0,0.8514851485148515,0.0,0.0,0.0,0.0,0.0,0.0
0,Family,0.3,35,Brother,50,0_0_0,0.0,0.0,0.0,0.8514851485148515,0.0,0.0,0.0,0.0,0.0,0.0
0,Family,0.3,36,Brother,50,0_0_0,0.0,0.0,0.0,0.8514851485148515,0.0,0.0,0.0,0.0,0.0,0.0
0,Family,0.3,37,Brother,50,0_0_0,0.0,0.0,0.0,0.8514851485148515,0.0,0.0,0.0,0.0,0.0,0.0
0,Family,0.3,38,Brother,50,0_0_0,0.0,0.0,0.0,0.8514851485148515,0.0,0.0,0.0,0.0,0.0,0.0
0,Family,0.3,39,Brother,50,0_0_0,0.0,0.0,0.0,0.8514851485148515,0.0,0.0,0.0,0.0,0.0,0.0
0,Family,0.3,40,Brother,50,0_0_0,0.0,0.0,0.0,0.8514851485148515,0.0,0.0,0.0,0.0,0.0,0.0
0,Family,0.3,41,Brother,50,0_0_0,0.0,0.0,0.0,0.8514851485148515,0.0,0.0,0.0,0.0,0.0,0.0
0,Family,0.3,42,Brother,50,0_0_0,0.0,0.0,0.0,0.8514851485148515,0.0,0.0,0.0,0.0,0.0,0.0
0,Family,0.3,43,Brother,50,0_0_0,0.0,0.0,0.0,0.8514851485148515,0.0,0.0,0.0,0.0,0.0,0.0
0,Family,0.3,44,Brother,50,0_0_0,0.0,0.0,0.0,0.8514851485148515,0.0,0.0,0.0,0.0,0.0,0.0
0,Family,0.3,45,Brother,50,0_0_0,0.0,0.0,0.0,0.8514851485148515,0.0,0.0,0.0,0.0,0.0,0.0
0,Family,0.3,46,Brother,50,0_0_0,0.0,0.0,0.0,0.8514851485148515,0.0,0.0,0.0,0.0,0.0,0.0
0,Family,0.3,47,Brother,50,0_0_0,0.0,0.0,0.0,0.8514851485148515,0.0,0.0,0.0,0.0,0.0,0.0
0,Family,0.3,48,Brother,50,0_0_0,0.0,0.0,0.0,0.8514851485148515,0.0,0.0,0.0,0.0,0.0,0.0
0,Family,0.3,49,Brother,50,0_0_0,0.0,0.0,0.0,0.8514851485148515,0.0,0.0,0.0,0.0,0.0,0.0
0,Family,0.4,1,Brother,50,0_0_0,0.0,0.0,0.0,0.8514851485148515,0.0,0.0,0.0,0.0,0.0,0.0
0,Family,0.4,2,Brother,50,0_0_0,0.0,0.0,0.0,0.8514851485148515,0.0,0.0,0.0,0.0,0.0,0.0
0,Family,0.4,3,Brother,50,0_0_0,0.0,0.0,0.0,0.8514851485148515,0.0,0.0,0.0,0.0,0.0,0.0
0,Family,0.4,4,Brother,50,0_0_0,0.0,0.0,0.0,0.8514851485148515,0.0,0.0,0.0,0.0,0.0,0.0
0,Family,0.4,5,Brother,50,0_0_0,0.0,0.0,0.0,0.8514851485148515,0.0,0.0,0.0,0.0,0.0,0.0
0,Family,0.4,6,Brother,50,0_0_0,0.0,0.0,0.0,0.8514851485148515,0.0,0.0,0.0,0.0,0.0,0.0
0,Family,0.4,7,Brother,50,0_0_0,0.0,0.0,0.0,0.8514851485148515,0.0,0.0,0.0,0.0,0.0,0.0
0,Family,0.4,8,Brother,50,0_0_0,0.0,0.0,0.0,0.8514851485148515,0.0,0.0,0.0,0.0,0.0,0.0
0,Family,0.4,9,Brother,50,0_0_0,0.0,0.0,0.0,0.8514851485148515,0.0,0.0,0.0,0.0,0.0,0.0
0,Family,0.4,10,Brother,50,0_0_0,0.0,0.0,0.0,0.8514851485148515,0.0,0.0,0.0,0.0,0.0,0.0
0,Family,0.4,11,Brother,50,0_0_0,0.0,0.0,0.0,0.8514851485148515,0.0,0.0,0.0,0.0,0.0,0.0
0,Family,0.4,12,Brother,50,0_0_0,0.0,0.0,0.0,0.8514851485148515,0.0,0.0,0.0,0.0,0.0,0.0
0,Family,0.4,13,Brother,50,0_0_0,0.0,0.0,0.0,0.8514851485148515,0.0,0.0,0.0,0.0,0.0,0.0
0,Family,0.4,14,Brother,50,0_0_0,0.0,0.0,0.0,0.8514851485148515,0.0,0.0,0.0,0.0,0.0,0.0
0,Family,0.4,15,Brother,50,0_0_0,0.0,0.0,0.0,0.8514851485148515,0.0,0.0,0.0,0.0,0.0,0.0
0,Family,0.4,16,Brother,50,0_0_0,0.0,0.0,0.0,0.8514851485148515,0.0,0.0,0.0,0.0,0.0,0.0
0,Family,0.4,17,Brother,50,0_0_0,0.0,0.0,0.0,0.8514851485148515,0.0,0.0,0.0,0.0,0.0,0.0
0,Family,0.4,18,Brother,50,0_0_0,0.0,0.0,0.0,0.8514851485148515,0.0,0.0,0.0,0.0,0.0,0.0
0,Family,0.4,19,Brother,50,0_0_0,0.0,0.0,0.0,0.8514851485148515,0.0,0.0,0.0,0.0,0.0,0.0
0,Family,0.4,20,Brother,50,0_0_0,0.0,0.0,0.0,0.8514851485148515,0.0,0.0,0.0,0.0,0.0,0.0
0,Family,0.4,21,Brother,50,0_0_0,0.0,0.0,0.0,0.8514851485148515,0.0,0.0,0.0,0.0,0.0,0.0
0,Family,0.4,22,Brother,50,0_0_0,0.0,0.0,0.0,0.8514851485148515,0.0,0.0,0.0,0.0,0.0,0.0
0,Family,0.4,23,Brother,50,0_0_0,0.0,0.0,0.0,0.8514851485148515,0.0,0.0,0.0,0.0,0.0,0.0
0,Family,0.4,24,Brother,50,0_0_0,0.0,0.0,0.0,0.8514851485148515,0.0,0.0,0.0,0.0,0.0,0.0
0,Family,0.4,25,Brother,50,0_0_0,0.0,0.0,0.0,0.8514851485148515,0.0,0.0,0.0,0.0,0.0,0.0
0,Family,0.4,26,Brother,50,0_0_0,0.0,0.0,0.0,0.8514851485148515,0.0,0.0,0.0,0.0,0.0,0.0
0,Family,0.4,27,Brother,50,0_0_0,0.0,0.0,0.0,0.8514851485148515,0.0,0.0,0.0,0.0,0.0,0.0
0,Family,0.4,28,Brother,50,0_0_0,0.0,0.0,0.0,0.8514851485148515,0.0,0.0,0.0,0.0,0.0,0.0
0,Family,0.4,29,Brother,50,0_0_0,0.0,0.0,0.0,0.8514851485148515,0.0,0.0,0.0,0.0,0.0,0.0
0,Family,0.4,30,Brother,50,0_0_0,0.0,0.0,0.0,0.8514851485148515,0.0,0.0,0.0,0.0,0.0,0.0
0,Family,0.4,31,Brother,50,0_0_0,0.0,0.0,0.0,0.8514851485148515,0.0,0.0,0.0,0.0,0.0,0.0
0,Family,0.4,32,Brother,50,0_0_0,0.0,0.0,0.0,0.8514851485148515,0.0,0.0,0.0,0.0,0.0,0.0
0,Family,0.4,33,Brother,50,0_0_0,0.0,0.0,0.0,0.8514851485148515,0.0,0.0,0.0,0.0,0.0,0.0
0,Family,0.4,34,Brother,50,0_0_0,0.0,0.0,0.0,0.8514851485148515,0.0,0.0,0.0,0.0,0.0,0.0
0,Family,0.4,35,Brother,50,0_0_0,0.0,0.0,0.0,0.8514851485148515,0.0,0.0,0.0,0.0,0.0,0.0
0,Family,0.4,36,Brother,50,0_0_0,0.0,0.0,0.0,0.8514851485148515,0.0,0.0,0.0,0.0,0.0,0.0
0,Family,0.4,37,Brother,50,0_0_0,0.0,0.0,0.0,0.8514851485148515,0.0,0.0,0.0,0.0,0.0,0.0
0,Family,0.4,38,Brother,50,0_0_0,0.0,0.0,0.0,0.8514851485148515,0.0,0.0,0.0,0.0,0.0,0.0
0,Family,0.4,39,Brother,50,0_0_0,0.0,0.0,0.0,0.8514851485148515,0.0,0.0,0.0,0.0,0.0,0.0
0,Family,0.4,40,Brother,50,0_0_0,0.0,0.0,0.0,0.8514851485148515,0.0,0.0,0.0,0.0,0.0,0.0
0,Family,0.4,41,Brother,50,0_0_0,0.0,0.0,0.0,0.8514851485148515,0.0,0.0,0.0,0.0,0.0,0.0
0,Family,0.4,42,Brother,50,0_0_0,0.0,0.0,0.0,0.8514851485148515,0.0,0.0,0.0,0.0,0.0,0.0
0,Family,0.4,43,Brother,50,0_0_0,0.0,0.0,0.0,0.8514851485148515,0.0,0.0,0.0,0.0,0.0,0.0
0,Family,0.4,44,Brother,50,0_0_0,0.0,0.0,0.0,0.8514851485148515,0.0,0.0,0.0,0.0,0.0,0.0
0,Family,0.4,45,Brother,50,0_0_0,0.0,0.0,0.0,0.8514851485148515,0.0,0.0,0.0,0.0,0.0,0.0
0,Family,0.4,46,Brother,50,0_0_0,0.0,0.0,0.0,0.8514851485148515,0.0,0.0,0.0,0.0,0.0,0.0
0,Family,0.4,47,Brother,50,0_0_0,0.0,0.0,0.0,0.8514851485148515,0.0,0.0,0.0,0.0,0.0,0.0
0,Family,0.4,48,Brother,50,0_0_0,0.0,0.0,0.0,0.8514851485148515,0.0,0.0,0.0,0.0,0.0,0.0
0,Family,0.4,49,Brother,50,0_0_0,0.0,0.0,0.0,0.8514851485148515,0.0,0.0,0.0,0.0,0.0,0.0
0,Family,0.5,1,Brother,50,0_0_0,0.0,0.0,0.0,0.8514851485148515,0.0,0.0,0.0,0.0,0.0,0.0
0,Family,0.5,2,Brother,50,0_0_0,0.0,0.0,0.0,0.8514851485148515,0.0,0.0,0.0,0.0,0.0,0.0
0,Family,0.5,3,Brother,50,0_0_0,0.0,0.0,0.0,0.8514851485148515,0.0,0.0,0.0,0.0,0.0,0.0
0,Family,0.5,4,Brother,50,0_0_0,0.0,0.0,0.0,0.8514851485148515,0.0,0.0,0.0,0.0,0.0,0.0
0,Family,0.5,5,Brother,50,0_0_0,0.0,0.0,0.0,0.8514851485148515,0.0,0.0,0.0,0.0,0.0,0.0
0,Family,0.5,6,Brother,50,0_0_0,0.0,0.0,0.0,0.8514851485148515,0.0,0.0,0.0,0.0,0.0,0.0
0,Family,0.5,7,Brother,50,0_0_0,0.0,0.0,0.0,0.8514851485148515,0.0,0.0,0.0,0.0,0.0,0.0
0,Family,0.5,8,Brother,50,0_0_0,0.0,0.0,0.0,0.8514851485148515,0.0,0.0,0.0,0.0,0.0,0.0
0,Family,0.5,9,Brother,50,0_0_0,0.0,0.0,0.0,0.8514851485148515,0.0,0.0,0.0,0.0,0.0,0.0
0,Family,0.5,10,Brother,50,0_0_0,0.0,0.0,0.0,0.8514851485148515,0.0,0.0,0.0,0.0,0.0,0.0
0,Family,0.5,11,Brother,50,0_0_0,0.0,0.0,0.0,0.8514851485148515,0.0,0.0,0.0,0.0,0.0,0.0
0,Family,0.5,12,Brother,50,0_0_0,0.0,0.0,0.0,0.8514851485148515,0.0,0.0,0.0,0.0,0.0,0.0
0,Family,0.5,13,Brother,50,0_0_0,0.0,0.0,0.0,0.8514851485148515,0.0,0.0,0.0,0.0,0.0,0.0
0,Family,0.5,14,Brother,50,0_0_0,0.0,0.0,0.0,0.8514851485148515,0.0,0.0,0.0,0.0,0.0,0.0
0,Family,0.5,15,Brother,50,0_0_0,0.0,0.0,0.0,0.8514851485148515,0.0,0.0,0.0,0.0,0.0,0.0
0,Family,0.5,16,Brother,50,0_0_0,0.0,0.0,0.0,0.8514851485148515,0.0,0.0,0.0,0.0,0.0,0.0
0,Family,0.5,17,Brother,50,0_0_0,0.0,0.0,0.0,0.8514851485148515,0.0,0.0,0.0,0.0,0.0,0.0
0,Family,0.5,18,Brother,50,0_0_0,0.0,0.0,0.0,0.8514851485148515,0.0,0.0,0.0,0.0,0.0,0.0
0,Family,0.5,19,Brother,50,0_0_0,0.0,0.0,0.0,0.8514851485148515,0.0,0.0,0.0,0.0,0.0,0.0
0,Family,0.5,20,Brother,50,0_0_0,0.0,0.0,0.0,0.8514851485148515,0.0,0.0,0.0,0.0,0.0,0.0
0,Family,0.5,21,Brother,50,0_0_0,0.0,0.0,0.0,0.8514851485148515,0.0,0.0,0.0,0.0,0.0,0.0
0,Family,0.5,22,Brother,50,0_0_0,0.0,0.0,0.0,0.8514851485148515,0.0,0.0,0.0,0.0,0.0,0.0
0,Family,0.5,23,Brother,50,0_0_0,0.0,0.0,0.0,0.8514851485148515,0.0,0.0,0.0,0.0,0.0,0.0
0,Family,0.5,24,Brother,50,0_0_0,0.0,0.0,0.0,0.8514851485148515,0.0,0.0,0.0,0.0,0.0,0.0
0,Family,0.5,25,Brother,50,0_0_0,0.0,0.0,0.0,0.8514851485148515,0.0,0.0,0.0,0.0,0.0,0.0
0,Family,0.5,26,Brother,50,0_0_0,0.0,0.0,0.0,0.8514851485148515,0.0,0.0,0.0,0.0,0.0,0.0
0,Family,0.5,27,Brother,50,0_0_0,0.0,0.0,0.0,0.8514851485148515,0.0,0.0,0.0,0.0,0.0,0.0
0,Family,0.5,28,Brother,50,0_0_0,0.0,0.0,0.0,0.8514851485148515,0.0,0.0,0.0,0.0,0.0,0.0
0,Family,0.5,29,Brother,50,0_0_0,0.0,0.0,0.0,0.8514851485148515,0.0,0.0,0.0,0.0,0.0,0.0
0,Family,0.5,30,Brother,50,0_0_0,0.0,0.0,0.0,0.8514851485148515,0.0,0.0,0.0,0.0,0.0,0.0
0,Family,0.5,31,Brother,50,0_0_0,0.0,0.0,0.0,0.8514851485148515,0.0,0.0,0.0,0.0,0.0,0.0
0,Family,0.5,32,Brother,50,0_0_0,0.0,0.0,0.0,0.8514851485148515,0.0,0.0,0.0,0.0,0.0,0.0
0,Family,0.5,33,Brother,50,0_0_0,0.0,0.0,0.0,0.8514851485148515,0.0,0.0,0.0,0.0,0.0,0.0
0,Family,0.5,34,Brother,50,0_0_0,0.0,0.0,0.0,0.8514851485148515,0.0,0.0,0.0,0.0,0.0,0.0
0,Family,0.5,35,Brother,50,0_0_0,0.0,0.0,0.0,0.8514851485148515,0.0,0.0,0.0,0.0,0.0,0.0
0,Family,0.5,36,Brother,50,0_0_0,0.0,0.0,0.0,0.8514851485148515,0.0,0.0,0.0,0.0,0.0,0.0
0,Family,0.5,37,Brother,50,0_0_0,0.0,0.0,0.0,0.8514851485148515,0.0,0.0,0.0,0.0,0.0,0.0
0,Family,0.5,38,Brother,50,0_0_0,0.0,0.0,0.0,0.8514851485148515,0.0,0.0,0.0,0.0,0.0,0.0
0,Family,0.5,39,Brother,50,0_0_0,0.0,0.0,0.0,0.8514851485148515,0.0,0.0,0.0,0.0,0.0,0.0
0,Family,0.5,40,Brother,50,0_0_0,0.0,0.0,0.0,0.8514851485148515,0.0,0.0,0.0,0.0,0.0,0.0
0,Family,0.5,41,Brother,50,0_0_0,0.0,0.0,0.0,0.8514851485148515,0.0,0.0,0.0,0.0,0.0,0.0
0,Family,0.5,42,Brother,50,0_0_0,0.0,0.0,0.0,0.8514851485148515,0.0,0.0,0.0,0.0,0.0,0.0
0,Family,0.5,43,Brother,50,0_0_0,0.0,0.0,0.0,0.8514851485148515,0.0,0.0,0.0,0.0,0.0,0.0
0,Family,0.5,44,Brother,50,0_0_0,0.0,0.0,0.0,0.8514851485148515,0.0,0.0,0.0,0.0,0.0,0.0
0,Family,0.5,45,Brother,50,0_0_0,0.0,0.0,0.0,0.8514851485148515,0.0,0.0,0.0,0.0,0.0,0.0
0,Family,0.5,46,Brother,50,0_0_0,0.0,0.0,0.0,0.8514851485148515,0.0,0.0,0.0,0.0,0.0,0.0
0,Family,0.5,47,Brother,50,0_0_0,0.0,0.0,0.0,0.8514851485148515,0.0,0.0,0.0,0.0,0.0,0.0
0,Family,0.5,48,Brother,50,0_0_0,0.0,0.0,0.0,0.8514851485148515,0.0,0.0,0.0,0.0,0.0,0.0
0,Family,0.5,49,Brother,50,0_0_0,0.0,0.0,0.0,0.8514851485148515,0.0,0.0,0.0,0.0,0.0,0.0
0,Family,0.6,1,Brother,50,0_0_0,0.0,0.0,0.0,0.8514851485148515,0.0,0.0,0.0,0.0,0.0,0.0
0,Family,0.6,2,Brother,50,0_0_0,0.0,0.0,0.0,0.8514851485148515,0.0,0.0,0.0,0.0,0.0,0.0
0,Family,0.6,3,Brother,50,0_0_0,0.0,0.0,0.0,0.8514851485148515,0.0,0.0,0.0,0.0,0.0,0.0
0,Family,0.6,4,Brother,50,0_0_0,0.0,0.0,0.0,0.8514851485148515,0.0,0.0,0.0,0.0,0.0,0.0
0,Family,0.6,5,Brother,50,0_0_0,0.0,0.0,0.0,0.8514851485148515,0.0,0.0,0.0,0.0,0.0,0.0
0,Family,0.6,6,Brother,50,0_0_0,0.0,0.0,0.0,0.8514851485148515,0.0,0.0,0.0,0.0,0.0,0.0
0,Family,0.6,7,Brother,50,0_0_0,0.0,0.0,0.0,0.8514851485148515,0.0,0.0,0.0,0.0,0.0,0.0
0,Family,0.6,8,Brother,50,0_0_0,0.0,0.0,0.0,0.8514851485148515,0.0,0.0,0.0,0.0,0.0,0.0
0,Family,0.6,9,Brother,50,0_0_0,0.0,0.0,0.0,0.8514851485148515,0.0,0.0,0.0,0.0,0.0,0.0
0,Family,0.6,10,Brother,50,0_0_0,0.0,0.0,0.0,0.8514851485148515,0.0,0.0,0.0,0.0,0.0,0.0
0,Family,0.6,11,Brother,50,0_0_0,0.0,0.0,0.0,0.8514851485148515,0.0,0.0,0.0,0.0,0.0,0.0
0,Family,0.6,12,Brother,50,0_0_0,0.0,0.0,0.0,0.8514851485148515,0.0,0.0,0.0,0.0,0.0,0.0
0,Family,0.6,13,Brother,50,0_0_0,0.0,0.0,0.0,0.8514851485148515,0.0,0.0,0.0,0.0,0.0,0.0
0,Family,0.6,14,Brother,50,0_0_0,0.0,0.0,0.0,0.8514851485148515,0.0,0.0,0.0,0.0,0.0,0.0
0,Family,0.6,15,Brother,50,0_0_0,0.0,0.0,0.0,0.8514851485148515,0.0,0.0,0.0,0.0,0.0,0.0
0,Family,0.6,16,Brother,50,0_0_0,0.0,0.0,0.0,0.8514851485148515,0.0,0.0,0.0,0.0,0.0,0.0
0,Family,0.6,17,Brother,50,0_0_0,0.0,0.0,0.0,0.8514851485148515,0.0,0.0,0.0,0.0,0.0,0.0
0,Family,0.6,18,Brother,50,0_0_0,0.0,0.0,0.0,0.8514851485148515,0.0,0.0,0.0,0.0,0.0,0.0
0,Family,0.6,19,Brother,50,0_0_0,0.0,0.0,0.0,0.8514851485148515,0.0,0.0,0.0,0.0,0.0,0.0
0,Family,0.6,20,Brother,50,0_0_0,0.0,0.0,0.0,0.8514851485148515,0.0,0.0,0.0,0.0,0.0,0.0
0,Family,0.6,21,Brother,50,0_0_0,0.0,0.0,0.0,0.8514851485148515,0.0,0.0,0.0,0.0,0.0,0.0
0,Family,0.6,22,Brother,50,0_0_0,0.0,0.0,0.0,0.8514851485148515,0.0,0.0,0.0,0.0,0.0,0.0
0,Family,0.6,23,Brother,50,0_0_0,0.0,0.0,0.0,0.8514851485148515,0.0,0.0,0.0,0.0,0.0,0.0
0,Family,0.6,24,Brother,50,0_0_0,0.0,0.0,0.0,0.8514851485148515,0.0,0.0,0.0,0.0,0.0,0.0
0,Family,0.6,25,Brother,50,0_0_0,0.0,0.0,0.0,0.8514851485148515,0.0,0.0,0.0,0.0,0.0,0.0
0,Family,0.6,26,Brother,50,0_0_0,0.0,0.0,0.0,0.8514851485148515,0.0,0.0,0.0,0.0,0.0,0.0
0,Family,0.6,27,Brother,50,0_0_0,0.0,0.0,0.0,0.8514851485148515,0.0,0.0,0.0,0.0,0.0,0.0
0,Family,0.6,28,Brother,50,0_0_0,0.0,0.0,0.0,0.8514851485148515,0.0,0.0,0.0,0.0,0.0,0.0
0,Family,0.6,29,Brother,50,0_0_0,0.0,0.0,0.0,0.8514851485148515,0.0,0.0,0.0,0.0,0.0,0.0
0,Family,0.6,30,Brother,50,0_0_0,0.0,0.0,0.0,0.8514851485148515,0.0,0.0,0.0,0.0,0.0,0.0
0,Family,0.6,31,Brother,50,0_0_0,0.0,0.0,0.0,0.8514851485148515,0.0,0.0,0.0,0.0,0.0,0.0
0,Family,0.6,32,Brother,50,0_0_0,0.0,0.0,0.0,0.8514851485148515,0.0,0.0,0.0,0.0,0.0,0.0
0,Family,0.6,33,Brother,50,0_0_0,0.0,0.0,0.0,0.8514851485148515,0.0,0.0,0.0,0.0,0.0,0.0
0,Family,0.6,34,Brother,50,0_0_0,0.0,0.0,0.0,0.8514851485148515,0.0,0.0,0.0,0.0,0.0,0.0
0,Family,0.6,35,Brother,50,0_0_0,0.0,0.0,0.0,0.8514851485148515,0.0,0.0,0.0,0.0,0.0,0.0
0,Family,0.6,36,Brother,50,0_0_0,0.0,0.0,0.0,0.8514851485148515,0.0,0.0,0.0,0.0,0.0,0.0
0,Family,0.6,37,Brother,50,0_0_0,0.0,0.0,0.0,0.8514851485148515,0.0,0.0,0.0,0.0,0.0,0.0
0,Family,0.6,38,Brother,50,0_0_0,0.0,0.0,0.0,0.8514851485148515,0.0,0.0,0.0,0.0,0.0,0.0
0,Family,0.6,39,Brother,50,0_0_0,0.0,0.0,0.0,0.8514851485148515,0.0,0.0,0.0,0.0,0.0,0.0
0,Family,0.6,40,Brother,50,0_0_0,0.0,0.0,0.0,0.8514851485148515,0.0,0.0,0.0,0.0,0.0,0.0
0,Family,0.6,41,Brother,50,0_0_0,0.0,0.0,0.0,0.8514851485148515,0.0,0.0,0.0,0.0,0.0,0.0
0,Family,0.6,42,Brother,50,0_0_0,0.0,0.0,0.0,0.8514851485148515,0.0,0.0,0.0,0.0,0.0,0.0
0,Family,0.6,43,Brother,50,0_0_0,0.0,0.0,0.0,0.8514851485148515,0.0,0.0,0.0,0.0,0.0,0.0
0,Family,0.6,44,Brother,50,0_0_0,0.0,0.0,0.0,0.8514851485148515,0.0,0.0,0.0,0.0,0.0,0.0
0,Family,0.6,45,Brother,50,0_0_0,0.0,0.0,0.0,0.8514851485148515,0.0,0.0,0.0,0.0,0.0,0.0
0,Family,0.6,46,Brother,50,0_0_0,0.0,0.0,0.0,0.8514851485148515,0.0,0.0,0.0,0.0,0.0,0.0
0,Family,0.6,47,Brother,50,0_0_0,0.0,0.0,0.0,0.8514851485148515,0.0,0.0,0.0,0.0,0.0,0.0
0,Family,0.6,48,Brother,50,0_0_0,0.0,0.0,0.0,0.8514851485148515,0.0,0.0,0.0,0.0,0.0,0.0
0,Family,0.6,49,Brother,50,0_0_0,0.0,0.0,0.0,0.8514851485148515,0.0,0.0,0.0,0.0,0.0,0.0
0,Family,0.7,1,Brother,50,0_0_0,0.0,0.0,0.0,0.8514851485148515,0.0,0.0,0.0,0.0,0.0,0.0
0,Family,0.7,2,Brother,50,0_0_0,0.0,0.0,0.0,0.8514851485148515,0.0,0.0,0.0,0.0,0.0,0.0
0,Family,0.7,3,Brother,50,0_0_0,0.0,0.0,0.0,0.8514851485148515,0.0,0.0,0.0,0.0,0.0,0.0
0,Family,0.7,4,Brother,50,0_0_0,0.0,0.0,0.0,0.8514851485148515,0.0,0.0,0.0,0.0,0.0,0.0
0,Family,0.7,5,Brother,50,0_0_0,0.0,0.0,0.0,0.8514851485148515,0.0,0.0,0.0,0.0,0.0,0.0
0,Family,0.7,6,Brother,50,0_0_0,0.0,0.0,0.0,0.8514851485148515,0.0,0.0,0.0,0.0,0.0,0.0
0,Family,0.7,7,Brother,50,0_0_0,0.0,0.0,0.0,0.8514851485148515,0.0,0.0,0.0,0.0,0.0,0.0
0,Family,0.7,8,Brother,50,0_0_0,0.0,0.0,0.0,0.8514851485148515,0.0,0.0,0.0,0.0,0.0,0.0
0,Family,0.7,9,Brother,50,0_0_0,0.0,0.0,0.0,0.8514851485148515,0.0,0.0,0.0,0.0,0.0,0.0
0,Family,0.7,10,Brother,50,0_0_0,0.0,0.0,0.0,0.8514851485148515,0.0,0.0,0.0,0.0,0.0,0.0
0,Family,0.7,11,Brother,50,0_0_0,0.0,0.0,0.0,0.8514851485148515,0.0,0.0,0.0,0.0,0.0,0.0
0,Family,0.7,12,Brother,50,0_0_0,0.0,0.0,0.0,0.8514851485148515,0.0,0.0,0.0,0.0,0.0,0.0
0,Family,0.7,13,Brother,50,0_0_0,0.0,0.0,0.0,0.8514851485148515,0.0,0.0,0.0,0.0,0.0,0.0
0,Family,0.7,14,Brother,50,0_0_0,0.0,0.0,0.0,0.8514851485148515,0.0,0.0,0.0,0.0,0.0,0.0
0,Family,0.7,15,Brother,50,0_0_0,0.0,0.0,0.0,0.8514851485148515,0.0,0.0,0.0,0.0,0.0,0.0
0,Family,0.7,16,Brother,50,0_0_0,0.0,0.0,0.0,0.8514851485148515,0.0,0.0,0.0,0.0,0.0,0.0
0,Family,0.7,17,Brother,50,0_0_0,0.0,0.0,0.0,0.8514851485148515,0.0,0.0,0.0,0.0,0.0,0.0
0,Family,0.7,18,Brother,50,0_0_0,0.0,0.0,0.0,0.8514851485148515,0.0,0.0,0.0,0.0,0.0,0.0
0,Family,0.7,19,Brother,50,0_0_0,0.0,0.0,0.0,0.8514851485148515,0.0,0.0,0.0,0.0,0.0,0.0
0,Family,0.7,20,Brother,50,0_0_0,0.0,0.0,0.0,0.8514851485148515,0.0,0.0,0.0,0.0,0.0,0.0
0,Family,0.7,21,Brother,50,0_0_0,0.0,0.0,0.0,0.8514851485148515,0.0,0.0,0.0,0.0,0.0,0.0
0,Family,0.7,22,Brother,50,0_0_0,0.0,0.0,0.0,0.8514851485148515,0.0,0.0,0.0,0.0,0.0,0.0
0,Family,0.7,23,Brother,50,0_0_0,0.0,0.0,0.0,0.8514851485148515,0.0,0.0,0.0,0.0,0.0,0.0
0,Family,0.7,24,Brother,50,0_0_0,0.0,0.0,0.0,0.8514851485148515,0.0,0.0,0.0,0.0,0.0,0.0
0,Family,0.7,25,Brother,50,0_0_0,0.0,0.0,0.0,0.8514851485148515,0.0,0.0,0.0,0.0,0.0,0.0
0,Family,0.7,26,Brother,50,0_0_0,0.0,0.0,0.0,0.8514851485148515,0.0,0.0,0.0,0.0,0.0,0.0
0,Family,0.7,27,Brother,50,0_0_0,0.0,0.0,0.0,0.8514851485148515,0.0,0.0,0.0,0.0,0.0,0.0
0,Family,0.7,28,Brother,50,0_0_0,0.0,0.0,0.0,0.8514851485148515,0.0,0.0,0.0,0.0,0.0,0.0
0,Family,0.7,29,Brother,50,0_0_0,0.0,0.0,0.0,0.8514851485148515,0.0,0.0,0.0,0.0,0.0,0.0
0,Family,0.7,30,Brother,50,0_0_0,0.0,0.0,0.0,0.8514851485148515,0.0,0.0,0.0,0.0,0.0,0.0
0,Family,0.7,31,Brother,50,0_0_0,0.0,0.0,0.0,0.8514851485148515,0.0,0.0,0.0,0.0,0.0,0.0
0,Family,0.7,32,Brother,50,0_0_0,0.0,0.0,0.0,0.8514851485148515,0.0,0.0,0.0,0.0,0.0,0.0
0,Family,0.7,33,Brother,50,0_0_0,0.0,0.0,0.0,0.8514851485148515,0.0,0.0,0.0,0.0,0.0,0.0
0,Family,0.7,34,Brother,50,0_0_0,0.0,0.0,0.0,0.8514851485148515,0.0,0.0,0.0,0.0,0.0,0.0
0,Family,0.7,35,Brother,50,0_0_0,0.0,0.0,0.0,0.8514851485148515,0.0,0.0,0.0,0.0,0.0,0.0
0,Family,0.7,36,Brother,50,0_0_0,0.0,0.0,0.0,0.8514851485148515,0.0,0.0,0.0,0.0,0.0,0.0
0,Family,0.7,37,Brother,50,0_0_0,0.0,0.0,0.0,0.8514851485148515,0.0,0.0,0.0,0.0,0.0,0.0
0,Family,0.7,38,Brother,50,0_0_0,0.0,0.0,0.0,0.8514851485148515,0.0,0.0,0.0,0.0,0.0,0.0
0,Family,0.7,39,Brother,50,0_0_0,0.0,0.0,0.0,0.8514851485148515,0.0,0.0,0.0,0.0,0.0,0.0
0,Family,0.7,40,Brother,50,0_0_0,0.0,0.0,0.0,0.8514851485148515,0.0,0.0,0.0,0.0,0.0,0.0
0,Family,0.7,41,Brother,50,0_0_0,0.0,0.0,0.0,0.8514851485148515,0.0,0.0,0.0,0.0,0.0,0.0
0,Family,0.7,42,Brother,50,0_0_0,0.0,0.0,0.0,0.8514851485148515,0.0,0.0,0.0,0.0,0.0,0.0
0,Family,0.7,43,Brother,50,0_0_0,0.0,0.0,0.0,0.8514851485148515,0.0,0.0,0.0,0.0,0.0,0.0
0,Family,0.7,44,Brother,50,0_0_0,0.0,0.0,0.0,0.8514851485148515,0.0,0.0,0.0,0.0,0.0,0.0
0,Family,0.7,45,Brother,50,0_0_0,0.0,0.0,0.0,0.8514851485148515,0.0,0.0,0.0,0.0,0.0,0.0
0,Family,0.7,46,Brother,50,0_0_0,0.0,0.0,0.0,0.8514851485148515,0.0,0.0,0.0,0.0,0.0,0.0
0,Family,0.7,47,Brother,50,0_0_0,0.0,0.0,0.0,0.8514851485148515,0.0,0.0,0.0,0.0,0.0,0.0
0,Family,0.7,48,Brother,50,0_0_0,0.0,0.0,0.0,0.8514851485148515,0.0,0.0,0.0,0.0,0.0,0.0
0,Family,0.7,49,Brother,50,0_0_0,0.0,0.0,0.0,0.8514851485148515,0.0,0.0,0.0,0.0,0.0,0.0
0,Family,0.8,1,Brother,50,0_0_0,0.0,0.0,0.0,0.8514851485148515,0.0,0.0,0.0,0.0,0.0,0.0
0,Family,0.8,2,Brother,50,0_0_0,0.0,0.0,0.0,0.8514851485148515,0.0,0.0,0.0,0.0,0.0,0.0
0,Family,0.8,3,Brother,50,0_0_0,0.0,0.0,0.0,0.8514851485148515,0.0,0.0,0.0,0.0,0.0,0.0
0,Family,0.8,4,Brother,50,0_0_0,0.0,0.0,0.0,0.8514851485148515,0.0,0.0,0.0,0.0,0.0,0.0
0,Family,0.8,5,Brother,50,0_0_0,0.0,0.0,0.0,0.8514851485148515,0.0,0.0,0.0,0.0,0.0,0.0
0,Family,0.8,6,Brother,50,0_0_0,0.0,0.0,0.0,0.8514851485148515,0.0,0.0,0.0,0.0,0.0,0.0
0,Family,0.8,7,Brother,50,0_0_0,0.0,0.0,0.0,0.8514851485148515,0.0,0.0,0.0,0.0,0.0,0.0
0,Family,0.8,8,Brother,50,0_0_0,0.0,0.0,0.0,0.8514851485148515,0.0,0.0,0.0,0.0,0.0,0.0
0,Family,0.8,9,Brother,50,0_0_0,0.0,0.0,0.0,0.8514851485148515,0.0,0.0,0.0,0.0,0.0,0.0
0,Family,0.8,10,Brother,50,0_0_0,0.0,0.0,0.0,0.8514851485148515,0.0,0.0,0.0,0.0,0.0,0.0
0,Family,0.8,11,Brother,50,0_0_0,0.0,0.0,0.0,0.8514851485148515,0.0,0.0,0.0,0.0,0.0,0.0
0,Family,0.8,12,Brother,50,0_0_0,0.0,0.0,0.0,0.8514851485148515,0.0,0.0,0.0,0.0,0.0,0.0
0,Family,0.8,13,Brother,50,0_0_0,0.0,0.0,0.0,0.8514851485148515,0.0,0.0,0.0,0.0,0.0,0.0
0,Family,0.8,14,Brother,50,0_0_0,0.0,0.0,0.0,0.8514851485148515,0.0,0.0,0.0,0.0,0.0,0.0
0,Family,0.8,15,Brother,50,0_0_0,0.0,0.0,0.0,0.8514851485148515,0.0,0.0,0.0,0.0,0.0,0.0
0,Family,0.8,16,Brother,50,0_0_0,0.0,0.0,0.0,0.8514851485148515,0.0,0.0,0.0,0.0,0.0,0.0
0,Family,0.8,17,Brother,50,0_0_0,0.0,0.0,0.0,0.8514851485148515,0.0,0.0,0.0,0.0,0.0,0.0
0,Family,0.8,18,Brother,50,0_0_0,0.0,0.0,0.0,0.8514851485148515,0.0,0.0,0.0,0.0,0.0,0.0
0,Family,0.8,19,Brother,50,0_0_0,0.0,0.0,0.0,0.8514851485148515,0.0,0.0,0.0,0.0,0.0,0.0
0,Family,0.8,20,Brother,50,0_0_0,0.0,0.0,0.0,0.8514851485148515,0.0,0.0,0.0,0.0,0.0,0.0
0,Family,0.8,21,Brother,50,0_0_0,0.0,0.0,0.0,0.8514851485148515,0.0,0.0,0.0,0.0,0.0,0.0
0,Family,0.8,22,Brother,50,0_0_0,0.0,0.0,0.0,0.8514851485148515,0.0,0.0,0.0,0.0,0.0,0.0
0,Family,0.8,23,Brother,50,0_0_0,0.0,0.0,0.0,0.8514851485148515,0.0,0.0,0.0,0.0,0.0,0.0
0,Family,0.8,24,Brother,50,0_0_0,0.0,0.0,0.0,0.8514851485148515,0.0,0.0,0.0,0.0,0.0,0.0
0,Family,0.8,25,Brother,50,0_0_0,0.0,0.0,0.0,0.8514851485148515,0.0,0.0,0.0,0.0,0.0,0.0
0,Family,0.8,26,Brother,50,0_0_0,0.0,0.0,0.0,0.8514851485148515,0.0,0.0,0.0,0.0,0.0,0.0
0,Family,0.8,27,Brother,50,0_0_0,0.0,0.0,0.0,0.8514851485148515,0.0,0.0,0.0,0.0,0.0,0.0
0,Family,0.8,28,Brother,50,0_0_0,0.0,0.0,0.0,0.8514851485148515,0.0,0.0,0.0,0.0,0.0,0.0
0,Family,0.8,29,Brother,50,0_0_0,0.0,0.0,0.0,0.8514851485148515,0.0,0.0,0.0,0.0,0.0,0.0
0,Family,0.8,30,Brother,50,0_0_0,0.0,0.0,0.0,0.8514851485148515,0.0,0.0,0.0,0.0,0.0,0.0
0,Family,0.8,31,Brother,50,0_0_0,0.0,0.0,0.0,0.8514851485148515,0.0,0.0,0.0,0.0,0.0,0.0
0,Family,0.8,32,Brother,50,0_0_0,0.0,0.0,0.0,0.8514851485148515,0.0,0.0,0.0,0.0,0.0,0.0
0,Family,0.8,33,Brother,50,0_0_0,0.0,0.0,0.0,0.8514851485148515,0.0,0.0,0.0,0.0,0.0,0.0
0,Family,0.8,34,Brother,50,0_0_0,0.0,0.0,0.0,0.8514851485148515,0.0,0.0,0.0,0.0,0.0,0.0
0,Family,0.8,35,Brother,50,0_0_0,0.0,0.0,0.0,0.8514851485148515,0.0,0.0,0.0,0.0,0.0,0.0
0,Family,0.8,36,Brother,50,0_0_0,0.0,0.0,0.0,0.8514851485148515,0.0,0.0,0.0,0.0,0.0,0.0
0,Family,0.8,37,Brother,50,0_0_0,0.0,0.0,0.0,0.8514851485148515,0.0,0.0,0.0,0.0,0.0,0.0
0,Family,0.8,38,Brother,50,0_0_0,0.0,0.0,0.0,0.8514851485148515,0.0,0.0,0.0,0.0,0.0,0.0
0,Family,0.8,39,Brother,50,0_0_0,0.0,0.0,0.0,0.8514851485148515,0.0,0.0,0.0,0.0,0.0,0.0
0,Family,0.8,40,Brother,50,0_0_0,0.0,0.0,0.0,0.8514851485148515,0.0,0.0,0.0,0.0,0.0,0.0
0,Family,0.8,41,Brother,50,0_0_0,0.0,0.0,0.0,0.8514851485148515,0.0,0.0,0.0,0.0,0.0,0.0
0,Family,0.8,42,Brother,50,0_0_0,0.0,0.0,0.0,0.8514851485148515,0.0,0.0,0.0,0.0,0.0,0.0
0,Family,0.8,43,Brother,50,0_0_0,0.0,0.0,0.0,0.8514851485148515,0.0,0.0,0.0,0.0,0.0,0.0
0,Family,0.8,44,Brother,50,0_0_0,0.0,0.0,0.0,0.8514851485148515,0.0,0.0,0.0,0.0,0.0,0.0
0,Family,0.8,45,Brother,50,0_0_0,0.0,0.0,0.0,0.8514851485148515,0.0,0.0,0.0,0.0,0.0,0.0
0,Family,0.8,46,Brother,50,0_0_0,0.0,0.0,0.0,0.8514851485148515,0.0,0.0,0.0,0.0,0.0,0.0
0,Family,0.8,47,Brother,50,0_0_0,0.0,0.0,0.0,0.8514851485148515,0.0,0.0,0.0,0.0,0.0,0.0
0,Family,0.8,48,Brother,50,0_0_0,0.0,0.0,0.0,0.8514851485148515,0.0,0.0,0.0,0.0,0.0,0.0
0,Family,0.8,49,Brother,50,0_0_0,0.0,0.0,0.0,0.8514851485148515,0.0,0.0,0.0,0.0,0.0,0.0
0,Family,0.9,1,Brother,50,0_0_0,0.0,0.0,0.0,0.8514851485148515,0.0,0.0,0.0,0.0,0.0,0.0
0,Family,0.9,2,Brother,50,0_0_0,0.0,0.0,0.0,0.8514851485148515,0.0,0.0,0.0,0.0,0.0,0.0
0,Family,0.9,3,Brother,50,0_0_0,0.0,0.0,0.0,0.8514851485148515,0.0,0.0,0.0,0.0,0.0,0.0
0,Family,0.9,4,Brother,50,0_0_0,0.0,0.0,0.0,0.8514851485148515,0.0,0.0,0.0,0.0,0.0,0.0
0,Family,0.9,5,Brother,50,0_0_0,0.0,0.0,0.0,0.8514851485148515,0.0,0.0,0.0,0.0,0.0,0.0
0,Family,0.9,6,Brother,50,0_0_0,0.0,0.0,0.0,0.8514851485148515,0.0,0.0,0.0,0.0,0.0,0.0
0,Family,0.9,7,Brother,50,0_0_0,0.0,0.0,0.0,0.8514851485148515,0.0,0.0,0.0,0.0,0.0,0.0
0,Family,0.9,8,Brother,50,0_0_0,0.0,0.0,0.0,0.8514851485148515,0.0,0.0,0.0,0.0,0.0,0.0
0,Family,0.9,9,Brother,50,0_0_0,0.0,0.0,0.0,0.8514851485148515,0.0,0.0,0.0,0.0,0.0,0.0
0,Family,0.9,10,Brother,50,0_0_0,0.0,0.0,0.0,0.8514851485148515,0.0,0.0,0.0,0.0,0.0,0.0
0,Family,0.9,11,Brother,50,0_0_0,0.0,0.0,0.0,0.8514851485148515,0.0,0.0,0.0,0.0,0.0,0.0
0,Family,0.9,12,Brother,50,0_0_0,0.0,0.0,0.0,0.8514851485148515,0.0,0.0,0.0,0.0,0.0,0.0
0,Family,0.9,13,Brother,50,0_0_0,0.0,0.0,0.0,0.8514851485148515,0.0,0.0,0.0,0.0,0.0,0.0
0,Family,0.9,14,Brother,50,0_0_0,0.0,0.0,0.0,0.8514851485148515,0.0,0.0,0.0,0.0,0.0,0.0
0,Family,0.9,15,Brother,50,0_0_0,0.0,0.0,0.0,0.8514851485148515,0.0,0.0,0.0,0.0,0.0,0.0
0,Family,0.9,16,Brother,50,0_0_0,0.0,0.0,0.0,0.8514851485148515,0.0,0.0,0.0,0.0,0.0,0.0
0,Family,0.9,17,Brother,50,0_0_0,0.0,0.0,0.0,0.8514851485148515,0.0,0.0,0.0,0.0,0.0,0.0
0,Family,0.9,18,Brother,50,0_0_0,0.0,0.0,0.0,0.8514851485148515,0.0,0.0,0.0,0.0,0.0,0.0
0,Family,0.9,19,Brother,50,0_0_0,0.0,0.0,0.0,0.8514851485148515,0.0,0.0,0.0,0.0,0.0,0.0
0,Family,0.9,20,Brother,50,0_0_0,0.0,0.0,0.0,0.8514851485148515,0.0,0.0,0.0,0.0,0.0,0.0
0,Family,0.9,21,Brother,50,0_0_0,0.0,0.0,0.0,0.8514851485148515,0.0,0.0,0.0,0.0,0.0,0.0
0,Family,0.9,22,Brother,50,0_0_0,0.0,0.0,0.0,0.8514851485148515,0.0,0.0,0.0,0.0,0.0,0.0
0,Family,0.9,23,Brother,50,0_0_0,0.0,0.0,0.0,0.8514851485148515,0.0,0.0,0.0,0.0,0.0,0.0
0,Family,0.9,24,Brother,50,0_0_0,0.0,0.0,0.0,0.8514851485148515,0.0,0.0,0.0,0.0,0.0,0.0
0,Family,0.9,25,Brother,50,0_0_0,0.0,0.0,0.0,0.8514851485148515,0.0,0.0,0.0,0.0,0.0,0.0
0,Family,0.9,26,Brother,50,0_0_0,0.0,0.0,0.0,0.8514851485148515,0.0,0.0,0.0,0.0,0.0,0.0
0,Family,0.9,27,Brother,50,0_0_0,0.0,0.0,0.0,0.8514851485148515,0.0,0.0,0.0,0.0,0.0,0.0
0,Family,0.9,28,Brother,50,0_0_0,0.0,0.0,0.0,0.8514851485148515,0.0,0.0,0.0,0.0,0.0,0.0
0,Family,0.9,29,Brother,50,0_0_0,0.0,0.0,0.0,0.8514851485148515,0.0,0.0,0.0,0.0,0.0,0.0
0,Family,0.9,30,Brother,50,0_0_0,0.0,0.0,0.0,0.8514851485148515,0.0,0.0,0.0,0.0,0.0,0.0
0,Family,0.9,31,Brother,50,0_0_0,0.0,0.0,0.0,0.8514851485148515,0.0,0.0,0.0,0.0,0.0,0.0
0,Family,0.9,32,Brother,50,0_0_0,0.0,0.0,0.0,0.8514851485148515,0.0,0.0,0.0,0.0,0.0,0.0
0,Family,0.9,33,Brother,50,0_0_0,0.0,0.0,0.0,0.8514851485148515,0.0,0.0,0.0,0.0,0.0,0.0
0,Family,0.9,34,Brother,50,0_0_0,0.0,0.0,0.0,0.8514851485148515,0.0,0.0,0.0,0.0,0.0,0.0
0,Family,0.9,35,Brother,50,0_0_0,0.0,0.0,0.0,0.8514851485148515,0.0,0.0,0.0,0.0,0.0,0.0
0,Family,0.9,36,Brother,50,0_0_0,0.0,0.0,0.0,0.8514851485148515,0.0,0.0,0.0,0.0,0.0,0.0
0,Family,0.9,37,Brother,50,0_0_0,0.0,0.0,0.0,0.8514851485148515,0.0,0.0,0.0,0.0,0.0,0.0
0,Family,0.9,38,Brother,50,0_0_0,0.0,0.0,0.0,0.8514851485148515,0.0,0.0,0.0,0.0,0.0,0.0
0,Family,0.9,39,Brother,50,0_0_0,0.0,0.0,0.0,0.8514851485148515,0.0,0.0,0.0,0.0,0.0,0.0
0,Family,0.9,40,Brother,50,0_0_0,0.0,0.0,0.0,0.8514851485148515,0.0,0.0,0.0,0.0,0.0,0.0
0,Family,0.9,41,Brother,50,0_0_0,0.0,0.0,0.0,0.8514851485148515,0.0,0.0,0.0,0.0,0.0,0.0
0,Family,0.9,42,Brother,50,0_0_0,0.0,0.0,0.0,0.8514851485148515,0.0,0.0,0.0,0.0,0.0,0.0
0,Family,0.9,43,Brother,50,0_0_0,0.0,0.0,0.0,0.8514851485148515,0.0,0.0,0.0,0.0,0.0,0.0
0,Family,0.9,44,Brother,50,0_0_0,0.0,0.0,0.0,0.8514851485148515,0.0,0.0,0.0,0.0,0.0,0.0
0,Family,0.9,45,Brother,50,0_0_0,0.0,0.0,0.0,0.8514851485148515,0.0,0.0,0.0,0.0,0.0,0.0
0,Family,0.9,46,Brother,50,0_0_0,0.0,0.0,0.0,0.8514851485148515,0.0,0.0,0.0,0.0,0.0,0.0
0,Family,0.9,47,Brother,50,0_0_0,0.0,0.0,0.0,0.8514851485148515,0.0,0.0,0.0,0.0,0.0,0.0
0,Family,0.9,48,Brother,50,0_0_0,0.0,0.0,0.0,0.8514851485148515,0.0,0.0,0.0,0.0,0.0,0.0
0,Family,0.9,49,Brother,50,0_0_0,0.0,0.0,0.0,0.8514851485148515,0.0,0.0,0.0,0.0,0.0,0.0
0,Family,1.0,1,Brother,50,0_0_0,0.0,0.0,0.0,0.8514851485148515,0.0,0.0,0.0,0.0,0.0,0.0
0,Family,1.0,2,Brother,50,0_0_0,0.0,0.0,0.0,0.8514851485148515,0.0,0.0,0.0,0.0,0.0,0.0
0,Family,1.0,3,Brother,50,0_0_0,0.0,0.0,0.0,0.8514851485148515,0.0,0.0,0.0,0.0,0.0,0.0
0,Family,1.0,4,Brother,50,0_0_0,0.0,0.0,0.0,0.8514851485148515,0.0,0.0,0.0,0.0,0.0,0.0
0,Family,1.0,5,Brother,50,0_0_0,0.0,0.0,0.0,0.8514851485148515,0.0,0.0,0.0,0.0,0.0,0.0
0,Family,1.0,6,Brother,50,0_0_0,0.0,0.0,0.0,0.8514851485148515,0.0,0.0,0.0,0.0,0.0,0.0
0,Family,1.0,7,Brother,50,0_0_0,0.0,0.0,0.0,0.8514851485148515,0.0,0.0,0.0,0.0,0.0,0.0
0,Family,1.0,8,Brother,50,0_0_0,0.0,0.0,0.0,0.8514851485148515,0.0,0.0,0.0,0.0,0.0,0.0
0,Family,1.0,9,Brother,50,0_0_0,0.0,0.0,0.0,0.8514851485148515,0.0,0.0,0.0,0.0,0.0,0.0
0,Family,1.0,10,Brother,50,0_0_0,0.0,0.0,0.0,0.8514851485148515,0.0,0.0,0.0,0.0,0.0,0.0
0,Family,1.0,11,Brother,50,0_0_0,0.0,0.0,0.0,0.8514851485148515,0.0,0.0,0.0,0.0,0.0,0.0
0,Family,1.0,12,Brother,50,0_0_0,0.0,0.0,0.0,0.8514851485148515,0.0,0.0,0.0,0.0,0.0,0.0
0,Family,1.0,13,Brother,50,0_0_0,0.0,0.0,0.0,0.8514851485148515,0.0,0.0,0.0,0.0,0.0,0.0
0,Family,1.0,14,Brother,50,0_0_0,0.0,0.0,0.0,0.8514851485148515,0.0,0.0,0.0,0.0,0.0,0.0
0,Family,1.0,15,Brother,50,0_0_0,0.0,0.0,0.0,0.8514851485148515,0.0,0.0,0.0,0.0,0.0,0.0
0,Family,1.0,16,Brother,50,0_0_0,0.0,0.0,0.0,0.8514851485148515,0.0,0.0,0.0,0.0,0.0,0.0
0,Family,1.0,17,Brother,50,0_0_0,0.0,0.0,0.0,0.8514851485148515,0.0,0.0,0.0,0.0,0.0,0.0
0,Family,1.0,18,Brother,50,0_0_0,0.0,0.0,0.0,0.8514851485148515,0.0,0.0,0.0,0.0,0.0,0.0
0,Family,1.0,19,Brother,50,0_0_0,0.0,0.0,0.0,0.8514851485148515,0.0,0.0,0.0,0.0,0.0,0.0
0,Family,1.0,20,Brother,50,0_0_0,0.0,0.0,0.0,0.8514851485148515,0.0,0.0,0.0,0.0,0.0,0.0
0,Family,1.0,21,Brother,50,0_0_0,0.0,0.0,0.0,0.8514851485148515,0.0,0.0,0.0,0.0,0.0,0.0
0,Family,1.0,22,Brother,50,0_0_0,0.0,0.0,0.0,0.8514851485148515,0.0,0.0,0.0,0.0,0.0,0.0
0,Family,1.0,23,Brother,50,0_0_0,0.0,0.0,0.0,0.8514851485148515,0.0,0.0,0.0,0.0,0.0,0.0
0,Family,1.0,24,Brother,50,0_0_0,0.0,0.0,0.0,0.8514851485148515,0.0,0.0,0.0,0.0,0.0,0.0
0,Family,1.0,25,Brother,50,0_0_0,0.0,0.0,0.0,0.8514851485148515,0.0,0.0,0.0,0.0,0.0,0.0
0,Family,1.0,26,Brother,50,0_0_0,0.0,0.0,0.0,0.8514851485148515,0.0,0.0,0.0,0.0,0.0,0.0
0,Family,1.0,27,Brother,50,0_0_0,0.0,0.0,0.0,0.8514851485148515,0.0,0.0,0.0,0.0,0.0,0.0
0,Family,1.0,28,Brother,50,0_0_0,0.0,0.0,0.0,0.8514851485148515,0.0,0.0,0.0,0.0,0.0,0.0
0,Family,1.0,29,Brother,50,0_0_0,0.0,0.0,0.0,0.8514851485148515,0.0,0.0,0.0,0.0,0.0,0.0
0,Family,1.0,30,Brother,50,0_0_0,0.0,0.0,0.0,0.8514851485148515,0.0,0.0,0.0,0.0,0.0,0.0
0,Family,1.0,31,Brother,50,0_0_0,0.0,0.0,0.0,0.8514851485148515,0.0,0.0,0.0,0.0,0.0,0.0
0,Family,1.0,32,Brother,50,0_0_0,0.0,0.0,0.0,0.8514851485148515,0.0,0.0,0.0,0.0,0.0,0.0
0,Family,1.0,33,Brother,50,0_0_0,0.0,0.0,0.0,0.8514851485148515,0.0,0.0,0.0,0.0,0.0,0.0
0,Family,1.0,34,Brother,50,0_0_0,0.0,0.0,0.0,0.8514851485148515,0.0,0.0,0.0,0.0,0.0,0.0
0,Family,1.0,35,Brother,50,0_0_0,0.0,0.0,0.0,0.8514851485148515,0.0,0.0,0.0,0.0,0.0,0.0
0,Family,1.0,36,Brother,50,0_0_0,0.0,0.0,0.0,0.8514851485148515,0.0,0.0,0.0,0.0,0.0,0.0
0,Family,1.0,37,Brother,50,0_0_0,0.0,0.0,0.0,0.8514851485148515,0.0,0.0,0.0,0.0,0.0,0.0
0,Family,1.0,38,Brother,50,0_0_0,0.0,0.0,0.0,0.8514851485148515,0.0,0.0,0.0,0.0,0.0,0.0
0,Family,1.0,39,Brother,50,0_0_0,0.0,0.0,0.0,0.8514851485148515,0.0,0.0,0.0,0.0,0.0,0.0
0,Family,1.0,40,Brother,50,0_0_0,0.0,0.0,0.0,0.8514851485148515,0.0,0.0,0.0,0.0,0.0,0.0
0,Family,1.0,41,Brother,50,0_0_0,0.0,0.0,0.0,0.8514851485148515,0.0,0.0,0.0,0.0,0.0,0.0
0,Family,1.0,42,Brother,50,0_0_0,0.0,0.0,0.0,0.8514851485148515,0.0,0.0,0.0,0.0,0.0,0.0
0,Family,1.0,43,Brother,50,0_0_0,0.0,0.0,0.0,0.8514851485148515,0.0,0.0,0.0,0.0,0.0,0.0
0,Family,1.0,44,Brother,50,0_0_0,0.0,0.0,0.0,0.8514851485148515,0.0,0.0,0.0,0.0,0.0,0.0
0,Family,1.0,45,Brother,50,0_0_0,0.0,0.0,0.0,0.8514851485148515,0.0,0.0,0.0,0.0,0.0,0.0
0,Family,1.0,46,Brother,50,0_0_0,0.0,0.0,0.0,0.8514851485148515,0.0,0.0,0.0,0.0,0.0,0.0
0,Family,1.0,47,Brother,50,0_0_0,0.0,0.0,0.0,0.8514851485148515,0.0,0.0,0.0,0.0,0.0,0.0
0,Family,1.0,48,Brother,50,0_0_0,0.0,0.0,0.0,0.8514851485148515,0.0,0.0,0.0,0.0,0.0,0.0
0,Family,1.0,49,Brother,50,0_0_0,0.0,0.0,0.0,0.8514851485148515,0.0,0.0,0.0,0.0,0.0,0.0
0,Family,0.0,1,Male,0,0_0_0,0.2692307692307692,0.42424242424242425,1.0,0.6237623762376238,0.2692307692307692,,,,,
0,Family,0.0,2,Male,0,0_0_0,0.2692307692307692,0.42424242424242425,1.0,0.6237623762376238,0.2692307692307692,,,,,
0,Family,0.0,3,Male,0,0_0_0,0.2692307692307692,0.42424242424242425,1.0,0.6237623762376238,0.2692307692307692,,,,,
0,Family,0.0,4,Male,0,0_0_0,0.2692307692307692,0.42424242424242425,1.0,0.6237623762376238,0.2692307692307692,,,,,
0,Family,0.0,5,Male,0,0_0_0,0.2692307692307692,0.42424242424242425,1.0,0.6237623762376238,0.2692307692307692,,,,,
0,Family,0.0,6,Male,0,0_0_0,0.25961538461538464,0.4122137404580153,1.0,0.6188118811881188,0.25961538461538464,,,,,
0,Family,0.0,7,Male,0,0_0_0,0.25961538461538464,0.4122137404580153,1.0,0.6188118811881188,0.25961538461538464,,,,,
0,Family,0.0,8,Male,0,0_0_0,0.25961538461538464,0.4122137404580153,1.0,0.6188118811881188,0.25961538461538464,,,,,
0,Family,0.0,9,Male,0,0_0_0,0.2692307692307692,0.42424242424242425,1.0,0.6237623762376238,0.2692307692307692,,,,,
0,Family,0.0,10,Male,0,0_0_0,0.25961538461538464,0.4122137404580153,1.0,0.6188118811881188,0.25961538461538464,,,,,
0,Family,0.0,11,Male,0,0_0_0,0.25961538461538464,0.4122137404580153,1.0,0.6188118811881188,0.25961538461538464,,,,,
0,Family,0.0,12,Male,0,0_0_0,0.25961538461538464,0.4122137404580153,1.0,0.6188118811881188,0.25961538461538464,,,,,
0,Family,0.0,13,Male,0,0_0_0,0.25961538461538464,0.4122137404580153,1.0,0.6188118811881188,0.25961538461538464,,,,,
0,Family,0.0,14,Male,0,0_0_0,0.25961538461538464,0.4122137404580153,1.0,0.6188118811881188,0.25961538461538464,,,,,
0,Family,0.0,15,Male,0,0_0_0,0.25961538461538464,0.4122137404580153,1.0,0.6188118811881188,0.25961538461538464,,,,,
0,Family,0.0,16,Male,0,0_0_0,0.25961538461538464,0.4122137404580153,1.0,0.6188118811881188,0.25961538461538464,,,,,
0,Family,0.0,17,Male,0,0_0_0,0.2692307692307692,0.42424242424242425,1.0,0.6237623762376238,0.2692307692307692,,,,,
0,Family,0.0,18,Male,0,0_0_0,0.25961538461538464,0.4122137404580153,1.0,0.6188118811881188,0.25961538461538464,,,,,
0,Family,0.0,19,Male,0,0_0_0,0.25961538461538464,0.4122137404580153,1.0,0.6188118811881188,0.25961538461538464,,,,,
0,Family,0.0,20,Male,0,0_0_0,0.23076923076923078,0.375,1.0,0.6039603960396039,0.23076923076923078,,,,,
0,Family,0.0,21,Male,0,0_0_0,0.23076923076923078,0.375,1.0,0.6039603960396039,0.23076923076923078,,,,,
0,Family,0.0,22,Male,0,0_0_0,0.23076923076923078,0.375,1.0,0.6039603960396039,0.23076923076923078,,,,,
0,Family,0.0,23,Male,0,0_0_0,0.23076923076923078,0.375,1.0,0.6039603960396039,0.23076923076923078,,,,,
0,Family,0.0,24,Male,0,0_0_0,0.23076923076923078,0.375,1.0,0.6039603960396039,0.23076923076923078,,,,,
0,Family,0.0,25,Male,0,0_0_0,0.25,0.4,1.0,0.6138613861386139,0.25,,,,,
0,Family,0.0,26,Male,0,0_0_0,0.23076923076923078,0.375,1.0,0.6039603960396039,0.23076923076923078,,,,,
0,Family,0.0,27,Male,0,0_0_0,0.23076923076923078,0.375,1.0,0.6039603960396039,0.23076923076923078,,,,,
0,Family,0.0,28,Male,0,0_0_0,0.23076923076923078,0.375,1.0,0.6039603960396039,0.23076923076923078,,,,,
0,Family,0.0,29,Male,0,0_0_0,0.23076923076923078,0.375,1.0,0.6039603960396039,0.23076923076923078,,,,,
0,Family,0.0,30,Male,0,0_0_0,0.23076923076923078,0.375,1.0,0.6039603960396039,0.23076923076923078,,,,,
0,Family,0.0,31,Male,0,0_0_0,0.23076923076923078,0.375,1.0,0.6039603960396039,0.23076923076923078,,,,,
0,Family,0.0,32,Male,0,0_0_0,0.23076923076923078,0.375,1.0,0.6039603960396039,0.23076923076923078,,,,,
0,Family,0.0,33,Male,0,0_0_0,0.23076923076923078,0.375,1.0,0.6039603960396039,0.23076923076923078,,,,,
0,Family,0.0,34,Male,0,0_0_0,0.23076923076923078,0.375,1.0,0.6039603960396039,0.23076923076923078,,,,,
0,Family,0.0,35,Male,0,0_0_0,0.23076923076923078,0.375,1.0,0.6039603960396039,0.23076923076923078,,,,,
0,Family,0.0,36,Male,0,0_0_0,0.23076923076923078,0.375,1.0,0.6039603960396039,0.23076923076923078,,,,,
0,Family,0.0,37,Male,0,0_0_0,0.23076923076923078,0.375,1.0,0.6039603960396039,0.23076923076923078,,,,,
0,Family,0.0,38,Male,0,0_0_0,0.23076923076923078,0.375,1.0,0.6039603960396039,0.23076923076923078,,,,,
0,Family,0.0,39,Male,0,0_0_0,0.23076923076923078,0.375,1.0,0.6039603960396039,0.23076923076923078,,,,,
0,Family,0.0,40,Male,0,0_0_0,0.23076923076923078,0.375,1.0,0.6039603960396039,0.23076923076923078,,,,,
0,Family,0.0,41,Male,0,0_0_0,0.23076923076923078,0.375,1.0,0.6039603960396039,0.23076923076923078,,,,,
0,Family,0.0,42,Male,0,0_0_0,0.16346153846153846,0.2809917355371901,1.0,0.5693069306930693,0.16346153846153846,,,,,
0,Family,0.0,43,Male,0,0_0_0,0.17307692307692307,0.29508196721311475,1.0,0.5742574257425742,0.17307692307692307,,,,,
0,Family,0.0,44,Male,0,0_0_0,0.15384615384615385,0.26666666666666666,1.0,0.5643564356435643,0.15384615384615385,,,,,
0,Family,0.0,45,Male,0,0_0_0,0.15384615384615385,0.26666666666666666,1.0,0.5643564356435643,0.15384615384615385,,,,,
0,Family,0.0,46,Male,0,0_0_0,0.11538461538461539,0.20689655172413793,1.0,0.5445544554455446,0.11538461538461539,,,,,
0,Family,0.0,47,Male,0,0_0_0,0.125,0.2222222222222222,1.0,0.5495049504950495,0.125,,,,,
0,Family,0.0,48,Male,0,0_0_0,0.057692307692307696,0.10909090909090909,1.0,0.5148514851485149,0.057692307692307696,,,,,
0,Family,0.0,49,Male,0,0_0_0,0.057692307692307696,0.10909090909090909,1.0,0.5148514851485149,0.057692307692307696,,,,,
0,Family,0.1,1,Male,0,0_0_0,0.2692307692307692,0.42424242424242425,1.0,0.6237623762376238,0.2692307692307692,,,,,
0,Family,0.1,2,Male,0,0_0_0,0.23076923076923078,0.375,1.0,0.6039603960396039,0.23076923076923078,,,,,
0,Family,0.1,3,Male,0,0_0_0,0.2692307692307692,0.42424242424242425,1.0,0.6237623762376238,0.2692307692307692,,,,,
0,Family,0.1,4,Male,0,0_0_0,0.25,0.4,1.0,0.6138613861386139,0.25,,,,,
0,Family,0.1,5,Male,0,0_0_0,0.25961538461538464,0.4122137404580153,1.0,0.6188118811881188,0.25961538461538464,,,,,
0,Family,0.1,6,Male,0,0_0_0,0.25,0.4,1.0,0.6138613861386139,0.25,,,,,
0,Family,0.1,7,Male,0,0_0_0,0.25,0.4,1.0,0.6138613861386139,0.25,,,,,
0,Family,0.1,8,Male,0,0_0_0,0.25,0.4,1.0,0.6138613861386139,0.25,,,,,
0,Family,0.1,9,Male,0,0_0_0,0.25,0.4,1.0,0.6138613861386139,0.25,,,,,
0,Family,0.1,10,Male,0,0_0_0,0.25,0.4,1.0,0.6138613861386139,0.25,,,,,
0,Family,0.1,11,Male,0,0_0_0,0.25,0.4,1.0,0.6138613861386139,0.25,,,,,
0,Family,0.1,12,Male,0,0_0_0,0.25,0.4,1.0,0.6138613861386139,0.25,,,,,
0,Family,0.1,13,Male,0,0_0_0,0.25,0.4,1.0,0.6138613861386139,0.25,,,,,
0,Family,0.1,14,Male,0,0_0_0,0.25,0.4,1.0,0.6138613861386139,0.25,,,,,
0,Family,0.1,15,Male,0,0_0_0,0.25,0.4,1.0,0.6138613861386139,0.25,,,,,
0,Family,0.1,16,Male,0,0_0_0,0.25,0.4,1.0,0.6138613861386139,0.25,,,,,
0,Family,0.1,17,Male,0,0_0_0,0.25,0.4,1.0,0.6138613861386139,0.25,,,,,
0,Family,0.1,18,Male,0,0_0_0,0.25,0.4,1.0,0.6138613861386139,0.25,,,,,
0,Family,0.1,19,Male,0,0_0_0,0.25,0.4,1.0,0.6138613861386139,0.25,,,,,
0,Family,0.1,20,Male,0,0_0_0,0.2403846153846154,0.3875968992248062,1.0,0.6089108910891089,0.2403846153846154,,,,,
0,Family,0.1,21,Male,0,0_0_0,0.25961538461538464,0.4122137404580153,1.0,0.6188118811881188,0.25961538461538464,,,,,
0,Family,0.1,22,Male,0,0_0_0,0.2403846153846154,0.3875968992248062,1.0,0.6089108910891089,0.2403846153846154,,,,,
0,Family,0.1,23,Male,0,0_0_0,0.2403846153846154,0.3875968992248062,1.0,0.6089108910891089,0.2403846153846154,,,,,
0,Family,0.1,24,Male,0,0_0_0,0.23076923076923078,0.375,1.0,0.6039603960396039,0.23076923076923078,,,,,
0,Family,0.1,25,Male,0,0_0_0,0.23076923076923078,0.375,1.0,0.6039603960396039,0.23076923076923078,,,,,
0,Family,0.1,26,Male,0,0_0_0,0.23076923076923078,0.375,1.0,0.6039603960396039,0.23076923076923078,,,,,
0,Family,0.1,27,Male,0,0_0_0,0.23076923076923078,0.375,1.0,0.6039603960396039,0.23076923076923078,,,,,
0,Family,0.1,28,Male,0,0_0_0,0.23076923076923078,0.375,1.0,0.6039603960396039,0.23076923076923078,,,,,
0,Family,0.1,29,Male,0,0_0_0,0.23076923076923078,0.375,1.0,0.6039603960396039,0.23076923076923078,,,,,
0,Family,0.1,30,Male,0,0_0_0,0.23076923076923078,0.375,1.0,0.6039603960396039,0.23076923076923078,,,,,
0,Family,0.1,31,Male,0,0_0_0,0.25,0.4,1.0,0.6138613861386139,0.25,,,,,
0,Family,0.1,32,Male,0,0_0_0,0.2403846153846154,0.3875968992248062,1.0,0.6089108910891089,0.2403846153846154,,,,,
0,Family,0.1,33,Male,0,0_0_0,0.2403846153846154,0.3875968992248062,1.0,0.6089108910891089,0.2403846153846154,,,,,
0,Family,0.1,34,Male,0,0_0_0,0.23076923076923078,0.375,1.0,0.6039603960396039,0.23076923076923078,,,,,
0,Family,0.1,35,Male,0,0_0_0,0.23076923076923078,0.375,1.0,0.6039603960396039,0.23076923076923078,,,,,
0,Family,0.1,36,Male,0,0_0_0,0.23076923076923078,0.375,1.0,0.6039603960396039,0.23076923076923078,,,,,
0,Family,0.1,37,Male,0,0_0_0,0.23076923076923078,0.375,1.0,0.6039603960396039,0.23076923076923078,,,,,
0,Family,0.1,38,Male,0,0_0_0,0.21153846153846154,0.3492063492063492,1.0,0.594059405940594,0.21153846153846154,,,,,
0,Family,0.1,39,Male,0,0_0_0,0.22115384615384615,0.36220472440944884,1.0,0.599009900990099,0.22115384615384615,,,,,
0,Family,0.1,40,Male,0,0_0_0,0.21153846153846154,0.3492063492063492,1.0,0.594059405940594,0.21153846153846154,,,,,
0,Family,0.1,41,Male,0,0_0_0,0.21153846153846154,0.3492063492063492,1.0,0.594059405940594,0.21153846153846154,,,,,
0,Family,0.1,42,Male,0,0_0_0,0.18269230769230768,0.3089430894308943,1.0,0.5792079207920792,0.18269230769230768,,,,,
0,Family,0.1,43,Male,0,0_0_0,0.18269230769230768,0.3089430894308943,1.0,0.5792079207920792,0.18269230769230768,,,,,
0,Family,0.1,44,Male,0,0_0_0,0.14423076923076922,0.25210084033613445,1.0,0.5594059405940595,0.14423076923076922,,,,,
0,Family,0.1,45,Male,0,0_0_0,0.15384615384615385,0.26666666666666666,1.0,0.5643564356435643,0.15384615384615385,,,,,
0,Family,0.1,46,Male,0,0_0_0,0.11538461538461539,0.20689655172413793,1.0,0.5445544554455446,0.11538461538461539,,,,,
0,Family,0.1,47,Male,0,0_0_0,0.11538461538461539,0.20689655172413793,1.0,0.5445544554455446,0.11538461538461539,,,,,
0,Family,0.1,48,Male,0,0_0_0,0.057692307692307696,0.10909090909090909,1.0,0.5148514851485149,0.057692307692307696,,,,,
0,Family,0.1,49,Male,0,0_0_0,0.057692307692307696,0.10909090909090909,1.0,0.5148514851485149,0.057692307692307696,,,,,
0,Family,0.2,1,Male,0,0_0_0,0.25961538461538464,0.4122137404580153,1.0,0.6188118811881188,0.25961538461538464,,,,,
0,Family,0.2,2,Male,0,0_0_0,0.22115384615384615,0.36220472440944884,1.0,0.599009900990099,0.22115384615384615,,,,,
0,Family,0.2,3,Male,0,0_0_0,0.25,0.4,1.0,0.6138613861386139,0.25,,,,,
0,Family,0.2,4,Male,0,0_0_0,0.23076923076923078,0.375,1.0,0.6039603960396039,0.23076923076923078,,,,,
0,Family,0.2,5,Male,0,0_0_0,0.25961538461538464,0.4122137404580153,1.0,0.6188118811881188,0.25961538461538464,,,,,
0,Family,0.2,6,Male,0,0_0_0,0.25,0.4,1.0,0.6138613861386139,0.25,,,,,
0,Family,0.2,7,Male,0,0_0_0,0.25,0.4,1.0,0.6138613861386139,0.25,,,,,
0,Family,0.2,8,Male,0,0_0_0,0.25,0.4,1.0,0.6138613861386139,0.25,,,,,
0,Family,0.2,9,Male,0,0_0_0,0.25,0.4,1.0,0.6138613861386139,0.25,,,,,
0,Family,0.2,10,Male,0,0_0_0,0.25,0.4,1.0,0.6138613861386139,0.25,,,,,
0,Family,0.2,11,Male,0,0_0_0,0.25,0.4,1.0,0.6138613861386139,0.25,,,,,
0,Family,0.2,12,Male,0,0_0_0,0.25,0.4,1.0,0.6138613861386139,0.25,,,,,
0,Family,0.2,13,Male,0,0_0_0,0.25,0.4,1.0,0.6138613861386139,0.25,,,,,
0,Family,0.2,14,Male,0,0_0_0,0.25,0.4,1.0,0.6138613861386139,0.25,,,,,
0,Family,0.2,15,Male,0,0_0_0,0.25,0.4,1.0,0.6138613861386139,0.25,,,,,
0,Family,0.2,16,Male,0,0_0_0,0.2403846153846154,0.3875968992248062,1.0,0.6089108910891089,0.2403846153846154,,,,,
0,Family,0.2,17,Male,0,0_0_0,0.25,0.4,1.0,0.6138613861386139,0.25,,,,,
0,Family,0.2,18,Male,0,0_0_0,0.2403846153846154,0.3875968992248062,1.0,0.6089108910891089,0.2403846153846154,,,,,
0,Family,0.2,19,Male,0,0_0_0,0.2403846153846154,0.3875968992248062,1.0,0.6089108910891089,0.2403846153846154,,,,,
0,Family,0.2,20,Male,0,0_0_0,0.23076923076923078,0.375,1.0,0.6039603960396039,0.23076923076923078,,,,,
0,Family,0.2,21,Male,0,0_0_0,0.2403846153846154,0.3875968992248062,1.0,0.6089108910891089,0.2403846153846154,,,,,
0,Family,0.2,22,Male,0,0_0_0,0.23076923076923078,0.375,1.0,0.6039603960396039,0.23076923076923078,,,,,
0,Family,0.2,23,Male,0,0_0_0,0.2403846153846154,0.3875968992248062,1.0,0.6089108910891089,0.2403846153846154,,,,,
0,Family,0.2,24,Male,0,0_0_0,0.2403846153846154,0.3875968992248062,1.0,0.6089108910891089,0.2403846153846154,,,,,
0,Family,0.2,25,Male,0,0_0_0,0.2403846153846154,0.3875968992248062,1.0,0.6089108910891089,0.2403846153846154,,,,,
0,Family,0.2,26,Male,0,0_0_0,0.22115384615384615,0.36220472440944884,1.0,0.599009900990099,0.22115384615384615,,,,,
0,Family,0.2,27,Male,0,0_0_0,0.23076923076923078,0.375,1.0,0.6039603960396039,0.23076923076923078,,,,,
0,Family,0.2,28,Male,0,0_0_0,0.22115384615384615,0.36220472440944884,1.0,0.599009900990099,0.22115384615384615,,,,,
0,Family,0.2,29,Male,0,0_0_0,0.22115384615384615,0.36220472440944884,1.0,0.599009900990099,0.22115384615384615,,,,,
0,Family,0.2,30,Male,0,0_0_0,0.22115384615384615,0.36220472440944884,1.0,0.599009900990099,0.22115384615384615,,,,,
0,Family,0.2,31,Male,0,0_0_0,0.22115384615384615,0.36220472440944884,1.0,0.599009900990099,0.22115384615384615,,,,,
0,Family,0.2,32,Male,0,0_0_0,0.22115384615384615,0.36220472440944884,1.0,0.599009900990099,0.22115384615384615,,,,,
0,Family,0.2,33,Male,0,0_0_0,0.22115384615384615,0.36220472440944884,1.0,0.599009900990099,0.22115384615384615,,,,,
0,Family,0.2,34,Male,0,0_0_0,0.21153846153846154,0.3492063492063492,1.0,0.594059405940594,0.21153846153846154,,,,,
0,Family,0.2,35,Male,0,0_0_0,0.21153846153846154,0.3492063492063492,1.0,0.594059405940594,0.21153846153846154,,,,,
0,Family,0.2,36,Male,0,0_0_0,0.21153846153846154,0.3492063492063492,1.0,0.594059405940594,0.21153846153846154,,,,,
0,Family,0.2,37,Male,0,0_0_0,0.21153846153846154,0.3492063492063492,1.0,0.594059405940594,0.21153846153846154,,,,,
0,Family,0.2,38,Male,0,0_0_0,0.21153846153846154,0.3492063492063492,1.0,0.594059405940594,0.21153846153846154,,,,,
0,Family,0.2,39,Male,0,0_0_0,0.21153846153846154,0.3492063492063492,1.0,0.594059405940594,0.21153846153846154,,,,,
0,Family,0.2,40,Male,0,0_0_0,0.21153846153846154,0.3492063492063492,1.0,0.594059405940594,0.21153846153846154,,,,,
0,Family,0.2,41,Male,0,0_0_0,0.21153846153846154,0.3492063492063492,1.0,0.594059405940594,0.21153846153846154,,,,,
0,Family,0.2,42,Male,0,0_0_0,0.20192307692307693,0.336,1.0,0.5891089108910891,0.20192307692307693,,,,,
0,Family,0.2,43,Male,0,0_0_0,0.20192307692307693,0.336,1.0,0.5891089108910891,0.20192307692307693,,,,,
0,Family,0.2,44,Male,0,0_0_0,0.14423076923076922,0.25210084033613445,1.0,0.5594059405940595,0.14423076923076922,,,,,
0,Family,0.2,45,Male,0,0_0_0,0.15384615384615385,0.26666666666666666,1.0,0.5643564356435643,0.15384615384615385,,,,,
0,Family,0.2,46,Male,0,0_0_0,0.09615384615384616,0.17543859649122806,1.0,0.5346534653465347,0.09615384615384616,,,,,
0,Family,0.2,47,Male,0,0_0_0,0.09615384615384616,0.17543859649122806,1.0,0.5346534653465347,0.09615384615384616,,,,,
0,Family,0.2,48,Male,0,0_0_0,0.057692307692307696,0.10909090909090909,1.0,0.5148514851485149,0.057692307692307696,,,,,
0,Family,0.2,49,Male,0,0_0_0,0.0673076923076923,0.12612612612612611,1.0,0.5198019801980198,0.0673076923076923,,,,,
0,Family,0.3,1,Male,0,0_0_0,0.27884615384615385,0.43609022556390975,1.0,0.6287128712871287,0.27884615384615385,,,,,
0,Family,0.3,2,Male,0,0_0_0,0.19230769230769232,0.3225806451612903,1.0,0.5841584158415841,0.19230769230769232,,,,,
0,Family,0.3,3,Male,0,0_0_0,0.25,0.4,1.0,0.6138613861386139,0.25,,,,,
0,Family,0.3,4,Male,0,0_0_0,0.2403846153846154,0.3875968992248062,1.0,0.6089108910891089,0.2403846153846154,,,,,
0,Family,0.3,5,Male,0,0_0_0,0.25,0.4,1.0,0.6138613861386139,0.25,,,,,
0,Family,0.3,6,Male,0,0_0_0,0.21153846153846154,0.3492063492063492,1.0,0.594059405940594,0.21153846153846154,,,,,
0,Family,0.3,7,Male,0,0_0_0,0.2403846153846154,0.3875968992248062,1.0,0.6089108910891089,0.2403846153846154,,,,,
0,Family,0.3,8,Male,0,0_0_0,0.22115384615384615,0.36220472440944884,1.0,0.599009900990099,0.22115384615384615,,,,,
0,Family,0.3,9,Male,0,0_0_0,0.2403846153846154,0.3875968992248062,1.0,0.6089108910891089,0.2403846153846154,,,,,
0,Family,0.3,10,Male,0,0_0_0,0.22115384615384615,0.36220472440944884,1.0,0.599009900990099,0.22115384615384615,,,,,
0,Family,0.3,11,Male,0,0_0_0,0.25,0.4,1.0,0.6138613861386139,0.25,,,,,
0,Family,0.3,12,Male,0,0_0_0,0.22115384615384615,0.36220472440944884,1.0,0.599009900990099,0.22115384615384615,,,,,
0,Family,0.3,13,Male,0,0_0_0,0.23076923076923078,0.375,1.0,0.6039603960396039,0.23076923076923078,,,,,
0,Family,0.3,14,Male,0,0_0_0,0.23076923076923078,0.375,1.0,0.6039603960396039,0.23076923076923078,,,,,
0,Family,0.3,15,Male,0,0_0_0,0.2403846153846154,0.3875968992248062,1.0,0.6089108910891089,0.2403846153846154,,,,,
0,Family,0.3,16,Male,0,0_0_0,0.22115384615384615,0.36220472440944884,1.0,0.599009900990099,0.22115384615384615,,,,,
0,Family,0.3,17,Male,0,0_0_0,0.23076923076923078,0.375,1.0,0.6039603960396039,0.23076923076923078,,,,,
0,Family,0.3,18,Male,0,0_0_0,0.22115384615384615,0.36220472440944884,1.0,0.599009900990099,0.22115384615384615,,,,,
0,Family,0.3,19,Male,0,0_0_0,0.23076923076923078,0.375,1.0,0.6039603960396039,0.23076923076923078,,,,,
0,Family,0.3,20,Male,0,0_0_0,0.23076923076923078,0.375,1.0,0.6039603960396039,0.23076923076923078,,,,,
0,Family,0.3,21,Male,0,0_0_0,0.23076923076923078,0.375,1.0,0.6039603960396039,0.23076923076923078,,,,,
0,Family,0.3,22,Male,0,0_0_0,0.22115384615384615,0.36220472440944884,1.0,0.599009900990099,0.22115384615384615,,,,,
0,Family,0.3,23,Male,0,0_0_0,0.23076923076923078,0.375,1.0,0.6039603960396039,0.23076923076923078,,,,,
0,Family,0.3,24,Male,0,0_0_0,0.21153846153846154,0.3492063492063492,1.0,0.594059405940594,0.21153846153846154,,,,,
0,Family,0.3,25,Male,0,0_0_0,0.23076923076923078,0.375,1.0,0.6039603960396039,0.23076923076923078,,,,,
0,Family,0.3,26,Male,0,0_0_0,0.21153846153846154,0.3492063492063492,1.0,0.594059405940594,0.21153846153846154,,,,,
0,Family,0.3,27,Male,0,0_0_0,0.22115384615384615,0.36220472440944884,1.0,0.599009900990099,0.22115384615384615,,,,,
0,Family,0.3,28,Male,0,0_0_0,0.21153846153846154,0.3492063492063492,1.0,0.594059405940594,0.21153846153846154,,,,,
0,Family,0.3,29,Male,0,0_0_0,0.22115384615384615,0.36220472440944884,1.0,0.599009900990099,0.22115384615384615,,,,,
0,Family,0.3,30,Male,0,0_0_0,0.21153846153846154,0.3492063492063492,1.0,0.594059405940594,0.21153846153846154,,,,,
0,Family,0.3,31,Male,0,0_0_0,0.21153846153846154,0.3492063492063492,1.0,0.594059405940594,0.21153846153846154,,,,,
0,Family,0.3,32,Male,0,0_0_0,0.21153846153846154,0.3492063492063492,1.0,0.594059405940594,0.21153846153846154,,,,,
0,Family,0.3,33,Male,0,0_0_0,0.21153846153846154,0.3492063492063492,1.0,0.594059405940594,0.21153846153846154,,,,,
0,Family,0.3,34,Male,0,0_0_0,0.20192307692307693,0.336,1.0,0.5891089108910891,0.20192307692307693,,,,,
0,Family,0.3,35,Male,0,0_0_0,0.20192307692307693,0.336,1.0,0.5891089108910891,0.20192307692307693,,,,,
0,Family,0.3,36,Male,0,0_0_0,0.19230769230769232,0.3225806451612903,1.0,0.5841584158415841,0.19230769230769232,,,,,
0,Family,0.3,37,Male,0,0_0_0,0.20192307692307693,0.336,1.0,0.5891089108910891,0.20192307692307693,,,,,
0,Family,0.3,38,Male,0,0_0_0,0.19230769230769232,0.3225806451612903,1.0,0.5841584158415841,0.19230769230769232,,,,,
0,Family,0.3,39,Male,0,0_0_0,0.19230769230769232,0.3225806451612903,1.0,0.5841584158415841,0.19230769230769232,,,,,
0,Family,0.3,40,Male,0,0_0_0,0.16346153846153846,0.2809917355371901,1.0,0.5693069306930693,0.16346153846153846,,,,,
0,Family,0.3,41,Male,0,0_0_0,0.16346153846153846,0.2809917355371901,1.0,0.5693069306930693,0.16346153846153846,,,,,
0,Family,0.3,42,Male,0,0_0_0,0.14423076923076922,0.25210084033613445,1.0,0.5594059405940595,0.14423076923076922,,,,,
0,Family,0.3,43,Male,0,0_0_0,0.15384615384615385,0.26666666666666666,1.0,0.5643564356435643,0.15384615384615385,,,,,
0,Family,0.3,44,Male,0,0_0_0,0.10576923076923077,0.19130434782608696,1.0,0.5396039603960396,0.10576923076923077,,,,,
0,Family,0.3,45,Male,0,0_0_0,0.11538461538461539,0.20689655172413793,1.0,0.5445544554455446,0.11538461538461539,,,,,
0,Family,0.3,46,Male,0,0_0_0,0.0673076923076923,0.12612612612612611,1.0,0.5198019801980198,0.0673076923076923,,,,,
0,Family,0.3,47,Male,0,0_0_0,0.07692307692307693,0.14285714285714285,1.0,0.5247524752475248,0.07692307692307693,,,,,
0,Family,0.3,48,Male,0,0_0_0,0.0673076923076923,0.12612612612612611,1.0,0.5198019801980198,0.0673076923076923,,,,,
0,Family,0.3,49,Male,0,0_0_0,0.0673076923076923,0.12612612612612611,1.0,0.5198019801980198,0.0673076923076923,,,,,
0,Family,0.4,1,Male,0,0_0_0,0.2692307692307692,0.42424242424242425,1.0,0.6237623762376238,0.2692307692307692,,,,,
0,Family,0.4,2,Male,0,0_0_0,0.17307692307692307,0.29508196721311475,1.0,0.5742574257425742,0.17307692307692307,,,,,
0,Family,0.4,3,Male,0,0_0_0,0.25,0.4,1.0,0.6138613861386139,0.25,,,,,
0,Family,0.4,4,Male,0,0_0_0,0.20192307692307693,0.336,1.0,0.5891089108910891,0.20192307692307693,,,,,
0,Family,0.4,5,Male,0,0_0_0,0.2403846153846154,0.3875968992248062,1.0,0.6089108910891089,0.2403846153846154,,,,,
0,Family,0.4,6,Male,0,0_0_0,0.19230769230769232,0.3225806451612903,1.0,0.5841584158415841,0.19230769230769232,,,,,
0,Family,0.4,7,Male,0,0_0_0,0.20192307692307693,0.336,1.0,0.5891089108910891,0.20192307692307693,,,,,
0,Family,0.4,8,Male,0,0_0_0,0.20192307692307693,0.336,1.0,0.5891089108910891,0.20192307692307693,,,,,
0,Family,0.4,9,Male,0,0_0_0,0.22115384615384615,0.36220472440944884,1.0,0.599009900990099,0.22115384615384615,,,,,
0,Family,0.4,10,Male,0,0_0_0,0.20192307692307693,0.336,1.0,0.5891089108910891,0.20192307692307693,,,,,
0,Family,0.4,11,Male,0,0_0_0,0.21153846153846154,0.3492063492063492,1.0,0.594059405940594,0.21153846153846154,,,,,
0,Family,0.4,12,Male,0,0_0_0,0.20192307692307693,0.336,1.0,0.5891089108910891,0.20192307692307693,,,,,
0,Family,0.4,13,Male,0,0_0_0,0.22115384615384615,0.36220472440944884,1.0,0.599009900990099,0.22115384615384615,,,,,
0,Family,0.4,14,Male,0,0_0_0,0.21153846153846154,0.3492063492063492,1.0,0.594059405940594,0.21153846153846154,,,,,
0,Family,0.4,15,Male,0,0_0_0,0.23076923076923078,0.375,1.0,0.6039603960396039,0.23076923076923078,,,,,
0,Family,0.4,16,Male,0,0_0_0,0.21153846153846154,0.3492063492063492,1.0,0.594059405940594,0.21153846153846154,,,,,
0,Family,0.4,17,Male,0,0_0_0,0.22115384615384615,0.36220472440944884,1.0,0.599009900990099,0.22115384615384615,,,,,
0,Family,0.4,18,Male,0,0_0_0,0.21153846153846154,0.3492063492063492,1.0,0.594059405940594,0.21153846153846154,,,,,
0,Family,0.4,19,Male,0,0_0_0,0.21153846153846154,0.3492063492063492,1.0,0.594059405940594,0.21153846153846154,,,,,
0,Family,0.4,20,Male,0,0_0_0,0.20192307692307693,0.336,1.0,0.5891089108910891,0.20192307692307693,,,,,
0,Family,0.4,21,Male,0,0_0_0,0.20192307692307693,0.336,1.0,0.5891089108910891,0.20192307692307693,,,,,
0,Family,0.4,22,Male,0,0_0_0,0.20192307692307693,0.336,1.0,0.5891089108910891,0.20192307692307693,,,,,
0,Family,0.4,23,Male,0,0_0_0,0.21153846153846154,0.3492063492063492,1.0,0.594059405940594,0.21153846153846154,,,,,
0,Family,0.4,24,Male,0,0_0_0,0.19230769230769232,0.3225806451612903,1.0,0.5841584158415841,0.19230769230769232,,,,,
0,Family,0.4,25,Male,0,0_0_0,0.21153846153846154,0.3492063492063492,1.0,0.594059405940594,0.21153846153846154,,,,,
0,Family,0.4,26,Male,0,0_0_0,0.17307692307692307,0.29508196721311475,1.0,0.5742574257425742,0.17307692307692307,,,,,
0,Family,0.4,27,Male,0,0_0_0,0.18269230769230768,0.3089430894308943,1.0,0.5792079207920792,0.18269230769230768,,,,,
0,Family,0.4,28,Male,0,0_0_0,0.14423076923076922,0.25210084033613445,1.0,0.5594059405940595,0.14423076923076922,,,,,
0,Family,0.4,29,Male,0,0_0_0,0.18269230769230768,0.3089430894308943,1.0,0.5792079207920792,0.18269230769230768,,,,,
0,Family,0.4,30,Male,0,0_0_0,0.1346153846153846,0.23728813559322035,1.0,0.5544554455445545,0.1346153846153846,,,,,
0,Family,0.4,31,Male,0,0_0_0,0.14423076923076922,0.25210084033613445,1.0,0.5594059405940595,0.14423076923076922,,,,,
0,Family,0.4,32,Male,0,0_0_0,0.14423076923076922,0.25210084033613445,1.0,0.5594059405940595,0.14423076923076922,,,,,
0,Family,0.4,33,Male,0,0_0_0,0.14423076923076922,0.25210084033613445,1.0,0.5594059405940595,0.14423076923076922,,,,,
0,Family,0.4,34,Male,0,0_0_0,0.1346153846153846,0.23728813559322035,1.0,0.5544554455445545,0.1346153846153846,,,,,
0,Family,0.4,35,Male,0,0_0_0,0.1346153846153846,0.23728813559322035,1.0,0.5544554455445545,0.1346153846153846,,,,,
0,Family,0.4,36,Male,0,0_0_0,0.11538461538461539,0.20689655172413793,1.0,0.5445544554455446,0.11538461538461539,,,,,
0,Family,0.4,37,Male,0,0_0_0,0.125,0.2222222222222222,1.0,0.5495049504950495,0.125,,,,,
0,Family,0.4,38,Male,0,0_0_0,0.10576923076923077,0.19130434782608696,1.0,0.5396039603960396,0.10576923076923077,,,,,
0,Family,0.4,39,Male,0,0_0_0,0.11538461538461539,0.20689655172413793,1.0,0.5445544554455446,0.11538461538461539,,,,,
0,Family,0.4,40,Male,0,0_0_0,0.09615384615384616,0.17543859649122806,1.0,0.5346534653465347,0.09615384615384616,,,,,
0,Family,0.4,41,Male,0,0_0_0,0.09615384615384616,0.17543859649122806,1.0,0.5346534653465347,0.09615384615384616,,,,,
0,Family,0.4,42,Male,0,0_0_0,0.057692307692307696,0.10909090909090909,1.0,0.5148514851485149,0.057692307692307696,,,,,
0,Family,0.4,43,Male,0,0_0_0,0.07692307692307693,0.14285714285714285,1.0,0.5247524752475248,0.07692307692307693,,,,,
0,Family,0.4,44,Male,0,0_0_0,0.04807692307692308,0.09174311926605505,1.0,0.5099009900990099,0.04807692307692308,,,,,
0,Family,0.4,45,Male,0,0_0_0,0.057692307692307696,0.10909090909090909,1.0,0.5148514851485149,0.057692307692307696,,,,,
0,Family,0.4,46,Male,0,0_0_0,0.038461538461538464,0.07407407407407407,1.0,0.504950495049505,0.038461538461538464,,,,,
0,Family,0.4,47,Male,0,0_0_0,0.04807692307692308,0.09174311926605505,1.0,0.5099009900990099,0.04807692307692308,,,,,
0,Family,0.4,48,Male,0,0_0_0,0.019230769230769232,0.03773584905660377,1.0,0.49504950495049505,0.019230769230769232,,,,,
0,Family,0.4,49,Male,0,0_0_0,0.028846153846153848,0.056074766355140186,1.0,0.5,0.028846153846153848,,,,,
0,Family,0.5,1,Male,0,0_0_0,0.22115384615384615,0.36220472440944884,1.0,0.599009900990099,0.22115384615384615,,,,,
0,Family,0.5,2,Male,0,0_0_0,0.16346153846153846,0.2809917355371901,1.0,0.5693069306930693,0.16346153846153846,,,,,
0,Family,0.5,3,Male,0,0_0_0,0.25,0.4,1.0,0.6138613861386139,0.25,,,,,
0,Family,0.5,4,Male,0,0_0_0,0.19230769230769232,0.3225806451612903,1.0,0.5841584158415841,0.19230769230769232,,,,,
0,Family,0.5,5,Male,0,0_0_0,0.2403846153846154,0.3875968992248062,1.0,0.6089108910891089,0.2403846153846154,,,,,
0,Family,0.5,6,Male,0,0_0_0,0.17307692307692307,0.29508196721311475,1.0,0.5742574257425742,0.17307692307692307,,,,,
0,Family,0.5,7,Male,0,0_0_0,0.19230769230769232,0.3225806451612903,1.0,0.5841584158415841,0.19230769230769232,,,,,
0,Family,0.5,8,Male,0,0_0_0,0.17307692307692307,0.29508196721311475,1.0,0.5742574257425742,0.17307692307692307,,,,,
0,Family,0.5,9,Male,0,0_0_0,0.20192307692307693,0.336,1.0,0.5891089108910891,0.20192307692307693,,,,,
0,Family,0.5,10,Male,0,0_0_0,0.17307692307692307,0.29508196721311475,1.0,0.5742574257425742,0.17307692307692307,,,,,
0,Family,0.5,11,Male,0,0_0_0,0.20192307692307693,0.336,1.0,0.5891089108910891,0.20192307692307693,,,,,
0,Family,0.5,12,Male,0,0_0_0,0.16346153846153846,0.2809917355371901,1.0,0.5693069306930693,0.16346153846153846,,,,,
0,Family,0.5,13,Male,0,0_0_0,0.20192307692307693,0.336,1.0,0.5891089108910891,0.20192307692307693,,,,,
0,Family,0.5,14,Male,0,0_0_0,0.17307692307692307,0.29508196721311475,1.0,0.5742574257425742,0.17307692307692307,,,,,
0,Family,0.5,15,Male,0,0_0_0,0.18269230769230768,0.3089430894308943,1.0,0.5792079207920792,0.18269230769230768,,,,,
0,Family,0.5,16,Male,0,0_0_0,0.15384615384615385,0.26666666666666666,1.0,0.5643564356435643,0.15384615384615385,,,,,
0,Family,0.5,17,Male,0,0_0_0,0.16346153846153846,0.2809917355371901,1.0,0.5693069306930693,0.16346153846153846,,,,,
0,Family,0.5,18,Male,0,0_0_0,0.14423076923076922,0.25210084033613445,1.0,0.5594059405940595,0.14423076923076922,,,,,
0,Family,0.5,19,Male,0,0_0_0,0.15384615384615385,0.26666666666666666,1.0,0.5643564356435643,0.15384615384615385,,,,,
0,Family,0.5,20,Male,0,0_0_0,0.125,0.2222222222222222,1.0,0.5495049504950495,0.125,,,,,
0,Family,0.5,21,Male,0,0_0_0,0.1346153846153846,0.23728813559322035,1.0,0.5544554455445545,0.1346153846153846,,,,,
0,Family,0.5,22,Male,0,0_0_0,0.125,0.2222222222222222,1.0,0.5495049504950495,0.125,,,,,
0,Family,0.5,23,Male,0,0_0_0,0.1346153846153846,0.23728813559322035,1.0,0.5544554455445545,0.1346153846153846,,,,,
0,Family,0.5,24,Male,0,0_0_0,0.10576923076923077,0.19130434782608696,1.0,0.5396039603960396,0.10576923076923077,,,,,
0,Family,0.5,25,Male,0,0_0_0,0.125,0.2222222222222222,1.0,0.5495049504950495,0.125,,,,,
0,Family,0.5,26,Male,0,0_0_0,0.0673076923076923,0.12612612612612611,1.0,0.5198019801980198,0.0673076923076923,,,,,
0,Family,0.5,27,Male,0,0_0_0,0.10576923076923077,0.19130434782608696,1.0,0.5396039603960396,0.10576923076923077,,,,,
0,Family,0.5,28,Male,0,0_0_0,0.07692307692307693,0.14285714285714285,1.0,0.5247524752475248,0.07692307692307693,,,,,
0,Family,0.5,29,Male,0,0_0_0,0.07692307692307693,0.14285714285714285,1.0,0.5247524752475248,0.07692307692307693,,,,,
0,Family,0.5,30,Male,0,0_0_0,0.057692307692307696,0.10909090909090909,1.0,0.5148514851485149,0.057692307692307696,,,,,
0,Family,0.5,31,Male,0,0_0_0,0.0673076923076923,0.12612612612612611,1.0,0.5198019801980198,0.0673076923076923,,,,,
0,Family,0.5,32,Male,0,0_0_0,0.057692307692307696,0.10909090909090909,1.0,0.5148514851485149,0.057692307692307696,,,,,
0,Family,0.5,33,Male,0,0_0_0,0.0673076923076923,0.12612612612612611,1.0,0.5198019801980198,0.0673076923076923,,,,,
0,Family,0.5,34,Male,0,0_0_0,0.038461538461538464,0.07407407407407407,1.0,0.504950495049505,0.038461538461538464,,,,,
0,Family,0.5,35,Male,0,0_0_0,0.057692307692307696,0.10909090909090909,1.0,0.5148514851485149,0.057692307692307696,,,,,
0,Family,0.5,36,Male,0,0_0_0,0.038461538461538464,0.07407407407407407,1.0,0.504950495049505,0.038461538461538464,,,,,
0,Family,0.5,37,Male,0,0_0_0,0.038461538461538464,0.07407407407407407,1.0,0.504950495049505,0.038461538461538464,,,,,
0,Family,0.5,38,Male,0,0_0_0,0.028846153846153848,0.056074766355140186,1.0,0.5,0.028846153846153848,,,,,
0,Family,0.5,39,Male,0,0_0_0,0.028846153846153848,0.056074766355140186,1.0,0.5,0.028846153846153848,,,,,
0,Family,0.5,40,Male,0,0_0_0,0.019230769230769232,0.03773584905660377,1.0,0.49504950495049505,0.019230769230769232,,,,,
0,Family,0.5,41,Male,0,0_0_0,0.028846153846153848,0.056074766355140186,1.0,0.5,0.028846153846153848,,,,,
0,Family,0.5,42,Male,0,0_0_0,0.019230769230769232,0.03773584905660377,1.0,0.49504950495049505,0.019230769230769232,,,,,
0,Family,0.5,43,Male,0,0_0_0,0.019230769230769232,0.03773584905660377,1.0,0.49504950495049505,0.019230769230769232,,,,,
0,Family,0.5,44,Male,0,0_0_0,0.009615384615384616,0.01904761904761905,1.0,0.4900990099009901,0.009615384615384616,,,,,
0,Family,0.5,45,Male,0,0_0_0,0.009615384615384616,0.01904761904761905,1.0,0.4900990099009901,0.009615384615384616,,,,,
0,Family,0.5,46,Male,0,0_0_0,0.0,0.0,0.0,0.48514851485148514,0.0,,,,,
0,Family,0.5,47,Male,0,0_0_0,0.0,0.0,0.0,0.48514851485148514,0.0,,,,,
0,Family,0.5,48,Male,0,0_0_0,0.0,0.0,0.0,0.48514851485148514,0.0,,,,,
0,Family,0.5,49,Male,0,0_0_0,0.0,0.0,0.0,0.48514851485148514,0.0,,,,,
0,Family,0.6,1,Male,0,0_0_0,0.17307692307692307,0.29508196721311475,1.0,0.5742574257425742,0.17307692307692307,,,,,
0,Family,0.6,2,Male,0,0_0_0,0.10576923076923077,0.19130434782608696,1.0,0.5396039603960396,0.10576923076923077,,,,,
0,Family,0.6,3,Male,0,0_0_0,0.20192307692307693,0.336,1.0,0.5891089108910891,0.20192307692307693,,,,,
0,Family,0.6,4,Male,0,0_0_0,0.11538461538461539,0.20689655172413793,1.0,0.5445544554455446,0.11538461538461539,,,,,
0,Family,0.6,5,Male,0,0_0_0,0.18269230769230768,0.3089430894308943,1.0,0.5792079207920792,0.18269230769230768,,,,,
0,Family,0.6,6,Male,0,0_0_0,0.125,0.2222222222222222,1.0,0.5495049504950495,0.125,,,,,
0,Family,0.6,7,Male,0,0_0_0,0.125,0.2222222222222222,1.0,0.5495049504950495,0.125,,,,,
0,Family,0.6,8,Male,0,0_0_0,0.09615384615384616,0.17543859649122806,1.0,0.5346534653465347,0.09615384615384616,,,,,
0,Family,0.6,9,Male,0,0_0_0,0.16346153846153846,0.2809917355371901,1.0,0.5693069306930693,0.16346153846153846,,,,,
0,Family,0.6,10,Male,0,0_0_0,0.09615384615384616,0.17543859649122806,1.0,0.5346534653465347,0.09615384615384616,,,,,
0,Family,0.6,11,Male,0,0_0_0,0.14423076923076922,0.25210084033613445,1.0,0.5594059405940595,0.14423076923076922,,,,,
0,Family,0.6,12,Male,0,0_0_0,0.09615384615384616,0.17543859649122806,1.0,0.5346534653465347,0.09615384615384616,,,,,
0,Family,0.6,13,Male,0,0_0_0,0.11538461538461539,0.20689655172413793,1.0,0.5445544554455446,0.11538461538461539,,,,,
0,Family,0.6,14,Male,0,0_0_0,0.08653846153846154,0.1592920353982301,1.0,0.5297029702970297,0.08653846153846154,,,,,
0,Family,0.6,15,Male,0,0_0_0,0.09615384615384616,0.17543859649122806,1.0,0.5346534653465347,0.09615384615384616,,,,,
0,Family,0.6,16,Male,0,0_0_0,0.07692307692307693,0.14285714285714285,1.0,0.5247524752475248,0.07692307692307693,,,,,
0,Family,0.6,17,Male,0,0_0_0,0.09615384615384616,0.17543859649122806,1.0,0.5346534653465347,0.09615384615384616,,,,,
0,Family,0.6,18,Male,0,0_0_0,0.0673076923076923,0.12612612612612611,1.0,0.5198019801980198,0.0673076923076923,,,,,
0,Family,0.6,19,Male,0,0_0_0,0.09615384615384616,0.17543859649122806,1.0,0.5346534653465347,0.09615384615384616,,,,,
0,Family,0.6,20,Male,0,0_0_0,0.038461538461538464,0.07407407407407407,1.0,0.504950495049505,0.038461538461538464,,,,,
0,Family,0.6,21,Male,0,0_0_0,0.0673076923076923,0.12612612612612611,1.0,0.5198019801980198,0.0673076923076923,,,,,
0,Family,0.6,22,Male,0,0_0_0,0.028846153846153848,0.056074766355140186,1.0,0.5,0.028846153846153848,,,,,
0,Family,0.6,23,Male,0,0_0_0,0.028846153846153848,0.056074766355140186,1.0,0.5,0.028846153846153848,,,,,
0,Family,0.6,24,Male,0,0_0_0,0.019230769230769232,0.03773584905660377,1.0,0.49504950495049505,0.019230769230769232,,,,,
0,Family,0.6,25,Male,0,0_0_0,0.019230769230769232,0.03773584905660377,1.0,0.49504950495049505,0.019230769230769232,,,,,
0,Family,0.6,26,Male,0,0_0_0,0.019230769230769232,0.03773584905660377,1.0,0.49504950495049505,0.019230769230769232,,,,,
0,Family,0.6,27,Male,0,0_0_0,0.019230769230769232,0.03773584905660377,1.0,0.49504950495049505,0.019230769230769232,,,,,
0,Family,0.6,28,Male,0,0_0_0,0.019230769230769232,0.03773584905660377,1.0,0.49504950495049505,0.019230769230769232,,,,,
0,Family,0.6,29,Male,0,0_0_0,0.019230769230769232,0.03773584905660377,1.0,0.49504950495049505,0.019230769230769232,,,,,
0,Family,0.6,30,Male,0,0_0_0,0.009615384615384616,0.01904761904761905,1.0,0.4900990099009901,0.009615384615384616,,,,,
0,Family,0.6,31,Male,0,0_0_0,0.009615384615384616,0.01904761904761905,1.0,0.4900990099009901,0.009615384615384616,,,,,
0,Family,0.6,32,Male,0,0_0_0,0.009615384615384616,0.01904761904761905,1.0,0.4900990099009901,0.009615384615384616,,,,,
0,Family,0.6,33,Male,0,0_0_0,0.009615384615384616,0.01904761904761905,1.0,0.4900990099009901,0.009615384615384616,,,,,
0,Family,0.6,34,Male,0,0_0_0,0.009615384615384616,0.01904761904761905,1.0,0.4900990099009901,0.009615384615384616,,,,,
0,Family,0.6,35,Male,0,0_0_0,0.009615384615384616,0.01904761904761905,1.0,0.4900990099009901,0.009615384615384616,,,,,
0,Family,0.6,36,Male,0,0_0_0,0.009615384615384616,0.01904761904761905,1.0,0.4900990099009901,0.009615384615384616,,,,,
0,Family,0.6,37,Male,0,0_0_0,0.009615384615384616,0.01904761904761905,1.0,0.4900990099009901,0.009615384615384616,,,,,
0,Family,0.6,38,Male,0,0_0_0,0.009615384615384616,0.01904761904761905,1.0,0.4900990099009901,0.009615384615384616,,,,,
0,Family,0.6,39,Male,0,0_0_0,0.009615384615384616,0.01904761904761905,1.0,0.4900990099009901,0.009615384615384616,,,,,
0,Family,0.6,40,Male,0,0_0_0,0.009615384615384616,0.01904761904761905,1.0,0.4900990099009901,0.009615384615384616,,,,,
0,Family,0.6,41,Male,0,0_0_0,0.009615384615384616,0.01904761904761905,1.0,0.4900990099009901,0.009615384615384616,,,,,
0,Family,0.6,42,Male,0,0_0_0,0.0,0.0,0.0,0.48514851485148514,0.0,,,,,
0,Family,0.6,43,Male,0,0_0_0,0.0,0.0,0.0,0.48514851485148514,0.0,,,,,
0,Family,0.6,44,Male,0,0_0_0,0.0,0.0,0.0,0.48514851485148514,0.0,,,,,
0,Family,0.6,45,Male,0,0_0_0,0.0,0.0,0.0,0.48514851485148514,0.0,,,,,
0,Family,0.6,46,Male,0,0_0_0,0.0,0.0,0.0,0.48514851485148514,0.0,,,,,
0,Family,0.6,47,Male,0,0_0_0,0.0,0.0,0.0,0.48514851485148514,0.0,,,,,
0,Family,0.6,48,Male,0,0_0_0,0.0,0.0,0.0,0.48514851485148514,0.0,,,,,
0,Family,0.6,49,Male,0,0_0_0,0.0,0.0,0.0,0.48514851485148514,0.0,,,,,
0,Family,0.7,1,Male,0,0_0_0,0.15384615384615385,0.26666666666666666,1.0,0.5643564356435643,0.15384615384615385,,,,,
0,Family,0.7,2,Male,0,0_0_0,0.057692307692307696,0.10909090909090909,1.0,0.5148514851485149,0.057692307692307696,,,,,
0,Family,0.7,3,Male,0,0_0_0,0.125,0.2222222222222222,1.0,0.5495049504950495,0.125,,,,,
0,Family,0.7,4,Male,0,0_0_0,0.08653846153846154,0.1592920353982301,1.0,0.5297029702970297,0.08653846153846154,,,,,
0,Family,0.7,5,Male,0,0_0_0,0.14423076923076922,0.25210084033613445,1.0,0.5594059405940595,0.14423076923076922,,,,,
0,Family,0.7,6,Male,0,0_0_0,0.038461538461538464,0.07407407407407407,1.0,0.504950495049505,0.038461538461538464,,,,,
0,Family,0.7,7,Male,0,0_0_0,0.09615384615384616,0.17543859649122806,1.0,0.5346534653465347,0.09615384615384616,,,,,
0,Family,0.7,8,Male,0,0_0_0,0.057692307692307696,0.10909090909090909,1.0,0.5148514851485149,0.057692307692307696,,,,,
0,Family,0.7,9,Male,0,0_0_0,0.07692307692307693,0.14285714285714285,1.0,0.5247524752475248,0.07692307692307693,,,,,
0,Family,0.7,10,Male,0,0_0_0,0.038461538461538464,0.07407407407407407,1.0,0.504950495049505,0.038461538461538464,,,,,
0,Family,0.7,11,Male,0,0_0_0,0.04807692307692308,0.09174311926605505,1.0,0.5099009900990099,0.04807692307692308,,,,,
0,Family,0.7,12,Male,0,0_0_0,0.04807692307692308,0.09174311926605505,1.0,0.5099009900990099,0.04807692307692308,,,,,
0,Family,0.7,13,Male,0,0_0_0,0.04807692307692308,0.09174311926605505,1.0,0.5099009900990099,0.04807692307692308,,,,,
0,Family,0.7,14,Male,0,0_0_0,0.028846153846153848,0.056074766355140186,1.0,0.5,0.028846153846153848,,,,,
0,Family,0.7,15,Male,0,0_0_0,0.028846153846153848,0.056074766355140186,1.0,0.5,0.028846153846153848,,,,,
0,Family,0.7,16,Male,0,0_0_0,0.019230769230769232,0.03773584905660377,1.0,0.49504950495049505,0.019230769230769232,,,,,
0,Family,0.7,17,Male,0,0_0_0,0.019230769230769232,0.03773584905660377,1.0,0.49504950495049505,0.019230769230769232,,,,,
0,Family,0.7,18,Male,0,0_0_0,0.019230769230769232,0.03773584905660377,1.0,0.49504950495049505,0.019230769230769232,,,,,
0,Family,0.7,19,Male,0,0_0_0,0.019230769230769232,0.03773584905660377,1.0,0.49504950495049505,0.019230769230769232,,,,,
0,Family,0.7,20,Male,0,0_0_0,0.009615384615384616,0.01904761904761905,1.0,0.4900990099009901,0.009615384615384616,,,,,
0,Family,0.7,21,Male,0,0_0_0,0.009615384615384616,0.01904761904761905,1.0,0.4900990099009901,0.009615384615384616,,,,,
0,Family,0.7,22,Male,0,0_0_0,0.009615384615384616,0.01904761904761905,1.0,0.4900990099009901,0.009615384615384616,,,,,
0,Family,0.7,23,Male,0,0_0_0,0.019230769230769232,0.03773584905660377,1.0,0.49504950495049505,0.019230769230769232,,,,,
0,Family,0.7,24,Male,0,0_0_0,0.009615384615384616,0.01904761904761905,1.0,0.4900990099009901,0.009615384615384616,,,,,
0,Family,0.7,25,Male,0,0_0_0,0.009615384615384616,0.01904761904761905,1.0,0.4900990099009901,0.009615384615384616,,,,,
0,Family,0.7,26,Male,0,0_0_0,0.0,0.0,0.0,0.48514851485148514,0.0,,,,,
0,Family,0.7,27,Male,0,0_0_0,0.0,0.0,0.0,0.48514851485148514,0.0,,,,,
0,Family,0.7,28,Male,0,0_0_0,0.0,0.0,0.0,0.48514851485148514,0.0,,,,,
0,Family,0.7,29,Male,0,0_0_0,0.0,0.0,0.0,0.48514851485148514,0.0,,,,,
0,Family,0.7,30,Male,0,0_0_0,0.0,0.0,0.0,0.48514851485148514,0.0,,,,,
0,Family,0.7,31,Male,0,0_0_0,0.0,0.0,0.0,0.48514851485148514,0.0,,,,,
0,Family,0.7,32,Male,0,0_0_0,0.0,0.0,0.0,0.48514851485148514,0.0,,,,,
0,Family,0.7,33,Male,0,0_0_0,0.0,0.0,0.0,0.48514851485148514,0.0,,,,,
0,Family,0.7,34,Male,0,0_0_0,0.0,0.0,0.0,0.48514851485148514,0.0,,,,,
0,Family,0.7,35,Male,0,0_0_0,0.0,0.0,0.0,0.48514851485148514,0.0,,,,,
0,Family,0.7,36,Male,0,0_0_0,0.0,0.0,0.0,0.48514851485148514,0.0,,,,,
0,Family,0.7,37,Male,0,0_0_0,0.0,0.0,0.0,0.48514851485148514,0.0,,,,,
0,Family,0.7,38,Male,0,0_0_0,0.0,0.0,0.0,0.48514851485148514,0.0,,,,,
0,Family,0.7,39,Male,0,0_0_0,0.0,0.0,0.0,0.48514851485148514,0.0,,,,,
0,Family,0.7,40,Male,0,0_0_0,0.0,0.0,0.0,0.48514851485148514,0.0,,,,,
0,Family,0.7,41,Male,0,0_0_0,0.0,0.0,0.0,0.48514851485148514,0.0,,,,,
0,Family,0.7,42,Male,0,0_0_0,0.0,0.0,0.0,0.48514851485148514,0.0,,,,,
0,Family,0.7,43,Male,0,0_0_0,0.0,0.0,0.0,0.48514851485148514,0.0,,,,,
0,Family,0.7,44,Male,0,0_0_0,0.0,0.0,0.0,0.48514851485148514,0.0,,,,,
0,Family,0.7,45,Male,0,0_0_0,0.0,0.0,0.0,0.48514851485148514,0.0,,,,,
0,Family,0.7,46,Male,0,0_0_0,0.0,0.0,0.0,0.48514851485148514,0.0,,,,,
0,Family,0.7,47,Male,0,0_0_0,0.0,0.0,0.0,0.48514851485148514,0.0,,,,,
0,Family,0.7,48,Male,0,0_0_0,0.0,0.0,0.0,0.48514851485148514,0.0,,,,,
0,Family,0.7,49,Male,0,0_0_0,0.0,0.0,0.0,0.48514851485148514,0.0,,,,,
0,Family,0.8,1,Male,0,0_0_0,0.16346153846153846,0.2809917355371901,1.0,0.5693069306930693,0.16346153846153846,,,,,
0,Family,0.8,2,Male,0,0_0_0,0.0,0.0,0.0,0.48514851485148514,0.0,,,,,
0,Family,0.8,3,Male,0,0_0_0,0.08653846153846154,0.1592920353982301,1.0,0.5297029702970297,0.08653846153846154,,,,,
0,Family,0.8,4,Male,0,0_0_0,0.038461538461538464,0.07407407407407407,1.0,0.504950495049505,0.038461538461538464,,,,,
0,Family,0.8,5,Male,0,0_0_0,0.07692307692307693,0.14285714285714285,1.0,0.5247524752475248,0.07692307692307693,,,,,
0,Family,0.8,6,Male,0,0_0_0,0.009615384615384616,0.01904761904761905,1.0,0.4900990099009901,0.009615384615384616,,,,,
0,Family,0.8,7,Male,0,0_0_0,0.038461538461538464,0.07407407407407407,1.0,0.504950495049505,0.038461538461538464,,,,,
0,Family,0.8,8,Male,0,0_0_0,0.028846153846153848,0.056074766355140186,1.0,0.5,0.028846153846153848,,,,,
0,Family,0.8,9,Male,0,0_0_0,0.028846153846153848,0.056074766355140186,1.0,0.5,0.028846153846153848,,,,,
0,Family,0.8,10,Male,0,0_0_0,0.009615384615384616,0.01904761904761905,1.0,0.4900990099009901,0.009615384615384616,,,,,
0,Family,0.8,11,Male,0,0_0_0,0.028846153846153848,0.056074766355140186,1.0,0.5,0.028846153846153848,,,,,
0,Family,0.8,12,Male,0,0_0_0,0.009615384615384616,0.01904761904761905,1.0,0.4900990099009901,0.009615384615384616,,,,,
0,Family,0.8,13,Male,0,0_0_0,0.019230769230769232,0.03773584905660377,1.0,0.49504950495049505,0.019230769230769232,,,,,
0,Family,0.8,14,Male,0,0_0_0,0.009615384615384616,0.01904761904761905,1.0,0.4900990099009901,0.009615384615384616,,,,,
0,Family,0.8,15,Male,0,0_0_0,0.009615384615384616,0.01904761904761905,1.0,0.4900990099009901,0.009615384615384616,,,,,
0,Family,0.8,16,Male,0,0_0_0,0.0,0.0,0.0,0.48514851485148514,0.0,,,,,
0,Family,0.8,17,Male,0,0_0_0,0.0,0.0,0.0,0.48514851485148514,0.0,,,,,
0,Family,0.8,18,Male,0,0_0_0,0.0,0.0,0.0,0.48514851485148514,0.0,,,,,
0,Family,0.8,19,Male,0,0_0_0,0.009615384615384616,0.01904761904761905,1.0,0.4900990099009901,0.009615384615384616,,,,,
0,Family,0.8,20,Male,0,0_0_0,0.0,0.0,0.0,0.48514851485148514,0.0,,,,,
0,Family,0.8,21,Male,0,0_0_0,0.0,0.0,0.0,0.48514851485148514,0.0,,,,,
0,Family,0.8,22,Male,0,0_0_0,0.0,0.0,0.0,0.48514851485148514,0.0,,,,,
0,Family,0.8,23,Male,0,0_0_0,0.0,0.0,0.0,0.48514851485148514,0.0,,,,,
0,Family,0.8,24,Male,0,0_0_0,0.0,0.0,0.0,0.48514851485148514,0.0,,,,,
0,Family,0.8,25,Male,0,0_0_0,0.0,0.0,0.0,0.48514851485148514,0.0,,,,,
0,Family,0.8,26,Male,0,0_0_0,0.0,0.0,0.0,0.48514851485148514,0.0,,,,,
0,Family,0.8,27,Male,0,0_0_0,0.0,0.0,0.0,0.48514851485148514,0.0,,,,,
0,Family,0.8,28,Male,0,0_0_0,0.0,0.0,0.0,0.48514851485148514,0.0,,,,,
0,Family,0.8,29,Male,0,0_0_0,0.0,0.0,0.0,0.48514851485148514,0.0,,,,,
0,Family,0.8,30,Male,0,0_0_0,0.0,0.0,0.0,0.48514851485148514,0.0,,,,,
0,Family,0.8,31,Male,0,0_0_0,0.0,0.0,0.0,0.48514851485148514,0.0,,,,,
0,Family,0.8,32,Male,0,0_0_0,0.0,0.0,0.0,0.48514851485148514,0.0,,,,,
0,Family,0.8,33,Male,0,0_0_0,0.0,0.0,0.0,0.48514851485148514,0.0,,,,,
0,Family,0.8,34,Male,0,0_0_0,0.0,0.0,0.0,0.48514851485148514,0.0,,,,,
0,Family,0.8,35,Male,0,0_0_0,0.0,0.0,0.0,0.48514851485148514,0.0,,,,,
0,Family,0.8,36,Male,0,0_0_0,0.0,0.0,0.0,0.48514851485148514,0.0,,,,,
0,Family,0.8,37,Male,0,0_0_0,0.0,0.0,0.0,0.48514851485148514,0.0,,,,,
0,Family,0.8,38,Male,0,0_0_0,0.0,0.0,0.0,0.48514851485148514,0.0,,,,,
0,Family,0.8,39,Male,0,0_0_0,0.0,0.0,0.0,0.48514851485148514,0.0,,,,,
0,Family,0.8,40,Male,0,0_0_0,0.0,0.0,0.0,0.48514851485148514,0.0,,,,,
0,Family,0.8,41,Male,0,0_0_0,0.0,0.0,0.0,0.48514851485148514,0.0,,,,,
0,Family,0.8,42,Male,0,0_0_0,0.0,0.0,0.0,0.48514851485148514,0.0,,,,,
0,Family,0.8,43,Male,0,0_0_0,0.0,0.0,0.0,0.48514851485148514,0.0,,,,,
0,Family,0.8,44,Male,0,0_0_0,0.0,0.0,0.0,0.48514851485148514,0.0,,,,,
0,Family,0.8,45,Male,0,0_0_0,0.0,0.0,0.0,0.48514851485148514,0.0,,,,,
0,Family,0.8,46,Male,0,0_0_0,0.0,0.0,0.0,0.48514851485148514,0.0,,,,,
0,Family,0.8,47,Male,0,0_0_0,0.0,0.0,0.0,0.48514851485148514,0.0,,,,,
0,Family,0.8,48,Male,0,0_0_0,0.0,0.0,0.0,0.48514851485148514,0.0,,,,,
0,Family,0.8,49,Male,0,0_0_0,0.0,0.0,0.0,0.48514851485148514,0.0,,,,,
0,Family,0.9,1,Male,0,0_0_0,0.1346153846153846,0.23728813559322035,1.0,0.5544554455445545,0.1346153846153846,,,,,
0,Family,0.9,2,Male,0,0_0_0,0.009615384615384616,0.01904761904761905,1.0,0.4900990099009901,0.009615384615384616,,,,,
0,Family,0.9,3,Male,0,0_0_0,0.04807692307692308,0.09174311926605505,1.0,0.5099009900990099,0.04807692307692308,,,,,
0,Family,0.9,4,Male,0,0_0_0,0.019230769230769232,0.03773584905660377,1.0,0.49504950495049505,0.019230769230769232,,,,,
0,Family,0.9,5,Male,0,0_0_0,0.028846153846153848,0.056074766355140186,1.0,0.5,0.028846153846153848,,,,,
0,Family,0.9,6,Male,0,0_0_0,0.0,0.0,0.0,0.48514851485148514,0.0,,,,,
0,Family,0.9,7,Male,0,0_0_0,0.019230769230769232,0.03773584905660377,1.0,0.49504950495049505,0.019230769230769232,,,,,
0,Family,0.9,8,Male,0,0_0_0,0.0,0.0,0.0,0.48514851485148514,0.0,,,,,
0,Family,0.9,9,Male,0,0_0_0,0.009615384615384616,0.01904761904761905,1.0,0.4900990099009901,0.009615384615384616,,,,,
0,Family,0.9,10,Male,0,0_0_0,0.0,0.0,0.0,0.48514851485148514,0.0,,,,,
0,Family,0.9,11,Male,0,0_0_0,0.0,0.0,0.0,0.48514851485148514,0.0,,,,,
0,Family,0.9,12,Male,0,0_0_0,0.0,0.0,0.0,0.48514851485148514,0.0,,,,,
0,Family,0.9,13,Male,0,0_0_0,0.0,0.0,0.0,0.48514851485148514,0.0,,,,,
0,Family,0.9,14,Male,0,0_0_0,0.0,0.0,0.0,0.48514851485148514,0.0,,,,,
0,Family,0.9,15,Male,0,0_0_0,0.009615384615384616,0.01904761904761905,1.0,0.4900990099009901,0.009615384615384616,,,,,
0,Family,0.9,16,Male,0,0_0_0,0.0,0.0,0.0,0.48514851485148514,0.0,,,,,
0,Family,0.9,17,Male,0,0_0_0,0.009615384615384616,0.01904761904761905,1.0,0.4900990099009901,0.009615384615384616,,,,,
0,Family,0.9,18,Male,0,0_0_0,0.0,0.0,0.0,0.48514851485148514,0.0,,,,,
0,Family,0.9,19,Male,0,0_0_0,0.0,0.0,0.0,0.48514851485148514,0.0,,,,,
0,Family,0.9,20,Male,0,0_0_0,0.0,0.0,0.0,0.48514851485148514,0.0,,,,,
0,Family,0.9,21,Male,0,0_0_0,0.0,0.0,0.0,0.48514851485148514,0.0,,,,,
0,Family,0.9,22,Male,0,0_0_0,0.0,0.0,0.0,0.48514851485148514,0.0,,,,,
0,Family,0.9,23,Male,0,0_0_0,0.0,0.0,0.0,0.48514851485148514,0.0,,,,,
0,Family,0.9,24,Male,0,0_0_0,0.0,0.0,0.0,0.48514851485148514,0.0,,,,,
0,Family,0.9,25,Male,0,0_0_0,0.0,0.0,0.0,0.48514851485148514,0.0,,,,,
0,Family,0.9,26,Male,0,0_0_0,0.0,0.0,0.0,0.48514851485148514,0.0,,,,,
0,Family,0.9,27,Male,0,0_0_0,0.0,0.0,0.0,0.48514851485148514,0.0,,,,,
0,Family,0.9,28,Male,0,0_0_0,0.0,0.0,0.0,0.48514851485148514,0.0,,,,,
0,Family,0.9,29,Male,0,0_0_0,0.0,0.0,0.0,0.48514851485148514,0.0,,,,,
0,Family,0.9,30,Male,0,0_0_0,0.0,0.0,0.0,0.48514851485148514,0.0,,,,,
0,Family,0.9,31,Male,0,0_0_0,0.0,0.0,0.0,0.48514851485148514,0.0,,,,,
0,Family,0.9,32,Male,0,0_0_0,0.0,0.0,0.0,0.48514851485148514,0.0,,,,,
0,Family,0.9,33,Male,0,0_0_0,0.0,0.0,0.0,0.48514851485148514,0.0,,,,,
0,Family,0.9,34,Male,0,0_0_0,0.0,0.0,0.0,0.48514851485148514,0.0,,,,,
0,Family,0.9,35,Male,0,0_0_0,0.0,0.0,0.0,0.48514851485148514,0.0,,,,,
0,Family,0.9,36,Male,0,0_0_0,0.0,0.0,0.0,0.48514851485148514,0.0,,,,,
0,Family,0.9,37,Male,0,0_0_0,0.0,0.0,0.0,0.48514851485148514,0.0,,,,,
0,Family,0.9,38,Male,0,0_0_0,0.0,0.0,0.0,0.48514851485148514,0.0,,,,,
0,Family,0.9,39,Male,0,0_0_0,0.0,0.0,0.0,0.48514851485148514,0.0,,,,,
0,Family,0.9,40,Male,0,0_0_0,0.0,0.0,0.0,0.48514851485148514,0.0,,,,,
0,Family,0.9,41,Male,0,0_0_0,0.0,0.0,0.0,0.48514851485148514,0.0,,,,,
0,Family,0.9,42,Male,0,0_0_0,0.0,0.0,0.0,0.48514851485148514,0.0,,,,,
0,Family,0.9,43,Male,0,0_0_0,0.0,0.0,0.0,0.48514851485148514,0.0,,,,,
0,Family,0.9,44,Male,0,0_0_0,0.0,0.0,0.0,0.48514851485148514,0.0,,,,,
0,Family,0.9,45,Male,0,0_0_0,0.0,0.0,0.0,0.48514851485148514,0.0,,,,,
0,Family,0.9,46,Male,0,0_0_0,0.0,0.0,0.0,0.48514851485148514,0.0,,,,,
0,Family,0.9,47,Male,0,0_0_0,0.0,0.0,0.0,0.48514851485148514,0.0,,,,,
0,Family,0.9,48,Male,0,0_0_0,0.0,0.0,0.0,0.48514851485148514,0.0,,,,,
0,Family,0.9,49,Male,0,0_0_0,0.0,0.0,0.0,0.48514851485148514,0.0,,,,,
0,Family,1.0,1,Male,0,0_0_0,0.1346153846153846,0.23333333333333334,0.875,0.5445544554455446,0.1320754716981132,,,,,
0,Family,1.0,2,Male,0,0_0_0,0.009615384615384616,0.01904761904761905,1.0,0.4900990099009901,0.009615384615384616,,,,,
0,Family,1.0,3,Male,0,0_0_0,0.038461538461538464,0.07407407407407407,1.0,0.504950495049505,0.038461538461538464,,,,,
0,Family,1.0,4,Male,0,0_0_0,0.009615384615384616,0.01904761904761905,1.0,0.4900990099009901,0.009615384615384616,,,,,
0,Family,1.0,5,Male,0,0_0_0,0.019230769230769232,0.03773584905660377,1.0,0.49504950495049505,0.019230769230769232,,,,,
0,Family,1.0,6,Male,0,0_0_0,0.009615384615384616,0.01904761904761905,1.0,0.4900990099009901,0.009615384615384616,,,,,
0,Family,1.0,7,Male,0,0_0_0,0.009615384615384616,0.01904761904761905,1.0,0.4900990099009901,0.009615384615384616,,,,,
0,Family,1.0,8,Male,0,0_0_0,0.0,0.0,0.0,0.48514851485148514,0.0,,,,,
0,Family,1.0,9,Male,0,0_0_0,0.0,0.0,0.0,0.48514851485148514,0.0,,,,,
0,Family,1.0,10,Male,0,0_0_0,0.0,0.0,0.0,0.48514851485148514,0.0,,,,,
0,Family,1.0,11,Male,0,0_0_0,0.0,0.0,0.0,0.48514851485148514,0.0,,,,,
0,Family,1.0,12,Male,0,0_0_0,0.0,0.0,0.0,0.48514851485148514,0.0,,,,,
0,Family,1.0,13,Male,0,0_0_0,0.0,0.0,0.0,0.48514851485148514,0.0,,,,,
0,Family,1.0,14,Male,0,0_0_0,0.0,0.0,0.0,0.48514851485148514,0.0,,,,,
0,Family,1.0,15,Male,0,0_0_0,0.0,0.0,0.0,0.48514851485148514,0.0,,,,,
0,Family,1.0,16,Male,0,0_0_0,0.0,0.0,0.0,0.48514851485148514,0.0,,,,,
0,Family,1.0,17,Male,0,0_0_0,0.0,0.0,0.0,0.48514851485148514,0.0,,,,,
0,Family,1.0,18,Male,0,0_0_0,0.0,0.0,0.0,0.48514851485148514,0.0,,,,,
0,Family,1.0,19,Male,0,0_0_0,0.0,0.0,0.0,0.48514851485148514,0.0,,,,,
0,Family,1.0,20,Male,0,0_0_0,0.0,0.0,0.0,0.48514851485148514,0.0,,,,,
0,Family,1.0,21,Male,0,0_0_0,0.0,0.0,0.0,0.48514851485148514,0.0,,,,,
0,Family,1.0,22,Male,0,0_0_0,0.0,0.0,0.0,0.48514851485148514,0.0,,,,,
0,Family,1.0,23,Male,0,0_0_0,0.0,0.0,0.0,0.48514851485148514,0.0,,,,,
0,Family,1.0,24,Male,0,0_0_0,0.0,0.0,0.0,0.48514851485148514,0.0,,,,,
0,Family,1.0,25,Male,0,0_0_0,0.0,0.0,0.0,0.48514851485148514,0.0,,,,,
0,Family,1.0,26,Male,0,0_0_0,0.0,0.0,0.0,0.48514851485148514,0.0,,,,,
0,Family,1.0,27,Male,0,0_0_0,0.0,0.0,0.0,0.48514851485148514,0.0,,,,,
0,Family,1.0,28,Male,0,0_0_0,0.0,0.0,0.0,0.48514851485148514,0.0,,,,,
0,Family,1.0,29,Male,0,0_0_0,0.0,0.0,0.0,0.48514851485148514,0.0,,,,,
0,Family,1.0,30,Male,0,0_0_0,0.0,0.0,0.0,0.48514851485148514,0.0,,,,,
0,Family,1.0,31,Male,0,0_0_0,0.0,0.0,0.0,0.48514851485148514,0.0,,,,,
0,Family,1.0,32,Male,0,0_0_0,0.0,0.0,0.0,0.48514851485148514,0.0,,,,,
0,Family,1.0,33,Male,0,0_0_0,0.0,0.0,0.0,0.48514851485148514,0.0,,,,,
0,Family,1.0,34,Male,0,0_0_0,0.0,0.0,0.0,0.48514851485148514,0.0,,,,,
0,Family,1.0,35,Male,0,0_0_0,0.0,0.0,0.0,0.48514851485148514,0.0,,,,,
0,Family,1.0,36,Male,0,0_0_0,0.0,0.0,0.0,0.48514851485148514,0.0,,,,,
0,Family,1.0,37,Male,0,0_0_0,0.0,0.0,0.0,0.48514851485148514,0.0,,,,,
0,Family,1.0,38,Male,0,0_0_0,0.0,0.0,0.0,0.48514851485148514,0.0,,,,,
0,Family,1.0,39,Male,0,0_0_0,0.0,0.0,0.0,0.48514851485148514,0.0,,,,,
0,Family,1.0,40,Male,0,0_0_0,0.0,0.0,0.0,0.48514851485148514,0.0,,,,,
0,Family,1.0,41,Male,0,0_0_0,0.0,0.0,0.0,0.48514851485148514,0.0,,,,,
0,Family,1.0,42,Male,0,0_0_0,0.0,0.0,0.0,0.48514851485148514,0.0,,,,,
0,Family,1.0,43,Male,0,0_0_0,0.0,0.0,0.0,0.48514851485148514,0.0,,,,,
0,Family,1.0,44,Male,0,0_0_0,0.0,0.0,0.0,0.48514851485148514,0.0,,,,,
0,Family,1.0,45,Male,0,0_0_0,0.0,0.0,0.0,0.48514851485148514,0.0,,,,,
0,Family,1.0,46,Male,0,0_0_0,0.0,0.0,0.0,0.48514851485148514,0.0,,,,,
0,Family,1.0,47,Male,0,0_0_0,0.0,0.0,0.0,0.48514851485148514,0.0,,,,,
0,Family,1.0,48,Male,0,0_0_0,0.0,0.0,0.0,0.48514851485148514,0.0,,,,,
0,Family,1.0,49,Male,0,0_0_0,0.0,0.0,0.0,0.48514851485148514,0.0,,,,,
0,Family,0.0,1,Male,50,0_0_0,0.0673076923076923,0.12612612612612611,1.0,0.5198019801980198,0.0673076923076923,0.0,0.0,0.0,0.0,0.0
0,Family,0.0,2,Male,50,0_0_0,0.0673076923076923,0.12612612612612611,1.0,0.5198019801980198,0.0673076923076923,0.0,0.0,0.0,0.0,0.0
0,Family,0.0,3,Male,50,0_0_0,0.0673076923076923,0.12612612612612611,1.0,0.5198019801980198,0.0673076923076923,0.0,0.0,0.0,0.0,0.0
0,Family,0.0,4,Male,50,0_0_0,0.0673076923076923,0.12612612612612611,1.0,0.5198019801980198,0.0673076923076923,0.0,0.0,0.0,0.0,0.0
0,Family,0.0,5,Male,50,0_0_0,0.0673076923076923,0.12612612612612611,1.0,0.5198019801980198,0.0673076923076923,0.0,0.0,0.0,0.0,0.0
0,Family,0.0,6,Male,50,0_0_0,0.0673076923076923,0.12612612612612611,1.0,0.5198019801980198,0.0673076923076923,0.0,0.0,0.0,0.0,0.0
0,Family,0.0,7,Male,50,0_0_0,0.0673076923076923,0.12612612612612611,1.0,0.5198019801980198,0.0673076923076923,0.0,0.0,0.0,0.0,0.0
0,Family,0.0,8,Male,50,0_0_0,0.0673076923076923,0.12612612612612611,1.0,0.5198019801980198,0.0673076923076923,0.0,0.0,0.0,0.0,0.0
0,Family,0.0,9,Male,50,0_0_0,0.0673076923076923,0.12612612612612611,1.0,0.5198019801980198,0.0673076923076923,0.0,0.0,0.0,0.0,0.0
0,Family,0.0,10,Male,50,0_0_0,0.057692307692307696,0.10909090909090909,1.0,0.5148514851485149,0.057692307692307696,0.0,0.0,0.0,0.0,0.0
0,Family,0.0,11,Male,50,0_0_0,0.057692307692307696,0.10909090909090909,1.0,0.5148514851485149,0.057692307692307696,0.0,0.0,0.0,0.0,0.0
0,Family,0.0,12,Male,50,0_0_0,0.0,0.0,0.0,0.48514851485148514,0.0,0.0,0.0,0.0,0.0,0.0
0,Family,0.0,13,Male,50,0_0_0,0.0,0.0,0.0,0.48514851485148514,0.0,0.0,0.0,0.0,0.0,0.0
0,Family,0.0,14,Male,50,0_0_0,0.0,0.0,0.0,0.48514851485148514,0.0,0.0,0.0,0.0,0.0,0.0
0,Family,0.0,15,Male,50,0_0_0,0.0,0.0,0.0,0.48514851485148514,0.0,0.0,0.0,0.0,0.0,0.0
0,Family,0.0,16,Male,50,0_0_0,0.0,0.0,0.0,0.48514851485148514,0.0,0.0,0.0,0.0,0.0,0.0
0,Family,0.0,17,Male,50,0_0_0,0.0,0.0,0.0,0.48514851485148514,0.0,0.0,0.0,0.0,0.0,0.0
0,Family,0.0,18,Male,50,0_0_0,0.0,0.0,0.0,0.48514851485148514,0.0,0.0,0.0,0.0,0.0,0.0
0,Family,0.0,19,Male,50,0_0_0,0.0,0.0,0.0,0.48514851485148514,0.0,0.0,0.0,0.0,0.0,0.0
0,Family,0.0,20,Male,50,0_0_0,0.0,0.0,0.0,0.48514851485148514,0.0,0.0,0.0,0.0,0.0,0.0
0,Family,0.0,21,Male,50,0_0_0,0.0,0.0,0.0,0.48514851485148514,0.0,0.0,0.0,0.0,0.0,0.0
0,Family,0.0,22,Male,50,0_0_0,0.0,0.0,0.0,0.48514851485148514,0.0,0.0,0.0,0.0,0.0,0.0
0,Family,0.0,23,Male,50,0_0_0,0.0,0.0,0.0,0.48514851485148514,0.0,0.0,0.0,0.0,0.0,0.0
0,Family,0.0,24,Male,50,0_0_0,0.0,0.0,0.0,0.48514851485148514,0.0,0.0,0.0,0.0,0.0,0.0
0,Family,0.0,25,Male,50,0_0_0,0.0,0.0,0.0,0.48514851485148514,0.0,0.0,0.0,0.0,0.0,0.0
0,Family,0.0,26,Male,50,0_0_0,0.0,0.0,0.0,0.48514851485148514,0.0,0.0,0.0,0.0,0.0,0.0
0,Family,0.0,27,Male,50,0_0_0,0.0,0.0,0.0,0.48514851485148514,0.0,0.0,0.0,0.0,0.0,0.0
0,Family,0.0,28,Male,50,0_0_0,0.0,0.0,0.0,0.48514851485148514,0.0,0.0,0.0,0.0,0.0,0.0
0,Family,0.0,29,Male,50,0_0_0,0.0,0.0,0.0,0.48514851485148514,0.0,0.0,0.0,0.0,0.0,0.0
0,Family,0.0,30,Male,50,0_0_0,0.0,0.0,0.0,0.48514851485148514,0.0,0.0,0.0,0.0,0.0,0.0
0,Family,0.0,31,Male,50,0_0_0,0.0,0.0,0.0,0.48514851485148514,0.0,0.0,0.0,0.0,0.0,0.0
0,Family,0.0,32,Male,50,0_0_0,0.0,0.0,0.0,0.48514851485148514,0.0,0.0,0.0,0.0,0.0,0.0
0,Family,0.0,33,Male,50,0_0_0,0.0,0.0,0.0,0.48514851485148514,0.0,0.0,0.0,0.0,0.0,0.0
0,Family,0.0,34,Male,50,0_0_0,0.0,0.0,0.0,0.48514851485148514,0.0,0.0,0.0,0.0,0.0,0.0
0,Family,0.0,35,Male,50,0_0_0,0.0,0.0,0.0,0.48514851485148514,0.0,0.0,0.0,0.0,0.0,0.0
0,Family,0.0,36,Male,50,0_0_0,0.0,0.0,0.0,0.48514851485148514,0.0,0.0,0.0,0.0,0.0,0.0
0,Family,0.0,37,Male,50,0_0_0,0.0,0.0,0.0,0.48514851485148514,0.0,0.0,0.0,0.0,0.0,0.0
0,Family,0.0,38,Male,50,0_0_0,0.0,0.0,0.0,0.48514851485148514,0.0,0.0,0.0,0.0,0.0,0.0
0,Family,0.0,39,Male,50,0_0_0,0.0,0.0,0.0,0.48514851485148514,0.0,0.0,0.0,0.0,0.0,0.0
0,Family,0.0,40,Male,50,0_0_0,0.0,0.0,0.0,0.48514851485148514,0.0,0.0,0.0,0.0,0.0,0.0
0,Family,0.0,41,Male,50,0_0_0,0.0,0.0,0.0,0.48514851485148514,0.0,0.0,0.0,0.0,0.0,0.0
0,Family,0.0,42,Male,50,0_0_0,0.0,0.0,0.0,0.48514851485148514,0.0,0.0,0.0,0.0,0.0,0.0
0,Family,0.0,43,Male,50,0_0_0,0.0,0.0,0.0,0.48514851485148514,0.0,0.0,0.0,0.0,0.0,0.0
0,Family,0.0,44,Male,50,0_0_0,0.0,0.0,0.0,0.48514851485148514,0.0,0.0,0.0,0.0,0.0,0.0
0,Family,0.0,45,Male,50,0_0_0,0.0,0.0,0.0,0.48514851485148514,0.0,0.0,0.0,0.0,0.0,0.0
0,Family,0.0,46,Male,50,0_0_0,0.0,0.0,0.0,0.48514851485148514,0.0,0.0,0.0,0.0,0.0,0.0
0,Family,0.0,47,Male,50,0_0_0,0.0,0.0,0.0,0.48514851485148514,0.0,0.0,0.0,0.0,0.0,0.0
0,Family,0.0,48,Male,50,0_0_0,0.0,0.0,0.0,0.48514851485148514,0.0,0.0,0.0,0.0,0.0,0.0
0,Family,0.0,49,Male,50,0_0_0,0.0,0.0,0.0,0.48514851485148514,0.0,0.0,0.0,0.0,0.0,0.0
0,Family,0.1,1,Male,50,0_0_0,0.0673076923076923,0.12612612612612611,1.0,0.5198019801980198,0.0673076923076923,0.0,0.0,0.0,0.0,0.0
0,Family,0.1,2,Male,50,0_0_0,0.0673076923076923,0.12612612612612611,1.0,0.5198019801980198,0.0673076923076923,0.0,0.0,0.0,0.0,0.0
0,Family,0.1,3,Male,50,0_0_0,0.0673076923076923,0.12612612612612611,1.0,0.5198019801980198,0.0673076923076923,0.0,0.0,0.0,0.0,0.0
0,Family,0.1,4,Male,50,0_0_0,0.0673076923076923,0.12612612612612611,1.0,0.5198019801980198,0.0673076923076923,0.0,0.0,0.0,0.0,0.0
0,Family,0.1,5,Male,50,0_0_0,0.0673076923076923,0.12612612612612611,1.0,0.5198019801980198,0.0673076923076923,0.0,0.0,0.0,0.0,0.0
0,Family,0.1,6,Male,50,0_0_0,0.0673076923076923,0.12612612612612611,1.0,0.5198019801980198,0.0673076923076923,0.0,0.0,0.0,0.0,0.0
0,Family,0.1,7,Male,50,0_0_0,0.0673076923076923,0.12612612612612611,1.0,0.5198019801980198,0.0673076923076923,0.0,0.0,0.0,0.0,0.0
0,Family,0.1,8,Male,50,0_0_0,0.0673076923076923,0.12612612612612611,1.0,0.5198019801980198,0.0673076923076923,0.0,0.0,0.0,0.0,0.0
0,Family,0.1,9,Male,50,0_0_0,0.0673076923076923,0.12612612612612611,1.0,0.5198019801980198,0.0673076923076923,0.0,0.0,0.0,0.0,0.0
0,Family,0.1,10,Male,50,0_0_0,0.04807692307692308,0.09174311926605505,1.0,0.5099009900990099,0.04807692307692308,0.0,0.0,0.0,0.0,0.0
0,Family,0.1,11,Male,50,0_0_0,0.04807692307692308,0.09174311926605505,1.0,0.5099009900990099,0.04807692307692308,0.0,0.0,0.0,0.0,0.0
0,Family,0.1,12,Male,50,0_0_0,0.0,0.0,0.0,0.48514851485148514,0.0,0.0,0.0,0.0,0.0,0.0
0,Family,0.1,13,Male,50,0_0_0,0.0,0.0,0.0,0.48514851485148514,0.0,0.0,0.0,0.0,0.0,0.0
0,Family,0.1,14,Male,50,0_0_0,0.0,0.0,0.0,0.48514851485148514,0.0,0.0,0.0,0.0,0.0,0.0
0,Family,0.1,15,Male,50,0_0_0,0.0,0.0,0.0,0.48514851485148514,0.0,0.0,0.0,0.0,0.0,0.0
0,Family,0.1,16,Male,50,0_0_0,0.0,0.0,0.0,0.48514851485148514,0.0,0.0,0.0,0.0,0.0,0.0
0,Family,0.1,17,Male,50,0_0_0,0.0,0.0,0.0,0.48514851485148514,0.0,0.0,0.0,0.0,0.0,0.0
0,Family,0.1,18,Male,50,0_0_0,0.0,0.0,0.0,0.48514851485148514,0.0,0.0,0.0,0.0,0.0,0.0
0,Family,0.1,19,Male,50,0_0_0,0.0,0.0,0.0,0.48514851485148514,0.0,0.0,0.0,0.0,0.0,0.0
0,Family,0.1,20,Male,50,0_0_0,0.0,0.0,0.0,0.48514851485148514,0.0,0.0,0.0,0.0,0.0,0.0
0,Family,0.1,21,Male,50,0_0_0,0.0,0.0,0.0,0.48514851485148514,0.0,0.0,0.0,0.0,0.0,0.0
0,Family,0.1,22,Male,50,0_0_0,0.0,0.0,0.0,0.48514851485148514,0.0,0.0,0.0,0.0,0.0,0.0
0,Family,0.1,23,Male,50,0_0_0,0.0,0.0,0.0,0.48514851485148514,0.0,0.0,0.0,0.0,0.0,0.0
0,Family,0.1,24,Male,50,0_0_0,0.0,0.0,0.0,0.48514851485148514,0.0,0.0,0.0,0.0,0.0,0.0
0,Family,0.1,25,Male,50,0_0_0,0.0,0.0,0.0,0.48514851485148514,0.0,0.0,0.0,0.0,0.0,0.0
0,Family,0.1,26,Male,50,0_0_0,0.0,0.0,0.0,0.48514851485148514,0.0,0.0,0.0,0.0,0.0,0.0
0,Family,0.1,27,Male,50,0_0_0,0.0,0.0,0.0,0.48514851485148514,0.0,0.0,0.0,0.0,0.0,0.0
0,Family,0.1,28,Male,50,0_0_0,0.0,0.0,0.0,0.48514851485148514,0.0,0.0,0.0,0.0,0.0,0.0
0,Family,0.1,29,Male,50,0_0_0,0.0,0.0,0.0,0.48514851485148514,0.0,0.0,0.0,0.0,0.0,0.0
0,Family,0.1,30,Male,50,0_0_0,0.0,0.0,0.0,0.48514851485148514,0.0,0.0,0.0,0.0,0.0,0.0
0,Family,0.1,31,Male,50,0_0_0,0.0,0.0,0.0,0.48514851485148514,0.0,0.0,0.0,0.0,0.0,0.0
0,Family,0.1,32,Male,50,0_0_0,0.0,0.0,0.0,0.48514851485148514,0.0,0.0,0.0,0.0,0.0,0.0
0,Family,0.1,33,Male,50,0_0_0,0.0,0.0,0.0,0.48514851485148514,0.0,0.0,0.0,0.0,0.0,0.0
0,Family,0.1,34,Male,50,0_0_0,0.0,0.0,0.0,0.48514851485148514,0.0,0.0,0.0,0.0,0.0,0.0
0,Family,0.1,35,Male,50,0_0_0,0.0,0.0,0.0,0.48514851485148514,0.0,0.0,0.0,0.0,0.0,0.0
0,Family,0.1,36,Male,50,0_0_0,0.0,0.0,0.0,0.48514851485148514,0.0,0.0,0.0,0.0,0.0,0.0
0,Family,0.1,37,Male,50,0_0_0,0.0,0.0,0.0,0.48514851485148514,0.0,0.0,0.0,0.0,0.0,0.0
0,Family,0.1,38,Male,50,0_0_0,0.0,0.0,0.0,0.48514851485148514,0.0,0.0,0.0,0.0,0.0,0.0
0,Family,0.1,39,Male,50,0_0_0,0.0,0.0,0.0,0.48514851485148514,0.0,0.0,0.0,0.0,0.0,0.0
0,Family,0.1,40,Male,50,0_0_0,0.0,0.0,0.0,0.48514851485148514,0.0,0.0,0.0,0.0,0.0,0.0
0,Family,0.1,41,Male,50,0_0_0,0.0,0.0,0.0,0.48514851485148514,0.0,0.0,0.0,0.0,0.0,0.0
0,Family,0.1,42,Male,50,0_0_0,0.0,0.0,0.0,0.48514851485148514,0.0,0.0,0.0,0.0,0.0,0.0
0,Family,0.1,43,Male,50,0_0_0,0.0,0.0,0.0,0.48514851485148514,0.0,0.0,0.0,0.0,0.0,0.0
0,Family,0.1,44,Male,50,0_0_0,0.0,0.0,0.0,0.48514851485148514,0.0,0.0,0.0,0.0,0.0,0.0
0,Family,0.1,45,Male,50,0_0_0,0.0,0.0,0.0,0.48514851485148514,0.0,0.0,0.0,0.0,0.0,0.0
0,Family,0.1,46,Male,50,0_0_0,0.0,0.0,0.0,0.48514851485148514,0.0,0.0,0.0,0.0,0.0,0.0
0,Family,0.1,47,Male,50,0_0_0,0.0,0.0,0.0,0.48514851485148514,0.0,0.0,0.0,0.0,0.0,0.0
0,Family,0.1,48,Male,50,0_0_0,0.0,0.0,0.0,0.48514851485148514,0.0,0.0,0.0,0.0,0.0,0.0
0,Family,0.1,49,Male,50,0_0_0,0.0,0.0,0.0,0.48514851485148514,0.0,0.0,0.0,0.0,0.0,0.0
0,Family,0.2,1,Male,50,0_0_0,0.0673076923076923,0.12612612612612611,1.0,0.5198019801980198,0.0673076923076923,0.0,0.0,0.0,0.0,0.0
0,Family,0.2,2,Male,50,0_0_0,0.0673076923076923,0.12612612612612611,1.0,0.5198019801980198,0.0673076923076923,0.0,0.0,0.0,0.0,0.0
0,Family,0.2,3,Male,50,0_0_0,0.0673076923076923,0.12612612612612611,1.0,0.5198019801980198,0.0673076923076923,0.0,0.0,0.0,0.0,0.0
0,Family,0.2,4,Male,50,0_0_0,0.0673076923076923,0.12612612612612611,1.0,0.5198019801980198,0.0673076923076923,0.0,0.0,0.0,0.0,0.0
0,Family,0.2,5,Male,50,0_0_0,0.0673076923076923,0.12612612612612611,1.0,0.5198019801980198,0.0673076923076923,0.0,0.0,0.0,0.0,0.0
0,Family,0.2,6,Male,50,0_0_0,0.057692307692307696,0.10909090909090909,1.0,0.5148514851485149,0.057692307692307696,0.0,0.0,0.0,0.0,0.0
0,Family,0.2,7,Male,50,0_0_0,0.0673076923076923,0.12612612612612611,1.0,0.5198019801980198,0.0673076923076923,0.0,0.0,0.0,0.0,0.0
0,Family,0.2,8,Male,50,0_0_0,0.057692307692307696,0.10909090909090909,1.0,0.5148514851485149,0.057692307692307696,0.0,0.0,0.0,0.0,0.0
0,Family,0.2,9,Male,50,0_0_0,0.0673076923076923,0.12612612612612611,1.0,0.5198019801980198,0.0673076923076923,0.0,0.0,0.0,0.0,0.0
0,Family,0.2,10,Male,50,0_0_0,0.04807692307692308,0.09174311926605505,1.0,0.5099009900990099,0.04807692307692308,0.0,0.0,0.0,0.0,0.0
0,Family,0.2,11,Male,50,0_0_0,0.04807692307692308,0.09174311926605505,1.0,0.5099009900990099,0.04807692307692308,0.0,0.0,0.0,0.0,0.0
0,Family,0.2,12,Male,50,0_0_0,0.0,0.0,0.0,0.48514851485148514,0.0,0.0,0.0,0.0,0.0,0.0
0,Family,0.2,13,Male,50,0_0_0,0.0,0.0,0.0,0.48514851485148514,0.0,0.0,0.0,0.0,0.0,0.0
0,Family,0.2,14,Male,50,0_0_0,0.0,0.0,0.0,0.48514851485148514,0.0,0.0,0.0,0.0,0.0,0.0
0,Family,0.2,15,Male,50,0_0_0,0.0,0.0,0.0,0.48514851485148514,0.0,0.0,0.0,0.0,0.0,0.0
0,Family,0.2,16,Male,50,0_0_0,0.0,0.0,0.0,0.48514851485148514,0.0,0.0,0.0,0.0,0.0,0.0
0,Family,0.2,17,Male,50,0_0_0,0.0,0.0,0.0,0.48514851485148514,0.0,0.0,0.0,0.0,0.0,0.0
0,Family,0.2,18,Male,50,0_0_0,0.0,0.0,0.0,0.48514851485148514,0.0,0.0,0.0,0.0,0.0,0.0
0,Family,0.2,19,Male,50,0_0_0,0.0,0.0,0.0,0.48514851485148514,0.0,0.0,0.0,0.0,0.0,0.0
0,Family,0.2,20,Male,50,0_0_0,0.0,0.0,0.0,0.48514851485148514,0.0,0.0,0.0,0.0,0.0,0.0
0,Family,0.2,21,Male,50,0_0_0,0.0,0.0,0.0,0.48514851485148514,0.0,0.0,0.0,0.0,0.0,0.0
0,Family,0.2,22,Male,50,0_0_0,0.0,0.0,0.0,0.48514851485148514,0.0,0.0,0.0,0.0,0.0,0.0
0,Family,0.2,23,Male,50,0_0_0,0.0,0.0,0.0,0.48514851485148514,0.0,0.0,0.0,0.0,0.0,0.0
0,Family,0.2,24,Male,50,0_0_0,0.0,0.0,0.0,0.48514851485148514,0.0,0.0,0.0,0.0,0.0,0.0
0,Family,0.2,25,Male,50,0_0_0,0.0,0.0,0.0,0.48514851485148514,0.0,0.0,0.0,0.0,0.0,0.0
0,Family,0.2,26,Male,50,0_0_0,0.0,0.0,0.0,0.48514851485148514,0.0,0.0,0.0,0.0,0.0,0.0
0,Family,0.2,27,Male,50,0_0_0,0.0,0.0,0.0,0.48514851485148514,0.0,0.0,0.0,0.0,0.0,0.0
0,Family,0.2,28,Male,50,0_0_0,0.0,0.0,0.0,0.48514851485148514,0.0,0.0,0.0,0.0,0.0,0.0
0,Family,0.2,29,Male,50,0_0_0,0.0,0.0,0.0,0.48514851485148514,0.0,0.0,0.0,0.0,0.0,0.0
0,Family,0.2,30,Male,50,0_0_0,0.0,0.0,0.0,0.48514851485148514,0.0,0.0,0.0,0.0,0.0,0.0
0,Family,0.2,31,Male,50,0_0_0,0.0,0.0,0.0,0.48514851485148514,0.0,0.0,0.0,0.0,0.0,0.0
0,Family,0.2,32,Male,50,0_0_0,0.0,0.0,0.0,0.48514851485148514,0.0,0.0,0.0,0.0,0.0,0.0
0,Family,0.2,33,Male,50,0_0_0,0.0,0.0,0.0,0.48514851485148514,0.0,0.0,0.0,0.0,0.0,0.0
0,Family,0.2,34,Male,50,0_0_0,0.0,0.0,0.0,0.48514851485148514,0.0,0.0,0.0,0.0,0.0,0.0
0,Family,0.2,35,Male,50,0_0_0,0.0,0.0,0.0,0.48514851485148514,0.0,0.0,0.0,0.0,0.0,0.0
0,Family,0.2,36,Male,50,0_0_0,0.0,0.0,0.0,0.48514851485148514,0.0,0.0,0.0,0.0,0.0,0.0
0,Family,0.2,37,Male,50,0_0_0,0.0,0.0,0.0,0.48514851485148514,0.0,0.0,0.0,0.0,0.0,0.0
0,Family,0.2,38,Male,50,0_0_0,0.0,0.0,0.0,0.48514851485148514,0.0,0.0,0.0,0.0,0.0,0.0
0,Family,0.2,39,Male,50,0_0_0,0.0,0.0,0.0,0.48514851485148514,0.0,0.0,0.0,0.0,0.0,0.0
0,Family,0.2,40,Male,50,0_0_0,0.0,0.0,0.0,0.48514851485148514,0.0,0.0,0.0,0.0,0.0,0.0
0,Family,0.2,41,Male,50,0_0_0,0.0,0.0,0.0,0.48514851485148514,0.0,0.0,0.0,0.0,0.0,0.0
0,Family,0.2,42,Male,50,0_0_0,0.0,0.0,0.0,0.48514851485148514,0.0,0.0,0.0,0.0,0.0,0.0
0,Family,0.2,43,Male,50,0_0_0,0.0,0.0,0.0,0.48514851485148514,0.0,0.0,0.0,0.0,0.0,0.0
0,Family,0.2,44,Male,50,0_0_0,0.0,0.0,0.0,0.48514851485148514,0.0,0.0,0.0,0.0,0.0,0.0
0,Family,0.2,45,Male,50,0_0_0,0.0,0.0,0.0,0.48514851485148514,0.0,0.0,0.0,0.0,0.0,0.0
0,Family,0.2,46,Male,50,0_0_0,0.0,0.0,0.0,0.48514851485148514,0.0,0.0,0.0,0.0,0.0,0.0
0,Family,0.2,47,Male,50,0_0_0,0.0,0.0,0.0,0.48514851485148514,0.0,0.0,0.0,0.0,0.0,0.0
0,Family,0.2,48,Male,50,0_0_0,0.0,0.0,0.0,0.48514851485148514,0.0,0.0,0.0,0.0,0.0,0.0
0,Family,0.2,49,Male,50,0_0_0,0.0,0.0,0.0,0.48514851485148514,0.0,0.0,0.0,0.0,0.0,0.0
0,Family,0.3,1,Male,50,0_0_0,0.057692307692307696,0.10909090909090909,1.0,0.5148514851485149,0.057692307692307696,0.0,0.0,0.0,0.0,0.0
0,Family,0.3,2,Male,50,0_0_0,0.038461538461538464,0.07407407407407407,1.0,0.504950495049505,0.038461538461538464,0.0,0.0,0.0,0.0,0.0
0,Family,0.3,3,Male,50,0_0_0,0.0673076923076923,0.12612612612612611,1.0,0.5198019801980198,0.0673076923076923,0.0,0.0,0.0,0.0,0.0
0,Family,0.3,4,Male,50,0_0_0,0.038461538461538464,0.07407407407407407,1.0,0.504950495049505,0.038461538461538464,0.0,0.0,0.0,0.0,0.0
0,Family,0.3,5,Male,50,0_0_0,0.057692307692307696,0.10909090909090909,1.0,0.5148514851485149,0.057692307692307696,0.0,0.0,0.0,0.0,0.0
0,Family,0.3,6,Male,50,0_0_0,0.028846153846153848,0.056074766355140186,1.0,0.5,0.028846153846153848,0.0,0.0,0.0,0.0,0.0
0,Family,0.3,7,Male,50,0_0_0,0.038461538461538464,0.07407407407407407,1.0,0.504950495049505,0.038461538461538464,0.0,0.0,0.0,0.0,0.0
0,Family,0.3,8,Male,50,0_0_0,0.038461538461538464,0.07407407407407407,1.0,0.504950495049505,0.038461538461538464,0.0,0.0,0.0,0.0,0.0
0,Family,0.3,9,Male,50,0_0_0,0.038461538461538464,0.07407407407407407,1.0,0.504950495049505,0.038461538461538464,0.0,0.0,0.0,0.0,0.0
0,Family,0.3,10,Male,50,0_0_0,0.009615384615384616,0.01904761904761905,1.0,0.4900990099009901,0.009615384615384616,0.0,0.0,0.0,0.0,0.0
0,Family,0.3,11,Male,50,0_0_0,0.009615384615384616,0.01904761904761905,1.0,0.4900990099009901,0.009615384615384616,0.0,0.0,0.0,0.0,0.0
0,Family,0.3,12,Male,50,0_0_0,0.0,0.0,0.0,0.48514851485148514,0.0,0.0,0.0,0.0,0.0,0.0
0,Family,0.3,13,Male,50,0_0_0,0.0,0.0,0.0,0.48514851485148514,0.0,0.0,0.0,0.0,0.0,0.0
0,Family,0.3,14,Male,50,0_0_0,0.0,0.0,0.0,0.48514851485148514,0.0,0.0,0.0,0.0,0.0,0.0
0,Family,0.3,15,Male,50,0_0_0,0.0,0.0,0.0,0.48514851485148514,0.0,0.0,0.0,0.0,0.0,0.0
0,Family,0.3,16,Male,50,0_0_0,0.0,0.0,0.0,0.48514851485148514,0.0,0.0,0.0,0.0,0.0,0.0
0,Family,0.3,17,Male,50,0_0_0,0.0,0.0,0.0,0.48514851485148514,0.0,0.0,0.0,0.0,0.0,0.0
0,Family,0.3,18,Male,50,0_0_0,0.0,0.0,0.0,0.48514851485148514,0.0,0.0,0.0,0.0,0.0,0.0
0,Family,0.3,19,Male,50,0_0_0,0.0,0.0,0.0,0.48514851485148514,0.0,0.0,0.0,0.0,0.0,0.0
0,Family,0.3,20,Male,50,0_0_0,0.0,0.0,0.0,0.48514851485148514,0.0,0.0,0.0,0.0,0.0,0.0
0,Family,0.3,21,Male,50,0_0_0,0.0,0.0,0.0,0.48514851485148514,0.0,0.0,0.0,0.0,0.0,0.0
0,Family,0.3,22,Male,50,0_0_0,0.0,0.0,0.0,0.48514851485148514,0.0,0.0,0.0,0.0,0.0,0.0
0,Family,0.3,23,Male,50,0_0_0,0.0,0.0,0.0,0.48514851485148514,0.0,0.0,0.0,0.0,0.0,0.0
0,Family,0.3,24,Male,50,0_0_0,0.0,0.0,0.0,0.48514851485148514,0.0,0.0,0.0,0.0,0.0,0.0
0,Family,0.3,25,Male,50,0_0_0,0.0,0.0,0.0,0.48514851485148514,0.0,0.0,0.0,0.0,0.0,0.0
0,Family,0.3,26,Male,50,0_0_0,0.0,0.0,0.0,0.48514851485148514,0.0,0.0,0.0,0.0,0.0,0.0
0,Family,0.3,27,Male,50,0_0_0,0.0,0.0,0.0,0.48514851485148514,0.0,0.0,0.0,0.0,0.0,0.0
0,Family,0.3,28,Male,50,0_0_0,0.0,0.0,0.0,0.48514851485148514,0.0,0.0,0.0,0.0,0.0,0.0
0,Family,0.3,29,Male,50,0_0_0,0.0,0.0,0.0,0.48514851485148514,0.0,0.0,0.0,0.0,0.0,0.0
0,Family,0.3,30,Male,50,0_0_0,0.0,0.0,0.0,0.48514851485148514,0.0,0.0,0.0,0.0,0.0,0.0
0,Family,0.3,31,Male,50,0_0_0,0.0,0.0,0.0,0.48514851485148514,0.0,0.0,0.0,0.0,0.0,0.0
0,Family,0.3,32,Male,50,0_0_0,0.0,0.0,0.0,0.48514851485148514,0.0,0.0,0.0,0.0,0.0,0.0
0,Family,0.3,33,Male,50,0_0_0,0.0,0.0,0.0,0.48514851485148514,0.0,0.0,0.0,0.0,0.0,0.0
0,Family,0.3,34,Male,50,0_0_0,0.0,0.0,0.0,0.48514851485148514,0.0,0.0,0.0,0.0,0.0,0.0
0,Family,0.3,35,Male,50,0_0_0,0.0,0.0,0.0,0.48514851485148514,0.0,0.0,0.0,0.0,0.0,0.0
0,Family,0.3,36,Male,50,0_0_0,0.0,0.0,0.0,0.48514851485148514,0.0,0.0,0.0,0.0,0.0,0.0
0,Family,0.3,37,Male,50,0_0_0,0.0,0.0,0.0,0.48514851485148514,0.0,0.0,0.0,0.0,0.0,0.0
0,Family,0.3,38,Male,50,0_0_0,0.0,0.0,0.0,0.48514851485148514,0.0,0.0,0.0,0.0,0.0,0.0
0,Family,0.3,39,Male,50,0_0_0,0.0,0.0,0.0,0.48514851485148514,0.0,0.0,0.0,0.0,0.0,0.0
0,Family,0.3,40,Male,50,0_0_0,0.0,0.0,0.0,0.48514851485148514,0.0,0.0,0.0,0.0,0.0,0.0
0,Family,0.3,41,Male,50,0_0_0,0.0,0.0,0.0,0.48514851485148514,0.0,0.0,0.0,0.0,0.0,0.0
0,Family,0.3,42,Male,50,0_0_0,0.0,0.0,0.0,0.48514851485148514,0.0,0.0,0.0,0.0,0.0,0.0
0,Family,0.3,43,Male,50,0_0_0,0.0,0.0,0.0,0.48514851485148514,0.0,0.0,0.0,0.0,0.0,0.0
0,Family,0.3,44,Male,50,0_0_0,0.0,0.0,0.0,0.48514851485148514,0.0,0.0,0.0,0.0,0.0,0.0
0,Family,0.3,45,Male,50,0_0_0,0.0,0.0,0.0,0.48514851485148514,0.0,0.0,0.0,0.0,0.0,0.0
0,Family,0.3,46,Male,50,0_0_0,0.0,0.0,0.0,0.48514851485148514,0.0,0.0,0.0,0.0,0.0,0.0
0,Family,0.3,47,Male,50,0_0_0,0.0,0.0,0.0,0.48514851485148514,0.0,0.0,0.0,0.0,0.0,0.0
0,Family,0.3,48,Male,50,0_0_0,0.0,0.0,0.0,0.48514851485148514,0.0,0.0,0.0,0.0,0.0,0.0
0,Family,0.3,49,Male,50,0_0_0,0.0,0.0,0.0,0.48514851485148514,0.0,0.0,0.0,0.0,0.0,0.0
0,Family,0.4,1,Male,50,0_0_0,0.019230769230769232,0.03773584905660377,1.0,0.49504950495049505,0.019230769230769232,0.0,0.0,0.0,0.0,0.0
0,Family,0.4,2,Male,50,0_0_0,0.019230769230769232,0.03773584905660377,1.0,0.49504950495049505,0.019230769230769232,0.0,0.0,0.0,0.0,0.0
0,Family,0.4,3,Male,50,0_0_0,0.038461538461538464,0.07407407407407407,1.0,0.504950495049505,0.038461538461538464,0.0,0.0,0.0,0.0,0.0
0,Family,0.4,4,Male,50,0_0_0,0.019230769230769232,0.03773584905660377,1.0,0.49504950495049505,0.019230769230769232,0.0,0.0,0.0,0.0,0.0
0,Family,0.4,5,Male,50,0_0_0,0.04807692307692308,0.09174311926605505,1.0,0.5099009900990099,0.04807692307692308,0.0,0.0,0.0,0.0,0.0
0,Family,0.4,6,Male,50,0_0_0,0.0,0.0,0.0,0.48514851485148514,0.0,0.0,0.0,0.0,0.0,0.0
0,Family,0.4,7,Male,50,0_0_0,0.009615384615384616,0.01904761904761905,1.0,0.4900990099009901,0.009615384615384616,0.0,0.0,0.0,0.0,0.0
0,Family,0.4,8,Male,50,0_0_0,0.0,0.0,0.0,0.48514851485148514,0.0,0.0,0.0,0.0,0.0,0.0
0,Family,0.4,9,Male,50,0_0_0,0.009615384615384616,0.01904761904761905,1.0,0.4900990099009901,0.009615384615384616,0.0,0.0,0.0,0.0,0.0
0,Family,0.4,10,Male,50,0_0_0,0.0,0.0,0.0,0.48514851485148514,0.0,0.0,0.0,0.0,0.0,0.0
0,Family,0.4,11,Male,50,0_0_0,0.0,0.0,0.0,0.48514851485148514,0.0,0.0,0.0,0.0,0.0,0.0
0,Family,0.4,12,Male,50,0_0_0,0.0,0.0,0.0,0.48514851485148514,0.0,0.0,0.0,0.0,0.0,0.0
0,Family,0.4,13,Male,50,0_0_0,0.0,0.0,0.0,0.48514851485148514,0.0,0.0,0.0,0.0,0.0,0.0
0,Family,0.4,14,Male,50,0_0_0,0.0,0.0,0.0,0.48514851485148514,0.0,0.0,0.0,0.0,0.0,0.0
0,Family,0.4,15,Male,50,0_0_0,0.0,0.0,0.0,0.48514851485148514,0.0,0.0,0.0,0.0,0.0,0.0
0,Family,0.4,16,Male,50,0_0_0,0.0,0.0,0.0,0.48514851485148514,0.0,0.0,0.0,0.0,0.0,0.0
0,Family,0.4,17,Male,50,0_0_0,0.0,0.0,0.0,0.48514851485148514,0.0,0.0,0.0,0.0,0.0,0.0
0,Family,0.4,18,Male,50,0_0_0,0.0,0.0,0.0,0.48514851485148514,0.0,0.0,0.0,0.0,0.0,0.0
0,Family,0.4,19,Male,50,0_0_0,0.0,0.0,0.0,0.48514851485148514,0.0,0.0,0.0,0.0,0.0,0.0
0,Family,0.4,20,Male,50,0_0_0,0.0,0.0,0.0,0.48514851485148514,0.0,0.0,0.0,0.0,0.0,0.0
0,Family,0.4,21,Male,50,0_0_0,0.0,0.0,0.0,0.48514851485148514,0.0,0.0,0.0,0.0,0.0,0.0
0,Family,0.4,22,Male,50,0_0_0,0.0,0.0,0.0,0.48514851485148514,0.0,0.0,0.0,0.0,0.0,0.0
0,Family,0.4,23,Male,50,0_0_0,0.0,0.0,0.0,0.48514851485148514,0.0,0.0,0.0,0.0,0.0,0.0
0,Family,0.4,24,Male,50,0_0_0,0.0,0.0,0.0,0.48514851485148514,0.0,0.0,0.0,0.0,0.0,0.0
0,Family,0.4,25,Male,50,0_0_0,0.0,0.0,0.0,0.48514851485148514,0.0,0.0,0.0,0.0,0.0,0.0
0,Family,0.4,26,Male,50,0_0_0,0.0,0.0,0.0,0.48514851485148514,0.0,0.0,0.0,0.0,0.0,0.0
0,Family,0.4,27,Male,50,0_0_0,0.0,0.0,0.0,0.48514851485148514,0.0,0.0,0.0,0.0,0.0,0.0
0,Family,0.4,28,Male,50,0_0_0,0.0,0.0,0.0,0.48514851485148514,0.0,0.0,0.0,0.0,0.0,0.0
0,Family,0.4,29,Male,50,0_0_0,0.0,0.0,0.0,0.48514851485148514,0.0,0.0,0.0,0.0,0.0,0.0
0,Family,0.4,30,Male,50,0_0_0,0.0,0.0,0.0,0.48514851485148514,0.0,0.0,0.0,0.0,0.0,0.0
0,Family,0.4,31,Male,50,0_0_0,0.0,0.0,0.0,0.48514851485148514,0.0,0.0,0.0,0.0,0.0,0.0
0,Family,0.4,32,Male,50,0_0_0,0.0,0.0,0.0,0.48514851485148514,0.0,0.0,0.0,0.0,0.0,0.0
0,Family,0.4,33,Male,50,0_0_0,0.0,0.0,0.0,0.48514851485148514,0.0,0.0,0.0,0.0,0.0,0.0
0,Family,0.4,34,Male,50,0_0_0,0.0,0.0,0.0,0.48514851485148514,0.0,0.0,0.0,0.0,0.0,0.0
0,Family,0.4,35,Male,50,0_0_0,0.0,0.0,0.0,0.48514851485148514,0.0,0.0,0.0,0.0,0.0,0.0
0,Family,0.4,36,Male,50,0_0_0,0.0,0.0,0.0,0.48514851485148514,0.0,0.0,0.0,0.0,0.0,0.0
0,Family,0.4,37,Male,50,0_0_0,0.0,0.0,0.0,0.48514851485148514,0.0,0.0,0.0,0.0,0.0,0.0
0,Family,0.4,38,Male,50,0_0_0,0.0,0.0,0.0,0.48514851485148514,0.0,0.0,0.0,0.0,0.0,0.0
0,Family,0.4,39,Male,50,0_0_0,0.0,0.0,0.0,0.48514851485148514,0.0,0.0,0.0,0.0,0.0,0.0
0,Family,0.4,40,Male,50,0_0_0,0.0,0.0,0.0,0.48514851485148514,0.0,0.0,0.0,0.0,0.0,0.0
0,Family,0.4,41,Male,50,0_0_0,0.0,0.0,0.0,0.48514851485148514,0.0,0.0,0.0,0.0,0.0,0.0
0,Family,0.4,42,Male,50,0_0_0,0.0,0.0,0.0,0.48514851485148514,0.0,0.0,0.0,0.0,0.0,0.0
0,Family,0.4,43,Male,50,0_0_0,0.0,0.0,0.0,0.48514851485148514,0.0,0.0,0.0,0.0,0.0,0.0
0,Family,0.4,44,Male,50,0_0_0,0.0,0.0,0.0,0.48514851485148514,0.0,0.0,0.0,0.0,0.0,0.0
0,Family,0.4,45,Male,50,0_0_0,0.0,0.0,0.0,0.48514851485148514,0.0,0.0,0.0,0.0,0.0,0.0
0,Family,0.4,46,Male,50,0_0_0,0.0,0.0,0.0,0.48514851485148514,0.0,0.0,0.0,0.0,0.0,0.0
0,Family,0.4,47,Male,50,0_0_0,0.0,0.0,0.0,0.48514851485148514,0.0,0.0,0.0,0.0,0.0,0.0
0,Family,0.4,48,Male,50,0_0_0,0.0,0.0,0.0,0.48514851485148514,0.0,0.0,0.0,0.0,0.0,0.0
0,Family,0.4,49,Male,50,0_0_0,0.0,0.0,0.0,0.48514851485148514,0.0,0.0,0.0,0.0,0.0,0.0
0,Family,0.5,1,Male,50,0_0_0,0.028846153846153848,0.056074766355140186,1.0,0.5,0.028846153846153848,0.0,0.0,0.0,0.0,0.0
0,Family,0.5,2,Male,50,0_0_0,0.009615384615384616,0.01904761904761905,1.0,0.4900990099009901,0.009615384615384616,0.0,0.0,0.0,0.0,0.0
0,Family,0.5,3,Male,50,0_0_0,0.028846153846153848,0.056074766355140186,1.0,0.5,0.028846153846153848,0.0,0.0,0.0,0.0,0.0
0,Family,0.5,4,Male,50,0_0_0,0.009615384615384616,0.01904761904761905,1.0,0.4900990099009901,0.009615384615384616,0.0,0.0,0.0,0.0,0.0
0,Family,0.5,5,Male,50,0_0_0,0.019230769230769232,0.03773584905660377,1.0,0.49504950495049505,0.019230769230769232,0.0,0.0,0.0,0.0,0.0
0,Family,0.5,6,Male,50,0_0_0,0.0,0.0,0.0,0.48514851485148514,0.0,0.0,0.0,0.0,0.0,0.0
0,Family,0.5,7,Male,50,0_0_0,0.0,0.0,0.0,0.48514851485148514,0.0,0.0,0.0,0.0,0.0,0.0
0,Family,0.5,8,Male,50,0_0_0,0.0,0.0,0.0,0.48514851485148514,0.0,0.0,0.0,0.0,0.0,0.0
0,Family,0.5,9,Male,50,0_0_0,0.0,0.0,0.0,0.48514851485148514,0.0,0.0,0.0,0.0,0.0,0.0
0,Family,0.5,10,Male,50,0_0_0,0.0,0.0,0.0,0.48514851485148514,0.0,0.0,0.0,0.0,0.0,0.0
0,Family,0.5,11,Male,50,0_0_0,0.0,0.0,0.0,0.48514851485148514,0.0,0.0,0.0,0.0,0.0,0.0
0,Family,0.5,12,Male,50,0_0_0,0.0,0.0,0.0,0.48514851485148514,0.0,0.0,0.0,0.0,0.0,0.0
0,Family,0.5,13,Male,50,0_0_0,0.0,0.0,0.0,0.48514851485148514,0.0,0.0,0.0,0.0,0.0,0.0
0,Family,0.5,14,Male,50,0_0_0,0.0,0.0,0.0,0.48514851485148514,0.0,0.0,0.0,0.0,0.0,0.0
0,Family,0.5,15,Male,50,0_0_0,0.0,0.0,0.0,0.48514851485148514,0.0,0.0,0.0,0.0,0.0,0.0
0,Family,0.5,16,Male,50,0_0_0,0.0,0.0,0.0,0.48514851485148514,0.0,0.0,0.0,0.0,0.0,0.0
0,Family,0.5,17,Male,50,0_0_0,0.0,0.0,0.0,0.48514851485148514,0.0,0.0,0.0,0.0,0.0,0.0
0,Family,0.5,18,Male,50,0_0_0,0.0,0.0,0.0,0.48514851485148514,0.0,0.0,0.0,0.0,0.0,0.0
0,Family,0.5,19,Male,50,0_0_0,0.0,0.0,0.0,0.48514851485148514,0.0,0.0,0.0,0.0,0.0,0.0
0,Family,0.5,20,Male,50,0_0_0,0.0,0.0,0.0,0.48514851485148514,0.0,0.0,0.0,0.0,0.0,0.0
0,Family,0.5,21,Male,50,0_0_0,0.0,0.0,0.0,0.48514851485148514,0.0,0.0,0.0,0.0,0.0,0.0
0,Family,0.5,22,Male,50,0_0_0,0.0,0.0,0.0,0.48514851485148514,0.0,0.0,0.0,0.0,0.0,0.0
0,Family,0.5,23,Male,50,0_0_0,0.0,0.0,0.0,0.48514851485148514,0.0,0.0,0.0,0.0,0.0,0.0
0,Family,0.5,24,Male,50,0_0_0,0.0,0.0,0.0,0.48514851485148514,0.0,0.0,0.0,0.0,0.0,0.0
0,Family,0.5,25,Male,50,0_0_0,0.0,0.0,0.0,0.48514851485148514,0.0,0.0,0.0,0.0,0.0,0.0
0,Family,0.5,26,Male,50,0_0_0,0.0,0.0,0.0,0.48514851485148514,0.0,0.0,0.0,0.0,0.0,0.0
0,Family,0.5,27,Male,50,0_0_0,0.0,0.0,0.0,0.48514851485148514,0.0,0.0,0.0,0.0,0.0,0.0
0,Family,0.5,28,Male,50,0_0_0,0.0,0.0,0.0,0.48514851485148514,0.0,0.0,0.0,0.0,0.0,0.0
0,Family,0.5,29,Male,50,0_0_0,0.0,0.0,0.0,0.48514851485148514,0.0,0.0,0.0,0.0,0.0,0.0
0,Family,0.5,30,Male,50,0_0_0,0.0,0.0,0.0,0.48514851485148514,0.0,0.0,0.0,0.0,0.0,0.0
0,Family,0.5,31,Male,50,0_0_0,0.0,0.0,0.0,0.48514851485148514,0.0,0.0,0.0,0.0,0.0,0.0
0,Family,0.5,32,Male,50,0_0_0,0.0,0.0,0.0,0.48514851485148514,0.0,0.0,0.0,0.0,0.0,0.0
0,Family,0.5,33,Male,50,0_0_0,0.0,0.0,0.0,0.48514851485148514,0.0,0.0,0.0,0.0,0.0,0.0
0,Family,0.5,34,Male,50,0_0_0,0.0,0.0,0.0,0.48514851485148514,0.0,0.0,0.0,0.0,0.0,0.0
0,Family,0.5,35,Male,50,0_0_0,0.0,0.0,0.0,0.48514851485148514,0.0,0.0,0.0,0.0,0.0,0.0
0,Family,0.5,36,Male,50,0_0_0,0.0,0.0,0.0,0.48514851485148514,0.0,0.0,0.0,0.0,0.0,0.0
0,Family,0.5,37,Male,50,0_0_0,0.0,0.0,0.0,0.48514851485148514,0.0,0.0,0.0,0.0,0.0,0.0
0,Family,0.5,38,Male,50,0_0_0,0.0,0.0,0.0,0.48514851485148514,0.0,0.0,0.0,0.0,0.0,0.0
0,Family,0.5,39,Male,50,0_0_0,0.0,0.0,0.0,0.48514851485148514,0.0,0.0,0.0,0.0,0.0,0.0
0,Family,0.5,40,Male,50,0_0_0,0.0,0.0,0.0,0.48514851485148514,0.0,0.0,0.0,0.0,0.0,0.0
0,Family,0.5,41,Male,50,0_0_0,0.0,0.0,0.0,0.48514851485148514,0.0,0.0,0.0,0.0,0.0,0.0
0,Family,0.5,42,Male,50,0_0_0,0.0,0.0,0.0,0.48514851485148514,0.0,0.0,0.0,0.0,0.0,0.0
0,Family,0.5,43,Male,50,0_0_0,0.0,0.0,0.0,0.48514851485148514,0.0,0.0,0.0,0.0,0.0,0.0
0,Family,0.5,44,Male,50,0_0_0,0.0,0.0,0.0,0.48514851485148514,0.0,0.0,0.0,0.0,0.0,0.0
0,Family,0.5,45,Male,50,0_0_0,0.0,0.0,0.0,0.48514851485148514,0.0,0.0,0.0,0.0,0.0,0.0
0,Family,0.5,46,Male,50,0_0_0,0.0,0.0,0.0,0.48514851485148514,0.0,0.0,0.0,0.0,0.0,0.0
0,Family,0.5,47,Male,50,0_0_0,0.0,0.0,0.0,0.48514851485148514,0.0,0.0,0.0,0.0,0.0,0.0
0,Family,0.5,48,Male,50,0_0_0,0.0,0.0,0.0,0.48514851485148514,0.0,0.0,0.0,0.0,0.0,0.0
0,Family,0.5,49,Male,50,0_0_0,0.0,0.0,0.0,0.48514851485148514,0.0,0.0,0.0,0.0,0.0,0.0
0,Family,0.6,1,Male,50,0_0_0,0.04807692307692308,0.09174311926605505,1.0,0.5099009900990099,0.04807692307692308,0.0,0.0,0.0,0.0,0.0
0,Family,0.6,2,Male,50,0_0_0,0.0,0.0,0.0,0.48514851485148514,0.0,0.0,0.0,0.0,0.0,0.0
0,Family,0.6,3,Male,50,0_0_0,0.009615384615384616,0.01904761904761905,1.0,0.4900990099009901,0.009615384615384616,0.0,0.0,0.0,0.0,0.0
0,Family,0.6,4,Male,50,0_0_0,0.009615384615384616,0.01904761904761905,1.0,0.4900990099009901,0.009615384615384616,0.0,0.0,0.0,0.0,0.0
0,Family,0.6,5,Male,50,0_0_0,0.009615384615384616,0.01904761904761905,1.0,0.4900990099009901,0.009615384615384616,0.0,0.0,0.0,0.0,0.0
0,Family,0.6,6,Male,50,0_0_0,0.0,0.0,0.0,0.48514851485148514,0.0,0.0,0.0,0.0,0.0,0.0
0,Family,0.6,7,Male,50,0_0_0,0.0,0.0,0.0,0.48514851485148514,0.0,0.0,0.0,0.0,0.0,0.0
0,Family,0.6,8,Male,50,0_0_0,0.0,0.0,0.0,0.48514851485148514,0.0,0.0,0.0,0.0,0.0,0.0
0,Family,0.6,9,Male,50,0_0_0,0.0,0.0,0.0,0.48514851485148514,0.0,0.0,0.0,0.0,0.0,0.0
0,Family,0.6,10,Male,50,0_0_0,0.0,0.0,0.0,0.48514851485148514,0.0,0.0,0.0,0.0,0.0,0.0
0,Family,0.6,11,Male,50,0_0_0,0.0,0.0,0.0,0.48514851485148514,0.0,0.0,0.0,0.0,0.0,0.0
0,Family,0.6,12,Male,50,0_0_0,0.0,0.0,0.0,0.48514851485148514,0.0,0.0,0.0,0.0,0.0,0.0
0,Family,0.6,13,Male,50,0_0_0,0.0,0.0,0.0,0.48514851485148514,0.0,0.0,0.0,0.0,0.0,0.0
0,Family,0.6,14,Male,50,0_0_0,0.0,0.0,0.0,0.48514851485148514,0.0,0.0,0.0,0.0,0.0,0.0
0,Family,0.6,15,Male,50,0_0_0,0.0,0.0,0.0,0.48514851485148514,0.0,0.0,0.0,0.0,0.0,0.0
0,Family,0.6,16,Male,50,0_0_0,0.0,0.0,0.0,0.48514851485148514,0.0,0.0,0.0,0.0,0.0,0.0
0,Family,0.6,17,Male,50,0_0_0,0.0,0.0,0.0,0.48514851485148514,0.0,0.0,0.0,0.0,0.0,0.0
0,Family,0.6,18,Male,50,0_0_0,0.0,0.0,0.0,0.48514851485148514,0.0,0.0,0.0,0.0,0.0,0.0
0,Family,0.6,19,Male,50,0_0_0,0.0,0.0,0.0,0.48514851485148514,0.0,0.0,0.0,0.0,0.0,0.0
0,Family,0.6,20,Male,50,0_0_0,0.0,0.0,0.0,0.48514851485148514,0.0,0.0,0.0,0.0,0.0,0.0
0,Family,0.6,21,Male,50,0_0_0,0.0,0.0,0.0,0.48514851485148514,0.0,0.0,0.0,0.0,0.0,0.0
0,Family,0.6,22,Male,50,0_0_0,0.0,0.0,0.0,0.48514851485148514,0.0,0.0,0.0,0.0,0.0,0.0
0,Family,0.6,23,Male,50,0_0_0,0.0,0.0,0.0,0.48514851485148514,0.0,0.0,0.0,0.0,0.0,0.0
0,Family,0.6,24,Male,50,0_0_0,0.0,0.0,0.0,0.48514851485148514,0.0,0.0,0.0,0.0,0.0,0.0
0,Family,0.6,25,Male,50,0_0_0,0.0,0.0,0.0,0.48514851485148514,0.0,0.0,0.0,0.0,0.0,0.0
0,Family,0.6,26,Male,50,0_0_0,0.0,0.0,0.0,0.48514851485148514,0.0,0.0,0.0,0.0,0.0,0.0
0,Family,0.6,27,Male,50,0_0_0,0.0,0.0,0.0,0.48514851485148514,0.0,0.0,0.0,0.0,0.0,0.0
0,Family,0.6,28,Male,50,0_0_0,0.0,0.0,0.0,0.48514851485148514,0.0,0.0,0.0,0.0,0.0,0.0
0,Family,0.6,29,Male,50,0_0_0,0.0,0.0,0.0,0.48514851485148514,0.0,0.0,0.0,0.0,0.0,0.0
0,Family,0.6,30,Male,50,0_0_0,0.0,0.0,0.0,0.48514851485148514,0.0,0.0,0.0,0.0,0.0,0.0
0,Family,0.6,31,Male,50,0_0_0,0.0,0.0,0.0,0.48514851485148514,0.0,0.0,0.0,0.0,0.0,0.0
0,Family,0.6,32,Male,50,0_0_0,0.0,0.0,0.0,0.48514851485148514,0.0,0.0,0.0,0.0,0.0,0.0
0,Family,0.6,33,Male,50,0_0_0,0.0,0.0,0.0,0.48514851485148514,0.0,0.0,0.0,0.0,0.0,0.0
0,Family,0.6,34,Male,50,0_0_0,0.0,0.0,0.0,0.48514851485148514,0.0,0.0,0.0,0.0,0.0,0.0
0,Family,0.6,35,Male,50,0_0_0,0.0,0.0,0.0,0.48514851485148514,0.0,0.0,0.0,0.0,0.0,0.0
0,Family,0.6,36,Male,50,0_0_0,0.0,0.0,0.0,0.48514851485148514,0.0,0.0,0.0,0.0,0.0,0.0
0,Family,0.6,37,Male,50,0_0_0,0.0,0.0,0.0,0.48514851485148514,0.0,0.0,0.0,0.0,0.0,0.0
0,Family,0.6,38,Male,50,0_0_0,0.0,0.0,0.0,0.48514851485148514,0.0,0.0,0.0,0.0,0.0,0.0
0,Family,0.6,39,Male,50,0_0_0,0.0,0.0,0.0,0.48514851485148514,0.0,0.0,0.0,0.0,0.0,0.0
0,Family,0.6,40,Male,50,0_0_0,0.0,0.0,0.0,0.48514851485148514,0.0,0.0,0.0,0.0,0.0,0.0
0,Family,0.6,41,Male,50,0_0_0,0.0,0.0,0.0,0.48514851485148514,0.0,0.0,0.0,0.0,0.0,0.0
0,Family,0.6,42,Male,50,0_0_0,0.0,0.0,0.0,0.48514851485148514,0.0,0.0,0.0,0.0,0.0,0.0
0,Family,0.6,43,Male,50,0_0_0,0.0,0.0,0.0,0.48514851485148514,0.0,0.0,0.0,0.0,0.0,0.0
0,Family,0.6,44,Male,50,0_0_0,0.0,0.0,0.0,0.48514851485148514,0.0,0.0,0.0,0.0,0.0,0.0
0,Family,0.6,45,Male,50,0_0_0,0.0,0.0,0.0,0.48514851485148514,0.0,0.0,0.0,0.0,0.0,0.0
0,Family,0.6,46,Male,50,0_0_0,0.0,0.0,0.0,0.48514851485148514,0.0,0.0,0.0,0.0,0.0,0.0
0,Family,0.6,47,Male,50,0_0_0,0.0,0.0,0.0,0.48514851485148514,0.0,0.0,0.0,0.0,0.0,0.0
0,Family,0.6,48,Male,50,0_0_0,0.0,0.0,0.0,0.48514851485148514,0.0,0.0,0.0,0.0,0.0,0.0
0,Family,0.6,49,Male,50,0_0_0,0.0,0.0,0.0,0.48514851485148514,0.0,0.0,0.0,0.0,0.0,0.0
0,Family,0.7,1,Male,50,0_0_0,0.057692307692307696,0.10909090909090909,1.0,0.5148514851485149,0.057692307692307696,0.0,0.0,0.0,0.0,0.0
0,Family,0.7,2,Male,50,0_0_0,0.009615384615384616,0.01904761904761905,1.0,0.4900990099009901,0.009615384615384616,0.0,0.0,0.0,0.0,0.0
0,Family,0.7,3,Male,50,0_0_0,0.019230769230769232,0.03773584905660377,1.0,0.49504950495049505,0.019230769230769232,0.0,0.0,0.0,0.0,0.0
0,Family,0.7,4,Male,50,0_0_0,0.0,0.0,0.0,0.48514851485148514,0.0,0.0,0.0,0.0,0.0,0.0
0,Family,0.7,5,Male,50,0_0_0,0.009615384615384616,0.01904761904761905,1.0,0.4900990099009901,0.009615384615384616,0.0,0.0,0.0,0.0,0.0
0,Family,0.7,6,Male,50,0_0_0,0.0,0.0,0.0,0.48514851485148514,0.0,0.0,0.0,0.0,0.0,0.0
0,Family,0.7,7,Male,50,0_0_0,0.0,0.0,0.0,0.48514851485148514,0.0,0.0,0.0,0.0,0.0,0.0
0,Family,0.7,8,Male,50,0_0_0,0.0,0.0,0.0,0.48514851485148514,0.0,0.0,0.0,0.0,0.0,0.0
0,Family,0.7,9,Male,50,0_0_0,0.0,0.0,0.0,0.48514851485148514,0.0,0.0,0.0,0.0,0.0,0.0
0,Family,0.7,10,Male,50,0_0_0,0.0,0.0,0.0,0.48514851485148514,0.0,0.0,0.0,0.0,0.0,0.0
0,Family,0.7,11,Male,50,0_0_0,0.0,0.0,0.0,0.48514851485148514,0.0,0.0,0.0,0.0,0.0,0.0
0,Family,0.7,12,Male,50,0_0_0,0.0,0.0,0.0,0.48514851485148514,0.0,0.0,0.0,0.0,0.0,0.0
0,Family,0.7,13,Male,50,0_0_0,0.0,0.0,0.0,0.48514851485148514,0.0,0.0,0.0,0.0,0.0,0.0
0,Family,0.7,14,Male,50,0_0_0,0.0,0.0,0.0,0.48514851485148514,0.0,0.0,0.0,0.0,0.0,0.0
0,Family,0.7,15,Male,50,0_0_0,0.0,0.0,0.0,0.48514851485148514,0.0,0.0,0.0,0.0,0.0,0.0
0,Family,0.7,16,Male,50,0_0_0,0.0,0.0,0.0,0.48514851485148514,0.0,0.0,0.0,0.0,0.0,0.0
0,Family,0.7,17,Male,50,0_0_0,0.0,0.0,0.0,0.48514851485148514,0.0,0.0,0.0,0.0,0.0,0.0
0,Family,0.7,18,Male,50,0_0_0,0.0,0.0,0.0,0.48514851485148514,0.0,0.0,0.0,0.0,0.0,0.0
0,Family,0.7,19,Male,50,0_0_0,0.0,0.0,0.0,0.48514851485148514,0.0,0.0,0.0,0.0,0.0,0.0
0,Family,0.7,20,Male,50,0_0_0,0.0,0.0,0.0,0.48514851485148514,0.0,0.0,0.0,0.0,0.0,0.0
0,Family,0.7,21,Male,50,0_0_0,0.0,0.0,0.0,0.48514851485148514,0.0,0.0,0.0,0.0,0.0,0.0
0,Family,0.7,22,Male,50,0_0_0,0.0,0.0,0.0,0.48514851485148514,0.0,0.0,0.0,0.0,0.0,0.0
0,Family,0.7,23,Male,50,0_0_0,0.0,0.0,0.0,0.48514851485148514,0.0,0.0,0.0,0.0,0.0,0.0
0,Family,0.7,24,Male,50,0_0_0,0.0,0.0,0.0,0.48514851485148514,0.0,0.0,0.0,0.0,0.0,0.0
0,Family,0.7,25,Male,50,0_0_0,0.0,0.0,0.0,0.48514851485148514,0.0,0.0,0.0,0.0,0.0,0.0
0,Family,0.7,26,Male,50,0_0_0,0.0,0.0,0.0,0.48514851485148514,0.0,0.0,0.0,0.0,0.0,0.0
0,Family,0.7,27,Male,50,0_0_0,0.0,0.0,0.0,0.48514851485148514,0.0,0.0,0.0,0.0,0.0,0.0
0,Family,0.7,28,Male,50,0_0_0,0.0,0.0,0.0,0.48514851485148514,0.0,0.0,0.0,0.0,0.0,0.0
0,Family,0.7,29,Male,50,0_0_0,0.0,0.0,0.0,0.48514851485148514,0.0,0.0,0.0,0.0,0.0,0.0
0,Family,0.7,30,Male,50,0_0_0,0.0,0.0,0.0,0.48514851485148514,0.0,0.0,0.0,0.0,0.0,0.0
0,Family,0.7,31,Male,50,0_0_0,0.0,0.0,0.0,0.48514851485148514,0.0,0.0,0.0,0.0,0.0,0.0
0,Family,0.7,32,Male,50,0_0_0,0.0,0.0,0.0,0.48514851485148514,0.0,0.0,0.0,0.0,0.0,0.0
0,Family,0.7,33,Male,50,0_0_0,0.0,0.0,0.0,0.48514851485148514,0.0,0.0,0.0,0.0,0.0,0.0
0,Family,0.7,34,Male,50,0_0_0,0.0,0.0,0.0,0.48514851485148514,0.0,0.0,0.0,0.0,0.0,0.0
0,Family,0.7,35,Male,50,0_0_0,0.0,0.0,0.0,0.48514851485148514,0.0,0.0,0.0,0.0,0.0,0.0
0,Family,0.7,36,Male,50,0_0_0,0.0,0.0,0.0,0.48514851485148514,0.0,0.0,0.0,0.0,0.0,0.0
0,Family,0.7,37,Male,50,0_0_0,0.0,0.0,0.0,0.48514851485148514,0.0,0.0,0.0,0.0,0.0,0.0
0,Family,0.7,38,Male,50,0_0_0,0.0,0.0,0.0,0.48514851485148514,0.0,0.0,0.0,0.0,0.0,0.0
0,Family,0.7,39,Male,50,0_0_0,0.0,0.0,0.0,0.48514851485148514,0.0,0.0,0.0,0.0,0.0,0.0
0,Family,0.7,40,Male,50,0_0_0,0.0,0.0,0.0,0.48514851485148514,0.0,0.0,0.0,0.0,0.0,0.0
0,Family,0.7,41,Male,50,0_0_0,0.0,0.0,0.0,0.48514851485148514,0.0,0.0,0.0,0.0,0.0,0.0
0,Family,0.7,42,Male,50,0_0_0,0.0,0.0,0.0,0.48514851485148514,0.0,0.0,0.0,0.0,0.0,0.0
0,Family,0.7,43,Male,50,0_0_0,0.0,0.0,0.0,0.48514851485148514,0.0,0.0,0.0,0.0,0.0,0.0
0,Family,0.7,44,Male,50,0_0_0,0.0,0.0,0.0,0.48514851485148514,0.0,0.0,0.0,0.0,0.0,0.0
0,Family,0.7,45,Male,50,0_0_0,0.0,0.0,0.0,0.48514851485148514,0.0,0.0,0.0,0.0,0.0,0.0
0,Family,0.7,46,Male,50,0_0_0,0.0,0.0,0.0,0.48514851485148514,0.0,0.0,0.0,0.0,0.0,0.0
0,Family,0.7,47,Male,50,0_0_0,0.0,0.0,0.0,0.48514851485148514,0.0,0.0,0.0,0.0,0.0,0.0
0,Family,0.7,48,Male,50,0_0_0,0.0,0.0,0.0,0.48514851485148514,0.0,0.0,0.0,0.0,0.0,0.0
0,Family,0.7,49,Male,50,0_0_0,0.0,0.0,0.0,0.48514851485148514,0.0,0.0,0.0,0.0,0.0,0.0
0,Family,0.8,1,Male,50,0_0_0,0.07692307692307693,0.14285714285714285,1.0,0.5247524752475248,0.07692307692307693,0.0,0.0,0.0,0.0,0.0
0,Family,0.8,2,Male,50,0_0_0,0.019230769230769232,0.03773584905660377,1.0,0.49504950495049505,0.019230769230769232,0.0,0.0,0.0,0.0,0.0
0,Family,0.8,3,Male,50,0_0_0,0.019230769230769232,0.03773584905660377,1.0,0.49504950495049505,0.019230769230769232,0.0,0.0,0.0,0.0,0.0
0,Family,0.8,4,Male,50,0_0_0,0.0,0.0,0.0,0.48514851485148514,0.0,0.0,0.0,0.0,0.0,0.0
0,Family,0.8,5,Male,50,0_0_0,0.0,0.0,0.0,0.48514851485148514,0.0,0.0,0.0,0.0,0.0,0.0
0,Family,0.8,6,Male,50,0_0_0,0.0,0.0,0.0,0.48514851485148514,0.0,0.0,0.0,0.0,0.0,0.0
0,Family,0.8,7,Male,50,0_0_0,0.0,0.0,0.0,0.48514851485148514,0.0,0.0,0.0,0.0,0.0,0.0
0,Family,0.8,8,Male,50,0_0_0,0.0,0.0,0.0,0.48514851485148514,0.0,0.0,0.0,0.0,0.0,0.0
0,Family,0.8,9,Male,50,0_0_0,0.0,0.0,0.0,0.48514851485148514,0.0,0.0,0.0,0.0,0.0,0.0
0,Family,0.8,10,Male,50,0_0_0,0.0,0.0,0.0,0.48514851485148514,0.0,0.0,0.0,0.0,0.0,0.0
0,Family,0.8,11,Male,50,0_0_0,0.0,0.0,0.0,0.48514851485148514,0.0,0.0,0.0,0.0,0.0,0.0
0,Family,0.8,12,Male,50,0_0_0,0.0,0.0,0.0,0.48514851485148514,0.0,0.0,0.0,0.0,0.0,0.0
0,Family,0.8,13,Male,50,0_0_0,0.0,0.0,0.0,0.48514851485148514,0.0,0.0,0.0,0.0,0.0,0.0
0,Family,0.8,14,Male,50,0_0_0,0.0,0.0,0.0,0.48514851485148514,0.0,0.0,0.0,0.0,0.0,0.0
0,Family,0.8,15,Male,50,0_0_0,0.0,0.0,0.0,0.48514851485148514,0.0,0.0,0.0,0.0,0.0,0.0
0,Family,0.8,16,Male,50,0_0_0,0.0,0.0,0.0,0.48514851485148514,0.0,0.0,0.0,0.0,0.0,0.0
0,Family,0.8,17,Male,50,0_0_0,0.0,0.0,0.0,0.48514851485148514,0.0,0.0,0.0,0.0,0.0,0.0
0,Family,0.8,18,Male,50,0_0_0,0.0,0.0,0.0,0.48514851485148514,0.0,0.0,0.0,0.0,0.0,0.0
0,Family,0.8,19,Male,50,0_0_0,0.0,0.0,0.0,0.48514851485148514,0.0,0.0,0.0,0.0,0.0,0.0
0,Family,0.8,20,Male,50,0_0_0,0.0,0.0,0.0,0.48514851485148514,0.0,0.0,0.0,0.0,0.0,0.0
0,Family,0.8,21,Male,50,0_0_0,0.0,0.0,0.0,0.48514851485148514,0.0,0.0,0.0,0.0,0.0,0.0
0,Family,0.8,22,Male,50,0_0_0,0.0,0.0,0.0,0.48514851485148514,0.0,0.0,0.0,0.0,0.0,0.0
0,Family,0.8,23,Male,50,0_0_0,0.0,0.0,0.0,0.48514851485148514,0.0,0.0,0.0,0.0,0.0,0.0
0,Family,0.8,24,Male,50,0_0_0,0.0,0.0,0.0,0.48514851485148514,0.0,0.0,0.0,0.0,0.0,0.0
0,Family,0.8,25,Male,50,0_0_0,0.0,0.0,0.0,0.48514851485148514,0.0,0.0,0.0,0.0,0.0,0.0
0,Family,0.8,26,Male,50,0_0_0,0.0,0.0,0.0,0.48514851485148514,0.0,0.0,0.0,0.0,0.0,0.0
0,Family,0.8,27,Male,50,0_0_0,0.0,0.0,0.0,0.48514851485148514,0.0,0.0,0.0,0.0,0.0,0.0
0,Family,0.8,28,Male,50,0_0_0,0.0,0.0,0.0,0.48514851485148514,0.0,0.0,0.0,0.0,0.0,0.0
0,Family,0.8,29,Male,50,0_0_0,0.0,0.0,0.0,0.48514851485148514,0.0,0.0,0.0,0.0,0.0,0.0
0,Family,0.8,30,Male,50,0_0_0,0.0,0.0,0.0,0.48514851485148514,0.0,0.0,0.0,0.0,0.0,0.0
0,Family,0.8,31,Male,50,0_0_0,0.0,0.0,0.0,0.48514851485148514,0.0,0.0,0.0,0.0,0.0,0.0
0,Family,0.8,32,Male,50,0_0_0,0.0,0.0,0.0,0.48514851485148514,0.0,0.0,0.0,0.0,0.0,0.0
0,Family,0.8,33,Male,50,0_0_0,0.0,0.0,0.0,0.48514851485148514,0.0,0.0,0.0,0.0,0.0,0.0
0,Family,0.8,34,Male,50,0_0_0,0.0,0.0,0.0,0.48514851485148514,0.0,0.0,0.0,0.0,0.0,0.0
0,Family,0.8,35,Male,50,0_0_0,0.0,0.0,0.0,0.48514851485148514,0.0,0.0,0.0,0.0,0.0,0.0
0,Family,0.8,36,Male,50,0_0_0,0.0,0.0,0.0,0.48514851485148514,0.0,0.0,0.0,0.0,0.0,0.0
0,Family,0.8,37,Male,50,0_0_0,0.0,0.0,0.0,0.48514851485148514,0.0,0.0,0.0,0.0,0.0,0.0
0,Family,0.8,38,Male,50,0_0_0,0.0,0.0,0.0,0.48514851485148514,0.0,0.0,0.0,0.0,0.0,0.0
0,Family,0.8,39,Male,50,0_0_0,0.0,0.0,0.0,0.48514851485148514,0.0,0.0,0.0,0.0,0.0,0.0
0,Family,0.8,40,Male,50,0_0_0,0.0,0.0,0.0,0.48514851485148514,0.0,0.0,0.0,0.0,0.0,0.0
0,Family,0.8,41,Male,50,0_0_0,0.0,0.0,0.0,0.48514851485148514,0.0,0.0,0.0,0.0,0.0,0.0
0,Family,0.8,42,Male,50,0_0_0,0.0,0.0,0.0,0.48514851485148514,0.0,0.0,0.0,0.0,0.0,0.0
0,Family,0.8,43,Male,50,0_0_0,0.0,0.0,0.0,0.48514851485148514,0.0,0.0,0.0,0.0,0.0,0.0
0,Family,0.8,44,Male,50,0_0_0,0.0,0.0,0.0,0.48514851485148514,0.0,0.0,0.0,0.0,0.0,0.0
0,Family,0.8,45,Male,50,0_0_0,0.0,0.0,0.0,0.48514851485148514,0.0,0.0,0.0,0.0,0.0,0.0
0,Family,0.8,46,Male,50,0_0_0,0.0,0.0,0.0,0.48514851485148514,0.0,0.0,0.0,0.0,0.0,0.0
0,Family,0.8,47,Male,50,0_0_0,0.0,0.0,0.0,0.48514851485148514,0.0,0.0,0.0,0.0,0.0,0.0
0,Family,0.8,48,Male,50,0_0_0,0.0,0.0,0.0,0.48514851485148514,0.0,0.0,0.0,0.0,0.0,0.0
0,Family,0.8,49,Male,50,0_0_0,0.0,0.0,0.0,0.48514851485148514,0.0,0.0,0.0,0.0,0.0,0.0
0,Family,0.9,1,Male,50,0_0_0,0.07692307692307693,0.14285714285714285,1.0,0.5247524752475248,0.07692307692307693,0.0,0.0,0.0,0.0,0.0
0,Family,0.9,2,Male,50,0_0_0,0.019230769230769232,0.03773584905660377,1.0,0.49504950495049505,0.019230769230769232,0.0,0.0,0.0,0.0,0.0
0,Family,0.9,3,Male,50,0_0_0,0.019230769230769232,0.03773584905660377,1.0,0.49504950495049505,0.019230769230769232,0.0,0.0,0.0,0.0,0.0
0,Family,0.9,4,Male,50,0_0_0,0.0,0.0,0.0,0.48514851485148514,0.0,0.0,0.0,0.0,0.0,0.0
0,Family,0.9,5,Male,50,0_0_0,0.0,0.0,0.0,0.48514851485148514,0.0,0.0,0.0,0.0,0.0,0.0
0,Family,0.9,6,Male,50,0_0_0,0.0,0.0,0.0,0.48514851485148514,0.0,0.0,0.0,0.0,0.0,0.0
0,Family,0.9,7,Male,50,0_0_0,0.0,0.0,0.0,0.48514851485148514,0.0,0.0,0.0,0.0,0.0,0.0
0,Family,0.9,8,Male,50,0_0_0,0.0,0.0,0.0,0.48514851485148514,0.0,0.0,0.0,0.0,0.0,0.0
0,Family,0.9,9,Male,50,0_0_0,0.0,0.0,0.0,0.48514851485148514,0.0,0.0,0.0,0.0,0.0,0.0
0,Family,0.9,10,Male,50,0_0_0,0.0,0.0,0.0,0.48514851485148514,0.0,0.0,0.0,0.0,0.0,0.0
0,Family,0.9,11,Male,50,0_0_0,0.0,0.0,0.0,0.48514851485148514,0.0,0.0,0.0,0.0,0.0,0.0
0,Family,0.9,12,Male,50,0_0_0,0.0,0.0,0.0,0.48514851485148514,0.0,0.0,0.0,0.0,0.0,0.0
0,Family,0.9,13,Male,50,0_0_0,0.0,0.0,0.0,0.48514851485148514,0.0,0.0,0.0,0.0,0.0,0.0
0,Family,0.9,14,Male,50,0_0_0,0.0,0.0,0.0,0.48514851485148514,0.0,0.0,0.0,0.0,0.0,0.0
0,Family,0.9,15,Male,50,0_0_0,0.0,0.0,0.0,0.48514851485148514,0.0,0.0,0.0,0.0,0.0,0.0
0,Family,0.9,16,Male,50,0_0_0,0.0,0.0,0.0,0.48514851485148514,0.0,0.0,0.0,0.0,0.0,0.0
0,Family,0.9,17,Male,50,0_0_0,0.0,0.0,0.0,0.48514851485148514,0.0,0.0,0.0,0.0,0.0,0.0
0,Family,0.9,18,Male,50,0_0_0,0.0,0.0,0.0,0.48514851485148514,0.0,0.0,0.0,0.0,0.0,0.0
0,Family,0.9,19,Male,50,0_0_0,0.0,0.0,0.0,0.48514851485148514,0.0,0.0,0.0,0.0,0.0,0.0
0,Family,0.9,20,Male,50,0_0_0,0.0,0.0,0.0,0.48514851485148514,0.0,0.0,0.0,0.0,0.0,0.0
0,Family,0.9,21,Male,50,0_0_0,0.0,0.0,0.0,0.48514851485148514,0.0,0.0,0.0,0.0,0.0,0.0
0,Family,0.9,22,Male,50,0_0_0,0.0,0.0,0.0,0.48514851485148514,0.0,0.0,0.0,0.0,0.0,0.0
0,Family,0.9,23,Male,50,0_0_0,0.0,0.0,0.0,0.48514851485148514,0.0,0.0,0.0,0.0,0.0,0.0
0,Family,0.9,24,Male,50,0_0_0,0.0,0.0,0.0,0.48514851485148514,0.0,0.0,0.0,0.0,0.0,0.0
0,Family,0.9,25,Male,50,0_0_0,0.0,0.0,0.0,0.48514851485148514,0.0,0.0,0.0,0.0,0.0,0.0
0,Family,0.9,26,Male,50,0_0_0,0.0,0.0,0.0,0.48514851485148514,0.0,0.0,0.0,0.0,0.0,0.0
0,Family,0.9,27,Male,50,0_0_0,0.0,0.0,0.0,0.48514851485148514,0.0,0.0,0.0,0.0,0.0,0.0
0,Family,0.9,28,Male,50,0_0_0,0.0,0.0,0.0,0.48514851485148514,0.0,0.0,0.0,0.0,0.0,0.0
0,Family,0.9,29,Male,50,0_0_0,0.0,0.0,0.0,0.48514851485148514,0.0,0.0,0.0,0.0,0.0,0.0
0,Family,0.9,30,Male,50,0_0_0,0.0,0.0,0.0,0.48514851485148514,0.0,0.0,0.0,0.0,0.0,0.0
0,Family,0.9,31,Male,50,0_0_0,0.0,0.0,0.0,0.48514851485148514,0.0,0.0,0.0,0.0,0.0,0.0
0,Family,0.9,32,Male,50,0_0_0,0.0,0.0,0.0,0.48514851485148514,0.0,0.0,0.0,0.0,0.0,0.0
0,Family,0.9,33,Male,50,0_0_0,0.0,0.0,0.0,0.48514851485148514,0.0,0.0,0.0,0.0,0.0,0.0
0,Family,0.9,34,Male,50,0_0_0,0.0,0.0,0.0,0.48514851485148514,0.0,0.0,0.0,0.0,0.0,0.0
0,Family,0.9,35,Male,50,0_0_0,0.0,0.0,0.0,0.48514851485148514,0.0,0.0,0.0,0.0,0.0,0.0
0,Family,0.9,36,Male,50,0_0_0,0.0,0.0,0.0,0.48514851485148514,0.0,0.0,0.0,0.0,0.0,0.0
0,Family,0.9,37,Male,50,0_0_0,0.0,0.0,0.0,0.48514851485148514,0.0,0.0,0.0,0.0,0.0,0.0
0,Family,0.9,38,Male,50,0_0_0,0.0,0.0,0.0,0.48514851485148514,0.0,0.0,0.0,0.0,0.0,0.0
0,Family,0.9,39,Male,50,0_0_0,0.0,0.0,0.0,0.48514851485148514,0.0,0.0,0.0,0.0,0.0,0.0
0,Family,0.9,40,Male,50,0_0_0,0.0,0.0,0.0,0.48514851485148514,0.0,0.0,0.0,0.0,0.0,0.0
0,Family,0.9,41,Male,50,0_0_0,0.0,0.0,0.0,0.48514851485148514,0.0,0.0,0.0,0.0,0.0,0.0
0,Family,0.9,42,Male,50,0_0_0,0.0,0.0,0.0,0.48514851485148514,0.0,0.0,0.0,0.0,0.0,0.0
0,Family,0.9,43,Male,50,0_0_0,0.0,0.0,0.0,0.48514851485148514,0.0,0.0,0.0,0.0,0.0,0.0
0,Family,0.9,44,Male,50,0_0_0,0.0,0.0,0.0,0.48514851485148514,0.0,0.0,0.0,0.0,0.0,0.0
0,Family,0.9,45,Male,50,0_0_0,0.0,0.0,0.0,0.48514851485148514,0.0,0.0,0.0,0.0,0.0,0.0
0,Family,0.9,46,Male,50,0_0_0,0.0,0.0,0.0,0.48514851485148514,0.0,0.0,0.0,0.0,0.0,0.0
0,Family,0.9,47,Male,50,0_0_0,0.0,0.0,0.0,0.48514851485148514,0.0,0.0,0.0,0.0,0.0,0.0
0,Family,0.9,48,Male,50,0_0_0,0.0,0.0,0.0,0.48514851485148514,0.0,0.0,0.0,0.0,0.0,0.0
0,Family,0.9,49,Male,50,0_0_0,0.0,0.0,0.0,0.48514851485148514,0.0,0.0,0.0,0.0,0.0,0.0
0,Family,1.0,1,Male,50,0_0_0,0.057692307692307696,0.10810810810810811,0.8571428571428571,0.5099009900990099,0.05714285714285714,0.0,0.0,0.0,0.0,0.0
0,Family,1.0,2,Male,50,0_0_0,0.009615384615384616,0.01904761904761905,1.0,0.4900990099009901,0.009615384615384616,0.0,0.0,0.0,0.0,0.0
0,Family,1.0,3,Male,50,0_0_0,0.009615384615384616,0.01904761904761905,1.0,0.4900990099009901,0.009615384615384616,0.0,0.0,0.0,0.0,0.0
0,Family,1.0,4,Male,50,0_0_0,0.0,0.0,0.0,0.48514851485148514,0.0,0.0,0.0,0.0,0.0,0.0
0,Family,1.0,5,Male,50,0_0_0,0.0,0.0,0.0,0.48514851485148514,0.0,0.0,0.0,0.0,0.0,0.0
0,Family,1.0,6,Male,50,0_0_0,0.0,0.0,0.0,0.48514851485148514,0.0,0.0,0.0,0.0,0.0,0.0
0,Family,1.0,7,Male,50,0_0_0,0.0,0.0,0.0,0.48514851485148514,0.0,0.0,0.0,0.0,0.0,0.0
0,Family,1.0,8,Male,50,0_0_0,0.0,0.0,0.0,0.48514851485148514,0.0,0.0,0.0,0.0,0.0,0.0
0,Family,1.0,9,Male,50,0_0_0,0.0,0.0,0.0,0.48514851485148514,0.0,0.0,0.0,0.0,0.0,0.0
0,Family,1.0,10,Male,50,0_0_0,0.0,0.0,0.0,0.48514851485148514,0.0,0.0,0.0,0.0,0.0,0.0
0,Family,1.0,11,Male,50,0_0_0,0.0,0.0,0.0,0.48514851485148514,0.0,0.0,0.0,0.0,0.0,0.0
0,Family,1.0,12,Male,50,0_0_0,0.0,0.0,0.0,0.48514851485148514,0.0,0.0,0.0,0.0,0.0,0.0
0,Family,1.0,13,Male,50,0_0_0,0.0,0.0,0.0,0.48514851485148514,0.0,0.0,0.0,0.0,0.0,0.0
0,Family,1.0,14,Male,50,0_0_0,0.0,0.0,0.0,0.48514851485148514,0.0,0.0,0.0,0.0,0.0,0.0
0,Family,1.0,15,Male,50,0_0_0,0.0,0.0,0.0,0.48514851485148514,0.0,0.0,0.0,0.0,0.0,0.0
0,Family,1.0,16,Male,50,0_0_0,0.0,0.0,0.0,0.48514851485148514,0.0,0.0,0.0,0.0,0.0,0.0
0,Family,1.0,17,Male,50,0_0_0,0.0,0.0,0.0,0.48514851485148514,0.0,0.0,0.0,0.0,0.0,0.0
0,Family,1.0,18,Male,50,0_0_0,0.0,0.0,0.0,0.48514851485148514,0.0,0.0,0.0,0.0,0.0,0.0
0,Family,1.0,19,Male,50,0_0_0,0.0,0.0,0.0,0.48514851485148514,0.0,0.0,0.0,0.0,0.0,0.0
0,Family,1.0,20,Male,50,0_0_0,0.0,0.0,0.0,0.48514851485148514,0.0,0.0,0.0,0.0,0.0,0.0
0,Family,1.0,21,Male,50,0_0_0,0.0,0.0,0.0,0.48514851485148514,0.0,0.0,0.0,0.0,0.0,0.0
0,Family,1.0,22,Male,50,0_0_0,0.0,0.0,0.0,0.48514851485148514,0.0,0.0,0.0,0.0,0.0,0.0
0,Family,1.0,23,Male,50,0_0_0,0.0,0.0,0.0,0.48514851485148514,0.0,0.0,0.0,0.0,0.0,0.0
0,Family,1.0,24,Male,50,0_0_0,0.0,0.0,0.0,0.48514851485148514,0.0,0.0,0.0,0.0,0.0,0.0
0,Family,1.0,25,Male,50,0_0_0,0.0,0.0,0.0,0.48514851485148514,0.0,0.0,0.0,0.0,0.0,0.0
0,Family,1.0,26,Male,50,0_0_0,0.0,0.0,0.0,0.48514851485148514,0.0,0.0,0.0,0.0,0.0,0.0
0,Family,1.0,27,Male,50,0_0_0,0.0,0.0,0.0,0.48514851485148514,0.0,0.0,0.0,0.0,0.0,0.0
0,Family,1.0,28,Male,50,0_0_0,0.0,0.0,0.0,0.48514851485148514,0.0,0.0,0.0,0.0,0.0,0.0
0,Family,1.0,29,Male,50,0_0_0,0.0,0.0,0.0,0.48514851485148514,0.0,0.0,0.0,0.0,0.0,0.0
0,Family,1.0,30,Male,50,0_0_0,0.0,0.0,0.0,0.48514851485148514,0.0,0.0,0.0,0.0,0.0,0.0
0,Family,1.0,31,Male,50,0_0_0,0.0,0.0,0.0,0.48514851485148514,0.0,0.0,0.0,0.0,0.0,0.0
0,Family,1.0,32,Male,50,0_0_0,0.0,0.0,0.0,0.48514851485148514,0.0,0.0,0.0,0.0,0.0,0.0
0,Family,1.0,33,Male,50,0_0_0,0.0,0.0,0.0,0.48514851485148514,0.0,0.0,0.0,0.0,0.0,0.0
0,Family,1.0,34,Male,50,0_0_0,0.0,0.0,0.0,0.48514851485148514,0.0,0.0,0.0,0.0,0.0,0.0
0,Family,1.0,35,Male,50,0_0_0,0.0,0.0,0.0,0.48514851485148514,0.0,0.0,0.0,0.0,0.0,0.0
0,Family,1.0,36,Male,50,0_0_0,0.0,0.0,0.0,0.48514851485148514,0.0,0.0,0.0,0.0,0.0,0.0
0,Family,1.0,37,Male,50,0_0_0,0.0,0.0,0.0,0.48514851485148514,0.0,0.0,0.0,0.0,0.0,0.0
0,Family,1.0,38,Male,50,0_0_0,0.0,0.0,0.0,0.48514851485148514,0.0,0.0,0.0,0.0,0.0,0.0
0,Family,1.0,39,Male,50,0_0_0,0.0,0.0,0.0,0.48514851485148514,0.0,0.0,0.0,0.0,0.0,0.0
0,Family,1.0,40,Male,50,0_0_0,0.0,0.0,0.0,0.48514851485148514,0.0,0.0,0.0,0.0,0.0,0.0
0,Family,1.0,41,Male,50,0_0_0,0.0,0.0,0.0,0.48514851485148514,0.0,0.0,0.0,0.0,0.0,0.0
0,Family,1.0,42,Male,50,0_0_0,0.0,0.0,0.0,0.48514851485148514,0.0,0.0,0.0,0.0,0.0,0.0
0,Family,1.0,43,Male,50,0_0_0,0.0,0.0,0.0,0.48514851485148514,0.0,0.0,0.0,0.0,0.0,0.0
0,Family,1.0,44,Male,50,0_0_0,0.0,0.0,0.0,0.48514851485148514,0.0,0.0,0.0,0.0,0.0,0.0
0,Family,1.0,45,Male,50,0_0_0,0.0,0.0,0.0,0.48514851485148514,0.0,0.0,0.0,0.0,0.0,0.0
0,Family,1.0,46,Male,50,0_0_0,0.0,0.0,0.0,0.48514851485148514,0.0,0.0,0.0,0.0,0.0,0.0
0,Family,1.0,47,Male,50,0_0_0,0.0,0.0,0.0,0.48514851485148514,0.0,0.0,0.0,0.0,0.0,0.0
0,Family,1.0,48,Male,50,0_0_0,0.0,0.0,0.0,0.48514851485148514,0.0,0.0,0.0,0.0,0.0,0.0
0,Family,1.0,49,Male,50,0_0_0,0.0,0.0,0.0,0.48514851485148514,0.0,0.0,0.0,0.0,0.0,0.0
0,Family,0.0,1,PersonWithASibling,0,0_0_0,0.0,0.0,0.0,0.6435643564356436,0.0,,,,,
0,Family,0.0,2,PersonWithASibling,0,0_0_0,0.0,0.0,0.0,0.6435643564356436,0.0,,,,,
0,Family,0.0,3,PersonWithASibling,0,0_0_0,0.0,0.0,0.0,0.6435643564356436,0.0,,,,,
0,Family,0.0,4,PersonWithASibling,0,0_0_0,0.0,0.0,0.0,0.6435643564356436,0.0,,,,,
0,Family,0.0,5,PersonWithASibling,0,0_0_0,0.0,0.0,0.0,0.6435643564356436,0.0,,,,,
0,Family,0.0,6,PersonWithASibling,0,0_0_0,0.0,0.0,0.0,0.6435643564356436,0.0,,,,,
0,Family,0.0,7,PersonWithASibling,0,0_0_0,0.0,0.0,0.0,0.6435643564356436,0.0,,,,,
0,Family,0.0,8,PersonWithASibling,0,0_0_0,0.0,0.0,0.0,0.6435643564356436,0.0,,,,,
0,Family,0.0,9,PersonWithASibling,0,0_0_0,0.0,0.0,0.0,0.6435643564356436,0.0,,,,,
0,Family,0.0,10,PersonWithASibling,0,0_0_0,0.0,0.0,0.0,0.6435643564356436,0.0,,,,,
0,Family,0.0,11,PersonWithASibling,0,0_0_0,0.0,0.0,0.0,0.6435643564356436,0.0,,,,,
0,Family,0.0,12,PersonWithASibling,0,0_0_0,0.0,0.0,0.0,0.6435643564356436,0.0,,,,,
0,Family,0.0,13,PersonWithASibling,0,0_0_0,0.0,0.0,0.0,0.6435643564356436,0.0,,,,,
0,Family,0.0,14,PersonWithASibling,0,0_0_0,0.0,0.0,0.0,0.6435643564356436,0.0,,,,,
0,Family,0.0,15,PersonWithASibling,0,0_0_0,0.0,0.0,0.0,0.6435643564356436,0.0,,,,,
0,Family,0.0,16,PersonWithASibling,0,0_0_0,0.0,0.0,0.0,0.6435643564356436,0.0,,,,,
0,Family,0.0,17,PersonWithASibling,0,0_0_0,0.0,0.0,0.0,0.6435643564356436,0.0,,,,,
0,Family,0.0,18,PersonWithASibling,0,0_0_0,0.0,0.0,0.0,0.6435643564356436,0.0,,,,,
0,Family,0.0,19,PersonWithASibling,0,0_0_0,0.0,0.0,0.0,0.6435643564356436,0.0,,,,,
0,Family,0.0,20,PersonWithASibling,0,0_0_0,0.0,0.0,0.0,0.6435643564356436,0.0,,,,,
0,Family,0.0,21,PersonWithASibling,0,0_0_0,0.0,0.0,0.0,0.6435643564356436,0.0,,,,,
0,Family,0.0,22,PersonWithASibling,0,0_0_0,0.0,0.0,0.0,0.6435643564356436,0.0,,,,,
0,Family,0.0,23,PersonWithASibling,0,0_0_0,0.0,0.0,0.0,0.6435643564356436,0.0,,,,,
0,Family,0.0,24,PersonWithASibling,0,0_0_0,0.0,0.0,0.0,0.6435643564356436,0.0,,,,,
0,Family,0.0,25,PersonWithASibling,0,0_0_0,0.0,0.0,0.0,0.6435643564356436,0.0,,,,,
0,Family,0.0,26,PersonWithASibling,0,0_0_0,0.0,0.0,0.0,0.6435643564356436,0.0,,,,,
0,Family,0.0,27,PersonWithASibling,0,0_0_0,0.0,0.0,0.0,0.6435643564356436,0.0,,,,,
0,Family,0.0,28,PersonWithASibling,0,0_0_0,0.0,0.0,0.0,0.6435643564356436,0.0,,,,,
0,Family,0.0,29,PersonWithASibling,0,0_0_0,0.0,0.0,0.0,0.6435643564356436,0.0,,,,,
0,Family,0.0,30,PersonWithASibling,0,0_0_0,0.0,0.0,0.0,0.6435643564356436,0.0,,,,,
0,Family,0.0,31,PersonWithASibling,0,0_0_0,0.0,0.0,0.0,0.6435643564356436,0.0,,,,,
0,Family,0.0,32,PersonWithASibling,0,0_0_0,0.0,0.0,0.0,0.6435643564356436,0.0,,,,,
0,Family,0.0,33,PersonWithASibling,0,0_0_0,0.0,0.0,0.0,0.6435643564356436,0.0,,,,,
0,Family,0.0,34,PersonWithASibling,0,0_0_0,0.0,0.0,0.0,0.6435643564356436,0.0,,,,,
0,Family,0.0,35,PersonWithASibling,0,0_0_0,0.0,0.0,0.0,0.6435643564356436,0.0,,,,,
0,Family,0.0,36,PersonWithASibling,0,0_0_0,0.0,0.0,0.0,0.6435643564356436,0.0,,,,,
0,Family,0.0,37,PersonWithASibling,0,0_0_0,0.0,0.0,0.0,0.6435643564356436,0.0,,,,,
0,Family,0.0,38,PersonWithASibling,0,0_0_0,0.0,0.0,0.0,0.6435643564356436,0.0,,,,,
0,Family,0.0,39,PersonWithASibling,0,0_0_0,0.0,0.0,0.0,0.6435643564356436,0.0,,,,,
0,Family,0.0,40,PersonWithASibling,0,0_0_0,0.0,0.0,0.0,0.6435643564356436,0.0,,,,,
0,Family,0.0,41,PersonWithASibling,0,0_0_0,0.0,0.0,0.0,0.6435643564356436,0.0,,,,,
0,Family,0.0,42,PersonWithASibling,0,0_0_0,0.0,0.0,0.0,0.6435643564356436,0.0,,,,,
0,Family,0.0,43,PersonWithASibling,0,0_0_0,0.0,0.0,0.0,0.6435643564356436,0.0,,,,,
0,Family,0.0,44,PersonWithASibling,0,0_0_0,0.0,0.0,0.0,0.6435643564356436,0.0,,,,,
0,Family,0.0,45,PersonWithASibling,0,0_0_0,0.0,0.0,0.0,0.6435643564356436,0.0,,,,,
0,Family,0.0,46,PersonWithASibling,0,0_0_0,0.0,0.0,0.0,0.6435643564356436,0.0,,,,,
0,Family,0.0,47,PersonWithASibling,0,0_0_0,0.0,0.0,0.0,0.6435643564356436,0.0,,,,,
0,Family,0.0,48,PersonWithASibling,0,0_0_0,0.0,0.0,0.0,0.6435643564356436,0.0,,,,,
0,Family,0.0,49,PersonWithASibling,0,0_0_0,0.0,0.0,0.0,0.6435643564356436,0.0,,,,,
0,Family,0.1,1,PersonWithASibling,0,0_0_0,0.0,0.0,0.0,0.6435643564356436,0.0,,,,,
0,Family,0.1,2,PersonWithASibling,0,0_0_0,0.0,0.0,0.0,0.6435643564356436,0.0,,,,,
0,Family,0.1,3,PersonWithASibling,0,0_0_0,0.0,0.0,0.0,0.6435643564356436,0.0,,,,,
0,Family,0.1,4,PersonWithASibling,0,0_0_0,0.0,0.0,0.0,0.6435643564356436,0.0,,,,,
0,Family,0.1,5,PersonWithASibling,0,0_0_0,0.0,0.0,0.0,0.6435643564356436,0.0,,,,,
0,Family,0.1,6,PersonWithASibling,0,0_0_0,0.0,0.0,0.0,0.6435643564356436,0.0,,,,,
0,Family,0.1,7,PersonWithASibling,0,0_0_0,0.0,0.0,0.0,0.6435643564356436,0.0,,,,,
0,Family,0.1,8,PersonWithASibling,0,0_0_0,0.0,0.0,0.0,0.6435643564356436,0.0,,,,,
0,Family,0.1,9,PersonWithASibling,0,0_0_0,0.0,0.0,0.0,0.6435643564356436,0.0,,,,,
0,Family,0.1,10,PersonWithASibling,0,0_0_0,0.0,0.0,0.0,0.6435643564356436,0.0,,,,,
0,Family,0.1,11,PersonWithASibling,0,0_0_0,0.0,0.0,0.0,0.6435643564356436,0.0,,,,,
0,Family,0.1,12,PersonWithASibling,0,0_0_0,0.0,0.0,0.0,0.6435643564356436,0.0,,,,,
0,Family,0.1,13,PersonWithASibling,0,0_0_0,0.0,0.0,0.0,0.6435643564356436,0.0,,,,,
0,Family,0.1,14,PersonWithASibling,0,0_0_0,0.0,0.0,0.0,0.6435643564356436,0.0,,,,,
0,Family,0.1,15,PersonWithASibling,0,0_0_0,0.0,0.0,0.0,0.6435643564356436,0.0,,,,,
0,Family,0.1,16,PersonWithASibling,0,0_0_0,0.0,0.0,0.0,0.6435643564356436,0.0,,,,,
0,Family,0.1,17,PersonWithASibling,0,0_0_0,0.0,0.0,0.0,0.6435643564356436,0.0,,,,,
0,Family,0.1,18,PersonWithASibling,0,0_0_0,0.0,0.0,0.0,0.6435643564356436,0.0,,,,,
0,Family,0.1,19,PersonWithASibling,0,0_0_0,0.0,0.0,0.0,0.6435643564356436,0.0,,,,,
0,Family,0.1,20,PersonWithASibling,0,0_0_0,0.0,0.0,0.0,0.6435643564356436,0.0,,,,,
0,Family,0.1,21,PersonWithASibling,0,0_0_0,0.0,0.0,0.0,0.6435643564356436,0.0,,,,,
0,Family,0.1,22,PersonWithASibling,0,0_0_0,0.0,0.0,0.0,0.6435643564356436,0.0,,,,,
0,Family,0.1,23,PersonWithASibling,0,0_0_0,0.0,0.0,0.0,0.6435643564356436,0.0,,,,,
0,Family,0.1,24,PersonWithASibling,0,0_0_0,0.0,0.0,0.0,0.6435643564356436,0.0,,,,,
0,Family,0.1,25,PersonWithASibling,0,0_0_0,0.0,0.0,0.0,0.6435643564356436,0.0,,,,,
0,Family,0.1,26,PersonWithASibling,0,0_0_0,0.0,0.0,0.0,0.6435643564356436,0.0,,,,,
0,Family,0.1,27,PersonWithASibling,0,0_0_0,0.0,0.0,0.0,0.6435643564356436,0.0,,,,,
0,Family,0.1,28,PersonWithASibling,0,0_0_0,0.0,0.0,0.0,0.6435643564356436,0.0,,,,,
0,Family,0.1,29,PersonWithASibling,0,0_0_0,0.0,0.0,0.0,0.6435643564356436,0.0,,,,,
0,Family,0.1,30,PersonWithASibling,0,0_0_0,0.0,0.0,0.0,0.6435643564356436,0.0,,,,,
0,Family,0.1,31,PersonWithASibling,0,0_0_0,0.0,0.0,0.0,0.6435643564356436,0.0,,,,,
0,Family,0.1,32,PersonWithASibling,0,0_0_0,0.0,0.0,0.0,0.6435643564356436,0.0,,,,,
0,Family,0.1,33,PersonWithASibling,0,0_0_0,0.0,0.0,0.0,0.6435643564356436,0.0,,,,,
0,Family,0.1,34,PersonWithASibling,0,0_0_0,0.0,0.0,0.0,0.6435643564356436,0.0,,,,,
0,Family,0.1,35,PersonWithASibling,0,0_0_0,0.0,0.0,0.0,0.6435643564356436,0.0,,,,,
0,Family,0.1,36,PersonWithASibling,0,0_0_0,0.0,0.0,0.0,0.6435643564356436,0.0,,,,,
0,Family,0.1,37,PersonWithASibling,0,0_0_0,0.0,0.0,0.0,0.6435643564356436,0.0,,,,,
0,Family,0.1,38,PersonWithASibling,0,0_0_0,0.0,0.0,0.0,0.6435643564356436,0.0,,,,,
0,Family,0.1,39,PersonWithASibling,0,0_0_0,0.0,0.0,0.0,0.6435643564356436,0.0,,,,,
0,Family,0.1,40,PersonWithASibling,0,0_0_0,0.0,0.0,0.0,0.6435643564356436,0.0,,,,,
0,Family,0.1,41,PersonWithASibling,0,0_0_0,0.0,0.0,0.0,0.6435643564356436,0.0,,,,,
0,Family,0.1,42,PersonWithASibling,0,0_0_0,0.0,0.0,0.0,0.6435643564356436,0.0,,,,,
0,Family,0.1,43,PersonWithASibling,0,0_0_0,0.0,0.0,0.0,0.6435643564356436,0.0,,,,,
0,Family,0.1,44,PersonWithASibling,0,0_0_0,0.0,0.0,0.0,0.6435643564356436,0.0,,,,,
0,Family,0.1,45,PersonWithASibling,0,0_0_0,0.0,0.0,0.0,0.6435643564356436,0.0,,,,,
0,Family,0.1,46,PersonWithASibling,0,0_0_0,0.0,0.0,0.0,0.6435643564356436,0.0,,,,,
0,Family,0.1,47,PersonWithASibling,0,0_0_0,0.0,0.0,0.0,0.6435643564356436,0.0,,,,,
0,Family,0.1,48,PersonWithASibling,0,0_0_0,0.0,0.0,0.0,0.6435643564356436,0.0,,,,,
0,Family,0.1,49,PersonWithASibling,0,0_0_0,0.0,0.0,0.0,0.6435643564356436,0.0,,,,,
0,Family,0.2,1,PersonWithASibling,0,0_0_0,0.0,0.0,0.0,0.6435643564356436,0.0,,,,,
0,Family,0.2,2,PersonWithASibling,0,0_0_0,0.0,0.0,0.0,0.6435643564356436,0.0,,,,,
0,Family,0.2,3,PersonWithASibling,0,0_0_0,0.0,0.0,0.0,0.6435643564356436,0.0,,,,,
0,Family,0.2,4,PersonWithASibling,0,0_0_0,0.0,0.0,0.0,0.6435643564356436,0.0,,,,,
0,Family,0.2,5,PersonWithASibling,0,0_0_0,0.0,0.0,0.0,0.6435643564356436,0.0,,,,,
0,Family,0.2,6,PersonWithASibling,0,0_0_0,0.0,0.0,0.0,0.6435643564356436,0.0,,,,,
0,Family,0.2,7,PersonWithASibling,0,0_0_0,0.0,0.0,0.0,0.6435643564356436,0.0,,,,,
0,Family,0.2,8,PersonWithASibling,0,0_0_0,0.0,0.0,0.0,0.6435643564356436,0.0,,,,,
0,Family,0.2,9,PersonWithASibling,0,0_0_0,0.0,0.0,0.0,0.6435643564356436,0.0,,,,,
0,Family,0.2,10,PersonWithASibling,0,0_0_0,0.0,0.0,0.0,0.6435643564356436,0.0,,,,,
0,Family,0.2,11,PersonWithASibling,0,0_0_0,0.0,0.0,0.0,0.6435643564356436,0.0,,,,,
0,Family,0.2,12,PersonWithASibling,0,0_0_0,0.0,0.0,0.0,0.6435643564356436,0.0,,,,,
0,Family,0.2,13,PersonWithASibling,0,0_0_0,0.0,0.0,0.0,0.6435643564356436,0.0,,,,,
0,Family,0.2,14,PersonWithASibling,0,0_0_0,0.0,0.0,0.0,0.6435643564356436,0.0,,,,,
0,Family,0.2,15,PersonWithASibling,0,0_0_0,0.0,0.0,0.0,0.6435643564356436,0.0,,,,,
0,Family,0.2,16,PersonWithASibling,0,0_0_0,0.0,0.0,0.0,0.6435643564356436,0.0,,,,,
0,Family,0.2,17,PersonWithASibling,0,0_0_0,0.0,0.0,0.0,0.6435643564356436,0.0,,,,,
0,Family,0.2,18,PersonWithASibling,0,0_0_0,0.0,0.0,0.0,0.6435643564356436,0.0,,,,,
0,Family,0.2,19,PersonWithASibling,0,0_0_0,0.0,0.0,0.0,0.6435643564356436,0.0,,,,,
0,Family,0.2,20,PersonWithASibling,0,0_0_0,0.0,0.0,0.0,0.6435643564356436,0.0,,,,,
0,Family,0.2,21,PersonWithASibling,0,0_0_0,0.0,0.0,0.0,0.6435643564356436,0.0,,,,,
0,Family,0.2,22,PersonWithASibling,0,0_0_0,0.0,0.0,0.0,0.6435643564356436,0.0,,,,,
0,Family,0.2,23,PersonWithASibling,0,0_0_0,0.0,0.0,0.0,0.6435643564356436,0.0,,,,,
0,Family,0.2,24,PersonWithASibling,0,0_0_0,0.0,0.0,0.0,0.6435643564356436,0.0,,,,,
0,Family,0.2,25,PersonWithASibling,0,0_0_0,0.0,0.0,0.0,0.6435643564356436,0.0,,,,,
0,Family,0.2,26,PersonWithASibling,0,0_0_0,0.0,0.0,0.0,0.6435643564356436,0.0,,,,,
0,Family,0.2,27,PersonWithASibling,0,0_0_0,0.0,0.0,0.0,0.6435643564356436,0.0,,,,,
0,Family,0.2,28,PersonWithASibling,0,0_0_0,0.0,0.0,0.0,0.6435643564356436,0.0,,,,,
0,Family,0.2,29,PersonWithASibling,0,0_0_0,0.0,0.0,0.0,0.6435643564356436,0.0,,,,,
0,Family,0.2,30,PersonWithASibling,0,0_0_0,0.0,0.0,0.0,0.6435643564356436,0.0,,,,,
0,Family,0.2,31,PersonWithASibling,0,0_0_0,0.0,0.0,0.0,0.6435643564356436,0.0,,,,,
0,Family,0.2,32,PersonWithASibling,0,0_0_0,0.0,0.0,0.0,0.6435643564356436,0.0,,,,,
0,Family,0.2,33,PersonWithASibling,0,0_0_0,0.0,0.0,0.0,0.6435643564356436,0.0,,,,,
0,Family,0.2,34,PersonWithASibling,0,0_0_0,0.0,0.0,0.0,0.6435643564356436,0.0,,,,,
0,Family,0.2,35,PersonWithASibling,0,0_0_0,0.0,0.0,0.0,0.6435643564356436,0.0,,,,,
0,Family,0.2,36,PersonWithASibling,0,0_0_0,0.0,0.0,0.0,0.6435643564356436,0.0,,,,,
0,Family,0.2,37,PersonWithASibling,0,0_0_0,0.0,0.0,0.0,0.6435643564356436,0.0,,,,,
0,Family,0.2,38,PersonWithASibling,0,0_0_0,0.0,0.0,0.0,0.6435643564356436,0.0,,,,,
0,Family,0.2,39,PersonWithASibling,0,0_0_0,0.0,0.0,0.0,0.6435643564356436,0.0,,,,,
0,Family,0.2,40,PersonWithASibling,0,0_0_0,0.0,0.0,0.0,0.6435643564356436,0.0,,,,,
0,Family,0.2,41,PersonWithASibling,0,0_0_0,0.0,0.0,0.0,0.6435643564356436,0.0,,,,,
0,Family,0.2,42,PersonWithASibling,0,0_0_0,0.0,0.0,0.0,0.6435643564356436,0.0,,,,,
0,Family,0.2,43,PersonWithASibling,0,0_0_0,0.0,0.0,0.0,0.6435643564356436,0.0,,,,,
0,Family,0.2,44,PersonWithASibling,0,0_0_0,0.0,0.0,0.0,0.6435643564356436,0.0,,,,,
0,Family,0.2,45,PersonWithASibling,0,0_0_0,0.0,0.0,0.0,0.6435643564356436,0.0,,,,,
0,Family,0.2,46,PersonWithASibling,0,0_0_0,0.0,0.0,0.0,0.6435643564356436,0.0,,,,,
0,Family,0.2,47,PersonWithASibling,0,0_0_0,0.0,0.0,0.0,0.6435643564356436,0.0,,,,,
0,Family,0.2,48,PersonWithASibling,0,0_0_0,0.0,0.0,0.0,0.6435643564356436,0.0,,,,,
0,Family,0.2,49,PersonWithASibling,0,0_0_0,0.0,0.0,0.0,0.6435643564356436,0.0,,,,,
0,Family,0.3,1,PersonWithASibling,0,0_0_0,0.0,0.0,0.0,0.6435643564356436,0.0,,,,,
0,Family,0.3,2,PersonWithASibling,0,0_0_0,0.0,0.0,0.0,0.6435643564356436,0.0,,,,,
0,Family,0.3,3,PersonWithASibling,0,0_0_0,0.0,0.0,0.0,0.6435643564356436,0.0,,,,,
0,Family,0.3,4,PersonWithASibling,0,0_0_0,0.0,0.0,0.0,0.6435643564356436,0.0,,,,,
0,Family,0.3,5,PersonWithASibling,0,0_0_0,0.0,0.0,0.0,0.6435643564356436,0.0,,,,,
0,Family,0.3,6,PersonWithASibling,0,0_0_0,0.0,0.0,0.0,0.6435643564356436,0.0,,,,,
0,Family,0.3,7,PersonWithASibling,0,0_0_0,0.0,0.0,0.0,0.6435643564356436,0.0,,,,,
0,Family,0.3,8,PersonWithASibling,0,0_0_0,0.0,0.0,0.0,0.6435643564356436,0.0,,,,,
0,Family,0.3,9,PersonWithASibling,0,0_0_0,0.0,0.0,0.0,0.6435643564356436,0.0,,,,,
0,Family,0.3,10,PersonWithASibling,0,0_0_0,0.0,0.0,0.0,0.6435643564356436,0.0,,,,,
0,Family,0.3,11,PersonWithASibling,0,0_0_0,0.0,0.0,0.0,0.6435643564356436,0.0,,,,,
0,Family,0.3,12,PersonWithASibling,0,0_0_0,0.0,0.0,0.0,0.6435643564356436,0.0,,,,,
0,Family,0.3,13,PersonWithASibling,0,0_0_0,0.0,0.0,0.0,0.6435643564356436,0.0,,,,,
0,Family,0.3,14,PersonWithASibling,0,0_0_0,0.0,0.0,0.0,0.6435643564356436,0.0,,,,,
0,Family,0.3,15,PersonWithASibling,0,0_0_0,0.0,0.0,0.0,0.6435643564356436,0.0,,,,,
0,Family,0.3,16,PersonWithASibling,0,0_0_0,0.0,0.0,0.0,0.6435643564356436,0.0,,,,,
0,Family,0.3,17,PersonWithASibling,0,0_0_0,0.0,0.0,0.0,0.6435643564356436,0.0,,,,,
0,Family,0.3,18,PersonWithASibling,0,0_0_0,0.0,0.0,0.0,0.6435643564356436,0.0,,,,,
0,Family,0.3,19,PersonWithASibling,0,0_0_0,0.0,0.0,0.0,0.6435643564356436,0.0,,,,,
0,Family,0.3,20,PersonWithASibling,0,0_0_0,0.0,0.0,0.0,0.6435643564356436,0.0,,,,,
0,Family,0.3,21,PersonWithASibling,0,0_0_0,0.0,0.0,0.0,0.6435643564356436,0.0,,,,,
0,Family,0.3,22,PersonWithASibling,0,0_0_0,0.0,0.0,0.0,0.6435643564356436,0.0,,,,,
0,Family,0.3,23,PersonWithASibling,0,0_0_0,0.0,0.0,0.0,0.6435643564356436,0.0,,,,,
0,Family,0.3,24,PersonWithASibling,0,0_0_0,0.0,0.0,0.0,0.6435643564356436,0.0,,,,,
0,Family,0.3,25,PersonWithASibling,0,0_0_0,0.0,0.0,0.0,0.6435643564356436,0.0,,,,,
0,Family,0.3,26,PersonWithASibling,0,0_0_0,0.0,0.0,0.0,0.6435643564356436,0.0,,,,,
0,Family,0.3,27,PersonWithASibling,0,0_0_0,0.0,0.0,0.0,0.6435643564356436,0.0,,,,,
0,Family,0.3,28,PersonWithASibling,0,0_0_0,0.0,0.0,0.0,0.6435643564356436,0.0,,,,,
0,Family,0.3,29,PersonWithASibling,0,0_0_0,0.0,0.0,0.0,0.6435643564356436,0.0,,,,,
0,Family,0.3,30,PersonWithASibling,0,0_0_0,0.0,0.0,0.0,0.6435643564356436,0.0,,,,,
0,Family,0.3,31,PersonWithASibling,0,0_0_0,0.0,0.0,0.0,0.6435643564356436,0.0,,,,,
0,Family,0.3,32,PersonWithASibling,0,0_0_0,0.0,0.0,0.0,0.6435643564356436,0.0,,,,,
0,Family,0.3,33,PersonWithASibling,0,0_0_0,0.0,0.0,0.0,0.6435643564356436,0.0,,,,,
0,Family,0.3,34,PersonWithASibling,0,0_0_0,0.0,0.0,0.0,0.6435643564356436,0.0,,,,,
0,Family,0.3,35,PersonWithASibling,0,0_0_0,0.0,0.0,0.0,0.6435643564356436,0.0,,,,,
0,Family,0.3,36,PersonWithASibling,0,0_0_0,0.0,0.0,0.0,0.6435643564356436,0.0,,,,,
0,Family,0.3,37,PersonWithASibling,0,0_0_0,0.0,0.0,0.0,0.6435643564356436,0.0,,,,,
0,Family,0.3,38,PersonWithASibling,0,0_0_0,0.0,0.0,0.0,0.6435643564356436,0.0,,,,,
0,Family,0.3,39,PersonWithASibling,0,0_0_0,0.0,0.0,0.0,0.6435643564356436,0.0,,,,,
0,Family,0.3,40,PersonWithASibling,0,0_0_0,0.0,0.0,0.0,0.6435643564356436,0.0,,,,,
0,Family,0.3,41,PersonWithASibling,0,0_0_0,0.0,0.0,0.0,0.6435643564356436,0.0,,,,,
0,Family,0.3,42,PersonWithASibling,0,0_0_0,0.0,0.0,0.0,0.6435643564356436,0.0,,,,,
0,Family,0.3,43,PersonWithASibling,0,0_0_0,0.0,0.0,0.0,0.6435643564356436,0.0,,,,,
0,Family,0.3,44,PersonWithASibling,0,0_0_0,0.0,0.0,0.0,0.6435643564356436,0.0,,,,,
0,Family,0.3,45,PersonWithASibling,0,0_0_0,0.0,0.0,0.0,0.6435643564356436,0.0,,,,,
0,Family,0.3,46,PersonWithASibling,0,0_0_0,0.0,0.0,0.0,0.6435643564356436,0.0,,,,,
0,Family,0.3,47,PersonWithASibling,0,0_0_0,0.0,0.0,0.0,0.6435643564356436,0.0,,,,,
0,Family,0.3,48,PersonWithASibling,0,0_0_0,0.0,0.0,0.0,0.6435643564356436,0.0,,,,,
0,Family,0.3,49,PersonWithASibling,0,0_0_0,0.0,0.0,0.0,0.6435643564356436,0.0,,,,,
0,Family,0.4,1,PersonWithASibling,0,0_0_0,0.0,0.0,0.0,0.6435643564356436,0.0,,,,,
0,Family,0.4,2,PersonWithASibling,0,0_0_0,0.0,0.0,0.0,0.6435643564356436,0.0,,,,,
0,Family,0.4,3,PersonWithASibling,0,0_0_0,0.0,0.0,0.0,0.6435643564356436,0.0,,,,,
0,Family,0.4,4,PersonWithASibling,0,0_0_0,0.0,0.0,0.0,0.6435643564356436,0.0,,,,,
0,Family,0.4,5,PersonWithASibling,0,0_0_0,0.0,0.0,0.0,0.6435643564356436,0.0,,,,,
0,Family,0.4,6,PersonWithASibling,0,0_0_0,0.0,0.0,0.0,0.6435643564356436,0.0,,,,,
0,Family,0.4,7,PersonWithASibling,0,0_0_0,0.0,0.0,0.0,0.6435643564356436,0.0,,,,,
0,Family,0.4,8,PersonWithASibling,0,0_0_0,0.0,0.0,0.0,0.6435643564356436,0.0,,,,,
0,Family,0.4,9,PersonWithASibling,0,0_0_0,0.0,0.0,0.0,0.6435643564356436,0.0,,,,,
0,Family,0.4,10,PersonWithASibling,0,0_0_0,0.0,0.0,0.0,0.6435643564356436,0.0,,,,,
0,Family,0.4,11,PersonWithASibling,0,0_0_0,0.0,0.0,0.0,0.6435643564356436,0.0,,,,,
0,Family,0.4,12,PersonWithASibling,0,0_0_0,0.0,0.0,0.0,0.6435643564356436,0.0,,,,,
0,Family,0.4,13,PersonWithASibling,0,0_0_0,0.0,0.0,0.0,0.6435643564356436,0.0,,,,,
0,Family,0.4,14,PersonWithASibling,0,0_0_0,0.0,0.0,0.0,0.6435643564356436,0.0,,,,,
0,Family,0.4,15,PersonWithASibling,0,0_0_0,0.0,0.0,0.0,0.6435643564356436,0.0,,,,,
0,Family,0.4,16,PersonWithASibling,0,0_0_0,0.0,0.0,0.0,0.6435643564356436,0.0,,,,,
0,Family,0.4,17,PersonWithASibling,0,0_0_0,0.0,0.0,0.0,0.6435643564356436,0.0,,,,,
0,Family,0.4,18,PersonWithASibling,0,0_0_0,0.0,0.0,0.0,0.6435643564356436,0.0,,,,,
0,Family,0.4,19,PersonWithASibling,0,0_0_0,0.0,0.0,0.0,0.6435643564356436,0.0,,,,,
0,Family,0.4,20,PersonWithASibling,0,0_0_0,0.0,0.0,0.0,0.6435643564356436,0.0,,,,,
0,Family,0.4,21,PersonWithASibling,0,0_0_0,0.0,0.0,0.0,0.6435643564356436,0.0,,,,,
0,Family,0.4,22,PersonWithASibling,0,0_0_0,0.0,0.0,0.0,0.6435643564356436,0.0,,,,,
0,Family,0.4,23,PersonWithASibling,0,0_0_0,0.0,0.0,0.0,0.6435643564356436,0.0,,,,,
0,Family,0.4,24,PersonWithASibling,0,0_0_0,0.0,0.0,0.0,0.6435643564356436,0.0,,,,,
0,Family,0.4,25,PersonWithASibling,0,0_0_0,0.0,0.0,0.0,0.6435643564356436,0.0,,,,,
0,Family,0.4,26,PersonWithASibling,0,0_0_0,0.0,0.0,0.0,0.6435643564356436,0.0,,,,,
0,Family,0.4,27,PersonWithASibling,0,0_0_0,0.0,0.0,0.0,0.6435643564356436,0.0,,,,,
0,Family,0.4,28,PersonWithASibling,0,0_0_0,0.0,0.0,0.0,0.6435643564356436,0.0,,,,,
0,Family,0.4,29,PersonWithASibling,0,0_0_0,0.0,0.0,0.0,0.6435643564356436,0.0,,,,,
0,Family,0.4,30,PersonWithASibling,0,0_0_0,0.0,0.0,0.0,0.6435643564356436,0.0,,,,,
0,Family,0.4,31,PersonWithASibling,0,0_0_0,0.0,0.0,0.0,0.6435643564356436,0.0,,,,,
0,Family,0.4,32,PersonWithASibling,0,0_0_0,0.0,0.0,0.0,0.6435643564356436,0.0,,,,,
0,Family,0.4,33,PersonWithASibling,0,0_0_0,0.0,0.0,0.0,0.6435643564356436,0.0,,,,,
0,Family,0.4,34,PersonWithASibling,0,0_0_0,0.0,0.0,0.0,0.6435643564356436,0.0,,,,,
0,Family,0.4,35,PersonWithASibling,0,0_0_0,0.0,0.0,0.0,0.6435643564356436,0.0,,,,,
0,Family,0.4,36,PersonWithASibling,0,0_0_0,0.0,0.0,0.0,0.6435643564356436,0.0,,,,,
0,Family,0.4,37,PersonWithASibling,0,0_0_0,0.0,0.0,0.0,0.6435643564356436,0.0,,,,,
0,Family,0.4,38,PersonWithASibling,0,0_0_0,0.0,0.0,0.0,0.6435643564356436,0.0,,,,,
0,Family,0.4,39,PersonWithASibling,0,0_0_0,0.0,0.0,0.0,0.6435643564356436,0.0,,,,,
0,Family,0.4,40,PersonWithASibling,0,0_0_0,0.0,0.0,0.0,0.6435643564356436,0.0,,,,,
0,Family,0.4,41,PersonWithASibling,0,0_0_0,0.0,0.0,0.0,0.6435643564356436,0.0,,,,,
0,Family,0.4,42,PersonWithASibling,0,0_0_0,0.0,0.0,0.0,0.6435643564356436,0.0,,,,,
0,Family,0.4,43,PersonWithASibling,0,0_0_0,0.0,0.0,0.0,0.6435643564356436,0.0,,,,,
0,Family,0.4,44,PersonWithASibling,0,0_0_0,0.0,0.0,0.0,0.6435643564356436,0.0,,,,,
0,Family,0.4,45,PersonWithASibling,0,0_0_0,0.0,0.0,0.0,0.6435643564356436,0.0,,,,,
0,Family,0.4,46,PersonWithASibling,0,0_0_0,0.0,0.0,0.0,0.6435643564356436,0.0,,,,,
0,Family,0.4,47,PersonWithASibling,0,0_0_0,0.0,0.0,0.0,0.6435643564356436,0.0,,,,,
0,Family,0.4,48,PersonWithASibling,0,0_0_0,0.0,0.0,0.0,0.6435643564356436,0.0,,,,,
0,Family,0.4,49,PersonWithASibling,0,0_0_0,0.0,0.0,0.0,0.6435643564356436,0.0,,,,,
0,Family,0.5,1,PersonWithASibling,0,0_0_0,0.0,0.0,0.0,0.6435643564356436,0.0,,,,,
0,Family,0.5,2,PersonWithASibling,0,0_0_0,0.0,0.0,0.0,0.6435643564356436,0.0,,,,,
0,Family,0.5,3,PersonWithASibling,0,0_0_0,0.0,0.0,0.0,0.6435643564356436,0.0,,,,,
0,Family,0.5,4,PersonWithASibling,0,0_0_0,0.0,0.0,0.0,0.6435643564356436,0.0,,,,,
0,Family,0.5,5,PersonWithASibling,0,0_0_0,0.0,0.0,0.0,0.6435643564356436,0.0,,,,,
0,Family,0.5,6,PersonWithASibling,0,0_0_0,0.0,0.0,0.0,0.6435643564356436,0.0,,,,,
0,Family,0.5,7,PersonWithASibling,0,0_0_0,0.0,0.0,0.0,0.6435643564356436,0.0,,,,,
0,Family,0.5,8,PersonWithASibling,0,0_0_0,0.0,0.0,0.0,0.6435643564356436,0.0,,,,,
0,Family,0.5,9,PersonWithASibling,0,0_0_0,0.0,0.0,0.0,0.6435643564356436,0.0,,,,,
0,Family,0.5,10,PersonWithASibling,0,0_0_0,0.0,0.0,0.0,0.6435643564356436,0.0,,,,,
0,Family,0.5,11,PersonWithASibling,0,0_0_0,0.0,0.0,0.0,0.6435643564356436,0.0,,,,,
0,Family,0.5,12,PersonWithASibling,0,0_0_0,0.0,0.0,0.0,0.6435643564356436,0.0,,,,,
0,Family,0.5,13,PersonWithASibling,0,0_0_0,0.0,0.0,0.0,0.6435643564356436,0.0,,,,,
0,Family,0.5,14,PersonWithASibling,0,0_0_0,0.0,0.0,0.0,0.6435643564356436,0.0,,,,,
0,Family,0.5,15,PersonWithASibling,0,0_0_0,0.0,0.0,0.0,0.6435643564356436,0.0,,,,,
0,Family,0.5,16,PersonWithASibling,0,0_0_0,0.0,0.0,0.0,0.6435643564356436,0.0,,,,,
0,Family,0.5,17,PersonWithASibling,0,0_0_0,0.0,0.0,0.0,0.6435643564356436,0.0,,,,,
0,Family,0.5,18,PersonWithASibling,0,0_0_0,0.0,0.0,0.0,0.6435643564356436,0.0,,,,,
0,Family,0.5,19,PersonWithASibling,0,0_0_0,0.0,0.0,0.0,0.6435643564356436,0.0,,,,,
0,Family,0.5,20,PersonWithASibling,0,0_0_0,0.0,0.0,0.0,0.6435643564356436,0.0,,,,,
0,Family,0.5,21,PersonWithASibling,0,0_0_0,0.0,0.0,0.0,0.6435643564356436,0.0,,,,,
0,Family,0.5,22,PersonWithASibling,0,0_0_0,0.0,0.0,0.0,0.6435643564356436,0.0,,,,,
0,Family,0.5,23,PersonWithASibling,0,0_0_0,0.0,0.0,0.0,0.6435643564356436,0.0,,,,,
0,Family,0.5,24,PersonWithASibling,0,0_0_0,0.0,0.0,0.0,0.6435643564356436,0.0,,,,,
0,Family,0.5,25,PersonWithASibling,0,0_0_0,0.0,0.0,0.0,0.6435643564356436,0.0,,,,,
0,Family,0.5,26,PersonWithASibling,0,0_0_0,0.0,0.0,0.0,0.6435643564356436,0.0,,,,,
0,Family,0.5,27,PersonWithASibling,0,0_0_0,0.0,0.0,0.0,0.6435643564356436,0.0,,,,,
0,Family,0.5,28,PersonWithASibling,0,0_0_0,0.0,0.0,0.0,0.6435643564356436,0.0,,,,,
0,Family,0.5,29,PersonWithASibling,0,0_0_0,0.0,0.0,0.0,0.6435643564356436,0.0,,,,,
0,Family,0.5,30,PersonWithASibling,0,0_0_0,0.0,0.0,0.0,0.6435643564356436,0.0,,,,,
0,Family,0.5,31,PersonWithASibling,0,0_0_0,0.0,0.0,0.0,0.6435643564356436,0.0,,,,,
0,Family,0.5,32,PersonWithASibling,0,0_0_0,0.0,0.0,0.0,0.6435643564356436,0.0,,,,,
0,Family,0.5,33,PersonWithASibling,0,0_0_0,0.0,0.0,0.0,0.6435643564356436,0.0,,,,,
0,Family,0.5,34,PersonWithASibling,0,0_0_0,0.0,0.0,0.0,0.6435643564356436,0.0,,,,,
0,Family,0.5,35,PersonWithASibling,0,0_0_0,0.0,0.0,0.0,0.6435643564356436,0.0,,,,,
0,Family,0.5,36,PersonWithASibling,0,0_0_0,0.0,0.0,0.0,0.6435643564356436,0.0,,,,,
0,Family,0.5,37,PersonWithASibling,0,0_0_0,0.0,0.0,0.0,0.6435643564356436,0.0,,,,,
0,Family,0.5,38,PersonWithASibling,0,0_0_0,0.0,0.0,0.0,0.6435643564356436,0.0,,,,,
0,Family,0.5,39,PersonWithASibling,0,0_0_0,0.0,0.0,0.0,0.6435643564356436,0.0,,,,,
0,Family,0.5,40,PersonWithASibling,0,0_0_0,0.0,0.0,0.0,0.6435643564356436,0.0,,,,,
0,Family,0.5,41,PersonWithASibling,0,0_0_0,0.0,0.0,0.0,0.6435643564356436,0.0,,,,,
0,Family,0.5,42,PersonWithASibling,0,0_0_0,0.0,0.0,0.0,0.6435643564356436,0.0,,,,,
0,Family,0.5,43,PersonWithASibling,0,0_0_0,0.0,0.0,0.0,0.6435643564356436,0.0,,,,,
0,Family,0.5,44,PersonWithASibling,0,0_0_0,0.0,0.0,0.0,0.6435643564356436,0.0,,,,,
0,Family,0.5,45,PersonWithASibling,0,0_0_0,0.0,0.0,0.0,0.6435643564356436,0.0,,,,,
0,Family,0.5,46,PersonWithASibling,0,0_0_0,0.0,0.0,0.0,0.6435643564356436,0.0,,,,,
0,Family,0.5,47,PersonWithASibling,0,0_0_0,0.0,0.0,0.0,0.6435643564356436,0.0,,,,,
0,Family,0.5,48,PersonWithASibling,0,0_0_0,0.0,0.0,0.0,0.6435643564356436,0.0,,,,,
0,Family,0.5,49,PersonWithASibling,0,0_0_0,0.0,0.0,0.0,0.6435643564356436,0.0,,,,,
0,Family,0.6,1,PersonWithASibling,0,0_0_0,0.0,0.0,0.0,0.6435643564356436,0.0,,,,,
0,Family,0.6,2,PersonWithASibling,0,0_0_0,0.0,0.0,0.0,0.6435643564356436,0.0,,,,,
0,Family,0.6,3,PersonWithASibling,0,0_0_0,0.0,0.0,0.0,0.6435643564356436,0.0,,,,,
0,Family,0.6,4,PersonWithASibling,0,0_0_0,0.0,0.0,0.0,0.6435643564356436,0.0,,,,,
0,Family,0.6,5,PersonWithASibling,0,0_0_0,0.0,0.0,0.0,0.6435643564356436,0.0,,,,,
0,Family,0.6,6,PersonWithASibling,0,0_0_0,0.0,0.0,0.0,0.6435643564356436,0.0,,,,,
0,Family,0.6,7,PersonWithASibling,0,0_0_0,0.0,0.0,0.0,0.6435643564356436,0.0,,,,,
0,Family,0.6,8,PersonWithASibling,0,0_0_0,0.0,0.0,0.0,0.6435643564356436,0.0,,,,,
0,Family,0.6,9,PersonWithASibling,0,0_0_0,0.0,0.0,0.0,0.6435643564356436,0.0,,,,,
0,Family,0.6,10,PersonWithASibling,0,0_0_0,0.0,0.0,0.0,0.6435643564356436,0.0,,,,,
0,Family,0.6,11,PersonWithASibling,0,0_0_0,0.0,0.0,0.0,0.6435643564356436,0.0,,,,,
0,Family,0.6,12,PersonWithASibling,0,0_0_0,0.0,0.0,0.0,0.6435643564356436,0.0,,,,,
0,Family,0.6,13,PersonWithASibling,0,0_0_0,0.0,0.0,0.0,0.6435643564356436,0.0,,,,,
0,Family,0.6,14,PersonWithASibling,0,0_0_0,0.0,0.0,0.0,0.6435643564356436,0.0,,,,,
0,Family,0.6,15,PersonWithASibling,0,0_0_0,0.0,0.0,0.0,0.6435643564356436,0.0,,,,,
0,Family,0.6,16,PersonWithASibling,0,0_0_0,0.0,0.0,0.0,0.6435643564356436,0.0,,,,,
0,Family,0.6,17,PersonWithASibling,0,0_0_0,0.0,0.0,0.0,0.6435643564356436,0.0,,,,,
0,Family,0.6,18,PersonWithASibling,0,0_0_0,0.0,0.0,0.0,0.6435643564356436,0.0,,,,,
0,Family,0.6,19,PersonWithASibling,0,0_0_0,0.0,0.0,0.0,0.6435643564356436,0.0,,,,,
0,Family,0.6,20,PersonWithASibling,0,0_0_0,0.0,0.0,0.0,0.6435643564356436,0.0,,,,,
0,Family,0.6,21,PersonWithASibling,0,0_0_0,0.0,0.0,0.0,0.6435643564356436,0.0,,,,,
0,Family,0.6,22,PersonWithASibling,0,0_0_0,0.0,0.0,0.0,0.6435643564356436,0.0,,,,,
0,Family,0.6,23,PersonWithASibling,0,0_0_0,0.0,0.0,0.0,0.6435643564356436,0.0,,,,,
0,Family,0.6,24,PersonWithASibling,0,0_0_0,0.0,0.0,0.0,0.6435643564356436,0.0,,,,,
0,Family,0.6,25,PersonWithASibling,0,0_0_0,0.0,0.0,0.0,0.6435643564356436,0.0,,,,,
0,Family,0.6,26,PersonWithASibling,0,0_0_0,0.0,0.0,0.0,0.6435643564356436,0.0,,,,,
0,Family,0.6,27,PersonWithASibling,0,0_0_0,0.0,0.0,0.0,0.6435643564356436,0.0,,,,,
0,Family,0.6,28,PersonWithASibling,0,0_0_0,0.0,0.0,0.0,0.6435643564356436,0.0,,,,,
0,Family,0.6,29,PersonWithASibling,0,0_0_0,0.0,0.0,0.0,0.6435643564356436,0.0,,,,,
0,Family,0.6,30,PersonWithASibling,0,0_0_0,0.0,0.0,0.0,0.6435643564356436,0.0,,,,,
0,Family,0.6,31,PersonWithASibling,0,0_0_0,0.0,0.0,0.0,0.6435643564356436,0.0,,,,,
0,Family,0.6,32,PersonWithASibling,0,0_0_0,0.0,0.0,0.0,0.6435643564356436,0.0,,,,,
0,Family,0.6,33,PersonWithASibling,0,0_0_0,0.0,0.0,0.0,0.6435643564356436,0.0,,,,,
0,Family,0.6,34,PersonWithASibling,0,0_0_0,0.0,0.0,0.0,0.6435643564356436,0.0,,,,,
0,Family,0.6,35,PersonWithASibling,0,0_0_0,0.0,0.0,0.0,0.6435643564356436,0.0,,,,,
0,Family,0.6,36,PersonWithASibling,0,0_0_0,0.0,0.0,0.0,0.6435643564356436,0.0,,,,,
0,Family,0.6,37,PersonWithASibling,0,0_0_0,0.0,0.0,0.0,0.6435643564356436,0.0,,,,,
0,Family,0.6,38,PersonWithASibling,0,0_0_0,0.0,0.0,0.0,0.6435643564356436,0.0,,,,,
0,Family,0.6,39,PersonWithASibling,0,0_0_0,0.0,0.0,0.0,0.6435643564356436,0.0,,,,,
0,Family,0.6,40,PersonWithASibling,0,0_0_0,0.0,0.0,0.0,0.6435643564356436,0.0,,,,,
0,Family,0.6,41,PersonWithASibling,0,0_0_0,0.0,0.0,0.0,0.6435643564356436,0.0,,,,,
0,Family,0.6,42,PersonWithASibling,0,0_0_0,0.0,0.0,0.0,0.6435643564356436,0.0,,,,,
0,Family,0.6,43,PersonWithASibling,0,0_0_0,0.0,0.0,0.0,0.6435643564356436,0.0,,,,,
0,Family,0.6,44,PersonWithASibling,0,0_0_0,0.0,0.0,0.0,0.6435643564356436,0.0,,,,,
0,Family,0.6,45,PersonWithASibling,0,0_0_0,0.0,0.0,0.0,0.6435643564356436,0.0,,,,,
0,Family,0.6,46,PersonWithASibling,0,0_0_0,0.0,0.0,0.0,0.6435643564356436,0.0,,,,,
0,Family,0.6,47,PersonWithASibling,0,0_0_0,0.0,0.0,0.0,0.6435643564356436,0.0,,,,,
0,Family,0.6,48,PersonWithASibling,0,0_0_0,0.0,0.0,0.0,0.6435643564356436,0.0,,,,,
0,Family,0.6,49,PersonWithASibling,0,0_0_0,0.0,0.0,0.0,0.6435643564356436,0.0,,,,,
0,Family,0.7,1,PersonWithASibling,0,0_0_0,0.0,0.0,0.0,0.6435643564356436,0.0,,,,,
0,Family,0.7,2,PersonWithASibling,0,0_0_0,0.0,0.0,0.0,0.6435643564356436,0.0,,,,,
0,Family,0.7,3,PersonWithASibling,0,0_0_0,0.0,0.0,0.0,0.6435643564356436,0.0,,,,,
0,Family,0.7,4,PersonWithASibling,0,0_0_0,0.0,0.0,0.0,0.6435643564356436,0.0,,,,,
0,Family,0.7,5,PersonWithASibling,0,0_0_0,0.0,0.0,0.0,0.6435643564356436,0.0,,,,,
0,Family,0.7,6,PersonWithASibling,0,0_0_0,0.0,0.0,0.0,0.6435643564356436,0.0,,,,,
0,Family,0.7,7,PersonWithASibling,0,0_0_0,0.0,0.0,0.0,0.6435643564356436,0.0,,,,,
0,Family,0.7,8,PersonWithASibling,0,0_0_0,0.0,0.0,0.0,0.6435643564356436,0.0,,,,,
0,Family,0.7,9,PersonWithASibling,0,0_0_0,0.0,0.0,0.0,0.6435643564356436,0.0,,,,,
0,Family,0.7,10,PersonWithASibling,0,0_0_0,0.0,0.0,0.0,0.6435643564356436,0.0,,,,,
0,Family,0.7,11,PersonWithASibling,0,0_0_0,0.0,0.0,0.0,0.6435643564356436,0.0,,,,,
0,Family,0.7,12,PersonWithASibling,0,0_0_0,0.0,0.0,0.0,0.6435643564356436,0.0,,,,,
0,Family,0.7,13,PersonWithASibling,0,0_0_0,0.0,0.0,0.0,0.6435643564356436,0.0,,,,,
0,Family,0.7,14,PersonWithASibling,0,0_0_0,0.0,0.0,0.0,0.6435643564356436,0.0,,,,,
0,Family,0.7,15,PersonWithASibling,0,0_0_0,0.0,0.0,0.0,0.6435643564356436,0.0,,,,,
0,Family,0.7,16,PersonWithASibling,0,0_0_0,0.0,0.0,0.0,0.6435643564356436,0.0,,,,,
0,Family,0.7,17,PersonWithASibling,0,0_0_0,0.0,0.0,0.0,0.6435643564356436,0.0,,,,,
0,Family,0.7,18,PersonWithASibling,0,0_0_0,0.0,0.0,0.0,0.6435643564356436,0.0,,,,,
0,Family,0.7,19,PersonWithASibling,0,0_0_0,0.0,0.0,0.0,0.6435643564356436,0.0,,,,,
0,Family,0.7,20,PersonWithASibling,0,0_0_0,0.0,0.0,0.0,0.6435643564356436,0.0,,,,,
0,Family,0.7,21,PersonWithASibling,0,0_0_0,0.0,0.0,0.0,0.6435643564356436,0.0,,,,,
0,Family,0.7,22,PersonWithASibling,0,0_0_0,0.0,0.0,0.0,0.6435643564356436,0.0,,,,,
0,Family,0.7,23,PersonWithASibling,0,0_0_0,0.0,0.0,0.0,0.6435643564356436,0.0,,,,,
0,Family,0.7,24,PersonWithASibling,0,0_0_0,0.0,0.0,0.0,0.6435643564356436,0.0,,,,,
0,Family,0.7,25,PersonWithASibling,0,0_0_0,0.0,0.0,0.0,0.6435643564356436,0.0,,,,,
0,Family,0.7,26,PersonWithASibling,0,0_0_0,0.0,0.0,0.0,0.6435643564356436,0.0,,,,,
0,Family,0.7,27,PersonWithASibling,0,0_0_0,0.0,0.0,0.0,0.6435643564356436,0.0,,,,,
0,Family,0.7,28,PersonWithASibling,0,0_0_0,0.0,0.0,0.0,0.6435643564356436,0.0,,,,,
0,Family,0.7,29,PersonWithASibling,0,0_0_0,0.0,0.0,0.0,0.6435643564356436,0.0,,,,,
0,Family,0.7,30,PersonWithASibling,0,0_0_0,0.0,0.0,0.0,0.6435643564356436,0.0,,,,,
0,Family,0.7,31,PersonWithASibling,0,0_0_0,0.0,0.0,0.0,0.6435643564356436,0.0,,,,,
0,Family,0.7,32,PersonWithASibling,0,0_0_0,0.0,0.0,0.0,0.6435643564356436,0.0,,,,,
0,Family,0.7,33,PersonWithASibling,0,0_0_0,0.0,0.0,0.0,0.6435643564356436,0.0,,,,,
0,Family,0.7,34,PersonWithASibling,0,0_0_0,0.0,0.0,0.0,0.6435643564356436,0.0,,,,,
0,Family,0.7,35,PersonWithASibling,0,0_0_0,0.0,0.0,0.0,0.6435643564356436,0.0,,,,,
0,Family,0.7,36,PersonWithASibling,0,0_0_0,0.0,0.0,0.0,0.6435643564356436,0.0,,,,,
0,Family,0.7,37,PersonWithASibling,0,0_0_0,0.0,0.0,0.0,0.6435643564356436,0.0,,,,,
0,Family,0.7,38,PersonWithASibling,0,0_0_0,0.0,0.0,0.0,0.6435643564356436,0.0,,,,,
0,Family,0.7,39,PersonWithASibling,0,0_0_0,0.0,0.0,0.0,0.6435643564356436,0.0,,,,,
0,Family,0.7,40,PersonWithASibling,0,0_0_0,0.0,0.0,0.0,0.6435643564356436,0.0,,,,,
0,Family,0.7,41,PersonWithASibling,0,0_0_0,0.0,0.0,0.0,0.6435643564356436,0.0,,,,,
0,Family,0.7,42,PersonWithASibling,0,0_0_0,0.0,0.0,0.0,0.6435643564356436,0.0,,,,,
0,Family,0.7,43,PersonWithASibling,0,0_0_0,0.0,0.0,0.0,0.6435643564356436,0.0,,,,,
0,Family,0.7,44,PersonWithASibling,0,0_0_0,0.0,0.0,0.0,0.6435643564356436,0.0,,,,,
0,Family,0.7,45,PersonWithASibling,0,0_0_0,0.0,0.0,0.0,0.6435643564356436,0.0,,,,,
0,Family,0.7,46,PersonWithASibling,0,0_0_0,0.0,0.0,0.0,0.6435643564356436,0.0,,,,,
0,Family,0.7,47,PersonWithASibling,0,0_0_0,0.0,0.0,0.0,0.6435643564356436,0.0,,,,,
0,Family,0.7,48,PersonWithASibling,0,0_0_0,0.0,0.0,0.0,0.6435643564356436,0.0,,,,,
0,Family,0.7,49,PersonWithASibling,0,0_0_0,0.0,0.0,0.0,0.6435643564356436,0.0,,,,,
0,Family,0.8,1,PersonWithASibling,0,0_0_0,0.0,0.0,0.0,0.6435643564356436,0.0,,,,,
0,Family,0.8,2,PersonWithASibling,0,0_0_0,0.0,0.0,0.0,0.6435643564356436,0.0,,,,,
0,Family,0.8,3,PersonWithASibling,0,0_0_0,0.0,0.0,0.0,0.6435643564356436,0.0,,,,,
0,Family,0.8,4,PersonWithASibling,0,0_0_0,0.0,0.0,0.0,0.6435643564356436,0.0,,,,,
0,Family,0.8,5,PersonWithASibling,0,0_0_0,0.0,0.0,0.0,0.6435643564356436,0.0,,,,,
0,Family,0.8,6,PersonWithASibling,0,0_0_0,0.0,0.0,0.0,0.6435643564356436,0.0,,,,,
0,Family,0.8,7,PersonWithASibling,0,0_0_0,0.0,0.0,0.0,0.6435643564356436,0.0,,,,,
0,Family,0.8,8,PersonWithASibling,0,0_0_0,0.0,0.0,0.0,0.6435643564356436,0.0,,,,,
0,Family,0.8,9,PersonWithASibling,0,0_0_0,0.0,0.0,0.0,0.6435643564356436,0.0,,,,,
0,Family,0.8,10,PersonWithASibling,0,0_0_0,0.0,0.0,0.0,0.6435643564356436,0.0,,,,,
0,Family,0.8,11,PersonWithASibling,0,0_0_0,0.0,0.0,0.0,0.6435643564356436,0.0,,,,,
0,Family,0.8,12,PersonWithASibling,0,0_0_0,0.0,0.0,0.0,0.6435643564356436,0.0,,,,,
0,Family,0.8,13,PersonWithASibling,0,0_0_0,0.0,0.0,0.0,0.6435643564356436,0.0,,,,,
0,Family,0.8,14,PersonWithASibling,0,0_0_0,0.0,0.0,0.0,0.6435643564356436,0.0,,,,,
0,Family,0.8,15,PersonWithASibling,0,0_0_0,0.0,0.0,0.0,0.6435643564356436,0.0,,,,,
0,Family,0.8,16,PersonWithASibling,0,0_0_0,0.0,0.0,0.0,0.6435643564356436,0.0,,,,,
0,Family,0.8,17,PersonWithASibling,0,0_0_0,0.0,0.0,0.0,0.6435643564356436,0.0,,,,,
0,Family,0.8,18,PersonWithASibling,0,0_0_0,0.0,0.0,0.0,0.6435643564356436,0.0,,,,,
0,Family,0.8,19,PersonWithASibling,0,0_0_0,0.0,0.0,0.0,0.6435643564356436,0.0,,,,,
0,Family,0.8,20,PersonWithASibling,0,0_0_0,0.0,0.0,0.0,0.6435643564356436,0.0,,,,,
0,Family,0.8,21,PersonWithASibling,0,0_0_0,0.0,0.0,0.0,0.6435643564356436,0.0,,,,,
0,Family,0.8,22,PersonWithASibling,0,0_0_0,0.0,0.0,0.0,0.6435643564356436,0.0,,,,,
0,Family,0.8,23,PersonWithASibling,0,0_0_0,0.0,0.0,0.0,0.6435643564356436,0.0,,,,,
0,Family,0.8,24,PersonWithASibling,0,0_0_0,0.0,0.0,0.0,0.6435643564356436,0.0,,,,,
0,Family,0.8,25,PersonWithASibling,0,0_0_0,0.0,0.0,0.0,0.6435643564356436,0.0,,,,,
0,Family,0.8,26,PersonWithASibling,0,0_0_0,0.0,0.0,0.0,0.6435643564356436,0.0,,,,,
0,Family,0.8,27,PersonWithASibling,0,0_0_0,0.0,0.0,0.0,0.6435643564356436,0.0,,,,,
0,Family,0.8,28,PersonWithASibling,0,0_0_0,0.0,0.0,0.0,0.6435643564356436,0.0,,,,,
0,Family,0.8,29,PersonWithASibling,0,0_0_0,0.0,0.0,0.0,0.6435643564356436,0.0,,,,,
0,Family,0.8,30,PersonWithASibling,0,0_0_0,0.0,0.0,0.0,0.6435643564356436,0.0,,,,,
0,Family,0.8,31,PersonWithASibling,0,0_0_0,0.0,0.0,0.0,0.6435643564356436,0.0,,,,,
0,Family,0.8,32,PersonWithASibling,0,0_0_0,0.0,0.0,0.0,0.6435643564356436,0.0,,,,,
0,Family,0.8,33,PersonWithASibling,0,0_0_0,0.0,0.0,0.0,0.6435643564356436,0.0,,,,,
0,Family,0.8,34,PersonWithASibling,0,0_0_0,0.0,0.0,0.0,0.6435643564356436,0.0,,,,,
0,Family,0.8,35,PersonWithASibling,0,0_0_0,0.0,0.0,0.0,0.6435643564356436,0.0,,,,,
0,Family,0.8,36,PersonWithASibling,0,0_0_0,0.0,0.0,0.0,0.6435643564356436,0.0,,,,,
0,Family,0.8,37,PersonWithASibling,0,0_0_0,0.0,0.0,0.0,0.6435643564356436,0.0,,,,,
0,Family,0.8,38,PersonWithASibling,0,0_0_0,0.0,0.0,0.0,0.6435643564356436,0.0,,,,,
0,Family,0.8,39,PersonWithASibling,0,0_0_0,0.0,0.0,0.0,0.6435643564356436,0.0,,,,,
0,Family,0.8,40,PersonWithASibling,0,0_0_0,0.0,0.0,0.0,0.6435643564356436,0.0,,,,,
0,Family,0.8,41,PersonWithASibling,0,0_0_0,0.0,0.0,0.0,0.6435643564356436,0.0,,,,,
0,Family,0.8,42,PersonWithASibling,0,0_0_0,0.0,0.0,0.0,0.6435643564356436,0.0,,,,,
0,Family,0.8,43,PersonWithASibling,0,0_0_0,0.0,0.0,0.0,0.6435643564356436,0.0,,,,,
0,Family,0.8,44,PersonWithASibling,0,0_0_0,0.0,0.0,0.0,0.6435643564356436,0.0,,,,,
0,Family,0.8,45,PersonWithASibling,0,0_0_0,0.0,0.0,0.0,0.6435643564356436,0.0,,,,,
0,Family,0.8,46,PersonWithASibling,0,0_0_0,0.0,0.0,0.0,0.6435643564356436,0.0,,,,,
0,Family,0.8,47,PersonWithASibling,0,0_0_0,0.0,0.0,0.0,0.6435643564356436,0.0,,,,,
0,Family,0.8,48,PersonWithASibling,0,0_0_0,0.0,0.0,0.0,0.6435643564356436,0.0,,,,,
0,Family,0.8,49,PersonWithASibling,0,0_0_0,0.0,0.0,0.0,0.6435643564356436,0.0,,,,,
0,Family,0.9,1,PersonWithASibling,0,0_0_0,0.0,0.0,0.0,0.6435643564356436,0.0,,,,,
0,Family,0.9,2,PersonWithASibling,0,0_0_0,0.0,0.0,0.0,0.6435643564356436,0.0,,,,,
0,Family,0.9,3,PersonWithASibling,0,0_0_0,0.0,0.0,0.0,0.6435643564356436,0.0,,,,,
0,Family,0.9,4,PersonWithASibling,0,0_0_0,0.0,0.0,0.0,0.6435643564356436,0.0,,,,,
0,Family,0.9,5,PersonWithASibling,0,0_0_0,0.0,0.0,0.0,0.6435643564356436,0.0,,,,,
0,Family,0.9,6,PersonWithASibling,0,0_0_0,0.0,0.0,0.0,0.6435643564356436,0.0,,,,,
0,Family,0.9,7,PersonWithASibling,0,0_0_0,0.0,0.0,0.0,0.6435643564356436,0.0,,,,,
0,Family,0.9,8,PersonWithASibling,0,0_0_0,0.0,0.0,0.0,0.6435643564356436,0.0,,,,,
0,Family,0.9,9,PersonWithASibling,0,0_0_0,0.0,0.0,0.0,0.6435643564356436,0.0,,,,,
0,Family,0.9,10,PersonWithASibling,0,0_0_0,0.0,0.0,0.0,0.6435643564356436,0.0,,,,,
0,Family,0.9,11,PersonWithASibling,0,0_0_0,0.0,0.0,0.0,0.6435643564356436,0.0,,,,,
0,Family,0.9,12,PersonWithASibling,0,0_0_0,0.0,0.0,0.0,0.6435643564356436,0.0,,,,,
0,Family,0.9,13,PersonWithASibling,0,0_0_0,0.0,0.0,0.0,0.6435643564356436,0.0,,,,,
0,Family,0.9,14,PersonWithASibling,0,0_0_0,0.0,0.0,0.0,0.6435643564356436,0.0,,,,,
0,Family,0.9,15,PersonWithASibling,0,0_0_0,0.0,0.0,0.0,0.6435643564356436,0.0,,,,,
0,Family,0.9,16,PersonWithASibling,0,0_0_0,0.0,0.0,0.0,0.6435643564356436,0.0,,,,,
0,Family,0.9,17,PersonWithASibling,0,0_0_0,0.0,0.0,0.0,0.6435643564356436,0.0,,,,,
0,Family,0.9,18,PersonWithASibling,0,0_0_0,0.0,0.0,0.0,0.6435643564356436,0.0,,,,,
0,Family,0.9,19,PersonWithASibling,0,0_0_0,0.0,0.0,0.0,0.6435643564356436,0.0,,,,,
0,Family,0.9,20,PersonWithASibling,0,0_0_0,0.0,0.0,0.0,0.6435643564356436,0.0,,,,,
0,Family,0.9,21,PersonWithASibling,0,0_0_0,0.0,0.0,0.0,0.6435643564356436,0.0,,,,,
0,Family,0.9,22,PersonWithASibling,0,0_0_0,0.0,0.0,0.0,0.6435643564356436,0.0,,,,,
0,Family,0.9,23,PersonWithASibling,0,0_0_0,0.0,0.0,0.0,0.6435643564356436,0.0,,,,,
0,Family,0.9,24,PersonWithASibling,0,0_0_0,0.0,0.0,0.0,0.6435643564356436,0.0,,,,,
0,Family,0.9,25,PersonWithASibling,0,0_0_0,0.0,0.0,0.0,0.6435643564356436,0.0,,,,,
0,Family,0.9,26,PersonWithASibling,0,0_0_0,0.0,0.0,0.0,0.6435643564356436,0.0,,,,,
0,Family,0.9,27,PersonWithASibling,0,0_0_0,0.0,0.0,0.0,0.6435643564356436,0.0,,,,,
0,Family,0.9,28,PersonWithASibling,0,0_0_0,0.0,0.0,0.0,0.6435643564356436,0.0,,,,,
0,Family,0.9,29,PersonWithASibling,0,0_0_0,0.0,0.0,0.0,0.6435643564356436,0.0,,,,,
0,Family,0.9,30,PersonWithASibling,0,0_0_0,0.0,0.0,0.0,0.6435643564356436,0.0,,,,,
0,Family,0.9,31,PersonWithASibling,0,0_0_0,0.0,0.0,0.0,0.6435643564356436,0.0,,,,,
0,Family,0.9,32,PersonWithASibling,0,0_0_0,0.0,0.0,0.0,0.6435643564356436,0.0,,,,,
0,Family,0.9,33,PersonWithASibling,0,0_0_0,0.0,0.0,0.0,0.6435643564356436,0.0,,,,,
0,Family,0.9,34,PersonWithASibling,0,0_0_0,0.0,0.0,0.0,0.6435643564356436,0.0,,,,,
0,Family,0.9,35,PersonWithASibling,0,0_0_0,0.0,0.0,0.0,0.6435643564356436,0.0,,,,,
0,Family,0.9,36,PersonWithASibling,0,0_0_0,0.0,0.0,0.0,0.6435643564356436,0.0,,,,,
0,Family,0.9,37,PersonWithASibling,0,0_0_0,0.0,0.0,0.0,0.6435643564356436,0.0,,,,,
0,Family,0.9,38,PersonWithASibling,0,0_0_0,0.0,0.0,0.0,0.6435643564356436,0.0,,,,,
0,Family,0.9,39,PersonWithASibling,0,0_0_0,0.0,0.0,0.0,0.6435643564356436,0.0,,,,,
0,Family,0.9,40,PersonWithASibling,0,0_0_0,0.0,0.0,0.0,0.6435643564356436,0.0,,,,,
0,Family,0.9,41,PersonWithASibling,0,0_0_0,0.0,0.0,0.0,0.6435643564356436,0.0,,,,,
0,Family,0.9,42,PersonWithASibling,0,0_0_0,0.0,0.0,0.0,0.6435643564356436,0.0,,,,,
0,Family,0.9,43,PersonWithASibling,0,0_0_0,0.0,0.0,0.0,0.6435643564356436,0.0,,,,,
0,Family,0.9,44,PersonWithASibling,0,0_0_0,0.0,0.0,0.0,0.6435643564356436,0.0,,,,,
0,Family,0.9,45,PersonWithASibling,0,0_0_0,0.0,0.0,0.0,0.6435643564356436,0.0,,,,,
0,Family,0.9,46,PersonWithASibling,0,0_0_0,0.0,0.0,0.0,0.6435643564356436,0.0,,,,,
0,Family,0.9,47,PersonWithASibling,0,0_0_0,0.0,0.0,0.0,0.6435643564356436,0.0,,,,,
0,Family,0.9,48,PersonWithASibling,0,0_0_0,0.0,0.0,0.0,0.6435643564356436,0.0,,,,,
0,Family,0.9,49,PersonWithASibling,0,0_0_0,0.0,0.0,0.0,0.6435643564356436,0.0,,,,,
0,Family,1.0,1,PersonWithASibling,0,0_0_0,0.0,0.0,0.0,0.6435643564356436,0.0,,,,,
0,Family,1.0,2,PersonWithASibling,0,0_0_0,0.0,0.0,0.0,0.6435643564356436,0.0,,,,,
0,Family,1.0,3,PersonWithASibling,0,0_0_0,0.0,0.0,0.0,0.6435643564356436,0.0,,,,,
0,Family,1.0,4,PersonWithASibling,0,0_0_0,0.0,0.0,0.0,0.6435643564356436,0.0,,,,,
0,Family,1.0,5,PersonWithASibling,0,0_0_0,0.0,0.0,0.0,0.6435643564356436,0.0,,,,,
0,Family,1.0,6,PersonWithASibling,0,0_0_0,0.0,0.0,0.0,0.6435643564356436,0.0,,,,,
0,Family,1.0,7,PersonWithASibling,0,0_0_0,0.0,0.0,0.0,0.6435643564356436,0.0,,,,,
0,Family,1.0,8,PersonWithASibling,0,0_0_0,0.0,0.0,0.0,0.6435643564356436,0.0,,,,,
0,Family,1.0,9,PersonWithASibling,0,0_0_0,0.0,0.0,0.0,0.6435643564356436,0.0,,,,,
0,Family,1.0,10,PersonWithASibling,0,0_0_0,0.0,0.0,0.0,0.6435643564356436,0.0,,,,,
0,Family,1.0,11,PersonWithASibling,0,0_0_0,0.0,0.0,0.0,0.6435643564356436,0.0,,,,,
0,Family,1.0,12,PersonWithASibling,0,0_0_0,0.0,0.0,0.0,0.6435643564356436,0.0,,,,,
0,Family,1.0,13,PersonWithASibling,0,0_0_0,0.0,0.0,0.0,0.6435643564356436,0.0,,,,,
0,Family,1.0,14,PersonWithASibling,0,0_0_0,0.0,0.0,0.0,0.6435643564356436,0.0,,,,,
0,Family,1.0,15,PersonWithASibling,0,0_0_0,0.0,0.0,0.0,0.6435643564356436,0.0,,,,,
0,Family,1.0,16,PersonWithASibling,0,0_0_0,0.0,0.0,0.0,0.6435643564356436,0.0,,,,,
0,Family,1.0,17,PersonWithASibling,0,0_0_0,0.0,0.0,0.0,0.6435643564356436,0.0,,,,,
0,Family,1.0,18,PersonWithASibling,0,0_0_0,0.0,0.0,0.0,0.6435643564356436,0.0,,,,,
0,Family,1.0,19,PersonWithASibling,0,0_0_0,0.0,0.0,0.0,0.6435643564356436,0.0,,,,,
0,Family,1.0,20,PersonWithASibling,0,0_0_0,0.0,0.0,0.0,0.6435643564356436,0.0,,,,,
0,Family,1.0,21,PersonWithASibling,0,0_0_0,0.0,0.0,0.0,0.6435643564356436,0.0,,,,,
0,Family,1.0,22,PersonWithASibling,0,0_0_0,0.0,0.0,0.0,0.6435643564356436,0.0,,,,,
0,Family,1.0,23,PersonWithASibling,0,0_0_0,0.0,0.0,0.0,0.6435643564356436,0.0,,,,,
0,Family,1.0,24,PersonWithASibling,0,0_0_0,0.0,0.0,0.0,0.6435643564356436,0.0,,,,,
0,Family,1.0,25,PersonWithASibling,0,0_0_0,0.0,0.0,0.0,0.6435643564356436,0.0,,,,,
0,Family,1.0,26,PersonWithASibling,0,0_0_0,0.0,0.0,0.0,0.6435643564356436,0.0,,,,,
0,Family,1.0,27,PersonWithASibling,0,0_0_0,0.0,0.0,0.0,0.6435643564356436,0.0,,,,,
0,Family,1.0,28,PersonWithASibling,0,0_0_0,0.0,0.0,0.0,0.6435643564356436,0.0,,,,,
0,Family,1.0,29,PersonWithASibling,0,0_0_0,0.0,0.0,0.0,0.6435643564356436,0.0,,,,,
0,Family,1.0,30,PersonWithASibling,0,0_0_0,0.0,0.0,0.0,0.6435643564356436,0.0,,,,,
0,Family,1.0,31,PersonWithASibling,0,0_0_0,0.0,0.0,0.0,0.6435643564356436,0.0,,,,,
0,Family,1.0,32,PersonWithASibling,0,0_0_0,0.0,0.0,0.0,0.6435643564356436,0.0,,,,,
0,Family,1.0,33,PersonWithASibling,0,0_0_0,0.0,0.0,0.0,0.6435643564356436,0.0,,,,,
0,Family,1.0,34,PersonWithASibling,0,0_0_0,0.0,0.0,0.0,0.6435643564356436,0.0,,,,,
0,Family,1.0,35,PersonWithASibling,0,0_0_0,0.0,0.0,0.0,0.6435643564356436,0.0,,,,,
0,Family,1.0,36,PersonWithASibling,0,0_0_0,0.0,0.0,0.0,0.6435643564356436,0.0,,,,,
0,Family,1.0,37,PersonWithASibling,0,0_0_0,0.0,0.0,0.0,0.6435643564356436,0.0,,,,,
0,Family,1.0,38,PersonWithASibling,0,0_0_0,0.0,0.0,0.0,0.6435643564356436,0.0,,,,,
0,Family,1.0,39,PersonWithASibling,0,0_0_0,0.0,0.0,0.0,0.6435643564356436,0.0,,,,,
0,Family,1.0,40,PersonWithASibling,0,0_0_0,0.0,0.0,0.0,0.6435643564356436,0.0,,,,,
0,Family,1.0,41,PersonWithASibling,0,0_0_0,0.0,0.0,0.0,0.6435643564356436,0.0,,,,,
0,Family,1.0,42,PersonWithASibling,0,0_0_0,0.0,0.0,0.0,0.6435643564356436,0.0,,,,,
0,Family,1.0,43,PersonWithASibling,0,0_0_0,0.0,0.0,0.0,0.6435643564356436,0.0,,,,,
0,Family,1.0,44,PersonWithASibling,0,0_0_0,0.0,0.0,0.0,0.6435643564356436,0.0,,,,,
0,Family,1.0,45,PersonWithASibling,0,0_0_0,0.0,0.0,0.0,0.6435643564356436,0.0,,,,,
0,Family,1.0,46,PersonWithASibling,0,0_0_0,0.0,0.0,0.0,0.6435643564356436,0.0,,,,,
0,Family,1.0,47,PersonWithASibling,0,0_0_0,0.0,0.0,0.0,0.6435643564356436,0.0,,,,,
0,Family,1.0,48,PersonWithASibling,0,0_0_0,0.0,0.0,0.0,0.6435643564356436,0.0,,,,,
0,Family,1.0,49,PersonWithASibling,0,0_0_0,0.0,0.0,0.0,0.6435643564356436,0.0,,,,,
0,Family,0.0,1,PersonWithASibling,50,0_0_0,0.0,0.0,0.0,0.6435643564356436,0.0,,,,,
0,Family,0.0,2,PersonWithASibling,50,0_0_0,0.0,0.0,0.0,0.6435643564356436,0.0,,,,,
0,Family,0.0,3,PersonWithASibling,50,0_0_0,0.0,0.0,0.0,0.6435643564356436,0.0,,,,,
0,Family,0.0,4,PersonWithASibling,50,0_0_0,0.0,0.0,0.0,0.6435643564356436,0.0,,,,,
0,Family,0.0,5,PersonWithASibling,50,0_0_0,0.0,0.0,0.0,0.6435643564356436,0.0,,,,,
0,Family,0.0,6,PersonWithASibling,50,0_0_0,0.0,0.0,0.0,0.6435643564356436,0.0,,,,,
0,Family,0.0,7,PersonWithASibling,50,0_0_0,0.0,0.0,0.0,0.6435643564356436,0.0,,,,,
0,Family,0.0,8,PersonWithASibling,50,0_0_0,0.0,0.0,0.0,0.6435643564356436,0.0,,,,,
0,Family,0.0,9,PersonWithASibling,50,0_0_0,0.0,0.0,0.0,0.6435643564356436,0.0,,,,,
0,Family,0.0,10,PersonWithASibling,50,0_0_0,0.0,0.0,0.0,0.6435643564356436,0.0,,,,,
0,Family,0.0,11,PersonWithASibling,50,0_0_0,0.0,0.0,0.0,0.6435643564356436,0.0,,,,,
0,Family,0.0,12,PersonWithASibling,50,0_0_0,0.0,0.0,0.0,0.6435643564356436,0.0,,,,,
0,Family,0.0,13,PersonWithASibling,50,0_0_0,0.0,0.0,0.0,0.6435643564356436,0.0,,,,,
0,Family,0.0,14,PersonWithASibling,50,0_0_0,0.0,0.0,0.0,0.6435643564356436,0.0,,,,,
0,Family,0.0,15,PersonWithASibling,50,0_0_0,0.0,0.0,0.0,0.6435643564356436,0.0,,,,,
0,Family,0.0,16,PersonWithASibling,50,0_0_0,0.0,0.0,0.0,0.6435643564356436,0.0,,,,,
0,Family,0.0,17,PersonWithASibling,50,0_0_0,0.0,0.0,0.0,0.6435643564356436,0.0,,,,,
0,Family,0.0,18,PersonWithASibling,50,0_0_0,0.0,0.0,0.0,0.6435643564356436,0.0,,,,,
0,Family,0.0,19,PersonWithASibling,50,0_0_0,0.0,0.0,0.0,0.6435643564356436,0.0,,,,,
0,Family,0.0,20,PersonWithASibling,50,0_0_0,0.0,0.0,0.0,0.6435643564356436,0.0,,,,,
0,Family,0.0,21,PersonWithASibling,50,0_0_0,0.0,0.0,0.0,0.6435643564356436,0.0,,,,,
0,Family,0.0,22,PersonWithASibling,50,0_0_0,0.0,0.0,0.0,0.6435643564356436,0.0,,,,,
0,Family,0.0,23,PersonWithASibling,50,0_0_0,0.0,0.0,0.0,0.6435643564356436,0.0,,,,,
0,Family,0.0,24,PersonWithASibling,50,0_0_0,0.0,0.0,0.0,0.6435643564356436,0.0,,,,,
0,Family,0.0,25,PersonWithASibling,50,0_0_0,0.0,0.0,0.0,0.6435643564356436,0.0,,,,,
0,Family,0.0,26,PersonWithASibling,50,0_0_0,0.0,0.0,0.0,0.6435643564356436,0.0,,,,,
0,Family,0.0,27,PersonWithASibling,50,0_0_0,0.0,0.0,0.0,0.6435643564356436,0.0,,,,,
0,Family,0.0,28,PersonWithASibling,50,0_0_0,0.0,0.0,0.0,0.6435643564356436,0.0,,,,,
0,Family,0.0,29,PersonWithASibling,50,0_0_0,0.0,0.0,0.0,0.6435643564356436,0.0,,,,,
0,Family,0.0,30,PersonWithASibling,50,0_0_0,0.0,0.0,0.0,0.6435643564356436,0.0,,,,,
0,Family,0.0,31,PersonWithASibling,50,0_0_0,0.0,0.0,0.0,0.6435643564356436,0.0,,,,,
0,Family,0.0,32,PersonWithASibling,50,0_0_0,0.0,0.0,0.0,0.6435643564356436,0.0,,,,,
0,Family,0.0,33,PersonWithASibling,50,0_0_0,0.0,0.0,0.0,0.6435643564356436,0.0,,,,,
0,Family,0.0,34,PersonWithASibling,50,0_0_0,0.0,0.0,0.0,0.6435643564356436,0.0,,,,,
0,Family,0.0,35,PersonWithASibling,50,0_0_0,0.0,0.0,0.0,0.6435643564356436,0.0,,,,,
0,Family,0.0,36,PersonWithASibling,50,0_0_0,0.0,0.0,0.0,0.6435643564356436,0.0,,,,,
0,Family,0.0,37,PersonWithASibling,50,0_0_0,0.0,0.0,0.0,0.6435643564356436,0.0,,,,,
0,Family,0.0,38,PersonWithASibling,50,0_0_0,0.0,0.0,0.0,0.6435643564356436,0.0,,,,,
0,Family,0.0,39,PersonWithASibling,50,0_0_0,0.0,0.0,0.0,0.6435643564356436,0.0,,,,,
0,Family,0.0,40,PersonWithASibling,50,0_0_0,0.0,0.0,0.0,0.6435643564356436,0.0,,,,,
0,Family,0.0,41,PersonWithASibling,50,0_0_0,0.0,0.0,0.0,0.6435643564356436,0.0,,,,,
0,Family,0.0,42,PersonWithASibling,50,0_0_0,0.0,0.0,0.0,0.6435643564356436,0.0,,,,,
0,Family,0.0,43,PersonWithASibling,50,0_0_0,0.0,0.0,0.0,0.6435643564356436,0.0,,,,,
0,Family,0.0,44,PersonWithASibling,50,0_0_0,0.0,0.0,0.0,0.6435643564356436,0.0,,,,,
0,Family,0.0,45,PersonWithASibling,50,0_0_0,0.0,0.0,0.0,0.6435643564356436,0.0,,,,,
0,Family,0.0,46,PersonWithASibling,50,0_0_0,0.0,0.0,0.0,0.6435643564356436,0.0,,,,,
0,Family,0.0,47,PersonWithASibling,50,0_0_0,0.0,0.0,0.0,0.6435643564356436,0.0,,,,,
0,Family,0.0,48,PersonWithASibling,50,0_0_0,0.0,0.0,0.0,0.6435643564356436,0.0,,,,,
0,Family,0.0,49,PersonWithASibling,50,0_0_0,0.0,0.0,0.0,0.6435643564356436,0.0,,,,,
0,Family,0.1,1,PersonWithASibling,50,0_0_0,0.0,0.0,0.0,0.6435643564356436,0.0,,,,,
0,Family,0.1,2,PersonWithASibling,50,0_0_0,0.0,0.0,0.0,0.6435643564356436,0.0,,,,,
0,Family,0.1,3,PersonWithASibling,50,0_0_0,0.0,0.0,0.0,0.6435643564356436,0.0,,,,,
0,Family,0.1,4,PersonWithASibling,50,0_0_0,0.0,0.0,0.0,0.6435643564356436,0.0,,,,,
0,Family,0.1,5,PersonWithASibling,50,0_0_0,0.0,0.0,0.0,0.6435643564356436,0.0,,,,,
0,Family,0.1,6,PersonWithASibling,50,0_0_0,0.0,0.0,0.0,0.6435643564356436,0.0,,,,,
0,Family,0.1,7,PersonWithASibling,50,0_0_0,0.0,0.0,0.0,0.6435643564356436,0.0,,,,,
0,Family,0.1,8,PersonWithASibling,50,0_0_0,0.0,0.0,0.0,0.6435643564356436,0.0,,,,,
0,Family,0.1,9,PersonWithASibling,50,0_0_0,0.0,0.0,0.0,0.6435643564356436,0.0,,,,,
0,Family,0.1,10,PersonWithASibling,50,0_0_0,0.0,0.0,0.0,0.6435643564356436,0.0,,,,,
0,Family,0.1,11,PersonWithASibling,50,0_0_0,0.0,0.0,0.0,0.6435643564356436,0.0,,,,,
0,Family,0.1,12,PersonWithASibling,50,0_0_0,0.0,0.0,0.0,0.6435643564356436,0.0,,,,,
0,Family,0.1,13,PersonWithASibling,50,0_0_0,0.0,0.0,0.0,0.6435643564356436,0.0,,,,,
0,Family,0.1,14,PersonWithASibling,50,0_0_0,0.0,0.0,0.0,0.6435643564356436,0.0,,,,,
0,Family,0.1,15,PersonWithASibling,50,0_0_0,0.0,0.0,0.0,0.6435643564356436,0.0,,,,,
0,Family,0.1,16,PersonWithASibling,50,0_0_0,0.0,0.0,0.0,0.6435643564356436,0.0,,,,,
0,Family,0.1,17,PersonWithASibling,50,0_0_0,0.0,0.0,0.0,0.6435643564356436,0.0,,,,,
0,Family,0.1,18,PersonWithASibling,50,0_0_0,0.0,0.0,0.0,0.6435643564356436,0.0,,,,,
0,Family,0.1,19,PersonWithASibling,50,0_0_0,0.0,0.0,0.0,0.6435643564356436,0.0,,,,,
0,Family,0.1,20,PersonWithASibling,50,0_0_0,0.0,0.0,0.0,0.6435643564356436,0.0,,,,,
0,Family,0.1,21,PersonWithASibling,50,0_0_0,0.0,0.0,0.0,0.6435643564356436,0.0,,,,,
0,Family,0.1,22,PersonWithASibling,50,0_0_0,0.0,0.0,0.0,0.6435643564356436,0.0,,,,,
0,Family,0.1,23,PersonWithASibling,50,0_0_0,0.0,0.0,0.0,0.6435643564356436,0.0,,,,,
0,Family,0.1,24,PersonWithASibling,50,0_0_0,0.0,0.0,0.0,0.6435643564356436,0.0,,,,,
0,Family,0.1,25,PersonWithASibling,50,0_0_0,0.0,0.0,0.0,0.6435643564356436,0.0,,,,,
0,Family,0.1,26,PersonWithASibling,50,0_0_0,0.0,0.0,0.0,0.6435643564356436,0.0,,,,,
0,Family,0.1,27,PersonWithASibling,50,0_0_0,0.0,0.0,0.0,0.6435643564356436,0.0,,,,,
0,Family,0.1,28,PersonWithASibling,50,0_0_0,0.0,0.0,0.0,0.6435643564356436,0.0,,,,,
0,Family,0.1,29,PersonWithASibling,50,0_0_0,0.0,0.0,0.0,0.6435643564356436,0.0,,,,,
0,Family,0.1,30,PersonWithASibling,50,0_0_0,0.0,0.0,0.0,0.6435643564356436,0.0,,,,,
0,Family,0.1,31,PersonWithASibling,50,0_0_0,0.0,0.0,0.0,0.6435643564356436,0.0,,,,,
0,Family,0.1,32,PersonWithASibling,50,0_0_0,0.0,0.0,0.0,0.6435643564356436,0.0,,,,,
0,Family,0.1,33,PersonWithASibling,50,0_0_0,0.0,0.0,0.0,0.6435643564356436,0.0,,,,,
0,Family,0.1,34,PersonWithASibling,50,0_0_0,0.0,0.0,0.0,0.6435643564356436,0.0,,,,,
0,Family,0.1,35,PersonWithASibling,50,0_0_0,0.0,0.0,0.0,0.6435643564356436,0.0,,,,,
0,Family,0.1,36,PersonWithASibling,50,0_0_0,0.0,0.0,0.0,0.6435643564356436,0.0,,,,,
0,Family,0.1,37,PersonWithASibling,50,0_0_0,0.0,0.0,0.0,0.6435643564356436,0.0,,,,,
0,Family,0.1,38,PersonWithASibling,50,0_0_0,0.0,0.0,0.0,0.6435643564356436,0.0,,,,,
0,Family,0.1,39,PersonWithASibling,50,0_0_0,0.0,0.0,0.0,0.6435643564356436,0.0,,,,,
0,Family,0.1,40,PersonWithASibling,50,0_0_0,0.0,0.0,0.0,0.6435643564356436,0.0,,,,,
0,Family,0.1,41,PersonWithASibling,50,0_0_0,0.0,0.0,0.0,0.6435643564356436,0.0,,,,,
0,Family,0.1,42,PersonWithASibling,50,0_0_0,0.0,0.0,0.0,0.6435643564356436,0.0,,,,,
0,Family,0.1,43,PersonWithASibling,50,0_0_0,0.0,0.0,0.0,0.6435643564356436,0.0,,,,,
0,Family,0.1,44,PersonWithASibling,50,0_0_0,0.0,0.0,0.0,0.6435643564356436,0.0,,,,,
0,Family,0.1,45,PersonWithASibling,50,0_0_0,0.0,0.0,0.0,0.6435643564356436,0.0,,,,,
0,Family,0.1,46,PersonWithASibling,50,0_0_0,0.0,0.0,0.0,0.6435643564356436,0.0,,,,,
0,Family,0.1,47,PersonWithASibling,50,0_0_0,0.0,0.0,0.0,0.6435643564356436,0.0,,,,,
0,Family,0.1,48,PersonWithASibling,50,0_0_0,0.0,0.0,0.0,0.6435643564356436,0.0,,,,,
0,Family,0.1,49,PersonWithASibling,50,0_0_0,0.0,0.0,0.0,0.6435643564356436,0.0,,,,,
0,Family,0.2,1,PersonWithASibling,50,0_0_0,0.0,0.0,0.0,0.6435643564356436,0.0,,,,,
0,Family,0.2,2,PersonWithASibling,50,0_0_0,0.0,0.0,0.0,0.6435643564356436,0.0,,,,,
0,Family,0.2,3,PersonWithASibling,50,0_0_0,0.0,0.0,0.0,0.6435643564356436,0.0,,,,,
0,Family,0.2,4,PersonWithASibling,50,0_0_0,0.0,0.0,0.0,0.6435643564356436,0.0,,,,,
0,Family,0.2,5,PersonWithASibling,50,0_0_0,0.0,0.0,0.0,0.6435643564356436,0.0,,,,,
0,Family,0.2,6,PersonWithASibling,50,0_0_0,0.0,0.0,0.0,0.6435643564356436,0.0,,,,,
0,Family,0.2,7,PersonWithASibling,50,0_0_0,0.0,0.0,0.0,0.6435643564356436,0.0,,,,,
0,Family,0.2,8,PersonWithASibling,50,0_0_0,0.0,0.0,0.0,0.6435643564356436,0.0,,,,,
0,Family,0.2,9,PersonWithASibling,50,0_0_0,0.0,0.0,0.0,0.6435643564356436,0.0,,,,,
0,Family,0.2,10,PersonWithASibling,50,0_0_0,0.0,0.0,0.0,0.6435643564356436,0.0,,,,,
0,Family,0.2,11,PersonWithASibling,50,0_0_0,0.0,0.0,0.0,0.6435643564356436,0.0,,,,,
0,Family,0.2,12,PersonWithASibling,50,0_0_0,0.0,0.0,0.0,0.6435643564356436,0.0,,,,,
0,Family,0.2,13,PersonWithASibling,50,0_0_0,0.0,0.0,0.0,0.6435643564356436,0.0,,,,,
0,Family,0.2,14,PersonWithASibling,50,0_0_0,0.0,0.0,0.0,0.6435643564356436,0.0,,,,,
0,Family,0.2,15,PersonWithASibling,50,0_0_0,0.0,0.0,0.0,0.6435643564356436,0.0,,,,,
0,Family,0.2,16,PersonWithASibling,50,0_0_0,0.0,0.0,0.0,0.6435643564356436,0.0,,,,,
0,Family,0.2,17,PersonWithASibling,50,0_0_0,0.0,0.0,0.0,0.6435643564356436,0.0,,,,,
0,Family,0.2,18,PersonWithASibling,50,0_0_0,0.0,0.0,0.0,0.6435643564356436,0.0,,,,,
0,Family,0.2,19,PersonWithASibling,50,0_0_0,0.0,0.0,0.0,0.6435643564356436,0.0,,,,,
0,Family,0.2,20,PersonWithASibling,50,0_0_0,0.0,0.0,0.0,0.6435643564356436,0.0,,,,,
0,Family,0.2,21,PersonWithASibling,50,0_0_0,0.0,0.0,0.0,0.6435643564356436,0.0,,,,,
0,Family,0.2,22,PersonWithASibling,50,0_0_0,0.0,0.0,0.0,0.6435643564356436,0.0,,,,,
0,Family,0.2,23,PersonWithASibling,50,0_0_0,0.0,0.0,0.0,0.6435643564356436,0.0,,,,,
0,Family,0.2,24,PersonWithASibling,50,0_0_0,0.0,0.0,0.0,0.6435643564356436,0.0,,,,,
0,Family,0.2,25,PersonWithASibling,50,0_0_0,0.0,0.0,0.0,0.6435643564356436,0.0,,,,,
0,Family,0.2,26,PersonWithASibling,50,0_0_0,0.0,0.0,0.0,0.6435643564356436,0.0,,,,,
0,Family,0.2,27,PersonWithASibling,50,0_0_0,0.0,0.0,0.0,0.6435643564356436,0.0,,,,,
0,Family,0.2,28,PersonWithASibling,50,0_0_0,0.0,0.0,0.0,0.6435643564356436,0.0,,,,,
0,Family,0.2,29,PersonWithASibling,50,0_0_0,0.0,0.0,0.0,0.6435643564356436,0.0,,,,,
0,Family,0.2,30,PersonWithASibling,50,0_0_0,0.0,0.0,0.0,0.6435643564356436,0.0,,,,,
0,Family,0.2,31,PersonWithASibling,50,0_0_0,0.0,0.0,0.0,0.6435643564356436,0.0,,,,,
0,Family,0.2,32,PersonWithASibling,50,0_0_0,0.0,0.0,0.0,0.6435643564356436,0.0,,,,,
0,Family,0.2,33,PersonWithASibling,50,0_0_0,0.0,0.0,0.0,0.6435643564356436,0.0,,,,,
0,Family,0.2,34,PersonWithASibling,50,0_0_0,0.0,0.0,0.0,0.6435643564356436,0.0,,,,,
0,Family,0.2,35,PersonWithASibling,50,0_0_0,0.0,0.0,0.0,0.6435643564356436,0.0,,,,,
0,Family,0.2,36,PersonWithASibling,50,0_0_0,0.0,0.0,0.0,0.6435643564356436,0.0,,,,,
0,Family,0.2,37,PersonWithASibling,50,0_0_0,0.0,0.0,0.0,0.6435643564356436,0.0,,,,,
0,Family,0.2,38,PersonWithASibling,50,0_0_0,0.0,0.0,0.0,0.6435643564356436,0.0,,,,,
0,Family,0.2,39,PersonWithASibling,50,0_0_0,0.0,0.0,0.0,0.6435643564356436,0.0,,,,,
0,Family,0.2,40,PersonWithASibling,50,0_0_0,0.0,0.0,0.0,0.6435643564356436,0.0,,,,,
0,Family,0.2,41,PersonWithASibling,50,0_0_0,0.0,0.0,0.0,0.6435643564356436,0.0,,,,,
0,Family,0.2,42,PersonWithASibling,50,0_0_0,0.0,0.0,0.0,0.6435643564356436,0.0,,,,,
0,Family,0.2,43,PersonWithASibling,50,0_0_0,0.0,0.0,0.0,0.6435643564356436,0.0,,,,,
0,Family,0.2,44,PersonWithASibling,50,0_0_0,0.0,0.0,0.0,0.6435643564356436,0.0,,,,,
0,Family,0.2,45,PersonWithASibling,50,0_0_0,0.0,0.0,0.0,0.6435643564356436,0.0,,,,,
0,Family,0.2,46,PersonWithASibling,50,0_0_0,0.0,0.0,0.0,0.6435643564356436,0.0,,,,,
0,Family,0.2,47,PersonWithASibling,50,0_0_0,0.0,0.0,0.0,0.6435643564356436,0.0,,,,,
0,Family,0.2,48,PersonWithASibling,50,0_0_0,0.0,0.0,0.0,0.6435643564356436,0.0,,,,,
0,Family,0.2,49,PersonWithASibling,50,0_0_0,0.0,0.0,0.0,0.6435643564356436,0.0,,,,,
0,Family,0.3,1,PersonWithASibling,50,0_0_0,0.0,0.0,0.0,0.6435643564356436,0.0,,,,,
0,Family,0.3,2,PersonWithASibling,50,0_0_0,0.0,0.0,0.0,0.6435643564356436,0.0,,,,,
0,Family,0.3,3,PersonWithASibling,50,0_0_0,0.0,0.0,0.0,0.6435643564356436,0.0,,,,,
0,Family,0.3,4,PersonWithASibling,50,0_0_0,0.0,0.0,0.0,0.6435643564356436,0.0,,,,,
0,Family,0.3,5,PersonWithASibling,50,0_0_0,0.0,0.0,0.0,0.6435643564356436,0.0,,,,,
0,Family,0.3,6,PersonWithASibling,50,0_0_0,0.0,0.0,0.0,0.6435643564356436,0.0,,,,,
0,Family,0.3,7,PersonWithASibling,50,0_0_0,0.0,0.0,0.0,0.6435643564356436,0.0,,,,,
0,Family,0.3,8,PersonWithASibling,50,0_0_0,0.0,0.0,0.0,0.6435643564356436,0.0,,,,,
0,Family,0.3,9,PersonWithASibling,50,0_0_0,0.0,0.0,0.0,0.6435643564356436,0.0,,,,,
0,Family,0.3,10,PersonWithASibling,50,0_0_0,0.0,0.0,0.0,0.6435643564356436,0.0,,,,,
0,Family,0.3,11,PersonWithASibling,50,0_0_0,0.0,0.0,0.0,0.6435643564356436,0.0,,,,,
0,Family,0.3,12,PersonWithASibling,50,0_0_0,0.0,0.0,0.0,0.6435643564356436,0.0,,,,,
0,Family,0.3,13,PersonWithASibling,50,0_0_0,0.0,0.0,0.0,0.6435643564356436,0.0,,,,,
0,Family,0.3,14,PersonWithASibling,50,0_0_0,0.0,0.0,0.0,0.6435643564356436,0.0,,,,,
0,Family,0.3,15,PersonWithASibling,50,0_0_0,0.0,0.0,0.0,0.6435643564356436,0.0,,,,,
0,Family,0.3,16,PersonWithASibling,50,0_0_0,0.0,0.0,0.0,0.6435643564356436,0.0,,,,,
0,Family,0.3,17,PersonWithASibling,50,0_0_0,0.0,0.0,0.0,0.6435643564356436,0.0,,,,,
0,Family,0.3,18,PersonWithASibling,50,0_0_0,0.0,0.0,0.0,0.6435643564356436,0.0,,,,,
0,Family,0.3,19,PersonWithASibling,50,0_0_0,0.0,0.0,0.0,0.6435643564356436,0.0,,,,,
0,Family,0.3,20,PersonWithASibling,50,0_0_0,0.0,0.0,0.0,0.6435643564356436,0.0,,,,,
0,Family,0.3,21,PersonWithASibling,50,0_0_0,0.0,0.0,0.0,0.6435643564356436,0.0,,,,,
0,Family,0.3,22,PersonWithASibling,50,0_0_0,0.0,0.0,0.0,0.6435643564356436,0.0,,,,,
0,Family,0.3,23,PersonWithASibling,50,0_0_0,0.0,0.0,0.0,0.6435643564356436,0.0,,,,,
0,Family,0.3,24,PersonWithASibling,50,0_0_0,0.0,0.0,0.0,0.6435643564356436,0.0,,,,,
0,Family,0.3,25,PersonWithASibling,50,0_0_0,0.0,0.0,0.0,0.6435643564356436,0.0,,,,,
0,Family,0.3,26,PersonWithASibling,50,0_0_0,0.0,0.0,0.0,0.6435643564356436,0.0,,,,,
0,Family,0.3,27,PersonWithASibling,50,0_0_0,0.0,0.0,0.0,0.6435643564356436,0.0,,,,,
0,Family,0.3,28,PersonWithASibling,50,0_0_0,0.0,0.0,0.0,0.6435643564356436,0.0,,,,,
0,Family,0.3,29,PersonWithASibling,50,0_0_0,0.0,0.0,0.0,0.6435643564356436,0.0,,,,,
0,Family,0.3,30,PersonWithASibling,50,0_0_0,0.0,0.0,0.0,0.6435643564356436,0.0,,,,,
0,Family,0.3,31,PersonWithASibling,50,0_0_0,0.0,0.0,0.0,0.6435643564356436,0.0,,,,,
0,Family,0.3,32,PersonWithASibling,50,0_0_0,0.0,0.0,0.0,0.6435643564356436,0.0,,,,,
0,Family,0.3,33,PersonWithASibling,50,0_0_0,0.0,0.0,0.0,0.6435643564356436,0.0,,,,,
0,Family,0.3,34,PersonWithASibling,50,0_0_0,0.0,0.0,0.0,0.6435643564356436,0.0,,,,,
0,Family,0.3,35,PersonWithASibling,50,0_0_0,0.0,0.0,0.0,0.6435643564356436,0.0,,,,,
0,Family,0.3,36,PersonWithASibling,50,0_0_0,0.0,0.0,0.0,0.6435643564356436,0.0,,,,,
0,Family,0.3,37,PersonWithASibling,50,0_0_0,0.0,0.0,0.0,0.6435643564356436,0.0,,,,,
0,Family,0.3,38,PersonWithASibling,50,0_0_0,0.0,0.0,0.0,0.6435643564356436,0.0,,,,,
0,Family,0.3,39,PersonWithASibling,50,0_0_0,0.0,0.0,0.0,0.6435643564356436,0.0,,,,,
0,Family,0.3,40,PersonWithASibling,50,0_0_0,0.0,0.0,0.0,0.6435643564356436,0.0,,,,,
0,Family,0.3,41,PersonWithASibling,50,0_0_0,0.0,0.0,0.0,0.6435643564356436,0.0,,,,,
0,Family,0.3,42,PersonWithASibling,50,0_0_0,0.0,0.0,0.0,0.6435643564356436,0.0,,,,,
0,Family,0.3,43,PersonWithASibling,50,0_0_0,0.0,0.0,0.0,0.6435643564356436,0.0,,,,,
0,Family,0.3,44,PersonWithASibling,50,0_0_0,0.0,0.0,0.0,0.6435643564356436,0.0,,,,,
0,Family,0.3,45,PersonWithASibling,50,0_0_0,0.0,0.0,0.0,0.6435643564356436,0.0,,,,,
0,Family,0.3,46,PersonWithASibling,50,0_0_0,0.0,0.0,0.0,0.6435643564356436,0.0,,,,,
0,Family,0.3,47,PersonWithASibling,50,0_0_0,0.0,0.0,0.0,0.6435643564356436,0.0,,,,,
0,Family,0.3,48,PersonWithASibling,50,0_0_0,0.0,0.0,0.0,0.6435643564356436,0.0,,,,,
0,Family,0.3,49,PersonWithASibling,50,0_0_0,0.0,0.0,0.0,0.6435643564356436,0.0,,,,,
0,Family,0.4,1,PersonWithASibling,50,0_0_0,0.0,0.0,0.0,0.6435643564356436,0.0,,,,,
0,Family,0.4,2,PersonWithASibling,50,0_0_0,0.0,0.0,0.0,0.6435643564356436,0.0,,,,,
0,Family,0.4,3,PersonWithASibling,50,0_0_0,0.0,0.0,0.0,0.6435643564356436,0.0,,,,,
0,Family,0.4,4,PersonWithASibling,50,0_0_0,0.0,0.0,0.0,0.6435643564356436,0.0,,,,,
0,Family,0.4,5,PersonWithASibling,50,0_0_0,0.0,0.0,0.0,0.6435643564356436,0.0,,,,,
0,Family,0.4,6,PersonWithASibling,50,0_0_0,0.0,0.0,0.0,0.6435643564356436,0.0,,,,,
0,Family,0.4,7,PersonWithASibling,50,0_0_0,0.0,0.0,0.0,0.6435643564356436,0.0,,,,,
0,Family,0.4,8,PersonWithASibling,50,0_0_0,0.0,0.0,0.0,0.6435643564356436,0.0,,,,,
0,Family,0.4,9,PersonWithASibling,50,0_0_0,0.0,0.0,0.0,0.6435643564356436,0.0,,,,,
0,Family,0.4,10,PersonWithASibling,50,0_0_0,0.0,0.0,0.0,0.6435643564356436,0.0,,,,,
0,Family,0.4,11,PersonWithASibling,50,0_0_0,0.0,0.0,0.0,0.6435643564356436,0.0,,,,,
0,Family,0.4,12,PersonWithASibling,50,0_0_0,0.0,0.0,0.0,0.6435643564356436,0.0,,,,,
0,Family,0.4,13,PersonWithASibling,50,0_0_0,0.0,0.0,0.0,0.6435643564356436,0.0,,,,,
0,Family,0.4,14,PersonWithASibling,50,0_0_0,0.0,0.0,0.0,0.6435643564356436,0.0,,,,,
0,Family,0.4,15,PersonWithASibling,50,0_0_0,0.0,0.0,0.0,0.6435643564356436,0.0,,,,,
0,Family,0.4,16,PersonWithASibling,50,0_0_0,0.0,0.0,0.0,0.6435643564356436,0.0,,,,,
0,Family,0.4,17,PersonWithASibling,50,0_0_0,0.0,0.0,0.0,0.6435643564356436,0.0,,,,,
0,Family,0.4,18,PersonWithASibling,50,0_0_0,0.0,0.0,0.0,0.6435643564356436,0.0,,,,,
0,Family,0.4,19,PersonWithASibling,50,0_0_0,0.0,0.0,0.0,0.6435643564356436,0.0,,,,,
0,Family,0.4,20,PersonWithASibling,50,0_0_0,0.0,0.0,0.0,0.6435643564356436,0.0,,,,,
0,Family,0.4,21,PersonWithASibling,50,0_0_0,0.0,0.0,0.0,0.6435643564356436,0.0,,,,,
0,Family,0.4,22,PersonWithASibling,50,0_0_0,0.0,0.0,0.0,0.6435643564356436,0.0,,,,,
0,Family,0.4,23,PersonWithASibling,50,0_0_0,0.0,0.0,0.0,0.6435643564356436,0.0,,,,,
0,Family,0.4,24,PersonWithASibling,50,0_0_0,0.0,0.0,0.0,0.6435643564356436,0.0,,,,,
0,Family,0.4,25,PersonWithASibling,50,0_0_0,0.0,0.0,0.0,0.6435643564356436,0.0,,,,,
0,Family,0.4,26,PersonWithASibling,50,0_0_0,0.0,0.0,0.0,0.6435643564356436,0.0,,,,,
0,Family,0.4,27,PersonWithASibling,50,0_0_0,0.0,0.0,0.0,0.6435643564356436,0.0,,,,,
0,Family,0.4,28,PersonWithASibling,50,0_0_0,0.0,0.0,0.0,0.6435643564356436,0.0,,,,,
0,Family,0.4,29,PersonWithASibling,50,0_0_0,0.0,0.0,0.0,0.6435643564356436,0.0,,,,,
0,Family,0.4,30,PersonWithASibling,50,0_0_0,0.0,0.0,0.0,0.6435643564356436,0.0,,,,,
0,Family,0.4,31,PersonWithASibling,50,0_0_0,0.0,0.0,0.0,0.6435643564356436,0.0,,,,,
0,Family,0.4,32,PersonWithASibling,50,0_0_0,0.0,0.0,0.0,0.6435643564356436,0.0,,,,,
0,Family,0.4,33,PersonWithASibling,50,0_0_0,0.0,0.0,0.0,0.6435643564356436,0.0,,,,,
0,Family,0.4,34,PersonWithASibling,50,0_0_0,0.0,0.0,0.0,0.6435643564356436,0.0,,,,,
0,Family,0.4,35,PersonWithASibling,50,0_0_0,0.0,0.0,0.0,0.6435643564356436,0.0,,,,,
0,Family,0.4,36,PersonWithASibling,50,0_0_0,0.0,0.0,0.0,0.6435643564356436,0.0,,,,,
0,Family,0.4,37,PersonWithASibling,50,0_0_0,0.0,0.0,0.0,0.6435643564356436,0.0,,,,,
0,Family,0.4,38,PersonWithASibling,50,0_0_0,0.0,0.0,0.0,0.6435643564356436,0.0,,,,,
0,Family,0.4,39,PersonWithASibling,50,0_0_0,0.0,0.0,0.0,0.6435643564356436,0.0,,,,,
0,Family,0.4,40,PersonWithASibling,50,0_0_0,0.0,0.0,0.0,0.6435643564356436,0.0,,,,,
0,Family,0.4,41,PersonWithASibling,50,0_0_0,0.0,0.0,0.0,0.6435643564356436,0.0,,,,,
0,Family,0.4,42,PersonWithASibling,50,0_0_0,0.0,0.0,0.0,0.6435643564356436,0.0,,,,,
0,Family,0.4,43,PersonWithASibling,50,0_0_0,0.0,0.0,0.0,0.6435643564356436,0.0,,,,,
0,Family,0.4,44,PersonWithASibling,50,0_0_0,0.0,0.0,0.0,0.6435643564356436,0.0,,,,,
0,Family,0.4,45,PersonWithASibling,50,0_0_0,0.0,0.0,0.0,0.6435643564356436,0.0,,,,,
0,Family,0.4,46,PersonWithASibling,50,0_0_0,0.0,0.0,0.0,0.6435643564356436,0.0,,,,,
0,Family,0.4,47,PersonWithASibling,50,0_0_0,0.0,0.0,0.0,0.6435643564356436,0.0,,,,,
0,Family,0.4,48,PersonWithASibling,50,0_0_0,0.0,0.0,0.0,0.6435643564356436,0.0,,,,,
0,Family,0.4,49,PersonWithASibling,50,0_0_0,0.0,0.0,0.0,0.6435643564356436,0.0,,,,,
0,Family,0.5,1,PersonWithASibling,50,0_0_0,0.0,0.0,0.0,0.6435643564356436,0.0,,,,,
0,Family,0.5,2,PersonWithASibling,50,0_0_0,0.0,0.0,0.0,0.6435643564356436,0.0,,,,,
0,Family,0.5,3,PersonWithASibling,50,0_0_0,0.0,0.0,0.0,0.6435643564356436,0.0,,,,,
0,Family,0.5,4,PersonWithASibling,50,0_0_0,0.0,0.0,0.0,0.6435643564356436,0.0,,,,,
0,Family,0.5,5,PersonWithASibling,50,0_0_0,0.0,0.0,0.0,0.6435643564356436,0.0,,,,,
0,Family,0.5,6,PersonWithASibling,50,0_0_0,0.0,0.0,0.0,0.6435643564356436,0.0,,,,,
0,Family,0.5,7,PersonWithASibling,50,0_0_0,0.0,0.0,0.0,0.6435643564356436,0.0,,,,,
0,Family,0.5,8,PersonWithASibling,50,0_0_0,0.0,0.0,0.0,0.6435643564356436,0.0,,,,,
0,Family,0.5,9,PersonWithASibling,50,0_0_0,0.0,0.0,0.0,0.6435643564356436,0.0,,,,,
0,Family,0.5,10,PersonWithASibling,50,0_0_0,0.0,0.0,0.0,0.6435643564356436,0.0,,,,,
0,Family,0.5,11,PersonWithASibling,50,0_0_0,0.0,0.0,0.0,0.6435643564356436,0.0,,,,,
0,Family,0.5,12,PersonWithASibling,50,0_0_0,0.0,0.0,0.0,0.6435643564356436,0.0,,,,,
0,Family,0.5,13,PersonWithASibling,50,0_0_0,0.0,0.0,0.0,0.6435643564356436,0.0,,,,,
0,Family,0.5,14,PersonWithASibling,50,0_0_0,0.0,0.0,0.0,0.6435643564356436,0.0,,,,,
0,Family,0.5,15,PersonWithASibling,50,0_0_0,0.0,0.0,0.0,0.6435643564356436,0.0,,,,,
0,Family,0.5,16,PersonWithASibling,50,0_0_0,0.0,0.0,0.0,0.6435643564356436,0.0,,,,,
0,Family,0.5,17,PersonWithASibling,50,0_0_0,0.0,0.0,0.0,0.6435643564356436,0.0,,,,,
0,Family,0.5,18,PersonWithASibling,50,0_0_0,0.0,0.0,0.0,0.6435643564356436,0.0,,,,,
0,Family,0.5,19,PersonWithASibling,50,0_0_0,0.0,0.0,0.0,0.6435643564356436,0.0,,,,,
0,Family,0.5,20,PersonWithASibling,50,0_0_0,0.0,0.0,0.0,0.6435643564356436,0.0,,,,,
0,Family,0.5,21,PersonWithASibling,50,0_0_0,0.0,0.0,0.0,0.6435643564356436,0.0,,,,,
0,Family,0.5,22,PersonWithASibling,50,0_0_0,0.0,0.0,0.0,0.6435643564356436,0.0,,,,,
0,Family,0.5,23,PersonWithASibling,50,0_0_0,0.0,0.0,0.0,0.6435643564356436,0.0,,,,,
0,Family,0.5,24,PersonWithASibling,50,0_0_0,0.0,0.0,0.0,0.6435643564356436,0.0,,,,,
0,Family,0.5,25,PersonWithASibling,50,0_0_0,0.0,0.0,0.0,0.6435643564356436,0.0,,,,,
0,Family,0.5,26,PersonWithASibling,50,0_0_0,0.0,0.0,0.0,0.6435643564356436,0.0,,,,,
0,Family,0.5,27,PersonWithASibling,50,0_0_0,0.0,0.0,0.0,0.6435643564356436,0.0,,,,,
0,Family,0.5,28,PersonWithASibling,50,0_0_0,0.0,0.0,0.0,0.6435643564356436,0.0,,,,,
0,Family,0.5,29,PersonWithASibling,50,0_0_0,0.0,0.0,0.0,0.6435643564356436,0.0,,,,,
0,Family,0.5,30,PersonWithASibling,50,0_0_0,0.0,0.0,0.0,0.6435643564356436,0.0,,,,,
0,Family,0.5,31,PersonWithASibling,50,0_0_0,0.0,0.0,0.0,0.6435643564356436,0.0,,,,,
0,Family,0.5,32,PersonWithASibling,50,0_0_0,0.0,0.0,0.0,0.6435643564356436,0.0,,,,,
0,Family,0.5,33,PersonWithASibling,50,0_0_0,0.0,0.0,0.0,0.6435643564356436,0.0,,,,,
0,Family,0.5,34,PersonWithASibling,50,0_0_0,0.0,0.0,0.0,0.6435643564356436,0.0,,,,,
0,Family,0.5,35,PersonWithASibling,50,0_0_0,0.0,0.0,0.0,0.6435643564356436,0.0,,,,,
0,Family,0.5,36,PersonWithASibling,50,0_0_0,0.0,0.0,0.0,0.6435643564356436,0.0,,,,,
0,Family,0.5,37,PersonWithASibling,50,0_0_0,0.0,0.0,0.0,0.6435643564356436,0.0,,,,,
0,Family,0.5,38,PersonWithASibling,50,0_0_0,0.0,0.0,0.0,0.6435643564356436,0.0,,,,,
0,Family,0.5,39,PersonWithASibling,50,0_0_0,0.0,0.0,0.0,0.6435643564356436,0.0,,,,,
0,Family,0.5,40,PersonWithASibling,50,0_0_0,0.0,0.0,0.0,0.6435643564356436,0.0,,,,,
0,Family,0.5,41,PersonWithASibling,50,0_0_0,0.0,0.0,0.0,0.6435643564356436,0.0,,,,,
0,Family,0.5,42,PersonWithASibling,50,0_0_0,0.0,0.0,0.0,0.6435643564356436,0.0,,,,,
0,Family,0.5,43,PersonWithASibling,50,0_0_0,0.0,0.0,0.0,0.6435643564356436,0.0,,,,,
0,Family,0.5,44,PersonWithASibling,50,0_0_0,0.0,0.0,0.0,0.6435643564356436,0.0,,,,,
0,Family,0.5,45,PersonWithASibling,50,0_0_0,0.0,0.0,0.0,0.6435643564356436,0.0,,,,,
0,Family,0.5,46,PersonWithASibling,50,0_0_0,0.0,0.0,0.0,0.6435643564356436,0.0,,,,,
0,Family,0.5,47,PersonWithASibling,50,0_0_0,0.0,0.0,0.0,0.6435643564356436,0.0,,,,,
0,Family,0.5,48,PersonWithASibling,50,0_0_0,0.0,0.0,0.0,0.6435643564356436,0.0,,,,,
0,Family,0.5,49,PersonWithASibling,50,0_0_0,0.0,0.0,0.0,0.6435643564356436,0.0,,,,,
0,Family,0.6,1,PersonWithASibling,50,0_0_0,0.0,0.0,0.0,0.6435643564356436,0.0,,,,,
0,Family,0.6,2,PersonWithASibling,50,0_0_0,0.0,0.0,0.0,0.6435643564356436,0.0,,,,,
0,Family,0.6,3,PersonWithASibling,50,0_0_0,0.0,0.0,0.0,0.6435643564356436,0.0,,,,,
0,Family,0.6,4,PersonWithASibling,50,0_0_0,0.0,0.0,0.0,0.6435643564356436,0.0,,,,,
0,Family,0.6,5,PersonWithASibling,50,0_0_0,0.0,0.0,0.0,0.6435643564356436,0.0,,,,,
0,Family,0.6,6,PersonWithASibling,50,0_0_0,0.0,0.0,0.0,0.6435643564356436,0.0,,,,,
0,Family,0.6,7,PersonWithASibling,50,0_0_0,0.0,0.0,0.0,0.6435643564356436,0.0,,,,,
0,Family,0.6,8,PersonWithASibling,50,0_0_0,0.0,0.0,0.0,0.6435643564356436,0.0,,,,,
0,Family,0.6,9,PersonWithASibling,50,0_0_0,0.0,0.0,0.0,0.6435643564356436,0.0,,,,,
0,Family,0.6,10,PersonWithASibling,50,0_0_0,0.0,0.0,0.0,0.6435643564356436,0.0,,,,,
0,Family,0.6,11,PersonWithASibling,50,0_0_0,0.0,0.0,0.0,0.6435643564356436,0.0,,,,,
0,Family,0.6,12,PersonWithASibling,50,0_0_0,0.0,0.0,0.0,0.6435643564356436,0.0,,,,,
0,Family,0.6,13,PersonWithASibling,50,0_0_0,0.0,0.0,0.0,0.6435643564356436,0.0,,,,,
0,Family,0.6,14,PersonWithASibling,50,0_0_0,0.0,0.0,0.0,0.6435643564356436,0.0,,,,,
0,Family,0.6,15,PersonWithASibling,50,0_0_0,0.0,0.0,0.0,0.6435643564356436,0.0,,,,,
0,Family,0.6,16,PersonWithASibling,50,0_0_0,0.0,0.0,0.0,0.6435643564356436,0.0,,,,,
0,Family,0.6,17,PersonWithASibling,50,0_0_0,0.0,0.0,0.0,0.6435643564356436,0.0,,,,,
0,Family,0.6,18,PersonWithASibling,50,0_0_0,0.0,0.0,0.0,0.6435643564356436,0.0,,,,,
0,Family,0.6,19,PersonWithASibling,50,0_0_0,0.0,0.0,0.0,0.6435643564356436,0.0,,,,,
0,Family,0.6,20,PersonWithASibling,50,0_0_0,0.0,0.0,0.0,0.6435643564356436,0.0,,,,,
0,Family,0.6,21,PersonWithASibling,50,0_0_0,0.0,0.0,0.0,0.6435643564356436,0.0,,,,,
0,Family,0.6,22,PersonWithASibling,50,0_0_0,0.0,0.0,0.0,0.6435643564356436,0.0,,,,,
0,Family,0.6,23,PersonWithASibling,50,0_0_0,0.0,0.0,0.0,0.6435643564356436,0.0,,,,,
0,Family,0.6,24,PersonWithASibling,50,0_0_0,0.0,0.0,0.0,0.6435643564356436,0.0,,,,,
0,Family,0.6,25,PersonWithASibling,50,0_0_0,0.0,0.0,0.0,0.6435643564356436,0.0,,,,,
0,Family,0.6,26,PersonWithASibling,50,0_0_0,0.0,0.0,0.0,0.6435643564356436,0.0,,,,,
0,Family,0.6,27,PersonWithASibling,50,0_0_0,0.0,0.0,0.0,0.6435643564356436,0.0,,,,,
0,Family,0.6,28,PersonWithASibling,50,0_0_0,0.0,0.0,0.0,0.6435643564356436,0.0,,,,,
0,Family,0.6,29,PersonWithASibling,50,0_0_0,0.0,0.0,0.0,0.6435643564356436,0.0,,,,,
0,Family,0.6,30,PersonWithASibling,50,0_0_0,0.0,0.0,0.0,0.6435643564356436,0.0,,,,,
0,Family,0.6,31,PersonWithASibling,50,0_0_0,0.0,0.0,0.0,0.6435643564356436,0.0,,,,,
0,Family,0.6,32,PersonWithASibling,50,0_0_0,0.0,0.0,0.0,0.6435643564356436,0.0,,,,,
0,Family,0.6,33,PersonWithASibling,50,0_0_0,0.0,0.0,0.0,0.6435643564356436,0.0,,,,,
0,Family,0.6,34,PersonWithASibling,50,0_0_0,0.0,0.0,0.0,0.6435643564356436,0.0,,,,,
0,Family,0.6,35,PersonWithASibling,50,0_0_0,0.0,0.0,0.0,0.6435643564356436,0.0,,,,,
0,Family,0.6,36,PersonWithASibling,50,0_0_0,0.0,0.0,0.0,0.6435643564356436,0.0,,,,,
0,Family,0.6,37,PersonWithASibling,50,0_0_0,0.0,0.0,0.0,0.6435643564356436,0.0,,,,,
0,Family,0.6,38,PersonWithASibling,50,0_0_0,0.0,0.0,0.0,0.6435643564356436,0.0,,,,,
0,Family,0.6,39,PersonWithASibling,50,0_0_0,0.0,0.0,0.0,0.6435643564356436,0.0,,,,,
0,Family,0.6,40,PersonWithASibling,50,0_0_0,0.0,0.0,0.0,0.6435643564356436,0.0,,,,,
0,Family,0.6,41,PersonWithASibling,50,0_0_0,0.0,0.0,0.0,0.6435643564356436,0.0,,,,,
0,Family,0.6,42,PersonWithASibling,50,0_0_0,0.0,0.0,0.0,0.6435643564356436,0.0,,,,,
0,Family,0.6,43,PersonWithASibling,50,0_0_0,0.0,0.0,0.0,0.6435643564356436,0.0,,,,,
0,Family,0.6,44,PersonWithASibling,50,0_0_0,0.0,0.0,0.0,0.6435643564356436,0.0,,,,,
0,Family,0.6,45,PersonWithASibling,50,0_0_0,0.0,0.0,0.0,0.6435643564356436,0.0,,,,,
0,Family,0.6,46,PersonWithASibling,50,0_0_0,0.0,0.0,0.0,0.6435643564356436,0.0,,,,,
0,Family,0.6,47,PersonWithASibling,50,0_0_0,0.0,0.0,0.0,0.6435643564356436,0.0,,,,,
0,Family,0.6,48,PersonWithASibling,50,0_0_0,0.0,0.0,0.0,0.6435643564356436,0.0,,,,,
0,Family,0.6,49,PersonWithASibling,50,0_0_0,0.0,0.0,0.0,0.6435643564356436,0.0,,,,,
0,Family,0.7,1,PersonWithASibling,50,0_0_0,0.0,0.0,0.0,0.6435643564356436,0.0,,,,,
0,Family,0.7,2,PersonWithASibling,50,0_0_0,0.0,0.0,0.0,0.6435643564356436,0.0,,,,,
0,Family,0.7,3,PersonWithASibling,50,0_0_0,0.0,0.0,0.0,0.6435643564356436,0.0,,,,,
0,Family,0.7,4,PersonWithASibling,50,0_0_0,0.0,0.0,0.0,0.6435643564356436,0.0,,,,,
0,Family,0.7,5,PersonWithASibling,50,0_0_0,0.0,0.0,0.0,0.6435643564356436,0.0,,,,,
0,Family,0.7,6,PersonWithASibling,50,0_0_0,0.0,0.0,0.0,0.6435643564356436,0.0,,,,,
0,Family,0.7,7,PersonWithASibling,50,0_0_0,0.0,0.0,0.0,0.6435643564356436,0.0,,,,,
0,Family,0.7,8,PersonWithASibling,50,0_0_0,0.0,0.0,0.0,0.6435643564356436,0.0,,,,,
0,Family,0.7,9,PersonWithASibling,50,0_0_0,0.0,0.0,0.0,0.6435643564356436,0.0,,,,,
0,Family,0.7,10,PersonWithASibling,50,0_0_0,0.0,0.0,0.0,0.6435643564356436,0.0,,,,,
0,Family,0.7,11,PersonWithASibling,50,0_0_0,0.0,0.0,0.0,0.6435643564356436,0.0,,,,,
0,Family,0.7,12,PersonWithASibling,50,0_0_0,0.0,0.0,0.0,0.6435643564356436,0.0,,,,,
0,Family,0.7,13,PersonWithASibling,50,0_0_0,0.0,0.0,0.0,0.6435643564356436,0.0,,,,,
0,Family,0.7,14,PersonWithASibling,50,0_0_0,0.0,0.0,0.0,0.6435643564356436,0.0,,,,,
0,Family,0.7,15,PersonWithASibling,50,0_0_0,0.0,0.0,0.0,0.6435643564356436,0.0,,,,,
0,Family,0.7,16,PersonWithASibling,50,0_0_0,0.0,0.0,0.0,0.6435643564356436,0.0,,,,,
0,Family,0.7,17,PersonWithASibling,50,0_0_0,0.0,0.0,0.0,0.6435643564356436,0.0,,,,,
0,Family,0.7,18,PersonWithASibling,50,0_0_0,0.0,0.0,0.0,0.6435643564356436,0.0,,,,,
0,Family,0.7,19,PersonWithASibling,50,0_0_0,0.0,0.0,0.0,0.6435643564356436,0.0,,,,,
0,Family,0.7,20,PersonWithASibling,50,0_0_0,0.0,0.0,0.0,0.6435643564356436,0.0,,,,,
0,Family,0.7,21,PersonWithASibling,50,0_0_0,0.0,0.0,0.0,0.6435643564356436,0.0,,,,,
0,Family,0.7,22,PersonWithASibling,50,0_0_0,0.0,0.0,0.0,0.6435643564356436,0.0,,,,,
0,Family,0.7,23,PersonWithASibling,50,0_0_0,0.0,0.0,0.0,0.6435643564356436,0.0,,,,,
0,Family,0.7,24,PersonWithASibling,50,0_0_0,0.0,0.0,0.0,0.6435643564356436,0.0,,,,,
0,Family,0.7,25,PersonWithASibling,50,0_0_0,0.0,0.0,0.0,0.6435643564356436,0.0,,,,,
0,Family,0.7,26,PersonWithASibling,50,0_0_0,0.0,0.0,0.0,0.6435643564356436,0.0,,,,,
0,Family,0.7,27,PersonWithASibling,50,0_0_0,0.0,0.0,0.0,0.6435643564356436,0.0,,,,,
0,Family,0.7,28,PersonWithASibling,50,0_0_0,0.0,0.0,0.0,0.6435643564356436,0.0,,,,,
0,Family,0.7,29,PersonWithASibling,50,0_0_0,0.0,0.0,0.0,0.6435643564356436,0.0,,,,,
0,Family,0.7,30,PersonWithASibling,50,0_0_0,0.0,0.0,0.0,0.6435643564356436,0.0,,,,,
0,Family,0.7,31,PersonWithASibling,50,0_0_0,0.0,0.0,0.0,0.6435643564356436,0.0,,,,,
0,Family,0.7,32,PersonWithASibling,50,0_0_0,0.0,0.0,0.0,0.6435643564356436,0.0,,,,,
0,Family,0.7,33,PersonWithASibling,50,0_0_0,0.0,0.0,0.0,0.6435643564356436,0.0,,,,,
0,Family,0.7,34,PersonWithASibling,50,0_0_0,0.0,0.0,0.0,0.6435643564356436,0.0,,,,,
0,Family,0.7,35,PersonWithASibling,50,0_0_0,0.0,0.0,0.0,0.6435643564356436,0.0,,,,,
0,Family,0.7,36,PersonWithASibling,50,0_0_0,0.0,0.0,0.0,0.6435643564356436,0.0,,,,,
0,Family,0.7,37,PersonWithASibling,50,0_0_0,0.0,0.0,0.0,0.6435643564356436,0.0,,,,,
0,Family,0.7,38,PersonWithASibling,50,0_0_0,0.0,0.0,0.0,0.6435643564356436,0.0,,,,,
0,Family,0.7,39,PersonWithASibling,50,0_0_0,0.0,0.0,0.0,0.6435643564356436,0.0,,,,,
0,Family,0.7,40,PersonWithASibling,50,0_0_0,0.0,0.0,0.0,0.6435643564356436,0.0,,,,,
0,Family,0.7,41,PersonWithASibling,50,0_0_0,0.0,0.0,0.0,0.6435643564356436,0.0,,,,,
0,Family,0.7,42,PersonWithASibling,50,0_0_0,0.0,0.0,0.0,0.6435643564356436,0.0,,,,,
0,Family,0.7,43,PersonWithASibling,50,0_0_0,0.0,0.0,0.0,0.6435643564356436,0.0,,,,,
0,Family,0.7,44,PersonWithASibling,50,0_0_0,0.0,0.0,0.0,0.6435643564356436,0.0,,,,,
0,Family,0.7,45,PersonWithASibling,50,0_0_0,0.0,0.0,0.0,0.6435643564356436,0.0,,,,,
0,Family,0.7,46,PersonWithASibling,50,0_0_0,0.0,0.0,0.0,0.6435643564356436,0.0,,,,,
0,Family,0.7,47,PersonWithASibling,50,0_0_0,0.0,0.0,0.0,0.6435643564356436,0.0,,,,,
0,Family,0.7,48,PersonWithASibling,50,0_0_0,0.0,0.0,0.0,0.6435643564356436,0.0,,,,,
0,Family,0.7,49,PersonWithASibling,50,0_0_0,0.0,0.0,0.0,0.6435643564356436,0.0,,,,,
0,Family,0.8,1,PersonWithASibling,50,0_0_0,0.0,0.0,0.0,0.6435643564356436,0.0,,,,,
0,Family,0.8,2,PersonWithASibling,50,0_0_0,0.0,0.0,0.0,0.6435643564356436,0.0,,,,,
0,Family,0.8,3,PersonWithASibling,50,0_0_0,0.0,0.0,0.0,0.6435643564356436,0.0,,,,,
0,Family,0.8,4,PersonWithASibling,50,0_0_0,0.0,0.0,0.0,0.6435643564356436,0.0,,,,,
0,Family,0.8,5,PersonWithASibling,50,0_0_0,0.0,0.0,0.0,0.6435643564356436,0.0,,,,,
0,Family,0.8,6,PersonWithASibling,50,0_0_0,0.0,0.0,0.0,0.6435643564356436,0.0,,,,,
0,Family,0.8,7,PersonWithASibling,50,0_0_0,0.0,0.0,0.0,0.6435643564356436,0.0,,,,,
0,Family,0.8,8,PersonWithASibling,50,0_0_0,0.0,0.0,0.0,0.6435643564356436,0.0,,,,,
0,Family,0.8,9,PersonWithASibling,50,0_0_0,0.0,0.0,0.0,0.6435643564356436,0.0,,,,,
0,Family,0.8,10,PersonWithASibling,50,0_0_0,0.0,0.0,0.0,0.6435643564356436,0.0,,,,,
0,Family,0.8,11,PersonWithASibling,50,0_0_0,0.0,0.0,0.0,0.6435643564356436,0.0,,,,,
0,Family,0.8,12,PersonWithASibling,50,0_0_0,0.0,0.0,0.0,0.6435643564356436,0.0,,,,,
0,Family,0.8,13,PersonWithASibling,50,0_0_0,0.0,0.0,0.0,0.6435643564356436,0.0,,,,,
0,Family,0.8,14,PersonWithASibling,50,0_0_0,0.0,0.0,0.0,0.6435643564356436,0.0,,,,,
0,Family,0.8,15,PersonWithASibling,50,0_0_0,0.0,0.0,0.0,0.6435643564356436,0.0,,,,,
0,Family,0.8,16,PersonWithASibling,50,0_0_0,0.0,0.0,0.0,0.6435643564356436,0.0,,,,,
0,Family,0.8,17,PersonWithASibling,50,0_0_0,0.0,0.0,0.0,0.6435643564356436,0.0,,,,,
0,Family,0.8,18,PersonWithASibling,50,0_0_0,0.0,0.0,0.0,0.6435643564356436,0.0,,,,,
0,Family,0.8,19,PersonWithASibling,50,0_0_0,0.0,0.0,0.0,0.6435643564356436,0.0,,,,,
0,Family,0.8,20,PersonWithASibling,50,0_0_0,0.0,0.0,0.0,0.6435643564356436,0.0,,,,,
0,Family,0.8,21,PersonWithASibling,50,0_0_0,0.0,0.0,0.0,0.6435643564356436,0.0,,,,,
0,Family,0.8,22,PersonWithASibling,50,0_0_0,0.0,0.0,0.0,0.6435643564356436,0.0,,,,,
0,Family,0.8,23,PersonWithASibling,50,0_0_0,0.0,0.0,0.0,0.6435643564356436,0.0,,,,,
0,Family,0.8,24,PersonWithASibling,50,0_0_0,0.0,0.0,0.0,0.6435643564356436,0.0,,,,,
0,Family,0.8,25,PersonWithASibling,50,0_0_0,0.0,0.0,0.0,0.6435643564356436,0.0,,,,,
0,Family,0.8,26,PersonWithASibling,50,0_0_0,0.0,0.0,0.0,0.6435643564356436,0.0,,,,,
0,Family,0.8,27,PersonWithASibling,50,0_0_0,0.0,0.0,0.0,0.6435643564356436,0.0,,,,,
0,Family,0.8,28,PersonWithASibling,50,0_0_0,0.0,0.0,0.0,0.6435643564356436,0.0,,,,,
0,Family,0.8,29,PersonWithASibling,50,0_0_0,0.0,0.0,0.0,0.6435643564356436,0.0,,,,,
0,Family,0.8,30,PersonWithASibling,50,0_0_0,0.0,0.0,0.0,0.6435643564356436,0.0,,,,,
0,Family,0.8,31,PersonWithASibling,50,0_0_0,0.0,0.0,0.0,0.6435643564356436,0.0,,,,,
0,Family,0.8,32,PersonWithASibling,50,0_0_0,0.0,0.0,0.0,0.6435643564356436,0.0,,,,,
0,Family,0.8,33,PersonWithASibling,50,0_0_0,0.0,0.0,0.0,0.6435643564356436,0.0,,,,,
0,Family,0.8,34,PersonWithASibling,50,0_0_0,0.0,0.0,0.0,0.6435643564356436,0.0,,,,,
0,Family,0.8,35,PersonWithASibling,50,0_0_0,0.0,0.0,0.0,0.6435643564356436,0.0,,,,,
0,Family,0.8,36,PersonWithASibling,50,0_0_0,0.0,0.0,0.0,0.6435643564356436,0.0,,,,,
0,Family,0.8,37,PersonWithASibling,50,0_0_0,0.0,0.0,0.0,0.6435643564356436,0.0,,,,,
0,Family,0.8,38,PersonWithASibling,50,0_0_0,0.0,0.0,0.0,0.6435643564356436,0.0,,,,,
0,Family,0.8,39,PersonWithASibling,50,0_0_0,0.0,0.0,0.0,0.6435643564356436,0.0,,,,,
0,Family,0.8,40,PersonWithASibling,50,0_0_0,0.0,0.0,0.0,0.6435643564356436,0.0,,,,,
0,Family,0.8,41,PersonWithASibling,50,0_0_0,0.0,0.0,0.0,0.6435643564356436,0.0,,,,,
0,Family,0.8,42,PersonWithASibling,50,0_0_0,0.0,0.0,0.0,0.6435643564356436,0.0,,,,,
0,Family,0.8,43,PersonWithASibling,50,0_0_0,0.0,0.0,0.0,0.6435643564356436,0.0,,,,,
0,Family,0.8,44,PersonWithASibling,50,0_0_0,0.0,0.0,0.0,0.6435643564356436,0.0,,,,,
0,Family,0.8,45,PersonWithASibling,50,0_0_0,0.0,0.0,0.0,0.6435643564356436,0.0,,,,,
0,Family,0.8,46,PersonWithASibling,50,0_0_0,0.0,0.0,0.0,0.6435643564356436,0.0,,,,,
0,Family,0.8,47,PersonWithASibling,50,0_0_0,0.0,0.0,0.0,0.6435643564356436,0.0,,,,,
0,Family,0.8,48,PersonWithASibling,50,0_0_0,0.0,0.0,0.0,0.6435643564356436,0.0,,,,,
0,Family,0.8,49,PersonWithASibling,50,0_0_0,0.0,0.0,0.0,0.6435643564356436,0.0,,,,,
0,Family,0.9,1,PersonWithASibling,50,0_0_0,0.0,0.0,0.0,0.6435643564356436,0.0,,,,,
0,Family,0.9,2,PersonWithASibling,50,0_0_0,0.0,0.0,0.0,0.6435643564356436,0.0,,,,,
0,Family,0.9,3,PersonWithASibling,50,0_0_0,0.0,0.0,0.0,0.6435643564356436,0.0,,,,,
0,Family,0.9,4,PersonWithASibling,50,0_0_0,0.0,0.0,0.0,0.6435643564356436,0.0,,,,,
0,Family,0.9,5,PersonWithASibling,50,0_0_0,0.0,0.0,0.0,0.6435643564356436,0.0,,,,,
0,Family,0.9,6,PersonWithASibling,50,0_0_0,0.0,0.0,0.0,0.6435643564356436,0.0,,,,,
0,Family,0.9,7,PersonWithASibling,50,0_0_0,0.0,0.0,0.0,0.6435643564356436,0.0,,,,,
0,Family,0.9,8,PersonWithASibling,50,0_0_0,0.0,0.0,0.0,0.6435643564356436,0.0,,,,,
0,Family,0.9,9,PersonWithASibling,50,0_0_0,0.0,0.0,0.0,0.6435643564356436,0.0,,,,,
0,Family,0.9,10,PersonWithASibling,50,0_0_0,0.0,0.0,0.0,0.6435643564356436,0.0,,,,,
0,Family,0.9,11,PersonWithASibling,50,0_0_0,0.0,0.0,0.0,0.6435643564356436,0.0,,,,,
0,Family,0.9,12,PersonWithASibling,50,0_0_0,0.0,0.0,0.0,0.6435643564356436,0.0,,,,,
0,Family,0.9,13,PersonWithASibling,50,0_0_0,0.0,0.0,0.0,0.6435643564356436,0.0,,,,,
0,Family,0.9,14,PersonWithASibling,50,0_0_0,0.0,0.0,0.0,0.6435643564356436,0.0,,,,,
0,Family,0.9,15,PersonWithASibling,50,0_0_0,0.0,0.0,0.0,0.6435643564356436,0.0,,,,,
0,Family,0.9,16,PersonWithASibling,50,0_0_0,0.0,0.0,0.0,0.6435643564356436,0.0,,,,,
0,Family,0.9,17,PersonWithASibling,50,0_0_0,0.0,0.0,0.0,0.6435643564356436,0.0,,,,,
0,Family,0.9,18,PersonWithASibling,50,0_0_0,0.0,0.0,0.0,0.6435643564356436,0.0,,,,,
0,Family,0.9,19,PersonWithASibling,50,0_0_0,0.0,0.0,0.0,0.6435643564356436,0.0,,,,,
0,Family,0.9,20,PersonWithASibling,50,0_0_0,0.0,0.0,0.0,0.6435643564356436,0.0,,,,,
0,Family,0.9,21,PersonWithASibling,50,0_0_0,0.0,0.0,0.0,0.6435643564356436,0.0,,,,,
0,Family,0.9,22,PersonWithASibling,50,0_0_0,0.0,0.0,0.0,0.6435643564356436,0.0,,,,,
0,Family,0.9,23,PersonWithASibling,50,0_0_0,0.0,0.0,0.0,0.6435643564356436,0.0,,,,,
0,Family,0.9,24,PersonWithASibling,50,0_0_0,0.0,0.0,0.0,0.6435643564356436,0.0,,,,,
0,Family,0.9,25,PersonWithASibling,50,0_0_0,0.0,0.0,0.0,0.6435643564356436,0.0,,,,,
0,Family,0.9,26,PersonWithASibling,50,0_0_0,0.0,0.0,0.0,0.6435643564356436,0.0,,,,,
0,Family,0.9,27,PersonWithASibling,50,0_0_0,0.0,0.0,0.0,0.6435643564356436,0.0,,,,,
0,Family,0.9,28,PersonWithASibling,50,0_0_0,0.0,0.0,0.0,0.6435643564356436,0.0,,,,,
0,Family,0.9,29,PersonWithASibling,50,0_0_0,0.0,0.0,0.0,0.6435643564356436,0.0,,,,,
0,Family,0.9,30,PersonWithASibling,50,0_0_0,0.0,0.0,0.0,0.6435643564356436,0.0,,,,,
0,Family,0.9,31,PersonWithASibling,50,0_0_0,0.0,0.0,0.0,0.6435643564356436,0.0,,,,,
0,Family,0.9,32,PersonWithASibling,50,0_0_0,0.0,0.0,0.0,0.6435643564356436,0.0,,,,,
0,Family,0.9,33,PersonWithASibling,50,0_0_0,0.0,0.0,0.0,0.6435643564356436,0.0,,,,,
0,Family,0.9,34,PersonWithASibling,50,0_0_0,0.0,0.0,0.0,0.6435643564356436,0.0,,,,,
0,Family,0.9,35,PersonWithASibling,50,0_0_0,0.0,0.0,0.0,0.6435643564356436,0.0,,,,,
0,Family,0.9,36,PersonWithASibling,50,0_0_0,0.0,0.0,0.0,0.6435643564356436,0.0,,,,,
0,Family,0.9,37,PersonWithASibling,50,0_0_0,0.0,0.0,0.0,0.6435643564356436,0.0,,,,,
0,Family,0.9,38,PersonWithASibling,50,0_0_0,0.0,0.0,0.0,0.6435643564356436,0.0,,,,,
0,Family,0.9,39,PersonWithASibling,50,0_0_0,0.0,0.0,0.0,0.6435643564356436,0.0,,,,,
0,Family,0.9,40,PersonWithASibling,50,0_0_0,0.0,0.0,0.0,0.6435643564356436,0.0,,,,,
0,Family,0.9,41,PersonWithASibling,50,0_0_0,0.0,0.0,0.0,0.6435643564356436,0.0,,,,,
0,Family,0.9,42,PersonWithASibling,50,0_0_0,0.0,0.0,0.0,0.6435643564356436,0.0,,,,,
0,Family,0.9,43,PersonWithASibling,50,0_0_0,0.0,0.0,0.0,0.6435643564356436,0.0,,,,,
0,Family,0.9,44,PersonWithASibling,50,0_0_0,0.0,0.0,0.0,0.6435643564356436,0.0,,,,,
0,Family,0.9,45,PersonWithASibling,50,0_0_0,0.0,0.0,0.0,0.6435643564356436,0.0,,,,,
0,Family,0.9,46,PersonWithASibling,50,0_0_0,0.0,0.0,0.0,0.6435643564356436,0.0,,,,,
0,Family,0.9,47,PersonWithASibling,50,0_0_0,0.0,0.0,0.0,0.6435643564356436,0.0,,,,,
0,Family,0.9,48,PersonWithASibling,50,0_0_0,0.0,0.0,0.0,0.6435643564356436,0.0,,,,,
0,Family,0.9,49,PersonWithASibling,50,0_0_0,0.0,0.0,0.0,0.6435643564356436,0.0,,,,,
0,Family,1.0,1,PersonWithASibling,50,0_0_0,0.0,0.0,0.0,0.6435643564356436,0.0,,,,,
0,Family,1.0,2,PersonWithASibling,50,0_0_0,0.0,0.0,0.0,0.6435643564356436,0.0,,,,,
0,Family,1.0,3,PersonWithASibling,50,0_0_0,0.0,0.0,0.0,0.6435643564356436,0.0,,,,,
0,Family,1.0,4,PersonWithASibling,50,0_0_0,0.0,0.0,0.0,0.6435643564356436,0.0,,,,,
0,Family,1.0,5,PersonWithASibling,50,0_0_0,0.0,0.0,0.0,0.6435643564356436,0.0,,,,,
0,Family,1.0,6,PersonWithASibling,50,0_0_0,0.0,0.0,0.0,0.6435643564356436,0.0,,,,,
0,Family,1.0,7,PersonWithASibling,50,0_0_0,0.0,0.0,0.0,0.6435643564356436,0.0,,,,,
0,Family,1.0,8,PersonWithASibling,50,0_0_0,0.0,0.0,0.0,0.6435643564356436,0.0,,,,,
0,Family,1.0,9,PersonWithASibling,50,0_0_0,0.0,0.0,0.0,0.6435643564356436,0.0,,,,,
0,Family,1.0,10,PersonWithASibling,50,0_0_0,0.0,0.0,0.0,0.6435643564356436,0.0,,,,,
0,Family,1.0,11,PersonWithASibling,50,0_0_0,0.0,0.0,0.0,0.6435643564356436,0.0,,,,,
0,Family,1.0,12,PersonWithASibling,50,0_0_0,0.0,0.0,0.0,0.6435643564356436,0.0,,,,,
0,Family,1.0,13,PersonWithASibling,50,0_0_0,0.0,0.0,0.0,0.6435643564356436,0.0,,,,,
0,Family,1.0,14,PersonWithASibling,50,0_0_0,0.0,0.0,0.0,0.6435643564356436,0.0,,,,,
0,Family,1.0,15,PersonWithASibling,50,0_0_0,0.0,0.0,0.0,0.6435643564356436,0.0,,,,,
0,Family,1.0,16,PersonWithASibling,50,0_0_0,0.0,0.0,0.0,0.6435643564356436,0.0,,,,,
0,Family,1.0,17,PersonWithASibling,50,0_0_0,0.0,0.0,0.0,0.6435643564356436,0.0,,,,,
0,Family,1.0,18,PersonWithASibling,50,0_0_0,0.0,0.0,0.0,0.6435643564356436,0.0,,,,,
0,Family,1.0,19,PersonWithASibling,50,0_0_0,0.0,0.0,0.0,0.6435643564356436,0.0,,,,,
0,Family,1.0,20,PersonWithASibling,50,0_0_0,0.0,0.0,0.0,0.6435643564356436,0.0,,,,,
0,Family,1.0,21,PersonWithASibling,50,0_0_0,0.0,0.0,0.0,0.6435643564356436,0.0,,,,,
0,Family,1.0,22,PersonWithASibling,50,0_0_0,0.0,0.0,0.0,0.6435643564356436,0.0,,,,,
0,Family,1.0,23,PersonWithASibling,50,0_0_0,0.0,0.0,0.0,0.6435643564356436,0.0,,,,,
0,Family,1.0,24,PersonWithASibling,50,0_0_0,0.0,0.0,0.0,0.6435643564356436,0.0,,,,,
0,Family,1.0,25,PersonWithASibling,50,0_0_0,0.0,0.0,0.0,0.6435643564356436,0.0,,,,,
0,Family,1.0,26,PersonWithASibling,50,0_0_0,0.0,0.0,0.0,0.6435643564356436,0.0,,,,,
0,Family,1.0,27,PersonWithASibling,50,0_0_0,0.0,0.0,0.0,0.6435643564356436,0.0,,,,,
0,Family,1.0,28,PersonWithASibling,50,0_0_0,0.0,0.0,0.0,0.6435643564356436,0.0,,,,,
0,Family,1.0,29,PersonWithASibling,50,0_0_0,0.0,0.0,0.0,0.6435643564356436,0.0,,,,,
0,Family,1.0,30,PersonWithASibling,50,0_0_0,0.0,0.0,0.0,0.6435643564356436,0.0,,,,,
0,Family,1.0,31,PersonWithASibling,50,0_0_0,0.0,0.0,0.0,0.6435643564356436,0.0,,,,,
0,Family,1.0,32,PersonWithASibling,50,0_0_0,0.0,0.0,0.0,0.6435643564356436,0.0,,,,,
0,Family,1.0,33,PersonWithASibling,50,0_0_0,0.0,0.0,0.0,0.6435643564356436,0.0,,,,,
0,Family,1.0,34,PersonWithASibling,50,0_0_0,0.0,0.0,0.0,0.6435643564356436,0.0,,,,,
0,Family,1.0,35,PersonWithASibling,50,0_0_0,0.0,0.0,0.0,0.6435643564356436,0.0,,,,,
0,Family,1.0,36,PersonWithASibling,50,0_0_0,0.0,0.0,0.0,0.6435643564356436,0.0,,,,,
0,Family,1.0,37,PersonWithASibling,50,0_0_0,0.0,0.0,0.0,0.6435643564356436,0.0,,,,,
0,Family,1.0,38,PersonWithASibling,50,0_0_0,0.0,0.0,0.0,0.6435643564356436,0.0,,,,,
0,Family,1.0,39,PersonWithASibling,50,0_0_0,0.0,0.0,0.0,0.6435643564356436,0.0,,,,,
0,Family,1.0,40,PersonWithASibling,50,0_0_0,0.0,0.0,0.0,0.6435643564356436,0.0,,,,,
0,Family,1.0,41,PersonWithASibling,50,0_0_0,0.0,0.0,0.0,0.6435643564356436,0.0,,,,,
0,Family,1.0,42,PersonWithASibling,50,0_0_0,0.0,0.0,0.0,0.6435643564356436,0.0,,,,,
0,Family,1.0,43,PersonWithASibling,50,0_0_0,0.0,0.0,0.0,0.6435643564356436,0.0,,,,,
0,Family,1.0,44,PersonWithASibling,50,0_0_0,0.0,0.0,0.0,0.6435643564356436,0.0,,,,,
0,Family,1.0,45,PersonWithASibling,50,0_0_0,0.0,0.0,0.0,0.6435643564356436,0.0,,,,,
0,Family,1.0,46,PersonWithASibling,50,0_0_0,0.0,0.0,0.0,0.6435643564356436,0.0,,,,,
0,Family,1.0,47,PersonWithASibling,50,0_0_0,0.0,0.0,0.0,0.6435643564356436,0.0,,,,,
0,Family,1.0,48,PersonWithASibling,50,0_0_0,0.0,0.0,0.0,0.6435643564356436,0.0,,,,,
0,Family,1.0,49,PersonWithASibling,50,0_0_0,0.0,0.0,0.0,0.6435643564356436,0.0,,,,,
